# file	id	source_text	translation
# id can be 0x... from tbl_candidates.tsv, or * to replace every matching UTF-16LE string in that file.
tbl0.pak	*	AzureRenegade	苍蓝叛逆者
tbl0.pak	*	BurningRenegade	燃烧叛逆者
tbl1.pak	*	Azure Renegade	苍蓝叛逆者
tbl1.pak	*	Burning Renegade	燃烧叛逆者
tbl1.pak	*	Shadow Sovereign Fan	暗影暴君扇
tbl1.pak	*	Shadow Sovereign Stick	暗影暴君棒
tbl1.pak	*	Shadow Sovereign Wand	暗影暴君短棍
tbl1.pak	*	Shadow Sovereign Trumpet	暗影暴君号
tbl1.pak	*	Shadow Sovereign Club	暗影暴君棍
tbl1.pak	*	Shadow Sovereign Sword	暗影暴君剑
tbl1.pak	*	Shadow Sovereign Scroll	暗影暴君卷轴
tbl1.pak	*	Shadow Sovereign Axe	暗影暴君斧
tbl1.pak	*	Shadow Sovereign Claws	暗影暴君爪
tbl1.pak	*	Shadow Sovereign Drums	暗影暴君鼓
tbl1.pak	*	Shadow Sovereign Mask	暗影暴君面具
tbl1.pak	*	Shadow Sovereign Gems	暗影暴君宝石
tbl1.pak	*	Shadow Sovereign Armor	暗影暴君盔甲
tbl1.pak	*	Shadow Sovereign Pants	暗影暴君裤子
tbl1.pak	*	Shadow Sovereign Shoes	暗影暴君鞋子
tbl1.pak	*	Shadow Sovereign Staff	暗影暴君杖
tbl1.pak	*	Shadow Mech Dragon Ring X Type A	暗影机械暴龙戒指X型A
tbl1.pak	*	Shadow Mech Dragon Ring X Type B	暗影机械暴龙戒指X型B
tbl1.pak	*	Shadow Mech Dragon Necklace X	暗影机械暴龙项链X
tbl1.pak	*	Shadow Mech Dragon Earring X Type A	暗影机械暴龙耳环X型A
tbl1.pak	*	Shadow Mech Dragon Earring X Type B	暗影机械暴龙耳环X型B
tbl1.pak	*	(Energy)Shadow Sovereign Gloves	暗影暴君气功手套
tbl1.pak	*	(Physical)Shadow Sovereign Gloves	暗影暴君物理手套
tbl1.pak	*	Bardock's Fan	巴达克的粉丝
# TAIWAN_OVERLAP_DISABLED_20260608	same_source_translation_in_taiwan_rdf	refs=table_text_all_data.rdf:5:44982101:0
tbl1.pak	*	Krillin	克林
tbl1.pak	*	Bright Red Dragon	奥西里斯之天空龙
tbl1.pak	*	Shiny Blue Dragon	欧贝利斯克之巨神兵
tbl1.pak	*	Legendary Super Saiyan (Super)	传说超级赛亚人(超)
tbl1.pak	*	Golden Oozaru	黄金巨猿
tbl1.pak	*	Tournament Bacterian	武道会细菌队长
tbl1.pak	*	Tournament Giran	武道会基兰
tbl1.pak	*	Tournament Chaos	武道会饺子
tbl1.pak	*	Tournament King Chappa	武道会查帕王
tbl1.pak	*	Tournament Tien	武道会天津饭
tbl1.pak	*	Tournament Yamcha	武道会雅木茶
tbl1.pak	*	Tournament Goku	武道会孙悟空
tbl1.pak	*	Goku(Super)	孙悟空(超)
tbl1.pak	*	Vegeta(Super)	贝吉塔(超)
tbl1.pak	*	Increase Physical Defense Penetration %d%%	增加物理防御穿透%d%%
tbl1.pak	*	Increase Energy Defense Penetration %d%%	增加气功防御穿透%d%%
tbl1.pak	*	Increase Defense Penetration %d%%	增加防御穿透%d%%
# TAIWAN_OVERLAP_DISABLED_20260608	translation_in_taiwan_item_tables	refs=table_text_all_data.rdf:3:29830050:0
tbl1.pak	*	Sun Steel	太阳钢
tbl1.pak	0x017146F3	Shadow Mech Dragon X	暗影机械暴龙X
tbl1.pak	0x01713D0F	Ozaru Broly	巨猿布罗利
# TAIWAN_OVERLAP_DISABLED_20260608	same_source_translation_in_taiwan_rdf	refs=table_text_all_data.rdf:6:1211301:0
# tbl1.pak	*	Fajita	肥吉塔
# DISABLED_DUPLICATE_AFTER_SOURCE_REFRESH	tbl1.pak	0x0172CD3A	Goku's Fan	孙悟空的粉丝
tbl1.pak	*	Raditz	拉蒂兹
tbl1.pak	*	Vegeta	贝吉塔
tbl1.pak	*	Ozaru Vegeta	巨猿贝吉塔
tbl1.pak	*	Ozaru Raditz	巨猿拉蒂兹
tbl1.pak	*	Ozaru Nappa	巨猿纳帕

# Class-tag candidate translations
tbl0.pak	0x013B8579	(Martial) Potion Super Saiyan 1	(武道家)超级赛亚人1药水
tbl0.pak	0x013B86F5	(Martial) Potion Super Saiyan 2	(武道家)超级赛亚人2药水
tbl0.pak	0x013B8871	(Martial) Potion Super Saiyan 3	(武道家)超级赛亚人3药水
tbl0.pak	0x013B9159	(Martial) Potion Super Saiyan 4	(武道家)超级赛亚人4药水
tbl0.pak	0x013BCB3D	(Martial) Capsule Super Saiyan 1	(武道家)超级赛亚人1胶囊
tbl0.pak	0x013BCCB9	(Martial) Capsule Super Saiyan 2	(武道家)超级赛亚人2胶囊
tbl0.pak	0x013BCE35	(Martial) Capsule Super Saiyan 3	(武道家)超级赛亚人3胶囊
tbl0.pak	0x013BD71D	(Martial) Capsule Super Saiyan 4	(武道家)超级赛亚人4胶囊
tbl1.pak	0x012EAD5B	Skill! Power Up (Martial Artist)	技能!力量提升(武道家)
tbl1.pak	0x012EAE13	Skill! Power Up (Spiritualist)	技能!力量提升(气功师)
tbl1.pak	0x012EAF71	Skill! Power Up (Dragon Clan)	技能!力量提升(那美克龙族)
tbl1.pak	0x012EB0D7	Skill! Power Up (Wonder Majin)	技能!力量提升(意魔人)
tbl1.pak	0x012EB18B	Skill! Guard (Martial Artist)	技能!防御(武道家)
tbl1.pak	0x012EB237	Skill! Guard (Spiritualist)	技能!防御(气功师)
tbl1.pak	0x012EB37D	Skill! Guard (Dragon Clan)	技能!防御(那美克龙族)
tbl1.pak	0x012EB4CB	Skill! Guard (Wonder Majin)	技能!防御(意魔人)
tbl1.pak	0x012EB573	Skill! Dash (Martial Artist)	技能!冲刺(武道家)
tbl1.pak	0x012EB61B	Skill! Dash (Spiritualist)	技能!冲刺(气功师)
tbl1.pak	0x012EB759	Skill! Dash (Dragon Clan)	技能!冲刺(那美克龙族)
tbl1.pak	0x012EB89F	Skill! Dash (Wonder Majin)	技能!冲刺(意魔人)
tbl1.pak	0x012EB943	Skill! Counter Attack (Martial Artist)	技能!反击(武道家)
tbl1.pak	0x012EBA13	Skill! Counter Attack (Spiritualist)	技能!反击(气功师)
tbl1.pak	0x012EBBA1	Skill! Counter Attack (Dragon Clan)	技能!反击(那美克龙族)
tbl1.pak	0x012EBD37	Acquired Counter Attack Skill! (Wonder Majin)	已习得反击技能!(意魔人)
tbl1.pak	0x014B55A9	(Martial)Rainbow Shenron Buff	(武道家)彩虹神龙增益
tbl1.pak	0x014B55E9	(Spiritualist)Rainbow Shenron Buff	(气功师)彩虹神龙增益
tbl1.pak	0x014B5633	(Namek Warrior)Rainbow Shenron Buff	(那美克战士)彩虹神龙增益
tbl1.pak	0x014B567F	(Dragon Clan)Rainbow Shenron Buff	(那美克龙族)彩虹神龙增益
tbl1.pak	0x014B56C7	(Might Majin)Rainbow Shenron Buff	(大魔人)彩虹神龙增益
tbl1.pak	0x014B570F	(Wonder Majin)Rainbow Shenron Buff	(意魔人)彩虹神龙增益
# DISABLED_DUPLICATE_AFTER_SOURCE_REFRESH	tbl1.pak	0x015E285F	Flight Skill (Martial Art)	飞行技能(武道家)
tbl1.pak	*	Flight Skill (Spiritualist)	飞行技能(气功师)
tbl1.pak	*	Flight Skill (Dragon Clan)	飞行技能(那美克龙族)
tbl1.pak	*	Flight Skill (Wonder Majin)	飞行技能(意魔人)
tbl1.pak	0x0162AAF7	Monkey Rock Throw (Martial)	大猿投石(武道家)
tbl1.pak	0x0162AC29	Tremor (Martial)	震地(武道家)
tbl1.pak	0x0162AC4F	Oozaru Beam (Martial)	大猿光束(武道家)
tbl1.pak	0x0162ACF5	Oozaru Roar (Martial)	大猿咆哮(武道家)
tbl1.pak	0x0162AD81	Monkey Rock Throw (Spiritualist)	大猿投石(气功师)
tbl1.pak	0x0162ADC7	Tremor (Spiritualist)	震地(气功师)
tbl1.pak	0x0162ADF7	Oozaru Roar (Spiritualist)	大猿咆哮(气功师)
tbl1.pak	0x0162AE31	Oozaru Beam (Spiritualist)	大猿光束(气功师)
tbl1.pak	0x016B5E19	(Martial)Moro Power Buff	(武道家)摩罗力量增益
tbl1.pak	0x016B5EB7	(Spiritualist)Moro Power Buff	(气功师)摩罗力量增益
tbl1.pak	0x016B5EF7	(Namek Warrior)Moro Power Buff	(那美克战士)摩罗力量增益
tbl1.pak	0x016B5F39	(Dragon Clan)Moro Power Buff	(那美克龙族)摩罗力量增益
tbl1.pak	0x016B5F77	(Might Majin)Moro Power Buff	(大魔人)摩罗力量增益
tbl1.pak	0x016B5FB5	(Wonder Majin)Moro Power Buff	(意魔人)摩罗力量增益
tbl1.pak	0x016B87CB	(Martial)Legendary Super Saiyan(Super)	(武道家)传说超级赛亚人(超)
tbl1.pak	0x016B884D	(Spiritualist)Legendary Super Saiyan(Super)	(气功师)传说超级赛亚人(超)
tbl1.pak	0x016B88DF	(Spiritualist)Imperator Namek	(那美克龙族)帝王那美克
tbl1.pak	0x016B891F	(Might Majin)Xeno Majin	(大魔人)异时空魔人
tbl1.pak	0x016B8953	(Wonder Majin)Xeno Majin	(意魔人)异时空魔人
tbl1.pak	0x016B8A79	(Martial) Potion Super Saiyan 1	(武道家)超级赛亚人1药水
tbl1.pak	0x016B8ABD	(Martial) Potion Super Saiyan 2	(武道家)超级赛亚人2药水
tbl1.pak	0x016B8B01	(Martial) Potion Super Saiyan 3	(武道家)超级赛亚人3药水
tbl1.pak	0x016B8B45	(Martial) Potion Super Saiyan GOD	(武道家)超级赛亚人之神药水
tbl1.pak	0x016B8B8D	(Martial) Potion Super Saiyan Blue	(武道家)超级赛亚人蓝色药水
tbl1.pak	0x016B8BD7	(Martial) Potion Super Saiyan Rose	(武道家)超级赛亚人桃红药水
# DISABLED_DUPLICATE_AFTER_SOURCE_REFRESH	tbl1.pak	0x016B8B75	(Martial) Potion Super Saiyan Legendary	(武道家)传说超级赛亚人药水
tbl1.pak	0x016B8CCB	(Martial) Potion Super Saiyan 4	(武道家)超级赛亚人4药水
tbl1.pak	*	(Spiritualist) Potion Super Saiyan 1	(气功师)超级赛亚人1药水
tbl1.pak	0x016B8DAB	(Spiritualist) Potion Super Saiyan 2	(气功师)超级赛亚人2药水
tbl1.pak	0x016B8DF9	(Spiritualist) Potion Super Saiyan 3	(气功师)超级赛亚人3药水
tbl1.pak	0x016B8E47	(Spiritualist) Potion Super Saiyan GOD	(气功师)超级赛亚人之神药水
tbl1.pak	0x016B8E99	(Spiritualist) Potion Super Saiyan BLUE	(气功师)超级赛亚人蓝色药水
tbl1.pak	0x016B8EED	(Spiritualist) Potion Super Saiyan Rose	(气功师)超级赛亚人桃红药水
# DISABLED_DUPLICATE_AFTER_SOURCE_REFRESH	tbl1.pak	0x016B8E95	(Spiritualist) Potion Super Saiyan Legendary	(气功师)传说超级赛亚人药水
tbl1.pak	0x016B8FFF	(Spiritualist) Potion Super Saiyan 4	(气功师)超级赛亚人4药水
tbl1.pak	0x016BE63D	(Martial) (7 days) Super Saiyan 1	(武道家)(7天)超级赛亚人1
tbl1.pak	0x016BE685	(Martial) (7 days) Super Saiyan 2	(武道家)(7天)超级赛亚人2
tbl1.pak	0x016BE6CD	(Martial) (7 days) Super Saiyan 3	(武道家)(7天)超级赛亚人3
tbl1.pak	0x016BE715	(Martial) (7 days) Super Saiyan GOD	(武道家)(7天)超级赛亚人之神
tbl1.pak	0x016BE761	(Martial) (7 days) Super Saiyan Blue	(武道家)(7天)超级赛亚人蓝色
tbl1.pak	0x016BE7AF	(Martial) (7 days) Super Saiyan Rose	(武道家)(7天)超级赛亚人桃红
# DISABLED_DUPLICATE_AFTER_SOURCE_REFRESH	tbl1.pak	0x016BE751	(Martial) (7 days) Super Saiyan Legendary	(武道家)(7天)传说超级赛亚人
tbl1.pak	0x016BE8AF	(Martial) (7 days) Super Saiyan 4	(武道家)(7天)超级赛亚人4
tbl1.pak	*	(Spiritualist) (7 days) Super Saiyan 1	(气功师)(7天)超级赛亚人1
tbl1.pak	0x016BE99B	(Spiritualist) (7 days) Super Saiyan 2	(气功师)(7天)超级赛亚人2
tbl1.pak	0x016BE9ED	(Spiritualist) (7 days) Super Saiyan 3	(气功师)(7天)超级赛亚人3
tbl1.pak	0x016BEA3F	(Spiritualist) (7 days) Super Saiyan GOD	(气功师)(7天)超级赛亚人之神
tbl1.pak	0x016BEA95	(Spiritualist) (7 days) Super Saiyan BLUE	(气功师)(7天)超级赛亚人蓝色
tbl1.pak	0x016BEAED	(Spiritualist) (7 days) Super Saiyan Rose	(气功师)(7天)超级赛亚人桃红
# DISABLED_DUPLICATE_AFTER_SOURCE_REFRESH	tbl1.pak	0x016BEA99	(Spiritualist) (7 days) Super Saiyan Legendary	(气功师)(7天)传说超级赛亚人
tbl1.pak	0x016BEBA5	4(Spiritualist) (7 days) Super Saiyan Legendary Super	(气功师)(7天)传说超级赛亚人(超)
tbl1.pak	0x016BEC15	(Spiritualist) (7 days) Super Saiyan 4	(气功师)(7天)超级赛亚人4
tbl0.pak	0x013BA1AD	(Warrior) Potion Great Namek	(那美克战士)巨大那美克药水
tbl0.pak	0x013BA329	(Warrior) Potion Kamiccolo	(那美克战士)卡米克洛药水
tbl0.pak	0x013BA4A5	(Warrior) Potion Dark Namek	(那美克战士)黑暗那美克药水
tbl0.pak	0x013BA621	(Warrior) Potion Great Orange	(那美克战士)巨大橙色药水
tbl0.pak	0x013BA79D	(Warrior) Potion Orange	(那美克战士)橙色药水
tbl0.pak	0x013BA919	(Warrior) Potion Muscle Orange	(那美克战士)肌肉橙色药水
tbl0.pak	0x013BAA95	(Warrior) Potion Imperator	(那美克战士)帝王药水
tbl0.pak	0x013BE771	(Warrior) Capsule Great Namek	(那美克战士)巨大那美克胶囊
tbl0.pak	0x013BE8ED	(Warrior) Capsule Kamiccolo	(那美克战士)卡米克洛胶囊
tbl0.pak	0x013BEA69	(Warrior) Capsule Dark Namek	(那美克战士)黑暗那美克胶囊
tbl0.pak	0x013BEBE5	(Warrior) Capsule Great Orange	(那美克战士)巨大橙色胶囊
tbl0.pak	0x013BED61	(Warrior) Capsule Orange	(那美克战士)橙色胶囊
tbl0.pak	0x013BEEDD	(Warrior) Capsule Muscle Orange	(那美克战士)肌肉橙色胶囊
tbl0.pak	0x013BF059	(Warrior) Capsule Imperator	(那美克战士)帝王胶囊
tbl1.pak	0x012EAEC7	Skill! Power Up (Warrior)	技能!力量提升(那美克战士)
tbl1.pak	0x012EB2DF	Skill! Guard (Warrior)	技能!防御(那美克战士)
tbl1.pak	0x012EB6BF	Skill! Dash (Warrior)	技能!冲刺(那美克战士)
tbl1.pak	0x012EBADF	Skill! Counter Attack (Warrior)	技能!反击(那美克战士)
tbl1.pak	*	Flight Skill (Warrior)	飞行技能(那美克战士)
tbl1.pak	0x016B88A9	(Warrior)Imperator Namek	(那美克战士)帝王那美克
tbl1.pak	0x016B904D	(Warrior) Potion Great Namek	(那美克战士)巨大那美克药水
tbl1.pak	0x016B908B	(Warrior) Potion Kamiccolo	(那美克战士)卡米克洛药水
tbl1.pak	0x016B90C5	(Warrior) Potion Dark Namek	(那美克战士)黑暗那美克药水
tbl1.pak	0x016B9101	(Warrior) Potion Great Orange	(那美克战士)巨大橙色药水
tbl1.pak	0x016B9141	(Warrior) Potion Orange	(那美克战士)橙色药水
tbl1.pak	0x016B9175	(Warrior) Potion Muscle Orange	(那美克战士)肌肉橙色药水
tbl1.pak	0x016B91B7	(Warrior) Potion Imperator	(那美克战士)帝王药水
tbl1.pak	0x016BEC67	(Warrior) (7 days) Great Namek	(那美克战士)(7天)巨大那美克
tbl1.pak	0x016BECA9	(Warrior) (7 days) Kamiccolo	(那美克战士)(7天)卡米克洛
tbl1.pak	0x016BECE7	(Warrior) (7 days) Dark Namek	(那美克战士)(7天)黑暗那美克
tbl1.pak	0x016BED27	(Warrior) (7 days) Great Orange	(那美克战士)(7天)巨大橙色
tbl1.pak	0x016BED6B	(Warrior) (7 days) Orange	(那美克战士)(7天)橙色
tbl1.pak	0x016BEDA3	(Warrior) (7 days) Muscle Orange	(那美克战士)(7天)肌肉橙色
tbl1.pak	0x016BEDE9	(Warrior) (7 days) Imperator	(那美克战士)(7天)帝王
tbl1.pak	0x017F1385	Solo Dungeon Support	单人副本增益
tbl1.pak	0x017F13B3	Party Dungeon Support	组队副本增益
tbl1.pak	0x01778ACA	BID-4 Dungeon Manager	BID-4副本入场管理机
tbl1.pak	0x01778BAC	BID-5 Dungeon Manager	BID-5副本入场管理机

# AUTO_BLOCK_TBL_VISIBLE_NAMES_20260604_BEGIN
tbl0.pak	0x014420B0	HM 85 SEMI 2P	人类85半套2P
tbl0.pak	0x014421B4	HM 85 FULL 3P	人类85全套3P
tbl0.pak	0x014422BA	AMEK 2P SEMI	那美克2P半套
# DISABLED_DUPLICATE_AFTER_SOURCE_REFRESH	tbl0.pak	0x01442242	AMEK 3P FULL	那美克3P全套
tbl0.pak	0x014424C2	AJIN SEMI 2P	魔人半套2P
# DISABLED_DUPLICATE_AFTER_SOURCE_REFRESH	tbl0.pak	0x0144244A	AJIN FULL 3P	魔人全套3P
tbl0.pak	0x014433FC	HM FULL 3P 90	人类全套3P90
tbl0.pak	0x01443502	AMEK 3P FULL 90	那美克3P全套90
tbl0.pak	0x01443606	AJIN FULL 3P 90	魔人全套3P90
# DISABLED_DUPLICATE_AFTER_SOURCE_REFRESH	tbl0.pak	0x0144358C	CHIP CON	芯片耐力
# DISABLED_DUPLICATE_AFTER_SOURCE_REFRESH	tbl0.pak	0x01443690	CHIP CD	芯片冷却
# DISABLED_DUPLICATE_AFTER_SOURCE_REFRESH	tbl0.pak	0x01443794	CHIP PROP	芯片属性
tbl0.pak	0x01443D20	CHIP FL PY	芯片飞行物理
tbl0.pak	0x0144402C	HM 90 SEMI 2P	人类90半套2P
tbl0.pak	0x01444130	HM 90 FULL 3P	人类90全套3P
tbl0.pak	0x01444234	MJ 90 SEMI 2P	魔人90半套2P
tbl0.pak	0x01444338	MJ 90 FULL 3P	魔人90全套3P
tbl0.pak	0x0144443C	NM 90 SEMI 2P	那美克90半套2P
tbl0.pak	0x01444540	NM 90 FULL 3P	那美克90全套3P
# DISABLED_DUPLICATE_AFTER_SOURCE_REFRESH	tbl0.pak	0x014444C8	RING FULY	戒指全套
tbl0.pak	0x01444748	EARN FULY	耳环全套
tbl0.pak	0x0144484C	EARN SEM	耳环半套
# DISABLED_DUPLICATE_AFTER_SOURCE_REFRESH	tbl0.pak	0x01444BE4	Soul Force Diference	灵魂力量差异
# DISABLED_DUPLICATE_AFTER_SOURCE_REFRESH	tbl0.pak	0x01444CE8	Soul Force Agility	灵魂力量敏捷
# DISABLED_DUPLICATE_AFTER_SOURCE_REFRESH	tbl0.pak	0x01444DEC	Soul Force Recovery	灵魂力量恢复
# DISABLED_DUPLICATE_AFTER_SOURCE_REFRESH	tbl0.pak	0x0179324C	TYPE-A	A型
# DISABLED_DUPLICATE_AFTER_SOURCE_REFRESH	tbl0.pak	0x0179630C	TYPE-B	B型
# DISABLED_DUPLICATE_AFTER_SOURCE_REFRESH	tbl0.pak	0x017993CC	TYPE-C	C型
# DISABLED_DUPLICATE_AFTER_SOURCE_REFRESH	tbl0.pak	0x017AF850	Type-A	A型
# DISABLED_DUPLICATE_AFTER_SOURCE_REFRESH	tbl0.pak	0x017AFA58	Type-C	C型
# DISABLED_DUPLICATE_AFTER_SOURCE_REFRESH	tbl0.pak	0x017B96B8	TYPE-A(P2)	A型(P2)
# DISABLED_DUPLICATE_AFTER_SOURCE_REFRESH	tbl0.pak	0x017B97BC	TYPE-A(P3)	A型(P3)
# DISABLED_DUPLICATE_AFTER_SOURCE_REFRESH	tbl0.pak	0x017BB738	TYPE-B(P2)	B型(P2)
# DISABLED_DUPLICATE_AFTER_SOURCE_REFRESH	tbl0.pak	0x017BB83C	TYPE-B(P3)	B型(P3)
# DISABLED_DUPLICATE_AFTER_SOURCE_REFRESH	tbl0.pak	0x017BD7B8	TYPE-C(P2)	C型(P2)
# DISABLED_DUPLICATE_AFTER_SOURCE_REFRESH	tbl0.pak	0x017BD8BC	TYPE-C(P3)	C型(P3)
# DISABLED_DUPLICATE_AFTER_SOURCE_REFRESH	tbl0.pak	0x017BF83C	TYPE-A (2P)	A型(2P)
# DISABLED_DUPLICATE_AFTER_SOURCE_REFRESH	tbl0.pak	0x017BF940	TYPE-B (2P)	B型(2P)
# DISABLED_DUPLICATE_AFTER_SOURCE_REFRESH	tbl0.pak	0x017BFA44	TYPE-C (2P)	C型(2P)
tbl0.pak	0x017CBBA0	Hakai Rings	破坏戒指
tbl0.pak	0x017F72D0	Red Puar Egg	红色普尔蛋
# DISABLED_DUPLICATE_AFTER_SOURCE_REFRESH	tbl0.pak	0x017F71DC	Red Puar 2	红色普尔2
# DISABLED_DUPLICATE_AFTER_SOURCE_REFRESH	tbl0.pak	0x017F7264	Red Puar 3	红色普尔3
# DISABLED_DUPLICATE_AFTER_SOURCE_REFRESH	tbl0.pak	0x017F72EC	Red Puar 4	红色普尔4
tbl0.pak	0x017F74F0	White Underwear Egg	白色内衣蛋
tbl0.pak	0x017F7578	White Underwear 2	白色内衣2
tbl0.pak	0x017F7600	White Underwear 3	白色内衣3
tbl0.pak	0x017F7688	White Underwear 4	白色内衣4
tbl0.pak	0x017F7710	Pink Underwear Egg	粉色内衣蛋
tbl0.pak	0x017F7798	Pink Underwear 2	粉色内衣2
tbl0.pak	0x017F7820	Pink Underwear 3	粉色内衣3
tbl0.pak	0x017F78A8	Pink Underwear 4	粉色内衣4
tbl0.pak	0x017F7930	Cat Pet Egg	猫宠物蛋
tbl0.pak	0x017F79B8	Cat Pet 2	猫宠物2
tbl0.pak	0x017F7A40	Cat Pet 3	猫宠物3
tbl0.pak	0x017F7AC8	Cat Pet 4	猫宠物4
tbl0.pak	0x017F7B50	Ghost Pet Egg	幽灵宠物蛋
tbl0.pak	0x017F7BD8	Ghost Pet 2	幽灵宠物2
tbl0.pak	0x017F7C60	Ghost Pet 3	幽灵宠物3
tbl0.pak	0x017F7CE8	Ghost Pet 4	幽灵宠物4
# TAIWAN_OVERLAP_DISABLED_20260608	translation_in_taiwan_item_tables	refs=table_text_all_data.rdf:3:60000800:0
# tbl0.pak	0x017F7BF4	Broly Egg	布罗利蛋
# DISABLED_DUPLICATE_AFTER_SOURCE_REFRESH	tbl0.pak	0x017F7C7C	Broly Normal Form	布罗利普通形态
# DISABLED_DUPLICATE_AFTER_SOURCE_REFRESH	tbl0.pak	0x017F7E14	Flexarot Lv1	弗莱克萨罗特Lv1
# DISABLED_DUPLICATE_AFTER_SOURCE_REFRESH	tbl0.pak	0x017F7E9C	Flexarot Lv2	弗莱克萨罗特Lv2
# DISABLED_DUPLICATE_AFTER_SOURCE_REFRESH	tbl0.pak	0x017F7F24	Flexarot Lv3	弗莱克萨罗特Lv3
# DISABLED_DUPLICATE_AFTER_SOURCE_REFRESH	tbl0.pak	0x017F7FAC	Flexarot Lv4	弗莱克萨罗特Lv4
# TAIWAN_OVERLAP_DISABLED_20260608	translation_in_taiwan_item_tables	refs=table_text_all_data.rdf:3:60000880:0
# tbl0.pak	0x017F8034	Mr Popo Pet	波波先生宠物
tbl0.pak	0x012591A1	Smile Pattern Underwear	笑脸图案内衣
tbl0.pak	0x0125990D	Red Puar 1	红色普尔1
tbl0.pak	0x0125C88D	Broly Pet Egg	布罗利宠物蛋
tbl0.pak	0x0126FEC9	LP Majin	LP魔人
tbl0.pak	0x01270045	LP Namek	LP那美克
tbl0.pak	0x012701C1	LP Human	LP人类
tbl0.pak	0x012732BD	Trumpet	号角
# TAIWAN_OVERLAP_DISABLED_20260608	same_source_translation_in_taiwan_rdf	refs=table_text_all_data.rdf:3:99199977:0
# tbl0.pak	0x0127565D	Tanjiro Hair	炭治郎发型
# TAIWAN_OVERLAP_DISABLED_20260608	same_source_translation_in_taiwan_rdf	refs=table_text_all_data.rdf:3:7000213:0
# tbl0.pak	0x012757D9	Lucy Hair	露西发型
# TAIWAN_OVERLAP_DISABLED_20260608	same_source_translation_in_taiwan_rdf	refs=table_text_all_data.rdf:3:7000214:0
# tbl0.pak	0x01275955	Erza Hair	艾露莎发型
tbl0.pak	0x01279F19	Gohan Time Chamber Hair	孙悟饭精神时光屋发型
tbl0.pak	0x0127AAF9	IS Hair	IS发型
tbl0.pak	0x0127AC75	Death Axe SK Transmog	死亡之斧SK幻化
tbl0.pak	0x0127ADF1	Two Handed Sword SK	双手剑SK
tbl0.pak	0x0127C8A9	Oozaru Martial	大猿武道家
tbl0.pak	0x0127CA25	Oozaru Spirit	大猿精神
tbl0.pak	0x0127F0BD	Hallowen Box	万圣节盒
tbl0.pak	0x012809F9	Halloween Title	万圣节称号
tbl0.pak	0x01280B75	Golden Oozaru Martial	黄金大猿武道家
tbl0.pak	0x01281165	Natal Box	圣诞盒
tbl0.pak	0x0128320D	Saiyan Tail F	赛亚人尾巴F
tbl0.pak	0x012874D9	Event Sample	活动样品
tbl0.pak	0x01287C45	BMO Backpack	BMO背包
tbl0.pak	0x012BCED1	CC Blessed Ruby 2	CC祝福红宝石2
tbl0.pak	0x012BD04D	CC Blessed Ruby 3	CC祝福红宝石3
tbl0.pak	0x012BD1C9	Fancy Intense Yellow 1	华丽浓烈黄色1
tbl0.pak	0x012BD345	Fancy Intense Yellow 2	华丽浓烈黄色2
tbl0.pak	0x012BD4C1	Fancy Intense Yellow 3	华丽浓烈黄色3
tbl0.pak	0x012BD63D	New Stone 1	新石1
tbl0.pak	0x012BD7B9	New Stone 2	新石2
tbl0.pak	0x012BD935	New Stone 3	新石3
tbl0.pak	0x012BDAB1	New Stone 4	新石4
tbl0.pak	0x012BDC2D	New Stone 5	新石5
tbl0.pak	0x012BDDA9	New Stone 6	新石6
tbl0.pak	0x012D5F99	Sky Dungeon Material 1	天空副本材料1
tbl0.pak	0x012D6115	Sky Dungeon Material 2	天空副本材料2
tbl0.pak	0x012D6291	Sky Dungeon Material 3	天空副本材料3
# TAIWAN_DEEP_OVERLAP_DISABLED_20260608	translation_any_taiwan	refs=local_data.dat:DST_HOIPOIMIX_RECIPE_FILTER_SPECIAL;local_data.dat:DST_SCOUTER_PC_VIEWER_SPECIAL
# tbl0.pak	0x01341695	Special	特殊
tbl0.pak	0x01359CE5	Halloween Wings	万圣节翅膀
tbl0.pak	0x01359E61	Fairy Wings	仙女翅膀
tbl0.pak	0x0135CDE1	Buu Costume	布欧服装
tbl0.pak	0x0135D0D9	Xeno Goku Outfit	异次元孙悟空套装
tbl0.pak	0x01361F85	Hellfire Sword	地狱火剑
tbl0.pak	0x0136DF01	GM Weapon Upgrade Stone U75	GM武器升级石U75
tbl0.pak	0x0136F545	Akeno Hat	朱乃帽子
tbl0.pak	0x0136F6C1	Sabo Hat	萨博帽子
tbl0.pak	0x0136FCB1	Whitebeard Mustache	白胡子胡子
tbl0.pak	0x01370125	Custom Hat	定制帽子
tbl0.pak	0x01371ED5	UD1 Shard	UD1碎片
tbl0.pak	0x01372051	UD2 Shard	UD2碎片
tbl0.pak	0x013721CD	UD3 Shard	UD3碎片
tbl0.pak	0x01372349	UD4 Shard	UD4碎片
tbl0.pak	0x013724C5	UD5 Shard	UD5碎片
tbl0.pak	0x01372641	UD6 Shard	UD6碎片
tbl0.pak	0x0137B63D	Liquid Fuel S4	液体燃料S4
tbl0.pak	0x0137B7B9	Liquid Fuel S5	液体燃料S5
tbl0.pak	0x0137DE51	Bardock Outfit	巴达克套装
tbl0.pak	0x0137E739	Gogeta Outfit	悟吉塔套装
# TAIWAN_DEEP_OVERLAP_DISABLED_20260608	translation_any_taiwan	refs=local_data.dat:DST_NAMEK_FIGHTER;table_text_all_data.rdf:13:6008:0;table_text_all_data.rdf:14:3007:0;table_text_all_data.rdf:3:111703240:0
# tbl0.pak	0x01397DF1	Warrior	那美克战士
# TAIWAN_DEEP_OVERLAP_DISABLED_20260608	translation_any_taiwan	refs=local_data.dat:DST_WONDER_MAJIN;table_text_all_data.rdf:13:6014:0;table_text_all_data.rdf:14:3010:0
# tbl0.pak	0x01397F6D	Wonder	意魔人
tbl0.pak	0x01398B4D	Might Majin form	大魔人 form
tbl0.pak	0x01398CC9	Wonder Majin Form	意魔人形态
# TAIWAN_DEEP_OVERLAP_DISABLED_20260608	translation_any_taiwan	refs=local_data.dat:DST_NAMEK_FIGHTER;table_text_all_data.rdf:13:6008:0;table_text_all_data.rdf:14:3007:0;table_text_all_data.rdf:3:111703240:0
# tbl0.pak	0x0139972D	Warrior	那美克战士
tbl0.pak	0x01399A25	Legendary Martial	传说武道家
tbl0.pak	0x013A6581	A Upgrade Stone U85	A升级石U85
tbl0.pak	0x013A66FD	White Stone U85	白色石U85
tbl0.pak	0x013A6CED	UD1 Coin	UD1硬币
tbl0.pak	0x013A6E69	UD2 Coin	UD2硬币
tbl0.pak	0x013A6FE5	UD3 Coin	UD3硬币
tbl0.pak	0x013AFFE1	Downgrade Weapon 85	降级武器85
tbl0.pak	0x013B05D1	Moro Coin	摩罗硬币
tbl0.pak	0x013BAC11	(Dragon) Potion Great Namek	(龙族)巨大那美克药水
tbl0.pak	0x013BAD8D	(Dragon) Potion Kamiccolo	(龙族)卡米克洛药水
tbl0.pak	0x013BAF09	(Dragon) Potion Dark Namek	(龙族)黑暗那美克药水
tbl0.pak	0x013BB085	(Dragon) Potion Great Orange	(龙族) Potion Great Orange
tbl0.pak	0x013BB201	(Dragon) Potion Orange	(龙族) Potion Orange
tbl0.pak	0x013BB37D	(Dragon) Potion Muscle Orange	(龙族) Potion Muscle Orange
tbl0.pak	0x013BB4F9	(Dragon) Potion Imperator	(龙族)帝王药水
tbl0.pak	0x013BB675	(Might) Potion Pure Majin	(大魔人)纯粹魔人药水
tbl0.pak	0x013BB96D	(Might) Potion Super Boo	(大魔人)超级布欧药水
tbl0.pak	0x013BBAE9	(Might) Potion Bootenks	(大魔人)布欧悟天克斯药水
tbl0.pak	0x013BBC65	(Might) Potion Buuhan	(大魔人)布欧悟饭药水
tbl0.pak	0x013BBDE1	(Might) Potion SS3	(大魔人)超级赛亚人3药水
tbl0.pak	0x013BBF5D	(Might) Potion Xeno	(大魔人)异次元药水
tbl0.pak	0x013BC0D9	(Wonder) Potion Pure Majin	(意魔人)纯粹魔人药水
tbl0.pak	0x013BC3D1	(Wonder) Potion Super Boo	(意魔人)超级布欧药水
tbl0.pak	0x013BC54D	(Wonder) Potion Bootenks	(意魔人)布欧悟天克斯药水
tbl0.pak	0x013BC6C9	(Wonder) Potion Buuhan	(意魔人)布欧悟饭药水
tbl0.pak	0x013BC845	(Wonder) Potion SS3	(意魔人)超级赛亚人3药水
tbl0.pak	0x013BC9C1	(Wonder) Potion Xeno	(意魔人)异次元药水
tbl0.pak	0x013BF1D5	(Dragon) Capsule Great Namek	(龙族)巨大那美克胶囊
tbl0.pak	0x013BF351	(Dragon) Capsule Kamiccolo	(龙族)卡米克洛胶囊
tbl0.pak	0x013BF4CD	(Dragon) Capsule Dark Namek	(龙族)黑暗那美克胶囊
tbl0.pak	0x013BF649	(Dragon) Capsule Great Orange	(龙族) Capsule Great Orange
tbl0.pak	0x013BF7C5	(Dragon) Capsule Orange	(龙族) Capsule Orange
tbl0.pak	0x013BF941	(Dragon) Capsule Muscle Orange	(龙族) Capsule Muscle Orange
tbl0.pak	0x013BFABD	(Dragon) Capsule Imperator	(龙族)帝王胶囊
tbl0.pak	0x013BFC39	(Might) Capsule Pure Majin	(大魔人)纯粹魔人胶囊
tbl0.pak	0x013BFF31	(Might) Capsule Super Boo	(大魔人)超级布欧胶囊
tbl0.pak	0x013C00AD	(Might) Capsule Bootenks	(大魔人)布欧悟天克斯胶囊
tbl0.pak	0x013C0229	(Might) Capsule Buuhan	(大魔人)布欧悟饭胶囊
tbl0.pak	0x013C03A5	(Might) Capsule SS3	(大魔人)超级赛亚人3胶囊
tbl0.pak	0x013C0521	(Might) Capsule Xeno	(大魔人)异次元胶囊
tbl0.pak	0x013C069D	(Wonder) Capsule Pure Majin	(意魔人)纯粹魔人胶囊
tbl0.pak	0x013C0995	(Wonder) Capsule Super Boo	(意魔人)超级布欧胶囊
tbl0.pak	0x013C0B11	(Wonder) Capsule Bootenks	(意魔人)布欧悟天克斯胶囊
tbl0.pak	0x013C0C8D	(Wonder) Capsule Buuhan	(意魔人)布欧悟饭胶囊
tbl0.pak	0x013C0E09	(Wonder) Capsule SS3	(意魔人)超级赛亚人3胶囊
tbl0.pak	0x013C0F85	(Wonder) Capsule Xeno	(意魔人)异次元胶囊
tbl0.pak	0x013C13F9	(Martial) Potion Super Saiyan 1	(武道家)超级赛亚人1药水
tbl0.pak	0x013C1575	(Martial) Potion Super Saiyan 2	(武道家)超级赛亚人2药水
tbl0.pak	0x013C16F1	(Martial) Potion Super Saiyan 3	(武道家)超级赛亚人3药水
tbl0.pak	0x013C1FD9	(Martial) Potion Super Saiyan 4	(武道家)超级赛亚人4药水
tbl0.pak	0x013C302D	(Warrior) Potion Great Namek	(那美克战士)巨大那美克药水
tbl0.pak	0x013C31A9	(Warrior) Potion Kamiccolo	(那美克战士)卡米克洛药水
tbl0.pak	0x013C3325	(Warrior) Potion Dark Namek	(那美克战士)黑暗那美克药水
tbl0.pak	0x013C34A1	(Warrior) Potion Great Orange	(那美克战士)巨大橙色药水
tbl0.pak	0x013C361D	(Warrior) Potion Orange	(那美克战士)橙色药水
tbl0.pak	0x013C3799	(Warrior) Potion Muscle Orange	(那美克战士)肌肉橙色药水
tbl0.pak	0x013C3915	(Warrior) Potion Imperator	(那美克战士)帝王药水
tbl0.pak	0x013C3A91	(Dragon) Potion Great Namek	(龙族)巨大那美克药水
tbl0.pak	0x013C3C0D	(Dragon) Potion Kamiccolo	(龙族)卡米克洛药水
tbl0.pak	0x013C3D89	(Dragon) Potion Dark Namek	(龙族)黑暗那美克药水
tbl0.pak	0x013C3F05	(Dragon) Potion Great Orange	(龙族) Potion Great Orange
tbl0.pak	0x013C4081	(Dragon) Potion Orange	(龙族) Potion Orange
tbl0.pak	0x013C41FD	(Dragon) Potion Muscle Orange	(龙族) Potion Muscle Orange
tbl0.pak	0x013C4379	(Dragon) Potion Imperator	(龙族)帝王药水
tbl0.pak	0x013C44F5	(Might) Potion Pure Majin	(大魔人)纯粹魔人药水
tbl0.pak	0x013C47ED	(Might) Potion Super Boo	(大魔人)超级布欧药水
tbl0.pak	0x013C4969	(Might) Potion Bootenks	(大魔人)布欧悟天克斯药水
tbl0.pak	0x013C4AE5	(Might) Potion Buuhan	(大魔人)布欧悟饭药水
tbl0.pak	0x013C4C61	(Might) Potion SS3	(大魔人)超级赛亚人3药水
tbl0.pak	0x013C4DDD	(Might) Potion Xeno	(大魔人)异次元药水
tbl0.pak	0x013C4F59	(Wonder) Potion Pure Majin	(意魔人)纯粹魔人药水
tbl0.pak	0x013C5251	(Wonder) Potion Super Boo	(意魔人)超级布欧药水
tbl0.pak	0x013C53CD	(Wonder) Potion Bootenks	(意魔人)布欧悟天克斯药水
tbl0.pak	0x013C5549	(Wonder) Potion Buuhan	(意魔人)布欧悟饭药水
tbl0.pak	0x013C56C5	(Wonder) Potion SS3	(意魔人)超级赛亚人3药水
tbl0.pak	0x013C5841	(Wonder) Potion Xeno	(意魔人)异次元药水
tbl0.pak	0x0143904D	Field Boss 01	野外首领01
tbl0.pak	0x01439175	Field Boss 02	野外首领02
tbl0.pak	0x0143929D	Field Boss 03	野外首领03
tbl0.pak	0x014393C5	Field Boss 04	野外首领04
tbl0.pak	0x014394ED	Field Boss 05	野外首领05
tbl0.pak	0x01439615	Field Boss 06	野外首领06
tbl0.pak	0x0143973D	Field Boss 07	野外首领07
tbl0.pak	0x01439865	Field Boss 08	野外首领08
tbl0.pak	0x0143998D	Field Boss 09	野外首领09
tbl0.pak	0x01439AB5	Field Boss 10	野外首领10
tbl0.pak	0x01439BDD	Field Boss 11	野外首领11
tbl0.pak	0x01439D05	Field Boss 12	野外首领12
tbl0.pak	0x01439E2D	Field Boss 13	野外首领13
tbl0.pak	0x01439F55	Field Boss 14	野外首领14
tbl0.pak	0x0143A07D	Field Boss 15	野外首领15
tbl0.pak	0x0143A1A5	Field Boss 16	野外首领16
tbl0.pak	0x0143A2CD	Field Boss 17	野外首领17
tbl0.pak	0x0143A3F5	Field Boss 18	野外首领18
tbl1.pak	0x009EF340	[br]It is said that said he was a Dragon Clan.	[br]It is said that said he was a 那美克龙族.
tbl1.pak	0x011A8572	Stage 3 Target	阶段3目标
tbl1.pak	0x011A8840	Stage 4 Target	阶段4目标
tbl1.pak	0x011A8E38	Stage 1 Target	阶段1目标
tbl1.pak	0x011A907C	Stage 2 Target	阶段2目标
tbl1.pak	0x011A9FEE	To the Hyperbolic Time Chamber	前往精神时光屋
# DISABLED_DUPLICATE_AFTER_SOURCE_REFRESH	tbl1.pak	0x012D0766	Dragon Power!!	龙之力!!
# DISABLED_DUPLICATE_AFTER_SOURCE_REFRESH	tbl1.pak	0x012D085A	Dragon Spirit!!	龙之魂!!
tbl1.pak	*	KThe Spiritualist master pummels his\nenemy with a barrage of energy blasts.	KThe 气功师 master pummels his\nenemy with a barrage of energy blasts.
# DISABLED_DUPLICATE_AFTER_SOURCE_REFRESH	tbl1.pak	0x012D0952	Devil's Fury!!	魔鬼狂怒!!
# DISABLED_DUPLICATE_AFTER_SOURCE_REFRESH	tbl1.pak	0x012D0A48	Kami's Judgment!!	天神审判!!
tbl1.pak	0x012D0B18	ANThe Namekian of the Dragon Clan attacks\nwith a stream of energy-based spells.	ANThe Namekian of the 那美克龙族 attacks\nwith a stream of energy-based spells.
# DISABLED_DUPLICATE_AFTER_SOURCE_REFRESH	tbl1.pak	0x012D0B4A	Firepower!!	火力!!
# DISABLED_DUPLICATE_AFTER_SOURCE_REFRESH	tbl1.pak	0x012D0C1A	Wonderful Crash!!	精彩冲击!!
# DISABLED_DUPLICATE_AFTER_SOURCE_REFRESH	tbl1.pak	0x012D0CEA	Infinity Blow!!	无限打击!!
# DISABLED_DUPLICATE_AFTER_SOURCE_REFRESH	tbl1.pak	0x012D0D76	Unlimited Slash!!	无限斩击!!
# DISABLED_DUPLICATE_AFTER_SOURCE_REFRESH	tbl1.pak	0x012D0DF6	Crane Spirit!!	鹤仙流精神!!
# DISABLED_DUPLICATE_AFTER_SOURCE_REFRESH	tbl1.pak	0x012D0E86	Turtle Spirit!!	龟仙流精神!!
# DISABLED_DUPLICATE_AFTER_SOURCE_REFRESH	tbl1.pak	0x012D0F1C	Dragon's Law!!	龙的法则!!
# DISABLED_DUPLICATE_AFTER_SOURCE_REFRESH	tbl1.pak	0x012D1136	Pleasant Sound Shower!!	悦耳音波!!
# DISABLED_DUPLICATE_AFTER_SOURCE_REFRESH	tbl1.pak	0x012D11DC	Cooking Delight Combo!!	料理连击!!
# DISABLED_DUPLICATE_AFTER_SOURCE_REFRESH	tbl1.pak	0x012D1266	Shocking Smooth Beat!!	震撼节拍!!
# DISABLED_DUPLICATE_AFTER_SOURCE_REFRESH	tbl1.pak	0x012D1300	Happy Carnival Sensation!!	快乐嘉年华!!
# TAIWAN_DEEP_OVERLAP_DISABLED_20260608	translation_any_taiwan	refs=table_text_all_data.rdf:4:101:0
# tbl1.pak	0x016C2E38	Capsule	胶囊
# TAIWAN_DEEP_OVERLAP_DISABLED_20260608	translation_any_taiwan	refs=local_data.dat:DST_MARKET_RESORATIVE_ITEM;table_text_all_data.rdf:4:2100581:0
# tbl1.pak	0x016C2E5A	Potion	药水
# TAIWAN_DEEP_OVERLAP_DISABLED_20260608	translation_any_taiwan	refs=table_text_all_data.rdf:4:11011:0;table_text_all_data.rdf:4:11041:0;table_text_all_data.rdf:4:17011:0
# tbl1.pak	0x016C2E92	Martial Artist Combat	武道家战斗
tbl1.pak	*	Martial Artist Buff	武道家增益
# TAIWAN_DEEP_OVERLAP_DISABLED_20260608	translation_any_taiwan	refs=table_text_all_data.rdf:4:11013:0;table_text_all_data.rdf:4:11043:0;table_text_all_data.rdf:4:17013:0
# tbl1.pak	0x016C2EEE	Martial Artist HTB	武道家HTB
# TAIWAN_DEEP_OVERLAP_DISABLED_20260608	translation_any_taiwan	refs=table_text_all_data.rdf:4:11021:0;table_text_all_data.rdf:4:11051:0;table_text_all_data.rdf:4:17021:0
# tbl1.pak	0x016C2F18	Spiritualist Combat	气功师战斗
tbl1.pak	*	Spiritualist Buff	气功师增益
# TAIWAN_DEEP_OVERLAP_DISABLED_20260608	translation_any_taiwan	refs=table_text_all_data.rdf:4:11023:0;table_text_all_data.rdf:4:11053:0;table_text_all_data.rdf:4:17023:0
# tbl1.pak	0x016C2F6C	Spiritualist HTB	气功师HTB
# TAIWAN_DEEP_OVERLAP_DISABLED_20260608	translation_any_taiwan	refs=table_text_all_data.rdf:4:11011:0;table_text_all_data.rdf:4:11041:0;table_text_all_data.rdf:4:17011:0
# tbl1.pak	0x016C2F92	Martial Artist Combat	武道家战斗
# DISABLED_DUPLICATE_AFTER_SOURCE_REFRESH	tbl1.pak	0x016C2FC2	Martial Artist Buff	武道家增益
# TAIWAN_DEEP_OVERLAP_DISABLED_20260608	translation_any_taiwan	refs=table_text_all_data.rdf:4:11013:0;table_text_all_data.rdf:4:11043:0;table_text_all_data.rdf:4:17013:0
# tbl1.pak	0x016C2FEE	Martial Artist HTB	武道家HTB
# TAIWAN_DEEP_OVERLAP_DISABLED_20260608	translation_any_taiwan	refs=table_text_all_data.rdf:4:11021:0;table_text_all_data.rdf:4:11051:0;table_text_all_data.rdf:4:17021:0
# tbl1.pak	0x016C3018	Spiritualist Combat	气功师战斗
# DISABLED_DUPLICATE_AFTER_SOURCE_REFRESH	tbl1.pak	0x016C3044	Spiritualist Buff	气功师增益
# TAIWAN_DEEP_OVERLAP_DISABLED_20260608	translation_any_taiwan	refs=table_text_all_data.rdf:4:11023:0;table_text_all_data.rdf:4:11053:0;table_text_all_data.rdf:4:17023:0
# tbl1.pak	0x016C306C	Spiritualist HTB	气功师HTB
tbl1.pak	0x016C31DE	Martial Artist Master Class	武道家大师职业
tbl1.pak	0x016C321A	Spiritualist Master Class	气功师大师职业
# DISABLED_DUPLICATE_AFTER_SOURCE_REFRESH	tbl1.pak	0x016C3106	Gauntlets	臂甲
tbl1.pak	*	Martial Artists	武道家武道家
# TAIWAN_DEEP_OVERLAP_DISABLED_20260608	translation_any_taiwan	refs=local_data.dat:DST_HUMAN_MYSTIC;table_text_all_data.rdf:13:6011:0;table_text_all_data.rdf:14:3006:0
# tbl1.pak	0x016C3154	Spiritualists	气功师
# DISABLED_DUPLICATE_AFTER_SOURCE_REFRESH	tbl1.pak	0x016C32CA	Martial Artists	武道家武道家
# TAIWAN_DEEP_OVERLAP_DISABLED_20260608	translation_any_taiwan	refs=local_data.dat:DST_HUMAN_MYSTIC;table_text_all_data.rdf:13:6011:0;table_text_all_data.rdf:14:3006:0
# tbl1.pak	0x016C32EE	Spiritualists	气功师
# DISABLED_DUPLICATE_AFTER_SOURCE_REFRESH	tbl1.pak	0x016C3374	General 1	将军1
# DISABLED_DUPLICATE_AFTER_SOURCE_REFRESH	tbl1.pak	0x016C338C	General 2	将军2
# TAIWAN_DEEP_OVERLAP_DISABLED_20260608	pair_any_taiwan	refs=local_data.dat:DST_EQUIP_SLOT_TYPE_SCOUTER
# tbl1.pak	0x016C33A4	Scouter	探测器
# TAIWAN_DEEP_OVERLAP_DISABLED_20260608	pair_any_taiwan	refs=local_data.dat:DST_EQUIP_SLOT_TYPE_HAND
# tbl1.pak	0x016C33DA	Weapon	武器
# DISABLED_DUPLICATE_AFTER_SOURCE_REFRESH	tbl1.pak	0x016C34D0	Costume	服装
# TAIWAN_DEEP_OVERLAP_DISABLED_20260608	translation_any_taiwan	refs=local_data.dat:DST_MARKET_STUFF;table_text_all_data.rdf:4:11893:0;table_text_all_data.rdf:4:17604:0;table_text_all_data.rdf:4:18634:0;table_text_all_data.rdf:4:199511:0
# tbl1.pak	0x016C34E4	Material	材料
# tbl1.pak	0x016C3572	Fighter Combat	战士战斗
# tbl1.pak	0x016C3594	Fighter Buff	战士增益
# tbl1.pak	0x016C35CE	Swordsman Combat	剑术家战斗
# tbl1.pak	0x016C35F4	Swordsman Buff	剑术家增益
# tbl1.pak	0x016C3730	Dark Warrior Combat	黑暗战士战斗
# tbl1.pak	0x016C375C	Dark Warrior Buff	黑暗战士增益
# tbl1.pak	0x016C3784	Dark Warrior HTB	黑暗战士HTB
# tbl1.pak	0x016C39AA	Ultimate Majin Combat	终极魔人战斗
# tbl1.pak	0x016C39DA	Ultimate Majin Buff	终极魔人增益
# tbl1.pak	0x016C3A30	Plasma Majin Combat	等离子魔人战斗
# tbl1.pak	0x016C3A5C	Plasma Majin Buff	等离子魔人增益
# tbl1.pak	0x016C3AAA	Karma Majin Combat	卡尔玛魔人战斗
# tbl1.pak	0x016C3AD4	Karma Majin Buff	卡尔玛魔人增益
# tbl1.pak	0x016C3E36	Wonder Majin Combat	意魔人战斗
# tbl1.pak	0x016C3E62	Wonder Majin Buff	意魔人增益
# tbl1.pak	0x016C3E8A	Wonder Majin HTB	意魔人HTB
# tbl1.pak	0x016C3F2A	Wonder Majin Combat	意魔人战斗
# tbl1.pak	0x016C3F56	Wonder Majin Buff	意魔人增益
# tbl1.pak	0x016C3F7E	Wonder Majin HTB	意魔人HTB
# tbl1.pak	0x016C4032	Wonder Majin only	意魔人 only
# tbl1.pak	0x016C41D8	Wonder Majin only	意魔人 only
# tbl1.pak	0x016C435A	Warrior Combat	那美克战士战斗
# tbl1.pak	0x016C437C	Warrior Buff	那美克战士增益
# tbl1.pak	0x016C439A	Warrior HTB	那美克战士HTB
# tbl1.pak	0x016C43B6	Dragon Clan Combat	那美克龙族战斗
# tbl1.pak	0x016C43E0	Dragon Clan Buff	那美克龙族增益
# tbl1.pak	0x016C4406	Dragon Clan HTB	那美克龙族HTB
# tbl1.pak	0x016C442A	Warrior Combat	那美克战士战斗
# tbl1.pak	0x016C444C	Warrior Buff	那美克战士增益
# tbl1.pak	0x016C446A	Warrior HTB	那美克战士HTB
# tbl1.pak	0x016C4486	Dragon Clan Combat	那美克龙族战斗
# tbl1.pak	0x016C44B0	Dragon Clan Buff	那美克龙族增益
# tbl1.pak	0x016C44D6	Dragon Clan HTB	那美克龙族HTB
# tbl1.pak	0x016C452E	Change Class to Dragon Clan	Change Class to 那美克龙族
# tbl1.pak	0x016C45A2	Dragon Clan	那美克龙族
# tbl1.pak	0x016C4722	Dragon Clan	那美克龙族
# tbl1.pak	0x016C4898	Martial Artist Combat	武道家战斗
# tbl1.pak	0x016C48C8	Martial Artist Buff	武道家增益
# tbl1.pak	0x016C48F4	Martial Artist HTB	武道家HTB
# tbl1.pak	0x016C49E2	Spiritualist Combat	气功师战斗
# tbl1.pak	0x016C4A0E	Spiritualist Buff	气功师增益
# tbl1.pak	0x016C4A36	Spiritualist HTB	气功师HTB
# tbl1.pak	0x016C4B56	Warrior Combat	那美克战士战斗
# tbl1.pak	0x016C4B78	Warrior Buff	那美克战士增益
# tbl1.pak	0x016C4B96	Warrior HTB	那美克战士HTB
# tbl1.pak	0x016C4BB2	Dark Warrior Combat	黑暗战士战斗
# tbl1.pak	0x016C4BDE	Dark Warrior Buff	黑暗战士增益
# tbl1.pak	0x016C4C06	Dark Warrior HTB	黑暗战士HTB
# tbl1.pak	0x016C4CAC	Dragon Clan Combat	那美克龙族战斗
# tbl1.pak	0x016C4CD6	Dragon Clan Buff	那美克龙族增益
# tbl1.pak	0x016C4CFC	Dragon Clan HTB	那美克龙族HTB
# tbl1.pak	0x016C4FA0	Wonder Majin Combat	意魔人战斗
# tbl1.pak	0x016C4FCC	Wonder Majin Buff	意魔人增益
# tbl1.pak	0x016C4FF4	Wonder Majin HTB	意魔人HTB
# tbl1.pak	0x016C56C6	Dark Warrior Combat	黑暗战士战斗
# tbl1.pak	0x016C56F2	Dark Warrior Buff	黑暗战士增益
# tbl1.pak	0x016C571A	Dark Warrior HTB	黑暗战士HTB
# tbl1.pak	0x016C611C	Dark Warrior Combat	黑暗战士战斗
# tbl1.pak	0x016C6148	Dark Warrior Buff	黑暗战士增益
# tbl1.pak	0x016C6170	Dark Warrior HTB	黑暗战士HTB
# tbl1.pak	0x016C69F2	Dark Warrior Combat	黑暗战士战斗
# tbl1.pak	0x016C6A1E	Dark Warrior Buff	黑暗战士增益
# tbl1.pak	0x016C6A46	Dark Warrior HTB	黑暗战士HTB
# tbl1.pak	0x016C6F9E	Dark Warrior Combat	黑暗战士战斗
# tbl1.pak	0x016C6FCA	Dark Warrior Buff	黑暗战士增益
# tbl1.pak	0x016C6FF2	Dark Warrior HTB	黑暗战士HTB
# DISABLED_DUPLICATE_AFTER_SOURCE_REFRESH	tbl1.pak	0x016C78AC	Crane / Turtle	鹤/龟
# TAIWAN_DEEP_OVERLAP_DISABLED_20260608	translation_any_taiwan	refs=table_text_all_data.rdf:4:21564:0;table_text_all_data.rdf:4:21771:0;table_text_all_data.rdf:4:21791:0;table_text_all_data.rdf:4:21811:0;table_text_all_data.rdf:4:21821:0;table_text_all_data.rdf:4:21853:0
# tbl1.pak	0x016C7C46	Beverage	饮料
# TAIWAN_DEEP_OVERLAP_DISABLED_20260608	pair_any_taiwan	refs=local_data.dat:DST_DWC_TARGET
# tbl1.pak	0x016C7D3A	Target	目标
# DISABLED_DUPLICATE_AFTER_SOURCE_REFRESH	tbl1.pak	0x016C859E	Transmog	幻化
# TAIWAN_DEEP_OVERLAP_DISABLED_20260608	translation_any_taiwan	refs=local_data.dat:DST_SCOUTER_PC_VIEWER_COSTUME
# tbl1.pak	0x016C85DA	Outfit	套装
# DISABLED_DUPLICATE_AFTER_SOURCE_REFRESH	tbl1.pak	0x016C8626	Limited	限定
tbl1.pak	0x016C8844	Event Machine	活动机器
# TAIWAN_DEEP_OVERLAP_DISABLED_20260608	translation_any_taiwan	refs=table_text_all_data.rdf:13:14158:0;table_text_all_data.rdf:4:107404:0
# tbl1.pak	0x016C8738	Time Machine	时光机
# tbl1.pak	0x016C8914	Dark Warrior Combat	黑暗战士战斗
# tbl1.pak	0x016C8940	Dark Warrior Buff	黑暗战士增益
# tbl1.pak	0x016C8968	Dark Warrior HTB	黑暗战士HTB
# tbl1.pak	0x016C8F6E	Dark Warrior Combat	黑暗战士战斗
# tbl1.pak	0x016C8F9A	Dark Warrior Buff	黑暗战士增益
# tbl1.pak	0x016C8FC2	Dark Warrior HTB	黑暗战士HTB
# tbl1.pak	0x016C972C	Weapon / Necklace	武器/项链
# TAIWAN_DEEP_OVERLAP_DISABLED_20260608	pair_any_taiwan	refs=local_data.dat:DST_EQUIP_SLOT_TYPE_EARRING
# tbl1.pak	0x016C97BE	Earring	耳环
# DISABLED_DUPLICATE_AFTER_SOURCE_REFRESH	tbl1.pak	0x016C9980	U Stone	U石
tbl1.pak	0x016C9AE0	General Stone	将军石
tbl1.pak	0x016C9B00	Core Stone	核心石
# TAIWAN_DEEP_OVERLAP_DISABLED_20260608	translation_any_taiwan	refs=local_data.dat:DST_MULTIDIALOG_MENU_SMITH_UPGRADE;table_text_all_data.rdf:7:24480:0;table_text_all_data.rdf:7:24481:0
# tbl1.pak	0x016C9D92	Empowerment	强化
# TAIWAN_OVERLAP_DISABLED_20260608	same_source_translation_in_taiwan_rdf	refs=table_text_all_data.rdf:4:6001517:0
# tbl1.pak	0x016CA1B4	Saiyan	赛亚人
tbl1.pak	0x016CA390	Soul Upgrade	灵魂升级
tbl1.pak	0x01714B5E	Spiritualist Skill Master	气功师 Skill Master
tbl1.pak	0x01714BF4	Dragon Clan Skill Master	那美克龙族 Skill Master
tbl1.pak	0x01714C62	Wonder Majin Skill Master	意魔人 Skill Master
tbl1.pak	0x01714E62	Spiritualist Advanced Skill Master	气功师 Advanced Skill Master
tbl1.pak	0x01714F2E	Dragon Clan Advanced Skill Master	那美克龙族 Advanced Skill Master
tbl1.pak	0x01714FC0	Wonder Majin Advanced Skill Master	意魔人 Advanced Skill Master
# TAIWAN_DEEP_OVERLAP_DISABLED_20260608	translation_any_taiwan	refs=local_data.dat:DST_JOB_GATE_KEEPER;table_text_all_data.rdf:6:30:0
# tbl1.pak	0x01714EE2	Gatekeeper	守门人
tbl1.pak	0x0171506C	Time Machine Manager!	时光机管理员!
tbl1.pak	0x01715364	Alien Engineer	异星工程师
# DISABLED_DUPLICATE_AFTER_SOURCE_REFRESH	tbl1.pak	0x01721A94	Citizen 1	市民1
tbl1.pak	*	Wild	狂野
# TAIWAN_DEEP_OVERLAP_DISABLED_20260608	translation_any_taiwan	refs=table_text_all_data.rdf:6:1151102:0
# tbl1.pak	0x01721EAC	Bardock	巴达克
# TAIWAN_DEEP_OVERLAP_DISABLED_20260608	translation_any_taiwan	refs=local_data.dat:DST_HUMAN_FIGHTER;table_text_all_data.rdf:13:6010:0;table_text_all_data.rdf:14:3005:0;table_text_all_data.rdf:6:1181101:0;table_text_all_data.rdf:6:1181102:0
# tbl1.pak	0x01721F08	Martial Artist	武道家
# TAIWAN_DEEP_OVERLAP_DISABLED_20260608	translation_any_taiwan	refs=local_data.dat:DST_HUMAN_FIGHTER;table_text_all_data.rdf:13:6010:0;table_text_all_data.rdf:14:3005:0;table_text_all_data.rdf:6:1181101:0;table_text_all_data.rdf:6:1181102:0
# tbl1.pak	0x01721F2A	Martial Artist	武道家
# DISABLED_DUPLICATE_AFTER_SOURCE_REFRESH	tbl1.pak	0x0172208E	Citizen 2	市民2
# DISABLED_DUPLICATE_AFTER_SOURCE_REFRESH	tbl1.pak	0x01722140	Citizen 3	市民3
# DISABLED_DUPLICATE_AFTER_SOURCE_REFRESH	tbl1.pak	0x017221B2	New Super Capsule Robot	新超级胶囊机器人
# DISABLED_DUPLICATE_AFTER_SOURCE_REFRESH	tbl1.pak	0x01722454	White Tiger	白色老虎
# DISABLED_DUPLICATE_AFTER_SOURCE_REFRESH	tbl1.pak	0x01722A54	Citizen 5	市民5
# DISABLED_DUPLICATE_AFTER_SOURCE_REFRESH	tbl1.pak	0x01723636	Korin Village Bus	卡林村巴士
# DISABLED_DUPLICATE_AFTER_SOURCE_REFRESH	tbl1.pak	0x0172374E	Axe Rock Bus	斧岩石巴士
# DISABLED_DUPLICATE_AFTER_SOURCE_REFRESH	tbl1.pak	0x01725AE6	Black Cat	黑色猫
# TAIWAN_DEEP_OVERLAP_DISABLED_20260608	translation_any_taiwan	refs=table_text_all_data.rdf:6:1581101:0;table_text_all_data.rdf:6:1582101:0;table_text_all_data.rdf:6:1582102:0
# tbl1.pak	0x01725D28	Chiaotzu	饺子
# DISABLED_DUPLICATE_AFTER_SOURCE_REFRESH	tbl1.pak	0x017260E6	Citizen 6	市民6
tbl1.pak	0x01726394	Citizen 7	市民7
# DISABLED_DUPLICATE_AFTER_SOURCE_REFRESH	tbl1.pak	0x0172702E	Namekian Frog	那美克星人青蛙
# DISABLED_DUPLICATE_AFTER_SOURCE_REFRESH	tbl1.pak	0x0172776C	Pet Machine	宠物机器
# TAIWAN_DEEP_OVERLAP_DISABLED_20260608	translation_any_taiwan	refs=table_text_all_data.rdf:5:1541101:0;table_text_all_data.rdf:5:1541102:0;table_text_all_data.rdf:5:1541103:0;table_text_all_data.rdf:6:2671101:0
# tbl1.pak	0x01728E2E	Burter	巴特
# DISABLED_DUPLICATE_AFTER_SOURCE_REFRESH	tbl1.pak	0x01729180	Captain Ginyu	队长基纽
tbl1.pak	0x0172938C	Pilaf Machine 1	皮拉夫机器1
tbl1.pak	0x017293D0	Pilaf Machine 2	皮拉夫机器2
tbl1.pak	0x0172949E	Pilaf Machine 3	皮拉夫机器3
tbl1.pak	0x01729C88	Citizen 8	市民8
tbl1.pak	0x01729D32	Citizen 9	市民9
tbl1.pak	0x01729E7C	Citizen 10	市民10
tbl1.pak	0x01729E96	Citizen 11	市民11
tbl1.pak	0x01729F62	Citizen 12	市民12
tbl1.pak	0x01729F7C	Citizen 13	市民13
tbl1.pak	0x0172A040	Citizen 14	市民14
tbl1.pak	0x0172A452	Citizen 15	市民15
tbl1.pak	0x0172A496	Citizen 16	市民16
tbl1.pak	0x0172A4B0	Citizen 17	市民17
tbl1.pak	0x0172A5CC	Citizen 18	市民18
# DISABLED_DUPLICATE_AFTER_SOURCE_REFRESH	tbl1.pak	0x0172A9D8	Super Capsule Robot Head	超级胶囊机器人头
tbl1.pak	0x0172AC6C	Citizen 19	市民19
# DISABLED_DUPLICATE_AFTER_SOURCE_REFRESH	tbl1.pak	0x0172AD5C	Capsule Corp Staff	胶囊公司杖
# DISABLED_DUPLICATE_AFTER_SOURCE_REFRESH	tbl1.pak	0x0172AE78	Flight Manager	飞行管理员
tbl1.pak	0x0172AFE6	Flight Manager 2	飞行管理员2
tbl1.pak	0x0172B0BC	Citizen 20	市民20
# DISABLED_DUPLICATE_AFTER_SOURCE_REFRESH	tbl1.pak	0x0172B7A0	Adventurer	冒险家
tbl1.pak	0x0172BD60	Citizen 22	市民22
tbl1.pak	0x0172BDE0	Citizen 23	市民23
tbl1.pak	0x0172BEF0	Fainting Martial Artist	昏迷武道家
tbl1.pak	0x0172BFA0	Citizen 24	市民24
tbl1.pak	0x0172C03A	Citizen 25	市民25
tbl1.pak	0x0172C18C	Citizen 26	市民26
tbl1.pak	0x0172C39A	Citizen 27	市民27
tbl1.pak	0x0172C4EC	Wounded Martial Artists	受伤武道家武道家
tbl1.pak	0x0172CCB6	Citizen 28	市民28
# DISABLED_DUPLICATE_AFTER_SOURCE_REFRESH	tbl1.pak	0x0172CCE4	Villain	反派
tbl1.pak	0x0172CE44	Villain Spiritualist	反派气功师
# DISABLED_DUPLICATE_AFTER_SOURCE_REFRESH	tbl1.pak	0x0172CF38	Android 8000	人造人8000
tbl1.pak	0x0172D0A2	Head of Defense Android	防御人造人的头
tbl1.pak	0x0172D296	Citizen 29	市民29
tbl1.pak	0x0172D3F8	Citizen 30	市民30
tbl1.pak	0x0172D468	Citizen 31	市民31
tbl1.pak	0x0172D514	Citizen 32	市民32
tbl1.pak	0x0172DC28	UD-1 Dungeon Manager	UD-1副本管理员
tbl1.pak	0x0172DC56	UD-2 Dungeon Manager	UD-2副本管理员
tbl1.pak	0x0172DC84	UD-3 Dungeon Manager	UD-3副本管理员
tbl1.pak	0x0172DCB2	UD-4 Dungeon Manager	UD-4副本管理员
tbl1.pak	0x0172DCE0	UD-5 Dungeon Manager	UD-5副本管理员
tbl1.pak	0x0172DD0E	UD-6 Dungeon Manager	UD-6副本管理员
# DISABLED_DUPLICATE_AFTER_SOURCE_REFRESH	tbl1.pak	0x0172DBF0	Dungeon Manager	副本管理员
# TAIWAN_OVERLAP_DISABLED_20260608	same_source_translation_in_taiwan_rdf	refs=table_text_all_data.rdf:6:3701222:0
# tbl1.pak	0x0172DC54	Sky Dungeon 1	天空副本1
# TAIWAN_OVERLAP_DISABLED_20260608	same_source_translation_in_taiwan_rdf	refs=table_text_all_data.rdf:6:3701223:0
# tbl1.pak	0x0172DC74	Sky Dungeon 2	天空副本2
# TAIWAN_OVERLAP_DISABLED_20260608	same_source_translation_in_taiwan_rdf	refs=table_text_all_data.rdf:6:3701224:0
# tbl1.pak	0x0172DC94	Sky Dungeon 3	天空副本3
tbl1.pak	0x0172DEF6	Citizen 33	市民33
tbl1.pak	0x0172DF72	Citizen 34	市民34
tbl1.pak	0x0172E024	Citizen 35	市民35
tbl1.pak	0x0172E174	Pilaf Engineer	皮拉夫工程师
tbl1.pak	0x0172E9B6	Citizen 36	市民36
tbl1.pak	0x0172E9FE	Citizen 37	市民37
tbl1.pak	0x0172EA66	Citizen 38	市民38
# DISABLED_DUPLICATE_AFTER_SOURCE_REFRESH	tbl1.pak	0x0172EA60	Giant Rabbit Chief	巨大兔子首领
tbl1.pak	0x0172ED12	Citizen 39	市民39
tbl1.pak	0x0172EE22	Citizen 41	市民41
tbl1.pak	0x0172EFE2	Citizen 42	市民42
tbl1.pak	0x0172F02C	Citizen 43	市民43
tbl1.pak	*	Majin Warrior B	魔人战士B
# DISABLED_DUPLICATE_AFTER_SOURCE_REFRESH	tbl1.pak	0x0172EF88	Majin Warrior B	魔人战士B
tbl1.pak	0x0172F14A	Citizen 44	市民44
tbl1.pak	0x0172F600	Citizen 45	市民45
# TAIWAN_DEEP_OVERLAP_DISABLED_20260608	translation_any_taiwan	refs=table_text_all_data.rdf:6:4211102:0;table_text_all_data.rdf:6:4211201:0
# tbl1.pak	0x0172F5D2	Big Elder	大长老
tbl1.pak	0x0172F85E	Citizen 46	市民46
# DISABLED_DUPLICATE_AFTER_SOURCE_REFRESH	tbl1.pak	0x0172F984	Adventurer Cuckoo	冒险家咕咕鸡
tbl1.pak	0x0172FC88	Citizen 48	市民48
tbl1.pak	0x0172FFF4	Namekian Artist	那美克星人武道家
tbl1.pak	0x017300C4	Citizen 49	市民49
tbl1.pak	0x01730378	Wounded Namekian	受伤那美克星人
tbl1.pak	0x01730400	Citizen 50	市民50
tbl1.pak	0x01730560	Citizen 51	市民51
# DISABLED_DUPLICATE_AFTER_SOURCE_REFRESH	tbl1.pak	0x017304BE	Wounded Soldier	受伤士兵
tbl1.pak	0x01730664	Citizen 52	市民52
tbl1.pak	0x0173079E	Dragon Clan Magic	那美克龙族魔法
tbl1.pak	0x017307D8	Old Adventurer	老旧冒险家
tbl1.pak	0x01730866	Citizen 53	市民53
tbl1.pak	0x017309A6	Namekian Adventurer	那美克星人冒险家
tbl1.pak	0x017309D2	Citizen 54	市民54
tbl1.pak	0x01730B2C	Citizen 55	市民55
tbl1.pak	0x01730D72	Citizen 56	市民56
tbl1.pak	0x01730EE8	Citizen 57	市民57
tbl1.pak	0x01730FFC	Citizen 58	市民58
tbl1.pak	0x01731130	Dragon Clan Mentor Nuws	那美克龙族 Mentor Nuws
# DISABLED_DUPLICATE_AFTER_SOURCE_REFRESH	tbl1.pak	0x01731018	Dragon Clan Laden	那美克龙族 Laden
tbl1.pak	0x017311C4	Dragon Clan Yila	那美克龙族 Yila
tbl1.pak	0x01731230	Citizen 59	市民59
tbl1.pak	0x017312B8	Dragon Clan Gula	那美克龙族 Gula
tbl1.pak	0x017312EE	Citizen 60	市民60
tbl1.pak	0x0173134C	Dragon Clan Mo	那美克龙族 Mo
tbl1.pak	0x0173137C	Dragon Clan Shi Pining	那美克龙族 Shi Pining
tbl1.pak	0x017313EA	Dragon Clan Parker	那美克龙族 Parker
tbl1.pak	0x01731468	Citizen 018	市民018
tbl1.pak	0x017314F0	Dragon Clan Trainee Balinda	那美克龙族 Trainee Balinda
tbl1.pak	0x01731798	Citizen 019	市民019
# DISABLED_DUPLICATE_AFTER_SOURCE_REFRESH	tbl1.pak	0x0173250E	New Defense Unit	新防御部队
tbl1.pak	0x01732D6E	Citizen 020	市民020
# DISABLED_DUPLICATE_AFTER_SOURCE_REFRESH	tbl1.pak	0x01732DC2	Paella	皮拉夫
# DISABLED_DUPLICATE_AFTER_SOURCE_REFRESH	tbl1.pak	0x01732F60	Poko Sky Dragon	波可天空龙
# TAIWAN_DEEP_OVERLAP_DISABLED_20260608	translation_any_taiwan	refs=table_text_all_data.rdf:13:9047:0;table_text_all_data.rdf:6:5551101:0;table_text_all_data.rdf:6:5551102:0;table_text_all_data.rdf:6:5551103:0;table_text_all_data.rdf:6:5551104:0;table_text_all_data.rdf:6:5551106:0;table_text_all_data.rdf:6:5552101:0;table_text_all_data.rdf:6:5552102:0
# tbl1.pak	0x01733506	Piccolo	比克
# DISABLED_DUPLICATE_AFTER_SOURCE_REFRESH	tbl1.pak	0x01733640	Demon King Piccolo	恶魔王比克
tbl1.pak	0x0173381C	Citizen 021	市民021
# DISABLED_DUPLICATE_AFTER_SOURCE_REFRESH	tbl1.pak	0x01733728	Boo Boo	布欧布欧
tbl1.pak	0x01733998	Citizen 004	市民004
tbl1.pak	0x017339B4	Citizen 005	市民005
# DISABLED_DUPLICATE_AFTER_SOURCE_REFRESH	tbl1.pak	0x017338DE	Raditz	拉蒂兹
tbl1.pak	0x01733DAE	Pilaf Robot-001	皮拉夫机器人-001
# DISABLED_DUPLICATE_AFTER_SOURCE_REFRESH	tbl1.pak	0x01733C86	Pilaf Robot-002	皮拉夫机器人-002
# DISABLED_DUPLICATE_AFTER_SOURCE_REFRESH	tbl1.pak	0x01733CAA	Pilaf Robot-003	皮拉夫机器人-003
# DISABLED_DUPLICATE_AFTER_SOURCE_REFRESH	tbl1.pak	0x01733E08	King Saibaman	王栽培人
# DISABLED_DUPLICATE_AFTER_SOURCE_REFRESH	tbl1.pak	0x0173400E	Brainwashed Soldier	被洗脑士兵
tbl1.pak	0x01734842	Citizen 006	市民006
# TAIWAN_DEEP_OVERLAP_DISABLED_20260608	translation_any_taiwan	refs=local_data.dat:DST_SHENRON;table_text_all_data.rdf:5:717621440:0;table_text_all_data.rdf:6:6361101:0;table_text_all_data.rdf:6:6361102:0;table_text_all_data.rdf:6:6361103:0;table_text_all_data.rdf:6:6361104:0;table_text_all_data.rdf:6:6361105:0
# tbl1.pak	0x017347E0	Shenron	神龙
tbl1.pak	0x01734AD6	Pilaf Machine Manager	皮拉夫机器管理员
tbl1.pak	0x01734D68	Kiri Robot Manager	基里机器人管理员
tbl1.pak	0x01735334	Citizen 007	市民007
tbl1.pak	0x01735696	Citizen 008	市民008
tbl1.pak	0x01735796	Citizen 009	市民009
tbl1.pak	0x017359CE	Citizen 010	市民010
tbl1.pak	0x017359EA	Citizen 011	市民011
tbl1.pak	0x01735CEC	Citizen 012	市民012
tbl1.pak	0x01736130	Old Turtle	老旧龟
tbl1.pak	0x01736464	Citizen 013	市民013
tbl1.pak	0x01736480	Citizen 014	市民014
tbl1.pak	0x01736560	Citizen 015	市民015
tbl1.pak	0x0173657C	Citizen 016	市民016
tbl1.pak	0x017365FA	Citizen 017	市民017
tbl1.pak	0x01736616	Citizen 001	市民001
tbl1.pak	0x0173687C	CC Martial Artist Item Trader	CC 武道家 Item Trader
tbl1.pak	0x017368BC	CC Spiritualist Item Trader	CC 气功师 Item Trader
tbl1.pak	0x017368F8	CC Dragon Clan Item Trader	CC 那美克龙族 Item Trader
tbl1.pak	0x017369A0	CC Wonder Majin Item Trader	CC 意魔人 Item Trader
tbl1.pak	0x01736BEA	Citizen 002	市民002
# DISABLED_DUPLICATE_AFTER_SOURCE_REFRESH	tbl1.pak	0x017379B0	Legendary Wolf	传说狼
tbl1.pak	0x01737C86	Citizen 003	市民003
# DISABLED_DUPLICATE_AFTER_SOURCE_REFRESH	tbl1.pak	0x01737CB2	Yamcha	雅木茶
tbl1.pak	0x01737F0E	UD-Secret	UD-秘密
tbl1.pak	0x017498DA	Warriors use Ax or Claws and Dragon Clan use Scroll and Gems.	Warriors use Ax or Claws and 那美克龙族 use Scroll and Gems.
tbl1.pak	0x017562A0	HHey, practicing Spiritualist, can I reach the measurements of ten girls?	HHey, practicing 气功师, can I reach the measurements of ten girls?
# TAIWAN_DEEP_OVERLAP_DISABLED_20260608	translation_any_taiwan	refs=table_text_all_data.rdf:13:3011:0;table_text_all_data.rdf:13:5030:0;table_text_all_data.rdf:17:2611002:0;table_text_all_data.rdf:17:2612002:0;table_text_all_data.rdf:7:1211110:0;table_text_all_data.rdf:7:210110:0
# tbl1.pak	0x017F2666	Super Saiyan	超级赛亚人
# TAIWAN_DEEP_OVERLAP_DISABLED_20260608	translation_any_taiwan	refs=table_text_all_data.rdf:7:5202510:0;table_text_all_data.rdf:7:6202410:0
# tbl1.pak	0x017F2684	Pure Majin	纯粹魔人
tbl1.pak	0x017F2C0C	Giant Namek	巨大那美克
# DISABLED_DUPLICATE_AFTER_SOURCE_REFRESH	tbl1.pak	0x0180845E	Korin Village	卡林村
# DISABLED_DUPLICATE_AFTER_SOURCE_REFRESH	tbl1.pak	0x0180859C	Cell Ring	沙鲁戒指
# DISABLED_DUPLICATE_AFTER_SOURCE_REFRESH	tbl1.pak	0x018085B4	Buu Memorial	布欧纪念
# DISABLED_DUPLICATE_AFTER_SOURCE_REFRESH	tbl1.pak	0x018085F2	Mushroom Village	蘑菇村
# DISABLED_DUPLICATE_AFTER_SOURCE_REFRESH	tbl1.pak	0x01808AF6	Fairy Village	仙女村
# DISABLED_DUPLICATE_AFTER_SOURCE_REFRESH	tbl1.pak	0x0180A39E	Yahoi Secret Area	雅霍伊秘密区域
# DISABLED_DUPLICATE_AFTER_SOURCE_REFRESH	tbl1.pak	0x0180B000	Axe Rock	斧岩石
# DISABLED_DUPLICATE_AFTER_SOURCE_REFRESH	tbl1.pak	0x0180B56E	Diamond Area	钻石区域
# DISABLED_DUPLICATE_AFTER_SOURCE_REFRESH	tbl1.pak	0x0180B5E6	Crystal Area	水晶区域
# DISABLED_DUPLICATE_AFTER_SOURCE_REFRESH	tbl1.pak	0x0180BBBA	Wild Mushroom Area	狂野蘑菇区域
# DISABLED_DUPLICATE_AFTER_SOURCE_REFRESH	tbl1.pak	0x0180BC26	Mushroom Gang Area	蘑菇刚区域
# DISABLED_DUPLICATE_AFTER_SOURCE_REFRESH	tbl1.pak	0x0180BCA4	Mysterious Area	神秘区域
# DISABLED_DUPLICATE_AFTER_SOURCE_REFRESH	tbl1.pak	0x0180D1D6	Paella's Memorial	皮拉夫的纪念
# DISABLED_DUPLICATE_AFTER_SOURCE_REFRESH	tbl1.pak	0x0180D6BC	CC Battle Dungeon	CC战斗副本
# DISABLED_DUPLICATE_AFTER_SOURCE_REFRESH	tbl1.pak	0x0180D91C	Pirate Treasure Area	海盗宝藏区域
# TAIWAN_OVERLAP_DISABLED_20260608	translation_in_taiwan_item_tables	refs=table_text_all_data.rdf:12:16:0;table_text_all_data.rdf:3:29670030:0
# tbl1.pak	0x0181EACA	Lizard Meat	蜥蜴肉
tbl1.pak	0x0181ECBE	Ghost Tail	幽灵尾巴
# TAIWAN_OVERLAP_DISABLED_20260608	translation_in_taiwan_item_tables	refs=table_text_all_data.rdf:12:26:0
# tbl1.pak	0x0181EC0E	Namek Egg	那美克蛋
tbl1.pak	0x0181EDFE	Dragon Frog Skin	龙青蛙皮肤
tbl1.pak	0x01820298	Shadow Crystal Wand	暗影水晶短杖
tbl1.pak	0x0182065E	Golden Axe Head	黄金斧头
tbl1.pak	0x01820E22	Golden Saibaman Skin	黄金栽培人皮肤
tbl1.pak	0x018213D8	Steel Metal	钢金属
tbl1.pak	0x018215B0	Rainbow Mushroom	彩虹蘑菇
tbl1.pak	0x01821644	Black Mole Cricket Skin	黑色鼹鼠蟋蟀皮肤
# DISABLED_DUPLICATE_AFTER_SOURCE_REFRESH	tbl1.pak	0x018215F4	Pilaf Bomb	皮拉夫炸弹
# DISABLED_DUPLICATE_AFTER_SOURCE_REFRESH	tbl1.pak	0x01821634	Magic Dragon Egg	魔法龙蛋
tbl1.pak	0x018227CE	Space Machine Parts	空间机器零件
tbl1.pak	0x01822E5C	Metal Needle	金属针
# TAIWAN_OVERLAP_DISABLED_20260608	translation_in_taiwan_item_tables	refs=table_text_all_data.rdf:12:409:0;table_text_all_data.rdf:3:29850070:0;table_text_all_data.rdf:3:920080:0
# tbl1.pak	0x01822CDC	Dinosaur Meat	恐龙肉
tbl1.pak	0x0182357E	Ice Saibaman Sample	冰栽培人样品
# DISABLED_DUPLICATE_AFTER_SOURCE_REFRESH	tbl1.pak	0x0182359E	Tool Box	工具盒
# DISABLED_DUPLICATE_AFTER_SOURCE_REFRESH	tbl1.pak	0x0182368A	Red Underwear	红色内衣
# DISABLED_DUPLICATE_AFTER_SOURCE_REFRESH	tbl1.pak	0x018237C0	5 Star Dragon Ball	5星龙珠
tbl1.pak	0x01823C76	Frog Hat	青蛙帽子
# TAIWAN_OVERLAP_DISABLED_20260608	translation_in_taiwan_item_tables	refs=table_text_all_data.rdf:12:519:0;table_text_all_data.rdf:3:14000070:0;table_text_all_data.rdf:3:180120:0
# tbl1.pak	0x01823F4C	CC Life Pill M	CC生命药丸M
tbl1.pak	0x018242BE	Saibaman Big Fan	栽培人大扇
tbl1.pak	0x01824CA6	Paella Weapon	皮拉夫武器
tbl1.pak	0x01824CC6	Paella Tool	皮拉夫工具
tbl1.pak	0x01824E62	Robot Wreckage Photo	机器人残骸照片
# DISABLED_DUPLICATE_AFTER_SOURCE_REFRESH	tbl1.pak	0x01824CFE	Wolf Leather	狼皮革
tbl1.pak	0x01824F68	General's Secret Letter	将军的秘密信
tbl1.pak	0x0182538C	Dark Frog Meat	黑暗青蛙肉
tbl1.pak	0x01825834	Saibaman Claws	栽培人爪
tbl1.pak	0x01825D52	Chocolate Namekian	巧克力那美克星人
tbl1.pak	0x01825DCE	Elder's Staff	长老的杖
tbl1.pak	0x01825DEE	Elder's Fan	长老的扇
tbl1.pak	0x01825E0A	Old Namekian Elder	老旧那美克星人长老
tbl1.pak	0x01826474	CPU Core	CPU核心
tbl1.pak	0x0182661A	Robot Dashboard	机器人仪表盘
# DISABLED_DUPLICATE_AFTER_SOURCE_REFRESH	tbl1.pak	0x018267B2	Wolf Hair	狼发型
tbl1.pak	0x01826A8E	Robot Controller	机器人控制器
tbl1.pak	0x01826B32	Fuel Bomb	燃料炸弹
# TAIWAN_OVERLAP_DISABLED_20260608	translation_in_taiwan_item_tables	refs=table_text_all_data.rdf:12:802:0;table_text_all_data.rdf:3:990380:0
# tbl1.pak	0x01826B68	RP Bomb	RP炸弹
tbl1.pak	0x01827106	Ghost Spirit Soul	幽灵精神灵魂
tbl1.pak	0x0182712E	Evil Spirit Soul	邪恶精神灵魂
# DISABLED_DUPLICATE_AFTER_SOURCE_REFRESH	tbl1.pak	0x0182707C	AI Chip	AI芯片
tbl1.pak	0x01827710	Yahoi Treasure	雅霍伊宝藏
# DISABLED_DUPLICATE_AFTER_SOURCE_REFRESH	tbl1.pak	0x018275B4	Beetle Cell Sample	甲虫沙鲁样品
# DISABLED_DUPLICATE_AFTER_SOURCE_REFRESH	tbl1.pak	0x0182764C	Machine Gun	机器枪
tbl1.pak	0x01827840	Hot Axe	火辣斧
tbl1.pak	0x01827AEA	Sweet Liquid	甜液体
tbl1.pak	0x01827BA2	Robot Power Generator	机器人力量发生器
tbl1.pak	0x01827D1A	Needle Saibaman Skin	针栽培人皮肤
tbl1.pak	0x01827E82	Needle Saibaman Needle	针栽培人针
# TAIWAN_OVERLAP_DISABLED_20260608	translation_in_taiwan_item_tables	refs=table_text_all_data.rdf:3:29820010:0
# tbl1.pak	0x01828056	Saibaman Skin	栽培人皮肤
# DISABLED_DUPLICATE_AFTER_SOURCE_REFRESH	tbl1.pak	0x0182883A	Robot's Gun	机器人的枪
# DISABLED_DUPLICATE_AFTER_SOURCE_REFRESH	tbl1.pak	0x01828960	Robot AI Chip	机器人AI芯片
tbl1.pak	0x01828B58	Kiri-Robot AI Chip	基里-机器人AI芯片
# DISABLED_DUPLICATE_AFTER_SOURCE_REFRESH	tbl1.pak	0x01828C56	Guard Robot AI Chip	守卫机器人AI芯片
# DISABLED_DUPLICATE_AFTER_SOURCE_REFRESH	tbl1.pak	0x01829174	Supply Box	补给盒
# DISABLED_DUPLICATE_AFTER_SOURCE_REFRESH	tbl1.pak	0x018292BC	Blue Liquid	蓝色液体
# DISABLED_DUPLICATE_AFTER_SOURCE_REFRESH	tbl1.pak	0x01829548	Robot's Memory	机器人的存储器
tbl1.pak	0x01829888	Helmet Material	头盔材料
# DISABLED_DUPLICATE_AFTER_SOURCE_REFRESH	tbl1.pak	0x0182990A	Wind Saibaman Fan	风栽培人扇
tbl1.pak	0x01829C0A	Steel Club	钢棒
tbl1.pak	0x01829C24	Tiger Skin	老虎皮肤
# DISABLED_DUPLICATE_AFTER_SOURCE_REFRESH	tbl1.pak	0x01829B8E	Robot Parts	机器人零件
# TAIWAN_OVERLAP_DISABLED_20260608	translation_in_taiwan_item_tables	refs=table_text_all_data.rdf:12:1106:0
# tbl1.pak	0x01829BAA	Robot Fuel	机器人燃料
tbl1.pak	0x01829E3A	White Saibaman Skin	白色栽培人皮肤
tbl1.pak	0x01829E90	Head-Wind Saibaman Fan	头-风栽培人扇
tbl1.pak	0x0182A226	Combat Memory	战斗存储器
# DISABLED_DUPLICATE_AFTER_SOURCE_REFRESH	tbl1.pak	0x0182A0B0	Power Chip	力量芯片
# TAIWAN_OVERLAP_DISABLED_20260608	translation_in_taiwan_item_tables	refs=table_text_all_data.rdf:12:1158:0
# tbl1.pak	0x0182A43C	Robot CPU	机器人CPU
tbl1.pak	0x0182A62C	Pilaf Machine Wreckage	皮拉夫机器残骸
tbl1.pak	0x0182A65E	Wild Herbs	狂野药草
tbl1.pak	0x0182A678	Iron Box	铁盒
tbl1.pak	0x0182A78C	Short Circuit Chip	短电路芯片
tbl1.pak	0x0182A7D4	New Power Chip	新力量芯片
# DISABLED_DUPLICATE_AFTER_SOURCE_REFRESH	tbl1.pak	0x0182A656	Mole Cricket Cell Sample	鼹鼠蟋蟀沙鲁样品
tbl1.pak	0x0182A864	Beetle's Cell Sample	甲虫的沙鲁样品
tbl1.pak	0x0182B934	Mira Military Robot Parts	米拉军用机器人零件
tbl1.pak	0x0182BAB2	Narak's Magic	那拉克的魔法
# TAIWAN_OVERLAP_DISABLED_20260608	translation_in_taiwan_item_tables	refs=table_text_all_data.rdf:12:1286:0
# tbl1.pak	0x0182B9A6	Mushroom Bomb	蘑菇炸弹
# DISABLED_DUPLICATE_AFTER_SOURCE_REFRESH	tbl1.pak	0x0182BB20	Yellow Dye	黄色染色
tbl1.pak	0x0182C14A	Saibaman Extract	栽培人萃取物
tbl1.pak	0x0182C19C	Scarlet Dye	绯红染色
tbl1.pak	0x0182C1B8	Black Dye	黑色染色
# DISABLED_DUPLICATE_AFTER_SOURCE_REFRESH	tbl1.pak	0x0182C220	High-Class Robot Part	高级-职业机器人零件
tbl1.pak	0x0182C642	Capsule Corp Machine	胶囊公司机器
tbl1.pak	0x0182C77C	Android Power Device	人造人力量装置
tbl1.pak	0x0182CA92	Alien Detoxification Kit	异星解毒工具包
# DISABLED_DUPLICATE_AFTER_SOURCE_REFRESH	tbl1.pak	0x0182C938	Black Box	黑色盒
# DISABLED_DUPLICATE_AFTER_SOURCE_REFRESH	tbl1.pak	0x0182CB54	Mushroom Box	蘑菇盒
# DISABLED_DUPLICATE_AFTER_SOURCE_REFRESH	tbl1.pak	0x0182CC46	Sparkling Water	闪耀水
# TAIWAN_OVERLAP_DISABLED_20260608	translation_in_taiwan_item_tables	refs=table_text_all_data.rdf:12:1435:0
# tbl1.pak	0x0182D220	RP Special Robot Parts	RP特殊机器人零件
tbl1.pak	0x0182D42A	Popo Pound Cell	波波重击沙鲁
# TAIWAN_OVERLAP_DISABLED_20260608	translation_in_taiwan_item_tables	refs=table_text_all_data.rdf:12:1437:0
# tbl1.pak	0x0182D276	CC Robot Processor	CC机器人处理器
# DISABLED_DUPLICATE_AFTER_SOURCE_REFRESH	tbl1.pak	0x0182D78A	Wild Mushroom	狂野蘑菇
# DISABLED_DUPLICATE_AFTER_SOURCE_REFRESH	tbl1.pak	0x0182D7C4	Dragon Stone	龙石
tbl1.pak	0x0182DF2C	Paella Chest	皮拉夫胸甲
# DISABLED_DUPLICATE_AFTER_SOURCE_REFRESH	tbl1.pak	0x0182DFEE	Dragon Egg	龙蛋
tbl1.pak	0x0182E44A	Dragon's Claws	龙的爪
tbl1.pak	*	Broken Dragon Clan Staff	Broken 那美克龙族 Staff
tbl1.pak	0x0182EDBC	Family Necklace Photo	家族项链照片
tbl1.pak	0x0182F22A	King's Letter	王的信
# DISABLED_DUPLICATE_AFTER_SOURCE_REFRESH	tbl1.pak	0x0182F5EE	Octopus Skin	章鱼皮肤
tbl1.pak	0x01831224	Namek Warrior Caleb's very heavy bag.	那美克战士 Caleb's very heavy bag.
tbl1.pak	0x01831274	Namek Warrior Cleru's delicious pineapple.	那美克战士 Cleru's delicious pineapple.
tbl1.pak	0x01831C48	Namek Warrior Howe's entrusted letter.	那美克战士 Howe's entrusted letter.
tbl1.pak	0x018349D2	Red Crystal	红色水晶
tbl1.pak	0x018376F2	Big Metal Bucket	大金属桶
tbl1.pak	0x0183E054	CCloak, handed over from  legendary\nNamek Warrior Mr. P. to Gullah.	CCloak, handed over from  legendary\n那美克战士 Mr. P. to Gullah.
tbl1.pak	0x0185E15A	Very old Dragon Clan Staff.	Very old 那美克龙族 Staff.
# DISABLED_DUPLICATE_AFTER_SOURCE_REFRESH	tbl1.pak	0x0186B754	Capsule Box	盒胶囊
tbl1.pak	0x0186BA28	Alternate Key	异色钥匙
# TAIWAN_DEEP_OVERLAP_DISABLED_20260608	translation_any_taiwan	refs=local_data.dat:DST_HUMAN_FIGHTER;table_text_all_data.rdf:13:6010:0;table_text_all_data.rdf:14:3005:0;table_text_all_data.rdf:6:1181101:0;table_text_all_data.rdf:6:1181102:0
# tbl1.pak	0x0186B918	Martial Artist	武道家
# TAIWAN_DEEP_OVERLAP_DISABLED_20260608	translation_any_taiwan	refs=local_data.dat:DST_HUMAN_MYSTIC;table_text_all_data.rdf:13:6011:0;table_text_all_data.rdf:14:3006:0
# tbl1.pak	0x0186B93A	Spiritualist	气功师
# TAIWAN_DEEP_OVERLAP_DISABLED_20260608	translation_any_taiwan	refs=local_data.dat:DST_NAMEK_FIGHTER;table_text_all_data.rdf:13:6008:0;table_text_all_data.rdf:14:3007:0;table_text_all_data.rdf:3:111703240:0
# tbl1.pak	0x0186B958	Warrior	那美克战士
# TAIWAN_DEEP_OVERLAP_DISABLED_20260608	translation_any_taiwan	refs=local_data.dat:DST_NAMEK_MYSTIC;table_text_all_data.rdf:13:6009:0;table_text_all_data.rdf:14:3008:0
# tbl1.pak	0x0186B96C	Dragon Clan	那美克龙族
# TAIWAN_DEEP_OVERLAP_DISABLED_20260608	translation_any_taiwan	refs=local_data.dat:DST_WONDER_MAJIN;table_text_all_data.rdf:13:6014:0;table_text_all_data.rdf:14:3010:0
# tbl1.pak	0x0186B9A6	Wonder Majin	意魔人
tbl1.pak	0x018792E8	Old Cell Ring	老旧沙鲁戒指
tbl1.pak	0x01879308	New Cell Ring	新沙鲁戒指
tbl1.pak	0x01879906	CC Life Material	CC生命材料
# TAIWAN_OVERLAP_DISABLED_20260608	translation_in_taiwan_item_tables	refs=table_text_all_data.rdf:3:111704390:0
# tbl1.pak	0x018C9AC4	Strong Soul	强力灵魂
# DISABLED_DUPLICATE_AFTER_SOURCE_REFRESH	tbl1.pak	0x018C9AE0	Soul King	灵魂王
tbl1.pak	0x018C9F02	Red Fury	红色狂怒
# DISABLED_DUPLICATE_AFTER_SOURCE_REFRESH	tbl1.pak	0x018C9F8C	Dragon Fury	龙狂怒
# DISABLED_DUPLICATE_AFTER_SOURCE_REFRESH	tbl1.pak	0x018CA0FA	Noble Soul	贵族灵魂
tbl1.pak	0x018CA472	Ultimate Combo	终极连击
# DISABLED_DUPLICATE_AFTER_SOURCE_REFRESH	tbl1.pak	0x018CA388	Happy Halloween	快乐万圣节
# TAIWAN_DEEP_OVERLAP_DISABLED_20260608	translation_any_taiwan	refs=local_data.dat:DST_TELEPORT_TYPE_DUNGEON
# tbl1.pak	0x011ADE53	Dungeon	副本
tbl1.pak	0x012109CD	HEN Buff 50400 Lv1	HEN增益50400Lv1
tbl1.pak	0x01210B29	HEN Buff 50400 Lv2	HEN增益50400Lv2
tbl1.pak	0x01210C85	HEN Buff 50400 Lv3	HEN增益50400Lv3
tbl1.pak	0x01210DE1	HEN Buff 50400 Lv4	HEN增益50400Lv4
tbl1.pak	0x01210F3D	HEN Buff 50410 Lv1	HEN增益50410Lv1
tbl1.pak	0x01211099	HEN Buff 50410 Lv2	HEN增益50410Lv2
tbl1.pak	0x012111F5	HEN Buff 50410 Lv3	HEN增益50410Lv3
tbl1.pak	0x01211351	HEN Buff 50410 Lv4	HEN增益50410Lv4
tbl1.pak	0x012114AD	HEN Buff 50420 Lv1	HEN增益50420Lv1
tbl1.pak	0x01211609	HEN Buff 50420 Lv2	HEN增益50420Lv2
tbl1.pak	0x01211765	HEN Buff 50420 Lv3	HEN增益50420Lv3
tbl1.pak	0x012118C1	HEN Buff 50420 Lv4	HEN增益50420Lv4
tbl1.pak	0x01211A1D	HEN Buff 50430 Lv1	HEN增益50430Lv1
tbl1.pak	0x01211B79	HEN Buff 50430 Lv2	HEN增益50430Lv2
tbl1.pak	0x01211CD5	HEN Buff 50430 Lv3	HEN增益50430Lv3
tbl1.pak	0x01211E31	HEN Buff 50430 Lv4	HEN增益50430Lv4
tbl1.pak	0x01211F8D	HEN Buff 50440 Lv1	HEN增益50440Lv1
tbl1.pak	0x012120E9	HEN Buff 50440 Lv2	HEN增益50440Lv2
tbl1.pak	0x01212245	HEN Buff 50440 Lv3	HEN增益50440Lv3
tbl1.pak	0x012123A1	HEN Buff 50440 Lv4	HEN增益50440Lv4
tbl1.pak	0x0121459D	Dragon Clan Transformation	那美克龙族 Transformation
tbl1.pak	0x012149B1	SSJ GOD Spiritualist	SSJ GOD 气功师
tbl1.pak	0x01214DC5	SSJ2 Spiritualist	SSJ2 气功师
tbl1.pak	0x0121507D	SSJ4 Spiritualist	SSJ4 气功师
tbl1.pak	0x012151D9	Super Buu Might	超级布欧大
tbl1.pak	0x01215491	Ozaru Spiritualist	大猿气功师
tbl1.pak	0x01215749	Super Buu Wonder	超级布欧意
tbl1.pak	0x01215A01	Gotenks Buu Might	悟天克斯布欧大
tbl1.pak	0x01215B5D	Gotenks Buu Wonder	悟天克斯布欧意
tbl1.pak	0x01215CB9	Dark Namek Warrior	黑暗那美克战士
tbl1.pak	0x01215E15	Dark Namek Dragon Clan	黑暗那美克龙族
tbl1.pak	0x01225169	SSJ Blue Spiritualist	SSJ Blue 气功师
tbl1.pak	0x01238B6D	SS3 Might	超级赛亚人3大
tbl1.pak	0x01238CC9	SS3 Wonder	超级赛亚人3意
tbl1.pak	0x0123B021	Orange Muscle Dragon Clan	Orange Muscle 那美克龙族
tbl1.pak	0x0125A9D1	Daima SS4 Spiritualist	Daima SS4 气功师
tbl1.pak	0x0125AB2D	Imperator Namek Warrior	帝王那美克战士
tbl1.pak	0x0125AC89	Imperator Namek Dragon Clan	帝王那美克龙族
tbl1.pak	0x0125ADE5	Xeno Majin Might	异次元魔人大
tbl1.pak	0x0125AF41	Xeno Majin Wonder	异次元魔人意
tbl1.pak	0x01262429	SSJ3 Spiritualist	SSJ3 气功师
tbl1.pak	0x01272671	Turtle	龟
tbl1.pak	0x012843E9	Buff SK 85	增益SK85
# TAIWAN_DEEP_OVERLAP_DISABLED_20260608	translation_any_taiwan	refs=table_text_all_data.rdf:13:17029:0
# tbl1.pak	0x012B37B9	Fighter	战士
tbl1.pak	0x012B6CBD	Golden Ozaru	黄金大猿
tbl1.pak	0x012B6E19	Golden Ozaru Spiritualist	黄金大猿气功师
tbl1.pak	0x012D5E73	Dark Devil's Silver Coin	黑暗魔鬼的银色硬币
tbl1.pak	0x012D5F8D	Dark Devil's Gold Coin	黑暗魔鬼的黄金硬币
tbl1.pak	0x012D609B	Dark Devil Silver Coin Title	黑暗魔鬼银色硬币称号
tbl1.pak	0x012D88B1	Blessed Chest	祝福胸甲
tbl1.pak	0x012D893B	Wind Chest	风胸甲
tbl1.pak	0x012D89B9	Hot Chest A	火辣胸甲A
tbl1.pak	0x012D8A39	Hot Chest B	火辣胸甲B
# TAIWAN_OVERLAP_DISABLED_20260608	translation_in_taiwan_item_tables	refs=table_text_all_data.rdf:3:10170:0
# tbl1.pak	0x012D93B5	Shenron Coin	神龙硬币
tbl1.pak	0x012D978D	Powerful Treasure Chest A	强力宝箱A
tbl1.pak	0x012D9831	Kami's Chest A	天神的胸甲A
tbl1.pak	0x012D9853	Old Chest	老旧胸甲
tbl1.pak	0x012D98B1	Powerful Treasure Chest B	强力宝箱B
tbl1.pak	0x012D98E9	Powerful Treasure Chest C	强力宝箱C
# DISABLED_DUPLICATE_AFTER_SOURCE_REFRESH	tbl1.pak	0x012D9951	Mysterious Treasure Chest B	神秘宝箱B
# DISABLED_DUPLICATE_AFTER_SOURCE_REFRESH	tbl1.pak	0x012D998D	Mysterious Treasure Chest C	神秘宝箱C
tbl1.pak	0x012D9A75	Powerful Treasure Chest D	强力宝箱D
# DISABLED_DUPLICATE_AFTER_SOURCE_REFRESH	tbl1.pak	0x012D9A6F	Mysterious Treasure Chest D	神秘宝箱D
tbl1.pak	0x012DA319	Red Dye	红色染色
tbl1.pak	0x012DA489	Green Dye	绿色染色
# DISABLED_DUPLICATE_AFTER_SOURCE_REFRESH	tbl1.pak	0x012DA43D	Blue Dye	蓝色染色
tbl1.pak	0x012DA585	Purple Dye	紫色染色
tbl1.pak	0x012DBD5D	Korin Ring	卡林戒指
# TAIWAN_OVERLAP_DISABLED_20260608	translation_in_taiwan_item_tables	refs=table_text_all_data.rdf:3:180110:0
# tbl1.pak	0x012DC2EB	CC Life Pill S	CC生命药丸S
# TAIWAN_OVERLAP_DISABLED_20260608	translation_in_taiwan_item_tables	refs=table_text_all_data.rdf:3:14000060:0;table_text_all_data.rdf:3:180130:0
# tbl1.pak	0x012DC507	CC Life Pill L	CC生命药丸L
# TAIWAN_OVERLAP_DISABLED_20260608	translation_in_taiwan_item_tables	refs=table_text_all_data.rdf:3:180140:0
# tbl1.pak	0x012DC5BF	CC Life Pill X	CC生命药丸X
# DISABLED_DUPLICATE_AFTER_SOURCE_REFRESH	tbl1.pak	0x012DC675	CC Magic Pill S	CC魔法药丸S
# DISABLED_DUPLICATE_AFTER_SOURCE_REFRESH	tbl1.pak	0x012DC7F9	CC Magic Pill M	CC魔法药丸M
# DISABLED_DUPLICATE_AFTER_SOURCE_REFRESH	tbl1.pak	0x012DC8EF	CC Magic Pill L	CC魔法药丸L
# DISABLED_DUPLICATE_AFTER_SOURCE_REFRESH	tbl1.pak	0x012DC9AB	CC Magic Pill X	CC魔法药丸X
# DISABLED_DUPLICATE_AFTER_SOURCE_REFRESH	tbl1.pak	0x012DCC95	Smoked Tilapia	烟熏罗非鱼
tbl1.pak	0x012DD1F7	Medicinal Herbs	药用药草
# DISABLED_DUPLICATE_AFTER_SOURCE_REFRESH	tbl1.pak	0x012DD8D9	Plump Chocolate	饱满巧克力
# DISABLED_DUPLICATE_AFTER_SOURCE_REFRESH	tbl1.pak	0x012DDC1D	Sparkling Pudding	闪耀布丁
# DISABLED_DUPLICATE_AFTER_SOURCE_REFRESH	tbl1.pak	0x012DDF8B	Energy Drink	气功饮料
# DISABLED_DUPLICATE_AFTER_SOURCE_REFRESH	tbl1.pak	0x012DE06B	Mineral Drink	矿石饮料
# DISABLED_DUPLICATE_AFTER_SOURCE_REFRESH	tbl1.pak	0x012DE151	Cosmo Drink	宇宙饮料
# DISABLED_DUPLICATE_AFTER_SOURCE_REFRESH	tbl1.pak	0x012DE235	Green Bull	绿色公牛
# TAIWAN_OVERLAP_DISABLED_20260608	translation_in_taiwan_item_tables	refs=table_text_all_data.rdf:3:180650:0
# tbl1.pak	0x012DE323	Z Drink	Z饮料
tbl1.pak	0x012DE5DF	Energy Club Drink	气功棒饮料
# DISABLED_DUPLICATE_AFTER_SOURCE_REFRESH	tbl1.pak	0x012DE617	Medicinal Water	药用水
# DISABLED_DUPLICATE_AFTER_SOURCE_REFRESH	tbl1.pak	0x012DE6EB	Leaf Water	叶水
# DISABLED_DUPLICATE_AFTER_SOURCE_REFRESH	tbl1.pak	0x012DE7B7	Ice Water	冰水
# DISABLED_DUPLICATE_AFTER_SOURCE_REFRESH	tbl1.pak	0x012DE9F3	Pure Water	纯粹水
# DISABLED_DUPLICATE_AFTER_SOURCE_REFRESH	tbl1.pak	0x012DEEE1	Cream Soda	奶油苏打
# TAIWAN_OVERLAP_DISABLED_20260608	translation_in_taiwan_item_tables	refs=table_text_all_data.rdf:3:180910:0;table_text_all_data.rdf:3:29000880:0
# tbl1.pak	0x012DF255	Detoxification Capsule	解毒胶囊
# DISABLED_DUPLICATE_AFTER_SOURCE_REFRESH	tbl1.pak	0x012DF34D	Great Detoxification Capsule	巨大解毒胶囊
# TAIWAN_OVERLAP_DISABLED_20260608	translation_in_taiwan_item_tables	refs=table_text_all_data.rdf:3:180920:0;table_text_all_data.rdf:3:29001730:0
# tbl1.pak	0x012DF467	Premium Detoxification Capsule	高级解毒胶囊
# DISABLED_DUPLICATE_AFTER_SOURCE_REFRESH	tbl1.pak	0x012E1359	HL Life Pill X	HL生命药丸X
# DISABLED_DUPLICATE_AFTER_SOURCE_REFRESH	tbl1.pak	0x012E13FF	HL Life Pill Y	HL生命药丸Y
# DISABLED_DUPLICATE_AFTER_SOURCE_REFRESH	tbl1.pak	0x012E14BF	HL Magic Pill X	HL魔法药丸X
# DISABLED_DUPLICATE_AFTER_SOURCE_REFRESH	tbl1.pak	0x012E1569	HL Magic Pill Y	HL魔法药丸Y
# DISABLED_DUPLICATE_AFTER_SOURCE_REFRESH	tbl1.pak	0x012E1921	HL Life Pill X-S	HL生命药丸X-S
# DISABLED_DUPLICATE_AFTER_SOURCE_REFRESH	tbl1.pak	0x012E19BF	HL Life Pill Y-S	HL生命药丸Y-S
# DISABLED_DUPLICATE_AFTER_SOURCE_REFRESH	tbl1.pak	0x012E1A83	HL Magic Pill X-S	HL魔法药丸X-S
# DISABLED_DUPLICATE_AFTER_SOURCE_REFRESH	tbl1.pak	0x012E1B25	HL Magic Pill Y-S	HL魔法药丸Y-S
# DISABLED_DUPLICATE_AFTER_SOURCE_REFRESH	tbl1.pak	0x012E1D2B	HL Detoxification Pill S	HL解毒药丸S
# DISABLED_DUPLICATE_AFTER_SOURCE_REFRESH	tbl1.pak	0x012E1DA5	HL Pain Treatment Pill S	HL疼痛治疗药丸S
# DISABLED_DUPLICATE_AFTER_SOURCE_REFRESH	tbl1.pak	0x012E20F9	Energy Potion	气功药水
# DISABLED_DUPLICATE_AFTER_SOURCE_REFRESH	tbl1.pak	0x012E216F	Soul Potion	灵魂药水
# TAIWAN_OVERLAP_DISABLED_20260608	translation_in_taiwan_item_tables	refs=table_text_all_data.rdf:3:181470:0;table_text_all_data.rdf:3:29004050:0
# tbl1.pak	0x012E21E9	Speed Potion	速度药水
# DISABLED_DUPLICATE_AFTER_SOURCE_REFRESH	tbl1.pak	0x012E3031	HL Life Pill Z	HL生命药丸Z
# DISABLED_DUPLICATE_AFTER_SOURCE_REFRESH	tbl1.pak	0x012E30DB	HL Life Pill Z-S	HL生命药丸Z-S
# DISABLED_DUPLICATE_AFTER_SOURCE_REFRESH	tbl1.pak	0x012E3189	HL Magic Pill Z	HL魔法药丸Z
# DISABLED_DUPLICATE_AFTER_SOURCE_REFRESH	tbl1.pak	0x012E3237	HL Magic Pill Z-S	HL魔法药丸Z-S
tbl1.pak	0x012EBE15	Basic Capsule Kit	基础胶囊工具包
tbl1.pak	0x012EC26F	Red Capsule Box N4	红色胶囊盒N4
# DISABLED_DUPLICATE_AFTER_SOURCE_REFRESH	tbl1.pak	0x012EC7E3	Upgrade Stone U15	升级石U15
tbl1.pak	0x012EC9C3	Pure Upgrade Stone U15	纯粹升级石U15
tbl1.pak	0x012ECB05	Black Downgrade Stone U15	黑色降级石U15
# TAIWAN_DEEP_OVERLAP_DISABLED_20260608	pair_any_taiwan	refs=local_data.dat:DST_DOJO_UPGRADE_NEED_ITEM
# tbl1.pak	0x012ECB39	Upgrade Stone	升级石
# DISABLED_DUPLICATE_AFTER_SOURCE_REFRESH	tbl1.pak	0x012ECBFD	Pure Upgrade Stone	纯粹升级石
# DISABLED_DUPLICATE_AFTER_SOURCE_REFRESH	tbl1.pak	0x012ECCCF	Black Downgrade Stone	黑色降级石
# DISABLED_DUPLICATE_AFTER_SOURCE_REFRESH	tbl1.pak	0x012ECDA7	Special Upgrade Stone	特殊升级石
# DISABLED_DUPLICATE_AFTER_SOURCE_REFRESH	tbl1.pak	0x012ED3B3	Life Spirit Stone	生命精神石
# DISABLED_DUPLICATE_AFTER_SOURCE_REFRESH	tbl1.pak	0x012ED45B	Energy Spirit Stone	气功精神石
tbl1.pak	0x012ED77F	Upgrade Stone U25	升级石U25
# DISABLED_DUPLICATE_AFTER_SOURCE_REFRESH	tbl1.pak	0x012ED885	1 Star Dragon Ball	1星龙珠
# DISABLED_DUPLICATE_AFTER_SOURCE_REFRESH	tbl1.pak	0x012ED971	2 Star Dragon Ball	2星龙珠
# DISABLED_DUPLICATE_AFTER_SOURCE_REFRESH	tbl1.pak	0x012EDA5D	3 Star Dragon Ball	3星龙珠
# DISABLED_DUPLICATE_AFTER_SOURCE_REFRESH	tbl1.pak	0x012EDB49	4 Star Dragon Ball	4星龙珠
# DISABLED_DUPLICATE_AFTER_SOURCE_REFRESH	tbl1.pak	0x012EDD21	6 Star Dragon Ball	6星龙珠
# DISABLED_DUPLICATE_AFTER_SOURCE_REFRESH	tbl1.pak	0x012EDE0D	7 Star Dragon Ball	7星龙珠
tbl1.pak	0x012EFE0F	Ancient Staff	古代杖
# TAIWAN_OVERLAP_DISABLED_20260608	translation_in_taiwan_item_tables	refs=table_text_all_data.rdf:3:6660080:0;table_text_all_data.rdf:3:801060:0
# tbl1.pak	0x012EFFC5	Rubber Staff	橡胶杖
# DISABLED_DUPLICATE_AFTER_SOURCE_REFRESH	tbl1.pak	0x012F0215	Purple Crystal Staff	紫色水晶杖
# DISABLED_DUPLICATE_AFTER_SOURCE_REFRESH	tbl1.pak	0x012F0981	Red Flame Scroll	红色火焰卷轴
# DISABLED_DUPLICATE_AFTER_SOURCE_REFRESH	tbl1.pak	0x012F0BA5	Red Magic Flame Gem	红色魔法火焰宝石
tbl1.pak	*	Warrior Sword	那美克战士剑
# DISABLED_DUPLICATE_AFTER_SOURCE_REFRESH	tbl1.pak	0x012F1247	Green Jade Wand	绿色翡翠短杖
# DISABLED_DUPLICATE_AFTER_SOURCE_REFRESH	tbl1.pak	0x012F12B9	Turtle Wand	龟短杖
# TAIWAN_OVERLAP_DISABLED_20260608	translation_in_taiwan_item_tables	refs=table_text_all_data.rdf:3:6750030:0;table_text_all_data.rdf:3:810020:0
# tbl1.pak	0x012F1501	Rainbow Crane Fan	彩虹鹤扇
# tbl1.pak	0x012F1F21	Devil Mask	魔鬼面具
# tbl1.pak	0x012F206B	Mechanical Mask	机械面具
# tbl1.pak	0x012F2B35	Yahoi Spirit Necklace	雅霍伊精神项链
# tbl1.pak	0x012F2CA5	Legendary Gem Necklace	传说宝石项链
# tbl1.pak	0x012F3325	Red Jade Ring	红色翡翠戒指
# tbl1.pak	0x012F3A6B	Demon Spirit Ring	恶魔精神戒指
# tbl1.pak	0x012F45D3	Fire Earring	火耳环
# tbl1.pak	0x012F47F1	Dark Blue Earring	黑暗蓝色耳环
# tbl1.pak	0x012F4BEB	Spirit Earring	精神耳环
# tbl1.pak	0x012F4D89	Red Flame Earring	红色火焰耳环
# tbl1.pak	0x012F56AF	Alien Scouter	异星探测器
# tbl1.pak	0x012F58BF	Frieza Scouter	弗利萨探测器
# tbl1.pak	0x012F5959	Super Scouter	超级探测器
# TAIWAN_OVERLAP_DISABLED_20260608	translation_in_taiwan_item_tables	refs=table_text_all_data.rdf:3:826100:0
# tbl1.pak	0x012F5C93	Powerful Life Capsule	强力生命胶囊
tbl1.pak	0x012F6A69	Black Frog Meat	黑色青蛙肉
tbl1.pak	0x012FD4B9	HCostume provided for kids at the\nbeginnings of Martial Artist training.	HCostume provided for kids at the\nbeginnings of 武道家 training.
tbl1.pak	*	ZMartial Artist tops made with human made\nfibre copied from firm skin tissues of namekian.	Z武道家 tops made with human made\nfibre copied from firm skin tissues of namekian.
# DISABLED_DUPLICATE_AFTER_SOURCE_REFRESH	tbl1.pak	0x012FE3FD	ZMartial Artist tops made with human made\nfibre copied from firm skin tissues of namekian.	Z武道家 tops made with human made\nfibre copied from firm skin tissues of namekian.
# DISABLED_DUPLICATE_AFTER_SOURCE_REFRESH	tbl1.pak	0x012FE4E1	ZMartial Artist tops made with human made\nfibre copied from firm skin tissues of namekian.	Z武道家 tops made with human made\nfibre copied from firm skin tissues of namekian.
tbl1.pak	0x0130A813	Yamcha's Outfit	雅木茶的套装
tbl1.pak	0x0130A907	Kami's Outfit	天神的套装
# DISABLED_DUPLICATE_AFTER_SOURCE_REFRESH	tbl1.pak	0x0130AAE7	Android 16 Outfit	人造人16套装
# TAIWAN_OVERLAP_DISABLED_20260608	translation_in_taiwan_item_tables	refs=table_text_all_data.rdf:3:111700250:0;table_text_all_data.rdf:3:14100060:0;table_text_all_data.rdf:3:29001890:0;table_text_all_data.rdf:3:900090:0
# tbl1.pak	0x0130ADA5	Saibaman Outfit	栽培人套装
# tbl1.pak	0x0130CA93	9Arrogant Rabbit Boss made through the Martial Artist top.	9Arrogant Rabbit Boss made through the 武道家 top.
# tbl1.pak	0x0130CB47	9Arrogant Rabbit Boss made through the Martial Artist top.	9Arrogant Rabbit Boss made through the 武道家 top.
# tbl1.pak	0x0130CBFB	9Arrogant Rabbit Boss made through the Martial Artist top.	9Arrogant Rabbit Boss made through the 武道家 top.
# tbl1.pak	0x0130DF09	Android 17 Outfit	人造人17套装
# tbl1.pak	0x0130E9F1	Devil's Outfit	魔鬼的套装
# tbl1.pak	0x0130EB33	Devil Wings	魔鬼翅膀
# tbl1.pak	0x0130EBA7	Devil Wings 2	魔鬼翅膀2
# tbl1.pak	0x0130EBFF	Devil Wings 3	魔鬼翅膀3
# tbl1.pak	0x0130EC57	King Outfit	王套装
# tbl1.pak	0x0130F1D9	Bulma's Custom Outfit	布尔玛的定制套装
# tbl1.pak	0x0130F39B	Bulma's Cosmic Outfit	布尔玛的宇宙套装
# tbl1.pak	0x0130F61F	Pirate Captain Outfit 1	海盗队长套装1
# tbl1.pak	0x0130F6A1	Pirate Captain Outfit 2	海盗队长套装2
# tbl1.pak	0x0130F723	Pirate Captain Outfit 3	海盗队长套装3
# tbl1.pak	0x0130F7A5	Pirate Captain Hat 1	海盗队长帽子1
# tbl1.pak	0x0130F81B	Pirate Captain Hat 2	海盗队长帽子2
# tbl1.pak	0x0130F891	Pirate Captain Hat 3	海盗队长帽子3
# tbl1.pak	0x0130F94D	Popo Outfit 1	波波套装1
# tbl1.pak	0x0130F9A7	Popo Outfit 2	波波套装2
# tbl1.pak	0x0130FA01	Popo Outfit 3	波波套装3
# tbl1.pak	0x0130FC33	Simple Outfit	简单套装
# tbl1.pak	0x0130FCA9	New Outfit	新套装
tbl1.pak	0x0130FF37	Z-Warrior Outfit	Z-战士套装
# DISABLED_DUPLICATE_AFTER_SOURCE_REFRESH	tbl1.pak	0x013108C5	Chocolate Namek	巧克力那美克
# DISABLED_DUPLICATE_AFTER_SOURCE_REFRESH	tbl1.pak	0x01311F1B	Treasure Chest A	宝箱A
tbl1.pak	0x013120A3	Fancy Treasure Chest A	华丽宝箱A
tbl1.pak	0x01312113	Mysterious Treasure Chest A	神秘宝箱A
# TAIWAN_OVERLAP_DISABLED_20260608	translation_in_taiwan_item_tables	refs=table_text_all_data.rdf:3:920540:0;table_text_all_data.rdf:3:920541:0;table_text_all_data.rdf:3:92054:0
# tbl1.pak	0x013120DF	Old Treasure Chest	老旧宝箱
# DISABLED_DUPLICATE_AFTER_SOURCE_REFRESH	tbl1.pak	0x01312133	Treasure Key	宝藏钥匙
tbl1.pak	0x01312273	General Key	将军钥匙
# DISABLED_DUPLICATE_AFTER_SOURCE_REFRESH	tbl1.pak	0x0131222D	Treasure Chest B	宝箱B
# DISABLED_DUPLICATE_AFTER_SOURCE_REFRESH	tbl1.pak	0x01312285	Treasure Chest C	宝箱C
tbl1.pak	0x01312491	Fancy Treasure Chest B	华丽宝箱B
tbl1.pak	0x01312509	Fancy Treasure Chest C	华丽宝箱C
# DISABLED_DUPLICATE_AFTER_SOURCE_REFRESH	tbl1.pak	0x013125C5	Treasure Chest D	宝箱D
tbl1.pak	0x0131272D	Fancy Treasure Chest D	华丽宝箱D
tbl1.pak	0x01312BDB	GM Mask	GM面具
# TAIWAN_OVERLAP_DISABLED_20260608	translation_in_taiwan_item_tables	refs=table_text_all_data.rdf:3:980140:0
# tbl1.pak	0x01313309	Soul Capsule	灵魂胶囊
# TAIWAN_OVERLAP_DISABLED_20260608	translation_in_taiwan_item_tables	refs=table_text_all_data.rdf:3:990410:0
# tbl1.pak	0x01316343	CC Bomb	CC炸弹
# TAIWAN_OVERLAP_DISABLED_20260608	translation_in_taiwan_item_tables	refs=table_text_all_data.rdf:3:990580:0
# tbl1.pak	0x013171A9	Mira's Army Bomb	米拉军炸弹
tbl1.pak	0x0131A4C7	Short Circuit Device	短电路装置
# TAIWAN_OVERLAP_DISABLED_20260608	translation_in_taiwan_item_tables	refs=table_text_all_data.rdf:3:1100100:0;table_text_all_data.rdf:3:1100200:0;table_text_all_data.rdf:3:1100300:0;table_text_all_data.rdf:3:1100400:0;table_text_all_data.rdf:3:1100500:0
# tbl1.pak	0x0131F5D3	Yellow Capsule	黄色胶囊
# TAIWAN_OVERLAP_DISABLED_20260608	translation_in_taiwan_item_tables	refs=table_text_all_data.rdf:3:1200100:0;table_text_all_data.rdf:3:1200200:0;table_text_all_data.rdf:3:1200300:0;table_text_all_data.rdf:3:1200400:0;table_text_all_data.rdf:3:1200500:0
# tbl1.pak	0x01326405	Red Capsule	红色胶囊
# TAIWAN_OVERLAP_DISABLED_20260608	translation_in_taiwan_item_tables	refs=table_text_all_data.rdf:3:1300100:0;table_text_all_data.rdf:3:1300200:0;table_text_all_data.rdf:3:1300300:0;table_text_all_data.rdf:3:1300400:0;table_text_all_data.rdf:3:1300500:0
# tbl1.pak	0x01328119	Blue Capsule	蓝色胶囊
# DISABLED_DUPLICATE_AFTER_SOURCE_REFRESH	tbl1.pak	0x01328F01	Pirate Treasure Chest	海盗宝箱
# DISABLED_DUPLICATE_AFTER_SOURCE_REFRESH	tbl1.pak	0x01329071	Gold Chest	黄金胸甲
# TAIWAN_OVERLAP_DISABLED_20260608	translation_in_taiwan_item_tables	refs=table_text_all_data.rdf:3:1302030:0;table_text_all_data.rdf:3:14100110:0
# tbl1.pak	0x0132922F	Recovery Capsule	恢复胶囊
# DISABLED_DUPLICATE_AFTER_SOURCE_REFRESH	tbl1.pak	0x01329615	Ring Capsule	戒指胶囊
# DISABLED_DUPLICATE_AFTER_SOURCE_REFRESH	tbl1.pak	0x0132A093	BD Capsule	BD胶囊
tbl1.pak	0x0132B0A1	God's Dragon Clan Gift	God's 那美克龙族 Gift
tbl1.pak	0x0132B28D	God's Spiritualist Gift	God's 气功师 Gift
tbl1.pak	0x0132B47D	God's Wonder Majin Gift	God's 意魔人 Gift
# DISABLED_DUPLICATE_AFTER_SOURCE_REFRESH	tbl1.pak	0x0133D92D	Weapon Upgrade Stone	武器升级石
# TAIWAN_OVERLAP_DISABLED_20260608	same_source_in_taiwan_rdf	refs=table_text_all_data.rdf:3:1510120:0;table_text_all_data.rdf:7:1510120:0
# tbl1.pak	0x0133DC8F	Super Saiyan Blue	超级赛亚人蓝
# DISABLED_DUPLICATE_AFTER_SOURCE_REFRESH	tbl1.pak	0x0133DCB7	Weapon Upgrade Stone U6	武器升级石U6
# DISABLED_DUPLICATE_AFTER_SOURCE_REFRESH	tbl1.pak	0x0133DE1D	Weapon Upgrade Stone U11	武器升级石U11
# DISABLED_DUPLICATE_AFTER_SOURCE_REFRESH	tbl1.pak	0x0133DF87	Weapon Upgrade Stone U16	武器升级石U16
# DISABLED_DUPLICATE_AFTER_SOURCE_REFRESH	tbl1.pak	0x0133E0F1	Weapon Upgrade Stone U21	武器升级石U21
# DISABLED_DUPLICATE_AFTER_SOURCE_REFRESH	tbl1.pak	0x0133E25B	Weapon Upgrade Stone U26	武器升级石U26
# DISABLED_DUPLICATE_AFTER_SOURCE_REFRESH	tbl1.pak	0x0133E3C5	Weapon Upgrade Stone U30	武器升级石U30
# DISABLED_DUPLICATE_AFTER_SOURCE_REFRESH	tbl1.pak	0x0133E52F	Weapon Upgrade Stone U34	武器升级石U34
# DISABLED_DUPLICATE_AFTER_SOURCE_REFRESH	tbl1.pak	0x0133E699	Weapon Upgrade Stone U38	武器升级石U38
# DISABLED_DUPLICATE_AFTER_SOURCE_REFRESH	tbl1.pak	0x0133E803	Weapon Upgrade Stone U42	武器升级石U42
# DISABLED_DUPLICATE_AFTER_SOURCE_REFRESH	tbl1.pak	0x0133E96D	Weapon Upgrade Stone U46	武器升级石U46
# DISABLED_DUPLICATE_AFTER_SOURCE_REFRESH	tbl1.pak	0x0133EAD7	Weapon Upgrade Stone U50	武器升级石U50
# DISABLED_DUPLICATE_AFTER_SOURCE_REFRESH	tbl1.pak	0x0133EC41	Weapon Upgrade Stone U53	武器升级石U53
# DISABLED_DUPLICATE_AFTER_SOURCE_REFRESH	tbl1.pak	0x0133EDAB	Weapon Upgrade Stone U55	武器升级石U55
# DISABLED_DUPLICATE_AFTER_SOURCE_REFRESH	tbl1.pak	0x0133EF15	Weapon Upgrade Stone U58	武器升级石U58
# DISABLED_DUPLICATE_AFTER_SOURCE_REFRESH	tbl1.pak	0x0133F07F	Weapon Upgrade Stone U60	武器升级石U60
# DISABLED_DUPLICATE_AFTER_SOURCE_REFRESH	tbl1.pak	0x0133F1E9	Weapon Upgrade Stone U65	武器升级石U65
# DISABLED_DUPLICATE_AFTER_SOURCE_REFRESH	tbl1.pak	0x0133F353	Weapon Upgrade Stone U70	武器升级石U70
# DISABLED_DUPLICATE_AFTER_SOURCE_REFRESH	tbl1.pak	0x01340F2B	Advanced Weapon Upgrade Stone U6	高级武器升级石U6
tbl1.pak	0x013410FF	Advanced Weapon Upgrade Stone U11	高级武器升级石U11
# DISABLED_DUPLICATE_AFTER_SOURCE_REFRESH	tbl1.pak	0x0134117F	Advanced Weapon Upgrade Stone U16	高级武器升级石U16
# DISABLED_DUPLICATE_AFTER_SOURCE_REFRESH	tbl1.pak	0x013412AB	Advanced Weapon Upgrade Stone U21	高级武器升级石U21
# DISABLED_DUPLICATE_AFTER_SOURCE_REFRESH	tbl1.pak	0x013413D7	Advanced Weapon Upgrade Stone U26	高级武器升级石U26
# DISABLED_DUPLICATE_AFTER_SOURCE_REFRESH	tbl1.pak	0x01341503	Advanced Weapon Upgrade Stone U30	高级武器升级石U30
# DISABLED_DUPLICATE_AFTER_SOURCE_REFRESH	tbl1.pak	0x0134162F	Advanced Weapon Upgrade Stone U34	高级武器升级石U34
# DISABLED_DUPLICATE_AFTER_SOURCE_REFRESH	tbl1.pak	0x0134175B	Advanced Weapon Upgrade Stone U38	高级武器升级石U38
# DISABLED_DUPLICATE_AFTER_SOURCE_REFRESH	tbl1.pak	0x01341887	Advanced Weapon Upgrade Stone U42	高级武器升级石U42
# DISABLED_DUPLICATE_AFTER_SOURCE_REFRESH	tbl1.pak	0x013419B3	Advanced Weapon Upgrade Stone U46	高级武器升级石U46
# DISABLED_DUPLICATE_AFTER_SOURCE_REFRESH	tbl1.pak	0x01341ADF	Advanced Weapon Upgrade Stone U50	高级武器升级石U50
# DISABLED_DUPLICATE_AFTER_SOURCE_REFRESH	tbl1.pak	0x01341C0B	Advanced Weapon Upgrade Stone U53	高级武器升级石U53
# DISABLED_DUPLICATE_AFTER_SOURCE_REFRESH	tbl1.pak	0x01341D37	Advanced Weapon Upgrade Stone U55	高级武器升级石U55
tbl1.pak	0x01341F0F	Advanced Weapon Upgrade Stone U58	高级武器升级石U58
# DISABLED_DUPLICATE_AFTER_SOURCE_REFRESH	tbl1.pak	0x01341F8F	Advanced Weapon Upgrade Stone U60	高级武器升级石U60
# DISABLED_DUPLICATE_AFTER_SOURCE_REFRESH	tbl1.pak	0x013420BB	Advanced Weapon Upgrade Stone U65	高级武器升级石U65
# DISABLED_DUPLICATE_AFTER_SOURCE_REFRESH	tbl1.pak	0x013421E7	Advanced Weapon Upgrade Stone U70	高级武器升级石U70
# DISABLED_DUPLICATE_AFTER_SOURCE_REFRESH	tbl1.pak	0x013436B7	Weapon Downgrade Stone U6	武器降级石U6
tbl1.pak	0x013438CD	Weapon Downgrade Stone U11	武器降级石U11
# DISABLED_DUPLICATE_AFTER_SOURCE_REFRESH	tbl1.pak	0x0134398F	Weapon Downgrade Stone U16	武器降级石U16
# DISABLED_DUPLICATE_AFTER_SOURCE_REFRESH	tbl1.pak	0x01343AFD	Weapon Downgrade Stone U21	武器降级石U21
# DISABLED_DUPLICATE_AFTER_SOURCE_REFRESH	tbl1.pak	0x01343C6B	Weapon Downgrade Stone U26	武器降级石U26
# DISABLED_DUPLICATE_AFTER_SOURCE_REFRESH	tbl1.pak	0x01343DD9	Weapon Downgrade Stone U30	武器降级石U30
tbl1.pak	0x01343FF3	Weapon Downgrade Stone U34	武器降级石U34
tbl1.pak	0x01344161	Weapon Downgrade Stone U38	武器降级石U38
tbl1.pak	0x013442CF	Weapon Downgrade Stone U42	武器降级石U42
tbl1.pak	0x0134443D	Weapon Downgrade Stone U46	武器降级石U46
tbl1.pak	0x013445AB	Weapon Downgrade Stone U50	武器降级石U50
tbl1.pak	0x01344719	Weapon Downgrade Stone U53	武器降级石U53
tbl1.pak	0x01344887	Weapon Downgrade Stone U55	武器降级石U55
tbl1.pak	0x013449F5	Weapon Downgrade Stone U58	武器降级石U58
tbl1.pak	0x01344B63	Weapon Downgrade Stone U60	武器降级石U60
tbl1.pak	0x01344CD1	Weapon Downgrade Stone U65	武器降级石U65
tbl1.pak	0x01344E3F	Weapon Downgrade Stone U70	武器降级石U70
# DISABLED_DUPLICATE_AFTER_SOURCE_REFRESH	tbl1.pak	0x0134657F	8 Weapon Coupon	8武器券
# DISABLED_DUPLICATE_AFTER_SOURCE_REFRESH	tbl1.pak	0x013467A9	10 Weapon Coupon	10武器券
tbl1.pak	0x013482CD	1 Star Event Dragon Ball	1星活动龙珠
tbl1.pak	0x01348385	2 Star Event Dragon Ball	2星活动龙珠
tbl1.pak	0x0134843D	3 Star Event Dragon Ball	3星活动龙珠
tbl1.pak	0x013484F5	4 Star Event Dragon Ball	4星活动龙珠
tbl1.pak	0x013485AD	5 Star Event Dragon Ball	5星活动龙珠
tbl1.pak	0x01348665	6 Star Event Dragon Ball	6星活动龙珠
tbl1.pak	0x0134871D	7 Star Event Dragon Ball	7星活动龙珠
# TAIWAN_OVERLAP_DISABLED_20260608	translation_in_taiwan_item_tables	refs=table_text_all_data.rdf:3:2000480:0
# tbl1.pak	0x01348729	Battle Dragon Ball	战斗龙珠
tbl1.pak	*	Super Saiyan Potion [Martial Artist]	超级赛亚人药水[武道家]
# DISABLED_DUPLICATE_AFTER_SOURCE_REFRESH	tbl1.pak	0x013490DB	Great Namek Potion	巨大那美克药水
# DISABLED_DUPLICATE_AFTER_SOURCE_REFRESH	tbl1.pak	0x0134928D	Pure Majin Potion	纯粹魔人药水
tbl1.pak	*	Super Saiyan Potion [Spiritualist]	超级赛亚人药水[气功师]
# DISABLED_DUPLICATE_AFTER_SOURCE_REFRESH	tbl1.pak	0x013495E1	Super Saiyan Potion [Martial Artist]	超级赛亚人药水[武道家]
# DISABLED_DUPLICATE_AFTER_SOURCE_REFRESH	tbl1.pak	0x01349AEB	Super Saiyan Potion [Spiritualist]	超级赛亚人药水[气功师]
# DISABLED_DUPLICATE_AFTER_SOURCE_REFRESH	tbl1.pak	0x0134E08B	Party Popo	组队波波
# TAIWAN_OVERLAP_DISABLED_20260608	same_source_translation_in_taiwan_rdf	refs=table_text_all_data.rdf:3:3031490:0
# tbl1.pak	0x0134E737	EV Capsule Box Z64	EV胶囊盒Z64
# TAIWAN_OVERLAP_DISABLED_20260608	same_source_translation_in_taiwan_rdf	refs=table_text_all_data.rdf:3:3031500:0
# tbl1.pak	0x0134E7B5	EV Capsule Box Z48	EV胶囊盒Z48
# TAIWAN_OVERLAP_DISABLED_20260608	same_source_translation_in_taiwan_rdf	refs=table_text_all_data.rdf:3:3031510:0
# tbl1.pak	0x0134E833	EV Capsule Box Z40	EV胶囊盒Z40
tbl1.pak	0x0134F837	Energy Potion (X)	气功药水(X)
# TAIWAN_OVERLAP_DISABLED_20260608	translation_in_taiwan_item_tables	refs=table_text_all_data.rdf:3:4010100:0;table_text_all_data.rdf:3:4010140:0
# tbl1.pak	0x01351881	Liquid Fuel S3	液体燃料S3
# DISABLED_DUPLICATE_AFTER_SOURCE_REFRESH	tbl1.pak	0x013523DD	HL Capsule Box Z24	HL胶囊盒Z24
# DISABLED_DUPLICATE_AFTER_SOURCE_REFRESH	tbl1.pak	0x01352681	HL Capsule Box Z28	HL胶囊盒Z28
# DISABLED_DUPLICATE_AFTER_SOURCE_REFRESH	tbl1.pak	0x01352925	HL Capsule Box Z32	HL胶囊盒Z32
tbl1.pak	*	Advanced Warrior Awakening	高级战士觉醒
# DISABLED_DUPLICATE_AFTER_SOURCE_REFRESH	tbl1.pak	0x01354BCB	HL Detoxification Pill	HL解毒药丸
# DISABLED_DUPLICATE_AFTER_SOURCE_REFRESH	tbl1.pak	0x01354C85	HL Pain Treatment Pill	HL疼痛治疗药丸
# DISABLED_DUPLICATE_AFTER_SOURCE_REFRESH	tbl1.pak	0x0135715B	Advanced Warrior Awakening	高级战士觉醒
# DISABLED_DUPLICATE_AFTER_SOURCE_REFRESH	tbl1.pak	0x0135FFB3	P Iron Gauntlets	P铁臂甲
# DISABLED_DUPLICATE_AFTER_SOURCE_REFRESH	tbl1.pak	0x013600D3	P Metal Gauntlets	P金属臂甲
# DISABLED_DUPLICATE_AFTER_SOURCE_REFRESH	tbl1.pak	0x0136048D	P Namekian Gauntlets	P那美克星人臂甲
# DISABLED_DUPLICATE_AFTER_SOURCE_REFRESH	tbl1.pak	0x013605A5	P Elder Gauntlets	P长老臂甲
# DISABLED_DUPLICATE_AFTER_SOURCE_REFRESH	tbl1.pak	0x013608CD	P Lotus Dragon Gauntlets	P莲花龙臂甲
# DISABLED_DUPLICATE_AFTER_SOURCE_REFRESH	tbl1.pak	0x013610A9	Iron Gauntlets	铁臂甲
# DISABLED_DUPLICATE_AFTER_SOURCE_REFRESH	tbl1.pak	0x013611C5	Metal Gauntlets	金属臂甲
# DISABLED_DUPLICATE_AFTER_SOURCE_REFRESH	tbl1.pak	0x0136156F	Namekian Gauntlets	那美克星人臂甲
# DISABLED_DUPLICATE_AFTER_SOURCE_REFRESH	tbl1.pak	0x01361683	Elder Gauntlets	长老臂甲
# DISABLED_DUPLICATE_AFTER_SOURCE_REFRESH	tbl1.pak	0x0136199B	Lotus Dragon Gauntlets	莲花龙臂甲
# DISABLED_DUPLICATE_AFTER_SOURCE_REFRESH	tbl1.pak	0x01362217	E Iron Gauntlets	E铁臂甲
# DISABLED_DUPLICATE_AFTER_SOURCE_REFRESH	tbl1.pak	0x01362337	E Metal Gauntlets	E金属臂甲
# DISABLED_DUPLICATE_AFTER_SOURCE_REFRESH	tbl1.pak	0x013626F1	E Namekian Gauntlets	E那美克星人臂甲
# DISABLED_DUPLICATE_AFTER_SOURCE_REFRESH	tbl1.pak	0x01362809	E Elder Gauntlets	E长老臂甲
# DISABLED_DUPLICATE_AFTER_SOURCE_REFRESH	tbl1.pak	0x01362B31	E Lotus Dragon Gauntlets	E莲花龙臂甲
# DISABLED_DUPLICATE_AFTER_SOURCE_REFRESH	tbl1.pak	0x013630BB	Namek Staff	那美克杖
# DISABLED_DUPLICATE_AFTER_SOURCE_REFRESH	tbl1.pak	0x01363225	Elder Staff	长老杖
# DISABLED_DUPLICATE_AFTER_SOURCE_REFRESH	tbl1.pak	0x01363585	CC Elite Staff	CC精英杖
# TAIWAN_OVERLAP_DISABLED_20260608	translation_in_taiwan_item_tables	refs=table_text_all_data.rdf:3:5060090:0
# tbl1.pak	0x01363647	Narak Staff	那拉克杖
# DISABLED_DUPLICATE_AFTER_SOURCE_REFRESH	tbl1.pak	0x01363749	Capsule Staff	杖胶囊
# DISABLED_DUPLICATE_AFTER_SOURCE_REFRESH	tbl1.pak	0x01363921	Lizard Staff	蜥蜴杖
tbl1.pak	0x013647FD	Devil's Claws	魔鬼的爪
# DISABLED_DUPLICATE_AFTER_SOURCE_REFRESH	tbl1.pak	0x013648C3	Steel Claws	钢爪
# TAIWAN_OVERLAP_DISABLED_20260608	translation_in_taiwan_item_tables	refs=table_text_all_data.rdf:3:5080040:0;table_text_all_data.rdf:3:8280020:0
# tbl1.pak	0x013649E1	Dragon Eye Claws	龙眼爪
# DISABLED_DUPLICATE_AFTER_SOURCE_REFRESH	tbl1.pak	0x01364AA3	Silver Soul Claws	银色灵魂爪
# TAIWAN_OVERLAP_DISABLED_20260608	translation_in_taiwan_item_tables	refs=table_text_all_data.rdf:3:5080060:0;table_text_all_data.rdf:3:6680230:0;table_text_all_data.rdf:3:8280030:0
# tbl1.pak	0x01364B5B	Meteor Claws	流星爪
tbl1.pak	0x01364ED5	Absolute Claws	绝对爪
tbl1.pak	0x0136509B	Namekian Claws	那美克星人爪
tbl1.pak	0x01365161	Magic Axe	魔法斧
# DISABLED_DUPLICATE_AFTER_SOURCE_REFRESH	tbl1.pak	0x01365201	Steel Axe	钢斧
# DISABLED_DUPLICATE_AFTER_SOURCE_REFRESH	tbl1.pak	0x013653E1	Silver Soul Axe	银色灵魂斧
# TAIWAN_OVERLAP_DISABLED_20260608	translation_in_taiwan_item_tables	refs=table_text_all_data.rdf:3:5090060:0;table_text_all_data.rdf:3:6690100:0;table_text_all_data.rdf:3:8290030:0
# tbl1.pak	0x01365463	Meteor Axe	流星斧
tbl1.pak	0x013656E1	Light Axe	光斧
# DISABLED_DUPLICATE_AFTER_SOURCE_REFRESH	tbl1.pak	0x01365A43	Wind Scroll	风卷轴
# DISABLED_DUPLICATE_AFTER_SOURCE_REFRESH	tbl1.pak	0x01365B7D	Scroll of Honor	荣耀的卷轴
# DISABLED_DUPLICATE_AFTER_SOURCE_REFRESH	tbl1.pak	0x01365E27	Star Core Scroll	星核心卷轴
# TAIWAN_DEEP_OVERLAP_DISABLED_20260608	translation_any_taiwan	refs=table_text_all_data.rdf:3:5110010:0
# tbl1.pak	0x013661BF	Crystal	水晶
# DISABLED_DUPLICATE_AFTER_SOURCE_REFRESH	tbl1.pak	0x01366253	Diamond	钻石
# DISABLED_DUPLICATE_AFTER_SOURCE_REFRESH	tbl1.pak	0x01366495	Black Crystal	黑色水晶
# DISABLED_DUPLICATE_AFTER_SOURCE_REFRESH	tbl1.pak	0x013666A3	Black Gem	黑色宝石
tbl1.pak	0x013667E5	Light Demon Stone	光恶魔石
tbl1.pak	0x013668A3	Golden Demon Stone	黄金恶魔石
tbl1.pak	0x01366959	Dark Demon Stone	黑暗恶魔石
tbl1.pak	0x01366A0B	Legendary Demon Stone	传说恶魔石
tbl1.pak	0x01366AE5	Sapphire Demon Stone	蓝宝石恶魔石
# DISABLED_DUPLICATE_AFTER_SOURCE_REFRESH	tbl1.pak	0x01366B91	Korin Stick	卡林棍
# DISABLED_DUPLICATE_AFTER_SOURCE_REFRESH	tbl1.pak	0x01366C81	Steel Stick	钢棍
# DISABLED_DUPLICATE_AFTER_SOURCE_REFRESH	tbl1.pak	0x01366D41	Tiger Stick	老虎棍
# TAIWAN_OVERLAP_DISABLED_20260608	translation_in_taiwan_item_tables	refs=table_text_all_data.rdf:3:5120060:0;table_text_all_data.rdf:3:8320030:0
# tbl1.pak	0x01366EA1	Meteor Stick	流星棍
# DISABLED_DUPLICATE_AFTER_SOURCE_REFRESH	tbl1.pak	0x01366F1F	Injection Stick	注射棍
# TAIWAN_OVERLAP_DISABLED_20260608	translation_in_taiwan_item_tables	refs=table_text_all_data.rdf:3:5120080:0;table_text_all_data.rdf:3:5520080:0;table_text_all_data.rdf:3:5920080:0;table_text_all_data.rdf:3:6320080:0;table_text_all_data.rdf:3:7925040:0
# tbl1.pak	0x01366F99	Comet Stick	彗星棍
# DISABLED_DUPLICATE_AFTER_SOURCE_REFRESH	tbl1.pak	0x01367015	Diamond Stick	钻石棍
# DISABLED_DUPLICATE_AFTER_SOURCE_REFRESH	tbl1.pak	0x013670CB	Z Awakening Stick	Z觉醒棍
# DISABLED_DUPLICATE_AFTER_SOURCE_REFRESH	tbl1.pak	0x013673D9	White Wolf Sword	白色狼剑
# DISABLED_DUPLICATE_AFTER_SOURCE_REFRESH	tbl1.pak	0x01367573	Willow Sword	柳木剑
# DISABLED_DUPLICATE_AFTER_SOURCE_REFRESH	tbl1.pak	0x013676AB	Star Sword	星剑
# DISABLED_DUPLICATE_AFTER_SOURCE_REFRESH	tbl1.pak	0x01367723	Soul Sword	灵魂剑
# DISABLED_DUPLICATE_AFTER_SOURCE_REFRESH	tbl1.pak	0x0136784F	Thunder Sword	雷霆剑
tbl1.pak	0x01367A1F	Z Thunder Sword	Z雷霆剑
# DISABLED_DUPLICATE_AFTER_SOURCE_REFRESH	tbl1.pak	0x01367B0D	Crystal Wand	水晶短杖
# DISABLED_DUPLICATE_AFTER_SOURCE_REFRESH	tbl1.pak	0x01367B6D	Diamond Wand	钻石短杖
# DISABLED_DUPLICATE_AFTER_SOURCE_REFRESH	tbl1.pak	0x01367C07	Green Wand	绿色短杖
# DISABLED_DUPLICATE_AFTER_SOURCE_REFRESH	tbl1.pak	0x01367D5F	Comet Wand	彗星短杖
# DISABLED_DUPLICATE_AFTER_SOURCE_REFRESH	tbl1.pak	0x01367DEF	Z Wand	Z短杖
# DISABLED_DUPLICATE_AFTER_SOURCE_REFRESH	tbl1.pak	0x01367F11	Thunder Wand	雷霆短杖
# DISABLED_DUPLICATE_AFTER_SOURCE_REFRESH	tbl1.pak	0x01367FC5	Awakening Wand	觉醒短杖
# TAIWAN_OVERLAP_DISABLED_20260608	translation_in_taiwan_item_tables	refs=table_text_all_data.rdf:3:5150030:0
# tbl1.pak	0x01368321	Phoenix Fan	凤凰扇
# DISABLED_DUPLICATE_AFTER_SOURCE_REFRESH	tbl1.pak	0x01368397	Eye Fan	眼扇
# TAIWAN_OVERLAP_DISABLED_20260608	translation_in_taiwan_item_tables	refs=table_text_all_data.rdf:3:5150060:0;table_text_all_data.rdf:3:8350030:0
# tbl1.pak	0x01368475	Meteor Fan	流星扇
# TAIWAN_OVERLAP_DISABLED_20260608	translation_in_taiwan_item_tables	refs=table_text_all_data.rdf:3:5150090:0
# tbl1.pak	0x01368617	Lightning Fan	闪电扇
# DISABLED_DUPLICATE_AFTER_SOURCE_REFRESH	tbl1.pak	0x01368C05	Cannon Fire	炮火
# DISABLED_DUPLICATE_AFTER_SOURCE_REFRESH	tbl1.pak	0x01368C29	Trumpet	号角
# DISABLED_DUPLICATE_AFTER_SOURCE_REFRESH	tbl1.pak	0x01368E0F	Super Trumpet	超级号角
# DISABLED_DUPLICATE_AFTER_SOURCE_REFRESH	tbl1.pak	0x01368F51	Injection Trumpet	注射号角
# DISABLED_DUPLICATE_AFTER_SOURCE_REFRESH	tbl1.pak	0x01369077	Light Speed Trumpet	光速度号角
# DISABLED_DUPLICATE_AFTER_SOURCE_REFRESH	tbl1.pak	0x013691DD	Dark Trumpet	黑暗号角
tbl1.pak	0x0136930F	Sparkling Trumpet	闪耀号角
# DISABLED_DUPLICATE_AFTER_SOURCE_REFRESH	tbl1.pak	0x013695C1	Corn Club	玉米棒
# DISABLED_DUPLICATE_AFTER_SOURCE_REFRESH	tbl1.pak	0x013696EB	Red Corn	红色玉米
# DISABLED_DUPLICATE_AFTER_SOURCE_REFRESH	tbl1.pak	0x01369AEF	Pound Drum	重击鼓
# DISABLED_DUPLICATE_AFTER_SOURCE_REFRESH	tbl1.pak	0x0136A179	Sky Drum	天空鼓
tbl1.pak	0x0136A2AB	Big Devil Drum	大魔鬼鼓
tbl1.pak	*	O6Skilled Spiritualist beginners practice in this equip.	O6Skilled 气功师 beginners practice in this equip.
# DISABLED_DUPLICATE_AFTER_SOURCE_REFRESH	tbl1.pak	0x01370207	O6Skilled Spiritualist beginners practice in this equip.	O6Skilled 气功师 beginners practice in this equip.
# DISABLED_DUPLICATE_AFTER_SOURCE_REFRESH	tbl1.pak	0x013702C3	O6Skilled Spiritualist beginners practice in this equip.	O6Skilled 气功师 beginners practice in this equip.
tbl1.pak	*	OSEarly on the road to become a Spiritualist\nmaster, must wear these hermit clothes.	OSEarly on the road to become a 气功师\nmaster, must wear these hermit clothes.
# DISABLED_DUPLICATE_AFTER_SOURCE_REFRESH	tbl1.pak	0x0137046D	OSEarly on the road to become a Spiritualist\nmaster, must wear these hermit clothes.	OSEarly on the road to become a 气功师\nmaster, must wear these hermit clothes.
# DISABLED_DUPLICATE_AFTER_SOURCE_REFRESH	tbl1.pak	0x01370561	OSEarly on the road to become a Spiritualist\nmaster, must wear these hermit clothes.	OSEarly on the road to become a 气功师\nmaster, must wear these hermit clothes.
tbl1.pak	*	ORGenuine Spiritualist masters, worked hard\nto make this high quality hermit equip.	ORGenuine 气功师 masters, worked hard\nto make this high quality hermit equip.
# DISABLED_DUPLICATE_AFTER_SOURCE_REFRESH	tbl1.pak	0x01370B09	ORGenuine Spiritualist masters, worked hard\nto make this high quality hermit equip.	ORGenuine 气功师 masters, worked hard\nto make this high quality hermit equip.
# DISABLED_DUPLICATE_AFTER_SOURCE_REFRESH	tbl1.pak	0x01370BEB	ORGenuine Spiritualist masters, worked hard\nto make this high quality hermit equip.	ORGenuine 气功师 masters, worked hard\nto make this high quality hermit equip.
tbl1.pak	*	OBSpiritualist master who used to practice most often wearing these.	OB气功师 master who used to practice most often wearing these.
# DISABLED_DUPLICATE_AFTER_SOURCE_REFRESH	tbl1.pak	0x01370F83	OBSpiritualist master who used to practice most often wearing these.	OB气功师 master who used to practice most often wearing these.
# DISABLED_DUPLICATE_AFTER_SOURCE_REFRESH	tbl1.pak	0x0137103B	OBSpiritualist master who used to practice most often wearing these.	OB气功师 master who used to practice most often wearing these.
tbl1.pak	*	Spiritualist classic costume. Despite the costs\nof material, has a high quality manufacturing.	气功师 classic costume. Despite the costs\nof material, has a high quality manufacturing.
# DISABLED_DUPLICATE_AFTER_SOURCE_REFRESH	tbl1.pak	0x01371A3F	Spiritualist classic costume. Despite the costs\nof material, has a high quality manufacturing.	气功师 classic costume. Despite the costs\nof material, has a high quality manufacturing.
# DISABLED_DUPLICATE_AFTER_SOURCE_REFRESH	tbl1.pak	0x01371B53	Spiritualist classic costume. Despite the costs\nof material, has a high quality manufacturing.	气功师 classic costume. Despite the costs\nof material, has a high quality manufacturing.
tbl1.pak	0x01378A75	Shadow Warrior Equip (Top)	暗影战士装备(上衣)
tbl1.pak	0x01378B33	Shadow Warrior Equip (Pants)	暗影战士装备(裤子)
tbl1.pak	0x01378BF5	Shadow Warrior Equip (Shoes)	暗影战士装备(鞋子)
tbl1.pak	*	PZWhen you begin the Dragon Clan training wear this equip.\nLightweight and easy to move in.	PZWhen you begin the 那美克龙族 training wear this equip.\nLightweight and easy to move in.
# DISABLED_DUPLICATE_AFTER_SOURCE_REFRESH	tbl1.pak	0x0137C413	PZWhen you begin the Dragon Clan training wear this equip.\nLightweight and easy to move in.	PZWhen you begin the 那美克龙族 training wear this equip.\nLightweight and easy to move in.
# DISABLED_DUPLICATE_AFTER_SOURCE_REFRESH	tbl1.pak	0x0137C50D	PZWhen you begin the Dragon Clan training wear this equip.\nLightweight and easy to move in.	PZWhen you begin the 那美克龙族 training wear this equip.\nLightweight and easy to move in.
tbl1.pak	*	PONamekians from Dragon Clan used to\npractice most often wearing this in battle.	PONamekians from 那美克龙族 used to\npractice most often wearing this in battle.
# DISABLED_DUPLICATE_AFTER_SOURCE_REFRESH	tbl1.pak	0x0137D1F1	PONamekians from Dragon Clan used to\npractice most often wearing this in battle.	PONamekians from 那美克龙族 used to\npractice most often wearing this in battle.
# DISABLED_DUPLICATE_AFTER_SOURCE_REFRESH	tbl1.pak	0x0137D2D3	PONamekians from Dragon Clan used to\npractice most often wearing this in battle.	PONamekians from 那美克龙族 used to\npractice most often wearing this in battle.
tbl1.pak	*	P3Ceremonial suit for the Namekians from Dragon Clan.	P3Ceremonial suit for the Namekians from 那美克龙族.
# DISABLED_DUPLICATE_AFTER_SOURCE_REFRESH	tbl1.pak	0x0137D46F	P3Ceremonial suit for the Namekians from Dragon Clan.	P3Ceremonial suit for the Namekians from 那美克龙族.
# DISABLED_DUPLICATE_AFTER_SOURCE_REFRESH	tbl1.pak	0x0137D523	P3Ceremonial suit for the Namekians from Dragon Clan.	P3Ceremonial suit for the Namekians from 那美克龙族.
# DISABLED_DUPLICATE_AFTER_SOURCE_REFRESH	tbl1.pak	0x0138C41F	Pleasant Wind Necklace	愉快风项链
tbl1.pak	*	PUSpiritualists love this necklace.\nIt's said that the symbol engraved is mysteriouse.	PU气功师 love this necklace.\nIt's said that the symbol engraved is mysteriouse.
# DISABLED_DUPLICATE_AFTER_SOURCE_REFRESH	tbl1.pak	0x0138C86D	PUSpiritualists love this necklace.\nIt's said that the symbol engraved is mysteriouse.	PU气功师 love this necklace.\nIt's said that the symbol engraved is mysteriouse.
# DISABLED_DUPLICATE_AFTER_SOURCE_REFRESH	tbl1.pak	0x0138C94F	PUSpiritualists love this necklace.\nIt's said that the symbol engraved is mysteriouse.	PU气功师 love this necklace.\nIt's said that the symbol engraved is mysteriouse.
# DISABLED_DUPLICATE_AFTER_SOURCE_REFRESH	tbl1.pak	0x0138CA31	PUSpiritualists love this necklace.\nIt's said that the symbol engraved is mysteriouse.	PU气功师 love this necklace.\nIt's said that the symbol engraved is mysteriouse.
# DISABLED_DUPLICATE_AFTER_SOURCE_REFRESH	tbl1.pak	0x0138CB13	PUSpiritualists love this necklace.\nIt's said that the symbol engraved is mysteriouse.	PU气功师 love this necklace.\nIt's said that the symbol engraved is mysteriouse.
# DISABLED_DUPLICATE_AFTER_SOURCE_REFRESH	tbl1.pak	0x0138CBF5	PUSpiritualists love this necklace.\nIt's said that the symbol engraved is mysteriouse.	PU气功师 love this necklace.\nIt's said that the symbol engraved is mysteriouse.
# DISABLED_DUPLICATE_AFTER_SOURCE_REFRESH	tbl1.pak	0x0138CCD7	PUSpiritualists love this necklace.\nIt's said that the symbol engraved is mysteriouse.	PU气功师 love this necklace.\nIt's said that the symbol engraved is mysteriouse.
# DISABLED_DUPLICATE_AFTER_SOURCE_REFRESH	tbl1.pak	0x0138CDB9	PUSpiritualists love this necklace.\nIt's said that the symbol engraved is mysteriouse.	PU气功师 love this necklace.\nIt's said that the symbol engraved is mysteriouse.
# DISABLED_DUPLICATE_AFTER_SOURCE_REFRESH	tbl1.pak	0x0138CE9B	PUSpiritualists love this necklace.\nIt's said that the symbol engraved is mysteriouse.	PU气功师 love this necklace.\nIt's said that the symbol engraved is mysteriouse.
# DISABLED_DUPLICATE_AFTER_SOURCE_REFRESH	tbl1.pak	0x0138CF7D	PUSpiritualists love this necklace.\nIt's said that the symbol engraved is mysteriouse.	PU气功师 love this necklace.\nIt's said that the symbol engraved is mysteriouse.
# DISABLED_DUPLICATE_AFTER_SOURCE_REFRESH	tbl1.pak	0x0138D05F	PUSpiritualists love this necklace.\nIt's said that the symbol engraved is mysteriouse.	PU气功师 love this necklace.\nIt's said that the symbol engraved is mysteriouse.
# DISABLED_DUPLICATE_AFTER_SOURCE_REFRESH	tbl1.pak	0x0138D133	PUSpiritualists love this necklace.\nIt's said that the symbol engraved is mysteriouse.	PU气功师 love this necklace.\nIt's said that the symbol engraved is mysteriouse.
# DISABLED_DUPLICATE_AFTER_SOURCE_REFRESH	tbl1.pak	0x0138D207	PUSpiritualists love this necklace.\nIt's said that the symbol engraved is mysteriouse.	PU气功师 love this necklace.\nIt's said that the symbol engraved is mysteriouse.
# DISABLED_DUPLICATE_AFTER_SOURCE_REFRESH	tbl1.pak	0x0138D2DB	PUSpiritualists love this necklace.\nIt's said that the symbol engraved is mysteriouse.	PU气功师 love this necklace.\nIt's said that the symbol engraved is mysteriouse.
# DISABLED_DUPLICATE_AFTER_SOURCE_REFRESH	tbl1.pak	0x0138D3AF	PUSpiritualists love this necklace.\nIt's said that the symbol engraved is mysteriouse.	PU气功师 love this necklace.\nIt's said that the symbol engraved is mysteriouse.
# DISABLED_DUPLICATE_AFTER_SOURCE_REFRESH	tbl1.pak	0x0138D483	PUSpiritualists love this necklace.\nIt's said that the symbol engraved is mysteriouse.	PU气功师 love this necklace.\nIt's said that the symbol engraved is mysteriouse.
# DISABLED_DUPLICATE_AFTER_SOURCE_REFRESH	tbl1.pak	0x0138E3F1	Fire Necklace	火项链
# DISABLED_DUPLICATE_AFTER_SOURCE_REFRESH	tbl1.pak	0x0138EC49	Strong Necklace	强力项链
# DISABLED_DUPLICATE_AFTER_SOURCE_REFRESH	tbl1.pak	0x01391277	Double Ring	双戒指
# DISABLED_DUPLICATE_AFTER_SOURCE_REFRESH	tbl1.pak	0x01391BF3	Ancient Ring	古代戒指
# TAIWAN_OVERLAP_DISABLED_20260608	translation_in_taiwan_item_tables	refs=table_text_all_data.rdf:3:5301890:0
# tbl1.pak	0x01398279	Practitioner Ring	修行者戒指
# tbl1.pak	0x01398565	Ultimate Warrior Ring	终极战士戒指
# tbl1.pak	0x013997A5	Ruby Earring	红宝石耳环
# DISABLED_DUPLICATE_AFTER_SOURCE_REFRESH	tbl1.pak	0x013A520F	New Scouter	新探测器
# tbl1.pak	0x013A5479	CC Scouter	CC探测器
# tbl1.pak	0x013A554B	Special CC Scouter	特殊CC探测器
# tbl1.pak	0x013A5611	Long Scouter	长探测器
# DISABLED_DUPLICATE_AFTER_SOURCE_REFRESH	tbl1.pak	0x013A587B	New Scouter SP	新探测器SP
# DISABLED_DUPLICATE_AFTER_SOURCE_REFRESH	tbl1.pak	0x013A5A3D	CC Scouter SP	CC探测器SP
# DISABLED_DUPLICATE_AFTER_SOURCE_REFRESH	tbl1.pak	0x013A5C3F	Long Scouter SP	长探测器SP
# DISABLED_DUPLICATE_AFTER_SOURCE_REFRESH	tbl1.pak	0x013A5F1B	Z Scouter	Z探测器
# DISABLED_DUPLICATE_AFTER_SOURCE_REFRESH	tbl1.pak	0x013A5FB9	Z Scouter SP	Z探测器SP
# DISABLED_DUPLICATE_AFTER_SOURCE_REFRESH	tbl1.pak	0x013A6425	Practitioner Scouter Chip	修行者探测器芯片
# DISABLED_DUPLICATE_AFTER_SOURCE_REFRESH	tbl1.pak	0x013A67D5	Basic Scouter Chip	基础探测器芯片
# DISABLED_DUPLICATE_AFTER_SOURCE_REFRESH	tbl1.pak	0x013A6C85	Blessed Scouter Chip	祝福探测器芯片
# DISABLED_DUPLICATE_AFTER_SOURCE_REFRESH	tbl1.pak	0x013A75F5	Dungeon Chip	副本芯片
# DISABLED_DUPLICATE_AFTER_SOURCE_REFRESH	tbl1.pak	0x013A8595	Battle Chip	战斗芯片
# DISABLED_DUPLICATE_AFTER_SOURCE_REFRESH	tbl1.pak	0x013A8A85	Light Speed Scouter Chip	光速度探测器芯片
tbl1.pak	0x013A8F3D	Defense Chip 1	防御芯片1
tbl1.pak	0x013A8F85	Defense Chip 3	防御芯片3
tbl1.pak	0x013A8FCD	Defense Chip 5	防御芯片5
tbl1.pak	0x013A9015	Defense Chip 7	防御芯片7
tbl1.pak	0x013A905D	Defense Chip 9	防御芯片9
# DISABLED_DUPLICATE_AFTER_SOURCE_REFRESH	tbl1.pak	0x013A938F	Dragon Ball Scouter Chip	龙珠探测器芯片
# DISABLED_DUPLICATE_AFTER_SOURCE_REFRESH	tbl1.pak	0x013AE61D	Comet Award Gauntlets	彗星奖励臂甲
# DISABLED_DUPLICATE_AFTER_SOURCE_REFRESH	tbl1.pak	0x013AE6DD	Prestige Dragon Gauntlets	威望龙臂甲
# DISABLED_DUPLICATE_AFTER_SOURCE_REFRESH	tbl1.pak	0x013AE775	Energy Ejection Gauntlets	气功喷射臂甲
# DISABLED_DUPLICATE_AFTER_SOURCE_REFRESH	tbl1.pak	0x013AE821	Soul Gauntlets	灵魂臂甲
tbl1.pak	0x013AFEB9	P Iron Gauntlets EX	P铁臂甲EX
tbl1.pak	0x013AFFDF	P Metal Gauntlets EX	P金属臂甲EX
tbl1.pak	0x013B03AF	P Namekian Gauntlets EX	P那美克星人臂甲EX
tbl1.pak	0x013B04CD	P Elder Gauntlets EX	P长老臂甲EX
tbl1.pak	0x013B080D	P Lotus Dragon Gauntlets EX	P莲花龙臂甲EX
# DISABLED_DUPLICATE_AFTER_SOURCE_REFRESH	tbl1.pak	0x013B177F	E Iron Gauntlets EX	E铁臂甲EX
# DISABLED_DUPLICATE_AFTER_SOURCE_REFRESH	tbl1.pak	0x013B18A5	E Metal Gauntlets EX	E金属臂甲EX
tbl1.pak	0x013B1D23	E Namek Gauntlets EX	E那美克臂甲EX
# DISABLED_DUPLICATE_AFTER_SOURCE_REFRESH	tbl1.pak	0x013B1D8F	E Elder Gauntlets EX	E长老臂甲EX
# DISABLED_DUPLICATE_AFTER_SOURCE_REFRESH	tbl1.pak	0x013B21B1	High Grade Gauntlets	高级臂甲
tbl1.pak	0x013B2315	Ultimate Gauntlets	终极臂甲
# DISABLED_DUPLICATE_AFTER_SOURCE_REFRESH	tbl1.pak	0x013B2679	Advanced Gauntlets	高级臂甲
# DISABLED_DUPLICATE_AFTER_SOURCE_REFRESH	tbl1.pak	0x013B2707	Power Gauntlets	力量臂甲
# DISABLED_DUPLICATE_AFTER_SOURCE_REFRESH	tbl1.pak	0x013B2841	Namek Staff EX	那美克杖EX
# DISABLED_DUPLICATE_AFTER_SOURCE_REFRESH	tbl1.pak	0x013B29B7	Elder Staff EX	长老杖EX
tbl1.pak	0x013B2DD9	CC Elite Staff EX	CC精英杖EX
# TAIWAN_OVERLAP_DISABLED_20260608	translation_in_taiwan_item_tables	refs=table_text_all_data.rdf:3:5460090:0;table_text_all_data.rdf:3:7865020:0
# tbl1.pak	0x013B2DF5	Narak Staff EX	那拉克杖EX
# DISABLED_DUPLICATE_AFTER_SOURCE_REFRESH	tbl1.pak	0x013B2EFD	Capsule Staff EX	杖EX胶囊
# DISABLED_DUPLICATE_AFTER_SOURCE_REFRESH	tbl1.pak	0x013B30E1	Lizard Staff EX	蜥蜴杖EX
# DISABLED_DUPLICATE_AFTER_SOURCE_REFRESH	tbl1.pak	0x013B3585	Battle Staff	战斗杖
# DISABLED_DUPLICATE_AFTER_SOURCE_REFRESH	tbl1.pak	0x013B3677	Light Staff	光杖
# DISABLED_DUPLICATE_AFTER_SOURCE_REFRESH	tbl1.pak	0x013B36D3	Dragon King's Staff	龙王的杖
# DISABLED_DUPLICATE_AFTER_SOURCE_REFRESH	tbl1.pak	0x013B3827	Valkyrie Staff	女武神杖
# TAIWAN_OVERLAP_DISABLED_20260608	translation_in_taiwan_item_tables	refs=table_text_all_data.rdf:3:5470070:0
# tbl1.pak	0x013B3D51	Power Gun EX	力量枪EX
# DISABLED_DUPLICATE_AFTER_SOURCE_REFRESH	tbl1.pak	0x013B3FFD	Devil Claws EX	魔鬼爪EX
# DISABLED_DUPLICATE_AFTER_SOURCE_REFRESH	tbl1.pak	0x013B411B	Steel Claws EX	钢爪EX
# TAIWAN_OVERLAP_DISABLED_20260608	translation_in_taiwan_item_tables	refs=table_text_all_data.rdf:3:5480040:0;table_text_all_data.rdf:3:7885020:0;table_text_all_data.rdf:3:8283020:0
# tbl1.pak	0x013B41E3	Dragon Eye Claws EX	龙眼爪EX
# DISABLED_DUPLICATE_AFTER_SOURCE_REFRESH	tbl1.pak	0x013B425D	Silver Soul Claws EX	银色灵魂爪EX
# TAIWAN_OVERLAP_DISABLED_20260608	translation_in_taiwan_item_tables	refs=table_text_all_data.rdf:3:5480060:0;table_text_all_data.rdf:3:6680110:0;table_text_all_data.rdf:3:7885030:0;table_text_all_data.rdf:3:8283030:0
# tbl1.pak	0x013B42F1	Meteor Claws EX	流星爪EX
# DISABLED_DUPLICATE_AFTER_SOURCE_REFRESH	tbl1.pak	0x013B437F	Injection Claws	注射爪
tbl1.pak	0x013B458D	Absolute Shadow EX	绝对暗影EX
# DISABLED_DUPLICATE_AFTER_SOURCE_REFRESH	tbl1.pak	0x013B4535	Strong Claws	强力爪
# DISABLED_DUPLICATE_AFTER_SOURCE_REFRESH	tbl1.pak	0x013B4587	Dragon Claws	龙爪
# DISABLED_DUPLICATE_AFTER_SOURCE_REFRESH	tbl1.pak	0x013B45EB	Nimbus Claws	筋斗云爪
# DISABLED_DUPLICATE_AFTER_SOURCE_REFRESH	tbl1.pak	0x013B4659	Absolute Light Claws	绝对光爪
tbl1.pak	*	Strong Warrior Claws	强力战士爪
# DISABLED_DUPLICATE_AFTER_SOURCE_REFRESH	tbl1.pak	0x013B4771	Mysterious Claws	神秘爪
tbl1.pak	0x013B4913	Magic Head Axe EX	魔法头斧EX
# DISABLED_DUPLICATE_AFTER_SOURCE_REFRESH	tbl1.pak	0x013B48CF	Namek Axe EX	那美克斧EX
# DISABLED_DUPLICATE_AFTER_SOURCE_REFRESH	tbl1.pak	0x013B4991	Steel Axe EX	钢斧EX
# DISABLED_DUPLICATE_AFTER_SOURCE_REFRESH	tbl1.pak	0x013B4AF3	Silver Soul Axe EX	银色灵魂斧EX
# TAIWAN_OVERLAP_DISABLED_20260608	translation_in_taiwan_item_tables	refs=table_text_all_data.rdf:3:5490060:0;table_text_all_data.rdf:3:6690110:0;table_text_all_data.rdf:3:7895030:0;table_text_all_data.rdf:3:8293030:0
# tbl1.pak	0x013B4B7B	Meteor Axe EX	流星斧EX
tbl1.pak	0x013B4D95	Light Speed Axe EX	光速度斧EX
# DISABLED_DUPLICATE_AFTER_SOURCE_REFRESH	tbl1.pak	0x013B4D6B	Comodo Battle Axe	科莫多战斗斧
# DISABLED_DUPLICATE_AFTER_SOURCE_REFRESH	tbl1.pak	0x013B4DF9	Strong Battle Axe	强力战斗斧
# DISABLED_DUPLICATE_AFTER_SOURCE_REFRESH	tbl1.pak	0x013B4E8D	Light Cut Axe	光切割斧
# DISABLED_DUPLICATE_AFTER_SOURCE_REFRESH	tbl1.pak	0x013B4F1B	Dragon Battle Axe	龙战斗斧
# DISABLED_DUPLICATE_AFTER_SOURCE_REFRESH	tbl1.pak	0x013B4FE7	Halberd Axe	戟斧
# DISABLED_DUPLICATE_AFTER_SOURCE_REFRESH	tbl1.pak	0x013B503F	Death Axe	死亡之斧
# DISABLED_DUPLICATE_AFTER_SOURCE_REFRESH	tbl1.pak	0x013B50C7	Killer Axe	杀手斧
# DISABLED_DUPLICATE_AFTER_SOURCE_REFRESH	tbl1.pak	0x013B5121	Scroll of Honor EX	荣耀EX的卷轴
# DISABLED_DUPLICATE_AFTER_SOURCE_REFRESH	tbl1.pak	0x013B568D	Bao Yan Scroll	鲍岩卷轴
# TAIWAN_OVERLAP_DISABLED_20260608	translation_in_taiwan_item_tables	refs=table_text_all_data.rdf:3:5505010:0;table_text_all_data.rdf:3:5905010:0
# tbl1.pak	0x013B57B1	Taichu Scroll	太初卷轴
# DISABLED_DUPLICATE_AFTER_SOURCE_REFRESH	tbl1.pak	0x013B584B	Yellow Dragon Scroll	黄色龙卷轴
# TAIWAN_OVERLAP_DISABLED_20260608	translation_in_taiwan_item_tables	refs=table_text_all_data.rdf:3:5506510:0;table_text_all_data.rdf:3:5906510:0
# tbl1.pak	0x013B593B	Original Scroll	原始卷轴
# DISABLED_DUPLICATE_AFTER_SOURCE_REFRESH	tbl1.pak	0x013B59AF	Dragon Scroll	龙卷轴
# DISABLED_DUPLICATE_AFTER_SOURCE_REFRESH	tbl1.pak	0x013B5A21	Crystal Gem EX	水晶宝石EX
# DISABLED_DUPLICATE_AFTER_SOURCE_REFRESH	tbl1.pak	0x013B5A85	Diamond Gem EX	钻石宝石EX
# DISABLED_DUPLICATE_AFTER_SOURCE_REFRESH	tbl1.pak	0x013B5D5D	Black Crystal Gem EX	黑色水晶宝石EX
# DISABLED_DUPLICATE_AFTER_SOURCE_REFRESH	tbl1.pak	0x013B5DFB	Rainbow Light Gem	彩虹光宝石
tbl1.pak	0x013B601B	Dark Crystal Gem EX	黑暗水晶宝石EX
# DISABLED_DUPLICATE_AFTER_SOURCE_REFRESH	tbl1.pak	0x013B5FA3	Huang Gang Gem	黄刚宝石
# DISABLED_DUPLICATE_AFTER_SOURCE_REFRESH	tbl1.pak	0x013B6053	Purple Stone	紫色石
# DISABLED_DUPLICATE_AFTER_SOURCE_REFRESH	tbl1.pak	0x013B60D7	Green Stone	绿色石
# DISABLED_DUPLICATE_AFTER_SOURCE_REFRESH	tbl1.pak	0x013B6167	Black Stone	黑色石
# DISABLED_DUPLICATE_AFTER_SOURCE_REFRESH	tbl1.pak	0x013B61E1	Rainbow Gem	彩虹宝石
# DISABLED_DUPLICATE_AFTER_SOURCE_REFRESH	tbl1.pak	0x013B6261	Rock Stone Gem	岩石石宝石
# DISABLED_DUPLICATE_AFTER_SOURCE_REFRESH	tbl1.pak	0x013B62F7	Popo Gem	波波宝石
# DISABLED_DUPLICATE_AFTER_SOURCE_REFRESH	tbl1.pak	0x013B63E9	Korin Stick EX	卡林棍EX
# DISABLED_DUPLICATE_AFTER_SOURCE_REFRESH	tbl1.pak	0x013B64DF	Steel Stick EX	钢棍EX
# DISABLED_DUPLICATE_AFTER_SOURCE_REFRESH	tbl1.pak	0x013B65A5	Tiger Stick EX	老虎棍EX
# TAIWAN_OVERLAP_DISABLED_20260608	translation_in_taiwan_item_tables	refs=table_text_all_data.rdf:3:5520060:0;table_text_all_data.rdf:3:6720110:0;table_text_all_data.rdf:3:7925030:0;table_text_all_data.rdf:3:8323030:0
# tbl1.pak	0x013B6711	Meteor Stick EX	流星棍EX
tbl1.pak	0x013B6937	Diamond Stick EX	钻石棍EX
# DISABLED_DUPLICATE_AFTER_SOURCE_REFRESH	tbl1.pak	0x013B68B9	Z Awakening Stick EX	Z觉醒棍EX
# DISABLED_DUPLICATE_AFTER_SOURCE_REFRESH	tbl1.pak	0x013B6919	Hardcore Stick	硬核棍
# DISABLED_DUPLICATE_AFTER_SOURCE_REFRESH	tbl1.pak	0x013B69A1	Nova Stick	新星棍
# TAIWAN_DEEP_OVERLAP_DISABLED_20260608	translation_any_taiwan	refs=table_text_all_data.rdf:3:6720200:0
# tbl1.pak	0x013B6A17	Dragon Stick	龙棍
# DISABLED_DUPLICATE_AFTER_SOURCE_REFRESH	tbl1.pak	0x013B6AAB	New Grid Stick	新格纹棍
# DISABLED_DUPLICATE_AFTER_SOURCE_REFRESH	tbl1.pak	0x013B6D33	White Wolf Sword EX	白色狼剑EX
# DISABLED_DUPLICATE_AFTER_SOURCE_REFRESH	tbl1.pak	0x013B6ED9	Willow Sword EX	柳木剑EX
# DISABLED_DUPLICATE_AFTER_SOURCE_REFRESH	tbl1.pak	0x013B701D	Star Sword EX	星剑EX
# DISABLED_DUPLICATE_AFTER_SOURCE_REFRESH	tbl1.pak	0x013B71C7	Thunder Sword EX	雷霆剑EX
# DISABLED_DUPLICATE_AFTER_SOURCE_REFRESH	tbl1.pak	0x013B72ED	Plasma Sword	等离子剑
# DISABLED_DUPLICATE_AFTER_SOURCE_REFRESH	tbl1.pak	0x013B7669	Crystal Wand EX	水晶短杖EX
# DISABLED_DUPLICATE_AFTER_SOURCE_REFRESH	tbl1.pak	0x013B76CF	Diamond Wand EX	钻石短杖EX
tbl1.pak	0x013B781B	Green Wand EX	绿色短杖EX
# DISABLED_DUPLICATE_AFTER_SOURCE_REFRESH	tbl1.pak	0x013B78D9	Comet Wand EX	彗星短杖EX
tbl1.pak	0x013B7B3D	Thunder Wand EX	雷霆短杖EX
# DISABLED_DUPLICATE_AFTER_SOURCE_REFRESH	tbl1.pak	0x013B7ABD	Awakening Wand EX	觉醒短杖EX
# DISABLED_DUPLICATE_AFTER_SOURCE_REFRESH	tbl1.pak	0x013B7B15	Huang Gang Wand	黄刚短杖
# DISABLED_DUPLICATE_AFTER_SOURCE_REFRESH	tbl1.pak	0x013B7BC5	Sapphire Wand	蓝宝石短杖
# DISABLED_DUPLICATE_AFTER_SOURCE_REFRESH	tbl1.pak	0x013B7C47	Dragon Energy Wand	龙气功短杖
# DISABLED_DUPLICATE_AFTER_SOURCE_REFRESH	tbl1.pak	0x013B7D9B	Plasma Wand	等离子短杖
# DISABLED_DUPLICATE_AFTER_SOURCE_REFRESH	tbl1.pak	0x013B7E13	Valkyrie Wand	女武神短杖
# DISABLED_DUPLICATE_AFTER_SOURCE_REFRESH	tbl1.pak	0x013B7E7D	Black Steel Wand	黑色钢短杖
# TAIWAN_OVERLAP_DISABLED_20260608	translation_in_taiwan_item_tables	refs=table_text_all_data.rdf:3:5550030:0;table_text_all_data.rdf:3:6750020:0
# tbl1.pak	0x013B807F	Phoenix Fan EX	凤凰扇EX
# DISABLED_DUPLICATE_AFTER_SOURCE_REFRESH	tbl1.pak	0x013B80FB	3 Eye Fan EX	3眼扇EX
# TAIWAN_OVERLAP_DISABLED_20260608	translation_in_taiwan_item_tables	refs=table_text_all_data.rdf:3:5550060:0;table_text_all_data.rdf:3:6750110:0;table_text_all_data.rdf:3:7955030:0;table_text_all_data.rdf:3:8353030:0
# tbl1.pak	0x013B81E9	Meteor Fan EX	流星扇EX
# TAIWAN_OVERLAP_DISABLED_20260608	translation_in_taiwan_item_tables	refs=table_text_all_data.rdf:3:5550090:0
# tbl1.pak	0x013B8391	Lightning Fan EX	闪电扇EX
# DISABLED_DUPLICATE_AFTER_SOURCE_REFRESH	tbl1.pak	0x013B8421	God Eye Fan	神眼扇
# DISABLED_DUPLICATE_AFTER_SOURCE_REFRESH	tbl1.pak	0x013B8557	Wheel of Light Fan	光扇的轮
# DISABLED_DUPLICATE_AFTER_SOURCE_REFRESH	tbl1.pak	0x013B8667	Long Hit Fan	长希特扇
# DISABLED_DUPLICATE_AFTER_SOURCE_REFRESH	tbl1.pak	0x013B86F1	Electro-Optic Fan	电光-光学扇
# DISABLED_DUPLICATE_AFTER_SOURCE_REFRESH	tbl1.pak	0x013B879B	Dragon Roar Fan	龙咆哮扇
tbl1.pak	0x013B8C3F	Cannon Fire EX	炮火EX
# DISABLED_DUPLICATE_AFTER_SOURCE_REFRESH	tbl1.pak	0x013B8BBD	Trumpet EX	号角EX
# DISABLED_DUPLICATE_AFTER_SOURCE_REFRESH	tbl1.pak	0x013B8DBB	Super Trumpet EX	超级号角EX
tbl1.pak	0x013B90DB	Light Speed Trumpet EX	光速度号角EX
tbl1.pak	0x013B915B	Dark Trumpet EX	黑暗号角EX
# DISABLED_DUPLICATE_AFTER_SOURCE_REFRESH	tbl1.pak	0x013B90DB	Remembrance Trumpet	纪念号角
# DISABLED_DUPLICATE_AFTER_SOURCE_REFRESH	tbl1.pak	0x013B9187	Meteor Trumpet	流星号角
# TAIWAN_OVERLAP_DISABLED_20260608	translation_in_taiwan_item_tables	refs=table_text_all_data.rdf:3:5585010:0;table_text_all_data.rdf:3:5985010:0
# tbl1.pak	0x013B9209	Watercolor Trumpet	水彩号角
# DISABLED_DUPLICATE_AFTER_SOURCE_REFRESH	tbl1.pak	0x013B92D1	Legend Long Trumpet	传说长号角
# DISABLED_DUPLICATE_AFTER_SOURCE_REFRESH	tbl1.pak	0x013B9347	Light Trumpet	光号角
# DISABLED_DUPLICATE_AFTER_SOURCE_REFRESH	tbl1.pak	0x013B97AF	Corn Club EX	玉米棒EX
# DISABLED_DUPLICATE_AFTER_SOURCE_REFRESH	tbl1.pak	0x013B9A49	Red Hot Chili Corn	红色火辣辣椒玉米
# DISABLED_DUPLICATE_AFTER_SOURCE_REFRESH	tbl1.pak	0x013B9AE1	Smoked Fish	烟熏鱼
# DISABLED_DUPLICATE_AFTER_SOURCE_REFRESH	tbl1.pak	0x013B9D53	Pound Drum EX	重击鼓EX
# DISABLED_DUPLICATE_AFTER_SOURCE_REFRESH	tbl1.pak	0x013BA341	Frame Drum	框架鼓
# DISABLED_DUPLICATE_AFTER_SOURCE_REFRESH	tbl1.pak	0x013BA395	Dragon Drum	龙鼓
# DISABLED_DUPLICATE_AFTER_SOURCE_REFRESH	tbl1.pak	0x013BAAD1	Enraged Mask	狂怒面具
# DISABLED_DUPLICATE_AFTER_SOURCE_REFRESH	tbl1.pak	0x013BAC33	Dragon Mask	龙面具
tbl1.pak	*	U7Spiritualist beginner clothes.\nLight and easy to move.	U7气功师 beginner clothes.\nLight and easy to move.
# DISABLED_DUPLICATE_AFTER_SOURCE_REFRESH	tbl1.pak	0x013C0383	U7Spiritualist beginner clothes.\nLight and easy to move.	U7气功师 beginner clothes.\nLight and easy to move.
# DISABLED_DUPLICATE_AFTER_SOURCE_REFRESH	tbl1.pak	0x013C0449	U7Spiritualist beginner clothes.\nLight and easy to move.	U7气功师 beginner clothes.\nLight and easy to move.
# DISABLED_DUPLICATE_AFTER_SOURCE_REFRESH	tbl1.pak	0x013D95AB	Pleasant Wind Necklace EX	愉快风项链EX
tbl1.pak	*	VUSpiritualists love this necklace.\nIt's said that the symbol engraved is mysteriouse.	VU气功师 love this necklace.\nIt's said that the symbol engraved is mysteriouse.
# DISABLED_DUPLICATE_AFTER_SOURCE_REFRESH	tbl1.pak	0x013D9AC3	VUSpiritualists love this necklace.\nIt's said that the symbol engraved is mysteriouse.	VU气功师 love this necklace.\nIt's said that the symbol engraved is mysteriouse.
# DISABLED_DUPLICATE_AFTER_SOURCE_REFRESH	tbl1.pak	0x013D9BA5	VUSpiritualists love this necklace.\nIt's said that the symbol engraved is mysteriouse.	VU气功师 love this necklace.\nIt's said that the symbol engraved is mysteriouse.
# DISABLED_DUPLICATE_AFTER_SOURCE_REFRESH	tbl1.pak	0x013D9C87	VUSpiritualists love this necklace.\nIt's said that the symbol engraved is mysteriouse.	VU气功师 love this necklace.\nIt's said that the symbol engraved is mysteriouse.
# DISABLED_DUPLICATE_AFTER_SOURCE_REFRESH	tbl1.pak	0x013D9D69	VUSpiritualists love this necklace.\nIt's said that the symbol engraved is mysteriouse.	VU气功师 love this necklace.\nIt's said that the symbol engraved is mysteriouse.
# DISABLED_DUPLICATE_AFTER_SOURCE_REFRESH	tbl1.pak	0x013D9E4B	VUSpiritualists love this necklace.\nIt's said that the symbol engraved is mysteriouse.	VU气功师 love this necklace.\nIt's said that the symbol engraved is mysteriouse.
# DISABLED_DUPLICATE_AFTER_SOURCE_REFRESH	tbl1.pak	0x013D9F2D	VUSpiritualists love this necklace.\nIt's said that the symbol engraved is mysteriouse.	VU气功师 love this necklace.\nIt's said that the symbol engraved is mysteriouse.
# DISABLED_DUPLICATE_AFTER_SOURCE_REFRESH	tbl1.pak	0x013DA00F	VUSpiritualists love this necklace.\nIt's said that the symbol engraved is mysteriouse.	VU气功师 love this necklace.\nIt's said that the symbol engraved is mysteriouse.
# DISABLED_DUPLICATE_AFTER_SOURCE_REFRESH	tbl1.pak	0x013DA0E3	VUSpiritualists love this necklace.\nIt's said that the symbol engraved is mysteriouse.	VU气功师 love this necklace.\nIt's said that the symbol engraved is mysteriouse.
# DISABLED_DUPLICATE_AFTER_SOURCE_REFRESH	tbl1.pak	0x013DA1B7	VUSpiritualists love this necklace.\nIt's said that the symbol engraved is mysteriouse.	VU气功师 love this necklace.\nIt's said that the symbol engraved is mysteriouse.
# DISABLED_DUPLICATE_AFTER_SOURCE_REFRESH	tbl1.pak	0x013DA291	VUSpiritualists love this necklace.\nIt's said that the symbol engraved is mysteriouse.	VU气功师 love this necklace.\nIt's said that the symbol engraved is mysteriouse.
# DISABLED_DUPLICATE_AFTER_SOURCE_REFRESH	tbl1.pak	0x013DA36B	VUSpiritualists love this necklace.\nIt's said that the symbol engraved is mysteriouse.	VU气功师 love this necklace.\nIt's said that the symbol engraved is mysteriouse.
# DISABLED_DUPLICATE_AFTER_SOURCE_REFRESH	tbl1.pak	0x013DA445	VUSpiritualists love this necklace.\nIt's said that the symbol engraved is mysteriouse.	VU气功师 love this necklace.\nIt's said that the symbol engraved is mysteriouse.
# DISABLED_DUPLICATE_AFTER_SOURCE_REFRESH	tbl1.pak	0x013DA51F	VUSpiritualists love this necklace.\nIt's said that the symbol engraved is mysteriouse.	VU气功师 love this necklace.\nIt's said that the symbol engraved is mysteriouse.
# DISABLED_DUPLICATE_AFTER_SOURCE_REFRESH	tbl1.pak	0x013DA5F9	VUSpiritualists love this necklace.\nIt's said that the symbol engraved is mysteriouse.	VU气功师 love this necklace.\nIt's said that the symbol engraved is mysteriouse.
# DISABLED_DUPLICATE_AFTER_SOURCE_REFRESH	tbl1.pak	0x013DA6D3	VUSpiritualists love this necklace.\nIt's said that the symbol engraved is mysteriouse.	VU气功师 love this necklace.\nIt's said that the symbol engraved is mysteriouse.
# tbl1.pak	0x013DCE87	Double Ring EX	双戒指EX
# tbl1.pak	0x013E55F1	Ruby Earring EX	红宝石耳环EX
# tbl1.pak	0x013EF23F	New Scouter S	新探测器S
# DISABLED_DUPLICATE_AFTER_SOURCE_REFRESH	tbl1.pak	0x013EF3BB	CC Scouter S	CC探测器S
tbl1.pak	0x013EF53D	Super CC Scouter S	超级CC探测器S
# DISABLED_DUPLICATE_AFTER_SOURCE_REFRESH	tbl1.pak	0x013EF557	Long Scouter S	长探测器S
# DISABLED_DUPLICATE_AFTER_SOURCE_REFRESH	tbl1.pak	0x013EF719	Z Scouter S	Z探测器S
# DISABLED_DUPLICATE_AFTER_SOURCE_REFRESH	tbl1.pak	0x013EF7BB	Super Z Scouter	超级Z探测器
# DISABLED_DUPLICATE_AFTER_SOURCE_REFRESH	tbl1.pak	0x013F1C55	Crystal Spirit Circuit 3	水晶精神电路3
# DISABLED_DUPLICATE_AFTER_SOURCE_REFRESH	tbl1.pak	0x013F1CCB	Crystal Spirit Circuit 5	水晶精神电路5
# DISABLED_DUPLICATE_AFTER_SOURCE_REFRESH	tbl1.pak	0x013F1D41	Crystal Spirit Circuit 10	水晶精神电路10
tbl1.pak	0x013F1E65	Crystal Spirit Circuit 15	水晶精神电路15
tbl1.pak	0x013F1EDD	Crystal Spirit Circuit 20	水晶精神电路20
tbl1.pak	0x013F1F55	Crystal Spirit Circuit 25	水晶精神电路25
tbl1.pak	0x013F1FCD	Crystal Spirit Circuit 30	水晶精神电路30
tbl1.pak	0x013F2045	Crystal Spirit Circuit 35	水晶精神电路35
tbl1.pak	0x013F20BD	Crystal Spirit Circuit 40	水晶精神电路40
tbl1.pak	0x013F2135	Crystal Spirit Circuit 45	水晶精神电路45
tbl1.pak	0x013F21AD	Crystal Spirit Circuit 50	水晶精神电路50
tbl1.pak	0x013F2225	Crystal Spirit Circuit 55	水晶精神电路55
tbl1.pak	0x013F229D	Crystal Spirit Circuit 60	水晶精神电路60
tbl1.pak	0x013F2315	Crystal Spirit Circuit 65	水晶精神电路65
tbl1.pak	0x013F238D	Crystal Spirit Circuit 70	水晶精神电路70
tbl1.pak	0x013F2405	Crystal Spirit Circuit 75	水晶精神电路75
tbl1.pak	0x013F247D	Crystal Spirit Circuit 80	水晶精神电路80
tbl1.pak	0x013F24F5	Crystal Spirit Circuit 85	水晶精神电路85
tbl1.pak	0x013F256D	Crystal Spirit Circuit 90	水晶精神电路90
tbl1.pak	0x013F25E5	Crystal Spirit Circuit 95	水晶精神电路95
tbl1.pak	0x013F265D	Crystal Spirit Circuit 100	水晶精神电路100
tbl1.pak	0x013F8F4F	P Iron Gauntlets R	P铁臂甲R
tbl1.pak	0x013F9073	P Metal Gauntlets R	P金属臂甲R
tbl1.pak	0x013F943D	P Namekian Gauntlets R	P那美克星人臂甲R
tbl1.pak	0x013F9559	P Elder Gauntlets R	P长老臂甲R
# DISABLED_DUPLICATE_AFTER_SOURCE_REFRESH	tbl1.pak	0x013F9B79	Iron Gauntlets R	铁臂甲R
# DISABLED_DUPLICATE_AFTER_SOURCE_REFRESH	tbl1.pak	0x013F9C99	Metal Gauntlets R	金属臂甲R
# DISABLED_DUPLICATE_AFTER_SOURCE_REFRESH	tbl1.pak	0x013FA057	Namekian Gauntlets R	那美克星人臂甲R
# DISABLED_DUPLICATE_AFTER_SOURCE_REFRESH	tbl1.pak	0x013FA16F	Elder Gauntlets R	长老臂甲R
tbl1.pak	0x013FA8DB	E Iron Gauntlets R	E铁臂甲R
tbl1.pak	0x013FA9FF	E Metal Gauntlets R	E金属臂甲R
tbl1.pak	0x013FADC9	E Namekian Gauntlets R	E那美克星人臂甲R
tbl1.pak	0x013FAEE5	E Elder Gauntlets R	E长老臂甲R
tbl1.pak	0x013FB215	E Lotus Dragon Gauntlets R	E莲花龙臂甲R
# DISABLED_DUPLICATE_AFTER_SOURCE_REFRESH	tbl1.pak	0x013FB3F5	Blast Gauntlets	爆破臂甲
tbl1.pak	0x013FB9BB	Namek Staff R	那美克杖R
tbl1.pak	0x013FBB2D	Elder Staff R	长老杖R
tbl1.pak	0x013FBE9B	CC Elite Staff R	CC精英杖R
# TAIWAN_OVERLAP_DISABLED_20260608	translation_in_taiwan_item_tables	refs=table_text_all_data.rdf:3:5860090:0
# tbl1.pak	0x013FBEB5	Narak Staff R	那拉克杖R
tbl1.pak	0x013FC067	Capsule Staff R	杖R胶囊
tbl1.pak	0x013FC247	Lizard Staff R	蜥蜴杖R
# TAIWAN_OVERLAP_DISABLED_20260608	translation_in_taiwan_item_tables	refs=table_text_all_data.rdf:3:5870070:0
# tbl1.pak	0x013FCDFB	Power Gun R	力量枪R
tbl1.pak	0x013FD145	Devil Claws R	魔鬼爪R
tbl1.pak	0x013FD25F	Steel Claws R	钢爪R
# TAIWAN_OVERLAP_DISABLED_20260608	translation_in_taiwan_item_tables	refs=table_text_all_data.rdf:3:5880040:0
# tbl1.pak	0x013FD279	Dragon Eye Claws R	龙眼爪R
tbl1.pak	0x013FD39D	Silver Soul Claws R	银色灵魂爪R
# TAIWAN_OVERLAP_DISABLED_20260608	translation_in_taiwan_item_tables	refs=table_text_all_data.rdf:3:5880060:0
# tbl1.pak	0x013FD383	Meteor Claws R	流星爪R
# DISABLED_DUPLICATE_AFTER_SOURCE_REFRESH	tbl1.pak	0x013FD77B	Strong Warrior Claws	强力战士爪
tbl1.pak	0x013FD99B	Magic Head Axe R	魔法头斧R
tbl1.pak	0x013FDA01	Namek Axe R	那美克斧R
tbl1.pak	0x013FDAC1	Steel Axe R	钢斧R
tbl1.pak	0x013FDC1F	Silver Soul Axe R	银色灵魂斧R
# TAIWAN_OVERLAP_DISABLED_20260608	translation_in_taiwan_item_tables	refs=table_text_all_data.rdf:3:5890060:0
# tbl1.pak	0x013FDBF9	Meteor Axe R	流星斧R
tbl1.pak	0x013FDE11	Light Speed Axe R	光速度斧R
# DISABLED_DUPLICATE_AFTER_SOURCE_REFRESH	tbl1.pak	0x013FE191	Scroll of Honor R	荣耀R的卷轴
# DISABLED_DUPLICATE_AFTER_SOURCE_REFRESH	tbl1.pak	0x013FEA97	Crystal Gem R	水晶宝石R
tbl1.pak	0x013FEBA5	Diamond Gem R	钻石宝石R
tbl1.pak	0x013FEE75	Black Crystal Gem R	黑色水晶宝石R
tbl1.pak	0x013FF081	Dark Crystal Gem R	黑暗水晶宝石R
# DISABLED_DUPLICATE_AFTER_SOURCE_REFRESH	tbl1.pak	0x013FF0B7	Purple Stone Gem	紫色石宝石
# DISABLED_DUPLICATE_AFTER_SOURCE_REFRESH	tbl1.pak	0x013FF143	Green Stone Gem	绿色石宝石
# DISABLED_DUPLICATE_AFTER_SOURCE_REFRESH	tbl1.pak	0x013FF1E3	Black Stone Gem	黑色石宝石
tbl1.pak	0x013FF517	Korin Stick R	卡林棍R
tbl1.pak	0x013FF60B	Steel Stick R	钢棍R
tbl1.pak	0x013FF6CF	Tiger Stick R	老虎棍R
# TAIWAN_OVERLAP_DISABLED_20260608	translation_in_taiwan_item_tables	refs=table_text_all_data.rdf:3:5920060:0
# tbl1.pak	0x013FF78B	Meteor Stick R	流星棍R
tbl1.pak	0x013FF9AF	Diamond Stick R	钻石棍R
tbl1.pak	0x013FF9DB	Z Awakening Stick R	Z觉醒棍R
tbl1.pak	0x013FFE57	White Wolf Sword R	白色狼剑R
tbl1.pak	0x013FFFF9	Willow Sword R	柳木剑R
tbl1.pak	0x01400139	Star Sword R	星剑R
# DISABLED_DUPLICATE_AFTER_SOURCE_REFRESH	tbl1.pak	0x01400235	Thunder Sword R	雷霆剑R
tbl1.pak	0x0140077B	Crystal Wand R	水晶短杖R
tbl1.pak	0x014007DF	Diamond Wand R	钻石短杖R
tbl1.pak	0x0140087D	Green Wand R	绿色短杖R
tbl1.pak	0x014009E1	Comet Wand R	彗星短杖R
# DISABLED_DUPLICATE_AFTER_SOURCE_REFRESH	tbl1.pak	0x01400AEB	Thunder Wand R	雷霆短杖R
# DISABLED_DUPLICATE_AFTER_SOURCE_REFRESH	tbl1.pak	0x01400B15	Awakening Wand R	觉醒短杖R
# TAIWAN_OVERLAP_DISABLED_20260608	translation_in_taiwan_item_tables	refs=table_text_all_data.rdf:3:5950030:0
# tbl1.pak	0x014010CF	Phoenix Fan R	凤凰扇R
tbl1.pak	0x014011F5	3 Eye Fan R	3眼扇R
# TAIWAN_OVERLAP_DISABLED_20260608	translation_in_taiwan_item_tables	refs=table_text_all_data.rdf:3:5950060:0
# tbl1.pak	0x01401233	Meteor Fan R	流星扇R
# TAIWAN_OVERLAP_DISABLED_20260608	translation_in_taiwan_item_tables	refs=table_text_all_data.rdf:3:5950090:0
# tbl1.pak	0x014013D9	Lightning Fan R	闪电扇R
tbl1.pak	0x01401C63	Flame Cannon R	火焰炮R
# DISABLED_DUPLICATE_AFTER_SOURCE_REFRESH	tbl1.pak	0x01401BE1	Trumpet R	号角R
tbl1.pak	0x01401E83	Super Trumpet R	超级号角R
tbl1.pak	0x014020FB	Light Speed Trumpet R	光速度号角R
tbl1.pak	0x01402177	Dark Trumpet R	黑暗号角R
tbl1.pak	0x0140286B	Corn Club R	玉米棒R
# DISABLED_DUPLICATE_AFTER_SOURCE_REFRESH	tbl1.pak	0x01402D5B	Pound Drum R	重击鼓R
tbl1.pak	0x0140330F	Ultimate Gohan Pet	终极孙悟饭宠物
tbl1.pak	0x014034BF	SS3 Bardock	超级赛亚人3巴达克
tbl1.pak	*	7Spiritualist beginner clothes.\nLight and easy to move.	7气功师 beginner clothes.\nLight and easy to move.
# DISABLED_DUPLICATE_AFTER_SOURCE_REFRESH	tbl1.pak	0x01409467	7Spiritualist beginner clothes.\nLight and easy to move.	7气功师 beginner clothes.\nLight and easy to move.
# DISABLED_DUPLICATE_AFTER_SOURCE_REFRESH	tbl1.pak	0x0140952B	7Spiritualist beginner clothes.\nLight and easy to move.	7气功师 beginner clothes.\nLight and easy to move.
# DISABLED_DUPLICATE_AFTER_SOURCE_REFRESH	tbl1.pak	0x01422303	Pleasant Wind Necklace R	愉快风项链R
tbl1.pak	*	USpiritualists love this necklace.\nIt's said that the symbol engraved is mysteriouse.	U气功师 love this necklace.\nIt's said that the symbol engraved is mysteriouse.
# DISABLED_DUPLICATE_AFTER_SOURCE_REFRESH	tbl1.pak	0x01422819	USpiritualists love this necklace.\nIt's said that the symbol engraved is mysteriouse.	U气功师 love this necklace.\nIt's said that the symbol engraved is mysteriouse.
# DISABLED_DUPLICATE_AFTER_SOURCE_REFRESH	tbl1.pak	0x014228FF	USpiritualists love this necklace.\nIt's said that the symbol engraved is mysteriouse.	U气功师 love this necklace.\nIt's said that the symbol engraved is mysteriouse.
# DISABLED_DUPLICATE_AFTER_SOURCE_REFRESH	tbl1.pak	0x014229E5	USpiritualists love this necklace.\nIt's said that the symbol engraved is mysteriouse.	U气功师 love this necklace.\nIt's said that the symbol engraved is mysteriouse.
# DISABLED_DUPLICATE_AFTER_SOURCE_REFRESH	tbl1.pak	0x01422ACB	USpiritualists love this necklace.\nIt's said that the symbol engraved is mysteriouse.	U气功师 love this necklace.\nIt's said that the symbol engraved is mysteriouse.
# DISABLED_DUPLICATE_AFTER_SOURCE_REFRESH	tbl1.pak	0x01422BB1	USpiritualists love this necklace.\nIt's said that the symbol engraved is mysteriouse.	U气功师 love this necklace.\nIt's said that the symbol engraved is mysteriouse.
# DISABLED_DUPLICATE_AFTER_SOURCE_REFRESH	tbl1.pak	0x01422C97	USpiritualists love this necklace.\nIt's said that the symbol engraved is mysteriouse.	U气功师 love this necklace.\nIt's said that the symbol engraved is mysteriouse.
# DISABLED_DUPLICATE_AFTER_SOURCE_REFRESH	tbl1.pak	0x01422D7D	USpiritualists love this necklace.\nIt's said that the symbol engraved is mysteriouse.	U气功师 love this necklace.\nIt's said that the symbol engraved is mysteriouse.
# DISABLED_DUPLICATE_AFTER_SOURCE_REFRESH	tbl1.pak	0x01422E5F	USpiritualists love this necklace.\nIt's said that the symbol engraved is mysteriouse.	U气功师 love this necklace.\nIt's said that the symbol engraved is mysteriouse.
# DISABLED_DUPLICATE_AFTER_SOURCE_REFRESH	tbl1.pak	0x01422F41	USpiritualists love this necklace.\nIt's said that the symbol engraved is mysteriouse.	U气功师 love this necklace.\nIt's said that the symbol engraved is mysteriouse.
# DISABLED_DUPLICATE_AFTER_SOURCE_REFRESH	tbl1.pak	0x01423019	USpiritualists love this necklace.\nIt's said that the symbol engraved is mysteriouse.	U气功师 love this necklace.\nIt's said that the symbol engraved is mysteriouse.
# DISABLED_DUPLICATE_AFTER_SOURCE_REFRESH	tbl1.pak	0x014230F1	USpiritualists love this necklace.\nIt's said that the symbol engraved is mysteriouse.	U气功师 love this necklace.\nIt's said that the symbol engraved is mysteriouse.
# DISABLED_DUPLICATE_AFTER_SOURCE_REFRESH	tbl1.pak	0x014231C9	USpiritualists love this necklace.\nIt's said that the symbol engraved is mysteriouse.	U气功师 love this necklace.\nIt's said that the symbol engraved is mysteriouse.
# DISABLED_DUPLICATE_AFTER_SOURCE_REFRESH	tbl1.pak	0x014232A1	USpiritualists love this necklace.\nIt's said that the symbol engraved is mysteriouse.	U气功师 love this necklace.\nIt's said that the symbol engraved is mysteriouse.
# DISABLED_DUPLICATE_AFTER_SOURCE_REFRESH	tbl1.pak	0x01423379	USpiritualists love this necklace.\nIt's said that the symbol engraved is mysteriouse.	U气功师 love this necklace.\nIt's said that the symbol engraved is mysteriouse.
# DISABLED_DUPLICATE_AFTER_SOURCE_REFRESH	tbl1.pak	0x01423451	USpiritualists love this necklace.\nIt's said that the symbol engraved is mysteriouse.	U气功师 love this necklace.\nIt's said that the symbol engraved is mysteriouse.
# tbl1.pak	0x0142594F	Double Ring R	双戒指R
# tbl1.pak	0x01426303	Ancient Ring R	古代戒指R
# tbl1.pak	0x0142E1CF	Ruby Earring R	红宝石耳环R
tbl1.pak	0x01438A33	Super Z Scouter SP	超级Z探测器SP
tbl1.pak	0x01439A69	Crystal Spirit Chip 20	水晶精神芯片20
tbl1.pak	0x01439ADB	Crystal Spirit Chip 25	水晶精神芯片25
tbl1.pak	0x01439B4D	Crystal Spirit Chip 30	水晶精神芯片30
tbl1.pak	0x01439BBF	Crystal Spirit Chip 35	水晶精神芯片35
tbl1.pak	0x01439C31	Crystal Spirit Chip 40	水晶精神芯片40
tbl1.pak	0x01439CA3	Crystal Spirit Chip 45	水晶精神芯片45
tbl1.pak	0x01439D15	Crystal Spirit Chip 50	水晶精神芯片50
tbl1.pak	0x01439D87	Crystal Spirit Chip 55	水晶精神芯片55
tbl1.pak	0x01439DF9	Crystal Spirit Chip 60	水晶精神芯片60
tbl1.pak	0x01439E6B	Crystal Spirit Chip 65	水晶精神芯片65
tbl1.pak	0x01439EDD	Crystal Spirit Chip 70	水晶精神芯片70
tbl1.pak	0x01439F4F	Crystal Spirit Chip 75	水晶精神芯片75
tbl1.pak	0x01439FC1	Crystal Spirit Chip 80	水晶精神芯片80
tbl1.pak	0x0143A033	Crystal Spirit Chip 85	水晶精神芯片85
tbl1.pak	0x0143A0A5	Crystal Spirit Chip 90	水晶精神芯片90
tbl1.pak	0x0143A117	Crystal Spirit Chip 95	水晶精神芯片95
tbl1.pak	0x0143A189	Crystal Spirit Chip 100	水晶精神芯片100
tbl1.pak	0x0143E92B	Injection  Gauntlets L	注射臂甲L
tbl1.pak	0x0143FAED	P Iron Gauntlets L	P铁臂甲L
tbl1.pak	0x0143FC11	P Metal Gauntlets L	P金属臂甲L
tbl1.pak	0x0143FFDB	P Namekian Gauntlets L	P那美克星人臂甲L
tbl1.pak	0x014400F7	P Elder Gauntlets L	P长老臂甲L
# DISABLED_DUPLICATE_AFTER_SOURCE_REFRESH	tbl1.pak	0x01440717	Iron Gauntlets L	铁臂甲L
# DISABLED_DUPLICATE_AFTER_SOURCE_REFRESH	tbl1.pak	0x01440837	Metal Gauntlets L	金属臂甲L
# DISABLED_DUPLICATE_AFTER_SOURCE_REFRESH	tbl1.pak	0x01440BF1	Namekian Gauntlets L	那美克星人臂甲L
# DISABLED_DUPLICATE_AFTER_SOURCE_REFRESH	tbl1.pak	0x01440D09	Elder Gauntlets L	长老臂甲L
tbl1.pak	0x01441475	E Iron Gauntlets L	E铁臂甲L
tbl1.pak	0x01441599	E Metal Gauntlets L	E金属臂甲L
tbl1.pak	0x01441961	E Namekian Gauntlets L	E那美克星人臂甲L
tbl1.pak	0x01441A7D	E Elder Gauntlets L	E长老臂甲L
tbl1.pak	0x01441F35	Namek Staff L	那美克杖L
tbl1.pak	0x014420A7	Elder Staff L	长老杖L
tbl1.pak	0x01442415	CC Elite Staff L	CC精英杖L
# TAIWAN_OVERLAP_DISABLED_20260608	translation_in_taiwan_item_tables	refs=table_text_all_data.rdf:3:6260090:0
# tbl1.pak	0x0144242F	Narak Staff L	那拉克杖L
tbl1.pak	0x014425E1	Capsule Staff L	杖L胶囊
tbl1.pak	0x014427C1	Lizard Staff L	蜥蜴杖L
# TAIWAN_OVERLAP_DISABLED_20260608	translation_in_taiwan_item_tables	refs=table_text_all_data.rdf:3:6270070:0
# tbl1.pak	0x01442E2B	Power Gun L	力量枪L
tbl1.pak	0x0144317D	Devil Claws L	魔鬼爪L
tbl1.pak	0x01443297	Steel Claws L	钢爪L
# TAIWAN_OVERLAP_DISABLED_20260608	translation_in_taiwan_item_tables	refs=table_text_all_data.rdf:3:6280040:0
# tbl1.pak	0x014432B1	Dragon Eye Claws L	龙眼爪L
tbl1.pak	0x014433D5	Silver Soul Claws L	银色灵魂爪L
# TAIWAN_OVERLAP_DISABLED_20260608	translation_in_taiwan_item_tables	refs=table_text_all_data.rdf:3:6280060:0
# tbl1.pak	0x014433BB	Meteor Claws L	流星爪L
tbl1.pak	0x014436A1	Magic Head Axe L	魔法头斧L
tbl1.pak	0x01443707	Namek Axe L	那美克斧L
tbl1.pak	0x014437C7	Steel Axe L	钢斧L
tbl1.pak	0x01443925	Silver Soul Axe L	银色灵魂斧L
# TAIWAN_OVERLAP_DISABLED_20260608	translation_in_taiwan_item_tables	refs=table_text_all_data.rdf:3:6290060:0
# tbl1.pak	0x014438FF	Meteor Axe L	流星斧L
tbl1.pak	0x01443B17	Light Speed Axe L	光速度斧L
# DISABLED_DUPLICATE_AFTER_SOURCE_REFRESH	tbl1.pak	0x01443AE7	Scroll of Honor L	荣耀L的卷轴
# DISABLED_DUPLICATE_AFTER_SOURCE_REFRESH	tbl1.pak	0x01444053	Crystal Gem L	水晶宝石L
tbl1.pak	0x01444161	Diamond Gem L	钻石宝石L
tbl1.pak	0x01444431	Black Crystal Gem L	黑色水晶宝石L
tbl1.pak	0x0144463D	Dark Crystal Gem L	黑暗水晶宝石L
tbl1.pak	0x014446FD	Korin Stick L	卡林棍L
tbl1.pak	0x014447F1	Steel Stick L	钢棍L
tbl1.pak	0x014448B5	Tiger  Stick L	老虎棍L
# TAIWAN_OVERLAP_DISABLED_20260608	translation_in_taiwan_item_tables	refs=table_text_all_data.rdf:3:6320060:0
# tbl1.pak	0x01444973	Meteor Stick L	流星棍L
tbl1.pak	0x01444B97	Diamond Stick L	钻石棍L
tbl1.pak	0x01444BC3	Z Awakening Stick L	Z觉醒棍L
tbl1.pak	0x01444C91	White Wolf Sword L	白色狼剑L
tbl1.pak	0x01444E33	Willow Sword L	柳木剑L
tbl1.pak	0x01444F73	Star Sword L	星剑L
# DISABLED_DUPLICATE_AFTER_SOURCE_REFRESH	tbl1.pak	0x0144506F	Thunder Sword L	雷霆剑L
tbl1.pak	0x014451A7	Crystal Wand L	水晶短杖L
tbl1.pak	0x0144520B	Diamond Wand L	钻石短杖L
tbl1.pak	0x014452A9	Green Wand L	绿色短杖L
tbl1.pak	0x0144540D	Comet Wand L	彗星短杖L
tbl1.pak	0x014455C3	Thunder Wand L	雷霆短杖L
tbl1.pak	0x014455ED	Awakening Wand L	觉醒短杖L
# TAIWAN_OVERLAP_DISABLED_20260608	translation_in_taiwan_item_tables	refs=table_text_all_data.rdf:3:6350030:0
# tbl1.pak	0x014456E5	Phoenix Fan L	凤凰扇L
tbl1.pak	0x0144580B	3 Eye Fan L	3眼扇L
# TAIWAN_OVERLAP_DISABLED_20260608	translation_in_taiwan_item_tables	refs=table_text_all_data.rdf:3:6350060:0
# tbl1.pak	0x01445849	Meteor Fan L	流星扇L
# TAIWAN_OVERLAP_DISABLED_20260608	translation_in_taiwan_item_tables	refs=table_text_all_data.rdf:3:6350090:0
# tbl1.pak	0x014459EF	Lightning Fan L	闪电扇L
tbl1.pak	0x01445ECD	Flame Cannon L	火焰炮L
# DISABLED_DUPLICATE_AFTER_SOURCE_REFRESH	tbl1.pak	0x01445E4B	Trumpet L	号角L
tbl1.pak	0x014460ED	Super Trumpet L	超级号角L
tbl1.pak	0x0144635D	Light Speed Trumpet L	光速度号角L
tbl1.pak	0x014463D9	Dark Trumpet L	黑暗号角L
tbl1.pak	0x01446681	Corn Club L	玉米棒L
tbl1.pak	0x01446889	Pound Drum L	重击鼓L
# DISABLED_DUPLICATE_AFTER_SOURCE_REFRESH	tbl1.pak	0x0144B163	7Spiritualist beginner clothes.\nLight and easy to move.	7气功师 beginner clothes.\nLight and easy to move.
# DISABLED_DUPLICATE_AFTER_SOURCE_REFRESH	tbl1.pak	0x0144B227	7Spiritualist beginner clothes.\nLight and easy to move.	7气功师 beginner clothes.\nLight and easy to move.
# DISABLED_DUPLICATE_AFTER_SOURCE_REFRESH	tbl1.pak	0x0144B2EB	7Spiritualist beginner clothes.\nLight and easy to move.	7气功师 beginner clothes.\nLight and easy to move.
# DISABLED_DUPLICATE_AFTER_SOURCE_REFRESH	tbl1.pak	0x014610C7	Pleasant Wind Necklace L	愉快风项链L
# DISABLED_DUPLICATE_AFTER_SOURCE_REFRESH	tbl1.pak	0x01461B85	USpiritualists love this necklace.\nIt's said that the symbol engraved is mysteriouse.	U气功师 love this necklace.\nIt's said that the symbol engraved is mysteriouse.
# DISABLED_DUPLICATE_AFTER_SOURCE_REFRESH	tbl1.pak	0x01461C5D	USpiritualists love this necklace.\nIt's said that the symbol engraved is mysteriouse.	U气功师 love this necklace.\nIt's said that the symbol engraved is mysteriouse.
# DISABLED_DUPLICATE_AFTER_SOURCE_REFRESH	tbl1.pak	0x01461D35	USpiritualists love this necklace.\nIt's said that the symbol engraved is mysteriouse.	U气功师 love this necklace.\nIt's said that the symbol engraved is mysteriouse.
# DISABLED_DUPLICATE_AFTER_SOURCE_REFRESH	tbl1.pak	0x01461E0D	USpiritualists love this necklace.\nIt's said that the symbol engraved is mysteriouse.	U气功师 love this necklace.\nIt's said that the symbol engraved is mysteriouse.
# DISABLED_DUPLICATE_AFTER_SOURCE_REFRESH	tbl1.pak	0x01461EE5	USpiritualists love this necklace.\nIt's said that the symbol engraved is mysteriouse.	U气功师 love this necklace.\nIt's said that the symbol engraved is mysteriouse.
# DISABLED_DUPLICATE_AFTER_SOURCE_REFRESH	tbl1.pak	0x01461FBD	USpiritualists love this necklace.\nIt's said that the symbol engraved is mysteriouse.	U气功师 love this necklace.\nIt's said that the symbol engraved is mysteriouse.
# DISABLED_DUPLICATE_AFTER_SOURCE_REFRESH	tbl1.pak	0x01462095	USpiritualists love this necklace.\nIt's said that the symbol engraved is mysteriouse.	U气功师 love this necklace.\nIt's said that the symbol engraved is mysteriouse.
# DISABLED_DUPLICATE_AFTER_SOURCE_REFRESH	tbl1.pak	0x0146216D	USpiritualists love this necklace.\nIt's said that the symbol engraved is mysteriouse.	U气功师 love this necklace.\nIt's said that the symbol engraved is mysteriouse.
# DISABLED_DUPLICATE_AFTER_SOURCE_REFRESH	tbl1.pak	0x01462241	USpiritualists love this necklace.\nIt's said that the symbol engraved is mysteriouse.	U气功师 love this necklace.\nIt's said that the symbol engraved is mysteriouse.
# DISABLED_DUPLICATE_AFTER_SOURCE_REFRESH	tbl1.pak	0x01462315	USpiritualists love this necklace.\nIt's said that the symbol engraved is mysteriouse.	U气功师 love this necklace.\nIt's said that the symbol engraved is mysteriouse.
# DISABLED_DUPLICATE_AFTER_SOURCE_REFRESH	tbl1.pak	0x014623ED	USpiritualists love this necklace.\nIt's said that the symbol engraved is mysteriouse.	U气功师 love this necklace.\nIt's said that the symbol engraved is mysteriouse.
# DISABLED_DUPLICATE_AFTER_SOURCE_REFRESH	tbl1.pak	0x014624C5	USpiritualists love this necklace.\nIt's said that the symbol engraved is mysteriouse.	U气功师 love this necklace.\nIt's said that the symbol engraved is mysteriouse.
# DISABLED_DUPLICATE_AFTER_SOURCE_REFRESH	tbl1.pak	0x0146259D	USpiritualists love this necklace.\nIt's said that the symbol engraved is mysteriouse.	U气功师 love this necklace.\nIt's said that the symbol engraved is mysteriouse.
# DISABLED_DUPLICATE_AFTER_SOURCE_REFRESH	tbl1.pak	0x01462675	USpiritualists love this necklace.\nIt's said that the symbol engraved is mysteriouse.	U气功师 love this necklace.\nIt's said that the symbol engraved is mysteriouse.
# DISABLED_DUPLICATE_AFTER_SOURCE_REFRESH	tbl1.pak	0x0146274D	USpiritualists love this necklace.\nIt's said that the symbol engraved is mysteriouse.	U气功师 love this necklace.\nIt's said that the symbol engraved is mysteriouse.
# DISABLED_DUPLICATE_AFTER_SOURCE_REFRESH	tbl1.pak	0x01462825	USpiritualists love this necklace.\nIt's said that the symbol engraved is mysteriouse.	U气功师 love this necklace.\nIt's said that the symbol engraved is mysteriouse.
# tbl1.pak	0x0146372F	Fire Necklace L	火项链L
# tbl1.pak	0x01463867	Water Necklace L	水项链L
# tbl1.pak	0x01464947	Double Ring L	双戒指L
# tbl1.pak	0x0146517F	Ancient Ring L	古代戒指L
# tbl1.pak	0x0146D065	Ruby Earring L	红宝石耳环L
# tbl1.pak	0x0146D75D	Ascension Earring L	飞升耳环L
# tbl1.pak	0x0146DBCD	Ascension Earring	飞升耳环
tbl1.pak	0x01476CC9	Super Saiyan Scouter	超级赛亚人探测器
tbl1.pak	0x01477519	Crystal Spirit Gem Chip 40	水晶精神宝石芯片40
tbl1.pak	0x01477593	Crystal Spirit Gem Chip 50	水晶精神宝石芯片50
tbl1.pak	0x0147760D	Crystal Spirit Gem Chip 60	水晶精神宝石芯片60
tbl1.pak	0x01477687	Crystal Spirit Gem Chip 70	水晶精神宝石芯片70
tbl1.pak	0x01477701	Crystal Spirit Gem Chip 80	水晶精神宝石芯片80
tbl1.pak	0x0147777B	Crystal Spirit Gem Chip 90	水晶精神宝石芯片90
tbl1.pak	0x014777F5	Crystal Spirit Gem Chip 100	水晶精神宝石芯片100
tbl1.pak	0x01477871	Crystal Spirit Gem Chip 110	水晶精神宝石芯片110
tbl1.pak	0x0147AA39	P Red Dragon Gauntlets	P红色龙臂甲
tbl1.pak	0x0147F477	CC Energy Gauntlets	CC气功臂甲
tbl1.pak	0x014804FF	E Red Dragon Gauntlets	E红色龙臂甲
tbl1.pak	0x014825BD	E Lightning Gauntlets	E闪电臂甲
# DISABLED_DUPLICATE_AFTER_SOURCE_REFRESH	tbl1.pak	0x014826D9	Metal Gauntlets EX	金属臂甲EX
tbl1.pak	0x01482AE7	E Cricket Gauntlets	E蟋蟀臂甲
tbl1.pak	0x01482E17	E Chaos Gauntlets	E混沌臂甲
# DISABLED_DUPLICATE_AFTER_SOURCE_REFRESH	tbl1.pak	0x01482DD7	Namekian Gauntlets EX	那美克星人臂甲EX
tbl1.pak	0x014847E5	Limited Injection Staff	限定注射杖
tbl1.pak	0x01484E45	Palm Staff	棕榈杖
tbl1.pak	0x01484EB9	Dragon Soul Staff	龙灵魂杖
tbl1.pak	0x01485051	Old Dragon Staff	老旧龙杖
tbl1.pak	0x01485161	Magic Power Staff	魔法力量杖
tbl1.pak	0x0148538D	Evil Dragon Staff	邪恶龙杖
tbl1.pak	0x014854B7	Iron Staff	铁杖
# TAIWAN_OVERLAP_DISABLED_20260608	translation_in_taiwan_item_tables	refs=table_text_all_data.rdf:3:5070070:0;table_text_all_data.rdf:3:6670070:0
# tbl1.pak	0x014857E3	Power Gun	力量枪
tbl1.pak	0x01486125	Invincible Damage Claws	无敌伤害爪
tbl1.pak	0x014864AF	Magic Dragon Claws	魔法龙爪
tbl1.pak	0x01487453	Magic Power Axe	魔法力量斧
tbl1.pak	0x014874ED	CC New Metal Axe	CC新金属斧
# TAIWAN_OVERLAP_DISABLED_20260608	translation_in_taiwan_item_tables	refs=table_text_all_data.rdf:3:6700090:0
# tbl1.pak	0x01487AD9	Hellfire Scroll	地狱火卷轴
# TAIWAN_OVERLAP_DISABLED_20260608	translation_in_taiwan_item_tables	refs=table_text_all_data.rdf:3:6700140:0
# tbl1.pak	0x01487E19	Ultimate Scroll	终极卷轴
tbl1.pak	0x01487FF7	Dragon Roar Scroll	龙咆哮卷轴
tbl1.pak	0x01488473	Crystal Gem Scroll	水晶宝石卷轴
# DISABLED_DUPLICATE_AFTER_SOURCE_REFRESH	tbl1.pak	0x0148848B	Dark Scroll	黑暗卷轴
# DISABLED_DUPLICATE_AFTER_SOURCE_REFRESH	tbl1.pak	0x01488BC5	Dark Crystal Gem	黑暗水晶宝石
tbl1.pak	0x014892A7	Dragon Magic Gem	龙魔法宝石
# DISABLED_DUPLICATE_AFTER_SOURCE_REFRESH	tbl1.pak	0x01489841	Awakening Stick	觉醒棍
tbl1.pak	0x01489CED	Phoenix Magic Stick	凤凰魔法棍
# TAIWAN_OVERLAP_DISABLED_20260608	translation_in_taiwan_item_tables	refs=table_text_all_data.rdf:3:5120100:0;table_text_all_data.rdf:3:8320050:0;table_text_all_data.rdf:3:8320070:0
# tbl1.pak	0x0148A36B	Awakening Z Stick	觉醒Z棍
# DISABLED_DUPLICATE_AFTER_SOURCE_REFRESH	tbl1.pak	0x0148A6BD	Warrior Sword	那美克战士剑
# TAIWAN_OVERLAP_DISABLED_20260608	translation_in_taiwan_item_tables	refs=table_text_all_data.rdf:3:6730090:0
# tbl1.pak	0x0148AA23	Mira Sword	米拉剑
tbl1.pak	0x0148AEC5	King Lightning Sword	王闪电剑
# TAIWAN_OVERLAP_DISABLED_20260608	translation_in_taiwan_item_tables	refs=table_text_all_data.rdf:3:6730160:0
# tbl1.pak	0x0148AEC1	Phoenix Sword	凤凰剑
tbl1.pak	0x0148B0F3	Magic Soul Sword	魔法灵魂剑
tbl1.pak	0x0148B361	Red Star Sword	红色星剑
tbl1.pak	0x0148B453	Green Jade Wand EX	绿色翡翠短杖EX
tbl1.pak	0x0148B6C7	Long Life Wand	长生命短杖
tbl1.pak	0x0148B7ED	Space Turtle Wand	空间龟短杖
tbl1.pak	0x0148BAE1	Lightning Wand	闪电短杖
tbl1.pak	0x0148BB59	King of Magic Wand	魔法短杖的王
tbl1.pak	0x0148BCDD	Sound Wand	声音短杖
tbl1.pak	0x0148BF81	Magic Soul Wand	魔法灵魂短杖
tbl1.pak	0x0148C1C3	Z Awakening Wand	Z觉醒短杖
tbl1.pak	0x0148C273	Magic Meteor Wand	魔法流星短杖
tbl1.pak	0x0148CC19	Purple Wind Fan	紫色风扇
tbl1.pak	0x0148CF3B	Dragon Scales Fan	龙鳞片扇
tbl1.pak	0x0148CFEF	Gale Fan	疾风扇
tbl1.pak	0x0148D15B	Red Flame Fan	红色火焰扇
tbl1.pak	0x0148E87F	Magic Popsicle	魔法冰棒
tbl1.pak	0x0148ECEF	Super Magic Club	超级魔法棒
tbl1.pak	0x0148F0F3	Sweet Magic Club	甜魔法棒
tbl1.pak	0x0148FC43	Unlimited Drum	无限鼓
# DISABLED_DUPLICATE_AFTER_SOURCE_REFRESH	tbl1.pak	0x0149055D	Thunder Drum	雷霆鼓
tbl1.pak	0x014908CD	Ultra-Pure Mask	极限-纯粹面具
tbl1.pak	0x01490D3F	Super Majin Mask	超级魔人面具
tbl1.pak	0x01490DF5	Super Magic Majin Mask	超级魔法魔人面具
tbl1.pak	0x014914D5	Mechanical Star Mask	机械星面具
tbl1.pak	0x0149679D	Original Spiritualist Shirt	Original 气功师 Shirt
tbl1.pak	0x014A13CD	Combat Dragon Clan Equip	战斗龙族装备
tbl1.pak	0x014A1593	Dragon Clan's general practice clothes. At the\nclothes are everywhere traces of insect bites.	那美克龙族's general practice clothes. At the\nclothes are everywhere traces of insect bites.
tbl1.pak	0x014A5C83	Legendary Suit (Top)	传说套装(上衣)
tbl1.pak	0x014A5D4F	Legendary Suit (Pants)	传说套装(裤子)
tbl1.pak	0x014A5E1F	Legendary Suit (Shoes)	传说套装(鞋子)
tbl1.pak	0x014B08AD	Warrior Necklace	那美克战士项链
tbl1.pak	0x014B0B03	Light Necklace	光项链
# TAIWAN_OVERLAP_DISABLED_20260608	translation_in_taiwan_item_tables	refs=table_text_all_data.rdf:3:6890060:0
# tbl1.pak	0x014B0AC7	Classic Necklace	经典项链
tbl1.pak	0x014B0C77	Combat Necklace	战斗项链
# TAIWAN_OVERLAP_DISABLED_20260608	translation_in_taiwan_item_tables	refs=table_text_all_data.rdf:3:6890090:0
# tbl1.pak	0x014B0C7F	Crystal Necklace	水晶项链
tbl1.pak	0x014B0F1D	Silver Soul Necklace	银色灵魂项链
# TAIWAN_OVERLAP_DISABLED_20260608	translation_in_taiwan_item_tables	refs=table_text_all_data.rdf:3:6890130:0
# tbl1.pak	0x014B0EDF	Meteor Necklace	流星项链
tbl1.pak	0x014B1463	Green Necklace	绿色项链
tbl1.pak	0x014B1591	Dragon Roar Necklace	龙咆哮项链
# DISABLED_DUPLICATE_AFTER_SOURCE_REFRESH	tbl1.pak	0x014B154B	Spirit Necklace	精神项链
tbl1.pak	0x014B16DD	Blue Sky Necklace	蓝色天空项链
tbl1.pak	0x014B1809	Double Soul Necklace	双灵魂项链
# DISABLED_DUPLICATE_AFTER_SOURCE_REFRESH	tbl1.pak	0x014B17DB	New Necklace 9	新项链9
# DISABLED_DUPLICATE_AFTER_SOURCE_REFRESH	tbl1.pak	0x014B181F	New Necklace 10	新项链10
tbl1.pak	0x014B1937	New Necklace 11	新项链11
# DISABLED_DUPLICATE_AFTER_SOURCE_REFRESH	tbl1.pak	0x014B18AF	New Necklace 12	新项链12
# DISABLED_DUPLICATE_AFTER_SOURCE_REFRESH	tbl1.pak	0x014B18F7	New Necklace 13	新项链13
# DISABLED_DUPLICATE_AFTER_SOURCE_REFRESH	tbl1.pak	0x014B193F	New Necklace 14	新项链14
# DISABLED_DUPLICATE_AFTER_SOURCE_REFRESH	tbl1.pak	0x014B1987	New Necklace 15	新项链15
# DISABLED_DUPLICATE_AFTER_SOURCE_REFRESH	tbl1.pak	0x014B19CF	New Necklace 16	新项链16
# TAIWAN_OVERLAP_DISABLED_20260608	translation_in_taiwan_item_tables	refs=table_text_all_data.rdf:3:6890380:0
# tbl1.pak	0x014B1BA3	Flame Necklace	火焰项链
tbl1.pak	0x014B1D1F	Red Rock Necklace	红色岩石项链
# DISABLED_DUPLICATE_AFTER_SOURCE_REFRESH	tbl1.pak	0x014B1D73	Warrior Ring	那美克战士戒指
tbl1.pak	0x014B2035	Light Ring	光戒指
# TAIWAN_OVERLAP_DISABLED_20260608	translation_in_taiwan_item_tables	refs=table_text_all_data.rdf:3:6900060:0
# tbl1.pak	0x014B1FE9	Classic Ring	经典戒指
tbl1.pak	0x014B2177	Combat Ring	战斗戒指
# DISABLED_DUPLICATE_AFTER_SOURCE_REFRESH	tbl1.pak	0x014B2177	Crystal Ring	水晶戒指
tbl1.pak	0x014B23ED	Silver Soul Ring	银色灵魂戒指
tbl1.pak	0x014B2453	Meteor Ring	流星戒指
# TAIWAN_OVERLAP_DISABLED_20260608	translation_in_taiwan_item_tables	refs=table_text_all_data.rdf:3:6900240:0;table_text_all_data.rdf:3:6900241:0
# tbl1.pak	0x014B294F	New Ring 9	新戒指9
# TAIWAN_OVERLAP_DISABLED_20260608	translation_in_taiwan_item_tables	refs=table_text_all_data.rdf:3:6900250:0;table_text_all_data.rdf:3:6900251:0
# tbl1.pak	0x014B2983	New Ring 10	新戒指10
# TAIWAN_OVERLAP_DISABLED_20260608	translation_in_taiwan_item_tables	refs=table_text_all_data.rdf:3:6900260:0;table_text_all_data.rdf:3:6900261:0
# tbl1.pak	0x014B29BB	New Ring 11	新戒指11
# TAIWAN_OVERLAP_DISABLED_20260608	translation_in_taiwan_item_tables	refs=table_text_all_data.rdf:3:6900270:0;table_text_all_data.rdf:3:6900271:0
# tbl1.pak	0x014B29F3	New Ring 12	新戒指12
tbl1.pak	0x014B2AD7	Awakening Ring	觉醒戒指
tbl1.pak	0x014B2B4F	Strong Ring	强力戒指
# DISABLED_DUPLICATE_AFTER_SOURCE_REFRESH	tbl1.pak	0x014B2B55	Devil Ring	魔鬼戒指
tbl1.pak	0x014B2C5B	Dark Devil Ring	黑暗魔鬼戒指
tbl1.pak	0x014B2CBF	Warrior Earring	那美克战士耳环
tbl1.pak	0x014B2F05	Light Earring	光耳环
# TAIWAN_OVERLAP_DISABLED_20260608	translation_in_taiwan_item_tables	refs=table_text_all_data.rdf:3:6910060:0
# tbl1.pak	0x014B2EC5	Classic Earring	经典耳环
tbl1.pak	0x014B306B	Combat Earring	战斗耳环
# TAIWAN_OVERLAP_DISABLED_20260608	translation_in_taiwan_item_tables	refs=table_text_all_data.rdf:3:6910090:0
# tbl1.pak	0x014B3071	Crystal Earring	水晶耳环
tbl1.pak	0x014B3305	Silver Soul Earring	银色灵魂耳环
# TAIWAN_OVERLAP_DISABLED_20260608	translation_in_taiwan_item_tables	refs=table_text_all_data.rdf:3:6910130:0
# tbl1.pak	0x014B32C5	Meteor Earring	流星耳环
# TAIWAN_OVERLAP_DISABLED_20260608	translation_in_taiwan_item_tables	refs=table_text_all_data.rdf:3:6910220:0
# tbl1.pak	0x014B37D1	Unlimited Life Earring	无限生命耳环
tbl1.pak	0x014B3951	Red Ghost Earring	红色幽灵耳环
tbl1.pak	0x014B3B99	Red-Purple Earring	红色-紫色耳环
tbl1.pak	0x014B3C23	Green Ghost Earring	绿色幽灵耳环
# DISABLED_DUPLICATE_AFTER_SOURCE_REFRESH	tbl1.pak	0x014B3DC3	New Earring 9	新耳环9
# DISABLED_DUPLICATE_AFTER_SOURCE_REFRESH	tbl1.pak	0x014B3E03	New Earring 10	新耳环10
# DISABLED_DUPLICATE_AFTER_SOURCE_REFRESH	tbl1.pak	0x014B3E47	New Earring 11	新耳环11
# DISABLED_DUPLICATE_AFTER_SOURCE_REFRESH	tbl1.pak	0x014B3E8B	New Earring 12	新耳环12
tbl1.pak	0x014B44E9	Prototype Scouter Chip	原型探测器芯片
# TAIWAN_OVERLAP_DISABLED_20260608	same_source_translation_in_taiwan_rdf	refs=table_text_all_data.rdf:3:7000213:0
# tbl1.pak	0x014B482F	Lucy Hair	露西发型
# TAIWAN_OVERLAP_DISABLED_20260608	same_source_translation_in_taiwan_rdf	refs=table_text_all_data.rdf:3:7000214:0
# tbl1.pak	0x014B4847	Erza Hair	艾露莎发型
# TAIWAN_OVERLAP_DISABLED_20260608	same_source_translation_in_taiwan_rdf	refs=table_text_all_data.rdf:3:7000217:0
# tbl1.pak	0x014B48B5	Aqua Outfit	阿库娅套装
# TAIWAN_OVERLAP_DISABLED_20260608	same_source_translation_in_taiwan_rdf	refs=table_text_all_data.rdf:3:7000220:0
# tbl1.pak	0x014B48D1	Fire Wings	火翅膀
# TAIWAN_OVERLAP_DISABLED_20260608	same_source_translation_in_taiwan_rdf	refs=table_text_all_data.rdf:3:7000230:0
# tbl1.pak	0x014B49DD	Pink Outfit	粉色套装
# TAIWAN_OVERLAP_DISABLED_20260608	same_source_translation_in_taiwan_rdf	refs=table_text_all_data.rdf:3:7000238:0
# tbl1.pak	0x014B4AD1	Android 21 Outfit	人造人21套装
tbl1.pak	0x014B4F21	Death Axe Transmog	死亡之斧幻化
tbl1.pak	0x014B4F4B	Two Handed Sword	双手剑
tbl1.pak	0x014B51A5	Oozaru Coin	大猿硬币
tbl1.pak	0x014B51C1	Martial Oozaru	武道家大猿
tbl1.pak	0x014B51E3	Spiritualist Oozaru	气功师大猿
# tbl1.pak	0x014B5261	Dragon Soul (Green)	龙灵魂(绿色)
tbl1.pak	0x014B54F7	Super Saiyan 4 Outfit	超级赛亚人4套装
tbl1.pak	0x014B5527	Super Saiyan 4 Hair	超级赛亚人4发型
tbl1.pak	0x014B5589	Halloween Box	万圣节盒
# DISABLED_DUPLICATE_AFTER_SOURCE_REFRESH	tbl1.pak	0x014B56AD	Halloween Title	万圣节称号
tbl1.pak	0x014B577D	Martial Golden Oozaru	武道家黄金大猿
tbl1.pak	0x014B57AD	Spiritualist Golden Oozaru	气功师黄金大猿
# DISABLED_DUPLICATE_AFTER_SOURCE_REFRESH	tbl1.pak	0x014B57FD	Weapon Lv 80 Stone	武器Lv80石
# DISABLED_DUPLICATE_AFTER_SOURCE_REFRESH	tbl1.pak	0x014B5827	White Lv 80 Stone	白色Lv80石
tbl1.pak	0x014B59A1	EV Capsule Box Z56	EV胶囊盒Z56
# DISABLED_DUPLICATE_AFTER_SOURCE_REFRESH	tbl1.pak	0x014B5DF9	Ruby Dragon Soul	红宝石龙灵魂
# DISABLED_DUPLICATE_AFTER_SOURCE_REFRESH	tbl1.pak	0x014B5E1F	Ice Dragon Soul	冰龙灵魂
# DISABLED_DUPLICATE_AFTER_SOURCE_REFRESH	tbl1.pak	0x014B5E71	Cosmic Dragon Soul	宇宙龙灵魂
# DISABLED_DUPLICATE_AFTER_SOURCE_REFRESH	tbl1.pak	0x014B5E9B	Leaf Dragon Soul	叶龙灵魂
tbl1.pak	0x014B6079	Event Sample	活动样品
tbl1.pak	0x014B610B	BMO Backpack	BMO背包
tbl1.pak	0x014B6435	Battle Z Coin	战斗Z硬币
tbl1.pak	0x014B656F	Blue Sky Claws	蓝色天空爪
tbl1.pak	0x014B66E3	Dark Claws	黑暗爪
tbl1.pak	0x014B6853	Phoenix Claws	凤凰爪
tbl1.pak	0x014B69F3	King Claws	王爪
tbl1.pak	0x014B6A5F	Ginyu Soul Claws	基纽灵魂爪
tbl1.pak	0x014B6D85	Blue Sky Axe	蓝色天空斧
tbl1.pak	0x014B6EED	Dark Axe	黑暗斧
tbl1.pak	0x014B704D	Phoenix Axe	凤凰斧
tbl1.pak	0x014B71E1	King Axe	王斧
tbl1.pak	0x014B7249	Ginyu Soul Axe	基纽灵魂斧
tbl1.pak	0x014B7579	Blue Sky Scroll	蓝色天空卷轴
tbl1.pak	0x014B786B	Phoenix Scroll	凤凰卷轴
# DISABLED_DUPLICATE_AFTER_SOURCE_REFRESH	tbl1.pak	0x014B7965	King Scroll	王卷轴
tbl1.pak	0x014B7A7F	Ginyu Soul Scroll	基纽灵魂卷轴
tbl1.pak	0x014B7D99	Blue Sky Gem	蓝色天空宝石
# DISABLED_DUPLICATE_AFTER_SOURCE_REFRESH	tbl1.pak	0x014B7E51	Dark Gem	黑暗宝石
tbl1.pak	0x014B804D	Phoenix Gem	凤凰宝石
tbl1.pak	0x014B81E1	King Gem	王宝石
tbl1.pak	0x014B8249	Ginyu Soul Gem	基纽灵魂宝石
tbl1.pak	0x014B85B7	Blue Sky Stick	蓝色天空棍
tbl1.pak	0x014B872B	Dark Stick	黑暗棍
tbl1.pak	0x014B889B	Phoenix Stick	凤凰棍
tbl1.pak	0x014B8A3B	King Stick	王棍
tbl1.pak	0x014B8AA7	Ginyu Soul Stick	基纽灵魂棍
tbl1.pak	0x014B8DE9	Blue Sky Sword	蓝色天空剑
# DISABLED_DUPLICATE_AFTER_SOURCE_REFRESH	tbl1.pak	0x014B8EB1	Dark Sword	黑暗剑
tbl1.pak	0x014B926D	King Sword	王剑
tbl1.pak	0x014B92D9	Ginyu Soul Sword	基纽灵魂剑
tbl1.pak	0x014B9615	Sky Blue Wand	天空蓝色短杖
tbl1.pak	0x014B9783	Dark Wand	黑暗短杖
tbl1.pak	0x014B98EB	Phoenix Wand	凤凰短杖
# DISABLED_DUPLICATE_AFTER_SOURCE_REFRESH	tbl1.pak	0x014B99D9	King Wand	王短杖
tbl1.pak	0x014B9AEF	Ginyu Soul Wand	基纽灵魂短杖
tbl1.pak	0x014B9E19	Blue Sky Fan	蓝色天空扇
# DISABLED_DUPLICATE_AFTER_SOURCE_REFRESH	tbl1.pak	0x014B9ED5	Dark Fan	黑暗扇
# DISABLED_DUPLICATE_AFTER_SOURCE_REFRESH	tbl1.pak	0x014BA1D1	King Fan	王扇
tbl1.pak	0x014BA2E5	Ginyu Soul Fan	基纽灵魂扇
tbl1.pak	0x014BA619	Blue Sky Trumpet	蓝色天空号角
tbl1.pak	0x014BA925	Phoenix Trumpet	凤凰号角
tbl1.pak	0x014BAAD1	King Trumpet	王号角
tbl1.pak	0x014BAB41	Ginyu Soul Trumpet	基纽灵魂号角
tbl1.pak	0x014BAE9B	Blue Sky Club	蓝色天空棒
tbl1.pak	0x014BB009	Dark Club	黑暗棒
tbl1.pak	0x014BB171	Phoenix Club	凤凰棒
tbl1.pak	0x014BB30B	King Club	王棒
tbl1.pak	0x014BB375	Ginyu Soul Club	基纽灵魂棒
tbl1.pak	0x014BB6A5	Blue Sky Drum	蓝色天空鼓
tbl1.pak	0x014BB813	Dark Drum	黑暗鼓
# DISABLED_DUPLICATE_AFTER_SOURCE_REFRESH	tbl1.pak	0x014BB8CF	Phoenix Drum	凤凰鼓
tbl1.pak	0x014BBB15	King Drum	王鼓
tbl1.pak	0x014BBB7F	Ginyu Soul Drum	基纽灵魂鼓
tbl1.pak	0x014BBEAF	Blue Sky Mask	蓝色天空面具
tbl1.pak	0x014BC01D	Dark Mask	黑暗面具
tbl1.pak	0x014BC185	Phoenix Mask	凤凰面具
# DISABLED_DUPLICATE_AFTER_SOURCE_REFRESH	tbl1.pak	0x014BC273	King Mask	王面具
tbl1.pak	0x014BC389	Ginyu Soul Mask	基纽灵魂面具
tbl1.pak	0x014F6093	Invincible Battle Gauntlets	无敌战斗臂甲
# DISABLED_DUPLICATE_AFTER_SOURCE_REFRESH	tbl1.pak	0x014F730D	Steel Power Staff	钢力量杖
# DISABLED_DUPLICATE_AFTER_SOURCE_REFRESH	tbl1.pak	0x014F74E9	True Staff	真杖
tbl1.pak	0x014F7663	Invincible Battle Staff	无敌战斗杖
tbl1.pak	0x014F77EB	Intense Fire Staff	浓烈火杖
tbl1.pak	0x014F7E7D	Big Surprise Battle Staff	大惊喜战斗杖
# DISABLED_DUPLICATE_AFTER_SOURCE_REFRESH	tbl1.pak	0x014F8EB5	Red Claws Axe	红色爪斧
# DISABLED_DUPLICATE_AFTER_SOURCE_REFRESH	tbl1.pak	0x014F9AC5	Eye of Tiamat	提亚马特的眼
# DISABLED_DUPLICATE_AFTER_SOURCE_REFRESH	tbl1.pak	0x014FA0F7	Dragon Stick EX	龙棍EX
# DISABLED_DUPLICATE_AFTER_SOURCE_REFRESH	tbl1.pak	0x014FB739	Energy Damage	气功伤害
# DISABLED_DUPLICATE_AFTER_SOURCE_REFRESH	tbl1.pak	0x014FBD5B	Magic Dragon Trumpet EX	魔法龙号角EX
# DISABLED_DUPLICATE_AFTER_SOURCE_REFRESH	tbl1.pak	0x014FC2B3	Spicy Meat	辛辣肉
# DISABLED_DUPLICATE_AFTER_SOURCE_REFRESH	tbl1.pak	0x014FCD5F	Demon Mask EX	恶魔面具EX
# DISABLED_DUPLICATE_AFTER_SOURCE_REFRESH	tbl1.pak	0x014FCE3F	Iron Mask	铁面具
# DISABLED_DUPLICATE_AFTER_SOURCE_REFRESH	tbl1.pak	0x01506855	Elder Gauntlets EX	长老臂甲EX
# DISABLED_DUPLICATE_AFTER_SOURCE_REFRESH	tbl1.pak	0x01506B13	Lotus Dragon Gauntlets EX	莲花龙臂甲EX
tbl1.pak	0x015081F9	JHigh properties manufactured staff,\nonly for the glory of Namek Warriors.	JHigh properties manufactured staff,\nonly for the glory of 那美克战士s.
tbl1.pak	0x01508295	Fire-Water Staff	火-水杖
tbl1.pak	0x0150889D	Evil Magic Staff	邪恶魔法杖
tbl1.pak	0x01508F35	Dragon Beat Claws R	龙节拍爪R
tbl1.pak	0x01509503	Dragon Fury Axe R	龙狂怒斧R
tbl1.pak	0x01509569	Dragon Cut Axe R	龙切割斧R
tbl1.pak	0x01509AFB	Dragon Law Scroll R	龙法则卷轴R
# TAIWAN_OVERLAP_DISABLED_20260608	translation_in_taiwan_item_tables	refs=table_text_all_data.rdf:3:7900030:0;table_text_all_data.rdf:3:7900050:0
# tbl1.pak	0x01509B5D	Dragon King Scroll R	龙王卷轴R
tbl1.pak	0x0150A225	Dragon Crystal Gem R	龙水晶宝石R
# DISABLED_DUPLICATE_AFTER_SOURCE_REFRESH	tbl1.pak	0x0150A28B	Tiamat Eye R	提亚马特眼R
tbl1.pak	0x0150A843	Dragon Force Stick R	龙力量棍R
# DISABLED_DUPLICATE_AFTER_SOURCE_REFRESH	tbl1.pak	0x0150A8E5	Dragon Fire Stick R	龙火棍R
# TAIWAN_OVERLAP_DISABLED_20260608	translation_in_taiwan_item_tables	refs=table_text_all_data.rdf:3:7930010:0
# tbl1.pak	0x0150AD97	Dragon Sword R	龙剑R
tbl1.pak	0x0150AFD3	Star Stone Sword	星石剑
# TAIWAN_DEEP_OVERLAP_DISABLED_20260608	translation_any_taiwan	refs=table_text_all_data.rdf:3:7935050:0
# tbl1.pak	0x0150B243	Stone Sword	石剑
tbl1.pak	0x0150B46B	Dragon King Wand R	龙王短杖R
# DISABLED_DUPLICATE_AFTER_SOURCE_REFRESH	tbl1.pak	0x0150B42F	Dragon King Wand	龙王短杖
tbl1.pak	0x0150B651	Magic Law Wand	魔法法则短杖
# DISABLED_DUPLICATE_AFTER_SOURCE_REFRESH	tbl1.pak	0x0150B891	Steel Wand	钢短杖
# TAIWAN_OVERLAP_DISABLED_20260608	translation_in_taiwan_item_tables	refs=table_text_all_data.rdf:3:7950020:0
# tbl1.pak	0x0150BA05	Dragon King Fan R	龙王扇R
tbl1.pak	0x0150BEC5	Steel Fan	钢扇
# TAIWAN_OVERLAP_DISABLED_20260608	translation_in_taiwan_item_tables	refs=table_text_all_data.rdf:3:7960020:0
# tbl1.pak	0x0150BF8F	Dragon King Cannon R	龙王炮R
# TAIWAN_OVERLAP_DISABLED_20260608	translation_in_taiwan_item_tables	refs=table_text_all_data.rdf:3:7985050:0
# tbl1.pak	0x0150C857	Buu Trumpet	布欧号角
# TAIWAN_DEEP_OVERLAP_DISABLED_20260608	translation_any_taiwan	refs=table_text_all_data.rdf:3:7990010:0
# tbl1.pak	0x0150C95F	Meat R	肉R
# DISABLED_DUPLICATE_AFTER_SOURCE_REFRESH	tbl1.pak	0x0150CAB3	Spicy Meat R	辛辣肉R
tbl1.pak	0x0150CFBF	Sound Drum R	声音鼓R
# TAIWAN_OVERLAP_DISABLED_20260608	translation_in_taiwan_item_tables	refs=table_text_all_data.rdf:3:8000030:0;table_text_all_data.rdf:3:8000050:0
# tbl1.pak	0x0150CF97	Dragon Drum R	龙鼓R
tbl1.pak	0x0150D537	Tiamat Mask R	提亚马特面具R
# TAIWAN_OVERLAP_DISABLED_20260608	translation_in_taiwan_item_tables	refs=table_text_all_data.rdf:3:8010020:0
# tbl1.pak	0x0150D4F7	Dragon King Mask	龙王面具
# DISABLED_DUPLICATE_AFTER_SOURCE_REFRESH	tbl1.pak	0x0150D5D5	Dragon Mask R	龙面具R
tbl1.pak	0x0150D6FD	Buu Mask	布欧面具
tbl1.pak	*	CEach Dragon Clan are waiting for this suit, contain mystery powers.	CEach 那美克龙族 are waiting for this suit, contain mystery powers.
# DISABLED_DUPLICATE_AFTER_SOURCE_REFRESH	tbl1.pak	0x0151B2C9	CEach Dragon Clan are waiting for this suit, contain mystery powers.	CEach 那美克龙族 are waiting for this suit, contain mystery powers.
# DISABLED_DUPLICATE_AFTER_SOURCE_REFRESH	tbl1.pak	0x0151B39D	CEach Dragon Clan are waiting for this suit, contain mystery powers.	CEach 那美克龙族 are waiting for this suit, contain mystery powers.
# DISABLED_DUPLICATE_AFTER_SOURCE_REFRESH	tbl1.pak	0x01525239	Special Scouter Chip	特殊探测器芯片
# DISABLED_DUPLICATE_AFTER_SOURCE_REFRESH	tbl1.pak	0x01526CBD	P Red Comet Gauntlets	P红色彗星臂甲
# DISABLED_DUPLICATE_AFTER_SOURCE_REFRESH	tbl1.pak	0x01526FCD	Capsule Machine 70	机器70胶囊
# DISABLED_DUPLICATE_AFTER_SOURCE_REFRESH	tbl1.pak	0x01527CCD	Red Comet Gauntlets	红色彗星臂甲
# DISABLED_DUPLICATE_AFTER_SOURCE_REFRESH	tbl1.pak	0x015284EF	Red Comet Gauntlets EX	红色彗星臂甲EX
# DISABLED_DUPLICATE_AFTER_SOURCE_REFRESH	tbl1.pak	0x015288EB	Capsule Machine 70 EX	机器70EX胶囊
# DISABLED_DUPLICATE_AFTER_SOURCE_REFRESH	tbl1.pak	0x01528DB7	E Red Comet Gauntlets	E红色彗星臂甲
tbl1.pak	0x0152971B	E Red Comet Gauntlets EX	E红色彗星臂甲EX
# DISABLED_DUPLICATE_AFTER_SOURCE_REFRESH	tbl1.pak	0x01529D93	Practitioner Injection Gauntlets	修行者注射臂甲
# DISABLED_DUPLICATE_AFTER_SOURCE_REFRESH	tbl1.pak	0x01529E8F	Namek Soul Gauntlets	那美克灵魂臂甲
# DISABLED_DUPLICATE_AFTER_SOURCE_REFRESH	tbl1.pak	0x01529F17	Steel Beetle Gauntlets	钢甲虫臂甲
# DISABLED_DUPLICATE_AFTER_SOURCE_REFRESH	tbl1.pak	0x0152A46D	Iron Gauntlets EX	铁臂甲EX
# DISABLED_DUPLICATE_AFTER_SOURCE_REFRESH	tbl1.pak	0x0152A68B	Practitioner Injection Gauntlets EX	修行者注射臂甲EX
# DISABLED_DUPLICATE_AFTER_SOURCE_REFRESH	tbl1.pak	0x0152A78D	Namek Soul Gauntlets EX	那美克灵魂臂甲EX
# DISABLED_DUPLICATE_AFTER_SOURCE_REFRESH	tbl1.pak	0x0152A81B	Steel Beetle Gauntlets EX	钢甲虫臂甲EX
# DISABLED_DUPLICATE_AFTER_SOURCE_REFRESH	tbl1.pak	0x0152C0DD	E Practitioner Z Gauntlets	E修行者Z臂甲
# DISABLED_DUPLICATE_AFTER_SOURCE_REFRESH	tbl1.pak	0x0152C1CD	E Namek Spirit Gauntlets	E那美克精神臂甲
tbl1.pak	0x0152CA43	E Practitioner Z Gauntlets EX	E修行者Z臂甲EX
tbl1.pak	0x0152CB39	E Namek Spirit Gauntlets EX	E那美克精神臂甲EX
# TAIWAN_OVERLAP_DISABLED_20260608	translation_in_taiwan_item_tables	refs=table_text_all_data.rdf:3:8260070:0;table_text_all_data.rdf:3:8263070:0
# tbl1.pak	0x0152D3E7	Narak Elder Staff	那拉克长老杖
tbl1.pak	0x0152DEC7	Earth Magic Staff	大地魔法杖
# DISABLED_DUPLICATE_AFTER_SOURCE_REFRESH	tbl1.pak	0x0152E0E1	Capsule Machine 60	机器60胶囊
# DISABLED_DUPLICATE_AFTER_SOURCE_REFRESH	tbl1.pak	0x0152E113	Capsule Machine 65	机器65胶囊
tbl1.pak	0x0152E42B	Capsule Machine 60 EX	机器60EX胶囊
tbl1.pak	0x0152E463	Capsule Machine 65 EX	机器65EX胶囊
# DISABLED_DUPLICATE_AFTER_SOURCE_REFRESH	tbl1.pak	0x0152EBF7	Namek Axe	那美克斧
# DISABLED_DUPLICATE_AFTER_SOURCE_REFRESH	tbl1.pak	0x0152EF0F	Absolute Soul Axe	绝对灵魂斧
# DISABLED_DUPLICATE_AFTER_SOURCE_REFRESH	tbl1.pak	0x0152FBAB	Diamond Gem	钻石宝石
# DISABLED_DUPLICATE_AFTER_SOURCE_REFRESH	tbl1.pak	0x0152FCC3	Black Crystal Gem	黑色水晶宝石
# DISABLED_DUPLICATE_AFTER_SOURCE_REFRESH	tbl1.pak	0x01530153	God Eye	神眼
# DISABLED_DUPLICATE_AFTER_SOURCE_REFRESH	tbl1.pak	0x015305E9	Devil Stick	魔鬼棍
# DISABLED_DUPLICATE_AFTER_SOURCE_REFRESH	tbl1.pak	0x01531A51	3 Eye Fan	3眼扇
# TAIWAN_OVERLAP_DISABLED_20260608	translation_in_taiwan_item_tables	refs=table_text_all_data.rdf:3:5590060:0;table_text_all_data.rdf:3:6790100:0;table_text_all_data.rdf:3:7995030:0;table_text_all_data.rdf:3:8393030:0
# tbl1.pak	0x01533097	Corn EX	玉米EX
tbl1.pak	0x0153427D	Chaos Mask	混沌面具
# DISABLED_DUPLICATE_AFTER_SOURCE_REFRESH	tbl1.pak	0x01545141	CEach Dragon Clan are waiting for this suit, contain mystery powers.	CEach 那美克龙族 are waiting for this suit, contain mystery powers.
# DISABLED_DUPLICATE_AFTER_SOURCE_REFRESH	tbl1.pak	0x0154520F	CEach Dragon Clan are waiting for this suit, contain mystery powers.	CEach 那美克龙族 are waiting for this suit, contain mystery powers.
# DISABLED_DUPLICATE_AFTER_SOURCE_REFRESH	tbl1.pak	0x015452DD	CEach Dragon Clan are waiting for this suit, contain mystery powers.	CEach 那美克龙族 are waiting for this suit, contain mystery powers.
# DISABLED_DUPLICATE_AFTER_SOURCE_REFRESH	tbl1.pak	0x01547221	CEach Dragon Clan are waiting for this suit, contain mystery powers.	CEach 那美克龙族 are waiting for this suit, contain mystery powers.
# DISABLED_DUPLICATE_AFTER_SOURCE_REFRESH	tbl1.pak	0x015472F5	CEach Dragon Clan are waiting for this suit, contain mystery powers.	CEach 那美克龙族 are waiting for this suit, contain mystery powers.
# DISABLED_DUPLICATE_AFTER_SOURCE_REFRESH	tbl1.pak	0x015473C9	CEach Dragon Clan are waiting for this suit, contain mystery powers.	CEach 那美克龙族 are waiting for this suit, contain mystery powers.
# DISABLED_DUPLICATE_AFTER_SOURCE_REFRESH	tbl1.pak	0x01551F1D	Capsule Machine Advanced Necklace S	机器高级项链S胶囊
# DISABLED_DUPLICATE_AFTER_SOURCE_REFRESH	tbl1.pak	0x0155467D	Capsule Machine Advanced Necklace	机器高级项链胶囊
# DISABLED_DUPLICATE_AFTER_SOURCE_REFRESH	tbl1.pak	0x01556095	Capsule Machine Special Necklace EX	机器特殊项链EX胶囊
# DISABLED_DUPLICATE_AFTER_SOURCE_REFRESH	tbl1.pak	0x015587F5	Capsule Machine Special Necklace	机器特殊项链胶囊
# DISABLED_DUPLICATE_AFTER_SOURCE_REFRESH	tbl1.pak	0x0155CD91	Capsule Machine Advanced Ring S	机器高级戒指S胶囊
# DISABLED_DUPLICATE_AFTER_SOURCE_REFRESH	tbl1.pak	0x0155EFC9	Capsule Machine Advanced Ring	机器高级戒指胶囊
# DISABLED_DUPLICATE_AFTER_SOURCE_REFRESH	tbl1.pak	0x01560671	Capsule Machine Super Ring EX	机器超级戒指EX胶囊
# DISABLED_DUPLICATE_AFTER_SOURCE_REFRESH	tbl1.pak	0x015627B9	Capsule Machine Super Ring	机器超级戒指胶囊
# DISABLED_DUPLICATE_AFTER_SOURCE_REFRESH	tbl1.pak	0x01566341	Capsule Machine Advanced Earring S	机器高级耳环S胶囊
# DISABLED_DUPLICATE_AFTER_SOURCE_REFRESH	tbl1.pak	0x01568759	Capsule Machine Advanced Earring	机器高级耳环胶囊
# DISABLED_DUPLICATE_AFTER_SOURCE_REFRESH	tbl1.pak	0x01569F41	Capsule Machine Extra Earring EX	机器特级耳环EX胶囊
# DISABLED_DUPLICATE_AFTER_SOURCE_REFRESH	tbl1.pak	0x0156C269	Capsule Machine Extra Earring	机器特级耳环胶囊
# DISABLED_DUPLICATE_AFTER_SOURCE_REFRESH	tbl1.pak	0x01570161	Basic Scouter	基础探测器
# DISABLED_DUPLICATE_AFTER_SOURCE_REFRESH	tbl1.pak	0x01570765	Super Scouter EX	超级探测器EX
# DISABLED_DUPLICATE_AFTER_SOURCE_REFRESH	tbl1.pak	0x015711E5	Advanced Scouter Chip	高级探测器芯片
# DISABLED_DUPLICATE_AFTER_SOURCE_REFRESH	tbl1.pak	0x0157418D	Capsule Machine Premium Scouter Chip EX	机器高级探测器芯片EX胶囊
# DISABLED_DUPLICATE_AFTER_SOURCE_REFRESH	tbl1.pak	0x01574D15	Capsule Machine Premium Scouter Chip	机器高级探测器芯片胶囊
tbl1.pak	0x01581B85	Every Staff R	全杖R
# TAIWAN_OVERLAP_DISABLED_20260608	translation_in_taiwan_item_tables	refs=table_text_all_data.rdf:3:8670020:0
# tbl1.pak	0x01581E75	Popo Gun R	波波枪R
# TAIWAN_OVERLAP_DISABLED_20260608	translation_in_taiwan_item_tables	refs=table_text_all_data.rdf:3:8670030:0
# tbl1.pak	0x01581E97	Popo Gun	波波枪
tbl1.pak	0x01582029	Spiritual Cut Claws R	精神切割爪R
# TAIWAN_OVERLAP_DISABLED_20260608	translation_in_taiwan_item_tables	refs=table_text_all_data.rdf:3:8690010:0
# tbl1.pak	0x0158224D	Soul Axe R	灵魂斧R
# TAIWAN_OVERLAP_DISABLED_20260608	translation_in_taiwan_item_tables	refs=table_text_all_data.rdf:3:8690030:0;table_text_all_data.rdf:3:8690050:0
# tbl1.pak	0x01582389	Popo Axe R	波波斧R
tbl1.pak	0x015824E5	Ice Axe	冰斧
tbl1.pak	0x01582C3B	Double Stick	双棍
tbl1.pak	0x01582DB1	Prototype Injection Sword R	原型注射剑R
# DISABLED_DUPLICATE_AFTER_SOURCE_REFRESH	tbl1.pak	0x01582DC7	Korin Sword R	卡林剑R
# DISABLED_DUPLICATE_AFTER_SOURCE_REFRESH	tbl1.pak	0x0158308B	Korin Wand R	卡林短杖R
# DISABLED_DUPLICATE_AFTER_SOURCE_REFRESH	tbl1.pak	0x01583417	Fan R	扇R
tbl1.pak	0x01583787	King of Battle R	战斗R的王
# TAIWAN_OVERLAP_DISABLED_20260608	translation_in_taiwan_item_tables	refs=table_text_all_data.rdf:3:8800020:0
# tbl1.pak	0x01583D91	Popo Drum	波波鼓
# TAIWAN_OVERLAP_DISABLED_20260608	translation_in_taiwan_item_tables	refs=table_text_all_data.rdf:3:8810030:0;table_text_all_data.rdf:3:8810050:0
# tbl1.pak	0x015840CF	Popo Mask R	波波面具R
# DISABLED_DUPLICATE_AFTER_SOURCE_REFRESH	tbl1.pak	0x01589115	Dragon Necklace	龙项链
# DISABLED_DUPLICATE_AFTER_SOURCE_REFRESH	tbl1.pak	0x0158931B	Dragon Ring	龙戒指
# DISABLED_DUPLICATE_AFTER_SOURCE_REFRESH	tbl1.pak	0x01589B05	Dragon Earring	龙耳环
# TAIWAN_OVERLAP_DISABLED_20260608	translation_in_taiwan_item_tables	refs=table_text_all_data.rdf:3:8910110:0
# tbl1.pak	0x01589FA3	Chaos Earring	混沌耳环
# TAIWAN_OVERLAP_DISABLED_20260608	translation_in_taiwan_item_tables	refs=table_text_all_data.rdf:3:9085010:0
# tbl1.pak	0x0158F515	Metal Axe L	金属斧L
# TAIWAN_OVERLAP_DISABLED_20260608	translation_in_taiwan_item_tables	refs=table_text_all_data.rdf:3:9090010:0
# tbl1.pak	0x0158FAA7	Dragon King Scroll L	龙王卷轴L
tbl1.pak	0x01590493	Dragon Stick L	龙棍L
tbl1.pak	0x01590F89	Dragon Wand L	龙短杖L
# TAIWAN_OVERLAP_DISABLED_20260608	translation_in_taiwan_item_tables	refs=table_text_all_data.rdf:3:9140010:0
# tbl1.pak	0x01592157	Dragon Drum L	龙鼓L
tbl1.pak	*	Strong Warrior Claws premium recipe	高级强力战士爪配方
tbl1.pak	0x015B3D1D	Warrior Gloves premium recipe.	高级那美克战士手套配方
# DISABLED_DUPLICATE_AFTER_SOURCE_REFRESH	tbl1.pak	0x015B751F	Strong Warrior Claws premium recipe	高级强力战士爪配方
tbl1.pak	0x015B985B	M Capsule Box	M胶囊盒
# DISABLED_DUPLICATE_AFTER_SOURCE_REFRESH	tbl1.pak	0x015BC115	White Stone Capsule	白色石胶囊
tbl1.pak	0x015BCC27	Android 19 Set Capsule	人造人19套装胶囊
# DISABLED_DUPLICATE_AFTER_SOURCE_REFRESH	tbl1.pak	0x015C0F43	Silver Chest Key	银色胸甲钥匙
# DISABLED_DUPLICATE_AFTER_SOURCE_REFRESH	tbl1.pak	0x015C1ADF	Gold Chest Key	黄金胸甲钥匙
tbl1.pak	0x015C72A9	HL Capsule Box Z20 Combo	HL胶囊盒Z20连击
tbl1.pak	0x015C7325	HL Capsule Box Z24 Combo	HL胶囊盒Z24连击
tbl1.pak	0x015C73A1	HL Capsule Box Z28 Combo	HL胶囊盒Z28连击
tbl1.pak	0x015C741D	HL Capsule Box Z32 Combo	HL胶囊盒Z32连击
# TAIWAN_OVERLAP_DISABLED_20260608	translation_in_taiwan_item_tables	refs=table_text_all_data.rdf:3:111400370:0;table_text_all_data.rdf:3:29000450:0
# tbl1.pak	0x015C74BB	CC Pill Capsule L	CC药丸胶囊L
# TAIWAN_OVERLAP_DISABLED_20260608	translation_in_taiwan_item_tables	refs=table_text_all_data.rdf:3:111400330:0;table_text_all_data.rdf:3:29000440:0
# tbl1.pak	0x015C7745	CC Pill Capsule M	CC药丸胶囊M
# DISABLED_DUPLICATE_AFTER_SOURCE_REFRESH	tbl1.pak	0x015C91F1	Popo Stone Capsule	波波石胶囊
# DISABLED_DUPLICATE_AFTER_SOURCE_REFRESH	tbl1.pak	0x015C9281	Upgrade Capsule U30	升级胶囊U30
# TAIWAN_OVERLAP_DISABLED_20260608	translation_in_taiwan_item_tables	refs=table_text_all_data.rdf:3:111401030:0;table_text_all_data.rdf:3:29000790:0
# tbl1.pak	0x015C93E1	HL Pill Capsule	HL药丸胶囊
# DISABLED_DUPLICATE_AFTER_SOURCE_REFRESH	tbl1.pak	0x015C9AD5	Detoxification Pill	解毒药丸
# DISABLED_DUPLICATE_AFTER_SOURCE_REFRESH	tbl1.pak	0x015C9BC7	Pain Treatment Pill	疼痛治疗药丸
# DISABLED_DUPLICATE_AFTER_SOURCE_REFRESH	tbl1.pak	0x015CBE27	Super Saiyan Potion [Spiritualist]	超级赛亚人药水[气功师]
# DISABLED_DUPLICATE_AFTER_SOURCE_REFRESH	tbl1.pak	0x015CE0FB	Silver Treasure Chest	银色宝箱
# DISABLED_DUPLICATE_AFTER_SOURCE_REFRESH	tbl1.pak	0x015CE1BF	Silver Powerful Chest	银色强力胸甲
# TAIWAN_OVERLAP_DISABLED_20260608	translation_in_taiwan_item_tables	refs=table_text_all_data.rdf:3:1302020:0;table_text_all_data.rdf:3:14100150:0
# tbl1.pak	0x015CE343	Gold Treasure Chest	黄金宝箱
# DISABLED_DUPLICATE_AFTER_SOURCE_REFRESH	tbl1.pak	0x015CE403	Gold Powerful Chest	黄金强力胸甲
# DISABLED_DUPLICATE_AFTER_SOURCE_REFRESH	tbl1.pak	0x015D0B9D	Android 18 Outfit	人造人18套装
# DISABLED_DUPLICATE_AFTER_SOURCE_REFRESH	tbl1.pak	0x015D12B5	Devil's Wings	魔鬼的翅膀
# DISABLED_DUPLICATE_AFTER_SOURCE_REFRESH	tbl1.pak	0x015D13B5	Bulma Outfit	布尔玛套装
# DISABLED_DUPLICATE_AFTER_SOURCE_REFRESH	tbl1.pak	0x015D1413	Great Pain Treatment Pill	巨大疼痛治疗药丸
tbl1.pak	*	9Arrogant Rabbit Boss made through the Martial Artist top.	9Arrogant Rabbit Boss made through the 武道家 top.
# DISABLED_DUPLICATE_AFTER_SOURCE_REFRESH	tbl1.pak	0x015D327D	9Arrogant Rabbit Boss made through the Martial Artist top.	9Arrogant Rabbit Boss made through the 武道家 top.
# DISABLED_DUPLICATE_AFTER_SOURCE_REFRESH	tbl1.pak	0x015D3331	9Arrogant Rabbit Boss made through the Martial Artist top.	9Arrogant Rabbit Boss made through the 武道家 top.
# DISABLED_DUPLICATE_AFTER_SOURCE_REFRESH	tbl1.pak	0x015D4AE7	Vegito Outfit	贝吉特套装
# DISABLED_DUPLICATE_AFTER_SOURCE_REFRESH	tbl1.pak	0x015D516D	Bulma Space Outfit	布尔玛空间套装
# DISABLED_DUPLICATE_AFTER_SOURCE_REFRESH	tbl1.pak	0x015D5D7F	Devil Set Capsule	魔鬼套装胶囊
# DISABLED_DUPLICATE_AFTER_SOURCE_REFRESH	tbl1.pak	0x015D6699	EV Energy Potion	EV气功药水
# DISABLED_DUPLICATE_AFTER_SOURCE_REFRESH	tbl1.pak	0x015D6715	EV Soul Potion	EV灵魂药水
# DISABLED_DUPLICATE_AFTER_SOURCE_REFRESH	tbl1.pak	0x015D6795	EV Speed Potion	EV速度药水
# DISABLED_DUPLICATE_AFTER_SOURCE_REFRESH	tbl1.pak	0x015D709F	EV Weapon Upgrade Stone U50	EV武器升级石U50
# DISABLED_DUPLICATE_AFTER_SOURCE_REFRESH	tbl1.pak	0x015D720F	EV Weapon Upgrade Stone U53	EV武器升级石U53
# DISABLED_DUPLICATE_AFTER_SOURCE_REFRESH	tbl1.pak	0x015D737F	EV Weapon Upgrade Stone U55	EV武器升级石U55
# DISABLED_DUPLICATE_AFTER_SOURCE_REFRESH	tbl1.pak	0x015D792D	EV Advanced Weapon Upgrade Stone U50	EV高级武器升级石U50
# DISABLED_DUPLICATE_AFTER_SOURCE_REFRESH	tbl1.pak	0x015D7A5F	EV Advanced Weapon Upgrade Stone U53	EV高级武器升级石U53
# DISABLED_DUPLICATE_AFTER_SOURCE_REFRESH	tbl1.pak	0x015D7B91	EV Advanced Weapon Upgrade Stone U55	EV高级武器升级石U55
# DISABLED_DUPLICATE_AFTER_SOURCE_REFRESH	tbl1.pak	0x015D855B	EV Party Popo	EV组队波波
# DISABLED_DUPLICATE_AFTER_SOURCE_REFRESH	tbl1.pak	0x015D9447	EV Life Pill X	EV生命药丸X
# DISABLED_DUPLICATE_AFTER_SOURCE_REFRESH	tbl1.pak	0x015D94ED	EV Magic Pill X	EV魔法药丸X
# DISABLED_DUPLICATE_AFTER_SOURCE_REFRESH	tbl1.pak	0x015D993F	EV Great Namek Potion	EV巨大那美克药水
# DISABLED_DUPLICATE_AFTER_SOURCE_REFRESH	tbl1.pak	0x015D9AF7	EV Pure Majin Potion	EV纯粹魔人药水
tbl1.pak	*	EV Super Saiyan Potion [Spiritualist]	EV超级赛亚人药水[气功师]
tbl1.pak	0x015DD355	U38 Upgrade Capsule	U38升级胶囊
tbl1.pak	0x015DD3EF	U42 Upgrade Capsule	U42升级胶囊
tbl1.pak	0x015DD489	U46 Upgrade Capsule	U46升级胶囊
# DISABLED_DUPLICATE_AFTER_SOURCE_REFRESH	tbl1.pak	0x015DD477	U50 Upgrade Capsule	U50升级胶囊
# DISABLED_DUPLICATE_AFTER_SOURCE_REFRESH	tbl1.pak	0x015DD511	U53 Upgrade Capsule	U53升级胶囊
# DISABLED_DUPLICATE_AFTER_SOURCE_REFRESH	tbl1.pak	0x015DD5AB	U55 Upgrade Capsule	U55升级胶囊
# DISABLED_DUPLICATE_AFTER_SOURCE_REFRESH	tbl1.pak	0x015DD645	White Stone U55	白色石U55
tbl1.pak	0x015DD99F	EV Potion Capsule	EV药水胶囊
# DISABLED_DUPLICATE_AFTER_SOURCE_REFRESH	tbl1.pak	0x015DD96D	Potion Capsule	胶囊药水
# DISABLED_DUPLICATE_AFTER_SOURCE_REFRESH	tbl1.pak	0x015DD9E1	EV White Stone U55	EV白色石U55
# DISABLED_DUPLICATE_AFTER_SOURCE_REFRESH	tbl1.pak	0x015E0AB3	EV Weapon Upgrade Stone U60	EV武器升级石U60
# DISABLED_DUPLICATE_AFTER_SOURCE_REFRESH	tbl1.pak	0x015E0D8D	EV Advanced Weapon Upgrade Stone U60	EV高级武器升级石U60
tbl1.pak	*	[Spiritualist] LV UP 30! Cookie	[气功师] LV UP 30! Cookie
# DISABLED_DUPLICATE_AFTER_SOURCE_REFRESH	tbl1.pak	0x015E1BB1	[Spiritualist] LV UP 30! Cookie	[气功师] LV UP 30! Cookie
tbl1.pak	*	[Dragon Clan] LV UP 30! Cookie	[那美克龙族] LV UP 30! Cookie
# DISABLED_DUPLICATE_AFTER_SOURCE_REFRESH	tbl1.pak	0x015E1CAB	[Dragon Clan] LV UP 30! Cookie	[那美克龙族] LV UP 30! Cookie
tbl1.pak	*	[Wonder Majin] LV UP 30! Cookie	[意魔人] LV UP 30! Cookie
# DISABLED_DUPLICATE_AFTER_SOURCE_REFRESH	tbl1.pak	0x015E1DB9	[Wonder Majin] LV UP 30! Cookie	[意魔人] LV UP 30! Cookie
# DISABLED_DUPLICATE_AFTER_SOURCE_REFRESH	tbl1.pak	0x015E31E7	Pilaf Outfit	皮拉夫套装
# DISABLED_DUPLICATE_AFTER_SOURCE_REFRESH	tbl1.pak	0x015E3691	Pilot Outfit	驾驶员套装
# TAIWAN_OVERLAP_DISABLED_20260608	translation_in_taiwan_item_tables	refs=table_text_all_data.rdf:3:111402660:0;table_text_all_data.rdf:3:29005820:0
# tbl1.pak	0x015E3863	Popo Set Capsule	波波套装胶囊
# DISABLED_DUPLICATE_AFTER_SOURCE_REFRESH	tbl1.pak	0x015E38CB	Pilaf Set Capsule	皮拉夫套装胶囊
# DISABLED_DUPLICATE_AFTER_SOURCE_REFRESH	tbl1.pak	0x015E39B3	Pilot Set Capsule	驾驶员套装胶囊
# DISABLED_DUPLICATE_AFTER_SOURCE_REFRESH	tbl1.pak	0x015E3A8F	White Stone U60	白色石U60
# DISABLED_DUPLICATE_AFTER_SOURCE_REFRESH	tbl1.pak	0x015E4D33	General White Outfit Type A	将军白色套装A型
# DISABLED_DUPLICATE_AFTER_SOURCE_REFRESH	tbl1.pak	0x015E4E39	General White Outfit Type B	将军白色套装B型
# DISABLED_DUPLICATE_AFTER_SOURCE_REFRESH	tbl1.pak	0x015E4F3F	General White Outfit Type C	将军白色套装C型
# DISABLED_DUPLICATE_AFTER_SOURCE_REFRESH	tbl1.pak	0x015E64A7	LV70 Treasure Chest	LV70宝箱
# DISABLED_DUPLICATE_AFTER_SOURCE_REFRESH	tbl1.pak	0x015E6F97	White Stone U70	白色石U70
# DISABLED_DUPLICATE_AFTER_SOURCE_REFRESH	tbl1.pak	0x015E70DF	EV Dragon Ball Chest	EV龙珠胸甲
# DISABLED_DUPLICATE_AFTER_SOURCE_REFRESH	tbl1.pak	0x015E7335	EV Supply Box	EV补给盒
# DISABLED_DUPLICATE_AFTER_SOURCE_REFRESH	tbl1.pak	0x015E73B3	Popo's Outfit Type A	波波的套装A型
# DISABLED_DUPLICATE_AFTER_SOURCE_REFRESH	tbl1.pak	0x015E74A1	Popo's Outfit Type B	波波的套装B型
# DISABLED_DUPLICATE_AFTER_SOURCE_REFRESH	tbl1.pak	0x015E7591	Popo's Outfit Type C	波波的套装C型
# DISABLED_DUPLICATE_AFTER_SOURCE_REFRESH	tbl1.pak	0x015E79DD	Popo's Outfit A Set Capsule	波波的套装A套装胶囊
# DISABLED_DUPLICATE_AFTER_SOURCE_REFRESH	tbl1.pak	0x015E7A69	Popo's Outfit B Set Capsule	波波的套装B套装胶囊
# DISABLED_DUPLICATE_AFTER_SOURCE_REFRESH	tbl1.pak	0x015E7AF5	Popo's Outfit C Set Capsule	波波的套装C套装胶囊
# DISABLED_DUPLICATE_AFTER_SOURCE_REFRESH	tbl1.pak	0x015E99AB	Black Pet Capsule	黑色宠物胶囊
# TAIWAN_OVERLAP_DISABLED_20260608	translation_in_taiwan_item_tables	refs=table_text_all_data.rdf:3:111403470:0;table_text_all_data.rdf:3:29007080:0
# tbl1.pak	0x015E9A2D	Super Pet Capsule	超级宠物胶囊
# DISABLED_DUPLICATE_AFTER_SOURCE_REFRESH	tbl1.pak	0x015E9E31	Gotenks Outfit	悟天克斯套装
# DISABLED_DUPLICATE_AFTER_SOURCE_REFRESH	tbl1.pak	0x015EA5DF	Towa's Outfit	托娃的套装
# DISABLED_DUPLICATE_AFTER_SOURCE_REFRESH	tbl1.pak	0x015EA6BB	Krillin's Outfit	克林的套装
# DISABLED_DUPLICATE_AFTER_SOURCE_REFRESH	tbl1.pak	0x015EA7EF	Ozaru Outfit	大猿套装
# DISABLED_DUPLICATE_AFTER_SOURCE_REFRESH	tbl1.pak	0x015EA8BD	Ozaru's Head	大猿的头
tbl1.pak	0x015EAAF7	Pet Support Capsule	宠物支援胶囊
# TAIWAN_OVERLAP_DISABLED_20260608	translation_in_taiwan_item_tables	refs=table_text_all_data.rdf:3:111403550:0;table_text_all_data.rdf:3:29007320:0
# tbl1.pak	0x015EAAB5	Krillin Set Capsule	克林套装胶囊
# DISABLED_DUPLICATE_AFTER_SOURCE_REFRESH	tbl1.pak	0x015EACC9	Legendary Scouter Coupon	传说探测器券
# DISABLED_DUPLICATE_AFTER_SOURCE_REFRESH	tbl1.pak	0x015EB7AD	Scouter Reward E-1	探测器奖励E-1
# DISABLED_DUPLICATE_AFTER_SOURCE_REFRESH	tbl1.pak	0x015EB825	Scouter Reward E-2	探测器奖励E-2
# DISABLED_DUPLICATE_AFTER_SOURCE_REFRESH	tbl1.pak	0x015EB89D	Scouter Reward E-3	探测器奖励E-3
# DISABLED_DUPLICATE_AFTER_SOURCE_REFRESH	tbl1.pak	0x015EB915	Scouter Reward E-4	探测器奖励E-4
# DISABLED_DUPLICATE_AFTER_SOURCE_REFRESH	tbl1.pak	0x015EBB09	Silver Chest	银色胸甲
# DISABLED_DUPLICATE_AFTER_SOURCE_REFRESH	tbl1.pak	0x015ECAF3	CC Special Battle Coin	CC特殊战斗硬币
tbl1.pak	0x015ED467	CC Engineer Outfit	CC工程师套装
# DISABLED_DUPLICATE_AFTER_SOURCE_REFRESH	tbl1.pak	0x015ED48B	CC Field Engineer Trainee Outfit	CC野外工程师见习套装
# DISABLED_DUPLICATE_AFTER_SOURCE_REFRESH	tbl1.pak	0x015ED5D3	Fairy Wings	仙女翅膀
# DISABLED_DUPLICATE_AFTER_SOURCE_REFRESH	tbl1.pak	0x015EE027	Frieza	弗利萨
tbl1.pak	*	Mysterious Warrior Mask	神秘战士面具
# TAIWAN_OVERLAP_DISABLED_20260608	translation_in_taiwan_item_tables	refs=table_text_all_data.rdf:3:112000160:0;table_text_all_data.rdf:3:29011200:0
# tbl1.pak	0x015EE6A7	Mushroom Hat	蘑菇帽子
# DISABLED_DUPLICATE_AFTER_SOURCE_REFRESH	tbl1.pak	0x015EE7FD	Dinosaur Head	恐龙头
# DISABLED_DUPLICATE_AFTER_SOURCE_REFRESH	tbl1.pak	0x015EEE2D	Frieza Head (Normal)	弗利萨头(普通)
# DISABLED_DUPLICATE_AFTER_SOURCE_REFRESH	tbl1.pak	0x015F0445	Frieza Dogi (Normal)	弗利萨时装(普通)
# DISABLED_DUPLICATE_AFTER_SOURCE_REFRESH	tbl1.pak	0x015F1389	CC Staff Outfit (Yellow)	CC杖套装(黄色)
# DISABLED_DUPLICATE_AFTER_SOURCE_REFRESH	tbl1.pak	0x015F13BF	CC Staff Outfit (Green)	CC杖套装(绿色)
# DISABLED_DUPLICATE_AFTER_SOURCE_REFRESH	tbl1.pak	0x015F13F3	CC Space Outfit	CC空间套装
# TAIWAN_OVERLAP_DISABLED_20260608	translation_in_taiwan_item_tables	refs=table_text_all_data.rdf:3:29610040:0
# tbl1.pak	0x015F155D	Fire Rock	火岩石
# DISABLED_DUPLICATE_AFTER_SOURCE_REFRESH	tbl1.pak	0x015F1F97	Lizard Skin	蜥蜴皮肤
# DISABLED_DUPLICATE_AFTER_SOURCE_REFRESH	tbl1.pak	0x015F2055	Frog Skin	青蛙皮肤
tbl1.pak	0x015F2231	Cuckoo Skin	咕咕鸡皮肤
# DISABLED_DUPLICATE_AFTER_SOURCE_REFRESH	tbl1.pak	0x015F2335	Silver	银色
tbl1.pak	0x015F2B25	Cuckoo Meat	咕咕鸡肉
tbl1.pak	0x015F2C73	Wolf Meat	狼肉
# TAIWAN_OVERLAP_DISABLED_20260608	translation_in_taiwan_item_tables	refs=table_text_all_data.rdf:3:29700050:0
# tbl1.pak	0x015F3703	Fire Diamond	火钻石
tbl1.pak	0x015F41C3	Mole Cricket Leather	鼹鼠蟋蟀皮革
tbl1.pak	0x015F426F	Kiri Skin	基里皮肤
# TAIWAN_OVERLAP_DISABLED_20260608	translation_in_taiwan_item_tables	refs=table_text_all_data.rdf:3:29740020:0
# tbl1.pak	0x015F430F	Liquid Fuel	液体燃料
tbl1.pak	0x015F45C3	Special Steel	特殊钢
# DISABLED_DUPLICATE_AFTER_SOURCE_REFRESH	tbl1.pak	0x015F50A5	Purple Crystal Gem	紫色水晶宝石
tbl1.pak	0x015F587F	Black Mask	黑色面具
tbl1.pak	0x015F5A55	Alien Skin	异星皮肤
tbl1.pak	0x015F5E35	Space Metal	空间金属
tbl1.pak	0x015F69A9	Spirit King Stone	精神王石
tbl1.pak	0x015F6DA9	Energy Hair	气功发型
tbl1.pak	0x015F7179	Magic Skin	魔法皮肤
tbl1.pak	0x015F7527	Frieza Metal	弗利萨金属
tbl1.pak	0x015F7BC3	Tiamat Meat	提亚马特肉
tbl1.pak	0x0161F7C1	Rabbit Robot T-002	兔子机器人T-002
tbl1.pak	0x0161F857	Rabbit Robot T-003	兔子机器人T-003
tbl1.pak	0x0161F8ED	Rabbit Robot T-004	兔子机器人T-004
# DISABLED_DUPLICATE_AFTER_SOURCE_REFRESH	tbl1.pak	0x016203CB	Red Puar	红色普尔
# DISABLED_DUPLICATE_AFTER_SOURCE_REFRESH	tbl1.pak	0x01621105	Cat Pet	猫宠物
# TAIWAN_OVERLAP_DISABLED_20260608	translation_in_taiwan_item_tables	refs=table_text_all_data.rdf:3:60000760:0;table_text_all_data.rdf:3:60000770:0;table_text_all_data.rdf:3:60000780:0;table_text_all_data.rdf:3:60000790:0
# tbl1.pak	0x016211F5	Ghost Pet	幽灵宠物
# TAIWAN_OVERLAP_DISABLED_20260608	translation_in_taiwan_item_tables	refs=table_text_all_data.rdf:3:60000800:0
# tbl1.pak	0x016212FD	Broly Egg	布罗利蛋
tbl1.pak	0x0162141F	Broly Pet (Normal)	布罗利宠物(普通)
tbl1.pak	0x016214C3	Broly Pet (Super Saiyan)	布罗利宠物(超级赛亚人)
tbl1.pak	0x0162157D	Broly Pet (Legendary Super Saiyan)	布罗利宠物(传说超级赛亚人)
tbl1.pak	0x0162161F	Flexarot (Normal)	弗莱克萨罗特(普通)
tbl1.pak	0x0162171D	Flexarot (Super Saiyan)	弗莱克萨罗特(超级赛亚人)
tbl1.pak	0x0162182F	Flexarot (Super Saiyan God)	弗莱克萨罗特(超级赛亚人之神)
tbl1.pak	0x01621905	Flexarot (Super Saiyan God Blue)	弗莱克萨罗特(超级赛亚人之神蓝色)
# TAIWAN_OVERLAP_DISABLED_20260608	translation_in_taiwan_item_tables	refs=table_text_all_data.rdf:3:60000880:0
# tbl1.pak	0x01621945	Mr Popo Pet	波波先生宠物
tbl1.pak	0x01621B6B	Ultimate Gohan LV4	终极孙悟饭Lv4
# TAIWAN_OVERLAP_DISABLED_20260608	translation_in_taiwan_item_tables	refs=table_text_all_data.rdf:3:26000040:0;table_text_all_data.rdf:3:4210010:0;table_text_all_data.rdf:3:60050100:0
# tbl1.pak	0x01623F1B	Rainbow Pet Capsule	彩虹宠物胶囊
# DISABLED_DUPLICATE_AFTER_SOURCE_REFRESH	tbl1.pak	0x01625341	Material Arts Capsule Lv1	材料武道胶囊Lv1
tbl1.pak	0x0162548B	Material Arts Capsule Lv2	材料武道胶囊Lv2
tbl1.pak	0x01625529	Material Arts Capsule Lv3	材料武道胶囊Lv3
tbl1.pak	0x016255C7	Material Arts Capsule Lv4	材料武道胶囊Lv4
tbl1.pak	0x01625665	Material Arts Capsule Lv5	材料武道胶囊Lv5
tbl1.pak	0x01625703	Material Arts Capsule Lv6	材料武道胶囊Lv6
tbl1.pak	0x016257A1	Material Arts Capsule Lv7	材料武道胶囊Lv7
tbl1.pak	0x0162583F	Material Arts Capsule Lv8	材料武道胶囊Lv8
tbl1.pak	0x016258DD	Material Arts Capsule Lv9	材料武道胶囊Lv9
tbl1.pak	0x0162597B	Material Arts Capsule Lv10	材料武道胶囊Lv10
# DISABLED_DUPLICATE_AFTER_SOURCE_REFRESH	tbl1.pak	0x01625F89	Warrior Capsule Lv1	那美克战士胶囊Lv1
tbl1.pak	0x016260C7	Warrior Capsule Lv2	那美克战士胶囊Lv2
tbl1.pak	0x01626159	Warrior Capsule Lv3	那美克战士胶囊Lv3
tbl1.pak	0x016261EB	Warrior Capsule Lv4	那美克战士胶囊Lv4
tbl1.pak	0x0162627D	Warrior Capsule Lv5	那美克战士胶囊Lv5
tbl1.pak	0x0162630F	Warrior Capsule Lv6	那美克战士胶囊Lv6
tbl1.pak	0x016263A1	Warrior Capsule Lv7	那美克战士胶囊Lv7
tbl1.pak	0x01626433	Warrior Capsule Lv8	那美克战士胶囊Lv8
tbl1.pak	0x016264C5	Warrior Capsule Lv9	那美克战士胶囊Lv9
tbl1.pak	0x01626557	Warrior Capsule Lv10	那美克战士胶囊Lv10
# DISABLED_DUPLICATE_AFTER_SOURCE_REFRESH	tbl1.pak	0x01626B31	Might Majin Capsule Lv1	大魔人胶囊Lv1
tbl1.pak	0x01626C77	Might Majin Capsule Lv2	大魔人胶囊Lv2
tbl1.pak	0x01626D11	Might Majin Capsule Lv3	大魔人胶囊Lv3
tbl1.pak	0x01626DAB	Might Majin Capsule Lv4	大魔人胶囊Lv4
tbl1.pak	0x01626E45	Might Majin Capsule Lv5	大魔人胶囊Lv5
tbl1.pak	0x01626EDF	Might Majin Capsule Lv6	大魔人胶囊Lv6
tbl1.pak	0x01626F79	Might Majin Capsule Lv7	大魔人胶囊Lv7
tbl1.pak	0x01627013	Might Majin Capsule Lv8	大魔人胶囊Lv8
tbl1.pak	0x016270AD	Might Majin Capsule Lv9	大魔人胶囊Lv9
tbl1.pak	0x01627147	Might Majin Capsule Lv10	大魔人胶囊Lv10
# DISABLED_DUPLICATE_AFTER_SOURCE_REFRESH	tbl1.pak	0x01627137	Wonder Majin Capsule Lv1	意魔人胶囊Lv1
tbl1.pak	0x0162727F	Wonder Majin Capsule Lv2	意魔人胶囊Lv2
tbl1.pak	0x0162731B	Wonder Majin Capsule Lv3	意魔人胶囊Lv3
tbl1.pak	0x016273B7	Wonder Majin Capsule Lv4	意魔人胶囊Lv4
tbl1.pak	0x01627453	Wonder Majin Capsule Lv5	意魔人胶囊Lv5
tbl1.pak	0x016274EF	Wonder Majin Capsule Lv6	意魔人胶囊Lv6
tbl1.pak	0x0162758B	Wonder Majin Capsule Lv7	意魔人胶囊Lv7
tbl1.pak	0x01627627	Wonder Majin Capsule Lv8	意魔人胶囊Lv8
tbl1.pak	0x016276C3	Wonder Majin Capsule Lv9	意魔人胶囊Lv9
tbl1.pak	0x0162775F	Wonder Majin Capsule Lv10	意魔人胶囊Lv10
tbl1.pak	0x016289A1	Special Weapon Material Box	特殊武器材料盒
# DISABLED_DUPLICATE_AFTER_SOURCE_REFRESH	tbl1.pak	0x0163CDDB	Super Powerful Shadow Claws	超级强力暗影爪
# DISABLED_DUPLICATE_AFTER_SOURCE_REFRESH	tbl1.pak	0x0163CFF9	Super Powerful Dark Gem	超级强力黑暗宝石
# DISABLED_DUPLICATE_AFTER_SOURCE_REFRESH	tbl1.pak	0x0163D09F	Super Powerful Awakening Stick	超级强力觉醒棍
# DISABLED_DUPLICATE_AFTER_SOURCE_REFRESH	tbl1.pak	0x0163D153	Super Powerful Thunder Sword	超级强力雷霆剑
# DISABLED_DUPLICATE_AFTER_SOURCE_REFRESH	tbl1.pak	0x0163D2B1	Super Powerful Awakening Wand	超级强力觉醒短杖
# DISABLED_DUPLICATE_AFTER_SOURCE_REFRESH	tbl1.pak	0x0163D565	Super Powerful Mysterious Mask	超级强力神秘面具
# DISABLED_DUPLICATE_AFTER_SOURCE_REFRESH	tbl1.pak	0x0164070B	Dark Soul Claws	黑暗灵魂爪
# DISABLED_DUPLICATE_AFTER_SOURCE_REFRESH	tbl1.pak	0x016407E1	Dark Soul Axe	黑暗灵魂斧
# DISABLED_DUPLICATE_AFTER_SOURCE_REFRESH	tbl1.pak	0x01640863	Dark Soul Scroll	黑暗灵魂卷轴
# DISABLED_DUPLICATE_AFTER_SOURCE_REFRESH	tbl1.pak	0x01640929	Dark Soul Gem	黑暗灵魂宝石
# DISABLED_DUPLICATE_AFTER_SOURCE_REFRESH	tbl1.pak	0x016409BD	Dark Soul Stick	黑暗灵魂棍
# DISABLED_DUPLICATE_AFTER_SOURCE_REFRESH	tbl1.pak	0x01640A57	Dark Soul Sword	黑暗灵魂剑
# DISABLED_DUPLICATE_AFTER_SOURCE_REFRESH	tbl1.pak	0x01640AED	Dark Soul Fan	黑暗灵魂扇
# DISABLED_DUPLICATE_AFTER_SOURCE_REFRESH	tbl1.pak	0x01640B91	Dark Soul Wand	黑暗灵魂短杖
# DISABLED_DUPLICATE_AFTER_SOURCE_REFRESH	tbl1.pak	0x01640C31	Dark Soul Trumpet	黑暗灵魂号角
# DISABLED_DUPLICATE_AFTER_SOURCE_REFRESH	tbl1.pak	0x01640CCF	Dark Soul Club	黑暗灵魂棒
# DISABLED_DUPLICATE_AFTER_SOURCE_REFRESH	tbl1.pak	0x01640D73	Dark Soul Drum	黑暗灵魂鼓
# DISABLED_DUPLICATE_AFTER_SOURCE_REFRESH	tbl1.pak	0x01640E13	Dark Soul Mask	黑暗灵魂面具
# DISABLED_DUPLICATE_AFTER_SOURCE_REFRESH	tbl1.pak	0x01641F3F	Staff of Blazing Wings (Poko Master)	炽热翅膀的杖(波可大师)
# DISABLED_DUPLICATE_AFTER_SOURCE_REFRESH	tbl1.pak	0x016430FD	Blazing Blade Claws (Dark Warrior)	炽热刃爪(黑暗战士)
tbl1.pak	0x01643CE9	Blazing Thunder Drum (Plasma Majin)	炽热雷霆鼓(等离子魔人)
# DISABLED_DUPLICATE_AFTER_SOURCE_REFRESH	tbl1.pak	0x016467F1	LP Awakening Lv1	LP觉醒Lv1
# DISABLED_DUPLICATE_AFTER_SOURCE_REFRESH	tbl1.pak	0x01646863	EP Awakening Lv1	EP觉醒Lv1
tbl1.pak	0x01646983	LP Awakening Lv2	LP觉醒Lv2
tbl1.pak	0x016469F5	EP Awakening Lv2	EP觉醒Lv2
tbl1.pak	0x01646A69	LP Awakening Lv3	LP觉醒Lv3
tbl1.pak	0x01646ADB	EP Awakening Lv3	EP觉醒Lv3
tbl1.pak	0x01646B4F	LP Awakening Lv4	LP觉醒Lv4
tbl1.pak	0x01646BC1	EP Awakening Lv4	EP觉醒Lv4
tbl1.pak	0x01646C35	LP Awakening Lv5	LP觉醒Lv5
tbl1.pak	0x01646CA7	EP Awakening Lv5	EP觉醒Lv5
tbl1.pak	0x01646D1B	LP Awakening Lv6	LP觉醒Lv6
tbl1.pak	0x01646D8D	EP Awakening Lv6	EP觉醒Lv6
tbl1.pak	0x01646E01	LP Awakening Lv7	LP觉醒Lv7
tbl1.pak	0x01646E73	EP Awakening Lv7	EP觉醒Lv7
tbl1.pak	0x01646EE7	LP Awakening Lv8	LP觉醒Lv8
tbl1.pak	0x01646F59	EP Awakening Lv8	EP觉醒Lv8
tbl1.pak	0x01646FCD	LP Awakening Lv9	LP觉醒Lv9
tbl1.pak	0x0164703F	EP Awakening Lv9	EP觉醒Lv9
tbl1.pak	0x016470B3	LP Awakening Lv10	LP觉醒Lv10
tbl1.pak	0x01647127	EP Awakening Lv10	EP觉醒Lv10
tbl1.pak	0x016472C5	CC Battle Coin	CC战斗硬币
# TAIWAN_OVERLAP_DISABLED_20260608	translation_in_taiwan_item_tables	refs=table_text_all_data.rdf:3:70030460:0
# tbl1.pak	0x01647897	CC Blessed Ruby	CC祝福红宝石
tbl1.pak	0x01647ABD	CC Blessed Blue Ruby	CC祝福蓝色红宝石
# TAIWAN_OVERLAP_DISABLED_20260608	translation_in_taiwan_item_tables	refs=table_text_all_data.rdf:3:70060040:0
# tbl1.pak	0x016539AB	Prototype Parts	原型零件
tbl1.pak	0x016548D1	Dragon Scroll Transmog	龙卷轴幻化
tbl1.pak	0x0165499D	Android 21 Hair	人造人21发型
tbl1.pak	0x01654F75	Popo Gem Transmog (Poko)	波波宝石幻化(波可)
tbl1.pak	0x01655067	Magic Stick Transmog (Fighter)	魔法棍幻化(战士)
tbl1.pak	0x016550A9	Trunks Sword Transmog (Sword)	特兰克斯剑幻化(剑)
tbl1.pak	0x016551A9	Popo Drum Transmog (Plasma)	波波鼓幻化(等离子)
# TAIWAN_OVERLAP_DISABLED_20260608	same_source_translation_in_taiwan_rdf	refs=table_text_all_data.rdf:3:99199977:0
# tbl1.pak	0x016552E7	Tanjiro Hair	炭治郎发型
# TAIWAN_OVERLAP_DISABLED_20260608	translation_in_taiwan_item_tables	refs=table_text_all_data.rdf:3:99990000:0
# tbl1.pak	0x01655363	Super Saiyan 3	超级赛亚人3
tbl1.pak	0x01655431	Martial Super Saiyan 3	武道家超级赛亚人3
tbl1.pak	0x01655463	Spiritualist Super Saiyan 3	气功师超级赛亚人3
tbl1.pak	0x0165549F	Might Bootenks	大魔人布欧悟天克斯
tbl1.pak	0x016554C1	Wonder Bootenks	意魔人布欧悟天克斯
tbl1.pak	0x016554E5	Warrior Dark Namek	那美克战士黑暗那美克
tbl1.pak	0x0165550F	Dragon Dark Namek	龙黑暗那美克
tbl1.pak	0x01655537	Martial Legendary Super Saiyan	武道家传说超级赛亚人
tbl1.pak	0x01655579	Spiritualist Legendary Super Saiyan	气功师传说超级赛亚人
# TAIWAN_DEEP_OVERLAP_DISABLED_20260608	translation_any_taiwan	refs=local_data.dat:DST_SYSTEMEFFECT_ENERGY
# tbl1.pak	0x01655683	Energy	气功
# TAIWAN_DEEP_OVERLAP_DISABLED_20260608	translation_any_taiwan	refs=table_text_all_data.rdf:13:1016:0
# tbl1.pak	0x016556FB	Attack	攻击
# TAIWAN_DEEP_OVERLAP_DISABLED_20260608	translation_any_taiwan	refs=table_text_all_data.rdf:13:1034:0
# tbl1.pak	0x016557FB	Attack Speed	攻击速度
# DISABLED_DUPLICATE_AFTER_SOURCE_REFRESH	tbl1.pak	0x016558F9	Manufacturing Extract 01	制造萃取物01
tbl1.pak	0x01655A11	Special Parts 01	特殊零件01
tbl1.pak	0x01655ABD	Legendary Gem 01	传说宝石01
# DISABLED_DUPLICATE_AFTER_SOURCE_REFRESH	tbl1.pak	0x01655DEF	EV Life Potion	EV生命药水
# DISABLED_DUPLICATE_AFTER_SOURCE_REFRESH	tbl1.pak	0x01655E6F	EV Magic Potion	EV魔法药水
# DISABLED_DUPLICATE_AFTER_SOURCE_REFRESH	tbl1.pak	0x01656151	EV Life Pill Y	EV生命药丸Y
# DISABLED_DUPLICATE_AFTER_SOURCE_REFRESH	tbl1.pak	0x016562BB	EV Magic Pill Y	EV魔法药丸Y
tbl1.pak	0x01656EE1	EV Detoxification Pill S	EV解毒药丸S
tbl1.pak	0x01656F5D	EV Pain Treatment Pill S	EV疼痛治疗药丸S
tbl1.pak	0x016585B1	[VIP] Spiritualist Integrated Package	[VIP] 气功师 Integrated Package
tbl1.pak	0x01658667	[VIP] Dragon Clan Integrated Package	[VIP] 那美克龙族 Integrated Package
tbl1.pak	0x01658725	[VIP] Wonder Majin Integrated Package	[VIP] 意魔人 Integrated Package
tbl1.pak	0x016587E3	[CBT] Spiritualist Integrated Package	[CBT] 气功师 Integrated Package
tbl1.pak	0x01658899	[CBT] Dragon Clan Integrated Package	[CBT] 那美克龙族 Integrated Package
tbl1.pak	0x01658957	[CBT] Wonder Majin Integrated Package	[CBT] 意魔人 Integrated Package
# DISABLED_DUPLICATE_AFTER_SOURCE_REFRESH	tbl1.pak	0x0165F121	Golden Chest Key	黄金胸甲钥匙
# DISABLED_DUPLICATE_AFTER_SOURCE_REFRESH	tbl1.pak	0x0165F8FF	Super Saiyan Potion [Martial Artist]	超级赛亚人药水[武道家]
# DISABLED_DUPLICATE_AFTER_SOURCE_REFRESH	tbl1.pak	0x0165FE09	Super Saiyan Potion [Spiritualist]	超级赛亚人药水[气功师]
tbl1.pak	0x01662E47	EV Super Saiyan Potion [Martial Artist]	EV超级赛亚人药水[武道家]
# DISABLED_DUPLICATE_AFTER_SOURCE_REFRESH	tbl1.pak	0x016632B7	EV Super Saiyan Potion [Spiritualist]	EV超级赛亚人药水[气功师]
tbl1.pak	0x0166522B	3The acquisition of skills!\nPower UP (Spiritualist)	3The acquisition of skills!\nPower UP (气功师)
tbl1.pak	0x016652D7	The acquisition of skills!\nPower UP (Warrior)	The acquisition of skills!\nPower UP (那美克战士)
tbl1.pak	0x01665375	2The acquisition of skills!\nPower UP (Dragon Clan)	2The acquisition of skills!\nPower UP (那美克龙族)
tbl1.pak	0x016654C7	3The acquisition of skills!\nPower UP (Wonder Majin)	3The acquisition of skills!\nPower UP (意魔人)
tbl1.pak	0x01665641	0The acquisition of skills!\nGuard (Spiritualist)	0The acquisition of skills!\nGuard (气功师)
tbl1.pak	0x01665715	The acquisition of skills!\nGuard (Warrior)	The acquisition of skills!\nGuard (那美克战士)
tbl1.pak	0x016657DD	The acquisition of skills!\nGuard (Dragon Clan)	The acquisition of skills!\nGuard (那美克龙族)
tbl1.pak	0x0166597D	0The acquisition of skills!\nGuard (Wonder Majin)	0The acquisition of skills!\nGuard (意魔人)
tbl1.pak	0x01665BEB	The acquisition of skills!\nDash (Warrior)	The acquisition of skills!\nDash (那美克战士)
tbl1.pak	0x01665CAF	The acquisition of skills!\nDash (Dragon Clan)	The acquisition of skills!\nDash (那美克龙族)
tbl1.pak	0x01665E49	The acquisition of skills!\nDash (Wonder Majin)	The acquisition of skills!\nDash (意魔人)
tbl1.pak	0x016660FF	4The acquisition of skills!\nCounter Attack (Warrior)	4The acquisition of skills!\nCounter Attack (那美克战士)
tbl1.pak	0x016661EB	8The acquisition of skills!\nCounter Attack (Dragon Clan)	8The acquisition of skills!\nCounter Attack (那美克龙族)
tbl1.pak	0x016663D5	9The acquisition of skills!\nCounter Attack (Wonder Majin)	9The acquisition of skills!\nCounter Attack (意魔人)
# DISABLED_DUPLICATE_AFTER_SOURCE_REFRESH	tbl1.pak	0x016664B3	Flight Skill (Spiritualist)	飞行技能(气功师)
# DISABLED_DUPLICATE_AFTER_SOURCE_REFRESH	tbl1.pak	0x01666547	Flight Skill (Warrior)	飞行技能(那美克战士)
# DISABLED_DUPLICATE_AFTER_SOURCE_REFRESH	tbl1.pak	0x016665D1	Flight Skill (Dragon Clan)	飞行技能(那美克龙族)
# DISABLED_DUPLICATE_AFTER_SOURCE_REFRESH	tbl1.pak	0x016666F7	Flight Skill (Wonder Majin)	飞行技能(意魔人)
tbl1.pak	0x0166833F	EV White Stone U60	EV白色石U60
tbl1.pak	0x0166A107	Popo Ring Lv70	波波戒指Lv70
tbl1.pak	0x0166B891	White Stone U75	白色石U75
tbl1.pak	0x0166B8DF	EV Legendary Dogi Ball	EV传说时装球
tbl1.pak	0x0166C131	EV Super Magic Pill 30	EV超级魔法药丸30
tbl1.pak	0x0166C1A3	EV Super Life Pill 30	EV超级生命药丸30
tbl1.pak	0x0166C645	EV White Stone U70	EV白色石U70
tbl1.pak	0x01670131	[VIP] Spiritualist Capsule Box	[VIP] 气功师 Capsule Box
tbl1.pak	*	Spiritualist Equipment Capsule	气功师 Equipment Capsule
tbl1.pak	0x016704B9	[VIP] Dragon Clan Capsule Box	[VIP] 那美克龙族 Capsule Box
tbl1.pak	*	Dragon Clan Equipment Capsule	那美克龙族 Equipment Capsule
tbl1.pak	0x01670861	[VIP] Wonder Majin Capsule Box	[VIP] 意魔人 Capsule Box
tbl1.pak	*	Wonder Majin Equipment Capsule	意魔人 Equipment Capsule
tbl1.pak	0x01670C19	[CBT] Spiritualist Capsule Box	[CBT] 气功师 Capsule Box
# DISABLED_DUPLICATE_AFTER_SOURCE_REFRESH	tbl1.pak	0x01670C95	Spiritualist Equipment Capsule	气功师 Equipment Capsule
tbl1.pak	0x01670FA1	[CBT] Dragon Clan Capsule Box	[CBT] 那美克龙族 Capsule Box
# DISABLED_DUPLICATE_AFTER_SOURCE_REFRESH	tbl1.pak	0x01671019	Dragon Clan Equipment Capsule	那美克龙族 Equipment Capsule
tbl1.pak	0x01671347	[CBT] Wonder Majin Capsule Box	[CBT] 意魔人 Capsule Box
# DISABLED_DUPLICATE_AFTER_SOURCE_REFRESH	tbl1.pak	0x016713C3	Wonder Majin Equipment Capsule	意魔人 Equipment Capsule
tbl1.pak	0x0167151F	Martial Artist Skills Capsule	武道家 Skills Capsule
tbl1.pak	0x016715EF	Spiritualist Skills Capsule	气功师 Skills Capsule
tbl1.pak	0x0167177D	Dragon Clan Skills Capsule	那美克龙族 Skills Capsule
tbl1.pak	0x01671913	Wonder Majin Skills Capsule	意魔人 Skills Capsule
# DISABLED_DUPLICATE_AFTER_SOURCE_REFRESH	tbl1.pak	0x01672DA5	Namekian Gift Box Lv2	那美克星人礼物盒Lv2
tbl1.pak	0x01672F15	Namekian Gift Box Lv7	那美克星人礼物盒Lv7
tbl1.pak	0x01672FD9	Namekian Gift Box Lv12	那美克星人礼物盒Lv12
tbl1.pak	0x0167309F	Namekian Gift Box Lv15	那美克星人礼物盒Lv15
tbl1.pak	0x01673165	Namekian Gift Box Lv18	那美克星人礼物盒Lv18
tbl1.pak	0x0167322B	Namekian Gift Box Lv21	那美克星人礼物盒Lv21
tbl1.pak	0x016732F1	Namekian Gift Box Lv23	那美克星人礼物盒Lv23
tbl1.pak	0x016733B7	Namekian Gift Box Lv25	那美克星人礼物盒Lv25
tbl1.pak	0x0167347D	Namekian Gift Box Lv27	那美克星人礼物盒Lv27
tbl1.pak	0x01673543	Namekian Gift Box Lv30	那美克星人礼物盒Lv30
tbl1.pak	0x016748E1	U30 Upgrade Stone Capsule	U30升级石胶囊
# TAIWAN_OVERLAP_DISABLED_20260608	translation_in_taiwan_item_tables	refs=table_text_all_data.rdf:3:111401240:0
# tbl1.pak	0x01675FCF	Key Capsule (Silver)	钥匙胶囊(银色)
tbl1.pak	0x0167613B	Key Capsule (Gold)	钥匙胶囊(黄金)
# DISABLED_DUPLICATE_AFTER_SOURCE_REFRESH	tbl1.pak	0x0167C02B	[Spiritualist] LV UP 30! Cookie	[气功师] LV UP 30! Cookie
# DISABLED_DUPLICATE_AFTER_SOURCE_REFRESH	tbl1.pak	0x0167C101	[Dragon Clan] LV UP 30! Cookie	[那美克龙族] LV UP 30! Cookie
# DISABLED_DUPLICATE_AFTER_SOURCE_REFRESH	tbl1.pak	0x0167C1DF	[Wonder Majin] LV UP 30! Cookie	[意魔人] LV UP 30! Cookie
tbl1.pak	0x0167C3A9	[Spiritualist] Skill Set	[气功师] Skill Set
tbl1.pak	0x0167C4FF	[Dragon Clan] Skill Set	[那美克龙族] Skill Set
tbl1.pak	0x0167C65D	[Wonder Majin] Skill Set	[意魔人] Skill Set
tbl1.pak	0x0167C77D	[Spiritualist] Item Set	[气功师] Item Set
tbl1.pak	0x0167C857	[Dragon Clan] Item Set	[那美克龙族] Item Set
tbl1.pak	0x0167C939	[Wonder Majin] Item Set	[意魔人] Item Set
# DISABLED_DUPLICATE_AFTER_SOURCE_REFRESH	tbl1.pak	0x0167CBFF	Popo Gift Box LV2	波波礼物盒Lv2
# DISABLED_DUPLICATE_AFTER_SOURCE_REFRESH	tbl1.pak	0x0167CD2F	Popo Gift Box LV6	波波礼物盒Lv6
tbl1.pak	0x0167CF0B	Popo Gift Box LV8	波波礼物盒Lv8
tbl1.pak	0x0167D03B	Popo Gift Box LV11	波波礼物盒Lv11
tbl1.pak	0x0167D16D	Popo Gift Box LV13	波波礼物盒Lv13
tbl1.pak	0x0167D29F	Popo Gift Box LV16	波波礼物盒Lv16
tbl1.pak	0x0167D3D1	Popo Gift Box LV21	波波礼物盒Lv21
tbl1.pak	0x0167D503	Popo Gift Box LV26	波波礼物盒Lv26
tbl1.pak	0x0167D635	Popo Gift Box LV30	波波礼物盒Lv30
tbl1.pak	0x0167D767	Popo Gift Box LV34	波波礼物盒Lv34
tbl1.pak	0x0167D899	Popo Gift Box LV38	波波礼物盒Lv38
tbl1.pak	0x0167D9CB	Popo Gift Box LV42	波波礼物盒Lv42
# DISABLED_DUPLICATE_AFTER_SOURCE_REFRESH	tbl1.pak	0x0167E0FB	Popo Gift Box LV4	波波礼物盒Lv4
tbl1.pak	0x0167E2D7	Popo Gift Box LV10	波波礼物盒Lv10
tbl1.pak	0x0167E409	Popo Gift Box LV17	波波礼物盒Lv17
tbl1.pak	0x0167E53B	Popo Gift Box LV22	波波礼物盒Lv22
tbl1.pak	0x0167E66D	Popo Gift Box LV27	波波礼物盒Lv27
tbl1.pak	0x0167E79F	Popo Gift Box LV44	波波礼物盒Lv44
tbl1.pak	0x0167E8D1	Popo Gift Box LV45	波波礼物盒Lv45
tbl1.pak	0x0167EA03	Popo Gift Box LV50	波波礼物盒Lv50
tbl1.pak	0x0167EB35	Popo Gift Box LV55	波波礼物盒Lv55
tbl1.pak	0x0167EC67	Popo Gift Box LV60	波波礼物盒Lv60
tbl1.pak	0x0167ED99	Popo Gift Box LV61	波波礼物盒Lv61
tbl1.pak	0x0167EECB	Popo Gift Box LV65	波波礼物盒Lv65
tbl1.pak	0x0167EFFD	Popo Gift Box LV70	波波礼物盒Lv70
tbl1.pak	0x01681CF7	Krillin Costume Capsule	克林服装胶囊
tbl1.pak	0x01681E35	EV Power Potion Treasure Chest	EV力量药水宝箱
# DISABLED_DUPLICATE_AFTER_SOURCE_REFRESH	tbl1.pak	0x016842FD	Event Coin	活动硬币
# DISABLED_DUPLICATE_AFTER_SOURCE_REFRESH	tbl1.pak	0x0168496B	Mysterious Liquid A	神秘液体A
# DISABLED_DUPLICATE_AFTER_SOURCE_REFRESH	tbl1.pak	0x01684A01	Mysterious Liquid B	神秘液体B
# DISABLED_DUPLICATE_AFTER_SOURCE_REFRESH	tbl1.pak	0x01684A9B	Mysterious Liquid C	神秘液体C
# DISABLED_DUPLICATE_AFTER_SOURCE_REFRESH	tbl1.pak	0x01684B37	Mysterious Liquid D	神秘液体D
# DISABLED_DUPLICATE_AFTER_SOURCE_REFRESH	tbl1.pak	0x01684BD1	Mysterious Tool	神秘工具
# TAIWAN_OVERLAP_DISABLED_20260608	translation_in_taiwan_item_tables	refs=table_text_all_data.rdf:3:111600250:0
# tbl1.pak	0x01684F41	Halloween Set Coupon	万圣节套装券
# DISABLED_DUPLICATE_AFTER_SOURCE_REFRESH	tbl1.pak	0x016851C1	EV Event Coin	EV活动硬币
tbl1.pak	0x016856A3	Popo Chest Coupon	波波胸甲券
# DISABLED_DUPLICATE_AFTER_SOURCE_REFRESH	tbl1.pak	0x01686565	Weapon Upgrade Stone U75	武器升级石U75
tbl1.pak	0x016868DF	Advanced Weapon Upgrade Stone U80	高级武器升级石U80
tbl1.pak	0x01686B33	White Stone U80	白色石U80
tbl1.pak	0x0168806B	Android 18 Set 1	人造人18套装1
tbl1.pak	0x0168810D	Android 18 Set 2	人造人18套装2
tbl1.pak	0x016881AF	Android 18 Set 3	人造人18套装3
tbl1.pak	*	QArrogant Rabbit Boss clothing made\nthrough the Martial Artist clothing material.	QArrogant Rabbit Boss clothing made\nthrough the 武道家 clothing material.
# DISABLED_DUPLICATE_AFTER_SOURCE_REFRESH	tbl1.pak	0x01689A37	QArrogant Rabbit Boss clothing made\nthrough the Martial Artist clothing material.	QArrogant Rabbit Boss clothing made\nthrough the 武道家 clothing material.
# DISABLED_DUPLICATE_AFTER_SOURCE_REFRESH	tbl1.pak	0x01689B21	QArrogant Rabbit Boss clothing made\nthrough the Martial Artist clothing material.	QArrogant Rabbit Boss clothing made\nthrough the 武道家 clothing material.
tbl1.pak	0x0168DE19	Ancient Dragon Ball Outfit A	古代龙珠套装A
tbl1.pak	0x0168DF25	Ancient Dragon Ball Outfit B	古代龙珠套装B
tbl1.pak	0x0168E271	Ancient Soldier's Outfit A	古代士兵的套装A
tbl1.pak	0x0168E341	Ancient Soldier's Outfit B	古代士兵的套装B
# TAIWAN_OVERLAP_DISABLED_20260608	same_source_translation_in_taiwan_rdf	refs=table_text_all_data.rdf:3:111702910:0
# tbl1.pak	0x01692E35	Piccolo Outfit	比克套装
# TAIWAN_OVERLAP_DISABLED_20260608	same_source_translation_in_taiwan_rdf	refs=table_text_all_data.rdf:3:111702930:0
# tbl1.pak	0x01692F6B	Human Outfit	人类套装
# TAIWAN_OVERLAP_DISABLED_20260608	same_source_translation_in_taiwan_rdf	refs=table_text_all_data.rdf:3:111702940:0
# tbl1.pak	0x01692FBB	Namek Outfit	那美克套装
# TAIWAN_OVERLAP_DISABLED_20260608	same_source_translation_in_taiwan_rdf	refs=table_text_all_data.rdf:3:111702950:0
# tbl1.pak	0x01693011	Majin Outfit	魔人套装
tbl1.pak	0x01693251	Skilled Martial Artist Outfit	Skilled 武道家 Outfit
tbl1.pak	0x01693291	This Outfit were worn by a Very\n Well Skilled Martial Artist	This Outfit were worn by a Very\n Well Skilled 武道家
tbl1.pak	0x01693657	Fairy King Wings	仙女王翅膀
# TAIWAN_OVERLAP_DISABLED_20260608	translation_in_taiwan_item_tables	refs=table_text_all_data.rdf:3:111703240:0
# tbl1.pak	0x01693C25	Namek Warrior	那美克战士
tbl1.pak	0x0169404D	Buu Costume	布欧服装
tbl1.pak	0x016940A9	Xeno Goku Outfit	异次元孙悟空套装
# TAIWAN_OVERLAP_DISABLED_20260608	translation_in_taiwan_item_tables	refs=table_text_all_data.rdf:3:111703430:0
# tbl1.pak	0x0169404D	Bardock Hair	巴达克发型
# TAIWAN_OVERLAP_DISABLED_20260608	translation_in_taiwan_item_tables	refs=table_text_all_data.rdf:3:111703440:0
# tbl1.pak	0x01694077	Human Hair-01	人类发型-01
# TAIWAN_OVERLAP_DISABLED_20260608	translation_in_taiwan_item_tables	refs=table_text_all_data.rdf:3:111703450:0
# tbl1.pak	0x016940D1	Human Hair-02	人类发型-02
# TAIWAN_OVERLAP_DISABLED_20260608	translation_in_taiwan_item_tables	refs=table_text_all_data.rdf:3:111703460:0
# tbl1.pak	0x0169412B	Human Hair-03	人类发型-03
# TAIWAN_OVERLAP_DISABLED_20260608	translation_in_taiwan_item_tables	refs=table_text_all_data.rdf:3:111703470:0
# tbl1.pak	0x01694185	Human Hair-04	人类发型-04
# TAIWAN_OVERLAP_DISABLED_20260608	translation_in_taiwan_item_tables	refs=table_text_all_data.rdf:3:111703480:0
# tbl1.pak	0x016941DF	Human Hair-05	人类发型-05
# TAIWAN_OVERLAP_DISABLED_20260608	translation_in_taiwan_item_tables	refs=table_text_all_data.rdf:3:111703490:0
# tbl1.pak	0x01694239	Human Hair-06	人类发型-06
# TAIWAN_OVERLAP_DISABLED_20260608	translation_in_taiwan_item_tables	refs=table_text_all_data.rdf:3:111703500:0
# tbl1.pak	0x01694293	Human Hair-07	人类发型-07
# TAIWAN_OVERLAP_DISABLED_20260608	translation_in_taiwan_item_tables	refs=table_text_all_data.rdf:3:111703510:0
# tbl1.pak	0x016942ED	Human Hair-08	人类发型-08
tbl1.pak	0x016943F3	Human Hair-9	人类发型-9
# TAIWAN_OVERLAP_DISABLED_20260608	translation_in_taiwan_item_tables	refs=table_text_all_data.rdf:3:111703530:0
# tbl1.pak	0x0169439F	Human Hair-10	人类发型-10
tbl1.pak	0x016944A5	Human Hair Super Saiyan-01	人类发型超级赛亚人-01
tbl1.pak	0x01694519	Human Hair Super Saiyan-02	人类发型超级赛亚人-02
tbl1.pak	0x0169458D	Human Hair Super Saiyan-03	人类发型超级赛亚人-03
tbl1.pak	0x01694601	Human Hair Super Saiyan-04	人类发型超级赛亚人-04
tbl1.pak	0x01694675	Human Hair Super Saiyan-05	人类发型超级赛亚人-05
tbl1.pak	0x016946E9	Human Hair Super Saiyan-06	人类发型超级赛亚人-06
tbl1.pak	0x0169475D	Human Hair Super Saiyan-07	人类发型超级赛亚人-07
tbl1.pak	0x016947D1	Human Hair Super Saiyan-08	人类发型超级赛亚人-08
tbl1.pak	0x01694845	Human Hair Super Saiyan-09	人类发型超级赛亚人-09
tbl1.pak	0x016948B9	Human Hair Super Saiyan-10	人类发型超级赛亚人-10
# TAIWAN_OVERLAP_DISABLED_20260608	translation_in_taiwan_item_tables	refs=table_text_all_data.rdf:3:111703640:0
# tbl1.pak	0x01694881	Namekian Hair-01	那美克星人发型-01
# TAIWAN_OVERLAP_DISABLED_20260608	translation_in_taiwan_item_tables	refs=table_text_all_data.rdf:3:111703650:0
# tbl1.pak	0x016948E1	Namekian Hair-02	那美克星人发型-02
# TAIWAN_OVERLAP_DISABLED_20260608	translation_in_taiwan_item_tables	refs=table_text_all_data.rdf:3:111703660:0
# tbl1.pak	0x01694941	Namekian Hair-03	那美克星人发型-03
# TAIWAN_OVERLAP_DISABLED_20260608	translation_in_taiwan_item_tables	refs=table_text_all_data.rdf:3:111703670:0
# tbl1.pak	0x016949A1	Namekian Hair-04	那美克星人发型-04
# TAIWAN_OVERLAP_DISABLED_20260608	translation_in_taiwan_item_tables	refs=table_text_all_data.rdf:3:111703680:0
# tbl1.pak	0x01694A01	Namekian Hair-05	那美克星人发型-05
# TAIWAN_OVERLAP_DISABLED_20260608	translation_in_taiwan_item_tables	refs=table_text_all_data.rdf:3:111703690:0
# tbl1.pak	0x01694A61	Namekian Hair-06	那美克星人发型-06
# TAIWAN_OVERLAP_DISABLED_20260608	translation_in_taiwan_item_tables	refs=table_text_all_data.rdf:3:111703700:0
# tbl1.pak	0x01694AC1	Namekian Hair-07	那美克星人发型-07
# TAIWAN_OVERLAP_DISABLED_20260608	translation_in_taiwan_item_tables	refs=table_text_all_data.rdf:3:111703710:0
# tbl1.pak	0x01694B21	Namekian Hair-08	那美克星人发型-08
# TAIWAN_OVERLAP_DISABLED_20260608	translation_in_taiwan_item_tables	refs=table_text_all_data.rdf:3:111703720:0
# tbl1.pak	0x01694B81	Namekian Hair-09	那美克星人发型-09
# TAIWAN_OVERLAP_DISABLED_20260608	translation_in_taiwan_item_tables	refs=table_text_all_data.rdf:3:111703730:0
# tbl1.pak	0x01694BE1	Namekian Hair-10	那美克星人发型-10
# TAIWAN_OVERLAP_DISABLED_20260608	translation_in_taiwan_item_tables	refs=table_text_all_data.rdf:3:111703740:0
# tbl1.pak	0x01694C41	Majin Hair-01	魔人发型-01
# TAIWAN_OVERLAP_DISABLED_20260608	translation_in_taiwan_item_tables	refs=table_text_all_data.rdf:3:111703750:0
# tbl1.pak	0x01694C9B	Majin Hair-02	魔人发型-02
# TAIWAN_OVERLAP_DISABLED_20260608	translation_in_taiwan_item_tables	refs=table_text_all_data.rdf:3:111703760:0
# tbl1.pak	0x01694CF5	Majin Hair-03	魔人发型-03
# TAIWAN_OVERLAP_DISABLED_20260608	translation_in_taiwan_item_tables	refs=table_text_all_data.rdf:3:111703770:0
# tbl1.pak	0x01694D4F	Majin Hair-04	魔人发型-04
# TAIWAN_OVERLAP_DISABLED_20260608	translation_in_taiwan_item_tables	refs=table_text_all_data.rdf:3:111703780:0
# tbl1.pak	0x01694DA9	Majin Hair-05	魔人发型-05
# TAIWAN_OVERLAP_DISABLED_20260608	translation_in_taiwan_item_tables	refs=table_text_all_data.rdf:3:111703790:0
# tbl1.pak	0x01694E03	Majin Hair-06	魔人发型-06
# TAIWAN_OVERLAP_DISABLED_20260608	translation_in_taiwan_item_tables	refs=table_text_all_data.rdf:3:111703800:0
# tbl1.pak	0x01694E5D	Majin Hair-07	魔人发型-07
# TAIWAN_OVERLAP_DISABLED_20260608	translation_in_taiwan_item_tables	refs=table_text_all_data.rdf:3:111703810:0
# tbl1.pak	0x01694EB7	Majin Hair-08	魔人发型-08
# TAIWAN_OVERLAP_DISABLED_20260608	translation_in_taiwan_item_tables	refs=table_text_all_data.rdf:3:111703820:0
# tbl1.pak	0x01694F11	Majin Hair-09	魔人发型-09
# TAIWAN_OVERLAP_DISABLED_20260608	translation_in_taiwan_item_tables	refs=table_text_all_data.rdf:3:111703830:0
# tbl1.pak	0x01694F6B	Majin Hair-10	魔人发型-10
tbl1.pak	0x01695251	Soul King Title	灵魂王称号
tbl1.pak	0x016952B7	Strong Soul Title	强力灵魂称号
tbl1.pak	0x0169545F	Broly Outfit	布罗利套装
# DISABLED_DUPLICATE_AFTER_SOURCE_REFRESH	tbl1.pak	0x01696D09	Legendary Super Saiyan Title	传说超级赛亚人称号
# TAIWAN_OVERLAP_DISABLED_20260608	translation_in_taiwan_item_tables	refs=table_text_all_data.rdf:3:111705310:0
# tbl1.pak	0x01696D53	Pure Evil	纯粹邪恶
# TAIWAN_OVERLAP_DISABLED_20260608	translation_in_taiwan_item_tables	refs=table_text_all_data.rdf:3:111705330:0
# tbl1.pak	0x01696DA5	Time Chamber Buff	精神时光屋增益
tbl1.pak	0x01697089	Demon Dragon Wings	恶魔龙翅膀
tbl1.pak	0x01697255	Majin Buu Outfit	魔人布欧套装
tbl1.pak	0x01697429	Whitebeard's Outfit	白胡子的套装
tbl1.pak	0x01697601	Epic Weapon Upgrade Stone U75	史诗武器升级石U75
tbl1.pak	0x01697C43	Nappa's Saiyan Outfit	那巴的赛亚人套装
# TAIWAN_OVERLAP_DISABLED_20260608	translation_in_taiwan_item_tables	refs=table_text_all_data.rdf:3:111705640:0
# tbl1.pak	0x01697FD7	GM Weapon Upgrade Stone	GM武器升级石
tbl1.pak	0x016985DB	Whitebeard's Hat	白胡子的帽子
tbl1.pak	0x01698679	Whitebeard's Staff	白胡子的杖
tbl1.pak	0x0169871B	Fairy Speed Wings	仙女速度翅膀
tbl1.pak	0x016987BB	Black Axe Transmog	黑色斧幻化
tbl1.pak	0x01698AD5	Beerus Outfit	比鲁斯套装
tbl1.pak	0x01698B41	Goku Black Outfit	孙悟空黑色套装
tbl1.pak	0x016990BF	Shenron Wings (Golden)	神龙翅膀(黄金)
tbl1.pak	0x016996B3	Vegeta Buu's Outfit	贝吉塔布欧的套装
tbl1.pak	0x01699AF1	Pride Outfit	骄傲套装
tbl1.pak	0x01699CC5	Popo Ring LV11	波波戒指Lv11
tbl1.pak	0x01699D45	Popo Earring LV11	波波耳环Lv11
tbl1.pak	0x01699DCB	Popo Necklace LV11	波波项链Lv11
tbl1.pak	0x01699E53	Popo Ring LV21	波波戒指Lv21
tbl1.pak	0x01699ED3	Popo Earring LV21	波波耳环Lv21
tbl1.pak	0x01699F59	Popo Necklace LV21	波波项链Lv21
tbl1.pak	0x01699FE1	Popo Ring LV30	波波戒指Lv30
tbl1.pak	0x0169A061	Popo Earring LV30	波波耳环Lv30
tbl1.pak	0x0169A0E7	Popo Necklace LV30	波波项链Lv30
tbl1.pak	0x0169A16F	Popo Ring LV38	波波戒指Lv38
tbl1.pak	0x0169A1EF	Popo Earring LV38	波波耳环Lv38
tbl1.pak	0x0169A275	Popo Necklace LV38	波波项链Lv38
# DISABLED_DUPLICATE_AFTER_SOURCE_REFRESH	tbl1.pak	0x0169B45D	Mysterious Warrior Mask	神秘战士面具
tbl1.pak	0x0169E3B9	CC Red Outfit	CC红色套装
tbl1.pak	0x0169E40D	CC Yellow Outfit	CC黄色套装
tbl1.pak	0x0169E433	CC Blue Outfit	CC蓝色套装
tbl1.pak	0x0169E455	CC White Outfit	CC白色套装
tbl1.pak	0x0169E4F3	CC New Outfit	CC新套装
tbl1.pak	0x0169E513	CC Purple Outfit	CC紫色套装
tbl1.pak	0x0169E71D	Warrior's Outfit(type A)	那美克战士的套装(A型)
tbl1.pak	0x0169E75B	Warrior's Outfit(type B)	那美克战士的套装(B型)
# DISABLED_DUPLICATE_AFTER_SOURCE_REFRESH	tbl1.pak	0x0169EB47	Manufacturing Extract 02	制造萃取物02
# DISABLED_DUPLICATE_AFTER_SOURCE_REFRESH	tbl1.pak	0x0169EBB3	Special Parts 02	特殊零件02
# DISABLED_DUPLICATE_AFTER_SOURCE_REFRESH	tbl1.pak	0x0169EC5F	Legendary Gem 02	传说宝石02
# DISABLED_DUPLICATE_AFTER_SOURCE_REFRESH	tbl1.pak	0x016A05E7	UD Coin	UD硬币
tbl1.pak	0x016A08BF	Epic Weapon Upgrade Stone U70	史诗武器升级石U70
tbl1.pak	0x016A0CE3	Vegeta Outfit (Super)	贝吉塔套装(超级)
tbl1.pak	0x016A0D13	Goku Outfit (Super)	孙悟空套装(超级)
# DISABLED_DUPLICATE_AFTER_SOURCE_REFRESH	tbl1.pak	0x016A0D11	Manufacturing Extract 03	制造萃取物03
# DISABLED_DUPLICATE_AFTER_SOURCE_REFRESH	tbl1.pak	0x016A0D7D	Special Parts 03	特殊零件03
# DISABLED_DUPLICATE_AFTER_SOURCE_REFRESH	tbl1.pak	0x016A0E29	Legendary Gem 03	传说宝石03
tbl1.pak	0x016A13BF	Octopus Earring	章鱼耳环
tbl1.pak	0x016A1473	Octopus Necklace	章鱼项链
# DISABLED_DUPLICATE_AFTER_SOURCE_REFRESH	tbl1.pak	0x016AA7C7	Manufacturing Extract 04	制造萃取物04
# DISABLED_DUPLICATE_AFTER_SOURCE_REFRESH	tbl1.pak	0x016AA833	Special Parts 04	特殊零件04
# DISABLED_DUPLICATE_AFTER_SOURCE_REFRESH	tbl1.pak	0x016AA8DF	Legendary Gem 04	传说宝石04
# DISABLED_DUPLICATE_AFTER_SOURCE_REFRESH	tbl1.pak	0x016AC037	Manufacturing Extract 05	制造萃取物05
# DISABLED_DUPLICATE_AFTER_SOURCE_REFRESH	tbl1.pak	0x016AC0A3	Special Parts 05	特殊零件05
# DISABLED_DUPLICATE_AFTER_SOURCE_REFRESH	tbl1.pak	0x016AC14F	Legendary Gem 05	传说宝石05
tbl1.pak	0x016ACD0D	Z-Scouter	Z-探测器
# DISABLED_DUPLICATE_AFTER_SOURCE_REFRESH	tbl1.pak	0x016ACCFF	Power Scouter	力量探测器
tbl1.pak	0x016ACF69	Normal Scouter A	普通探测器A
tbl1.pak	0x016AD099	Normal Scouter B	普通探测器B
# DISABLED_DUPLICATE_AFTER_SOURCE_REFRESH	tbl1.pak	0x016ADC93	Crystal Scouter	水晶探测器
# DISABLED_DUPLICATE_AFTER_SOURCE_REFRESH	tbl1.pak	0x016ADD1D	Diamond Scouter	钻石探测器
# DISABLED_DUPLICATE_AFTER_SOURCE_REFRESH	tbl1.pak	0x016AE145	Manufacturing Extract 06	制造萃取物06
# DISABLED_DUPLICATE_AFTER_SOURCE_REFRESH	tbl1.pak	0x016AE1B1	Special Parts 06	特殊零件06
# DISABLED_DUPLICATE_AFTER_SOURCE_REFRESH	tbl1.pak	0x016AE25D	Legendary Gem 06	传说宝石06
# DISABLED_DUPLICATE_AFTER_SOURCE_REFRESH	tbl1.pak	0x016AE42B	Manufacturing Extract 07	制造萃取物07
# DISABLED_DUPLICATE_AFTER_SOURCE_REFRESH	tbl1.pak	0x016AE497	Special Parts 07	特殊零件07
# DISABLED_DUPLICATE_AFTER_SOURCE_REFRESH	tbl1.pak	0x016AE543	Legendary Gem 07	传说宝石07
tbl1.pak	0x016AE65B	Manufacturing Extract 08	制造萃取物08
tbl1.pak	0x016AE6C7	Special Parts 08	特殊零件08
tbl1.pak	0x016AE773	Legendary Gem 08	传说宝石08
tbl1.pak	0x016AE925	Manufacturing Extract 09	制造萃取物09
tbl1.pak	0x016AE991	Special Parts 09	特殊零件09
tbl1.pak	0x016AEA3D	Legendary Gem 09	传说宝石09
tbl1.pak	0x016AF807	Legendary Super Saiyan Martial	传说超级赛亚人武道家
tbl1.pak	0x016AF855	Legendary Super Saiyan Spiritualist	传说超级赛亚人气功师
tbl1.pak	0x016AF8E1	Ultra Ego Spiritualist	Ultra Ego 气功师
tbl1.pak	0x016AF961	Kamicollo-Sama Dragon Clan	Kamicollo-Sama 那美克龙族
tbl1.pak	0x016AF9E1	Saiyan Beast Spiritualist	Saiyan Beast 气功师
tbl1.pak	0x016AFA7B	(Super Saiyan Blue Evolution Spiritualist	(Super Saiyan Blue Evolution 气功师
tbl1.pak	*	Super Saiyan Blue Spiritualist	超级赛亚人蓝气功师
tbl1.pak	0x016AFB2D	Fake Super Saiyan Spiritualist	Fake Super Saiyan 气功师
tbl1.pak	0x016AFC45	Super Saiyan 2 Martial	超级赛亚人2武道家
tbl1.pak	0x016AFC83	Super Saiyan 2 Spiritualist	超级赛亚人2气功师
tbl1.pak	0x016AFCCB	Super Saiyan Blue Martial	超级赛亚人蓝武道家
# DISABLED_DUPLICATE_AFTER_SOURCE_REFRESH	tbl1.pak	0x016AFC63	Super Saiyan Blue Spiritualist	超级赛亚人蓝气功师
tbl1.pak	0x016AFDCF	Super Saiyan 4 Spiritualist	超级赛亚人4气功师
tbl1.pak	0x016AFE41	Super Saiyan 4 Martial	超级赛亚人4武道家
tbl1.pak	0x016AFF19	Spiritualist SSRose	气功师 SSRose
tbl1.pak	0x016B07AF	Natsu Hair	纳兹发型
tbl1.pak	0x016B119D	Special Shadow Part	特殊暗影零件
tbl1.pak	0x016B124F	Manufacturing Extract Shadow	制造萃取物暗影
tbl1.pak	0x016B128D	Shadow Star Material	暗影星材料
tbl1.pak	0x016B12FD	Shadow Steel	暗影钢
tbl1.pak	0x016B3599	Ruby Box	红宝石盒
tbl1.pak	0x016B3903	UD 1 Coin	UD1硬币
tbl1.pak	0x016B3967	UD 2 Coin	UD2硬币
tbl1.pak	0x016B39CB	UD 3 Coin	UD3硬币
tbl1.pak	0x016B3A2F	Shadow Coin	暗影硬币
tbl1.pak	0x016B48AD	BID Bardock Coin	BID巴达克硬币
# DISABLED_DUPLICATE_AFTER_SOURCE_REFRESH	tbl1.pak	0x016B4905	Bardock Pet	巴达克宠物
tbl1.pak	0x016B4A1D	Bardock Pet (Super Saiyan)	巴达克宠物(超级赛亚人)
tbl1.pak	0x016B4AA7	Bardock Pet (Super Saiyan 3)	巴达克宠物(超级赛亚人3)
tbl1.pak	0x016B563D	Weapon Downgrade Stone U85	武器降级石U85
tbl1.pak	0x016B5D61	Moro Coin	摩罗硬币
# DISABLED_DUPLICATE_AFTER_SOURCE_REFRESH	tbl1.pak	0x016B5F49	Android 18	人造人18
tbl1.pak	0x016B8C75	(Martial) Potion Super Saiyan LegendaryS	(武道家) Potion Super Saiyan LegendaryS
# DISABLED_DUPLICATE_AFTER_SOURCE_REFRESH	tbl1.pak	0x016B8CB1	(Spiritualist) Potion Super Saiyan 1	(气功师)超级赛亚人1药水
tbl1.pak	0x016B8F9F	(Spiritualist) Potion Super Saiyan LegendaryS	(气功师) Potion Super Saiyan LegendaryS
tbl1.pak	0x016B91F1	(Dragon) Potion Great Namek	(龙族)巨大那美克药水
tbl1.pak	0x016B922D	(Dragon) Potion Kamiccolo	(龙族)卡米克洛药水
tbl1.pak	0x016B9265	(Dragon) Potion Dark Namek	(龙族)黑暗那美克药水
tbl1.pak	0x016B929F	(Dragon) Potion Great Orange	(龙族) Potion Great Orange
tbl1.pak	0x016B92DD	(Dragon) Potion Orange	(龙族) Potion Orange
tbl1.pak	0x016B930F	(Dragon) Potion Muscle Orange	(龙族) Potion Muscle Orange
tbl1.pak	0x016B934F	(Dragon) Potion Imperator	(龙族)帝王药水
tbl1.pak	0x016B9387	(Might) Potion Pure Majin	(大魔人)纯粹魔人药水
tbl1.pak	0x016B93BF	(Might) Potion Unleashed Potential	(大魔人) Potion Unleashed Potential
tbl1.pak	0x016B9409	(Might) Potion Super Boo	(大魔人)超级布欧药水
tbl1.pak	0x016B943F	(Might) Potion Bootenks	(大魔人)布欧悟天克斯药水
tbl1.pak	0x016B9473	(Might) Potion Buuhan	(大魔人)布欧悟饭药水
tbl1.pak	0x016B94A3	(Might) Potion SS3	(大魔人)超级赛亚人3药水
tbl1.pak	0x016B94CD	(Might) Potion Xeno	(大魔人)异次元药水
tbl1.pak	0x016B94F9	(Wonder) Potion Pure Majin	(意魔人)纯粹魔人药水
tbl1.pak	0x016B9533	(Wonder) Potion Unleashed Potential	(意魔人) Potion Unleashed Potential
tbl1.pak	0x016B957F	(Wonder) Potion Super Boo	(意魔人)超级布欧药水
tbl1.pak	0x016B95B7	(Wonder) Potion Bootenks	(意魔人)布欧悟天克斯药水
tbl1.pak	0x016B95ED	(Wonder) Potion Buuhan	(意魔人)布欧悟饭药水
tbl1.pak	0x016B961F	(Wonder) Potion SS3	(意魔人)超级赛亚人3药水
tbl1.pak	0x016B964B	(Wonder) Potion Xeno	(意魔人)异次元药水
tbl1.pak	0x016BE855	(Martial) (7 days) Super Saiyan LegendaryS	(武道家) (7 days) Super Saiyan LegendaryS
# DISABLED_DUPLICATE_AFTER_SOURCE_REFRESH	tbl1.pak	0x016BE89D	(Spiritualist) (7 days) Super Saiyan 1	(气功师)(7天)超级赛亚人1
tbl1.pak	0x016BEE27	(Dragon) (7 days) Great Namek	(龙族) (7 days) Great Namek
tbl1.pak	0x016BEE67	(Dragon) (7 days) Kamiccolo	(龙族) (7 days) Kamiccolo
tbl1.pak	0x016BEEA3	(Dragon) (7 days) Dark Namek	(龙族) (7 days) Dark Namek
tbl1.pak	0x016BEEE1	(Dragon) (7 days) Great Orange	(龙族) (7 days) Great Orange
tbl1.pak	0x016BEF23	(Dragon) (7 days) Orange	(龙族) (7 days) Orange
tbl1.pak	0x016BEF59	(Dragon) (7 days) Muscle Orange	(龙族) (7 days) Muscle Orange
tbl1.pak	0x016BEF9D	(Dragon) (7 days) Imperator	(龙族) (7 days) Imperator
tbl1.pak	0x016BEFD9	(Might) (7 days) Pure Majin	(大魔人) (7 days) Pure Majin
tbl1.pak	0x016BF015	(Might) (7 days) Unleashed Potential	(大魔人) (7 days) Unleashed Potential
tbl1.pak	0x016BF063	(Might) (7 days) Super Boo	(大魔人) (7 days) Super Boo
tbl1.pak	0x016BF09D	(Might) (7 days) Bootenks	(大魔人) (7 days) Bootenks
tbl1.pak	0x016BF0D5	(Might) (7 days) Buuhan	(大魔人) (7 days) Buuhan
tbl1.pak	0x016BF109	(Might) (7 days) SS3	(大魔人) (7 days) SS3
tbl1.pak	0x016BF137	(Might) (7 days) Xeno	(大魔人) (7 days) Xeno
tbl1.pak	0x016BF167	(Wonder) (7 days) Pure Majin	(意魔人) (7 days) Pure Majin
tbl1.pak	0x016BF1A5	(Wonder) (7 days) Unleashed Potential	(意魔人) (7 days) Unleashed Potential
tbl1.pak	0x016BF1F5	(Wonder) (7 days) Super Boo	(意魔人) (7 days) Super Boo
tbl1.pak	0x016BF231	(Wonder) (7 days) Bootenks	(意魔人) (7 days) Bootenks
tbl1.pak	0x016BF26B	(Wonder) (7 days) Buuhan	(意魔人) (7 days) Buuhan
tbl1.pak	0x016BF2A1	(Wonder) (7 days) SS3	(意魔人) (7 days) SS3
tbl1.pak	0x016BF2D1	(Wonder) (7 days) Xeno	(意魔人) (7 days) Xeno
tbl1.pak	0x016C2A69	Vegeta Black Outfit	贝吉塔黑色套装
tbl1.pak	0x016C2B33	Super Box	超级盒
# DISABLED_DUPLICATE_AFTER_SOURCE_REFRESH	tbl1.pak	0x016CC7B1	Ultra Devil	极限魔鬼
# DISABLED_DUPLICATE_AFTER_SOURCE_REFRESH	tbl1.pak	0x016CD051	Iron Saibaman	铁栽培人
tbl1.pak	0x016CEEE9	Mushroom Gang Guard	蘑菇刚守卫
# DISABLED_DUPLICATE_AFTER_SOURCE_REFRESH	tbl1.pak	0x016CEDC9	Mushroom Gang Pilot	蘑菇刚驾驶员
# DISABLED_DUPLICATE_AFTER_SOURCE_REFRESH	tbl1.pak	0x016CF72D	Paella Robot	皮拉夫机器人
# DISABLED_DUPLICATE_AFTER_SOURCE_REFRESH	tbl1.pak	0x016CFEE3	Super Capsule Robot RP	超级胶囊机器人RP
tbl1.pak	0x016D02A5	Advanced Robot	高级机器人
# DISABLED_DUPLICATE_AFTER_SOURCE_REFRESH	tbl1.pak	0x016D0FAF	Red Captain	红色队长
tbl1.pak	0x016D2AC5	Ancient Shenron Chest	古代神龙胸甲
# DISABLED_DUPLICATE_AFTER_SOURCE_REFRESH	tbl1.pak	0x016D3D19	Field Saibaman	野外栽培人
# DISABLED_DUPLICATE_AFTER_SOURCE_REFRESH	tbl1.pak	0x016D3D7F	Light Saibaman	光栽培人
# DISABLED_DUPLICATE_AFTER_SOURCE_REFRESH	tbl1.pak	0x016D3DE5	Golden Saibaman	黄金栽培人
# DISABLED_DUPLICATE_AFTER_SOURCE_REFRESH	tbl1.pak	0x016D3E51	Golden Light Saibaman	黄金光栽培人
# DISABLED_DUPLICATE_AFTER_SOURCE_REFRESH	tbl1.pak	0x016D3EE1	Pure Golden Saibaman	纯粹黄金栽培人
# DISABLED_DUPLICATE_AFTER_SOURCE_REFRESH	tbl1.pak	0x016D5433	Metal Energy Pudding	金属气功布丁
# TAIWAN_DEEP_OVERLAP_DISABLED_20260608	translation_any_taiwan	refs=table_text_all_data.rdf:5:2311116:0;table_text_all_data.rdf:5:2311117:0;table_text_all_data.rdf:5:2311118:0
# tbl1.pak	0x016D730F	Water Lizard	水蜥蜴
# DISABLED_DUPLICATE_AFTER_SOURCE_REFRESH	tbl1.pak	0x016D785B	Rock Lizard	岩石蜥蜴
# DISABLED_DUPLICATE_AFTER_SOURCE_REFRESH	tbl1.pak	0x016D78AF	Ghost Rock Lizard	幽灵岩石蜥蜴
# DISABLED_DUPLICATE_AFTER_SOURCE_REFRESH	tbl1.pak	0x016D7CB9	Kiri Power Controller	基里力量控制器
# TAIWAN_DEEP_OVERLAP_DISABLED_20260608	translation_any_taiwan	refs=table_text_all_data.rdf:5:2612134:0;table_text_all_data.rdf:5:2612135:0;table_text_all_data.rdf:5:2612136:0;table_text_all_data.rdf:5:6011134:0;table_text_all_data.rdf:5:717621320:0
# tbl1.pak	0x016D8DB1	Battle Robot	战斗机器人
# DISABLED_DUPLICATE_AFTER_SOURCE_REFRESH	tbl1.pak	0x016D977B	Dodoria	多多利亚
# DISABLED_DUPLICATE_AFTER_SOURCE_REFRESH	tbl1.pak	0x016D982F	Brainwashed Dodoria	被洗脑多多利亚
# TAIWAN_DEEP_OVERLAP_DISABLED_20260608	translation_any_taiwan	refs=table_text_all_data.rdf:5:2841104:0;table_text_all_data.rdf:5:2841105:0
# tbl1.pak	0x016D9BCF	Beetle Egg	甲虫蛋
# DISABLED_DUPLICATE_AFTER_SOURCE_REFRESH	tbl1.pak	0x016D9C03	Eye of Darkness	达克妮斯的眼
# DISABLED_DUPLICATE_AFTER_SOURCE_REFRESH	tbl1.pak	0x016DA31D	Dark Eye	黑暗眼
# DISABLED_DUPLICATE_AFTER_SOURCE_REFRESH	tbl1.pak	0x016DA59B	Dragon Frog	龙青蛙
# DISABLED_DUPLICATE_AFTER_SOURCE_REFRESH	tbl1.pak	0x016DA6DF	King Dragon Frog	王龙青蛙
# DISABLED_DUPLICATE_AFTER_SOURCE_REFRESH	tbl1.pak	0x016DA8C5	Strong Dragon Frog	强力龙青蛙
# DISABLED_DUPLICATE_AFTER_SOURCE_REFRESH	tbl1.pak	0x016DA99D	RP Special Frog	RP特殊青蛙
# DISABLED_DUPLICATE_AFTER_SOURCE_REFRESH	tbl1.pak	0x016DAA8D	Rock Frog	岩石青蛙
# DISABLED_DUPLICATE_AFTER_SOURCE_REFRESH	tbl1.pak	0x016DAAD5	Water Frog	水青蛙
# DISABLED_DUPLICATE_AFTER_SOURCE_REFRESH	tbl1.pak	0x016DAB8F	Pet Frog	宠物青蛙
# DISABLED_DUPLICATE_AFTER_SOURCE_REFRESH	tbl1.pak	0x016DAC03	Brainwashed Frog	被洗脑青蛙
# DISABLED_DUPLICATE_AFTER_SOURCE_REFRESH	tbl1.pak	0x016DAC29	King Frog	王青蛙
# DISABLED_DUPLICATE_AFTER_SOURCE_REFRESH	tbl1.pak	0x016DAD85	Black Frog	黑色青蛙
# DISABLED_DUPLICATE_AFTER_SOURCE_REFRESH	tbl1.pak	0x016DB9D3	Brainwashed Ginyu Frog	被洗脑基纽青蛙
# TAIWAN_DEEP_OVERLAP_DISABLED_20260608	translation_any_taiwan	refs=table_text_all_data.rdf:5:3501101:0;table_text_all_data.rdf:5:3501102:0;table_text_all_data.rdf:5:3501103:0;table_text_all_data.rdf:5:3501152:0;table_text_all_data.rdf:5:3503137:0
# tbl1.pak	0x016DBAD5	Beetle	甲虫
# DISABLED_DUPLICATE_AFTER_SOURCE_REFRESH	tbl1.pak	0x016DBF95	Iron Beetle	铁甲虫
# DISABLED_DUPLICATE_AFTER_SOURCE_REFRESH	tbl1.pak	0x016DC26D	Brainwashed Beetle	被洗脑甲虫
# DISABLED_DUPLICATE_AFTER_SOURCE_REFRESH	tbl1.pak	0x016DCA31	Pure Majin Guard	纯粹魔人守卫
tbl1.pak	*	Delinquent Martial Artist	Delinquent 武道家
# DISABLED_DUPLICATE_AFTER_SOURCE_REFRESH	tbl1.pak	0x016DEDDF	Delinquent Martial Artist	Delinquent 武道家
# DISABLED_DUPLICATE_AFTER_SOURCE_REFRESH	tbl1.pak	0x016DEE17	Delinquent Martial Artist	Delinquent 武道家
tbl1.pak	*	Delinquent Spiritualist	Delinquent 气功师
# DISABLED_DUPLICATE_AFTER_SOURCE_REFRESH	tbl1.pak	0x016DEF01	Delinquent Spiritualist	Delinquent 气功师
# DISABLED_DUPLICATE_AFTER_SOURCE_REFRESH	tbl1.pak	0x016DEF35	Delinquent Spiritualist	Delinquent 气功师
# DISABLED_DUPLICATE_AFTER_SOURCE_REFRESH	tbl1.pak	0x016DFA0F	Zarbon	萨博
# DISABLED_DUPLICATE_AFTER_SOURCE_REFRESH	tbl1.pak	0x016E1667	Brainwashed Zarbon	被洗脑萨博
# DISABLED_DUPLICATE_AFTER_SOURCE_REFRESH	tbl1.pak	0x016E16E5	Android 9	人造人9
# DISABLED_DUPLICATE_AFTER_SOURCE_REFRESH	tbl1.pak	0x016E1763	Strong Brainwashed Zarbon	强力被洗脑萨博
# DISABLED_DUPLICATE_AFTER_SOURCE_REFRESH	tbl1.pak	0x016E182D	Android 19000 SP	人造人19000SP
tbl1.pak	0x016E1CE7	Android Soldier	人造人士兵
# DISABLED_DUPLICATE_AFTER_SOURCE_REFRESH	tbl1.pak	0x016E1F8D	Mira's Military Captain	米拉军队长
# DISABLED_DUPLICATE_AFTER_SOURCE_REFRESH	tbl1.pak	0x016E282D	Android 16	人造人16
# DISABLED_DUPLICATE_AFTER_SOURCE_REFRESH	tbl1.pak	0x016E48B1	Classic Kiri Scouter	经典基里探测器
tbl1.pak	0x016E52ED	Ancient Magic Dragon	古代魔法龙
# TAIWAN_DEEP_OVERLAP_DISABLED_20260608	translation_any_taiwan	refs=table_text_all_data.rdf:5:5211101:0;table_text_all_data.rdf:5:5211102:0;table_text_all_data.rdf:5:5211103:0
# tbl1.pak	0x016E5839	Fan Saibaman	扇栽培人
# TAIWAN_DEEP_OVERLAP_DISABLED_20260608	translation_any_taiwan	refs=table_text_all_data.rdf:5:5211110:0;table_text_all_data.rdf:5:5211111:0;table_text_all_data.rdf:5:5211112:0
# tbl1.pak	0x016E5893	Wind Saibaman	风栽培人
# DISABLED_DUPLICATE_AFTER_SOURCE_REFRESH	tbl1.pak	0x016E597D	Dark Fan Saibaman	黑暗扇栽培人
# DISABLED_DUPLICATE_AFTER_SOURCE_REFRESH	tbl1.pak	0x016E5A31	Big Fan Saibaman	大扇栽培人
# DISABLED_DUPLICATE_AFTER_SOURCE_REFRESH	tbl1.pak	0x016E5AA3	Giant Fan Saibaman	巨大扇栽培人
# DISABLED_DUPLICATE_AFTER_SOURCE_REFRESH	tbl1.pak	0x016E5B21	Head-Wind Saibaman	头-风栽培人
# DISABLED_DUPLICATE_AFTER_SOURCE_REFRESH	tbl1.pak	0x016E5CA1	King Fan Saibaman	王扇栽培人
# TAIWAN_DEEP_OVERLAP_DISABLED_20260608	translation_any_taiwan	refs=table_text_all_data.rdf:5:5213104:0;table_text_all_data.rdf:5:5213105:0;table_text_all_data.rdf:5:5213106:0
# tbl1.pak	0x016E5D19	Water Fan Saibaman	水扇栽培人
# DISABLED_DUPLICATE_AFTER_SOURCE_REFRESH	tbl1.pak	0x016E5F11	Needle-Fan Saibaman	针-扇栽培人
# DISABLED_DUPLICATE_AFTER_SOURCE_REFRESH	tbl1.pak	0x016E5F95	Brainwashed Fan Saibaman	被洗脑扇栽培人
# DISABLED_DUPLICATE_AFTER_SOURCE_REFRESH	tbl1.pak	0x016E6667	Helmet Soldier	头盔士兵
# DISABLED_DUPLICATE_AFTER_SOURCE_REFRESH	tbl1.pak	0x016E6AF9	Wild Helmet Fighter	狂野头盔战士
# DISABLED_DUPLICATE_AFTER_SOURCE_REFRESH	tbl1.pak	0x016E7C41	Helmet Defense Unit	头盔防御部队
# DISABLED_DUPLICATE_AFTER_SOURCE_REFRESH	tbl1.pak	0x016E8407	Helmet Military Engineer	头盔军用工程师
# DISABLED_DUPLICATE_AFTER_SOURCE_REFRESH	tbl1.pak	0x016E86FF	Helmet Scouter	头盔探测器
# DISABLED_DUPLICATE_AFTER_SOURCE_REFRESH	tbl1.pak	0x016E888B	Honor Guard	荣耀守卫
# DISABLED_DUPLICATE_AFTER_SOURCE_REFRESH	tbl1.pak	0x016E8F0B	Mushroom Gang Warrior	蘑菇刚战士
# DISABLED_DUPLICATE_AFTER_SOURCE_REFRESH	tbl1.pak	0x016EA14D	Sky Mushroom	天空蘑菇
# TAIWAN_DEEP_OVERLAP_DISABLED_20260608	translation_any_taiwan	refs=table_text_all_data.rdf:7:890978:0
# tbl1.pak	0x016EA95D	Dark Namekian	黑暗那美克星人
# DISABLED_DUPLICATE_AFTER_SOURCE_REFRESH	tbl1.pak	0x016EAAA7	Narak Devil Practitioner	那拉克魔鬼修行者
# DISABLED_DUPLICATE_AFTER_SOURCE_REFRESH	tbl1.pak	0x016EAB49	Narak Warrior	那拉克战士
tbl1.pak	0x016EACB5	Black Warrior	黑色战士
# TAIWAN_DEEP_OVERLAP_DISABLED_20260608	translation_any_taiwan	refs=table_text_all_data.rdf:5:5812307:0;table_text_all_data.rdf:5:5812308:0;table_text_all_data.rdf:5:5812309:0
# tbl1.pak	0x016EB6F3	Ancient Starfish Saibaman	古代海星栽培人
# DISABLED_DUPLICATE_AFTER_SOURCE_REFRESH	tbl1.pak	0x016EBC79	Time Breaker Saibaman	时空破坏者栽培人
# TAIWAN_DEEP_OVERLAP_DISABLED_20260608	translation_any_taiwan	refs=table_text_all_data.rdf:5:5871101:0;table_text_all_data.rdf:5:5871102:0;table_text_all_data.rdf:5:5871103:0
# tbl1.pak	0x016EC209	Narak Soldier	那拉克士兵
tbl1.pak	0x016EC487	Warrior of Chaos	混沌的那美克战士
tbl1.pak	0x016EC4D7	Narak Special Force	那拉克特殊力量
tbl1.pak	0x016EC63D	Dark Devil Warrior	黑暗魔鬼战士
# DISABLED_DUPLICATE_AFTER_SOURCE_REFRESH	tbl1.pak	0x016EC52B	Narak Defense Warrior	那拉克防御战士
# DISABLED_DUPLICATE_AFTER_SOURCE_REFRESH	tbl1.pak	0x016ED777	Robot Guard	机器人守卫
# DISABLED_DUPLICATE_AFTER_SOURCE_REFRESH	tbl1.pak	0x016EDEFD	Mushroom Robot	蘑菇机器人
# DISABLED_DUPLICATE_AFTER_SOURCE_REFRESH	tbl1.pak	0x016EE221	New Kiri Robot	新基里机器人
# DISABLED_DUPLICATE_AFTER_SOURCE_REFRESH	tbl1.pak	0x016EE651	Kiri-Robot	基里-机器人
# TAIWAN_DEEP_OVERLAP_DISABLED_20260608	translation_any_taiwan	refs=table_text_all_data.rdf:5:6013104:0;table_text_all_data.rdf:5:6013105:0;table_text_all_data.rdf:5:6013106:0
# tbl1.pak	0x016EE859	Ghost Robot	幽灵机器人
# DISABLED_DUPLICATE_AFTER_SOURCE_REFRESH	tbl1.pak	0x016EF305	Mole Cricket	鼹鼠蟋蟀
# DISABLED_DUPLICATE_AFTER_SOURCE_REFRESH	tbl1.pak	0x016EF48F	Drum Mole Cricket	鼓鼹鼠蟋蟀
# DISABLED_DUPLICATE_AFTER_SOURCE_REFRESH	tbl1.pak	0x016EF699	Great Mole Cricket	巨大鼹鼠蟋蟀
# DISABLED_DUPLICATE_AFTER_SOURCE_REFRESH	tbl1.pak	0x016EF795	Metal Mole Cricket	金属鼹鼠蟋蟀
# DISABLED_DUPLICATE_AFTER_SOURCE_REFRESH	tbl1.pak	0x016EF9EB	King Mole Cricket	王鼹鼠蟋蟀
# DISABLED_DUPLICATE_AFTER_SOURCE_REFRESH	tbl1.pak	0x016EFCA3	Chaos Mole Cricket	混沌鼹鼠蟋蟀
# DISABLED_DUPLICATE_AFTER_SOURCE_REFRESH	tbl1.pak	0x016EFF85	Star Mole Cricket	星鼹鼠蟋蟀
# DISABLED_DUPLICATE_AFTER_SOURCE_REFRESH	tbl1.pak	0x016F061F	Mushroom Mole Cricket	蘑菇鼹鼠蟋蟀
# DISABLED_DUPLICATE_AFTER_SOURCE_REFRESH	tbl1.pak	0x016F175D	Special Force	特殊力量
# DISABLED_DUPLICATE_AFTER_SOURCE_REFRESH	tbl1.pak	0x016F25D5	Helmet Supply Manager	头盔补给管理员
# DISABLED_DUPLICATE_AFTER_SOURCE_REFRESH	tbl1.pak	0x016F3FA7	Mushroom Gang Fighter	蘑菇刚战士
# DISABLED_DUPLICATE_AFTER_SOURCE_REFRESH	tbl1.pak	0x016F4031	Devil Dragon	魔鬼龙
# DISABLED_DUPLICATE_AFTER_SOURCE_REFRESH	tbl1.pak	0x016F40FD	Narak Devil Dragon	那拉克魔鬼龙
# DISABLED_DUPLICATE_AFTER_SOURCE_REFRESH	tbl1.pak	0x016F47ED	Weapon Master Robot	武器大师机器人
# TAIWAN_DEEP_OVERLAP_DISABLED_20260608	translation_any_taiwan	refs=table_text_all_data.rdf:5:6811128:0;table_text_all_data.rdf:5:6811129:0;table_text_all_data.rdf:5:6811130:0
# tbl1.pak	0x016F4C97	Original Saibaman	原始栽培人
# DISABLED_DUPLICATE_AFTER_SOURCE_REFRESH	tbl1.pak	0x016F5155	Advanced Original Saibaman	高级原始栽培人
# DISABLED_DUPLICATE_AFTER_SOURCE_REFRESH	tbl1.pak	0x016F576D	Tiger Saibaman	老虎栽培人
# DISABLED_DUPLICATE_AFTER_SOURCE_REFRESH	tbl1.pak	0x016F5FEF	Brainwashed Cui	被洗脑丘夷
# DISABLED_DUPLICATE_AFTER_SOURCE_REFRESH	tbl1.pak	0x016F622F	Suspicious Alien	可疑异星
# DISABLED_DUPLICATE_AFTER_SOURCE_REFRESH	tbl1.pak	0x016F9D71	Brainwashed Kiri Manager	被洗脑基里管理员
tbl1.pak	*	Guard Unit Warrior	守卫部队战士
# DISABLED_DUPLICATE_AFTER_SOURCE_REFRESH	tbl1.pak	0x016FA463	Guard Unit Warrior	守卫部队战士
# DISABLED_DUPLICATE_AFTER_SOURCE_REFRESH	tbl1.pak	0x016FA48D	Guard Unit Warrior	守卫部队战士
# DISABLED_DUPLICATE_AFTER_SOURCE_REFRESH	tbl1.pak	0x016FC991	Mira's Advanced Unit	米拉的高级部队
# DISABLED_DUPLICATE_AFTER_SOURCE_REFRESH	tbl1.pak	0x016FCF33	Brainwashed Defense Unit	被洗脑防御部队
# DISABLED_DUPLICATE_AFTER_SOURCE_REFRESH	tbl1.pak	0x016FD0AD	Recoome	利库姆
# DISABLED_DUPLICATE_AFTER_SOURCE_REFRESH	tbl1.pak	0x016FD125	Brainwashed Recoome	被洗脑利库姆
# TAIWAN_DEEP_OVERLAP_DISABLED_20260608	translation_any_taiwan	refs=table_text_all_data.rdf:13:10012:0;table_text_all_data.rdf:5:17311101:0;table_text_all_data.rdf:5:7311101:0;table_text_all_data.rdf:5:7311102:0;table_text_all_data.rdf:5:7311103:0;table_text_all_data.rdf:5:7311104:0
# tbl1.pak	0x016FE0A9	Saibaman	栽培人
# DISABLED_DUPLICATE_AFTER_SOURCE_REFRESH	tbl1.pak	0x016FE12B	Special Force Saibaman	特殊力量栽培人
# DISABLED_DUPLICATE_AFTER_SOURCE_REFRESH	tbl1.pak	0x016FE15D	Shadow Saibaman	暗影栽培人
# DISABLED_DUPLICATE_AFTER_SOURCE_REFRESH	tbl1.pak	0x016FE1C9	Evil Saibaman	邪恶栽培人
# DISABLED_DUPLICATE_AFTER_SOURCE_REFRESH	tbl1.pak	0x016FE229	Brainwashed Saibaman	被洗脑栽培人
tbl1.pak	*	Martial Artist Examiner	武道家 Examiner
# DISABLED_DUPLICATE_AFTER_SOURCE_REFRESH	tbl1.pak	0x016FE9F3	Martial Artist Examiner	武道家 Examiner
# DISABLED_DUPLICATE_AFTER_SOURCE_REFRESH	tbl1.pak	0x016FEA27	Martial Artist Examiner	武道家 Examiner
tbl1.pak	0x016FF461	M - Boss Robot	M-首领机器人
# DISABLED_DUPLICATE_AFTER_SOURCE_REFRESH	tbl1.pak	0x016FF337	Mira Military Robot	米拉军用机器人
tbl1.pak	0x016FF74D	M - Dark Robot	M-黑暗机器人
# DISABLED_DUPLICATE_AFTER_SOURCE_REFRESH	tbl1.pak	0x016FF6FD	Mira's Army Fighter	米拉军战士
tbl1.pak	0x016FF875	M - Combat Robot	M-战斗机器人
# DISABLED_DUPLICATE_AFTER_SOURCE_REFRESH	tbl1.pak	0x01700113	Big Evil	大邪恶
# DISABLED_DUPLICATE_AFTER_SOURCE_REFRESH	tbl1.pak	0x01700485	Evil Spirit	邪恶精神
# DISABLED_DUPLICATE_AFTER_SOURCE_REFRESH	tbl1.pak	0x017004D9	Big Evil Spirit	大邪恶精神
# DISABLED_DUPLICATE_AFTER_SOURCE_REFRESH	tbl1.pak	0x017006E9	Sparkling Spirit	闪耀精神
# DISABLED_DUPLICATE_AFTER_SOURCE_REFRESH	tbl1.pak	0x017015D1	Mushroom Saibaman	蘑菇栽培人
# DISABLED_DUPLICATE_AFTER_SOURCE_REFRESH	tbl1.pak	0x01701717	Needle Saibaman	针栽培人
# DISABLED_DUPLICATE_AFTER_SOURCE_REFRESH	tbl1.pak	0x01701A89	Great Needle Saibaman	巨大针栽培人
# DISABLED_DUPLICATE_AFTER_SOURCE_REFRESH	tbl1.pak	0x01701B19	Hot Needle Saibaman	火辣针栽培人
# DISABLED_DUPLICATE_AFTER_SOURCE_REFRESH	tbl1.pak	0x01703943	Mushroom Gang General	蘑菇刚将军
# DISABLED_DUPLICATE_AFTER_SOURCE_REFRESH	tbl1.pak	0x01703B45	Mushroom Gang Captain	蘑菇刚队长
# DISABLED_DUPLICATE_AFTER_SOURCE_REFRESH	tbl1.pak	0x01703D6F	Bomb Guard Soldier	炸弹守卫士兵
# DISABLED_DUPLICATE_AFTER_SOURCE_REFRESH	tbl1.pak	0x017040A1	Practitioner Saibaman	修行者栽培人
# DISABLED_DUPLICATE_AFTER_SOURCE_REFRESH	tbl1.pak	0x01704C0F	Wild Wolf	狂野狼
# DISABLED_DUPLICATE_AFTER_SOURCE_REFRESH	tbl1.pak	0x01704DF5	Korin Wolf	卡林狼
# DISABLED_DUPLICATE_AFTER_SOURCE_REFRESH	tbl1.pak	0x01704E43	Shadow Army Wolf	暗影军狼
# DISABLED_DUPLICATE_AFTER_SOURCE_REFRESH	tbl1.pak	0x01704F09	Brainwashed Mira Wolf	被洗脑米拉狼
# DISABLED_DUPLICATE_AFTER_SOURCE_REFRESH	tbl1.pak	0x0170546F	Dark Wolf	黑暗狼
tbl1.pak	0x01705BA3	White Gang Wolf	白色刚狼
# DISABLED_DUPLICATE_AFTER_SOURCE_REFRESH	tbl1.pak	0x0170753F	Guard Unit Bull	守卫部队公牛
# DISABLED_DUPLICATE_AFTER_SOURCE_REFRESH	tbl1.pak	0x01707DE3	Bull Guard	公牛守卫
# DISABLED_DUPLICATE_AFTER_SOURCE_REFRESH	tbl1.pak	0x017096B3	General Red	将军红色
tbl1.pak	0x01709A09	Majin Android	魔人人造人
tbl1.pak	0x0170A183	Giant Bomb	巨大炸弹
tbl1.pak	0x0170A54B	Pink Dragon	粉色龙
# DISABLED_DUPLICATE_AFTER_SOURCE_REFRESH	tbl1.pak	0x0170A46F	Popo's Chest	波波的胸甲
tbl1.pak	0x0170AD35	Black Space Cat	黑色空间猫
tbl1.pak	0x0170AD59	White Space Cat	白色空间猫
tbl1.pak	0x0170B33D	Combat Pure-Cell	战斗纯粹-沙鲁
tbl1.pak	0x0170B363	Spiritualist Cell	气功师沙鲁
tbl1.pak	0x0170B403	Soldier Cell	士兵沙鲁
# DISABLED_DUPLICATE_AFTER_SOURCE_REFRESH	tbl1.pak	0x0170B2D5	Cell-X	沙鲁-X
tbl1.pak	0x0170B49F	Ghost Lizard	幽灵蜥蜴
tbl1.pak	0x0170B4BD	Evil Lizard	邪恶蜥蜴
# DISABLED_DUPLICATE_AFTER_SOURCE_REFRESH	tbl1.pak	0x0170B3C7	Pure Majin-X	纯粹魔人-X
tbl1.pak	0x0170B6FB	Healing Egg	治疗蛋
# TAIWAN_DEEP_OVERLAP_DISABLED_20260608	translation_any_taiwan	refs=table_text_all_data.rdf:5:12841107:0;table_text_all_data.rdf:5:12841110:0;table_text_all_data.rdf:5:12841113:0;table_text_all_data.rdf:5:12841116:0;table_text_all_data.rdf:5:12841119:0;table_text_all_data.rdf:5:12841122:0
# tbl1.pak	0x0170B5E3	Machine Egg	机器蛋
# DISABLED_DUPLICATE_AFTER_SOURCE_REFRESH	tbl1.pak	0x0170B867	Demon Pirate	恶魔海盗
tbl1.pak	0x0170BC43	Ancient Dragon Frog	古代龙青蛙
tbl1.pak	0x0170C00D	Frieza Combat Robot	弗利萨战斗机器人
tbl1.pak	0x0170C209	Super Machine Gun	超级机器枪
tbl1.pak	0x0170C231	Supply Machine Gun	补给机器枪
tbl1.pak	0x0170C66B	Swordsman Stick	剑术家棍
tbl1.pak	0x0170CE6F	Daily Mushroom	每日蘑菇
tbl1.pak	*	Narak Spiritualist	那拉克气功师
# DISABLED_DUPLICATE_AFTER_SOURCE_REFRESH	tbl1.pak	0x0170CDCF	Narak Spiritualist	那拉克气功师
tbl1.pak	0x0170CF85	Evil Narak Warrior	邪恶那拉克战士
tbl1.pak	0x0170D0FF	Narak Giant Warrior	那拉克巨大战士
tbl1.pak	0x0170D239	Narak Dark Warrior	那拉克黑暗战士
# DISABLED_DUPLICATE_AFTER_SOURCE_REFRESH	tbl1.pak	0x0170D1E5	Narak Shadow Warrior	那拉克暗影战士
tbl1.pak	0x0170D3EF	Narak Guard	那拉克守卫
tbl1.pak	0x0170D49F	Narak Axe Warrior	那拉克斧战士
tbl1.pak	0x0170D6F1	Narak Secret Warrior	那拉克秘密战士
tbl1.pak	0x0170DA17	Narak Alchemist Master	那拉克炼金大师
tbl1.pak	0x0170DA7B	Narak Defense Unit	那拉克防御部队
tbl1.pak	0x0170DAA5	Narak Dark-Magic Master	那拉克黑暗-魔法大师
# DISABLED_DUPLICATE_AFTER_SOURCE_REFRESH	tbl1.pak	0x0170DB9B	Narak Combat Master	那拉克战斗大师
# DISABLED_DUPLICATE_AFTER_SOURCE_REFRESH	tbl1.pak	0x0170DBE9	Machine Octopus	机器章鱼
# DISABLED_DUPLICATE_AFTER_SOURCE_REFRESH	tbl1.pak	0x0170DC0D	Invincible Machine Octopus	无敌机器章鱼
# DISABLED_DUPLICATE_AFTER_SOURCE_REFRESH	tbl1.pak	0x0170E225	Pink Fairy	粉色仙女
tbl1.pak	0x0170E985	Bomb-King	炸弹-王
tbl1.pak	0x0170EA29	Head-Axe Saibaman	头-斧栽培人
# DISABLED_DUPLICATE_AFTER_SOURCE_REFRESH	tbl1.pak	0x0170E905	Giant Saibaman	巨大栽培人
tbl1.pak	0x0170EC1D	Brainwashed Mira's Manager	被洗脑米拉的管理员
tbl1.pak	0x0170EECF	Bomb Manager	炸弹管理员
tbl1.pak	0x0170F147	Saibaman Shadow	栽培人暗影
# DISABLED_DUPLICATE_AFTER_SOURCE_REFRESH	tbl1.pak	0x0170F06F	Saibaman Dragon	栽培人龙
# TAIWAN_DEEP_OVERLAP_DISABLED_20260608	translation_any_taiwan	refs=table_text_all_data.rdf:5:17771201:0
# tbl1.pak	0x0170F785	Mira's Army Treatment Robot	米拉军治疗机器人
# TAIWAN_DEEP_OVERLAP_DISABLED_20260608	translation_any_taiwan	refs=table_text_all_data.rdf:5:17773201:0
# tbl1.pak	0x0170F7C1	Mira's Army Supply Robot	米拉军补给机器人
tbl1.pak	0x0170FE0D	Frieza's Army Soldier	弗利萨军士兵
tbl1.pak	0x017103C7	Narak Dark Wolf	那拉克黑暗狼
# DISABLED_DUPLICATE_AFTER_SOURCE_REFRESH	tbl1.pak	0x01710345	Evil White Wolf	邪恶白色狼
tbl1.pak	0x017104E1	Giant Red Eye Wolf	巨大红色眼狼
tbl1.pak	0x0171050B	Giant Captain Wolf	巨大队长狼
# DISABLED_DUPLICATE_AFTER_SOURCE_REFRESH	tbl1.pak	0x01710453	Ghost Wolf	幽灵狼
tbl1.pak	0x01710627	Demon Pirate Wolf	恶魔海盗狼
tbl1.pak	0x0171064F	Shadow Wolf	暗影狼
# DISABLED_DUPLICATE_AFTER_SOURCE_REFRESH	tbl1.pak	0x0171061B	Bull Head Devil Pirate	公牛头魔鬼海盗
tbl1.pak	0x01710D8F	Ghost Power Devil Pirate	幽灵力量魔鬼海盗
tbl1.pak	0x0171176F	Spirit of Namekian	那美克星人的精神
tbl1.pak	0x01711925	Narak Axe Master	那拉克斧大师
tbl1.pak	0x01711A23	Spiritualist Tanta	气功师 Tanta
tbl1.pak	0x01711A81	Narak Spiritual Master	那拉克精神大师
tbl1.pak	0x01711B2D	Narak Poko Master	那拉克波可大师
tbl1.pak	0x0171231F	Brainwashed Advanced Guard	被洗脑高级守卫
tbl1.pak	0x01712359	Brainwashed Special Guard	被洗脑特殊守卫
# DISABLED_DUPLICATE_AFTER_SOURCE_REFRESH	tbl1.pak	0x01712301	Time Crystal	时间水晶
tbl1.pak	0x01712679	Healing Eye	治疗眼
# DISABLED_DUPLICATE_AFTER_SOURCE_REFRESH	tbl1.pak	0x01712665	Ginyu Frog	基纽青蛙
tbl1.pak	0x017127FF	Giant Ginyu Frog	巨大基纽青蛙
tbl1.pak	0x01712825	Ginyu Goku	基纽孙悟空
# DISABLED_DUPLICATE_AFTER_SOURCE_REFRESH	tbl1.pak	0x017127DF	Mira Soldier	米拉士兵
# DISABLED_DUPLICATE_AFTER_SOURCE_REFRESH	tbl1.pak	0x01713295	Devil King Piccolo	魔鬼王比克
tbl1.pak	0x0171366B	Frieza's Field Battle Soldier	弗利萨的野外战斗士兵
tbl1.pak	0x01713865	Frieza's Field Robot	弗利萨的野外机器人
# TAIWAN_DEEP_OVERLAP_DISABLED_20260608	translation_any_taiwan	refs=table_text_all_data.rdf:5:68131391:0
# tbl1.pak	0x01713B99	Super Saiyan Broly	超级赛亚人布罗利
# DISABLED_DUPLICATE_AFTER_SOURCE_REFRESH	tbl1.pak	0x01713BEF	3 Star Dragon	3星龙
# DISABLED_DUPLICATE_AFTER_SOURCE_REFRESH	tbl1.pak	0x01713C0F	4 Star Dragon	4星龙
# DISABLED_DUPLICATE_AFTER_SOURCE_REFRESH	tbl1.pak	0x01713C2F	1 Star Dragon	1星龙
# DISABLED_DUPLICATE_AFTER_SOURCE_REFRESH	tbl1.pak	0x01713EAF	King Piccolo	王比克
tbl1.pak	0x01714169	Vegeta Blue	贝吉塔蓝色
tbl1.pak	0x017141A1	Goku Blue	孙悟空蓝色
# DISABLED_DUPLICATE_AFTER_SOURCE_REFRESH	tbl1.pak	0x0171408D	Majin Buu	魔人布欧
tbl1.pak	0x01714211	Towa Soldier	托娃士兵
tbl1.pak	0x017142B5	Towa Saibaman Green	托娃栽培人绿色
tbl1.pak	0x017142E1	Towa Saibaman Rock	托娃栽培人岩石
tbl1.pak	0x0171430B	Towa Xeno Saibaman	托娃异次元栽培人
tbl1.pak	0x01714335	Towa Saibaman Aqua	托娃栽培人阿库娅
tbl1.pak	0x0171435F	Towa Saibaman Black	托娃栽培人黑色
tbl1.pak	0x01714419	King Wolf	王狼
# TAIWAN_DEEP_OVERLAP_DISABLED_20260608	translation_any_taiwan	refs=table_text_all_data.rdf:5:717621290:0
# tbl1.pak	0x017143C1	Sword Fish	剑鱼
# TAIWAN_DEEP_OVERLAP_DISABLED_20260608	translation_any_taiwan	refs=table_text_all_data.rdf:5:2612134:0;table_text_all_data.rdf:5:2612135:0;table_text_all_data.rdf:5:2612136:0;table_text_all_data.rdf:5:6011134:0;table_text_all_data.rdf:5:717621320:0
# tbl1.pak	0x01714417	Combat Robot	战斗机器人
tbl1.pak	0x0171459D	Giant Boss Bull	巨大首领公牛
tbl1.pak	0x017145C1	Strong Machine	强力机器
# DISABLED_DUPLICATE_AFTER_SOURCE_REFRESH	tbl1.pak	0x017145D5	Evil Bardock	邪恶巴达克
tbl1.pak	0x0171475B	Bardock SS3	巴达克超级赛亚人3
# DISABLED_DUPLICATE_AFTER_SOURCE_REFRESH	tbl1.pak	0x0177B133	Super Devil Cannon	超级魔鬼炮
tbl1.pak	0x0177B2A9	Super Devil Cannon - Vegeta	超级魔鬼炮-贝吉塔
# TAIWAN_DEEP_OVERLAP_DISABLED_20260608	translation_any_taiwan	refs=table_text_all_data.rdf:7:9104910:0;table_text_all_data.rdf:7:9104920:0;table_text_all_data.rdf:7:9104930:0;table_text_all_data.rdf:7:9104940:0;table_text_all_data.rdf:7:9104950:0
# tbl1.pak	0x0177B9FF	Energy Cannon	气功炮
tbl1.pak	0x0177BB6B	Energy Cannon-Piccolo	气功炮-比克
# DISABLED_DUPLICATE_AFTER_SOURCE_REFRESH	tbl1.pak	0x0177BBBD	Spirit Ball	精神球
# TAIWAN_DEEP_OVERLAP_DISABLED_20260608	translation_any_taiwan	refs=table_text_all_data.rdf:7:16010:0;table_text_all_data.rdf:7:16011:0
# tbl1.pak	0x0177C531	Saiyan Spirit	赛亚人精神
# DISABLED_DUPLICATE_AFTER_SOURCE_REFRESH	tbl1.pak	0x0177CEDF	Double Blow	双打击
# DISABLED_DUPLICATE_AFTER_SOURCE_REFRESH	tbl1.pak	0x0177D377	Double Spirit Gun	双精神枪
# DISABLED_DUPLICATE_AFTER_SOURCE_REFRESH	tbl1.pak	0x0177D7BF	Eye Beam	眼光束
# DISABLED_DUPLICATE_AFTER_SOURCE_REFRESH	tbl1.pak	0x0177EA47	Spiritual Recovery	精神恢复
# DISABLED_DUPLICATE_AFTER_SOURCE_REFRESH	tbl1.pak	0x0177EC6F	Spiritual Gun	精神枪
# DISABLED_DUPLICATE_AFTER_SOURCE_REFRESH	tbl1.pak	0x0177ECEB	Super Spiritual Gun	超级精神枪
# DISABLED_DUPLICATE_AFTER_SOURCE_REFRESH	tbl1.pak	0x0177F107	Ball Blast	球爆破
# TAIWAN_DEEP_OVERLAP_DISABLED_20260608	translation_any_taiwan	refs=table_text_all_data.rdf:7:21000:0;table_text_all_data.rdf:7:21001:0
# tbl1.pak	0x0177F2C3	Kiri Kiri Kiri	基里基里基里
# DISABLED_DUPLICATE_AFTER_SOURCE_REFRESH	tbl1.pak	0x0177F343	Energy Ball	气功球
# DISABLED_DUPLICATE_AFTER_SOURCE_REFRESH	tbl1.pak	0x0177F4DF	Sky Claws	天空爪
# DISABLED_DUPLICATE_AFTER_SOURCE_REFRESH	tbl1.pak	0x017801F3	Double Slash	双斩击
# DISABLED_DUPLICATE_AFTER_SOURCE_REFRESH	tbl1.pak	0x01780741	Ultimate Magic Gun	终极魔法枪
# DISABLED_DUPLICATE_AFTER_SOURCE_REFRESH	tbl1.pak	0x01780D1F	Wild Memory	狂野存储器
# DISABLED_DUPLICATE_AFTER_SOURCE_REFRESH	tbl1.pak	0x0178106F	X-Cut	X-切割
# DISABLED_DUPLICATE_AFTER_SOURCE_REFRESH	tbl1.pak	0x01781133	Long Wind	长风
# DISABLED_DUPLICATE_AFTER_SOURCE_REFRESH	tbl1.pak	0x0178121F	Chaos Wings	混沌翅膀
# DISABLED_DUPLICATE_AFTER_SOURCE_REFRESH	tbl1.pak	0x017813AB	Magic Gun	魔法枪
# DISABLED_DUPLICATE_AFTER_SOURCE_REFRESH	tbl1.pak	0x017815A7	Area Attack	区域攻击
# DISABLED_DUPLICATE_AFTER_SOURCE_REFRESH	tbl1.pak	0x0178164F	Wild Healing	狂野治疗
# DISABLED_DUPLICATE_AFTER_SOURCE_REFRESH	tbl1.pak	0x0178177F	Halberd Hit	戟希特
# DISABLED_DUPLICATE_AFTER_SOURCE_REFRESH	tbl1.pak	0x017817B7	Dragon Healing	龙治疗
# DISABLED_DUPLICATE_AFTER_SOURCE_REFRESH	tbl1.pak	0x017817FB	Light of Healing	治疗的光
# DISABLED_DUPLICATE_AFTER_SOURCE_REFRESH	tbl1.pak	0x0178210B	Healing Water	治疗水
# DISABLED_DUPLICATE_AFTER_SOURCE_REFRESH	tbl1.pak	0x01782867	Magic Defense	魔法防御
# DISABLED_DUPLICATE_AFTER_SOURCE_REFRESH	tbl1.pak	0x01782A4F	Healing Magic	治疗魔法
# TAIWAN_DEEP_OVERLAP_DISABLED_20260608	translation_any_taiwan	refs=table_text_all_data.rdf:7:23850:0;table_text_all_data.rdf:7:23851:0;table_text_all_data.rdf:7:26180:0;table_text_all_data.rdf:7:26181:0
# tbl1.pak	0x01783AAB	Invincible	无敌
# DISABLED_DUPLICATE_AFTER_SOURCE_REFRESH	tbl1.pak	0x0178401B	Energy Roar	气功咆哮
# TAIWAN_DEEP_OVERLAP_DISABLED_20260608	translation_any_taiwan	refs=table_text_all_data.rdf:7:19480:0;table_text_all_data.rdf:7:19481:0
# tbl1.pak	0x01784053	Double Hit	双重打击
# DISABLED_DUPLICATE_AFTER_SOURCE_REFRESH	tbl1.pak	0x01784D4B	Double Gun	双枪
# DISABLED_DUPLICATE_AFTER_SOURCE_REFRESH	tbl1.pak	0x01784D7F	Power Supply	力量补给
# DISABLED_DUPLICATE_AFTER_SOURCE_REFRESH	tbl1.pak	0x01784E67	Double Attack	双攻击
# DISABLED_DUPLICATE_AFTER_SOURCE_REFRESH	tbl1.pak	0x0178599F	Dragon Fire	龙火
# DISABLED_DUPLICATE_AFTER_SOURCE_REFRESH	tbl1.pak	0x017859D7	Dragon Roar	龙咆哮
# DISABLED_DUPLICATE_AFTER_SOURCE_REFRESH	tbl1.pak	0x01785A0F	Dragon Blade	龙刃
# DISABLED_DUPLICATE_AFTER_SOURCE_REFRESH	tbl1.pak	0x0178687F	Cell Light 2	沙鲁光2
tbl1.pak	0x01786DFD	Healing Hit	治疗希特
tbl1.pak	0x01786F27	Powerful Head	强力头
tbl1.pak	0x0178710D	Powerful Blow	强力打击
# DISABLED_DUPLICATE_AFTER_SOURCE_REFRESH	tbl1.pak	0x01787FE3	Ultimate Blow Attack	终极打击攻击
tbl1.pak	0x0178D343	Ultimate Might	终极大
tbl1.pak	0x0178D583	Ultimate Roar	终极咆哮
# DISABLED_DUPLICATE_AFTER_SOURCE_REFRESH	tbl1.pak	0x0178D95B	Flight	飞行
# DISABLED_DUPLICATE_AFTER_SOURCE_REFRESH	tbl1.pak	0x0178E0EF	Tremor	震地
# DISABLED_DUPLICATE_AFTER_SOURCE_REFRESH	tbl1.pak	0x0178E101	Oozaru Beam	大猿光束
# DISABLED_DUPLICATE_AFTER_SOURCE_REFRESH	tbl1.pak	0x0178E11D	Oozaru Roar	大猿咆哮
tbl1.pak	0x0178E2C7	Rainbow Dragon Buff	彩虹龙增益
# TAIWAN_OVERLAP_DISABLED_20260608	same_source_translation_in_taiwan_rdf	refs=table_text_all_data.rdf:17:2734007:0
# tbl1.pak	0x0178EAE5	Super Saiyan God	超级赛亚人之神
# TAIWAN_DEEP_OVERLAP_DISABLED_20260608	translation_any_taiwan	refs=table_text_all_data.rdf:7:800970:0
# tbl1.pak	0x0178EC35	Super Saiyan 2	超级赛亚人2
# TAIWAN_DEEP_OVERLAP_DISABLED_20260608	translation_any_taiwan	refs=table_text_all_data.rdf:7:800980:0
# tbl1.pak	0x0178F17B	Super Saiyan 4	超级赛亚人4
# TAIWAN_DEEP_OVERLAP_DISABLED_20260608	translation_any_taiwan	refs=table_text_all_data.rdf:7:800982:0
# tbl1.pak	0x0178F237	Oozaru	大猿
# TAIWAN_DEEP_OVERLAP_DISABLED_20260608	translation_any_taiwan	refs=table_text_all_data.rdf:7:829979:0
# tbl1.pak	0x0178F55F	Legendary Super Saiyan (Z)	传说超级赛亚人(Z)
# DISABLED_DUPLICATE_AFTER_SOURCE_REFRESH	tbl1.pak	0x0178F6A7	Dark Namek	黑暗那美克
tbl1.pak	0x0178F96B	Warrior Spirit	那美克战士精神
# DISABLED_DUPLICATE_AFTER_SOURCE_REFRESH	tbl1.pak	0x0178FAB3	Shadow Slash	暗影斩击
tbl1.pak	0x0179076B	Namekian Awakening	那美克星人觉醒
tbl1.pak	0x01790EF7	Pet Battle Fury	宠物战斗狂怒
tbl1.pak	0x01791481	Drum Fury!	鼓狂怒!
# TAIWAN_DEEP_OVERLAP_DISABLED_20260608	translation_any_taiwan	refs=table_text_all_data.rdf:7:910129:0
# tbl1.pak	0x0179192B	Super Saiyan Rose	超级赛亚人桃红
# DISABLED_DUPLICATE_AFTER_SOURCE_REFRESH	tbl1.pak	0x01793543	Dragon King's Soul	龙王的灵魂
# DISABLED_DUPLICATE_AFTER_SOURCE_REFRESH	tbl1.pak	0x01793C0B	Dragon King's Energy	龙王的气功
tbl1.pak	0x0179689D	Ultimate Spirit Ball	终极精神球
# DISABLED_DUPLICATE_AFTER_SOURCE_REFRESH	tbl1.pak	0x017970AF	EP Recovery	EP恢复
tbl1.pak	0x0179741D	Ultimate EP Recovery	终极EP恢复
# DISABLED_DUPLICATE_AFTER_SOURCE_REFRESH	tbl1.pak	0x01797BF1	Spiritual Damage Cut	精神伤害切割
tbl1.pak	0x01797F4D	Ultimate Spiritual Damage Cut	终极精神伤害切割
# TAIWAN_DEEP_OVERLAP_DISABLED_20260608	translation_any_taiwan	refs=local_data.dat:DST_SCOUTER_DH
# tbl1.pak	0x017985FB	Healing	治疗
# DISABLED_DUPLICATE_AFTER_SOURCE_REFRESH	tbl1.pak	0x0179866B	Ultimate Healing	终极治疗
# DISABLED_DUPLICATE_AFTER_SOURCE_REFRESH	tbl1.pak	0x01798699	Super Healing	超级治疗
# DISABLED_DUPLICATE_AFTER_SOURCE_REFRESH	tbl1.pak	0x017986E9	Ultimate Super Healing	终极超级治疗
# DISABLED_DUPLICATE_AFTER_SOURCE_REFRESH	tbl1.pak	0x01798A03	Detoxification	解毒
tbl1.pak	0x01798BCD	Ultimate Detoxification	终极解毒
# DISABLED_DUPLICATE_AFTER_SOURCE_REFRESH	tbl1.pak	0x0179937F	KThe Spiritualist master pummels his\nenemy with a barrage of energy blasts.	KThe 气功师 master pummels his\nenemy with a barrage of energy blasts.
# DISABLED_DUPLICATE_AFTER_SOURCE_REFRESH	tbl1.pak	0x0179943F	KThe Spiritualist master pummels his\nenemy with a barrage of energy blasts.	KThe 气功师 master pummels his\nenemy with a barrage of energy blasts.
# DISABLED_DUPLICATE_AFTER_SOURCE_REFRESH	tbl1.pak	0x017994FF	KThe Spiritualist master pummels his\nenemy with a barrage of energy blasts.	KThe 气功师 master pummels his\nenemy with a barrage of energy blasts.
# DISABLED_DUPLICATE_AFTER_SOURCE_REFRESH	tbl1.pak	0x017995BF	KThe Spiritualist master pummels his\nenemy with a barrage of energy blasts.	KThe 气功师 master pummels his\nenemy with a barrage of energy blasts.
# DISABLED_DUPLICATE_AFTER_SOURCE_REFRESH	tbl1.pak	0x0179967F	KThe Spiritualist master pummels his\nenemy with a barrage of energy blasts.	KThe 气功师 master pummels his\nenemy with a barrage of energy blasts.
# DISABLED_DUPLICATE_AFTER_SOURCE_REFRESH	tbl1.pak	0x0179B307	Special Beam Cannon	特殊光束炮
tbl1.pak	0x0179B91B	Ultimate Special Beam Cannon	终极特殊光束炮
# DISABLED_DUPLICATE_AFTER_SOURCE_REFRESH	tbl1.pak	0x0179FC95	Great Namek	巨大那美克
tbl1.pak	0x017A0A87	Ultimate Energy Cannon	终极气功炮
tbl1.pak	0x017A22EB	Staff Slash	杖斩击
# DISABLED_DUPLICATE_AFTER_SOURCE_REFRESH	tbl1.pak	0x017A3231	Kami's Light	天神的光
tbl1.pak	0x017A35CD	Ultimate Kami's Light	终极天神的光
tbl1.pak	*	ANNamekians of the Dragon Clan attack with/na succession of energy-based spells.	ANNamekians of the 那美克龙族 attack with/na succession of energy-based spells.
# DISABLED_DUPLICATE_AFTER_SOURCE_REFRESH	tbl1.pak	0x017A544D	ANNamekians of the Dragon Clan attack with/na succession of energy-based spells.	ANNamekians of the 那美克龙族 attack with/na succession of energy-based spells.
# DISABLED_DUPLICATE_AFTER_SOURCE_REFRESH	tbl1.pak	0x017A5517	ANNamekians of the Dragon Clan attack with/na succession of energy-based spells.	ANNamekians of the 那美克龙族 attack with/na succession of energy-based spells.
# DISABLED_DUPLICATE_AFTER_SOURCE_REFRESH	tbl1.pak	0x017A55E1	ANNamekians of the Dragon Clan attack with/na succession of energy-based spells.	ANNamekians of the 那美克龙族 attack with/na succession of energy-based spells.
# DISABLED_DUPLICATE_AFTER_SOURCE_REFRESH	tbl1.pak	0x017A79FF	Ultra Speed Attack	极限速度攻击
tbl1.pak	0x017A7E6B	Ultimate Ultra Speed Attack	终极极限速度攻击
# DISABLED_DUPLICATE_AFTER_SOURCE_REFRESH	tbl1.pak	0x017A9453	Spiritual Resistance	精神抗性
tbl1.pak	0x017A9643	Ultimate Spiritual Resistance	终极精神抗性
# DISABLED_DUPLICATE_AFTER_SOURCE_REFRESH	tbl1.pak	0x017B26A1	High Speed Needle	高级速度针
tbl1.pak	0x017B29A9	Ultimate High Speed Needle	终极高级速度针
# DISABLED_DUPLICATE_AFTER_SOURCE_REFRESH	tbl1.pak	0x017B2903	Super High Speed Needle	超级高级速度针
# DISABLED_DUPLICATE_AFTER_SOURCE_REFRESH	tbl1.pak	0x017B2CAB	Ultimate Super High Speed Needle	终极超级高级速度针
# DISABLED_DUPLICATE_AFTER_SOURCE_REFRESH	tbl1.pak	0x017B55B7	Thunder	雷霆
tbl1.pak	0x017B5D93	Ultimate Thunder	终极雷霆
# DISABLED_DUPLICATE_AFTER_SOURCE_REFRESH	tbl1.pak	0x017B710F	Sword Slash	剑斩击
tbl1.pak	0x017B73E7	Ultimate Sword Slash	终极剑斩击
# DISABLED_DUPLICATE_AFTER_SOURCE_REFRESH	tbl1.pak	0x017B976B	Master's Agility	大师的敏捷
# DISABLED_DUPLICATE_AFTER_SOURCE_REFRESH	tbl1.pak	0x017BA945	Energy Recovery	气功恢复
tbl1.pak	0x017BACD5	Ultimate Energy Recovery	终极气功恢复
# DISABLED_DUPLICATE_AFTER_SOURCE_REFRESH	tbl1.pak	0x017BEB7B	Spiritual Sensation	精神感受
tbl1.pak	0x017BF14F	Ultimate Spiritual Sensation	终极精神感受
# TAIWAN_DEEP_OVERLAP_DISABLED_20260608	translation_any_taiwan	refs=table_text_all_data.rdf:4:11931:0;table_text_all_data.rdf:4:12931:0;table_text_all_data.rdf:4:13931:0;table_text_all_data.rdf:4:15931:0;table_text_all_data.rdf:4:17931:0;table_text_all_data.rdf:4:19931:0;table_text_all_data.rdf:4:524931:0;table_text_all_data.rdf:7:21970:0
# tbl1.pak	0x017C7559	Recovery	恢复
tbl1.pak	0x017C76E1	Ultimate Recovery	终极恢复
# DISABLED_DUPLICATE_AFTER_SOURCE_REFRESH	tbl1.pak	0x017CB2ED	Great Defense	巨大防御
# DISABLED_DUPLICATE_AFTER_SOURCE_REFRESH	tbl1.pak	0x017CB4A9	Ultimate Great Defense	终极巨大防御
# DISABLED_DUPLICATE_AFTER_SOURCE_REFRESH	tbl1.pak	0x017CB8AD	Powerful Roar	强力咆哮
tbl1.pak	0x017CBB19	Ultimate Powerful Roar	终极强力咆哮
tbl1.pak	0x017CE133	Ultimate Slash	终极斩击
tbl1.pak	0x017CE7E3	Ultimate Beam Cannon	终极光束炮
# DISABLED_DUPLICATE_AFTER_SOURCE_REFRESH	tbl1.pak	0x017D2043	Chaos Magic!!	混沌魔法!!
# DISABLED_DUPLICATE_AFTER_SOURCE_REFRESH	tbl1.pak	0x017D3EC5	Kami's Energy	天神的气功
tbl1.pak	0x017D41BD	Ultimate Kami's Energy	终极天神的气功
# DISABLED_DUPLICATE_AFTER_SOURCE_REFRESH	tbl1.pak	0x017D98AD	Kami's Awakening	天神的觉醒
# DISABLED_DUPLICATE_AFTER_SOURCE_REFRESH	tbl1.pak	0x017E2A99	Spiritual Power	精神力量
# DISABLED_DUPLICATE_AFTER_SOURCE_REFRESH	tbl1.pak	0x017E2D69	Ultimate Spiritual Power	终极精神力量
# DISABLED_DUPLICATE_AFTER_SOURCE_REFRESH	tbl1.pak	0x017E4739	Spirit Power	精神力量
# DISABLED_DUPLICATE_AFTER_SOURCE_REFRESH	tbl1.pak	0x017EB891	Mask Light	面具光
tbl1.pak	0x017EBC3F	Ultimate Mask Light	终极面具光
tbl1.pak	0x017F101F	Spirit Bomb!	精神炸弹!
# DISABLED_DUPLICATE_AFTER_SOURCE_REFRESH	tbl1.pak	0x017F1029	Super Saiyan 1	超级赛亚人1
tbl1.pak	0x017F1197	Ultra Super Saiyan	极限超级赛亚人
# DISABLED_DUPLICATE_AFTER_SOURCE_REFRESH	tbl1.pak	0x017F1135	Moro Power Buff	摩罗力量增益
# DISABLED_DUPLICATE_AFTER_SOURCE_REFRESH	tbl1.pak	0x017F11CD	Imperator Namek	帝王那美克
# DISABLED_DUPLICATE_AFTER_SOURCE_REFRESH	tbl1.pak	0x017F11F1	Xeno Majin	异次元魔人
tbl1.pak	0x01818DA5	Majin Cooking Hat	魔人料理帽子
# TAIWAN_DEEP_OVERLAP_DISABLED_20260608	translation_any_taiwan	refs=table_text_all_data.rdf:11:238:0
# tbl1.pak	0x018194AF	Bomb Box	炸弹盒
# DISABLED_DUPLICATE_AFTER_SOURCE_REFRESH	tbl1.pak	0x018194C5	Army Supply Box	军补给盒
tbl1.pak	0x01819A47	RP Weapon Box	RP武器盒
# DISABLED_DUPLICATE_AFTER_SOURCE_REFRESH	tbl1.pak	0x0181A6BB	Namek Crystal	那美克水晶
tbl1.pak	0x0181B05F	Frieza's Army Supply Box A	弗利萨军补给盒A
tbl1.pak	0x0181B099	Frieza's Army Supply Box B	弗利萨军补给盒B
tbl1.pak	0x0181B0D3	Frieza's Army Supply Box C	弗利萨军补给盒C
# DISABLED_DUPLICATE_AFTER_SOURCE_REFRESH	tbl1.pak	0x0181BEDF	RP New Supply Box	RP新补给盒
tbl1.pak	0x0181C269	Devil Dragon's Egg	魔鬼龙的蛋
# DISABLED_DUPLICATE_AFTER_SOURCE_REFRESH	tbl1.pak	0x0181C12D	Broken Dragon Clan Staff	Broken 那美克龙族 Staff
# DISABLED_DUPLICATE_AFTER_SOURCE_REFRESH	tbl1.pak	0x0181C499	Treasure Box	宝藏盒
# DISABLED_DUPLICATE_AFTER_SOURCE_REFRESH	tbl1.pak	0x0181C849	Popo Stone	波波石
# TAIWAN_OVERLAP_DISABLED_20260608	same_source_translation_in_taiwan_rdf	refs=table_text_all_data.rdf:13:1000:0
# tbl1.pak	0x018600E7	General	将军
# DISABLED_DUPLICATE_AFTER_SOURCE_REFRESH	tbl1.pak	0x018601B5	Wild	狂野
# DISABLED_DUPLICATE_AFTER_SOURCE_REFRESH	tbl1.pak	0x018602DF	Physical Attack	物理攻击
# DISABLED_DUPLICATE_AFTER_SOURCE_REFRESH	tbl1.pak	0x01860303	Physical Defense	物理防御
# DISABLED_DUPLICATE_AFTER_SOURCE_REFRESH	tbl1.pak	0x01860329	Energy Attack	气功攻击
# DISABLED_DUPLICATE_AFTER_SOURCE_REFRESH	tbl1.pak	0x01860349	Energy Defense	气功防御
# TAIWAN_DEEP_OVERLAP_DISABLED_20260608	translation_any_taiwan	refs=local_data.dat:DST_DRAGONBALL_SCRAMBLE_CONFIRM_DROP_1;table_text_all_data.rdf:8:804:0
# tbl1.pak	0x018604FF	Fainting	昏迷
# TAIWAN_DEEP_OVERLAP_DISABLED_20260608	translation_any_taiwan	refs=local_data.dat:DST_SCOUTER_DD;table_text_all_data.rdf:13:1084:0
# tbl1.pak	0x0186098F	Damage	伤害
# TAIWAN_DEEP_OVERLAP_DISABLED_20260608	translation_any_taiwan	refs=table_text_all_data.rdf:13:3014:0
# tbl1.pak	0x01860CF3	Capsule Corp	胶囊公司
# TAIWAN_DEEP_OVERLAP_DISABLED_20260608	translation_any_taiwan	refs=local_data.dat:DST_NAMEK;table_text_all_data.rdf:13:3017:0
# tbl1.pak	0x01860D67	Namekian	那美克星人
tbl1.pak	0x01860FCD	Korin Soldier	卡林士兵
tbl1.pak	0x01860FED	New Namek	新那美克
# DISABLED_DUPLICATE_AFTER_SOURCE_REFRESH	tbl1.pak	0x01860F0D	Frieza's Army	弗利萨军
# DISABLED_DUPLICATE_AFTER_SOURCE_REFRESH	tbl1.pak	0x01860FC7	Beanstalk	豆茎
tbl1.pak	0x0186129F	Strongest Namek Warrior	Strongest 那美克战士
# DISABLED_DUPLICATE_AFTER_SOURCE_REFRESH	tbl1.pak	0x01861147	Porunga	波伦加
# DISABLED_DUPLICATE_AFTER_SOURCE_REFRESH	tbl1.pak	0x01861785	Golden Axe	黄金斧
# TAIWAN_DEEP_OVERLAP_DISABLED_20260608	translation_any_taiwan	refs=table_text_all_data.rdf:5:6011246:0;table_text_all_data.rdf:5:6011247:0;table_text_all_data.rdf:5:6011248:0
# tbl1.pak	0x01861879	Guard Robot	守卫机器人
tbl1.pak	0x01861A6D	Mushroom Fuel	蘑菇燃料
# DISABLED_DUPLICATE_AFTER_SOURCE_REFRESH	tbl1.pak	0x018619C9	Giant Mushroom	巨大蘑菇
# DISABLED_DUPLICATE_AFTER_SOURCE_REFRESH	tbl1.pak	0x01861A05	Defense Unit	防御部队
tbl1.pak	0x01861C1D	Life Energy	生命气功
tbl1.pak	0x01861C83	Rabbit Family	兔子家族
# TAIWAN_DEEP_OVERLAP_DISABLED_20260608	translation_any_taiwan	refs=table_text_all_data.rdf:13:3131:0
# tbl1.pak	0x01861C27	CC Life Pill	CC生命药丸
# DISABLED_DUPLICATE_AFTER_SOURCE_REFRESH	tbl1.pak	0x01861C45	CC Magic Pill	CC魔法药丸
# DISABLED_DUPLICATE_AFTER_SOURCE_REFRESH	tbl1.pak	0x01861CD5	Dark Devil	黑暗魔鬼
# DISABLED_DUPLICATE_AFTER_SOURCE_REFRESH	tbl1.pak	0x01861F35	Android	人造人
# TAIWAN_DEEP_OVERLAP_DISABLED_20260608	pair_any_taiwan	refs=local_data.dat:DST_DOJO_UPGRADE
# tbl1.pak	0x01861F49	Upgrade	升级
tbl1.pak	0x01862135	F1 Key	F1钥匙
tbl1.pak	0x01862147	T Key	T钥匙
# TAIWAN_DEEP_OVERLAP_DISABLED_20260608	translation_any_taiwan	refs=table_text_all_data.rdf:13:14161:0;table_text_all_data.rdf:13:5002:0
# tbl1.pak	0x01862473	Dragon Ball	龙珠
tbl1.pak	0x01862667	H Key	H钥匙
# DISABLED_DUPLICATE_AFTER_SOURCE_REFRESH	tbl1.pak	0x01862575	Master	大师
# DISABLED_DUPLICATE_AFTER_SOURCE_REFRESH	tbl1.pak	0x0186259B	Trainee	见习
# TAIWAN_DEEP_OVERLAP_DISABLED_20260608	translation_any_taiwan	refs=table_text_all_data.rdf:13:14066:0;table_text_all_data.rdf:13:5040:0
# tbl1.pak	0x018628FF	Family	家族
tbl1.pak	0x01862B9F	Solo Battle	单人战斗
tbl1.pak	0x01862E5F	Normal Class	普通职业
# TAIWAN_DEEP_OVERLAP_DISABLED_20260608	translation_any_taiwan	refs=local_data.dat:DST_NAMEK_FIGHTER;table_text_all_data.rdf:13:6008:0;table_text_all_data.rdf:14:3007:0;table_text_all_data.rdf:3:111703240:0
# tbl1.pak	0x01862CA5	Warrior	那美克战士
# TAIWAN_DEEP_OVERLAP_DISABLED_20260608	translation_any_taiwan	refs=local_data.dat:DST_NAMEK_MYSTIC;table_text_all_data.rdf:13:6009:0;table_text_all_data.rdf:14:3008:0
# tbl1.pak	0x01862CB9	Dragon Clan	那美克龙族
# TAIWAN_DEEP_OVERLAP_DISABLED_20260608	translation_any_taiwan	refs=local_data.dat:DST_HUMAN_FIGHTER;table_text_all_data.rdf:13:6010:0;table_text_all_data.rdf:14:3005:0;table_text_all_data.rdf:6:1181101:0;table_text_all_data.rdf:6:1181102:0
# tbl1.pak	0x01862CD5	Martial Artist	武道家
# TAIWAN_DEEP_OVERLAP_DISABLED_20260608	translation_any_taiwan	refs=local_data.dat:DST_HUMAN_MYSTIC;table_text_all_data.rdf:13:6011:0;table_text_all_data.rdf:14:3006:0
# tbl1.pak	0x01862CF7	Spiritualist	气功师
# TAIWAN_DEEP_OVERLAP_DISABLED_20260608	pair_any_taiwan	refs=local_data.dat:DST_ENGINEER
# tbl1.pak	0x01862D15	Engineer	工程师
# TAIWAN_DEEP_OVERLAP_DISABLED_20260608	translation_any_taiwan	refs=local_data.dat:DST_WONDER_MAJIN;table_text_all_data.rdf:13:6014:0;table_text_all_data.rdf:14:3010:0
# tbl1.pak	0x01862D49	Wonder Majin	意魔人
# DISABLED_DUPLICATE_AFTER_SOURCE_REFRESH	tbl1.pak	0x01862D67	Master Class	大师职业
# DISABLED_DUPLICATE_AFTER_SOURCE_REFRESH	tbl1.pak	0x01862D85	Dark Warrior	黑暗战士
# TAIWAN_DEEP_OVERLAP_DISABLED_20260608	translation_any_taiwan	refs=local_data.dat:DST_SWORD_MASTER;table_text_all_data.rdf:13:6021:0
# tbl1.pak	0x01862E11	Swordsman	剑术家
# DISABLED_DUPLICATE_AFTER_SOURCE_REFRESH	tbl1.pak	0x01862E9D	Ultimate Majin	终极魔人
# DISABLED_DUPLICATE_AFTER_SOURCE_REFRESH	tbl1.pak	0x01862EE5	Plasma Majin	等离子魔人
# DISABLED_DUPLICATE_AFTER_SOURCE_REFRESH	tbl1.pak	0x01862F03	Karma Majin	卡尔玛魔人
# TAIWAN_DEEP_OVERLAP_DISABLED_20260608	translation_any_taiwan	refs=local_data.dat:DST_ITEM_GRADE_SUPERIOR;local_data.dat:DST_OPTION_DROPFILTER_SUPERIOR;table_text_all_data.rdf:13:7002:0
# tbl1.pak	0x01862FBF	Advanced	高级
# TAIWAN_DEEP_OVERLAP_DISABLED_20260608	pair_any_taiwan	refs=local_data.dat:DST_DWC_CARD_GRADE_05
# tbl1.pak	0x01862FFF	Legendary	传说
# TAIWAN_DEEP_OVERLAP_DISABLED_20260608	translation_any_taiwan	refs=local_data.dat:DST_SCROLL;table_text_all_data.rdf:13:7018:0
# tbl1.pak	0x01863123	Scroll	卷轴
# TAIWAN_DEEP_OVERLAP_DISABLED_20260608	translation_any_taiwan	refs=local_data.dat:DST_BACKDST_PACK;table_text_all_data.rdf:13:7025:0
# tbl1.pak	0x018631A1	Backpack	背包
# DISABLED_DUPLICATE_AFTER_SOURCE_REFRESH	tbl1.pak	0x01863209	Scouter Parts	探测器零件
# TAIWAN_DEEP_OVERLAP_DISABLED_20260608	pair_any_taiwan	refs=local_data.dat:DST_EQUIP_SLOT_TYPE_NECKLACE
# tbl1.pak	0x018632A1	Necklace	项链
# DISABLED_DUPLICATE_AFTER_SOURCE_REFRESH	tbl1.pak	0x0186358F	Cooldown	冷却
tbl1.pak	0x01864317	Paella Gang	皮拉夫刚
tbl1.pak	0x01864333	New Frieza's Army	新弗利萨军
tbl1.pak	0x01864897	Fancy Mole Cricket	华丽鼹鼠蟋蟀
tbl1.pak	0x01865497	Eye of Time	时间的眼
# DISABLED_DUPLICATE_AFTER_SOURCE_REFRESH	tbl1.pak	0x018652FD	Android Cell	人造人沙鲁
tbl1.pak	0x018654F3	Strong Brainwashed Soldier	强力被洗脑士兵
tbl1.pak	0x0186552D	Robot Cell	机器人沙鲁
tbl1.pak	0x01865977	Devil Dragon Clan Genner	Devil 那美克龙族 Genner
# DISABLED_DUPLICATE_AFTER_SOURCE_REFRESH	tbl1.pak	0x018658B3	Mineral	矿石
tbl1.pak	0x01866E0F	Target Class	目标职业
# DISABLED_DUPLICATE_AFTER_SOURCE_REFRESH	tbl1.pak	0x018670BB	Capsule Kit	工具包胶囊
tbl1.pak	0x01868387	Giant Egg	巨大蛋
# DISABLED_DUPLICATE_AFTER_SOURCE_REFRESH	tbl1.pak	0x01868423	Ranked Battle	排位战斗
# TAIWAN_DEEP_OVERLAP_DISABLED_20260608	translation_any_taiwan	refs=table_text_all_data.rdf:13:17007:0
# tbl1.pak	0x0186854D	CC Bus	CC巴士
# DISABLED_DUPLICATE_AFTER_SOURCE_REFRESH	tbl1.pak	0x01868767	Great Mushroom	巨大蘑菇
# TAIWAN_DEEP_OVERLAP_DISABLED_20260608	translation_any_taiwan	refs=local_data.dat:DST_NAMEK_FIGHTER;table_text_all_data.rdf:13:6008:0;table_text_all_data.rdf:14:3007:0;table_text_all_data.rdf:3:111703240:0
# tbl1.pak	0x0186883F	Warrior	那美克战士
# TAIWAN_DEEP_OVERLAP_DISABLED_20260608	translation_any_taiwan	refs=local_data.dat:DST_NAMEK_MYSTIC;table_text_all_data.rdf:13:6009:0;table_text_all_data.rdf:14:3008:0
# tbl1.pak	0x01868853	Dragon Clan	那美克龙族
tbl1.pak	0x01868A47	U Key	U钥匙
# TAIWAN_DEEP_OVERLAP_DISABLED_20260608	translation_any_taiwan	refs=table_text_all_data.rdf:13:17035:0
# tbl1.pak	0x018688E3	Mira's Army	米拉军
# DISABLED_DUPLICATE_AFTER_SOURCE_REFRESH	tbl1.pak	0x01868C2D	Mushroom Gang	蘑菇刚
# DISABLED_DUPLICATE_AFTER_SOURCE_REFRESH	tbl1.pak	0x01868EFD	Ginyu Force	基纽特战队
# TAIWAN_DEEP_OVERLAP_DISABLED_20260608	translation_any_taiwan	refs=table_text_all_data.rdf:13:17102:0
# tbl1.pak	0x0186924F	Giant Android	巨大人造人
tbl1.pak	0x0186D6BF	The Eternal Dragons's Gift for the Dragon Clan	The Eternal Dragons's Gift for the 那美克龙族
tbl1.pak	0x0186D7AB	The Eternal Dragons's Gift for Martial Artists	The Eternal Dragons's Gift for 武道家
tbl1.pak	0x0186D897	The Eternal Dragons's Gift for Spiritualists	The Eternal Dragons's Gift for 气功师
tbl1.pak	0x0186DA65	The Eternal Dragons's Gift for Wonder Majin	The Eternal Dragons's Gift for 意魔人
# TAIWAN_DEEP_OVERLAP_DISABLED_20260608	translation_any_taiwan	refs=table_text_all_data.rdf:17:2220002:0
# tbl1.pak	0x0186DB6F	Staff of Shenron	神龙的杖
tbl1.pak	0x0186DF17	Korin's Gauntlets	卡林的臂甲
tbl1.pak	0x0186E079	Shenron's Claws	神龙的爪
tbl1.pak	0x0186E0EF	Shenron's Axe	神龙的斧
# TAIWAN_DEEP_OVERLAP_DISABLED_20260608	translation_any_taiwan	refs=table_text_all_data.rdf:17:2313002:0
# tbl1.pak	0x0186DF8D	Shenron's Scroll	神龙的卷轴
tbl1.pak	0x0186E1EB	Shenron's Gem	神龙的宝石
tbl1.pak	0x0186E2B7	Shenron's Wand	神龙的短杖
# TAIWAN_DEEP_OVERLAP_DISABLED_20260608	translation_any_taiwan	refs=table_text_all_data.rdf:17:2322002:0
# tbl1.pak	0x0186E155	Shenron's Sword	神龙的剑
tbl1.pak	0x0186E411	Shenron's Fan	神龙的扇
tbl1.pak	0x0186E4E5	Shenron's Trumpet	神龙的号角
tbl1.pak	0x0186E55F	Shenron's Club	神龙的棒
# TAIWAN_DEEP_OVERLAP_DISABLED_20260608	translation_any_taiwan	refs=table_text_all_data.rdf:17:2333002:0
# tbl1.pak	0x0186E3FB	Shenron's Drum	神龙的鼓
# TAIWAN_DEEP_OVERLAP_DISABLED_20260608	translation_any_taiwan	refs=table_text_all_data.rdf:17:2334002:0
# tbl1.pak	0x0186E46F	Shenron's Mask	神龙的面具
tbl1.pak	0x0186E8C7	I want Dragon Clan clothes.	I want 那美克龙族 clothes.
tbl1.pak	0x0186E981	Dragon Clan Jacket	那美克龙族 Jacket
tbl1.pak	0x0186EAAF	I want Martial Artist clothes.	I want 武道家 clothes.
tbl1.pak	0x0186EB6F	Martial Artist Jacket	武道家 Jacket
tbl1.pak	0x0186ECAF	I want Spiritualist clothes.	I want 气功师 clothes.
tbl1.pak	0x0186ED6B	Spiritualist Jacket	气功师 Jacket
tbl1.pak	0x0186F08F	I want Wonder Majin clothes.	I want 意魔人 clothes.
tbl1.pak	0x0186F14B	Wonder Majin Jacket	意魔人 Jacket
# DISABLED_DUPLICATE_AFTER_SOURCE_REFRESH	tbl1.pak	0x0186FA2B	Super Buu	超级布欧
# DISABLED_DUPLICATE_AFTER_SOURCE_REFRESH	tbl1.pak	0x01871E05	Legendary Attack	传说攻击
tbl1.pak	0x018CAD9F	BID4 Evil Bardock	BID4邪恶巴达克
# AUTO_BLOCK_TBL_VISIBLE_NAMES_20260604_END

# TEST_BLOCK_TBL_RECIPE_BLACK_DRAGON_20260607_BEGIN
tbl1.pak	*	Black Dragon Fan Recipe	黑龙扇配方
tbl1.pak	0x014B5F6D	Recipe Ruby Dragon Soul	红宝石龙灵魂配方
tbl1.pak	0x016B1979	(Human)Shadow Sovereign Shoes Recipe	(人类)暗影暴君鞋子配方
# TEST_BLOCK_TBL_RECIPE_BLACK_DRAGON_20260607_END

# TEST_BLOCK_TBL_RECIPE_BATCH2_20260607_BEGIN
# DISABLED_DUPLICATE_AFTER_SOURCE_REFRESH	tbl1.pak	0x015B6B17	Black Dragon Fan Recipe	黑龙扇配方
tbl1.pak	0x016B2115	Shadow Sovereign Staff Recipe	暗影暴君杖配方
tbl1.pak	0x016B21D7	Shadow Sovereign Claws Recipe	暗影暴君爪配方
tbl1.pak	0x016B2657	Shadow Sovereign Fan Recipe	暗影暴君扇配方
tbl1.pak	*	Dark Soul Armor Recipe	黑暗灵魂盔甲配方
# TEST_BLOCK_TBL_RECIPE_BATCH2_20260607_END

# TEST_BLOCK_TBL_RECIPE_BULK_SAFE_20260607_BEGIN
tbl1.pak	0x012DA655	Black Dragon Scales Hair Dye	黑龙鳞片染发剂
tbl1.pak	0x0137FF5D	Black Dragon King Gear (Top)	黑龙王装备(上衣)
tbl1.pak	0x0137FFF1	Black Dragon King Gear (Pants)	黑龙王装备(裤子)
tbl1.pak	0x01380089	Black Dragon King Gear (Shoes)	黑龙王装备(鞋子)
tbl1.pak	*	Black Dragon Fan	黑龙扇
# DISABLED_DUPLICATE_AFTER_SOURCE_REFRESH	tbl1.pak	0x01401613	Black Dragon Fan	黑龙扇
tbl1.pak	0x014A385B	Black Dragon Claws Shoes	黑龙爪鞋子
tbl1.pak	0x014A38F3	Black Dragon Ascension Top	黑龙飞升上衣
tbl1.pak	0x014A398F	Black Dragon Ascension Pants	黑龙飞升裤子
tbl1.pak	0x014B5FA1	Recipe Ice Dragon Soul	冰龙灵魂配方
tbl1.pak	0x014B5FD3	Recipe Suglite Dragon Soul	舒俱来石龙灵魂配方
tbl1.pak	0x014B600D	Recipe Cosmic Dragon Soul	宇宙龙灵魂配方
tbl1.pak	0x014B6045	Recipe Leaf Dragon Soul	叶龙灵魂配方
tbl1.pak	0x0150C001	Black Dragon Clothes R	黑龙服装R
tbl1.pak	0x015ACE03	Manufacturing Extract 04 Recipe	制造萃取物04配方
tbl1.pak	0x015ACE9B	Special Parts 04 Recipe	特殊零件04配方
tbl1.pak	0x015ACFA9	Legendary Gem 04 Recipe	传说宝石04配方
tbl1.pak	*	Comet Award Gauntlets Recipe	彗星奖励臂甲配方
tbl1.pak	*	High Grade Gauntlets Recipe	高级臂甲配方
tbl1.pak	*	Battle Staff Recipe	战斗杖配方
tbl1.pak	*	Strong Claws Recipe	强力爪配方
tbl1.pak	*	Comodo Battle Axe Recipe	科莫多战斗斧配方
tbl1.pak	*	Bao Yan Scroll Recipe	鲍岩卷轴配方
tbl1.pak	*	Huang Gang Gem Recipe	黄刚宝石配方
tbl1.pak	*	Hardcore Stick Recipe	硬核棍配方
tbl1.pak	*	Gangjian Sword Recipe	刚剑剑配方
tbl1.pak	*	God Eye Fan Recipe	神眼扇配方
tbl1.pak	*	Huang Gang Wand Recipe	黄刚短杖配方
tbl1.pak	*	Remembrance Trumpet Recipe	纪念号角配方
tbl1.pak	*	Pound Drum Recipe	重击鼓配方
tbl1.pak	*	Armored Combat Gear (Top) H Recipe	装甲战斗装备(上衣)H配方
tbl1.pak	*	Armored Combat Gear (Pants) H Recipe	装甲战斗装备(裤子)H配方
tbl1.pak	*	Armored Combat Gear (Shoes) H Recipe	装甲战斗装备(鞋子)H配方
tbl1.pak	*	Armored Combat Gear (Top) N Recipe	装甲战斗装备(上衣)N配方
tbl1.pak	*	Armored Combat Gear (Pants) N Recipe	装甲战斗装备(裤子)N配方
tbl1.pak	*	Armored Combat Gear (Shoes) N Recipe	装甲战斗装备(鞋子)N配方
tbl1.pak	*	Armored Combat Gear (Top) M Recipe	装甲战斗装备(上衣)M配方
tbl1.pak	*	Armored Combat Gear (Pants) M Recipe	装甲战斗装备(裤子)M配方
tbl1.pak	*	Armored Combat Gear (Shoes) M Recipe	装甲战斗装备(鞋子)M配方
tbl1.pak	0x015ADD0B	Manufacturing Extract 05 Recipe	制造萃取物05配方
tbl1.pak	0x015ADDA3	Special Parts 05 Recipe	特殊零件05配方
tbl1.pak	0x015ADEB1	Legendary Gem 05 Recipe	传说宝石05配方
tbl1.pak	*	Prestige Dragon Gauntlets Recipe	威望龙臂甲配方
tbl1.pak	*	Dragon Claws Recipe	龙爪配方
tbl1.pak	*	Strong Battle Axe Recipe	强力战斗斧配方
tbl1.pak	*	Purple Stone Gem Recipe	紫色石宝石配方
tbl1.pak	*	Magic Blade Recipe	魔法刃配方
tbl1.pak	*	Sapphire Wand Recipe	蓝宝石短杖配方
tbl1.pak	*	Meteor Trumpet Recipe	流星号角配方
tbl1.pak	*	Red Hot Chili Corn Recipe	红色火辣辣椒玉米配方
tbl1.pak	*	Enraged Mask Recipe	狂怒面具配方
tbl1.pak	*	Combat Force Gear (Top) H Recipe	战斗力量装备(上衣)H配方
tbl1.pak	*	Combat Force Gear (Pants) H Recipe	战斗力量装备(裤子)H配方
tbl1.pak	*	Combat Force Gear (Shoes) H Recipe	战斗力量装备(鞋子)H配方
tbl1.pak	*	Combat Force Gear (Top) N Recipe	战斗力量装备(上衣)N配方
tbl1.pak	*	Combat Force Gear (Pants) N Recipe	战斗力量装备(裤子)N配方
tbl1.pak	*	Combat Force Gear (Shoes) N Recipe	战斗力量装备(鞋子)N配方
tbl1.pak	*	Combat Force Gear (Top) M Recipe	战斗力量装备(上衣)M配方
tbl1.pak	*	Combat Force Gear (Pants) M Recipe	战斗力量装备(裤子)M配方
tbl1.pak	*	Combat Force Gear (Shoes) M Recipe	战斗力量装备(鞋子)M配方
tbl1.pak	0x015AEBEB	Manufacturing Extract 06 Recipe	制造萃取物06配方
tbl1.pak	0x015AEC83	Special Parts 06 Recipe	特殊零件06配方
tbl1.pak	0x015AED91	Legendary Gem 06 Recipe	传说宝石06配方
tbl1.pak	*	Energy Ejection Gloves Recipe	气功喷射手套配方
tbl1.pak	*	Blast Gauntlets Recipe	爆破臂甲配方
tbl1.pak	*	Light Staff Recipe	光杖配方
tbl1.pak	*	Nimbus Claws Recipe	筋斗云爪配方
tbl1.pak	*	Light Cut Axe Recipe	光切割斧配方
# TAIWAN_OVERLAP_DISABLED_20260608	translation_in_taiwan_item_tables	refs=table_text_all_data.rdf:3:12722030:0;table_text_all_data.rdf:3:13722030:0
# tbl1.pak	0x015AEFB1	Taichu Scroll Recipe	太初卷轴配方
tbl1.pak	*	Green Stone Gem Recipe	绿色石宝石配方
tbl1.pak	*	Dragon Stick Recipe	龙棍配方
tbl1.pak	*	Dragon Sword Recipe	龙剑配方
tbl1.pak	*	Wheel of Light Fan Recipe	光扇的轮配方
tbl1.pak	*	Dragon Court Wand Recipe	龙宫短杖配方
# TAIWAN_OVERLAP_DISABLED_20260608	translation_in_taiwan_item_tables	refs=table_text_all_data.rdf:3:12722090:0;table_text_all_data.rdf:3:13722090:0
# tbl1.pak	0x015AF269	Watercolor Trumpet Recipe	水彩号角配方
tbl1.pak	*	Smoked Fish Recipe	烟熏鱼配方
tbl1.pak	*	Frame Drum Recipe	框架鼓配方
tbl1.pak	*	Starfish Mask Recipe	海星面具配方
tbl1.pak	*	Combat Gear (Top) H Recipe	战斗装备(上衣)H配方
tbl1.pak	*	Combat Gear (Pants) H Recipe	战斗装备(裤子)H配方
tbl1.pak	*	Combat Gear (Shoes) H Recipe	战斗装备(鞋子)H配方
tbl1.pak	*	Combat Gear (Top) N Recipe	战斗装备(上衣)N配方
tbl1.pak	*	Combat Gear (Pants) N Recipe	战斗装备(裤子)N配方
tbl1.pak	*	Combat Gear (Shoes) N Recipe	战斗装备(鞋子)N配方
tbl1.pak	*	Combat Gear (Top) M Recipe	战斗装备(上衣)M配方
tbl1.pak	*	Combat Gear (Pants) M Recipe	战斗装备(裤子)M配方
tbl1.pak	*	Combat Gear (Shoes) M Recipe	战斗装备(鞋子)M配方
tbl1.pak	0x015AF9B3	Manufacturing Extract 07 Recipe	制造萃取物07配方
tbl1.pak	0x015AFA4B	Special Parts 07 Recipe	特殊零件07配方
tbl1.pak	0x015AFB59	Legendary Gem 07 Recipe	传说宝石07配方
tbl1.pak	*	Soul Gauntlets Recipe	灵魂臂甲配方
# DISABLED_DUPLICATE_AFTER_SOURCE_REFRESH	tbl1.pak	0x015AFBA7	Soul Gauntlets Recipe	灵魂臂甲配方
tbl1.pak	*	Absolute Light Claws Recipe	绝对光爪配方
tbl1.pak	*	Dragon Battle Axe Recipe	龙战斗斧配方
tbl1.pak	*	Yellow Dragon Scroll Recipe	黄色龙卷轴配方
tbl1.pak	*	Black Stone Gem Recipe	黑色石宝石配方
tbl1.pak	*	New Grid Stick Recipe	新格纹棍配方
tbl1.pak	*	Electro-Optic Sword Recipe	电光-光学剑配方
tbl1.pak	*	Thunder Wand Recipe	雷霆短杖配方
tbl1.pak	*	Legend Long Trumpet Recipe	传说长号角配方
tbl1.pak	*	Dragon Drum Recipe	龙鼓配方
tbl1.pak	*	Dragon Mask Recipe	龙面具配方
tbl1.pak	*	Advanced Combat Gear (Top) H Recipe	高级战斗装备(上衣)H配方
tbl1.pak	*	Advanced Combat Gear (Pants) H Recipe	高级战斗装备(裤子)H配方
tbl1.pak	*	Advanced Combat Gear (Shoes) H Recipe	高级战斗装备(鞋子)H配方
tbl1.pak	*	Advanced Combat Gear (Top) N Recipe	高级战斗装备(上衣)N配方
tbl1.pak	*	Advanced Combat Gear (Pants) N Recipe	高级战斗装备(裤子)N配方
tbl1.pak	*	Advanced Combat Gear (Shoes) N Recipe	高级战斗装备(鞋子)N配方
tbl1.pak	*	Advanced Combat Gear (Top) M Recipe	高级战斗装备(上衣)M配方
tbl1.pak	*	Advanced Combat Gear (Pants) M Recipe	高级战斗装备(裤子)M配方
tbl1.pak	*	Advanced Combat Gear (Shoes) M Recipe	高级战斗装备(鞋子)M配方
tbl1.pak	0x015B092F	Manufacturing Extract 02 Recipe	制造萃取物02配方
tbl1.pak	0x015B09C7	Special Parts 02 Recipe	特殊零件02配方
tbl1.pak	0x015B0AD5	Legendary Gem 02 Recipe	传说宝石02配方
tbl1.pak	*	Namek Gloves Recipe	那美克手套配方
tbl1.pak	*	Strong Warrior Claws Recipe	强力战士爪配方
tbl1.pak	*	Halberd Axe Recipe	戟斧配方
tbl1.pak	*	Rainbow Gem Recipe	彩虹宝石配方
tbl1.pak	*	Long Hit Fan Recipe	长希特扇配方
tbl1.pak	*	Plasma Wand Recipe	等离子短杖配方
tbl1.pak	*	Light Trumpet Recipe	光号角配方
tbl1.pak	*	Super Combat Gear (Top) H Recipe	超级战斗装备(上衣)H配方
tbl1.pak	*	Super Combat Gear (Pants) H Recipe	超级战斗装备(裤子)H配方
tbl1.pak	*	Super Combat Gear (Shoes) H Recipe	超级战斗装备(鞋子)H配方
tbl1.pak	*	Super Combat Gear (Top) N Recipe	超级战斗装备(上衣)N配方
tbl1.pak	*	Super Combat Gear (Pants) N Recipe	超级战斗装备(裤子)N配方
tbl1.pak	*	Super Combat Gear (Shoes) N Recipe	超级战斗装备(鞋子)N配方
tbl1.pak	*	Super Combat Gear (Top) M Recipe	超级战斗装备(上衣)M配方
tbl1.pak	*	Super Combat Gear (Pants) M Recipe	超级战斗装备(裤子)M配方
tbl1.pak	*	Super Combat Gear (Shoes) M Recipe	超级战斗装备(鞋子)M配方
tbl1.pak	0x015B17E3	Manufacturing Extract 03 Recipe	制造萃取物03配方
tbl1.pak	0x015B187B	Special Parts 03 Recipe	特殊零件03配方
tbl1.pak	0x015B1989	Legendary Gem 03 Recipe	传说宝石03配方
tbl1.pak	*	Valkyrie Staff Recipe	女武神杖配方
tbl1.pak	*	Mysterious Claws Recipe	神秘爪配方
tbl1.pak	*	Death Axe Recipe	死亡之斧配方
# TAIWAN_OVERLAP_DISABLED_20260608	translation_in_taiwan_item_tables	refs=table_text_all_data.rdf:3:12752030:0;table_text_all_data.rdf:3:13752030:0
# tbl1.pak	0x015B1BE5	Original Scroll Recipe	原始卷轴配方
tbl1.pak	*	Rock Stone Gem Recipe	岩石石宝石配方
tbl1.pak	*	Electro-Optic Fan Recipe	电光-光学扇配方
tbl1.pak	*	Valkyrie Wand Recipe	女武神短杖配方
tbl1.pak	*	Ultimate Combat Gear (Top) H Recipe	终极战斗装备(上衣)H配方
tbl1.pak	*	Ultimate Combat Gear (Pants) H Recipe	终极战斗装备(裤子)H配方
tbl1.pak	*	Ultimate Combat Gear (Shoes) H Recipe	终极战斗装备(鞋子)H配方
tbl1.pak	*	Ultimate Combat Gear (Top) N Recipe	终极战斗装备(上衣)N配方
tbl1.pak	*	Ultimate Combat Gear (Pants) N Recipe	终极战斗装备(裤子)N配方
tbl1.pak	*	Ultimate Combat Gear (Shoes) N Recipe	终极战斗装备(鞋子)N配方
tbl1.pak	*	Ultimate Combat Gear (Top) M Recipe	终极战斗装备(上衣)M配方
tbl1.pak	*	Ultimate Combat Gear (Pants) M Recipe	终极战斗装备(裤子)M配方
tbl1.pak	*	Ultimate Combat Gear (Shoes) M Recipe	终极战斗装备(鞋子)M配方
tbl1.pak	*	Killer Axe Recipe	杀手斧配方
tbl1.pak	*	Dragon Scroll Recipe	龙卷轴配方
tbl1.pak	*	Popo Gem Recipe	波波宝石配方
tbl1.pak	*	Dragon Roar Fan Recipe	龙咆哮扇配方
tbl1.pak	*	Black Steel Wand Recipe	黑色钢短杖配方
tbl1.pak	0x015B344D	Crystal Scouter Recipe	水晶探测器配方
tbl1.pak	0x015B34DB	Diamond Scouter Recipe	钻石探测器配方
tbl1.pak	0x015B36F7	Advanced Gauntlets Recipe	高级臂甲配方
tbl1.pak	0x015B3CED	Warrior Gloves Recipe	那美克战士手套配方
tbl1.pak	0x015B3D5F	Power Gauntlets Recipe	力量臂甲配方
tbl1.pak	0x015B3E4F	Firepower Combat Gear (Top) H Recipe	火力战斗装备(上衣)H配方
tbl1.pak	0x015B3EFD	Firepower Combat Gear (Pants) H Recipe	火力战斗装备(裤子)H配方
tbl1.pak	0x015B3FB3	Firepower Combat Gear (Shoes) H Recipe	火力战斗装备(鞋子)H配方
tbl1.pak	0x015B4069	Firepower Combat Gear (Top) N Recipe	火力战斗装备(上衣)N配方
tbl1.pak	0x015B4117	Firepower Combat Gear (Pants) N Recipe	火力战斗装备(裤子)N配方
tbl1.pak	0x015B41CD	Firepower Combat Gear (Shoes) N Recipe	火力战斗装备(鞋子)N配方
tbl1.pak	0x015B4283	Firepower Combat Gear (Top) M Recipe	火力战斗装备(上衣)M配方
tbl1.pak	0x015B4331	Firepower Combat Gear (Pants) M Recipe	火力战斗装备(裤子)M配方
tbl1.pak	0x015B43E7	Firepower Combat Gear (Shoes) M Recipe	火力战斗装备(鞋子)M配方
# DISABLED_DUPLICATE_AFTER_SOURCE_REFRESH	tbl1.pak	0x015B43F1	Comet Award Gauntlets Recipe	彗星奖励臂甲配方
# DISABLED_DUPLICATE_AFTER_SOURCE_REFRESH	tbl1.pak	0x015B4477	High Grade Gauntlets Recipe	高级臂甲配方
# DISABLED_DUPLICATE_AFTER_SOURCE_REFRESH	tbl1.pak	0x015B44F9	Battle Staff Recipe	战斗杖配方
# DISABLED_DUPLICATE_AFTER_SOURCE_REFRESH	tbl1.pak	0x015B455B	Strong Claws Recipe	强力爪配方
# DISABLED_DUPLICATE_AFTER_SOURCE_REFRESH	tbl1.pak	0x015B45C3	Comodo Battle Axe Recipe	科莫多战斗斧配方
# DISABLED_DUPLICATE_AFTER_SOURCE_REFRESH	tbl1.pak	0x015B4639	Bao Yan Scroll Recipe	鲍岩卷轴配方
# DISABLED_DUPLICATE_AFTER_SOURCE_REFRESH	tbl1.pak	0x015B46A3	Huang Gang Gem Recipe	黄刚宝石配方
# DISABLED_DUPLICATE_AFTER_SOURCE_REFRESH	tbl1.pak	0x015B470D	Hardcore Stick Recipe	硬核棍配方
# DISABLED_DUPLICATE_AFTER_SOURCE_REFRESH	tbl1.pak	0x015B4777	Gangjian Sword Recipe	刚剑剑配方
# DISABLED_DUPLICATE_AFTER_SOURCE_REFRESH	tbl1.pak	0x015B47E1	God Eye Fan Recipe	神眼扇配方
# DISABLED_DUPLICATE_AFTER_SOURCE_REFRESH	tbl1.pak	0x015B483F	Huang Gang Wand Recipe	黄刚短杖配方
# DISABLED_DUPLICATE_AFTER_SOURCE_REFRESH	tbl1.pak	0x015B48AD	Remembrance Trumpet Recipe	纪念号角配方
# DISABLED_DUPLICATE_AFTER_SOURCE_REFRESH	tbl1.pak	0x015B4999	Pound Drum Recipe	重击鼓配方
# DISABLED_DUPLICATE_AFTER_SOURCE_REFRESH	tbl1.pak	0x015B4A55	Armored Combat Gear (Top) H Recipe	装甲战斗装备(上衣)H配方
# DISABLED_DUPLICATE_AFTER_SOURCE_REFRESH	tbl1.pak	0x015B4AF3	Armored Combat Gear (Pants) H Recipe	装甲战斗装备(裤子)H配方
# DISABLED_DUPLICATE_AFTER_SOURCE_REFRESH	tbl1.pak	0x015B4B99	Armored Combat Gear (Shoes) H Recipe	装甲战斗装备(鞋子)H配方
# DISABLED_DUPLICATE_AFTER_SOURCE_REFRESH	tbl1.pak	0x015B4C3F	Armored Combat Gear (Top) N Recipe	装甲战斗装备(上衣)N配方
# DISABLED_DUPLICATE_AFTER_SOURCE_REFRESH	tbl1.pak	0x015B4CDD	Armored Combat Gear (Pants) N Recipe	装甲战斗装备(裤子)N配方
# DISABLED_DUPLICATE_AFTER_SOURCE_REFRESH	tbl1.pak	0x015B4D83	Armored Combat Gear (Shoes) N Recipe	装甲战斗装备(鞋子)N配方
# DISABLED_DUPLICATE_AFTER_SOURCE_REFRESH	tbl1.pak	0x015B4E29	Armored Combat Gear (Top) M Recipe	装甲战斗装备(上衣)M配方
# DISABLED_DUPLICATE_AFTER_SOURCE_REFRESH	tbl1.pak	0x015B4EC7	Armored Combat Gear (Pants) M Recipe	装甲战斗装备(裤子)M配方
# DISABLED_DUPLICATE_AFTER_SOURCE_REFRESH	tbl1.pak	0x015B4F6D	Armored Combat Gear (Shoes) M Recipe	装甲战斗装备(鞋子)M配方
# DISABLED_DUPLICATE_AFTER_SOURCE_REFRESH	tbl1.pak	0x015B5013	Prestige Dragon Gauntlets Recipe	威望龙臂甲配方
# DISABLED_DUPLICATE_AFTER_SOURCE_REFRESH	tbl1.pak	0x015B51A9	Dragon Claws Recipe	龙爪配方
# DISABLED_DUPLICATE_AFTER_SOURCE_REFRESH	tbl1.pak	0x015B5211	Strong Battle Axe Recipe	强力战斗斧配方
# DISABLED_DUPLICATE_AFTER_SOURCE_REFRESH	tbl1.pak	0x015B52E5	Purple Stone Gem Recipe	紫色石宝石配方
# DISABLED_DUPLICATE_AFTER_SOURCE_REFRESH	tbl1.pak	0x015B53B1	Magic Blade Recipe	魔法刃配方
# DISABLED_DUPLICATE_AFTER_SOURCE_REFRESH	tbl1.pak	0x015B5471	Sapphire Wand Recipe	蓝宝石短杖配方
# DISABLED_DUPLICATE_AFTER_SOURCE_REFRESH	tbl1.pak	0x015B54D7	Meteor Trumpet Recipe	流星号角配方
# DISABLED_DUPLICATE_AFTER_SOURCE_REFRESH	tbl1.pak	0x015B5541	Red Hot Chili Corn Recipe	红色火辣辣椒玉米配方
# DISABLED_DUPLICATE_AFTER_SOURCE_REFRESH	tbl1.pak	0x015B5635	Enraged Mask Recipe	狂怒面具配方
# DISABLED_DUPLICATE_AFTER_SOURCE_REFRESH	tbl1.pak	0x015B5697	Combat Force Gear (Top) H Recipe	战斗力量装备(上衣)H配方
# DISABLED_DUPLICATE_AFTER_SOURCE_REFRESH	tbl1.pak	0x015B572D	Combat Force Gear (Pants) H Recipe	战斗力量装备(裤子)H配方
# DISABLED_DUPLICATE_AFTER_SOURCE_REFRESH	tbl1.pak	0x015B57CB	Combat Force Gear (Shoes) H Recipe	战斗力量装备(鞋子)H配方
# DISABLED_DUPLICATE_AFTER_SOURCE_REFRESH	tbl1.pak	0x015B5869	Combat Force Gear (Top) N Recipe	战斗力量装备(上衣)N配方
# DISABLED_DUPLICATE_AFTER_SOURCE_REFRESH	tbl1.pak	0x015B58FF	Combat Force Gear (Pants) N Recipe	战斗力量装备(裤子)N配方
# DISABLED_DUPLICATE_AFTER_SOURCE_REFRESH	tbl1.pak	0x015B599D	Combat Force Gear (Shoes) N Recipe	战斗力量装备(鞋子)N配方
# DISABLED_DUPLICATE_AFTER_SOURCE_REFRESH	tbl1.pak	0x015B5A3B	Combat Force Gear (Top) M Recipe	战斗力量装备(上衣)M配方
# DISABLED_DUPLICATE_AFTER_SOURCE_REFRESH	tbl1.pak	0x015B5AD1	Combat Force Gear (Pants) M Recipe	战斗力量装备(裤子)M配方
# DISABLED_DUPLICATE_AFTER_SOURCE_REFRESH	tbl1.pak	0x015B5B6F	Combat Force Gear (Shoes) M Recipe	战斗力量装备(鞋子)M配方
# DISABLED_DUPLICATE_AFTER_SOURCE_REFRESH	tbl1.pak	0x015B5C0D	Energy Ejection Gloves Recipe	气功喷射手套配方
# DISABLED_DUPLICATE_AFTER_SOURCE_REFRESH	tbl1.pak	0x015B5C97	Blast Gauntlets Recipe	爆破臂甲配方
# DISABLED_DUPLICATE_AFTER_SOURCE_REFRESH	tbl1.pak	0x015B5D05	Light Staff Recipe	光杖配方
# DISABLED_DUPLICATE_AFTER_SOURCE_REFRESH	tbl1.pak	0x015B5D63	Nimbus Claws Recipe	筋斗云爪配方
# DISABLED_DUPLICATE_AFTER_SOURCE_REFRESH	tbl1.pak	0x015B5DCB	Light Cut Axe Recipe	光切割斧配方
# TAIWAN_OVERLAP_DISABLED_20260608	translation_in_taiwan_item_tables	refs=table_text_all_data.rdf:3:12722030:0;table_text_all_data.rdf:3:13722030:0
# tbl1.pak	0x015B5E31	Taichu Scroll Recipe	太初卷轴配方
# DISABLED_DUPLICATE_AFTER_SOURCE_REFRESH	tbl1.pak	0x015B5E97	Green Stone Gem Recipe	绿色石宝石配方
# DISABLED_DUPLICATE_AFTER_SOURCE_REFRESH	tbl1.pak	0x015B5F05	Dragon Stick Recipe	龙棍配方
# DISABLED_DUPLICATE_AFTER_SOURCE_REFRESH	tbl1.pak	0x015B5F67	Dragon Sword Recipe	龙剑配方
# DISABLED_DUPLICATE_AFTER_SOURCE_REFRESH	tbl1.pak	0x015B5FC9	Wheel of Light Fan Recipe	光扇的轮配方
# DISABLED_DUPLICATE_AFTER_SOURCE_REFRESH	tbl1.pak	0x015B6043	Dragon Court Wand Recipe	龙宫短杖配方
# TAIWAN_OVERLAP_DISABLED_20260608	translation_in_taiwan_item_tables	refs=table_text_all_data.rdf:3:12722090:0;table_text_all_data.rdf:3:13722090:0
# tbl1.pak	0x015B60B9	Watercolor Trumpet Recipe	水彩号角配方
# DISABLED_DUPLICATE_AFTER_SOURCE_REFRESH	tbl1.pak	0x015B6133	Smoked Fish Recipe	烟熏鱼配方
# DISABLED_DUPLICATE_AFTER_SOURCE_REFRESH	tbl1.pak	0x015B6191	Frame Drum Recipe	框架鼓配方
# DISABLED_DUPLICATE_AFTER_SOURCE_REFRESH	tbl1.pak	0x015B61EB	Starfish Mask Recipe	海星面具配方
# DISABLED_DUPLICATE_AFTER_SOURCE_REFRESH	tbl1.pak	0x015B6251	Combat Gear (Top) H Recipe	战斗装备(上衣)H配方
# DISABLED_DUPLICATE_AFTER_SOURCE_REFRESH	tbl1.pak	0x015B62CF	Combat Gear (Pants) H Recipe	战斗装备(裤子)H配方
# DISABLED_DUPLICATE_AFTER_SOURCE_REFRESH	tbl1.pak	0x015B6355	Combat Gear (Shoes) H Recipe	战斗装备(鞋子)H配方
# DISABLED_DUPLICATE_AFTER_SOURCE_REFRESH	tbl1.pak	0x015B63DB	Combat Gear (Top) N Recipe	战斗装备(上衣)N配方
# DISABLED_DUPLICATE_AFTER_SOURCE_REFRESH	tbl1.pak	0x015B6459	Combat Gear (Pants) N Recipe	战斗装备(裤子)N配方
# DISABLED_DUPLICATE_AFTER_SOURCE_REFRESH	tbl1.pak	0x015B64DF	Combat Gear (Shoes) N Recipe	战斗装备(鞋子)N配方
# DISABLED_DUPLICATE_AFTER_SOURCE_REFRESH	tbl1.pak	0x015B6565	Combat Gear (Top) M Recipe	战斗装备(上衣)M配方
# DISABLED_DUPLICATE_AFTER_SOURCE_REFRESH	tbl1.pak	0x015B65E3	Combat Gear (Pants) M Recipe	战斗装备(裤子)M配方
# DISABLED_DUPLICATE_AFTER_SOURCE_REFRESH	tbl1.pak	0x015B6669	Combat Gear (Shoes) M Recipe	战斗装备(鞋子)M配方
# DISABLED_DUPLICATE_AFTER_SOURCE_REFRESH	tbl1.pak	0x015B66EF	Soul Gauntlets Recipe	灵魂臂甲配方
# DISABLED_DUPLICATE_AFTER_SOURCE_REFRESH	tbl1.pak	0x015B6759	Soul Gauntlets Recipe	灵魂臂甲配方
# DISABLED_DUPLICATE_AFTER_SOURCE_REFRESH	tbl1.pak	0x015B6841	Absolute Light Claws Recipe	绝对光爪配方
# DISABLED_DUPLICATE_AFTER_SOURCE_REFRESH	tbl1.pak	0x015B68C9	Dragon Battle Axe Recipe	龙战斗斧配方
# DISABLED_DUPLICATE_AFTER_SOURCE_REFRESH	tbl1.pak	0x015B693F	Yellow Dragon Scroll Recipe	黄色龙卷轴配方
# DISABLED_DUPLICATE_AFTER_SOURCE_REFRESH	tbl1.pak	0x015B69C1	Black Stone Gem Recipe	黑色石宝石配方
# DISABLED_DUPLICATE_AFTER_SOURCE_REFRESH	tbl1.pak	0x015B6A2F	New Grid Stick Recipe	新格纹棍配方
# DISABLED_DUPLICATE_AFTER_SOURCE_REFRESH	tbl1.pak	0x015B6A99	Electro-Optic Sword Recipe	电光-光学剑配方
tbl1.pak	0x015B6BF7	Black Dragon Fan Rare recipe	稀有黑龙扇配方
# DISABLED_DUPLICATE_AFTER_SOURCE_REFRESH	tbl1.pak	0x015B6B89	Thunder Wand Recipe	雷霆短杖配方
# DISABLED_DUPLICATE_AFTER_SOURCE_REFRESH	tbl1.pak	0x015B6BEB	Legend Long Trumpet Recipe	传说长号角配方
# DISABLED_DUPLICATE_AFTER_SOURCE_REFRESH	tbl1.pak	0x015B6CE7	Dragon Drum Recipe	龙鼓配方
# DISABLED_DUPLICATE_AFTER_SOURCE_REFRESH	tbl1.pak	0x015B6D45	Dragon Mask Recipe	龙面具配方
# DISABLED_DUPLICATE_AFTER_SOURCE_REFRESH	tbl1.pak	0x015B6DA3	Advanced Combat Gear (Top) H Recipe	高级战斗装备(上衣)H配方
# DISABLED_DUPLICATE_AFTER_SOURCE_REFRESH	tbl1.pak	0x015B6E45	Advanced Combat Gear (Pants) H Recipe	高级战斗装备(裤子)H配方
# DISABLED_DUPLICATE_AFTER_SOURCE_REFRESH	tbl1.pak	0x015B6EEF	Advanced Combat Gear (Shoes) H Recipe	高级战斗装备(鞋子)H配方
# DISABLED_DUPLICATE_AFTER_SOURCE_REFRESH	tbl1.pak	0x015B6F99	Advanced Combat Gear (Top) N Recipe	高级战斗装备(上衣)N配方
# DISABLED_DUPLICATE_AFTER_SOURCE_REFRESH	tbl1.pak	0x015B703B	Advanced Combat Gear (Pants) N Recipe	高级战斗装备(裤子)N配方
# DISABLED_DUPLICATE_AFTER_SOURCE_REFRESH	tbl1.pak	0x015B70E5	Advanced Combat Gear (Shoes) N Recipe	高级战斗装备(鞋子)N配方
# DISABLED_DUPLICATE_AFTER_SOURCE_REFRESH	tbl1.pak	0x015B718F	Advanced Combat Gear (Top) M Recipe	高级战斗装备(上衣)M配方
# DISABLED_DUPLICATE_AFTER_SOURCE_REFRESH	tbl1.pak	0x015B7231	Advanced Combat Gear (Pants) M Recipe	高级战斗装备(裤子)M配方
# DISABLED_DUPLICATE_AFTER_SOURCE_REFRESH	tbl1.pak	0x015B72DB	Advanced Combat Gear (Shoes) M Recipe	高级战斗装备(鞋子)M配方
# DISABLED_DUPLICATE_AFTER_SOURCE_REFRESH	tbl1.pak	0x015B7423	Namek Gloves Recipe	那美克手套配方
# DISABLED_DUPLICATE_AFTER_SOURCE_REFRESH	tbl1.pak	0x015B74E3	Strong Warrior Claws Recipe	强力战士爪配方
# DISABLED_DUPLICATE_AFTER_SOURCE_REFRESH	tbl1.pak	0x015B756B	Halberd Axe Recipe	戟斧配方
# DISABLED_DUPLICATE_AFTER_SOURCE_REFRESH	tbl1.pak	0x015B7627	Rainbow Gem Recipe	彩虹宝石配方
# DISABLED_DUPLICATE_AFTER_SOURCE_REFRESH	tbl1.pak	0x015B775B	Long Hit Fan Recipe	长希特扇配方
# DISABLED_DUPLICATE_AFTER_SOURCE_REFRESH	tbl1.pak	0x015B77BD	Plasma Wand Recipe	等离子短杖配方
# DISABLED_DUPLICATE_AFTER_SOURCE_REFRESH	tbl1.pak	0x015B781B	Light Trumpet Recipe	光号角配方
# DISABLED_DUPLICATE_AFTER_SOURCE_REFRESH	tbl1.pak	0x015B79DB	Super Combat Gear (Top) H Recipe	超级战斗装备(上衣)H配方
# DISABLED_DUPLICATE_AFTER_SOURCE_REFRESH	tbl1.pak	0x015B7A71	Super Combat Gear (Pants) H Recipe	超级战斗装备(裤子)H配方
# DISABLED_DUPLICATE_AFTER_SOURCE_REFRESH	tbl1.pak	0x015B7B0F	Super Combat Gear (Shoes) H Recipe	超级战斗装备(鞋子)H配方
# DISABLED_DUPLICATE_AFTER_SOURCE_REFRESH	tbl1.pak	0x015B7BAD	Super Combat Gear (Top) N Recipe	超级战斗装备(上衣)N配方
# DISABLED_DUPLICATE_AFTER_SOURCE_REFRESH	tbl1.pak	0x015B7C43	Super Combat Gear (Pants) N Recipe	超级战斗装备(裤子)N配方
# DISABLED_DUPLICATE_AFTER_SOURCE_REFRESH	tbl1.pak	0x015B7CE1	Super Combat Gear (Shoes) N Recipe	超级战斗装备(鞋子)N配方
# DISABLED_DUPLICATE_AFTER_SOURCE_REFRESH	tbl1.pak	0x015B7D7F	Super Combat Gear (Top) M Recipe	超级战斗装备(上衣)M配方
# DISABLED_DUPLICATE_AFTER_SOURCE_REFRESH	tbl1.pak	0x015B7E15	Super Combat Gear (Pants) M Recipe	超级战斗装备(裤子)M配方
# DISABLED_DUPLICATE_AFTER_SOURCE_REFRESH	tbl1.pak	0x015B7EB3	Super Combat Gear (Shoes) M Recipe	超级战斗装备(鞋子)M配方
# DISABLED_DUPLICATE_AFTER_SOURCE_REFRESH	tbl1.pak	0x015B8079	Valkyrie Staff Recipe	女武神杖配方
# DISABLED_DUPLICATE_AFTER_SOURCE_REFRESH	tbl1.pak	0x015B80E3	Mysterious Claws Recipe	神秘爪配方
# DISABLED_DUPLICATE_AFTER_SOURCE_REFRESH	tbl1.pak	0x015B815B	Death Axe Recipe	死亡之斧配方
# TAIWAN_OVERLAP_DISABLED_20260608	translation_in_taiwan_item_tables	refs=table_text_all_data.rdf:3:12752030:0;table_text_all_data.rdf:3:13752030:0
# tbl1.pak	0x015B81B1	Original Scroll Recipe	原始卷轴配方
# DISABLED_DUPLICATE_AFTER_SOURCE_REFRESH	tbl1.pak	0x015B821F	Rock Stone Gem Recipe	岩石石宝石配方
# DISABLED_DUPLICATE_AFTER_SOURCE_REFRESH	tbl1.pak	0x015B8385	Electro-Optic Fan Recipe	电光-光学扇配方
# DISABLED_DUPLICATE_AFTER_SOURCE_REFRESH	tbl1.pak	0x015B83FB	Valkyrie Wand Recipe	女武神短杖配方
# DISABLED_DUPLICATE_AFTER_SOURCE_REFRESH	tbl1.pak	0x015B85F5	Ultimate Combat Gear (Top) H Recipe	终极战斗装备(上衣)H配方
# DISABLED_DUPLICATE_AFTER_SOURCE_REFRESH	tbl1.pak	0x015B8697	Ultimate Combat Gear (Pants) H Recipe	终极战斗装备(裤子)H配方
# DISABLED_DUPLICATE_AFTER_SOURCE_REFRESH	tbl1.pak	0x015B8741	Ultimate Combat Gear (Shoes) H Recipe	终极战斗装备(鞋子)H配方
# DISABLED_DUPLICATE_AFTER_SOURCE_REFRESH	tbl1.pak	0x015B87EB	Ultimate Combat Gear (Top) N Recipe	终极战斗装备(上衣)N配方
# DISABLED_DUPLICATE_AFTER_SOURCE_REFRESH	tbl1.pak	0x015B888D	Ultimate Combat Gear (Pants) N Recipe	终极战斗装备(裤子)N配方
# DISABLED_DUPLICATE_AFTER_SOURCE_REFRESH	tbl1.pak	0x015B8937	Ultimate Combat Gear (Shoes) N Recipe	终极战斗装备(鞋子)N配方
# DISABLED_DUPLICATE_AFTER_SOURCE_REFRESH	tbl1.pak	0x015B89E1	Ultimate Combat Gear (Top) M Recipe	终极战斗装备(上衣)M配方
# DISABLED_DUPLICATE_AFTER_SOURCE_REFRESH	tbl1.pak	0x015B8A83	Ultimate Combat Gear (Pants) M Recipe	终极战斗装备(裤子)M配方
# DISABLED_DUPLICATE_AFTER_SOURCE_REFRESH	tbl1.pak	0x015B8B2D	Ultimate Combat Gear (Shoes) M Recipe	终极战斗装备(鞋子)M配方
# DISABLED_DUPLICATE_AFTER_SOURCE_REFRESH	tbl1.pak	0x015B8DAF	Killer Axe Recipe	杀手斧配方
# DISABLED_DUPLICATE_AFTER_SOURCE_REFRESH	tbl1.pak	0x015B8E0F	Dragon Scroll Recipe	龙卷轴配方
# DISABLED_DUPLICATE_AFTER_SOURCE_REFRESH	tbl1.pak	0x015B8E7B	Popo Gem Recipe	波波宝石配方
# DISABLED_DUPLICATE_AFTER_SOURCE_REFRESH	tbl1.pak	0x015B8FA1	Dragon Roar Fan Recipe	龙咆哮扇配方
# DISABLED_DUPLICATE_AFTER_SOURCE_REFRESH	tbl1.pak	0x015B900F	Black Steel Wand Recipe	黑色钢短杖配方
tbl1.pak	0x015BCCAB	Recipe Galactic Combat Gear (Top) H	银河战斗装备(上衣)H配方
tbl1.pak	0x015BCD87	Recipe Galactic Combat Gear (Pants) H	银河战斗装备(裤子)H配方
tbl1.pak	0x015BCE67	Recipe Galactic Combat Gear (Shoes) H	银河战斗装备(鞋子)H配方
tbl1.pak	0x015BCF47	Recipe Galactic Combat Gear (Top) N	银河战斗装备(上衣)N配方
tbl1.pak	0x015BD023	Recipe Galactic Combat Gear (Pants) N	银河战斗装备(裤子)N配方
tbl1.pak	0x015BD103	Recipe Galactic Combat Gear (Shoes) N	银河战斗装备(鞋子)N配方
tbl1.pak	0x015BD1E3	Recipe Galactic Combat Gear (Top) M	银河战斗装备(上衣)M配方
tbl1.pak	0x015BD2BF	Recipe Galactic Combat Gear (Pants) M	银河战斗装备(裤子)M配方
tbl1.pak	0x015BD39F	Recipe Galactic Combat Gear (Shoes) M	银河战斗装备(鞋子)M配方
tbl1.pak	*	Black Dragon Bus	黑龙巴士
tbl1.pak	0x0164CBDF	Super Powerful Shadow Claws Recipe	超级强力暗影爪配方
tbl1.pak	0x0164CE89	Super Powerful Dark Gem Recipe	超级强力黑暗宝石配方
tbl1.pak	0x0164CF4F	Super Powerful Awakening Stick Recipe	超级强力觉醒棍配方
tbl1.pak	0x0164D031	Super Powerful Thunder Sword Recipe	超级强力雷霆剑配方
tbl1.pak	0x0164D1E1	Super Powerful Awakening Wand Recipe	超级强力觉醒短杖配方
tbl1.pak	0x0164D531	Super Powerful Mysterious Mask Recipe	超级强力神秘面具配方
tbl1.pak	*	Dark Soul Pants Recipe	黑暗灵魂裤子配方
tbl1.pak	*	Dark Soul Shoes Recipe	黑暗灵魂鞋子配方
# DISABLED_DUPLICATE_AFTER_SOURCE_REFRESH	tbl1.pak	0x0164F42D	Dark Soul Armor Recipe	黑暗灵魂盔甲配方
# DISABLED_DUPLICATE_AFTER_SOURCE_REFRESH	tbl1.pak	0x0164F4D3	Dark Soul Pants Recipe	黑暗灵魂裤子配方
# DISABLED_DUPLICATE_AFTER_SOURCE_REFRESH	tbl1.pak	0x0164F579	Dark Soul Shoes Recipe	黑暗灵魂鞋子配方
# DISABLED_DUPLICATE_AFTER_SOURCE_REFRESH	tbl1.pak	0x0164F61F	Dark Soul Armor Recipe	黑暗灵魂盔甲配方
# DISABLED_DUPLICATE_AFTER_SOURCE_REFRESH	tbl1.pak	0x0164F6C5	Dark Soul Pants Recipe	黑暗灵魂裤子配方
# DISABLED_DUPLICATE_AFTER_SOURCE_REFRESH	tbl1.pak	0x0164F76B	Dark Soul Shoes Recipe	黑暗灵魂鞋子配方
# DISABLED_DUPLICATE_AFTER_SOURCE_REFRESH	tbl1.pak	0x0164F811	Dark Soul Armor Recipe	黑暗灵魂盔甲配方
# DISABLED_DUPLICATE_AFTER_SOURCE_REFRESH	tbl1.pak	0x0164F8B7	Dark Soul Pants Recipe	黑暗灵魂裤子配方
# DISABLED_DUPLICATE_AFTER_SOURCE_REFRESH	tbl1.pak	0x0164F95D	Dark Soul Shoes Recipe	黑暗灵魂鞋子配方
# DISABLED_DUPLICATE_AFTER_SOURCE_REFRESH	tbl1.pak	0x0164FA03	Dark Soul Armor Recipe	黑暗灵魂盔甲配方
# DISABLED_DUPLICATE_AFTER_SOURCE_REFRESH	tbl1.pak	0x0164FAA9	Dark Soul Pants Recipe	黑暗灵魂裤子配方
# DISABLED_DUPLICATE_AFTER_SOURCE_REFRESH	tbl1.pak	0x0164FB4F	Dark Soul Shoes Recipe	黑暗灵魂鞋子配方
# DISABLED_DUPLICATE_AFTER_SOURCE_REFRESH	tbl1.pak	0x0164FBF5	Dark Soul Armor Recipe	黑暗灵魂盔甲配方
# DISABLED_DUPLICATE_AFTER_SOURCE_REFRESH	tbl1.pak	0x0164FC9B	Dark Soul Pants Recipe	黑暗灵魂裤子配方
# DISABLED_DUPLICATE_AFTER_SOURCE_REFRESH	tbl1.pak	0x0164FD41	Dark Soul Shoes Recipe	黑暗灵魂鞋子配方
tbl1.pak	0x016503F7	Dark Soul Claws Recipe	黑暗灵魂爪配方
tbl1.pak	0x0165049D	Dark Soul Axe Recipe	黑暗灵魂斧配方
tbl1.pak	0x0165053B	Dark Soul Scroll Recipe	黑暗灵魂卷轴配方
tbl1.pak	0x016505E5	Dark Soul Gem Recipe	黑暗灵魂宝石配方
tbl1.pak	0x01650683	Dark Soul Stick Recipe	黑暗灵魂棍配方
tbl1.pak	0x01650729	Dark Soul Sword Recipe	黑暗灵魂剑配方
tbl1.pak	0x016507CF	Dark Soul Fan Recipe	黑暗灵魂扇配方
tbl1.pak	0x0165086D	Dark Soul Wand Recipe	黑暗灵魂短杖配方
tbl1.pak	0x0165090F	Dark Soul Trumpet Recipe	黑暗灵魂号角配方
tbl1.pak	0x016509BD	Dark Soul Club Recipe	黑暗灵魂棒配方
tbl1.pak	0x01650A5F	Dark Soul Drum Recipe	黑暗灵魂鼓配方
tbl1.pak	0x01650B01	Dark Soul Mask Recipe	黑暗灵魂面具配方
tbl1.pak	0x016565AD	Black Dragon Ring Type A	黑龙戒指A型
tbl1.pak	0x01656663	Black Dragon Ring Type B	黑龙戒指B型
tbl1.pak	0x01656699	Black Dragon Earring type A	黑龙耳环A型
tbl1.pak	0x016566D5	Black Dragon Earring type B	黑龙耳环B型
tbl1.pak	0x01656797	Black Dragon Necklace	黑龙项链
# DISABLED_DUPLICATE_AFTER_SOURCE_REFRESH	tbl1.pak	0x0168F9BB	Black Dragon Bus	黑龙巴士
tbl1.pak	*	Epic White U Stone U75 (Recipe)	史诗白色U石U75配方
# DISABLED_DUPLICATE_AFTER_SOURCE_REFRESH	tbl1.pak	0x0169622F	Epic White U Stone U75 (Recipe)	史诗白色U石U75配方
tbl1.pak	0x01696459	Epic Yellow U Stone U75 (Recipe)	史诗黄色U石U75配方
tbl1.pak	*	Epic Armor U Stone U75 (Recipe)	史诗盔甲U石U75配方
tbl1.pak	*	Epic Weapon U Stone U75 (Recipe)	史诗武器U石U75配方
# DISABLED_DUPLICATE_AFTER_SOURCE_REFRESH	tbl1.pak	0x016979C1	Epic Armor U Stone U75 (Recipe)	史诗盔甲U石U75配方
# DISABLED_DUPLICATE_AFTER_SOURCE_REFRESH	tbl1.pak	0x01697A7F	Epic Weapon U Stone U75 (Recipe)	史诗武器U石U75配方
tbl1.pak	0x01698139	Epic Weapon U Stone U70 (Recipe)	史诗武器U石U70配方
tbl1.pak	*	Epic Armor U Stone U70 (Recipe)	史诗盔甲U石U70配方
tbl1.pak	0x016982AB	Epic White U Stone U70 (Recipe)	史诗白色U石U70配方
# DISABLED_DUPLICATE_AFTER_SOURCE_REFRESH	tbl1.pak	0x016982BD	Epic Armor U Stone U70 (Recipe)	史诗盔甲U石U70配方
tbl1.pak	0x016B17D9	(Human)Shadow Sovereign Armor Recipe	(人类)暗影暴君盔甲配方
tbl1.pak	0x016B18A9	(Human)Shadow Sovereign Pants Recipe	(人类)暗影暴君裤子配方
tbl1.pak	0x016B1A49	(Namek)Shadow Sovereign Armor Recipe	(那美克)暗影暴君盔甲配方
tbl1.pak	0x016B1B19	(Namek)Shadow Sovereign Pants Recipe	(那美克)暗影暴君裤子配方
tbl1.pak	0x016B1BE9	(Namek)Shadow Sovereign Shoes Recipe	(那美克)暗影暴君鞋子配方
tbl1.pak	0x016B1CB9	(Majin)Shadow Sovereign Armor Recipe	(魔人)暗影暴君盔甲配方
tbl1.pak	0x016B1D89	(Majin)Shadow Sovereign Pants Recipe	(魔人)暗影暴君裤子配方
tbl1.pak	0x016B1E59	(Majin)Shadow Sovereign Shoes Recipe	(魔人)暗影暴君鞋子配方
tbl1.pak	0x016B2299	Shadow Sovereign Axe Recipe	暗影暴君斧配方
tbl1.pak	0x016B2353	Shadow Sovereign Scroll Recipe	暗影暴君卷轴配方
tbl1.pak	0x016B2419	Shadow Sovereign Gem Recipe	暗影暴君宝石配方
tbl1.pak	0x016B24D3	Shadow Sovereign Stick Recipe	暗影暴君棒配方
tbl1.pak	0x016B2595	Shadow Sovereign Sword Recipe	暗影暴君剑配方
tbl1.pak	0x016B2711	Shadow Sovereign Wand Recipe	暗影暴君短棍配方
tbl1.pak	0x016B27CF	Shadow Sovereign Trumpet Recipe	暗影暴君号配方
tbl1.pak	0x016B2899	Shadow Sovereign Club Recipe	暗影暴君棍配方
tbl1.pak	0x016B2957	Shadow Sovereign Drum Recipe	暗影暴君鼓配方
tbl1.pak	0x016B2A15	Shadow Sovereign Mask Recipe	暗影暴君面具配方
# TEST_BLOCK_TBL_RECIPE_BULK_SAFE_20260607_END

# TEST_BLOCK_TBL_SHADOW_GLOVES_RECIPE_20260607_BEGIN
tbl1.pak	0x016B1F29	Shadow Sovereign Gloves TYPE-A Recipe (Physical)	暗影暴君物理手套配方
tbl1.pak	0x016B2021	Shadow Sovereign Gloves TYPE-B Recipe (Energy)	暗影暴君气功手套配方
# TEST_BLOCK_TBL_SHADOW_GLOVES_RECIPE_20260607_END


tbl1.pak	0x016B2AD3	Shadow Mech RING A Recipe	暗影机械戒指A配方	
tbl1.pak	0x016B2B85	Shadow Mech RING B Recipe	暗影机械戒指B配方	
tbl1.pak	0x016B2C37	Shadow Mech Earring A Recipe	暗影机械耳环A配方	
tbl1.pak	0x016B2CF5	Shadow Mech Earring B Recipe	暗影机械耳环B配方	
tbl1.pak	0x016B2DB3	Shadow Mech Necklace Recipe	暗影机械项链配方

tbl1.pak	0x016B3A99	Shadow Mech Boss Fragment	暗影机械Boss碎片
tbl1.pak	0x016B3E1D	Invasion Fragment	弗利萨入侵碎片
tbl1.pak	0x016B4189	Legendary Fragment	传说碎片
# DISABLED_DUPLICATE_AFTER_SOURCE_REFRESH	tbl1.pak	0x016B4107	Divine Fragment	神圣碎片
# DISABLED_DUPLICATE_AFTER_SOURCE_REFRESH	tbl1.pak	0x016B412B	Hakai Fragment	破坏碎片
tbl1.pak	0x0169913D	World Boss Fragment	世界Boss碎片
tbl1.pak	0x016B5DBF	Moro Essence	摩罗精华
tbl1.pak	0x016B8989	BID Freeza Coin	BID弗利萨硬币
tbl1.pak	0x014B5E7F	Certificate Soul	证书之魂

# FREEZA_FRIEZA_BLOCK_20260607_BEGIN
tbl0.pak	0x00DCEBE5	Freeza Mascote	弗利萨吉祥物
tbl0.pak	0x013B752B	FreezaCapsule	弗利萨胶囊
tbl0.pak	0x013B76A7	FreezaFrag	弗利萨碎片
tbl0.pak	0x013B810B	FreezaCoin	弗利萨硬币
tbl1.pak	0x0047C359	Freeza Plus	弗利萨Plus
tbl1.pak	0x0047CAD9	FreezaSoldier1	弗利萨士兵1
tbl1.pak	0x0047CD59	FreezaSoldier2	弗利萨士兵2
tbl1.pak	0x0047CFD9	FreezaSoldier3	弗利萨士兵3
tbl1.pak	0x0047D259	FreezaSoldier4	弗利萨士兵4
tbl1.pak	0x0048D8D9	FreezaInvasion	弗利萨入侵
tbl1.pak	0x0048E059	GoldenFreezaInv	黄金弗利萨入侵
tbl1.pak	0x00F86000	[br]Defeat the Frieza Army!	[br]击败弗利萨军!
tbl1.pak	0x016CA5B0	Freeza Shop	弗利萨商店
# DISABLED_DUPLICATE_AFTER_SOURCE_REFRESH	tbl1.pak	0x0180A9BA	Frieza Residual's Base	弗利萨残党的基地
# DISABLED_DUPLICATE_AFTER_SOURCE_REFRESH	tbl1.pak	0x0180BFBA	Frieza's Remnants Invasion	弗利萨残党入侵
# DISABLED_DUPLICATE_AFTER_SOURCE_REFRESH	tbl1.pak	0x0180BFF4	Frieza's Pit	弗利萨深坑
# DISABLED_DUPLICATE_AFTER_SOURCE_REFRESH	tbl1.pak	0x0180C05E	Frieza's Remnants HQ	弗利萨残党总部
# DISABLED_DUPLICATE_AFTER_SOURCE_REFRESH	tbl1.pak	0x0180C0EE	Frieza's Great Statue	弗利萨大雕像
# DISABLED_DUPLICATE_AFTER_SOURCE_REFRESH	tbl1.pak	0x0180D7AC	Freeza Spaceship	弗利萨宇宙船
tbl1.pak	0x018221D8	Frieza Residual's Communication Data	弗利萨残党通信资料
tbl1.pak	0x0182DFD4	Frieza Residual Party Drink Water	弗利萨残党饮用水
tbl1.pak	0x0182F07E	Frieza's Army Confidential File	弗利萨军机密文件
tbl1.pak	0x0183A648	Notes from Frieza's Army.	弗利萨军的笔记。
# DISABLED_DUPLICATE_AFTER_SOURCE_REFRESH	tbl1.pak	0x018CA83C	Emperor Frieza	弗利萨皇帝
tbl1.pak	0x008C489D	FreezaFragCapsule	弗利萨碎片胶囊
tbl1.pak	0x011FDC05	FreezatoGolden	弗利萨变黄金
tbl1.pak	0x011FDD61	1FreezaSkill	1弗利萨技能
tbl1.pak	0x011FDEBD	2FreezaSkill	2弗利萨技能
tbl1.pak	0x012E0061	Frieza's Army Military Rations	弗利萨军军粮
tbl1.pak	0x012E0467	Frieza's Army Superior Mineral Water	弗利萨军高级矿泉水
# DISABLED_DUPLICATE_AFTER_SOURCE_REFRESH	tbl1.pak	0x0140332D	Freeza Pet	弗利萨宠物
tbl1.pak	0x014033F3	Final Freeza Pet	最终弗利萨宠物
tbl1.pak	0x01403419	Kimono Freeza Pet	和服弗利萨宠物
tbl1.pak	0x01403441	Golden Freeza Pet	黄金弗利萨宠物
# DISABLED_DUPLICATE_AFTER_SOURCE_REFRESH	tbl1.pak	0x015EE8ED	Frieza Head (Mecha)	弗利萨头(机械)
# DISABLED_DUPLICATE_AFTER_SOURCE_REFRESH	tbl1.pak	0x015EE919	Imitation of Frieza	弗利萨仿制品
# DISABLED_DUPLICATE_AFTER_SOURCE_REFRESH	tbl1.pak	0x015EE9B5	Frieza Head (Final Form)	弗利萨头(最终形态)
# DISABLED_DUPLICATE_AFTER_SOURCE_REFRESH	tbl1.pak	0x015EEA87	Frieza Head (3rd Form)	弗利萨头(第三形态)
# DISABLED_DUPLICATE_AFTER_SOURCE_REFRESH	tbl1.pak	0x015EEB55	Frieza Head (2nd Form)	弗利萨头(第二形态)
# DISABLED_DUPLICATE_AFTER_SOURCE_REFRESH	tbl1.pak	0x015F010F	Frieza Dogi (Mecha)	弗利萨时装(机械)
# DISABLED_DUPLICATE_AFTER_SOURCE_REFRESH	tbl1.pak	0x015F013B	Imitation of Mecha Frieza	机械弗利萨仿制品
# DISABLED_DUPLICATE_AFTER_SOURCE_REFRESH	tbl1.pak	0x015F01DF	Frieza Dogi (Final Form)	弗利萨时装(最终形态)
# DISABLED_DUPLICATE_AFTER_SOURCE_REFRESH	tbl1.pak	0x015F02B1	Frieza Dogi (3rd Form)	弗利萨时装(第三形态)
# DISABLED_DUPLICATE_AFTER_SOURCE_REFRESH	tbl1.pak	0x015F037B	Frieza Dogi (2nd Form)	弗利萨时装(第二形态)
tbl1.pak	0x01621C3D	Freeza LV1	弗利萨LV1
tbl1.pak	0x01621C57	Final Freeza LV2	最终弗利萨LV2
tbl1.pak	0x01621C7D	Kimono Freeza LV3	和服弗利萨LV3
tbl1.pak	0x01621CA5	Golden Freeza LV4	黄金弗利萨LV4
tbl1.pak	0x01653D8F	Mecha Freeza Mask	机械弗利萨面具
tbl1.pak	0x01653DB7	A Part of Mecha Freeza	机械弗利萨的一部分
# DISABLED_DUPLICATE_AFTER_SOURCE_REFRESH	tbl1.pak	0x016B8663	Freeza Fragment	弗利萨碎片
tbl1.pak	0x016B8733	BID Freeza Capsule	BID弗利萨胶囊
tbl1.pak	0x016B89AD	BID Freeza Fragment	BID弗利萨碎片
tbl1.pak	0x016DDF67	Frieza's Picked Sniper	弗利萨精选狙击手
# DISABLED_DUPLICATE_AFTER_SOURCE_REFRESH	tbl1.pak	0x016F6349	Frieza's Army Signalman	弗利萨军信号兵
# DISABLED_DUPLICATE_AFTER_SOURCE_REFRESH	tbl1.pak	0x016F6D7B	Wandering Frieza's Invader	游荡的弗利萨入侵者
# DISABLED_DUPLICATE_AFTER_SOURCE_REFRESH	tbl1.pak	0x016FA5B9	Frieza's Army Secret Police	弗利萨军秘密警察
tbl1.pak	0x0170A8F7	Hovering Army of Frieza	悬浮的弗利萨军
tbl1.pak	0x0170A9DD	Frieza's Army Plundering Specialist	弗利萨军掠夺专家
tbl1.pak	0x0170AA89	Frieza's Army Revenant	弗利萨军亡魂
tbl1.pak	0x0170BFDF	Frieza Assault Robot	弗利萨突击机器人
tbl1.pak	0x0170E91F	Frieza Humanoid Battler	弗利萨人形战士
tbl1.pak	0x0170EBD5	Frieza Real Fighter	弗利萨真实战士
# DISABLED_DUPLICATE_AFTER_SOURCE_REFRESH	tbl1.pak	0x0171255B	Frieza (Second Form)	弗利萨(第二形态)
tbl1.pak	0x01712703	Frieza (Final Form)	弗利萨(最终形态)
tbl1.pak	0x017136AB	Frieza's Intel Scout	弗利萨情报侦察兵
tbl1.pak	0x01713721	Frieza's Guerrilla Sapper	弗利萨游击工兵
# DISABLED_DUPLICATE_AFTER_SOURCE_REFRESH	tbl1.pak	0x01713747	Frieza's Guerrilla Robot	弗利萨游击机器人
tbl1.pak	0x017139BF	Frieza's Intel Supply Soldier	弗利萨情报补给兵
tbl1.pak	0x017139FF	Frieza's Field Batter Signalman	弗利萨野战信号兵
# DISABLED_DUPLICATE_AFTER_SOURCE_REFRESH	tbl1.pak	0x017138F7	Frieza's Guerrilla Scout	弗利萨游击侦察兵
tbl1.pak	0x01713AAF	Frieza's Intel Battler	弗利萨情报战士
tbl1.pak	0x01713AE1	Frieza's Intel Signalman	弗利萨情报信号兵
# DISABLED_DUPLICATE_AFTER_SOURCE_REFRESH	tbl1.pak	0x017139CB	Frieza's Field Battle Guerrilla	弗利萨野战游击兵
tbl1.pak	0x01713B9F	Frieza's Guerrilla Medic	弗利萨游击医疗兵
tbl1.pak	0x01713BD5	Frieza's Intel Patrol	弗利萨情报巡逻兵
tbl1.pak	0x01713C05	Frieza's Guerrilla Battler	弗利萨游击战士
tbl1.pak	0x01713C5F	Frieza's Battle Assault Team	弗利萨战斗突击队
# DISABLED_DUPLICATE_AFTER_SOURCE_REFRESH	tbl1.pak	0x01713E8D	Psychic Freeza	念力弗利萨
tbl1.pak	0x01714777	Freeza(Final Form)	弗利萨(最终形态)
# DISABLED_DUPLICATE_AFTER_SOURCE_REFRESH	tbl1.pak	0x01714655	Golden Freeza	黄金弗利萨
tbl1.pak	0x017147C1	Freeza Soldier	弗利萨士兵
# DISABLED_DUPLICATE_AFTER_SOURCE_REFRESH	tbl1.pak	0x0181951D	Frieza's Army Transmitter	弗利萨军发信器
tbl1.pak	0x0181972D	Frieza's Army Radar	弗利萨军雷达
tbl1.pak	0x01819759	Frieza's Army Battle Camp	弗利萨军战斗营地
tbl1.pak	0x01819791	Frieza's Army Mother Ship	弗利萨军母舰
tbl1.pak	0x018197C9	Frieza's Army Scouter Plane	弗利萨军侦察机
# DISABLED_DUPLICATE_AFTER_SOURCE_REFRESH	tbl1.pak	0x0181AF87	Frieza's Army Computer	弗利萨军电脑
tbl1.pak	0x0181B191	Frieza's Army Oil Tank	弗利萨军油箱
tbl1.pak	0x0181B579	Frieza's Army Repair Box	弗利萨军修理箱
tbl1.pak	0x0181B5AF	Frieza's Army Spaceship	弗利萨军宇宙船
tbl1.pak	0x0181B613	Frieza's Army First-Aid Box	弗利萨军急救箱
tbl1.pak	0x0181C6CD	Prison of Frieza's Army	弗利萨军监狱
tbl1.pak	0x01861F57	Frieza's DNA	弗利萨DNA
tbl1.pak	0x01866707	Frieza's Army UFO Engine	弗利萨军UFO引擎
# DISABLED_DUPLICATE_AFTER_SOURCE_REFRESH	tbl1.pak	0x01866565	Frieza's Army Teleporter	弗利萨军传送器
# DISABLED_DUPLICATE_AFTER_SOURCE_REFRESH	tbl1.pak	0x018665D3	Frieza's Army Mothership	弗利萨军母舰
tbl1.pak	0x0186908F	Frieza's Planet	弗利萨行星
# DISABLED_DUPLICATE_AFTER_SOURCE_REFRESH	tbl1.pak	0x018CABEF	BID5 Freeza Invasion	BID5弗利萨入侵
# FREEZA_FRIEZA_BLOCK_20260607_END

tbl1.pak	*	Stun Duration Decrease %d%%	眩晕持续时间减少%d%%	
tbl1.pak	*	Skill Lock Duration Decrease %d%%	技能锁定持续时间减少%d%%	

