file	id	source_text	translation
local_data.dat	DST_FFA_ARENA_SIDEICON_TITLE	PvP Arena (FFA)
local_data.dat	DST_FFA_ARENA_NOTIFY_OPEN	Event window open. Registered: %d. Use Register in the side panel.
local_data.dat	DST_FFA_ARENA_NOTIFY_READY	%d players registered. Teleport starts when the match begins.
local_data.dat	DST_FFA_ARENA_NOTIFY_COMBAT	FFA combat in progress. Fighters in arena: %d.
local_data.dat	DST_FFA_ARENA_HELP_BODY	"[font color=""""FFFFFF""""]Free-for-all PvP arena event.[br][br]• Open this panel and tap Register during the event window.[br]• With 2+ players you are teleported automatically.[br]• Fight until the event ends.[br][br]Ask city NPCs for schedule info.[/font]"
local_data.dat	DST_FFA_ARENA_REGISTER_BTN	Register
local_data.dat	DST_FFA_ARENA_REGISTER_ALREADY	You are already registered for this event.
local_data.dat	DST_FFA_ARENA_REGISTER_NOT_ACTIVE	The event is not open.
local_data.dat	DST_FFA_ARENA_REGISTER_NOT_READY	The arena is not configured on this server.
local_data.dat	DST_FFA_ARENA_REGISTER_FAIL	Registration failed.
local_data.dat	DST_FFA_ARENA_RANK_HEADER	Player Kills
local_data.dat	DST_FFA_ARENA_RANK_EMPTY	No registered players yet.
local_data.dat	DST_FFA_ARENA_RANK_CLOSE	Close
local_data.dat	DST_CHANGE_ITEMBATTLEATTR_BTN_CANCEL_TOOLTIP	Return to element selection without spending Zeni.
local_data.dat	DST_CHANGE_ITEMBATTLEATTR_BTN_OK_TOOLTIP	Confirm and apply the selected element to your item.
local_data.dat	DST_ITEMBATTLEATTR_INFO_ELEMENT_CLICK	Click to select this element for your item.
local_data.dat	DST_ITEMBATTLEATTR_INFO_ELEMENT_FAIL	If it fails, the item PROP is cleared.
local_data.dat	DST_ITEMBATTLEATTR_INFO_ELEMENT_TITLE	Element Slot
local_data.dat	DST_ITEMBATTLEATTR_INFO_ITEM_SLOT	Insert gloves or jacket here.
local_data.dat	DST_ITEMBATTLEATTR_MSG_READY	"[font size = """"10"""" color = """"ffffff""""]Item ready.[br]Selected element: %s[br]Press Change Attributes to confirm.[/font]"
local_data.dat	DST_ITEMBATTLEATTR_MSG_SELECT_ELEMENT	"[font size = """"10"""" color = """"ffffff""""]Item inserted.[br]Click an element slot to choose the PROP you want.[br]No sacrifice item required.[/font]"
local_data.dat	DST_ITEMBATTLEATTR_NOTIFY_SELECT_ELEMENT	Select an element before continuing.
local_data.dat	DST_ITEMBATTLEATTR_VIP_REMOTE_ONLY	VIP members can open Change Attributes remotely from the status bar.
local_data.dat	DST_VIP_REMOTE_HUB_TITLE	VIP Remote Services
local_data.dat	DST_VIP_REMOTE_EVENT_REWARD	Event Reward
local_data.dat	DST_VIP_REMOTE_HUB_OPEN_FAIL	Could not open VIP menu. Rebuild the client and ensure vipremotehubgui.frm is in the gui folder.
local_data.dat	DST_CHARTITLE_FILTER_OWNED	Owned Titles Only
local_data.dat	DST_EQUIP_SLOT_TYPE_FULLBODY	Transform
local_data.dat	DST_ELEMENT_CYCLE_TIP	Elements: Water > Fire > Wind > Ice > Lightning > Water (+10%% advantage)
local_data.dat	DST_ITEM_GRADE_HERO	Divine
local_data.dat	DST_ITEM_GRADE_MYTHIC	Hakai
local_data.dat	DST_MAILSYSTEM_TOOLTIP_RECEIVE_ALL	Receive items and Zeni from eligible mail (up to 6 per use, 15s cooldown).
local_data.dat	DST_MAILSYSTEM_TOOLTIP_DELETE_RESOLVED	Delete resolved mail in batches of 6.
local_data.dat	DST_MAILSYSTEM_MSG_RECEIVE_ALL_COOLDOWN	Please wait 15 seconds before trying again.
local_data.dat	DST_HUD_REMOTE_SERVICE_COMBAT	Cannot open Mail or Auction House while in combat.
local_data.dat	DST_HUD_REMOTE_SERVICE_COOLDOWN	Please wait %u seconds before opening again.
local_data.dat	DST_HUD_REMOTE_SERVICE_OPEN_NOTICE	Mail and Auction House will close automatically when you enter combat.
local_data.dat	DST_HUD_REMOTE_AUCTION_TOOLTIP	Auction House
local_data.dat	DST_MAILSYSTEM_MSG_RECEIVE_ALL_NONE	No mail available to receive.
local_data.dat	DST_MAILSYSTEM_MSG_DELETE_RESOLVED_NONE	No resolved mail to delete.
local_data.dat	DST_COMPANION_STATUS_SUBTITLE	Corp. Capsule Companion
local_data.dat	DST_NOTIFY_RESETS_UP	Reset Up!(%u - %u)
local_data.dat	DST_SEWING_KIT_DISASSEMBLE_PROGRESS,12,0,0,1,0,0,0,NOT_DEFINE,NO_TOOLTIP,0,NOT_DEFINE,NO_TOOLTIP,0,NOT_DEFINE,NO_TOOLTIP,0,NOT_DEFINE,NO_TOOLTIP;AIR_CANNOT_FLY_ACCEL	Unable to accelerate in air mode.
local_data.dat	AIR_CANNOT_FLY_JUMP_NOT_ENOUGH_AP	Flight requires at least 10AP.
local_data.dat	AIR_CANNOT_USE_ITEM_NO_HAVE_AIR_SKILL	You need the flight ability to use that.
local_data.dat	AUTH_AUTHKEY_FAIL	"[align = """"center""""][font size = """"12"""" color=""""f4d762""""]Authentication Confirmation[/font][br][br][font size = """"10"""" color=""""f36a7c""""]Authentication failed.[/font]"
local_data.dat	AUTH_COMMON_CANT_DO_THAT_FOR_SOME_REASON	Not able to process at the moment.
local_data.dat	AUTH_DB_FAIL	"[align = """"center""""][font size = """"12"""" color=""""f4d762""""]DB Connection[/font][br][br][font size = """"10"""" color=""""f36a7c""""]Failed to load data, please try again later.[/font]"
local_data.dat	AUTH_FAIL	"[align = """"center""""][font size = """"12"""" color=""""f4d762""""]System Description[/font][br][br][font size = """"10"""" color=""""f36a7c""""]If the error persists, please contact customer service.(#A)[/font]"
local_data.dat	AUTH_INVALID_CJI_KOR_COOKIE	"[align = """"center""""][font size = """"12"""" color=""""f4d762""""]Game Connection Description[/font][br][br][font size = """"10"""" color=""""f36a7c""""]Invalid Cookie was input.[/font]"
local_data.dat	AUTH_IP_BLOCK	"[align = """"center""""][font size = """"12"""" color=""""f4d762""""]Connection Blocked[/font][br][br][font size = """"10"""" color=""""f36a7c""""]Your IP is blocked[/font]"
local_data.dat	AUTH_NO_AVAILABLE_CHARACTER_SERVER	"[align = """"center""""][font size = """"12"""" color=""""f4d762""""]Server Connection[/font][br][br][font size = """"10"""" color=""""f36a7c""""]There is no connection to the server currently,[br]please wait and retry later.[/font]"
local_data.dat	AUTH_SERVER_LOCKED	"[align = """"center""""][font size = """"12"""" color=""""f4d762""""]Server Connection[/font][br][br][font size = """"10"""" color=""""f36a7c""""]Connection to the server has been locked, please try again later.[/font]"
local_data.dat	AUTH_TOO_LONG_ACCOUNT	"[align = """"center""""][font size = """"12"""" color=""""f4d762""""]Enter a Nickname[/font][br][br][font size = """"10"""" color=""""f36a7c""""]Please input a 2~8 worded Chinese/Hangul name.[/font]"
local_data.dat	AUTH_TOO_LONG_PASSWORD	"[align = """"center""""][font size = """"12"""" color=""""f4d762""""]Enter Password[/font][br][br][font size = """"10"""" color=""""f36a7c""""]Enter a 4-6 letter password containing English letters and numbers.[/font]"
local_data.dat	AUTH_USER_BLOCK	"[align = """"center""""][font size = """"12"""" color=""""f4d762""""]Account Notification[/font][br][br][font size = """"10"""" color=""""f36a7c""""]This account has been blocked.[/font]"
local_data.dat	AUTH_USER_EXIST	"[align = """"center""""][font size = """"12"""" color=""""f4d762""""]Username Confirmation[/font][br][br][font size = """"10"""" color=""""f36a7c""""]This account is already connected, please verify that your username is correct.[/font]"
local_data.dat	AUTH_USER_EXIST_IN_CHARACTER_SERVER	"[align = """"center""""][font size = """"12"""" color=""""f4d762""""]Character Connection Confirmation[/font][br][br][font size = """"10"""" color=""""f36a7c""""]This character is currently connected,[br]please try again later.[/font]"
local_data.dat	AUTH_USER_KICKOUT_WAIT_PLZ	"[align = """"center""""][font size = """"12"""" color=""""f4d762""""]Game Connection Description[/font][br][br][font size = """"10"""" color=""""f36a7c""""]Player has been disconnected, please try again.[/font]"
local_data.dat	AUTH_USER_NOT_FOUND	"[align = """"center""""][font size = """"12"""" color=""""f4d762""""]Username Confirmation[/font][br][br][font size = """"10"""" color=""""f36a7c""""]This account doesn't exist.[br]Please verify that your username is correct.[/font]"
local_data.dat	AUTH_USER_SAMENAME_EXIST	"[align = """"center""""][font size = """"12"""" color=""""f4d762""""]Account Confirmation[/font][br][br][font size = """"10"""" color=""""f36a7c""""]The account is currently connected to the server, please try again later. [/font]"
local_data.dat	AUTH_USER_TEMPORARY_BLOCK	"[align = """"center""""][font size = """"12"""" color=""""f4d762""""]Connection Description[/font][br][br][font size = """"10"""" color=""""f36a7c""""]This account is currently restricted, please try again later.[/font]"
local_data.dat	AUTH_VERSION_FAIL	"[align = """"center""""][font size = """"12"""" color=""""f4d762""""]Game Version Confirmation[/font][br][br][font size = """"10"""" color=""""f36a7c""""]The game isn't updated to the latest version, please re-run to update.[/font]"
local_data.dat	AUTH_WEB_CHECK_AUTH_FAIL	"[align = """"center""""][font size = """"12"""" color=""""f4d762""""]User Authentication Problem[/font][br][br][font size = """"10"""" color=""""f36a7c""""]For User Authentication, please refer to the website.[/font]"
local_data.dat	AUTH_WRONG_PASSWORD	"[align = """"center""""][font size = """"12"""" color=""""f4d762""""]Password Confirmation[/font][br][br][font size = """"10"""" color=""""f36a7c""""]Incorrect password[br]Please check to see if you have Caps Lock on.[/font]"
local_data.dat	CANT_MOVE_ITEM_TO_MASCOT_BAG	Items can't be moved to the Pet backpack
local_data.dat	CASHITEM_FAIL	Black Stone HoiPoi isn't available.
local_data.dat	CASHITEM_FAIL_BANK_ALREADY_EXIST	Shared Warehouse already exists.
local_data.dat	CASHITEM_FAIL_CANT_BUY_CURRENT_SERVER	This item can't be bought on this server.
local_data.dat	CASHITEM_FAIL_CANT_FIND_CHARNAME	Can't find name.
local_data.dat	CASHITEM_FAIL_CANT_GIFT_MYSELF	Can't be gifted to yourself.
local_data.dat	CASHITEM_FAIL_CANT_RENEWAL	You can't renew the expiration date on this item.
local_data.dat	CASHITEM_FAIL_CONFIRM_ERROR	Purchase system failed to confirm, please try again.
local_data.dat	CASHITEM_FAIL_NEED_MORE_CASH	"[align = """"center""""][font size = """"12"""" color=""""f4d762""""]Cash Balance[/font][br][br][font size = """"10"""" color=""""f36a7c""""]Do you wish to refill your cash balance?[/font]"
local_data.dat	CASHITEM_FAIL_NETWORK_ERROR	There is a problem in the network. Please try again in a few minutes.
local_data.dat	CASHITEM_FAIL_NOT_DEFINED_SYSTEM	This server can't use this cash service.
local_data.dat	CASHITEM_FAIL_NOT_EXIST_ITEM	This item doesn't exist.
local_data.dat	CASHITEM_FAIL_NOT_ON_SALE_ITEM	This item can't be sold.
local_data.dat	CASHITEM_FAIL_NOT_READY_SERVICE	A server maintenance has occurred, please try again later.
local_data.dat	CASHITEM_FAIL_UNKNOWN_ERROR	A system error has occurred. Please try again in a few minutes.
local_data.dat	CHARACTER_AUTHKEY_CREATE_FAIL	"[align = """"center""""][font size = """"12"""" color=""""f4d762""""]Character Authentication Confirmation[/font][br][br][font size = """"10"""" color=""""f36a7c""""]Character authentication check failed.[/font]"
local_data.dat	CHARACTER_AUTHKEY_FAIL	"[align = """"center""""][font size = """"12"""" color=""""f4d762""""]Authentication Confirmation[/font][br][br][font size = """"10"""" color=""""f36a7c""""]Character authentication failed, please try again[/font]"
local_data.dat	CHARACTER_AUTHKEY_MISMATCH	"[align = """"center""""][font size = """"12"""" color=""""f4d762""""]Authentication Confirmation[/font][br][br][font size = """"10"""" color=""""f36a7c""""]Character confirmation error, please try again later.[/font]"
local_data.dat	CHARACTER_AUTHKEY_NOT_FOUND	"[align = """"center""""][font size = """"12"""" color=""""f4d762""""]Character Confirmation[/font][br][br][font size = """"10"""" color=""""f36a7c""""]Unable to confirm character, please try again.[/font]"
local_data.dat	CHARACTER_BLOCK_STRING_INCLUDED	"[align = """"center""""][font size = """"12"""" color=""""f4d762""""]Taboo Word[/font][br][br][font size = """"10"""" color=""""f36a7c""""]Player has said a Taboo word, please try again.[/font]"
local_data.dat	CHARACTER_COMMON_CANT_DO_THAT_FOR_SOME_REASON	"[align = """"center""""][font size = """"12"""" color=""""f4d762""""]System Confirmation[/font][br][br][font size = """"10"""" color=""""f36a7c""""]Due to a system problem, this action can't be processed.[/font]"
local_data.dat	CHARACTER_COUNT_OVER	"[align = """"center""""][font size = """"12"""" color=""""f4d762""""]Character Creation[/font][br][br][font size = """"10"""" color=""""f36a7c""""]You already reached the max amount of Characters[/font]"
local_data.dat	CHARACTER_COUNT_OVER_AND_DELETE_NFY	Your character count exceeds the limit.  Please login after deleting a character.
local_data.dat	CHARACTER_CREATE_VALUE_FAIL	"[align = """"center""""][font size = """"12"""" color=""""f4d762""""]Character Build Instructions[/font][br][br][font size = """"10"""" color=""""f36a7c""""]Character Build Failed. Please try again later.[/font]"
local_data.dat	CHARACTER_DB_QUERY_FAIL	"[align = """"center""""][font size = """"12"""" color=""""f4d762""""]Character Server[/font][br][br][font size = """"10"""" color=""""f36a7c""""]A Database error appeared.[br]Please report to an Administrator.[/font]"
local_data.dat	CHARACTER_DELETE_BUDOKAI_REGISTER_FAIL	"[align = """"center""""][font size = """"12"""" color=""""f4d762""""]Character Removal Instructions[/font][br][br][font size = """"10"""" color=""""f36a7c""""]You are currently registered for the Budokai.[br]Can't delete Character.[/font]"
local_data.dat	CHARACTER_DELETE_CHAR_FAIL	"[align = """"center""""] [font size = """"12"""" color = """"f4d762""""] Character Deletion [/font][br][br][font size = """"10"""" color = """"f36a7c""""] Failed to delete the character. [/font]"
local_data.dat	CHARACTER_DELETE_CHAR_FAIL_NOT_MATCH_CODE	"[align = """"center""""][font size = """"12"""" color=""""f4d762""""]Character Deletion[/font][br][br]font size = """"10"""" color=""""f36a7c""""]The password you entered was incorrect.[/font]"
local_data.dat	CHARACTER_DELETE_CHAR_TMP_FAIL	Characters with cash-shop goods can't be deleted.
local_data.dat	CHARACTER_DELETE_GUILD_LEADER_FAIL	"[align = """"center""""][font size = """"12"""" color=""""f4d762""""]Character Deletion[/font][br][br][font size = """"10"""" color=""""f36a7c""""]Unable to delete character[br]Please leave your guild.[/font]"
local_data.dat	CHARACTER_DISCONNECTED_FORCEDLY	"[align = """"center""""][font size = """"12"""" color=""""f4d762""""]Character Server[/font][br][br][font size = """"10"""" color=""""f36a7c""""]Your connection has been disconnected.[/font]"
local_data.dat	CHARACTER_DISCONNECTED_TEMPORARILY	"[align = """"center""""][font size = """"12"""" color=""""f4d762""""]Character Server[/font][br][br][font size = """"10"""" color=""""f36a7c""""]Your connection has been disconnected.[/font]"
local_data.dat	CHARACTER_FAIL	"[align = """"center""""][font size = """"12"""" color=""""f4d762""""]Character Server[/font][br][br][font size = """"10"""" color=""""f36a7c""""]An unknown error appeared.[br]Please contact one Administrator.[/font]"
local_data.dat	CHARACTER_NAME_NOT_EXIST	"[align = """"center""""][font size = """"12"""" color=""""f4d762""""]Character Check[/font][br][br][font size = """"10"""" color=""""f36a7c""""]Character doesn't exist[/font]"
local_data.dat	CHARACTER_NO_PREMIUM_SLOT	"[align = """"center""""][font size = """"12"""" color=""""f4d762""""]Character Creation Announcement[/font][br][br][font size = """"10"""" color=""""f36a7c""""]Can't create a premium character because[br]you have no premium slots available.[/font]"
local_data.dat	CHARACTER_RACE_NOT_ALLOWED	"[align = """"center""""][font size = """"12"""" color=""""f4d762""""]Character Creation[/font][br][br][font size = """"10"""" color=""""f36a7c""""]The race has been blocked.[/font]"
local_data.dat	CHARACTER_SAMENAME_EXIST	"[align = """"center""""][Font size = """"12"""" color=""""f4d762""""]Character Name[/font][br][br][font size = """"10"""" color=""""f36a7c""""]Character Name already exists.[/font]"
local_data.dat	CHARACTER_SERVER_IS_UNDER_CONSTRUCTION	"[align = """"center""""][font size = """"12"""" color=""""f4d762""""]Character Server[/font][br][br][font size = """"10"""" color=""""f36a7c""""]Server under construction.[br]Please try again later.[/font]"
local_data.dat	CHARACTER_SERVER_LOCKED	"[align = """"center""""][font size = """"12"""" color=""""f4d762""""]Character Server[/font][br][br][font size = """"10"""" color=""""f36a7c""""]This Channel is for Verified Players, Try other Channel.[/font]"
local_data.dat	CHARACTER_TEMPORARY_BLOCK	"[align = """"center""""][font size = """"12"""" color=""""f4d762""""]Character Server[/font][br][br][font size = """"10"""" color=""""f36a7c""""]This Channel is for Verified Players.[br] Try other Channel.[/font]"
local_data.dat	CHARACTER_TOO_LONG_NAME	"[align = """"center""""][font size = """"12"""" color=""""f4d762""""]Character Creation[/font][br][br][font size = """"10"""" color=""""f36a7c""""]Character Name is too long[/font]"
local_data.dat	CHARACTER_TOO_SHORT_NAME	"[align = """"center""""][font size = """"12"""" color=""""f4d762""""]Character Creation[/font][br][br][font size = """"10"""" color=""""f36a7c""""]Character Name is too short[/font]"
local_data.dat	CHARACTER_USER_BLOCK	"[align = """"center""""][font size = """"12"""" color=""""f4d762""""]Account Blocked[/font][br][br][font size = """"10"""" color=""""f36a7c""""]The account has been blocked[/font]"
local_data.dat	CHARACTER_USER_EXIST	"[align = """"center""""][font size = """"12"""" color=""""f4d762""""]Game Connection[/font][br][br][font size = """"10"""" color=""""f36a7c""""]The character is currently online.[br]Please try again later[/font]"
local_data.dat	CHARACTER_USER_EXIST_IN_GAME_SERVER	"[align = """"center""""][font size = """"12"""" color=""""f4d762""""]Game Connection[/font][br][br][font size = """"10"""" color=""""f36a7c""""]Character already online.[/font]"
local_data.dat	CHARACTER_USER_ITEM_CREATE_FAIL	"[align = """"center""""][font size = """"12"""" color=""""f4d762""""]Item confirmation[/font][br][br][font size = """"10"""" color=""""f36a7c""""]Character items generation failed.[/font]"
local_data.dat	CHARACTER_USER_QUICK_SLOT_CREATE_FAIL	"[align = """"center""""][font size = """"12"""" color=""""f4d762""""]Quick Slot Check[/font][br][br][font size = """"10"""" color=""""f36a7c""""]Could not initialize the user's character quick slot.[/font]"
local_data.dat	CHARACTER_USER_SHOULD_WAIT_FOR_CONNECT	"[align = """"center""""][font size = """"12"""" color=""""f4d762""""]Connecting[/font][br][br][font size = """"10"""" color=""""f36a7c""""]Waiting to connect.[/font]"
local_data.dat	CHARACTER_USER_SKILL_CREATE_FAIL	"[align = """"center""""][font size = """"12"""" color=""""f4d762""""]Skill Check[/font][br][br][font size = """"10"""" color=""""f36a7c""""]Failed to create the character skill.[/font]"
local_data.dat	CHARACTER_WRONG_SERVER_FARM_SELECTED	"[align = """"center""""][font size = """"12"""" color=""""f4d762""""]Server Selection Notice[/font][br][br][font size = """"10"""" color=""""f36a7c""""]You've selected the wrong server.[br]Please select a different server.[/font]"
local_data.dat	CHARTITLE_NO_HAVE	No char with this title.
local_data.dat	CHARTITLE_TITLE_IS_ON_PROGRESS	Processing Title.
local_data.dat	CHARTITLE_YOU_ALREADY_HAVE_THE_TITLE	You already have that title.
local_data.dat	CHAT_SUCCESS	"[align = """"center""""][font size = """"12"""" color=""""f4d762""""]Chat Server[/font][br][br][font size = """"10"""" color=""""269eff """"]Connection with Chat Server was successful.[/font]"
local_data.dat	COMMUNITY_ALREADY_IN_SERVER	"[align = """"center""""][font size = """"12"""" color=""""f4d762""""]Server Connection Check[/font][br][br][font size = """"10"""" color=""""f36a7c""""]Already connected to the community server[/font]"
local_data.dat	COMMUNITY_COMMON_NEED_MORE_TIME_TO_DO_IT	Service temporarily unavailable, Please try again in a few minutes.
local_data.dat	COMMUNITY_COMMON_NOT_VALID_TARGET	Invalid Target
local_data.dat	COMMUNITY_COMMON_NO_SUCH_A_GUILD	Guild Name doesn't exist.
local_data.dat	COMMUNITY_COMMON_NO_SUCH_A_TARGET	Target doesn't exist
local_data.dat	COMMUNITY_COMMON_SYSTEM_ERROR	"[align = """"center""""][font size = """"12"""" color=""""f4d762""""]Community Server Maintenance Notice[/font][br][br][font size = """"10"""" color=""""f36a7c""""]The community server is temporarily unavailable.[/font]"
local_data.dat	COMMUNITY_COMMON_TARGET_IS_NOT_YOUR_GUILD_MEMBER	The target ID isn't in the guild.
local_data.dat	COMMUNITY_DISCONNECTED_FORCEDLY	"[align = """"center""""][font size = """"12"""" color=""""f4d762""""]Character Server[/font][br][br][font size = """"10"""" color=""""f36a7c""""]You have been disconnected[br]by the server[/font]"
local_data.dat	COMMUNITY_DISCONNECTED_TEMPORARILY	"[align = """"center""""][font size = """"12"""" color=""""f4d762""""]Character Server[/font][br][br][font size = """"10"""" color=""""f36a7c""""]You have been disconnected[/font]"
local_data.dat	COMMUNITY_DOJO_BANK_ZENNY_NOT_ENOUGH	Zeni warehouse is insufficient.
local_data.dat	COMMUNITY_DOJO_DEL_FAIL	Deleting dojo failed
local_data.dat	COMMUNITY_DOJO_FIND_FAIL	Couldn't find the dojo
local_data.dat	COMMUNITY_DOJO_MAKE_FAIL	"[align = """"center""""][font size = """"12"""" color=""""f4d762""""]Dojo Creation[/font][br][br][font size = """"10"""" color=""""f36a7c""""]Creating a dojo failed[/font]"
local_data.dat	COMMUNITY_DOJO_NON_EXISTING_FUNCTION	You don't have appropriate permissions.
local_data.dat	COMMUNITY_DOJO_SCRAMBLE_ARLEADY_HAVE	Already a Dojo scramble applicant
local_data.dat	COMMUNITY_DOJO_SCRAMBLE_FAIL_FOR_BEING_DISBANDED	The guild can't scramble because it has already been disbanded or is standing by for disband.
local_data.dat	COMMUNITY_DOJO_SCRAMBLE_REJECT_FAIL_FOR_BANK_USE	Can't open bank in Dojo scramble
local_data.dat	COMMUNITY_DOJO_SCRAMBLE_REJECT_FAIL_SECOND	Guild scramble can only be rejected once.
local_data.dat	COMMUNITY_DOJO_SCRAMBLE_WAIT	Please wait to re-apply Dojo battle.
local_data.dat	COMMUNITY_DOJO_SEED_ALREADY_SETTING	"[align = """"center""""][font size = """"12"""" color=""""f4d762""""]World Martial Arts Tournament Seed Notice[/font][br][br][font size = """"10"""" color=""""f36a7c""""]The dojo's World Martial Arts Tournament seed has already been registered.[br][br]Please try registering again after deleting.[/font]"
local_data.dat	COMMUNITY_DOJO_SEED_NAME_FAIL	No applicable character exists or something went wrong.
local_data.dat	COMMUNITY_DOJO_SEED_NOT_SET	"[align = """"center""""][font size = """"12"""" color=""""f4d762""""]World Martial Arts Tournament Seed Notice[/font][br][br][font size = """"10"""" color=""""f36a7c""""]The World Martial Arts Tournament seed wasn't registered.[/font]"
local_data.dat	COMMUNITY_DOJO_YOU_ARE_NOT_OWNNER	You are not the dojo owner
local_data.dat	COMMUNITY_FAIL	"[align = """"center""""][font size = """"12"""" color=""""f4d762""""]System Error Notice[/font][br][br][font size = """"10"""" color=""""f36a7c""""]There is an error in the system.[br]Please contact the game management team.(#T)[/font]"
local_data.dat	COMMUNITY_FRIEND_BLACK_CHAR_EXIST	Player already blocked
local_data.dat	COMMUNITY_FRIEND_CHAR_ARLEADY_ADDED	The player is already your friend.
local_data.dat	COMMUNITY_FRIEND_CHAR_EXIST	Player already registered as friend
local_data.dat	COMMUNITY_FRIEND_CHAR_NOT_FOUND	Player not found
local_data.dat	COMMUNITY_FRIEND_MAX_COUNT_OVER	Friend List is full.
local_data.dat	COMMUNITY_FRIEND_SELF_FAIL	You can't add yourself to your friends list.
local_data.dat	COMMUNITY_GUILD_BANK_CLOSED	The guild warehouse is closed
local_data.dat	COMMUNITY_GUILD_BANK_QUERY	The guild bank is currently processing a transaction.  Please try again later.
local_data.dat	COMMUNITY_GUILD_BANK_USING_NOW	The guild warehouse is in use
local_data.dat	COMMUNITY_GUILD_CANT_KICK_YOURSELF_OUT	You can't kick yourself from the guild.
local_data.dat	COMMUNITY_GUILD_CREATOR_NOT_FOUND	Could not find the guild manager
local_data.dat	COMMUNITY_GUILD_DISBANDE_FAIL_FOR_DOJO	Unable to disband the dojo's guild.
local_data.dat	COMMUNITY_GUILD_DISBANDE_FAIL_FOR_DOJO_SCRAMBLE	Unable to disband guild during dojo scramble.
local_data.dat	COMMUNITY_GUILD_FIND_FAIL	Could not find the guild
local_data.dat	COMMUNITY_GUILD_FUNCTION_NOT_FOUND	Guild function not found
local_data.dat	COMMUNITY_GUILD_GUILD_IS_BEING_DISBANDED	Guild is being disbanded.
local_data.dat	COMMUNITY_GUILD_GUILD_IS_NOT_BEING_DISBANDED	Guild is no longer being disbanded.
local_data.dat	COMMUNITY_GUILD_GUILD_MEMBER_CANT_HAVE_MORE_GUILD	You can't be a member of more then one guild.
local_data.dat	COMMUNITY_GUILD_INVITE_FAIL_FOR_BEING_SCRAMBLE	Unable to join the guild while its dojo is in scramble.
local_data.dat	COMMUNITY_GUILD_KICKOUT	You've been kicked from the guild.
local_data.dat	COMMUNITY_GUILD_LEADER_CANT_LEAVE	"[align = """"center""""][font size = """"12"""" color=""""f4d762""""]Guild System[/font][br][br][font size = """"10"""" color=""""f36a7c""""]Guild leaders can't leave the guild[/font]"
local_data.dat	COMMUNITY_GUILD_LEAVE	You've left the guild.
local_data.dat	COMMUNITY_GUILD_MAX_NUMBER_OF_MEMBERS	Guild already has maximum members.
local_data.dat	COMMUNITY_GUILD_MAX_NUMBER_OF_SECOND_MASTERS	"[align = """"center""""][font size = """"12"""" color=""""f4d762""""]Guild System[/font][br][br][font size = """"10"""" color=""""f36a7c""""]Second guild master limit reached[/font]"
local_data.dat	COMMUNITY_GUILD_NEED_MORE_PARTY_MEMBER_FOR_NEW_GUILD	More party members required
local_data.dat	COMMUNITY_GUILD_TARGET_ALREADY_HAS_INVITATION	Target already has a guild invitation
local_data.dat	COMMUNITY_GUILD_TARGET_IS_ALREADY_IN_A_GUILD	Target already inside a guild
local_data.dat	COMMUNITY_GUILD_TARGET_IS_ALREADY_SECOND_MASTER	Player is already a second master
local_data.dat	COMMUNITY_GUILD_TARGET_IS_NOT_SECOND_MASTER	Player isn't a second master
local_data.dat	COMMUNITY_GUILD_TRIED_TO_APPOINT_YOURSELF	Can't appoint yourself
local_data.dat	COMMUNITY_GUILD_YOU_ARE_ALREADY_IN_A_GUILD	You are already inside a guild
local_data.dat	COMMUNITY_GUILD_YOU_ARE_NOT_GUILD_MASTER	"[align = """"center""""][font size = """"12"""" color=""""f4d762""""]Genre Permission Description[/font][br][br][font size = """"10"""" color=""""f36a7c""""]You are not a Guild Master[/font]"
local_data.dat	COMMUNITY_GUILD_YOU_DONT_BELONG_TO_GUILD	"[align = """"center""""][font size = """"12"""" color=""""f4d762""""]Guild Error[/font][br][br][font size = """"10"""" color=""""f36a7c""""]You are not inside a guild[/font]"
local_data.dat	COMMUNITY_GUILD_YOU_DONT_HAVE_RIGHT_TO_INVITE	You are not allowed to invite
local_data.dat	COMMUNITY_GUILD_YOU_DONT_HAVE_RIGHT_TO_KICK_OUT	You are not allowed to kick
local_data.dat	COMMUNITY_GUILD_YOU_HAVE_NO_INVITATION	Invitation not found
local_data.dat	COMMUNITY_INVALID_AUTH_KEY	"[align = """"center""""][font size = """"12"""" color=""""f4d762""""]Community Server[/font][br][br][font size = """"10"""" color=""""f36a7c""""]Community Server authentication failed[/font]"
local_data.dat	COMMUNITY_PARTY_LEADER_DOESNT_EXIST	Party leader doesn't exist
local_data.dat	COMMUNITY_PARTY_MEMBER_ALREADY_EXIST	Party member already exist
local_data.dat	COMMUNITY_PARTY_NO_SUCH_A_MEMBER	Party member not found
local_data.dat	COMMUNITY_PARTY_NO_SUCH_A_PARTY	Party not found
local_data.dat	COMMUNITY_PARTY_SAME_PARTYID_ALREADY_EXIST	"[align = """"center""""][font size = """"12"""" color=""""f4d762""""]Party ID Announcement[/font][br][br][font size = """"10"""" color=""""f36a7c""""]A party with that ID already exists.[/font]"
local_data.dat	COMMUNITY_RANK_BATTLE_COUNT_ALREADY_FLUSHED	Rank battle counter already flushed
local_data.dat	COMMUNITY_RANK_BATTLE_LIST_NOT_FOUND	"[align = """"center""""][font size = """"12"""" color=""""f4d762""""]Ranked Battle Standings Search Notice[/font][br][br][font size = """"10"""" color=""""f36a7c""""]That name could not be found in the Ranked Battle standings.[/font]"
local_data.dat	COMMUNITY_RANK_BATTLE_NO_REMAIN_COUNT	No remaining rank battle found
local_data.dat	COMMUNITY_TMQ_CHAR_NOT_FOUND	Character not found
local_data.dat	COMMUNITY_TMQ_COUNT_ALREADY_FLUSHED	Counter already flushed
local_data.dat	COMMUNITY_TMQ_DATA_NOT_FOUND	Data not found
local_data.dat	EVENT_NO_MORE_NEW_CHARACTER_ALLOWED	"[align = """"center""""][font size = """"12"""" color=""""f4d762""""]Character Creation Notice[/font][br][br][font size = """"10"""" color=""""f36a7c""""]No new characters can be created on the server.[/font]"
local_data.dat	EVENT_OFF_CONTENTS_USED	Content Unavailable.
local_data.dat	EVENT_YOU_ALREADY_HAVE_CHARACTER	"[align = """"center""""][font size = """"12"""" color=""""f4d762""""]Character Creation Notice[/font][br][br][font size = """"10"""" color=""""f36a7c""""]You can't create any additional characters because you have too many.[/font]"
local_data.dat	GAME_ANOTHER_SKILL_CANT_CAST_NOW	You are already casting another skill.
local_data.dat	GAME_BANK_ALREADY_EXIST	Bank already exists.
local_data.dat	GAME_BANK_NOT_READY	Wrong State
local_data.dat	GAME_BATTLE_DUNGEON_FAIL	CC Battle failed.
local_data.dat	GAME_BATTLE_DUNGEON_FAIL_STATE	CC Battled failed.
local_data.dat	GAME_BATTLE_DUNGEON_NOT_EXIST_MESSAGE	Message has expired.
local_data.dat	GAME_BATTLE_DUNGEON_NOT_IN_RANGE	Player are not in range.
local_data.dat	GAME_BATTLE_DUNGEON_NOT_READY_ALL	Not all players are ready.
local_data.dat	GAME_BATTLE_DUNGEON_NOT_SAME_MEMBER	Not the same party member.
local_data.dat	GAME_BATTLE_DUNGEON_SUCCESS	CC Battle Dungeon Success
local_data.dat	GAME_BLOCK_ATTACK_NOW	Can't block attack now.
local_data.dat	GAME_BUDOKAI_CAN_NOT_TELEPORT_JUNIOR	Unable to participate in Junior Competition.
local_data.dat	GAME_BUDOKAI_CHARACTER_ALREADY_JOIN	Player already joined
local_data.dat	GAME_BUDOKAI_CHARACTER_NOT_JOINED	Not Applying for Competition.
local_data.dat	GAME_BUDOKAI_INVALID_TEAM_NAME	Invalid Team Name.
local_data.dat	GAME_BUDOKAI_MEMBER_ALREADY_JOINED	Player already joined.
local_data.dat	GAME_BUDOKAI_NEED_MORE_MEMBER	Not enough Team Members.
local_data.dat	GAME_BUDOKAI_NOT_MATCH_PLAYING	No opponents found.
local_data.dat	GAME_BUDOKAI_NOT_MATCH_WORLD	Not a Battle area.
local_data.dat	GAME_BUDOKAI_NOT_OPENED	Budokai isn't open.
local_data.dat	GAME_BUDOKAI_NOT_REGISTER_PERIOD	The registration period isn't active.
local_data.dat	GAME_BUDOKAI_OVER_COUNT	The number of participants is full.
local_data.dat	GAME_BUDOKAI_QUERY_FAIL_EXIST_MATCH_INDEX	Data already exists.
local_data.dat	GAME_BUDOKAI_QUERY_FAIL_INSERT_FAIL	Query Insert Fail.
local_data.dat	GAME_BUDOKAI_TOO_LONG_TEAM_NAME	Team Name is too long.
local_data.dat	GAME_BUDOKAI_TOO_SHORT_TEAM_NAME	Team Name is too short.
local_data.dat	GAME_BUDOKAI_YOU_ARE_NOT_A_TEAM_LEADER	Only for Party Leader.
local_data.dat	GAME_BUILDING_VERSION_IS_NOT_CJI_KOR	Wrong Game Version.
local_data.dat	GAME_CANNOT_CONNECT_DUE_TO_INVAlID_CHARACTER	"[align = """"center""""][font size = """"12"""" color=""""f4d762""""]Channel[/font][br][br][font size = """"10"""" color=""""f36a7c""""]Change the Channel please.[/font]"
local_data.dat	GAME_CANNOT_CONNECT_DUE_TO_TIMEOUT	Connection timeout.
local_data.dat	GAME_CANNOT_CONNECT_TARGET_CHANNEL_FULL	"[align = """"center""""][font size = """"12"""" color=""""f4d762""""]Channel[/font][br][br][font size = """"10"""" color=""""f36a7c""""]Channel is full, please try it later.[/font]"
local_data.dat	GAME_CANNOT_TRADE_NO_BAGSLOT	Can't trade, not enough space.
local_data.dat	GAME_CANNOT_VISIT_INVALID_AREA	Area error.
local_data.dat	GAME_CANNOT_VISIT_SELF	Unable to teleport to yourself.
local_data.dat	GAME_CANT_DO_THAT_TO_FREE_PVP_ZONE_TARGET	Can't use during a battle.
local_data.dat	GAME_CAN_BE_CAST_ONLY_ON_PLAYER	Can only be cast on a player.
local_data.dat	GAME_CAN_NOT_TELEPORT	Unable to teleport.
local_data.dat	GAME_CAN_NOT_TELEPORT_THIS_STATE	Unable to teleport in current state
local_data.dat	GAME_CASHITEM_CANT_MOVE	Can't move cash item.
local_data.dat	GAME_CASHITEM_NOT_FOUND	Can't find cash item.
local_data.dat	GAME_CASHITEM_NOT_LOADED	Loading items not completed.
local_data.dat	GAME_CHARACTER_FAIL_BY_BUDOKAI	Check the Zenni or Requirements
local_data.dat	GAME_CHARACTER_FAIL_BY_GUILD	Participation failed (Guild).
local_data.dat	GAME_CHARACTER_FAIL_BY_LIMITED	Current penalty time.
local_data.dat	GAME_CHARACTER_FAIL_BY_PARTY	Participation failed (Party).
local_data.dat	GAME_CHARACTER_NAME_HAS_INVALID_CHARACTER	"[align = """"center""""][font size = """"12"""" color=""""f4d762""""]Name[/font][br][br][font size = """"10"""" color=""""f36a7c""""]The name contains invalid characters.[/font]"
local_data.dat	GAME_CHARACTER_TOO_LONG_NAME	Character name is too long.
local_data.dat	GAME_CHARACTER_TOO_SHORT_NAME	Character name is too short.
local_data.dat	GAME_CHARM_POINT_IS_LOCKED	Calculation hasn't been completed.
local_data.dat	GAME_CHAR_CLASS_FAIL	Your class can't do that.
local_data.dat	GAME_CHAR_IS_WRONG_STATE	Wrong state
local_data.dat	GAME_CHAR_LEVEL_FAIL	You can't do that at your level.
local_data.dat	GAME_CHAR_NO_AUTHORITY_FOR_CHANGING_CLASS	Unable to change class
local_data.dat	GAME_CHAR_ONLY_ADULT_CAN_CHANGE_CLASS	Already Applied
local_data.dat	GAME_CHAR_RACE_FAIL	Your race can't do that.
local_data.dat	GAME_CHAR_WRONG_REVIVAL_METHOD	Invalid revival method selected
local_data.dat	GAME_CLOSED_BOX_FAIL	Failed
local_data.dat	GAME_CLOSED_BOX_KEY_MISMATCH	Requires a different kind of key.
local_data.dat	GAME_CLOSED_BOX_KEY_NOT_ENOUGH	Not enough keys.
local_data.dat	GAME_CLOSED_BOX_KEY_NOT_FOUND	Can't find key to treasure chest.
local_data.dat	GAME_CLOSED_BOX_SUCCESS	Success
local_data.dat	GAME_COMMON_ALREADY_EXIST	Already Exists.
local_data.dat	GAME_COMMON_ALREADY_REGISTERED	Already Registered.
local_data.dat	GAME_COMMON_CANT_DO_THAT_FOR_SOME_REASON	You can't do that at the moment.
local_data.dat	GAME_COMMON_CANT_DO_THAT_IN_AFFECTING_STATE	Can't do that while cast.
local_data.dat	GAME_COMMON_CANT_DO_THAT_IN_AFTEREFFECT_CONDITION	Can't do that right now.
local_data.dat	GAME_COMMON_CANT_DO_THAT_IN_AIR_MODE_STATE	Can't do that while flying.
local_data.dat	GAME_COMMON_CANT_DO_THAT_IN_BATTLE_STATE	Can't to that while battle.
local_data.dat	GAME_COMMON_CANT_DO_THAT_IN_BLOCKING_STATE	Can't do that while blocking.
local_data.dat	GAME_COMMON_CANT_DO_THAT_IN_CAMPING_STATE	Can't do that while champing.
local_data.dat	GAME_COMMON_CANT_DO_THAT_IN_CASTING_ITEM_STATE	Can't do that while using an item.
local_data.dat	GAME_COMMON_CANT_DO_THAT_IN_CASTING_STATE	Can't do that while casting.
local_data.dat	GAME_COMMON_CANT_DO_THAT_IN_CHARGING_BLOCKED_CONDITION	Can't do that while blocking.
local_data.dat	GAME_COMMON_CANT_DO_THAT_IN_CHARGING_STATE	Can't do that while charging.
local_data.dat	GAME_COMMON_CANT_DO_THAT_IN_CONFUSE_CONDITION	Can't do that while confused.
local_data.dat	GAME_COMMON_CANT_DO_THAT_IN_DASH_STATE	Can't do that while dashing.
local_data.dat	GAME_COMMON_CANT_DO_THAT_IN_DESPAWNING_STATE	Can't do that while despawning.
local_data.dat	GAME_COMMON_CANT_DO_THAT_IN_DESTMOVING_STATE	Can't do that while destination move state.
local_data.dat	GAME_COMMON_CANT_DO_THAT_IN_DIRECT_PLAY_STATE	Can't do that while direct play state.
local_data.dat	GAME_COMMON_CANT_DO_THAT_IN_FAINTING_STATE	Can't do that while fainting state.
local_data.dat	GAME_COMMON_CANT_DO_THAT_IN_FALLING_STATE	Can't do that while falling.
local_data.dat	GAME_COMMON_CANT_DO_THAT_IN_FOCUSING_STATE	Can't do that while focusing.
local_data.dat	GAME_COMMON_CANT_DO_THAT_IN_FOLLOWING_STATE	Can't do that while following.
local_data.dat	GAME_COMMON_CANT_DO_THAT_IN_HIDING_KI_CONDITION	Can't do that while hiding ki condition.
local_data.dat	GAME_COMMON_CANT_DO_THAT_IN_HTB_STATE	Can't do that while HTB.
local_data.dat	GAME_COMMON_CANT_DO_THAT_IN_INVISIBLE_CONDITION	Can't do that while invisible.
local_data.dat	GAME_COMMON_CANT_DO_THAT_IN_JUMPING_STATE	Can't do that while jumping.
local_data.dat	GAME_COMMON_CANT_DO_THAT_IN_KEEPING_EFFECT_STATE	Can't do that while keeping effect state
local_data.dat	GAME_COMMON_CANT_DO_THAT_IN_KNOCKDOWN_STATE	You can't do that while knocked down.
local_data.dat	GAME_COMMON_CANT_DO_THAT_IN_LEAVING_STATE	Can't do that while leaving
local_data.dat	GAME_COMMON_CANT_DO_THAT_IN_MOVING_JUMPING_STATE	Can't do that while jumping
local_data.dat	GAME_COMMON_CANT_DO_THAT_IN_MOVING_STATE	Can't do that while moving
local_data.dat	GAME_COMMON_CANT_DO_THAT_IN_NON_JUMPING_STATE	Can only do while jumping.
local_data.dat	GAME_COMMON_CANT_DO_THAT_IN_OPERATING_STATE	Can't do that while operating
local_data.dat	GAME_COMMON_CANT_DO_THAT_IN_PARALYZED_STATE	Can't do that while paralyzed.
local_data.dat	GAME_COMMON_CANT_DO_THAT_IN_PRIVATESHOP_STATE	Can't do that while private shop.
local_data.dat	GAME_COMMON_CANT_DO_THAT_IN_RIDEON_STATE	Can't do that while riding
local_data.dat	GAME_COMMON_CANT_DO_THAT_IN_SANDBAG_STATE	Can't do that while sand bag state
local_data.dat	GAME_COMMON_CANT_DO_THAT_IN_SITTING_STATE	Can't do that while sitting.
local_data.dat	GAME_COMMON_CANT_DO_THAT_IN_SLEEPING_STATE	Can't do that while sleeping state
local_data.dat	GAME_COMMON_CANT_DO_THAT_IN_SLIDING_STATE	Can't do that while sliding state
local_data.dat	GAME_COMMON_CANT_DO_THAT_IN_SPAWNING_STATE	Can't do that while spawning
local_data.dat	GAME_COMMON_CANT_DO_THAT_IN_STANDING_JUMPING_STATE	Can't do that while jump.
local_data.dat	GAME_COMMON_CANT_DO_THAT_IN_STANDING_STATE	Can't do that while standing
local_data.dat	GAME_COMMON_CANT_DO_THAT_IN_STUNNED_STATE	Can't do that while stunned.
local_data.dat	GAME_COMMON_CANT_DO_THAT_IN_TELEPORTING_STATE	Can't do that while teleporting.
local_data.dat	GAME_COMMON_CANT_DO_THAT_IN_TERROR_CONDITION	Can't do that while terror condition.
local_data.dat	GAME_COMMON_CANT_DO_THAT_IN_TRANSPARENT_CONDITION	Can't do that while transparent condition.
local_data.dat	GAME_COMMON_CANT_DO_THAT_IN_TURNING_STATE	Can't do that while turning state.
local_data.dat	GAME_COMMON_CANT_DO_THAT_NOT_ALLOWED_TARGET	Not allowed target.
local_data.dat	GAME_COMMON_CANT_FIND_OBJECT	Can't find the object
local_data.dat	GAME_COMMON_CANT_INVENTORY_SORT_OUT_OF_DATE_BAG	Bag durability expired.
local_data.dat	GAME_COMMON_CANT_INVENTORY_SORT_WHEN_ITEM_NOT_FOUND	Can't sort bag when you have no items.
local_data.dat	GAME_COMMON_CANT_INVENTORY_SORT_WHEN_USING_ITEM	Can't sort bag while you are using items.
local_data.dat	GAME_COMMON_CAN_FIND_MEMBER	Can't find companion
local_data.dat	GAME_COMMON_CAN_NOT_DO_HERE	You can't do that here.
local_data.dat	GAME_COMMON_CAN_NOT_FIND_TABLE_DATA	Can't find table data.
local_data.dat	GAME_COMMON_EXIST_USER_WHO_DO_NOT_AGREE	Player didn't agree.
local_data.dat	GAME_COMMON_EXIST_USER_WHO_OVER_LIMIT_COUNT	User limit is exceeded.
local_data.dat	GAME_COMMON_HAVE_NOT_THE_REQUIRED_ACHIEVEMENT	Not met the conditions.
local_data.dat	GAME_COMMON_HOIPOIMIX_EXP_EXCEEDED	Unable to gain experience due to low character level.
local_data.dat	GAME_COMMON_HOIPOIMIX_LEVEL_MAXIMUM	Reached the maximum fusion level.
local_data.dat	GAME_COMMON_LACK_OF_SPACE_REWARD_HAS_BEEN_DELIVERED_BY_MAIL	Not enough free space.\nReward sented by mail.
local_data.dat	GAME_COMMON_MESSAGE_02	Party Message
local_data.dat	GAME_COMMON_NON_EXISTING_PET_SPECIFIED	Pet wasn't found.
local_data.dat	GAME_COMMON_NOT_REGISTERED	Player isn't logged in
local_data.dat	GAME_COMMON_TOO_FEW_PLAYER	Not enough players.
local_data.dat	GAME_COMMON_TOO_MANY_PLAYER	There are too many players.
local_data.dat	GAME_COMMON_YOU_ARE_NOT_A_PARTY_LEADER	You are not a party leader
local_data.dat	GAME_COMMON_YOU_ARE_NOT_IN_A_PARTY	You're not in a party.
local_data.dat	GAME_COMMON_ZENNY_CANT_BE_USED_RIGHT_NOW	Zeni can't be used right now
local_data.dat	GAME_CONTENTS_CAN_NOT_PLAY_IN_BUDOKAI_REGISTER_STATE	No registration time!
local_data.dat	GAME_CONTENTS_LOCK	Game content locked
local_data.dat	GAME_COSTUMESHOP_CLOSE	Costume shop selling time has ended
local_data.dat	GAME_COSTUMESHOP_IS_NULL	There is no information about the costume shop
local_data.dat	GAME_COSTUMESHOP_MISSMATCHING	Mismatch in costume shop information
local_data.dat	GAME_DB_CHAR_DATA_LOAD_FAIL	"[align = """"center""""][font size = """"12"""" color=""""f4d762""""]Character check[/font][br][br][font size = """"10"""" color=""""f36a7c""""]Failed to load character.[/font]"
local_data.dat	GAME_DB_CHAR_NOT_FOUND	"[align = """"center""""][font size = """"12"""" color=""""f4d762""""]Character[/font][br][br][font size = """"10"""" color=""""f36a7c""""]Couldn't find character data[/font]"
local_data.dat	GAME_DISCONNECTED_FORCEDLY	Forcedly disconnected
local_data.dat	GAME_DISCONNECTED_TEMPORARILY	Disconnected
local_data.dat	GAME_DRAGONBALL_NOT_FOUND	Couldn't find all dragon balls
local_data.dat	GAME_DRAGONBALL_NOT_SAME_EXIST	Couldn't find all dragon balls
local_data.dat	GAME_DRAGONBALL_OBJECT_ARLEADY_USED	Object already used
local_data.dat	GAME_DRAGONBALL_REWARD_NOT_FOUND	Couldn't find the reward
local_data.dat	GAME_DRAGONBALL_SAME_EXIST	That Dragon Ball already exists.
local_data.dat	GAME_DRAGONBALL_TIME_OVER	Time over
local_data.dat	GAME_EMPTY_ITEM_SLOT_NOT_ENOUGH	Not enough empty item slots.
local_data.dat	GAME_EQUIP_SLOT_NOT_EMPTY	Item already equipped to that slot.
local_data.dat	GAME_FAIL	A system problem has occurred. (#G)
local_data.dat	GAME_FREEBATTLE_ALREADY_HAS_MATCH	Already in a duel.
local_data.dat	GAME_FREEBATTLE_CHALLENGE_ACCEPT_DENIED	Duel offer declined.
local_data.dat	GAME_FREEBATTLE_CHALLENGE_ACCEPT_TIME_DENIED	Challenge request time over.
local_data.dat	GAME_FREEBATTLE_CHALLENGE_TIME_REMAIN	Standby for accept.
local_data.dat	GAME_FREEBATTLE_CHALLENGE_WAIT_TIME_DENIED	Challenge time run out.
local_data.dat	GAME_FREEBATTLE_ERROR_HAS_NO_MATCH	Impossible to practice.
local_data.dat	GAME_FREEBATTLE_ERROR_TARGET_HAS_NO_MATCH	Can't fight against each other.
local_data.dat	GAME_FREEBATTLE_ERROR_TARGET_WRONG_PEER	Wrong target.
local_data.dat	GAME_FREEBATTLE_ERROR_WRONG_PEER	Wrong object.
local_data.dat	GAME_FREEBATTLE_TARGET_ALREADY_HAS_MATCH	Target already inside a free battle match
local_data.dat	GAME_FREEBATTLE_TARGET_HAS_NO_MATCH	Target isn't available.
local_data.dat	GAME_FREEBATTLE_WRONG_PLACE	Invalid free battle place
local_data.dat	GAME_GAMERULE_REG_ALREADY_JOINED_BUDOKAI	Already joined Budokai.
local_data.dat	GAME_GAMERULE_REG_ALREADY_JOINED_DOJO_SCRAMBLE	Already joined Scramble.
local_data.dat	GAME_GAMERULE_REG_ALREADY_JOINED_IN_FREEBATTLE	Already joined a Battle.
local_data.dat	GAME_GAMERULE_REG_ALREADY_JOINED_IN_RANKBATTLE	Already joined a Battle.
local_data.dat	GAME_GAMERULE_REG_ALREADY_JOINED_IN_TMQ	Already joined TMQ.
local_data.dat	GAME_GAMERULE_REG_ALREADY_OPENED_PRIVATE_SHOP	Already opened a shop.
local_data.dat	GAME_GAMERULE_REG_ALREADY_SUMMON_DRAGONBALL	Shenron has already been summoned.
local_data.dat	GAME_GAMERULE_REG_CANT_PLAY_IN_BUDOKAI	Unable while in Budokai.
local_data.dat	GAME_GAMERULE_REG_CANT_PLAY_IN_DOJO_SCRAMBLE	Unable while in Scramble.
local_data.dat	GAME_GAMERULE_REG_CANT_PLAY_IN_FREEBATTLE	Unable while in Battle.
local_data.dat	GAME_GAMERULE_REG_CANT_PLAY_IN_PRIVATE_SHOP	Unable during Shop.
local_data.dat	GAME_GAMERULE_REG_CANT_PLAY_IN_RANKBATTLE	Unable while in Battle.
local_data.dat	GAME_GAMERULE_REG_CANT_PLAY_IN_SUMMON_DRAGONBALL	Unable while Shenron is summoned.
local_data.dat	GAME_GAMERULE_REG_CANT_PLAY_IN_TMQ	Unable while in TMQ.
local_data.dat	GAME_GAMERULE_REG_CANT_PLAY_IN_TUTORIAL	Unable while in Tutorial.
local_data.dat	GAME_GMT_NOT_ENOUGH_RESET_POINT	Not enough points to reset
local_data.dat	GAME_GM_CANT_DO_THAT_WHEN_YOU_ARE_HIDING	Not during Hidden state.
local_data.dat	GAME_GM_LEVEL_NOT_FOUND	Wrong Level to Apply.
local_data.dat	GAME_GM_PUNISH_NOT_FOUND	Not found.
local_data.dat	GAME_GM_TOOL_ACCOUNT_EXIST	Account already exists.
local_data.dat	GAME_GM_TOOL_ACCOUNT_NOT_EXIST	No such an account.
local_data.dat	GAME_GM_TOOL_AGENTSERVER_NORUN	AGENT-Server not running.
local_data.dat	GAME_GM_TOOL_CHARACTER_EXIST	Character already exists.
local_data.dat	GAME_GM_TOOL_CHARACTER_IS_NOT_KICK	Character kick failed.
local_data.dat	GAME_GM_TOOL_CHARACTER_NOT_EXIST	Character doesn't exists.
local_data.dat	GAME_GM_TOOL_FAIL	GMTool failure.
local_data.dat	GAME_GM_TOOL_GROUP_ALREADY_EXIST	Party already exists.
local_data.dat	GAME_GM_TOOL_GROUP_NEED_ADMIN	Party need a Leader.
local_data.dat	GAME_GM_TOOL_GROUP_NOT_FOUND	Party not found.
local_data.dat	GAME_GM_TOOL_GUILD_NOT_FOUND	Guild not found.
local_data.dat	GAME_GM_TOOL_INVALID_GM_TOOL_LOCALIZE_TYPE	GM Tool can't connect\nto the server.
local_data.dat	GAME_GM_TOOL_INVALID_IP_ADDRESS	Invalid IP-address.
local_data.dat	GAME_GM_TOOL_INVALID_TOOL_VERSION	Wrong GMTool version.
local_data.dat	GAME_GM_TOOL_LOGIN_DUPLICATE	Duplicate Login.
local_data.dat	GAME_GM_TOOL_LOGIN_PASS_FAIL	Wrong Pass for GMTool.
local_data.dat	GAME_GM_TOOL_NOTICE_OVER	Notice from GMTool have exceeded\nthe max. number that can be used.
local_data.dat	GAME_GM_TOOL_PASS_NULL	Haven't set a Password.
local_data.dat	GAME_GM_TOOL_RANK_BATTLE_POINT_NOT_FOUND	No Ranke Battle Points found.
local_data.dat	GAME_GM_TOOL_SERVERFARMID_INVALID	Server FarmID invalid.
local_data.dat	GAME_GM_TOOL_SERVER_CANT_BE_TURNED_OFF_BY_GM_TOOL	Server can't turned OFF by GMTool.
local_data.dat	GAME_GM_TOOL_SERVER_CANT_BE_TURNED_ON_BY_GM_TOOL	Server can't turned ON by GMTool.
local_data.dat	GAME_GM_TOOL_USER_NOT_FOUND	User not found.
local_data.dat	GAME_GM_TOOL_WRONG_SERVER_TO_TURN_OFF	Wrong Server to turn OFF.
local_data.dat	GAME_GM_TOOL_WRONG_SERVER_TO_TURN_ON	Wrong Server to turn ON.
local_data.dat	GAME_GUILD_ALREADY_HAS_DOJO_FUNCTION	Guild already possess the dojo function
local_data.dat	GAME_GUILD_ALREADY_HAS_GUILD_FUNCTION	Guild already posses the guild function
local_data.dat	GAME_GUILD_DOGI_ARLEADY_CREATED	"[align = """"center""""][font size = """"12"""" color=""""f4d762""""]Guild System[/font][br][br][font size = """"10"""" color=""""f36a7c""""]Dogi already created[/font]"
local_data.dat	GAME_GUILD_DOGI_CHANGE_FUNCTION_NEED	Impossible to change the dogi
local_data.dat	GAME_GUILD_DOGI_NOT_CREATED	"[align = """"center""""][font size = """"12"""" color=""""f4d762""""]Dogi[/font][br][br][font size = """"10"""" color=""""f36a7c""""]Dogi hasn't been created.[/font]"
local_data.dat	GAME_GUILD_DOJO_ALREADY_HAVE	"[align = """"center""""][font size = """"12"""" color=""""f4d762""""]Dojo[/font][br][br][font size = """"10"""" color=""""f36a7c""""]Already have a Dojo.[/font]"
local_data.dat	GAME_GUILD_DOJO_DOGI_CHANGE_FUNCTION_NEED	"[align = """"center""""][font size = """"12"""" color=""""f4d762""""]Dojo-Dogi[/font][br][br][font size = """"10"""" color=""""f36a7c""""]Requires a Dojo to make that.[/font]"
local_data.dat	GAME_GUILD_DOJO_FUNCTION_ADD_FIRST	Please add function first.
local_data.dat	GAME_GUILD_DOJO_MANAGER_IS_TOO_FAR	Dojo manager is too far
local_data.dat	GAME_GUILD_DOJO_NEED_FUNCTION	Function not available
local_data.dat	GAME_GUILD_DOJO_NOT_FOUND	Dojo not found
local_data.dat	GAME_GUILD_DOJO_NOT_FOUND_TABLE	Can't find Dojo Table.
local_data.dat	GAME_GUILD_DOJO_SCRAMBLE_CHALLENGER_CANT_DO	Can't be challenged.
local_data.dat	GAME_GUILD_DOJO_SCRAMBLE_CHALLENGE_HAVE	Already Challenged.
local_data.dat	GAME_GUILD_DOJO_SCRAMBLE_CHALLENGE_HAVE_DOJO	You already own a Dojo.
local_data.dat	GAME_GUILD_DOJO_SCRAMBLE_CHALLENGE_ONLY_ONETIME	You already challenged one.
local_data.dat	GAME_GUILD_DOJO_SCRAMBLE_CHALLENGE_STATUS_FAIL	You can't challenge.
local_data.dat	GAME_GUILD_DOJO_SCRAMBLE_MAX_COUNT_OVER	No more Member can't enter.
local_data.dat	GAME_GUILD_DOJO_SCRAMBLE_NOT_A_PARTY_LEADER	You aren't the leader.
local_data.dat	GAME_GUILD_DOJO_SCRAMBLE_REJECT_STATUS_FAIL	Can't refuse the Challenge.
local_data.dat	GAME_GUILD_DOJO_SCRAMBLE_SEAL_INVEN_NOT_FOUND	Not enough free space,\nyou can't enter.
local_data.dat	GAME_GUILD_DOJO_SEAL_CANT_BE_ATTACKED	Seal can't be attacked.
local_data.dat	GAME_GUILD_DOJO_SELF_SCRAMBLE_FAIL	Can't do that to yourselves.
local_data.dat	GAME_GUILD_DOJO_TOO_MANY_ATTACKER_ON_SEAL	Too many attackers.
local_data.dat	GAME_GUILD_DOJO_YOU_ARE_ARLREADY_REJECT	Already rejected a challenge.
local_data.dat	GAME_GUILD_DOJO_YOU_ARE_ARLREADY_REJECT_ONE_TIME	The battle can be\nrejected only once.
local_data.dat	GAME_GUILD_DOJO_YOU_ARE_NOT_A_PARTY_LEADER	"[align = """"center""""][font size = """"12"""" color=""""f4d762""""]Dojo[/font][br][br][font size = """"10"""" color=""""f36a7c""""]You aren't the leader.[/font]"
local_data.dat	GAME_GUILD_DOJO_YOU_ARE_NOT_ENOUGH_REPUTATION	Not enough Reputation points.
local_data.dat	GAME_GUILD_DOJO_YOU_ARE_NOT_ENOUGH_ZENNY	Not enough Zeni.
local_data.dat	GAME_GUILD_DOJO_YOU_ARE_NOT_OWNNER	"[align = """"center""""][font size = """"12"""" color = """"f4d762""""]Guild[/font][br][br][font size = """"10"""" color = """"f36a7c""""]You aren't the owner![/font]"
local_data.dat	GAME_GUILD_DOJO_YOU_CANT_ATTACK_YOUR_TEAM_SEAL	Can't attack you own Seal.
local_data.dat	GAME_GUILD_DOJO_YOU_DONT_BELONG_TO_ANY_DOJO	You don't belong to any Dojo.
local_data.dat	GAME_GUILD_DOJO_YOU_DONT_BELONG_TO_THAT_DOJO	You don't belong to this Dojo.
local_data.dat	GAME_GUILD_GIVE_ZENNY_NOT_MATCHED	Spend more than 10,000 Zeni to receive points.
local_data.dat	GAME_GUILD_GUILD_MANAGER_IS_TOO_FAR	Guild manager is too far
local_data.dat	GAME_GUILD_GUILD_NAME_HAS_INVALID_CHARACTER	"[align = """"center""""][font size = """"12"""" color=""""f4d762""""]Guild System[/font][br][br][font size = """"10"""" color=""""f36a7c""""]Guild Name has an invalid character[/font]"
local_data.dat	GAME_GUILD_HOIPOIROCK_ITEM_COUNT_FAIL	Not enough HoiPoi Stones.
local_data.dat	GAME_GUILD_HOIPOIROCK_ITEM_NOT_FOUND	Couldn't find HoiPoi Stone.
local_data.dat	GAME_GUILD_HOIPOIROCK_ITEM_NOT_MATCHED	Wrong type of HoiPoi Stone.
local_data.dat	GAME_GUILD_MAKE_DOJO_ALREADY_TAKEN	"[align = """"center""""][font size = """"12"""" color=""""f4d762""""]Dojo[/font][br][br][font size = """"10"""" color=""""f36a7c""""]Dojo has been adopted.[/font]"
local_data.dat	GAME_GUILD_MAKE_DOJO_NOT_TAKEN	Dojo hasn't an owner.
local_data.dat	GAME_GUILD_MARK_ARLEADY_CREATED	Symbol already created
local_data.dat	GAME_GUILD_MARK_NOT_CREATED	No emblem available.
local_data.dat	GAME_GUILD_NEED_DOJO_NOT_FOUND	You need a dojo
local_data.dat	GAME_GUILD_NEED_GUILD_FUNCTION	"[align = """"center""""][font size = """"12"""" color=""""f4d762""""]Guild[/font][br][br][font size = """"10"""" color=""""f36a7c""""]Please obtain the feature first.[/font]"
local_data.dat	GAME_GUILD_NEED_LEVEL_MORE	Guild need a higher level
local_data.dat	GAME_GUILD_NEED_MORE_GUILD_POINT	Not enough Guild Points.
local_data.dat	GAME_GUILD_NEED_MORE_ZENNY	Not enough Zeni.
local_data.dat	GAME_GUILD_NEED_MORE_ZENNY_FOR_NEW_GUILD	"[align = """"center""""][font size = """"12"""" color=""""f4d762""""]Guild Creation[/font][br][br][font size = """"10"""" color=""""f36a7c""""]More Zeni needed to create a guild[/font]"
local_data.dat	GAME_GUILD_NEED_PREREQUISITE_DOJO_FUNCTION	Guild function missing\nto obtain this function.
local_data.dat	GAME_GUILD_NEED_PREREQUISITE_GUILD_FUNCTION	Guild function missing\nto obtain this function.
local_data.dat	GAME_GUILD_NON_EXISTING_DOJO_FUNCTION	Unknown Dojo function
local_data.dat	GAME_GUILD_NON_EXISTING_GUILD_FUNCTION	"[align = """"center""""][font size = """"12"""" color=""""f4d762""""]Guild[/font][br][br][font size = """"10"""" color=""""f36a7c""""]Guild not acquire the rights,[br]you must first obtain permission.[/font]"
local_data.dat	GAME_GUILD_NOT_DOJO_MANAGER_NPC	Not a Dojo Manager.
local_data.dat	GAME_GUILD_NOT_EXIST	That Guild doesn't exist.
local_data.dat	GAME_GUILD_NOT_GUILD_MANAGER_NPC	Not a Guild Manager.
local_data.dat	GAME_GUILD_NOT_PROPER_GUILD_NAME	Unsuitable Guild name.
local_data.dat	GAME_GUILD_NOT_PROPER_GUILD_NAME_CHALLENGE_DOJO	Can't be used because the\nwaiting period and scramble.
local_data.dat	GAME_GUILD_NOT_PROPER_GUILD_NAME_DOJO	Can't be used because the\nwaiting period and scramble.
local_data.dat	GAME_GUILD_NOT_PROPER_GUILD_NAME_LENGTH	"[align = """"center""""][font size = """"12"""" color=""""f4d762""""]Guild[/font][br][br][font size = """"10"""" color=""""f36a7c""""]Name must be 2-16 characters.[/font]"
local_data.dat	GAME_GUILD_NO_DOJO_MANAGER_NPC_FOUND	Couldn't find Dojo Manager.
local_data.dat	GAME_GUILD_NO_GUILD_FOUND	"[align = """"center""""][font size = """"12"""" color=""""f4d762""""]Guild[/font][br][br][font size = """"10"""" color=""""f36a7c""""]Please join a Guild first.[/font]"
local_data.dat	GAME_GUILD_NO_GUILD_MANAGER_NPC_FOUND	Couldn't find Guild Manager.
local_data.dat	GAME_GUILD_SAME_GUILD_NAME_EXIST	Guild name already exists.
local_data.dat	GAME_GUILD_YOUR_GUILD_CANT_DO_DOJO_TELEPORT	Can't use the dojo teleport.
local_data.dat	GAME_HAVE_NEED_ZENNY_MEMBER	Member need more Zeni.
local_data.dat	GAME_HTB_CANT_FORWARD_ANYMORE	HTB not possible right now.
local_data.dat	GAME_HTB_NOT_ENOUGH_RP_BALL	Not enough RP Balls.
local_data.dat	GAME_HTB_NO_HTB_RESULT	HTB not used.
local_data.dat	GAME_HTB_YOU_ALREADY_USED_RP_BALL	RP already used.
local_data.dat	GAME_HTB_YOU_HAVE_NO_RELATION_WITH_HTB	State and HTB irrelevant.
local_data.dat	GAME_INPUT_PARAMETER_WRONG	Not a valid entry.
local_data.dat	GAME_INVALID_AUTH_KEY	"[align = """"center""""][font size = """"12"""" color=""""f4d762""""]Game Server[/font][br][br][font size = """"10"""" color=""""f36a7c""""]Game Server authentication failed[/font]"
local_data.dat	GAME_ITEM_ALREADY_EXIST	Item already exist
local_data.dat	GAME_ITEM_ALREADY_SEAL	Item already sealed
local_data.dat	GAME_ITEM_BAG_IS_NOT_EMPTY	Item bag isn't empty
local_data.dat	GAME_ITEM_CANNOT_BUY_NOW	The item can't be purchased.
local_data.dat	GAME_ITEM_CANNOT_DELETE	Can't delete item
local_data.dat	GAME_ITEM_CANNOT_EXTRACT_SEAL_INVALID_ITEM	Not a sealing Item.
local_data.dat	GAME_ITEM_CANNOT_INSERT_BEAD_BY_NO_MATCH_ITEM	Wrong Item.
local_data.dat	GAME_ITEM_CANNOT_SEAL_BY_INVALID_RESTRICT	Item can't be sealing.
local_data.dat	GAME_ITEM_CANNOT_SEAL_MORE_SEALITEM	Not enough Seal Coins.
local_data.dat	GAME_ITEM_CANNOT_USE_INVALID_TARGET	Can't use item on that target.
local_data.dat	GAME_ITEM_CANT_BE_USED_ON_YOURSELF	Can't use that item on yourself. 
local_data.dat	GAME_ITEM_CANT_RENEWRAL	Item can't be renewed
local_data.dat	GAME_ITEM_CANT_USE_ADD_CHARACTER_PLUS	Unable to use right now.
local_data.dat	GAME_ITEM_CANT_USE_CAUSE_CAPSULE_ITEM_ALREADY_IN_USE	Already in use.
local_data.dat	GAME_ITEM_CANT_USE_FOR_SOME_REASON	Can't use item now.
local_data.dat	GAME_ITEM_CANT_USE_INVALID_PLAYER	Cannot be used on a non-existent player
local_data.dat	GAME_ITEM_CANT_USE_INVALID_WORLD	Cannot be used on a player in a non-existent area
local_data.dat	GAME_ITEM_CANT_USE_NOW	Can't use item now.
local_data.dat	GAME_ITEM_CASTING_CANCELED	Item casting canceled
local_data.dat	GAME_ITEM_CHANGE_BATTLE_ATTRIBUTE_NO_SUBJECT_ITEM	No Item available for that.
local_data.dat	GAME_ITEM_CHANGE_BATTLE_ATTRIBUTE_WRONG_ITEM_TYPE	Wrong item type.
local_data.dat	GAME_ITEM_CHANGE_BATTLE_ATTRIBUTE_WRONG_LV	Same or higher Lv. needed.
local_data.dat	GAME_ITEM_CHANGE_BATTLE_ATTRIBUTE_WRONG_RANK	Same or higher Grade needed.
local_data.dat	GAME_ITEM_CHANGE_BATTLE_ATTRIBUTE_WRONG_SUB_ITEM_TYPE	Wrong item type.
local_data.dat	GAME_ITEM_CLASS_FAIL	Invalid Class
local_data.dat	GAME_ITEM_CREATE_COUNT_OVER	Can't create more at once.
local_data.dat	GAME_ITEM_DELETE_COUNT_OVER	Can't delete more at once.
local_data.dat	GAME_ITEM_DURATIONTIME_ZERO	Item duration time is 0
local_data.dat	GAME_ITEM_DUR_ZERO	Item durability is zero.
local_data.dat	GAME_ITEM_EXCHANGE_FAIL	Failed to exchange items
local_data.dat	GAME_ITEM_EXCHANGE_NOT_STACKED	Item not stackable,\nplease continue.
local_data.dat	GAME_ITEM_EXCHANGE_SUCCESS	Successfully exchanged.
local_data.dat	GAME_ITEM_GENDER_DOESNT_MATCH	Gender doesn't match.
local_data.dat	GAME_ITEM_HOIPOIMIX_FARE_CAN_NOT_SET	Fee set not available.
local_data.dat	GAME_ITEM_HOIPOIMIX_FARE_NOT_SET	Fee isn't set.
local_data.dat	GAME_ITEM_HOIPOIMIX_FARE_RATE_FAIL	Fee has been exceeded.
local_data.dat	GAME_ITEM_HOIPOI_CANNOT_MAKE_INVEN_FULL	Inventory full
local_data.dat	GAME_ITEM_INSERT_BEAD_FAIL_AND_DEL	Dogi stats appliance failed.
local_data.dat	GAME_ITEM_INVALID_BEAD_OPTION	Value from the bead item isn't correct.
local_data.dat	GAME_ITEM_INVALID_DESTROY_BEAD	First apply a dogiball effect.
local_data.dat	GAME_ITEM_INVALID_DURATION_BEAD	Duration time's up.
local_data.dat	GAME_ITEM_INVEN_FULL	Inventory is full
local_data.dat	GAME_ITEM_IS_LOCK	Item is locked
local_data.dat	GAME_ITEM_LOOTING	Pickup Item
local_data.dat	GAME_ITEM_LOOTING_FAIL_FOR_DICELOOT	Dice in progress can't be obtained.
local_data.dat	GAME_ITEM_MAX_COUNT_OVER	Item count is over the limit
local_data.dat	GAME_ITEM_MAX_WATT_OVER	Scouter is overloaded.
local_data.dat	GAME_ITEM_NEED_LESS_LEVEL	Need less level
local_data.dat	GAME_ITEM_NEED_MORE_LEVEL	Need more level
local_data.dat	GAME_ITEM_NEED_LESS_RESETS	Need less Resets
local_data.dat	GAME_ITEM_NEED_MORE_PARAMETER	Need more parameter
local_data.dat	GAME_ITEM_NOT_BATTLE_AVAILABLE_LOCATION	Can't use it in this battle area.
local_data.dat	GAME_ITEM_NOT_BEAD	It isn't a bead item.
local_data.dat	GAME_ITEM_NOT_DESTROY_BEAD	Failed to remove the effect.
local_data.dat	GAME_ITEM_NOT_ENOUGH	Not enough items.
local_data.dat	GAME_ITEM_NOT_ENOUGH_EP	Not enough EP.
local_data.dat	GAME_ITEM_NOT_ENOUGH_LP	Not enough LP.
local_data.dat	GAME_ITEM_NOT_ENOUGH_RP_BALL	Not enough RP Balls.
local_data.dat	GAME_ITEM_NOT_FOR_USE	Item can't be used like that.
local_data.dat	GAME_ITEM_NOT_FOUND	Couldn't find item.
local_data.dat	GAME_ITEM_NOT_GO_THERE	Couldn't move item.
local_data.dat	GAME_ITEM_NOT_INSERT_BEAD_FOR_DURATION	Not possible because duration.
local_data.dat	GAME_ITEM_NOT_INSERT_BEAD_INVALID_LEVEL	Not possible because the level.
local_data.dat	GAME_ITEM_NOT_PROPER_PLACE_TO_USE	Wrong place to use that item.
local_data.dat	GAME_ITEM_NOT_READY_TO_BE_USED	Item is still on cooldown.
local_data.dat	GAME_ITEM_NOT_SAME	Items are not the same.
local_data.dat	GAME_ITEM_NOT_SEALITEM	Item isn't sealed.
local_data.dat	GAME_ITEM_NOT_SOCKET	Item don't have a free socket
local_data.dat	GAME_ITEM_NOT_USE_THIS_PLACE	Item can't be used here.
local_data.dat	GAME_ITEM_NUM_NULL	Item is null
local_data.dat	GAME_ITEM_OWNER_NOT_SAME	You are not the owner
local_data.dat	GAME_ITEM_OWNER_NULL	No item owner set
local_data.dat	GAME_ITEM_POSITION_FAIL	Item position fail
local_data.dat	GAME_ITEM_RECIPE_ALREADY_EXIST	Recipe already exists.
local_data.dat	GAME_ITEM_RECIPE_CANNOT_RESET_CAUSE_NOT_STARTED_YET	Can't reset
local_data.dat	GAME_ITEM_RECIPE_CANNOT_RESET_NORMAL_TYPE	Can't reset normal recipe
local_data.dat	GAME_ITEM_RECIPE_CANNOT_SET_YOU_NEED_HIGHER_LEVEL	Higher level required
local_data.dat	GAME_ITEM_RECIPE_CANNOT_SET_YOU_NEED_MORE_ZENNY	More Zeni required
local_data.dat	GAME_ITEM_RECIPE_LEVEL_MISMATCHED	Recipe level mismatched
local_data.dat	GAME_ITEM_RECIPE_NORMAL_RECIPE_ALREADY_STARTED	Recipe already registered
local_data.dat	GAME_ITEM_RECIPE_NOT_FOUND	Recipe not found
local_data.dat	GAME_ITEM_RECIPE_REGISTER_FAIL	Failed registering recipe
local_data.dat	GAME_ITEM_RECIPE_REGISTER_PROFESSION	You haven't learn the mix skill.
local_data.dat	GAME_ITEM_RECIPE_REGISTER_PROFESSION_FAIL	Register recipe failed.
local_data.dat	GAME_ITEM_RECIPE_SPECIAL_RECIPE_ALREADY_STARTED	Special recipe already registered
local_data.dat	GAME_ITEM_RECIPE_TYPE_MISMATCHED	Recipe type mismatched
local_data.dat	GAME_ITEM_SEAL_SEALCOIN	Insert Seal Coin.
local_data.dat	GAME_ITEM_STACK_FAIL	Failed stacking item
local_data.dat	GAME_ITEM_STACK_FAIL_ITEMTYPE_DURATION	Failed stacking item (duration).
local_data.dat	GAME_ITEM_STACK_FULL	Item stack is full.
local_data.dat	GAME_ITEM_TOO_HIGH_LEVEL_TO_USE_ITEM	Your level is too high.
local_data.dat	GAME_ITEM_TOO_LOW_LEVEL_TO_USE_ITEM	Your level is too low.
local_data.dat	GAME_ITEM_TYPE_NOT_MISMATCHED	Item type doesn't match.
local_data.dat	GAME_ITEM_UNIDENTIFY	Item is unidentified.
local_data.dat	GAME_ITEM_UNIDENTIFY_FAIL	Identify item failed.
local_data.dat	GAME_ITEM_UPGRADED_EXCHANGE_ITEM_FAIL	Only for the same type.
local_data.dat	GAME_ITEM_UPGRADED_EXCHANGE_LEVEL_FAIL	Item level doesn't match.
local_data.dat	GAME_ITEM_UPGRADED_EXCHANGE_NEW_ITEM_GRADE_FAIL	Item grade doesn't match.
local_data.dat	GAME_ITEM_UPGRADED_EXCHANGE_OLD_ITEM_GRADE_FAIL	Wrong Item.
local_data.dat	GAME_ITEM_UPGRADED_EXCHANGE_POWDER_NEED_MORE	Not enough mysterious powder.
local_data.dat	GAME_ITEM_UPGRADED_EXCHANGE_POWDER_NOT_FOUND	Insert mysterious powder.
local_data.dat	GAME_ITEM_UPGRADED_EXCHANGE_SUCCESS	Success
local_data.dat	GAME_ITEM_UPGRADE_ALREADY_HIGHEST_GRADE	Item already highest grade
local_data.dat	GAME_ITEM_UPGRADE_ALREADY_LOWEST_GRADE	Item already lowest grade
local_data.dat	GAME_ITEM_UPGRADE_ALREADY_MAX_GRADE	Item already highest grade
local_data.dat	GAME_ITEM_UPGRADE_CANT_USE_STONE_CORE_WITH_BLACK_STONE	You can't use this core.
local_data.dat	GAME_ITEM_UPGRADE_CANT_USE_STONE_CORE_WITH_SAFE	Already 100% success rate.
local_data.dat	GAME_ITEM_UPGRADE_COUPON_GRADE_FAIL	Only for non-upgraded items.
local_data.dat	GAME_ITEM_UPGRADE_COUPON_NOT_FOUND	Invalid Item. Read Description
local_data.dat	GAME_ITEM_UPGRADE_FAIL	Upgrading item failed.
local_data.dat	GAME_ITEM_UPGRADE_FAIL_AND_DEL	Failed and Item got destroyed.
local_data.dat	GAME_ITEM_UPGRADE_FAIL_AND_NODEL_BY_CORE	Failed but Item was protected.
local_data.dat	GAME_ITEM_UPGRADE_FAIL_FOR_DURATION_ITEM	Not upgradeable (duration).
local_data.dat	GAME_ITEM_UPGRADE_FAIL_FOR_GRADE_DATA	Incorrect grade.
local_data.dat	GAME_ITEM_UPGRADE_ITEM_AND_HOIPOI_STONE_DONT_MATCH	Wrong HoiPoi Stone to upgrade item.
local_data.dat	GAME_ITEM_UPGRADE_ITEM_IS_ZERO_GRADE	Item is already +0.
local_data.dat	GAME_ITEM_UPGRADE_MUST_USE_PROPER_LEVEL_CORE_STONE	Wrong stone Level.
local_data.dat	GAME_ITEM_UPGRADE_MUST_USE_PROPER_LEVEL_STONE	Wrong stone Level.
local_data.dat	GAME_ITEM_UPGRADE_MUST_USE_STONE_ARMOR	Please use armor stone.
local_data.dat	GAME_ITEM_UPGRADE_MUST_USE_STONE_WEAPON	Please use weapon stone.
local_data.dat	GAME_ITEM_UPGRADE_NO_HOIPOI_STONE	Insert upgrade Stone.
local_data.dat	GAME_ITEM_UPGRADE_NO_HOIPOI_STONE_CORE	Insert protect stone.
local_data.dat	GAME_ITEM_UPGRADE_NO_SUBJECT_ITEM	Insert item for upgrade.
local_data.dat	GAME_ITEM_UPGRADE_WRONG_ITEM_TYPE	Only weapons and armor.
local_data.dat	GAME_ITEM_USEFUL_ONLY_WHEN_FAINTING	Only when fainting state.
local_data.dat	GAME_ITEM_USE_NEED_FISRT_ADULT_QUEST	Adult quest required to use item
local_data.dat	GAME_ITEM_USE_ONLY_CHARACTER	Item can't be used on players
local_data.dat	GAME_ITEM_USE_ONLY_PLYAER	Item can only be used on players
local_data.dat	GAME_ITEM_YOU_ARE_USING_AN_ITEM	You are already using an item.
local_data.dat	GAME_ITEM_YOU_HAVE_NO_RELATED_QUEST_TO_USE	No quest found for this item.
local_data.dat	GAME_LOOTING_FAIL	Not your Loot.
local_data.dat	GAME_MAIL_ALREADY_READ	Mail has already been read.
local_data.dat	GAME_MAIL_CANT_SEND_MAIL_TO_YOURSELF	Can't send mail to yourself.
local_data.dat	GAME_MAIL_INVALID_ACCEPT	Can't be accepted.
local_data.dat	GAME_MAIL_INVALID_CHAR_DEL	Sender doesn't exist.
local_data.dat	GAME_MAIL_INVALID_DEL	Can't be deleted.
local_data.dat	GAME_MAIL_INVALID_LOCK	Mail is locked
local_data.dat	GAME_MAIL_INVALID_RETURN	Impossible to return mail
local_data.dat	GAME_MAIL_INVALID_ZENNY	Not enough Zeni
local_data.dat	GAME_MAIL_MAILING_PARTS_NOT_FOUND	Don't have a Mail Scouter Chip.
local_data.dat	GAME_MAIL_NOT_EXISTING_PLAYER	Player doesn't exist.
local_data.dat	GAME_MAIL_NOT_FOUND	Mail not found.
local_data.dat	GAME_MAIL_SCOUTER_FAIL	Scouter can't use function.
local_data.dat	GAME_MAIL_TARGET_AWAY_STATE	Target is in away state
local_data.dat	GAME_MAIL_TRANSMIT_PARTS_NOT_FOUND	Scouter: No Mail chip.
local_data.dat	GAME_MATCH_CAN_NOT_USE_SKILL_IN_OUTOFAREA	Can't be used here.
local_data.dat	GAME_MATCH_CAN_NOT_USE_SKILL_IN_THIS_WORLD	Can't be used here.
local_data.dat	GAME_MINORMATCH_CANNOT_TELEPORT_THIS_STATE	Time has expired, unable to enter.
local_data.dat	GAME_MOVE_CANT_ALLOWED_ENTER	You're not allowed to enter.
local_data.dat	GAME_MOVE_CANT_GO_THERE	Can't go there
local_data.dat	GAME_MUDOSA_NOT_OPEND	Mudosa currently unavailable.
local_data.dat	GAME_MUDOSA_POINT_CANT_BE_USED_RIGHT_NOW	Can't use mudosa points right now
local_data.dat	GAME_MUDOSA_POINT_MAX_OVER	Mudosa Points already maxed out.
local_data.dat	GAME_MUDOSA_POINT_NOT_ENOUGH	Not enough Mudosa Points.
local_data.dat	GAME_NEEDITEM_NOT_FOUND	Required item not found
local_data.dat	GAME_NEEDITEM_NOT_FOUND_INVANTORY	Required item not found in inventory
local_data.dat	GAME_NETMARBLEMEMBER_IS_NOT	You aren't a wasabii member.
local_data.dat	GAME_NETPY_IS_LOCK	NetPY is Locked.
local_data.dat	GAME_NETPY_NOT_ENOUGH	Not enough Tokken.
local_data.dat	GAME_NETP_POINT_CANT_BE_USED_RIGHT_NOW	Netpy point can't be used right now
local_data.dat	GAME_NETP_POINT_MAX_OVER	Net Points already maxed out.
local_data.dat	GAME_NETP_POINT_NOT_ENOUGH	Not enough Net Points.
local_data.dat	GAME_NO_REVIVAL_AFTEREFFECT_TO_REMOVE	No resurrection sickness to remove.
local_data.dat	GAME_NPC_SERVER_IS_DOWN	NPC Server is down, you can't progress at this time.
local_data.dat	GAME_PARTYMATCHING_ALREADY_REGISTERED	Already registered
local_data.dat	GAME_PARTYMATCHING_ANY_MEMBER_IN_DYNAMIC_WORLD	There are still members inside.
local_data.dat	GAME_PARTYMATCHING_ENTER_DUNGEON_AGREE_FAIL	Not all Player ready.
local_data.dat	GAME_PARTYMATCHING_PARTY_IS_NOT_REGISTER	Party isn't registered.
local_data.dat	GAME_PARTYMATCHING_PARTY_IS_REGISTER_ALREADY	Party is already registered.
local_data.dat	GAME_PARTYMATCHING_ROLEPLAY_HAVE_NO_CHOICE	The role has already been selected.
local_data.dat	GAME_PARTYMATCHING_ROLEPLAY_NOT_SELECTED	Player hasn't select a role.
local_data.dat	GAME_PARTY_ALREADY_IN_PARTY	Already in a party.
local_data.dat	GAME_PARTY_ANOTHER_PARTY_IS_INVITING_YOU	"[align = """"center""""][font size = """"12"""" color=""""f4d762""""]Party Invitation[/font][br][br][font size = """"10""""Color=""""f36a7c""""]You've been invited to another party.[/font]"
local_data.dat	GAME_PARTY_ANOTHER_PLAYER_IS_INVITING_YOU	A Players invites you.
local_data.dat	GAME_PARTY_APPOINTING_A_LEADER_IS_NOT_ALLOWED	Unable to appoint a leader.
local_data.dat	GAME_PARTY_CANT_CHANGE_LOOTING_METHOD_YET	Looting method can't be changed now.
local_data.dat	GAME_PARTY_CANT_INVITE_FOR_SOME_REASON	Failed to invite
local_data.dat	GAME_PARTY_CANT_INVITE_IN_WORLD	Can't invite in this world
local_data.dat	GAME_PARTY_CANT_INVITE_TARGET_SANDBAG	Not possible during HTB.
local_data.dat	GAME_PARTY_CANT_INVITE_YOURSELF	Can't invite yourself to a party.
local_data.dat	GAME_PARTY_CANT_JOIN_TARGET_SANDBAG	Not during HTB.
local_data.dat	GAME_PARTY_CANT_KICK_OUT_HIMSELF	Can't kick yourself from a party.
local_data.dat	GAME_PARTY_CANT_UNREGISTER_CHARM_DUE_TO_VITIM	Unable to call the party.
local_data.dat	GAME_PARTY_CHARM_BUFF_REGISTERED_ALREADY	Buff already exists.
local_data.dat	GAME_PARTY_CHARM_INVENTORY_IS_CLOSED	Close Inventory.
local_data.dat	GAME_PARTY_CHARM_INVENTORY_IS_OPEN	Open Inventory.
local_data.dat	GAME_PARTY_CHARM_INVENTORY_SLOT_IS_EMPTY	Inventory slot is empty.
local_data.dat	GAME_PARTY_CHARM_INVENTORY_SLOT_IS_NOT_EMPTY	Inventory slot isn't empty.
local_data.dat	GAME_PARTY_CHARM_ITEM_HASNT_BEEN_REGISTERED	Item isn't notified.
local_data.dat	GAME_PARTY_CHARM_SLOT_HAS_AN_ITEM_OF_IMPROPER_TYPE	Wrong Item.
local_data.dat	GAME_PARTY_CHARM_SLOT_HAS_UNKNOWN_CHARM_ITEM	Unknown Item.
local_data.dat	GAME_PARTY_COULDNT_ASSIGN_A_LEADER_FOR_SOME_REASON	Could not assign a leader
local_data.dat	GAME_PARTY_COULDNT_BE_DONE_FOR_SOME_REASON	Couldn't join, please try it again later.
local_data.dat	GAME_PARTY_COULDNT_JOIN_FOR_SOME_REASON	Couldn't join party for some reason
local_data.dat	GAME_PARTY_COULDNT_KICK_OUT_FOR_SOME_REASON	Couldn't kick for some reason
local_data.dat	GAME_PARTY_DICE_FAIL	Using dice failed
local_data.dat	GAME_PARTY_DUNGEON_BEING_INITIALIZED	Dungeon is being initialized
local_data.dat	GAME_PARTY_DUNGEON_DIFF_NOT_USE	No difficult is set.
local_data.dat	GAME_PARTY_DUNGEON_ENTER_PARTY_FAIL	Requires a Party.
local_data.dat	GAME_PARTY_DUNGEON_ENTER_USING_NPC	Use NPC to enter.
local_data.dat	GAME_PARTY_DUNGEON_IN_CHANGE_DIFF_NOW	Can't change the difficult now.
local_data.dat	GAME_PARTY_DUNGEON_IN_PLAYER_FOUND	Players still in the dungeon.
local_data.dat	GAME_PARTY_DUNGEON_IS_NOT_CREATED	Dungeon isn't created
local_data.dat	GAME_PARTY_DUNGEON_MIN_PLAYER_FAIL	More players required to enter the dungeon
local_data.dat	GAME_PARTY_DUNGEON_OUT_RESERVED	Wait 30 seconds before exit dungeon.
local_data.dat	GAME_PARTY_IDENTIFIED_ITEM_NEEDED_FOR_CHARM_POINT	Not enough points.
local_data.dat	GAME_PARTY_INVALID_INVENTORY_SLOT_INDEX	Party inventory error.
local_data.dat	GAME_PARTY_INVEN_DISTRIBUTE_METHOD_NOT_MATCH	Team allocation error.
local_data.dat	GAME_PARTY_INVEN_INVEST_ZENNY_NOT_ENOUGH	Team hasn't enough Zeni.
local_data.dat	GAME_PARTY_INVEN_ITEM_EXIST	Item already allocated.
local_data.dat	GAME_PARTY_INVEN_ITEM_NON_EXIST	Backpack is empty.
local_data.dat	GAME_PARTY_INVEN_LOCKED	Team backpack is locked.
local_data.dat	GAME_PARTY_INVEN_LOCK_FIRST	Close the team backpack.
local_data.dat	GAME_PARTY_INVEN_UNDER_INVEST	The bid must be higher.
local_data.dat	GAME_PARTY_INVITING_IS_NOT_ALLOWED	Inviting isn't allowed
local_data.dat	GAME_PARTY_INVITOR_PLAYER_IS_IN_A_PARTY	Can't find player who has invited.
local_data.dat	GAME_PARTY_ITEMS_DONT_SATISFY_THE_CONDITION	Item doesn't meet the conditions.
local_data.dat	GAME_PARTY_ITEM_DICE_NOT_USING_NOW	Not using dice.
local_data.dat	GAME_PARTY_ITEM_DICE_USING_NOW	Using dice.
local_data.dat	GAME_PARTY_KICKING_OUT_IS_NOT_ALLOWED	Can't kick player from party.
local_data.dat	GAME_PARTY_LEAVING_IS_NOT_ALLOWED	Can't leave party.
local_data.dat	GAME_PARTY_MEMBER_CHARM_POINT_IS_IN_TRANSACTION	Can't use points right now.
local_data.dat	GAME_PARTY_MEMBER_DOESNT_HAVE_ENOUGH_CHARM_POINT	Not enough Charm Points.
local_data.dat	GAME_PARTY_MEMBER_DOESNT_HAVE_ENOUGH_ZENNY	Not enough Zeni.
local_data.dat	GAME_PARTY_MEMBER_DOESNT_SATISFY_THE_CONDITION	Doesn't meet requirements.
local_data.dat	GAME_PARTY_MEMBER_IS_ALREADY_REGISTERED_TIMEQUEST	Party member is already registered.
local_data.dat	GAME_PARTY_MEMBER_IS_TOO_FAR	Party member is too far away to share quest.
local_data.dat	GAME_PARTY_MEMBER_NOT_SAME	Party member aren't the same.
local_data.dat	GAME_PARTY_MEMBER_ZENNY_IS_IN_TRANSACTION	Zeni are in transaction.
local_data.dat	GAME_PARTY_MEMBER_ZENNY_IS_LOCK	Party member Zeni locked
local_data.dat	GAME_PARTY_NOBODY_CANT_RECEIVE_ITEM_RIGHT_NOW	No party member can receive an item now
local_data.dat	GAME_PARTY_NOT_AVAILABLE_OPERATION_RIGHT_NOW	Need other class to do the next step.
local_data.dat	GAME_PARTY_NOT_CREATED_FOR_SOME_REASON	Couldn't create party for some reason
local_data.dat	GAME_PARTY_NOT_PROPER_PARTY_NAME_LENGTH	Not a proper party name
local_data.dat	GAME_PARTY_NO_CHARM_BUFF_REGISTERED	No Charm buff registered.
local_data.dat	GAME_PARTY_NO_EMPTY_SPACE_IN_INVENTORY	No empty slots in Capsule Case.
local_data.dat	GAME_PARTY_NO_EMPTY_SPACE_IN_PARTY_INVENTORY	No empty space in Party Inventory.
local_data.dat	GAME_PARTY_NO_ROOM_FOR_NEW_MEMBER	Party is already full.
local_data.dat	GAME_PARTY_NO_SUCH_A_PARTY	Party doesn't exist.
local_data.dat	GAME_PARTY_NO_SUCH_A_PLAYER	Couldn't invite this player.
local_data.dat	GAME_PARTY_NO_SUCH_A_PLAYER_IN_THE_PARTY	Player isn't in party.
local_data.dat	GAME_PARTY_NO_SUCH_A_VICTIM_ITEM	Item is missing.
local_data.dat	GAME_PARTY_ONLY_ALLOWED_TO_PARTY_LEADER	Only party leader allowed
local_data.dat	GAME_PARTY_ONLY_CHARM_ITEM_AVAILABLE_IN_THAT_SLOT	Only for Charm-Item.
local_data.dat	GAME_PARTY_ONLY_EQUIP_ITEM_ALLOWED_FOR_CHARM_POINT	Only for equipment.
local_data.dat	GAME_PARTY_ONLY_EQUIP_ITEM_AVAILABLE_IN_THAT_SLOT	Only for equipment.
local_data.dat	GAME_PARTY_ONLY_LEADER_CAN_REGISTER_CHARM	Only possible as leader.
local_data.dat	GAME_PARTY_PARTY_NAME_HAS_INVALID_CHARACTER	Party name has an invalid character
local_data.dat	GAME_PARTY_SAME_CHARM_ALREADY_HAS_BEEN_REGISTERED	Already voted.
local_data.dat	GAME_PARTY_SHARETARGET_NOTFINDOBJECT	Couldn't find the object.
local_data.dat	GAME_PARTY_SHARETARGET_SLOTID_FAIL	Sharing target failed
local_data.dat	GAME_PARTY_TARGET_ALREADY_HAS_INVITATION	Target already has an invitation
local_data.dat	GAME_PARTY_TARGET_ALREADY_IN_PARTY	Already belong to an party.
local_data.dat	GAME_PARTY_THE_ITEM_IS_LOCKED	Unable to move.
local_data.dat	GAME_PARTY_TOO_MANY_CONTRIBUTION_POINTS_TO_INVEST	Points limit exceeded.
local_data.dat	GAME_PARTY_TOO_MUCH_VICTIM_ZENNY_TO_UNREGISTER	Zeni limit exceeded.
local_data.dat	GAME_PARTY_UNIDENTIFIED_VICTIM_ITEM	Item isn't identified.
local_data.dat	GAME_PARTY_UNKNOWN_ITEM_LOOTING_METHOD	Unknown party Item looting method
local_data.dat	GAME_PARTY_UNKNOWN_ZENNY_LOOTING_METHOD	Unknown party Zeni looting method
local_data.dat	GAME_PARTY_VICTIM_ITEM_IS_NOT_YOURS	Not your item.
local_data.dat	GAME_PARTY_VICTIM_ZENNY_HASNT_CHANGED	Zeni amount hasn't changed.
local_data.dat	GAME_PARTY_WRONG_CHARM_INVENTORY_SPECIFIED	Backpack error.
local_data.dat	GAME_PARTY_YOU_ARE_ALREADY_A_LEADER	You're already the Party Leader.
local_data.dat	GAME_PARTY_YOU_ARE_NOT_IN_PARTY	You're not a member of the party.
local_data.dat	GAME_PARTY_YOU_DONT_BELONG_TO_THE_PARTY	You don't belong to the party.
local_data.dat	GAME_PARTY_YOU_DONT_HAVE_THAT_MUCH_ZENNY	Not enough Zeni.
local_data.dat	GAME_PARTY_YOU_HAVENT_REGISTERED_VICTIM_ZENNY	Please arrange Zeni collection.
local_data.dat	GAME_PARTY_YOU_HAVE_NO_INVITATION	You have no party invitation
local_data.dat	GAME_PARTY_ZENNY_DOESNT_SATISFY_THE_CONDITION	Team Zeni insufficient.
local_data.dat	GAME_PARTY_ZENNY_IS_LOCKED_RIGHT_NOW	Zeni can't be used.
local_data.dat	GAME_PETITION_ACCOUNTNOTPETITION	No consultation on that account.
local_data.dat	GAME_PETITION_ALREADYFINISH	Already finished.
local_data.dat	GAME_PETITION_ALREADYSTARTED	Already started.
local_data.dat	GAME_PETITION_ALREADY_INSERT	Already insert.
local_data.dat	GAME_PETITION_CATEGORY_1_FAIL	Category 1 failed.
local_data.dat	GAME_PETITION_CATEGORY_2_FAIL	Category 2 failed.
local_data.dat	GAME_PETITION_CREATE_PETITION_FAILE	Consultation generation failed.
local_data.dat	GAME_PETITION_CREATE_PETITION_ID_FAILE	ID generation failed.
local_data.dat	GAME_PETITION_DELETE_FAILE_STARTED	Can't be deleted.
local_data.dat	GAME_PETITION_INSERT_ALLREADY_ID	ID is already logged in.
local_data.dat	GAME_PETITION_INSERT_ERROR_ZERO_ID	Data storage failure - ID=0.
local_data.dat	GAME_PETITION_INSERT_FAILE	Data storage failure - STD:MAP.
local_data.dat	GAME_PETITION_ISNOT_STARTED	Not started yet.
local_data.dat	GAME_PETITION_LOCK	Locked
local_data.dat	GAME_PETITION_NOTAUTH	No such authority.
local_data.dat	GAME_PETITION_NOTRUNSTATE	No trust state.
local_data.dat	GAME_PETITION_PETITIONID_INVALID	Account is incorrect.
local_data.dat	GAME_PETITION_TOO_LONG_NAME	Name to long, maximum 8 characters.
local_data.dat	GAME_PETITION_TOO_LONG_QUESTION_CONTENT	To long, maximum 128 characters.
local_data.dat	GAME_PETITION_TOO_SHORT_NAME	Name to short, minimum 2 characters.
local_data.dat	GAME_PETITION_TOO_SHORT_QUESTION_CONTENT	Enter at least 2 characters.
local_data.dat	GAME_PET_CANT_MAKE_MORE_ITEM_PET	Can't do this anymore.
local_data.dat	GAME_PET_CANT_MAKE_MORE_SUMMON_PET	Unable to summon another pet.
local_data.dat	GAME_PET_COULDNT_BE_DONE_FOR_SOME_REASON	Temporary error, please try again later.
local_data.dat	GAME_PET_TARGET_IS_NOT_SPAWNED	Pet hasn't spawned yet.
local_data.dat	GAME_PORTAL_ARLEADY_ADDED	Teleport location already registered.
local_data.dat	GAME_PORTAL_NOT_EXIST	Teleport location hasn't been registered.
local_data.dat	GAME_PRIVATESHOP_INVENTORY_NOTINVENTTORY	Invalid Capsule Case.
local_data.dat	GAME_PRIVATESHOP_INVENTORY_SAVEITEM_OVER	No empty slot in Capsule Case.
local_data.dat	GAME_PRIVATESHOP_ITEM_NOTVALID	Can't sell Item.
local_data.dat	GAME_PRIVATESHOP_ITEM_NULL	Item doesn't exist.
local_data.dat	GAME_PRIVATESHOP_ITEM_SELECTITEM_NOTBUSINESS	Item already selected.
local_data.dat	GAME_PRIVATESHOP_ITEM_TABLE_ITEMID_DIFFERENT	Non-identical item
local_data.dat	GAME_PRIVATESHOP_NOTAUTH	You don't have permission.
local_data.dat	GAME_PRIVATESHOP_NOTRUNSTATE	Unable to open shop
local_data.dat	GAME_PRIVATESHOP_NOT_PROGRESS_COMPLETE	Shop progress has been changed. Please try again
local_data.dat	GAME_PRIVATESHOP_OWNER_BARGAINS	Shop owner is bargaining with others. Please try again later.
local_data.dat	GAME_PRIVATESHOP_OWNER_BUSINESS_NOT_CONSENT	Shop owner refused to bargain.
local_data.dat	GAME_PRIVATESHOP_OWNER_BUSINESS_REFUSED	Shop owner refused to bargain.
local_data.dat	GAME_PRIVATESHOP_OWNER_MONEY_FULL	Seller has too much Zeni
local_data.dat	GAME_PRIVATESHOP_OWNER_THEREISNO	No shop owner found
local_data.dat	GAME_PRIVATESHOP_PRIVATESHOP_ANOTHER_NPC	Can't open shop near NPC
local_data.dat	GAME_PRIVATESHOP_PRIVATESHOP_ANOTHER_PRIVATESHOP	Can't open shop near other shops
local_data.dat	GAME_PRIVATESHOP_PRIVATESHOP_INVENTORY_SAVEITEM_OVER	Storage space is full
local_data.dat	GAME_PRIVATESHOP_PRIVATESHOP_INVENTORY_SLOT_ALREADY_ITEM	Slot is already in use.
local_data.dat	GAME_PRIVATESHOP_PRIVATESHOP_NOT_CREATE_PLACE	Unable to open personal shop here.
local_data.dat	GAME_PRIVATESHOP_PRIVATESHOP_NULL	Could not find the shop
local_data.dat	GAME_PRIVATESHOP_SAMENOT_PRICEFLUCTUATIONSCOUNTER	Please try again because change in bargaining.
local_data.dat	GAME_PRIVATESHOP_STOP_PROGRESS	Shop closed
local_data.dat	GAME_PRIVATESHOP_VISITOR_ALREADYENTER	Visitor already in the store.
local_data.dat	GAME_PRIVATESHOP_VISITOR_FULL	Too much visitors right now.
local_data.dat	GAME_PRIVATESHOP_VISITOR_NOT_INVENTORY_EMPTY	Visitor hasn't enough free space.
local_data.dat	GAME_PRIVATESHOP_VISITOR_NOT_MONEY	Visitor hasn't enough Zeni.
local_data.dat	GAME_PRIVATESHOP_VISITOR_NULL	No visitor.
local_data.dat	GAME_PRIVATESHOP_VISITOR_SELECTITEM_ALLSELL	Can't buy the selected item.
local_data.dat	GAME_PRIVATESHOP_VISITOR_SELECTITEM_ALREADY	Item is already reserved.
local_data.dat	GAME_PRIVATESHOP_VISITOR_SELECTITEM_ALREADYBUYANDBUSINESSITEM	Item is already sold.
local_data.dat	GAME_PRIVATESHOP_VISITOR_SELECTITEM_INVENSOLT_SHORTOF	Not enough free space.
local_data.dat	GAME_PRIVATESHOP_VISITOR_SELECTITEM_NULL	Visitor don't specify item.
local_data.dat	GAME_PRIVATESHOP_VISITOR_SELECTITEM_OVER	Unable to specify items.
local_data.dat	GAME_PRIVATESHOP_ZENNY_LOCK	Zeni is locked during transaction.
local_data.dat	GAME_PROCESSING_DB	Please wait database being processed.
local_data.dat	GAME_QUEST_ALREADY_EXIST	You already have that quest.
local_data.dat	GAME_QUEST_COUNT_OVER	You can't get any more quests.
local_data.dat	GAME_QUEST_NOT_EXIST	Quest doesn't exist.
local_data.dat	GAME_QUICK_TELEPORT_INFO_NOT_FOUND	No data stored in that slot.
local_data.dat	GAME_QUICK_TELEPORT_INFO_NOT_VALID	Data stored in that slot are invalid.
local_data.dat	GAME_QUICK_TELEPORT_ITEM_LOCK	Item is locked.
local_data.dat	GAME_QUICK_TELEPORT_ITEM_NOT_FOUND	Teleport Item not found.
local_data.dat	GAME_QUSET_ITEM_CREATE_COUNT_OVER	You can produce the same item again.
local_data.dat	GAME_RANKBATTLE_ARENA_IS_FULL	Arena is currently full.
local_data.dat	GAME_RANKBATTLE_CANNOT_FIND_ARENA	Can't find the arena.
local_data.dat	GAME_RANKBATTLE_CANNOT_FIND_OPPONENT	Can't find an opponent.
local_data.dat	GAME_RANKBATTLE_CANNOT_LEAVE_IN_MATCH	Can't leave during fight.
local_data.dat	GAME_RANKBATTLE_CANNOT_LEAVE_NOW	Can't leave now.
local_data.dat	GAME_RANKBATTLE_MEMBER_ALREADY_JOINED_RANKBATTLE	A member is already registered.
local_data.dat	GAME_RANKBATTLE_NOR_REGISTERED	Not Registered.
local_data.dat	GAME_RANKBATTLE_NO_REMAIN_COUNT	Limit exhausted.
local_data.dat	GAME_RANKBATTLE_OBJECT_IS_TOO_FAR	Too far away.
local_data.dat	GAME_RANKBATTLE_IP_ACCOUNT_CONFLICT	You cannot join ranked battle. Another player from the same network or account is already in the queue.
local_data.dat	GAME_REPAIR_NOT_FOUND	Nothing need repaired.
local_data.dat	GAME_REPAIR_VALUE_FAIL	Item can't be repaired.
local_data.dat	GAME_REVIVAL_AFTEREFFECT_IS_TOO_STRONG_TO_BE_CURED	Death punishment is too strong.
local_data.dat	GAME_RIDE_ON_STATE	You are already on Vehicle.
local_data.dat	GAME_ROOM_CAN_NOT_FIND_PARTY_MEMBER	Can't find Party members.
local_data.dat	GAME_ROOM_ENTER_EXCEED_MAX_MEMBER_COUNT	Max member currently reached.
local_data.dat	GAME_ROOM_ENTER_EXCEED_MAX_ROOM_COUNT	Max rooms currently reached.
local_data.dat	GAME_ROOM_ENTER_FAIL	Room failure.
local_data.dat	GAME_ROOM_ENTER_MUST_HAVE_NEED_ITEM	Don't have the necessary Item.
local_data.dat	GAME_ROOM_ENTER_MUST_HAVE_NEED_ZENNY	More Zeni needed.
local_data.dat	GAME_ROOM_ENTER_NEED_MORE_MEMBER	More members needed.
local_data.dat	GAME_ROOM_ENTER_NEED_MORE_PARTY_MEMEBER	More Party members needed.
local_data.dat	GAME_ROOM_ENTER_NOT_MATCH_MEMBER	No match found.
local_data.dat	GAME_ROOM_ENTER_NOT_WAIT_STATE	No standby found.
local_data.dat	GAME_ROOM_ENTER_ROOMMANAGER_NOT_EXIST	Message board doesn't exist.
local_data.dat	GAME_ROOM_ENTER_ROOM_NOT_EXIST	Room doesn't exist.
local_data.dat	GAME_ROOM_ENTER_TOO_HIGHTLEVEL	Your level is too high.
local_data.dat	GAME_ROOM_ENTER_TOO_LOW_LEVEL	Your level is too low.
local_data.dat	GAME_ROOM_LEAVE_FAIL	You can't leave now.
local_data.dat	GAME_ROOM_LEAVE_LIMIT_TIME_ELAPSED	Standby, can't leave till now.
local_data.dat	GAME_ROOM_NOT_OWNER	You are not the owner.
local_data.dat	GAME_SAMENAME_EXIST	"[align = """"center""""][font size = """"12"""" color=""""f4d762""""]Character Name[/font][br][br][font size = """"10"""" color=""""f36a7c""""]That character name has been taken already.[/font]"
local_data.dat	GAME_SCOUTER_BODY_IS_NOT_EMPTY	All Scouter Slots are full.
local_data.dat	GAME_SCOUTER_CANNOT_WEARING	Cannot equip the Scouter.
local_data.dat	GAME_SCOUTER_CANNOT_WEARTING	Cannot equip the Scouter.
local_data.dat	GAME_SCOUTER_CHIP_NOT_EXIST	Can't find Scouter Chip.
local_data.dat	GAME_SCOUTER_JAMMING	Equipment scan is jammed.
local_data.dat	GAME_SCOUTER_MAIN_PARTS_NOT_FOUND	Scouter main parts not found.
local_data.dat	GAME_SCOUTER_MAX_OVER	Scouter got broken due to the high Power Level.
local_data.dat	GAME_SCOUTER_PARTS_LEVEL_FAIL	Wrong Scouter chip Lv.
local_data.dat	GAME_SCOUTER_PARTS_NOT_FOUND	Can't find the necessary chip.
local_data.dat	GAME_SCOUTER_PC_INFO_JAMMING	Scan jammed.
local_data.dat	GAME_SCOUTER_TARGET_FAIL	Not a valid target.
local_data.dat	GAME_SCOUTER_TARGET_FAIL_FOR_NPC	Can't investigate NPC's Equipment.
local_data.dat	GAME_SCOUTER_TARGET_SELF_FAIL	Your Scouter can't target yourself.
local_data.dat	GAME_SCS_CHECK_FAIL	Verification failed.
local_data.dat	GAME_SERVER_LOCKED	"[align = """"center""""][font size = """"12"""" color=""""f4d762""""]Server connection[/font][br][br][font size = """"10"""" color=""""f36a7c""""]You can't connect to the server.[br]Please try again later.[/font]"
local_data.dat	GAME_SHOP_ITEM_INVALID	Invalid Item.
local_data.dat	GAME_SHOP_NOT_CLOSED	The shop is open.
local_data.dat	GAME_SHOP_SO_FAR	Shop is too far away.
local_data.dat	GAME_SHORTCUT_KEY_ARLEADY_FOUND	Key has already been assigned.
local_data.dat	GAME_SHORTCUT_KEY_DEL_NOT_FOUND	Couldn't find shortcut key
local_data.dat	GAME_SHORTCUT_KEY_MODIFY_NOT_FOUND	Couldn't find shortcut key to modify
local_data.dat	GAME_SKILL_ALREADY_EXIST_SAME_KIND_BUFF	Same kind of buff already registered
local_data.dat	GAME_SKILL_ALREADY_MASTERED_SKILL	Already mastered that skill.
local_data.dat	GAME_SKILL_ALREADY_TRANSFORMED	You are already transformed
local_data.dat	GAME_SKILL_BUFF_IS_FULL	Buff list is full
local_data.dat	GAME_SKILL_CANNOT_USE_NO_DOT_BLEED	You are not bleeding
local_data.dat	GAME_SKILL_CANNOT_USE_NO_DOT_BUFF	No DOT buff found
local_data.dat	GAME_SKILL_CANNOT_USE_NO_DOT_BURN	You are not burning
local_data.dat	GAME_SKILL_CANNOT_USE_NO_DOT_POISON	You are not poisoned
local_data.dat	GAME_SKILL_CANNOT_USE_NO_DOT_STOMACHACHE	You don't have Abdominal Pain
local_data.dat	GAME_SKILL_CANT_BE_CAST_ON_YOURSELF	Skill can't be casted on yourself
local_data.dat	GAME_SKILL_CANT_BE_GAINED_BY_YOURSELF	Can't learn skill by yourself.
local_data.dat	GAME_SKILL_CANT_CANCEL_TRANSFORM_WHEN_USING_SKILL	Can't be used to cancel transformation.
local_data.dat	GAME_SKILL_CANT_CAST_NOW	Can't cast skill now
local_data.dat	GAME_SKILL_CANT_SET_THAT_RP_BONUS_IN_SKILL	Can't set that RP bonus
local_data.dat	GAME_SKILL_CANT_USE_FOR_SOME_REASON	Can't use skill for some reason
local_data.dat	GAME_SKILL_CANT_USE_HTB_WHEN_TRANSFORMED	Can't use HTB while transformation
local_data.dat	GAME_SKILL_CANT_USE_ON_THIS_TARGET	Skill can't be cast on this target.
local_data.dat	GAME_SKILL_CANT_USE_SKILL_BOAST_NOW	Can't use Boast now.
local_data.dat	GAME_SKILL_CANT_USE_SKILL_WHEN_GREAT_NAMEK	Can't use skill while great namek.
local_data.dat	GAME_SKILL_CANT_USE_SKILL_WHEN_EVIL_NAMEK	Can't use skill while evil namek.
local_data.dat	GAME_SKILL_CANT_USE_SKILL_WHEN_KING_NAMEK	Can't use skill while king namek.
local_data.dat	GAME_SKILL_CANT_USE_SKILL_WHEN_KAIOKEN	Can't use skill while Kaio-Ken.
local_data.dat	GAME_SKILL_CANT_USE_SKILL_WHEN_NOT_TRANSFORMED	Can't use skill when not transformed.
local_data.dat	GAME_SKILL_CANT_USE_SKILL_WHEN_PURE_MAJIN	Can't use skill while pure majin.
local_data.dat	GAME_SKILL_CANT_USE_SKILL_WHEN_EVIL_BOO	Can't use skill while evil boo.
local_data.dat	GAME_SKILL_CANT_USE_SKILL_WHEN_SUPER_BOO	Can't use skill while super boo.
local_data.dat	GAME_SKILL_CANT_USE_SKILL_WHEN_RABIES	Can't use skill while rabies.
local_data.dat	GAME_SKILL_CANT_USE_SKILL_WHEN_ROLLING_ATTACK	Can't use skill during rolling attack.
local_data.dat	GAME_SKILL_CANT_USE_SKILL_WHEN_SPINNING_ATTACK	Can't use skill during spinning attack.
local_data.dat	GAME_SKILL_CANT_USE_SKILL_WHEN_SUPER_SAIYAN	Can't use skill while super saiyan.
local_data.dat	GAME_SKILL_CANT_USE_SKILL_WHEN_SUPER_SAIYAN2	Can't use skill while super saiyan 2.
local_data.dat	GAME_SKILL_CANT_USE_SKILL_WHEN_SUPER_SAIYAN3	Can't use skill while super saiyan God.
local_data.dat	GAME_SKILL_CANT_USE_SKILL_WHEN_SUPER_SAIYANBLUE	Can't use skill while super saiyan blue.
local_data.dat	GAME_SKILL_CANT_USE_SKILL_WHEN_SUPER_SAIYANROSE	Can't use skill while super saiyan rose.
local_data.dat	GAME_SKILL_CANT_USE_SKILL_WHEN_SUPER_SAIYAN33	Can't use skill while super saiyan god super saiyan.
local_data.dat	GAME_SKILL_CANT_USE_SKILL_WHEN_SUPER_SAIYAN4	Can't use skill while super saiyan 4.
local_data.dat	GAME_SKILL_CANT_USE_SKILL_WHEN_SUPER_BOO2	Can't use skill while super boo 2.
local_data.dat	GAME_SKILL_CANT_USE_SKILL_WHEN_BUUHAN_SKIN	Can't use skill while buuhan.
local_data.dat	GAME_SKILL_CANT_USE_SKILL_WHEN_BUUHAN_SKIN2	Can't use skill while buuhan 2.
local_data.dat	GAME_SKILL_CANT_USE_SKILL_WHEN_GOTENKS_BOO_FIS	Can't use skill while gotenks boo.
local_data.dat	GAME_SKILL_CANT_USE_SKILL_WHEN_GOTENKS_BOO_MAG	Can't use skill while gotenks boo magic.
local_data.dat	GAME_SKILL_CANT_USE_SKILL_WHEN_BIG_MONKEY	Can't use skill while great ape.
local_data.dat	GAME_SKILL_CANT_USE_SKILL_WHEN_DARK_NAMEK	Can't use skill while dark namek.
local_data.dat	GAME_SKILL_CANT_USE_SKILL_WHEN_MYSTIC_MAJIN	Can't use skill while mystic majin.
local_data.dat	GAME_SKILL_CANT_USE_SKILL_WHEN_SUPER_SAIYANL	Can't use skill while legendary super saiyan.
local_data.dat	GAME_SKILL_CANT_USE_SKILL_WHEN_SUPER_SAIYANMAJIN	Can't use skill while majin super saiyan.
local_data.dat	GAME_SKILL_CANT_USE_SKILL_WHEN_SUPER_SAIYANNAMEK	Can't use skill while namek super saiyan.
local_data.dat	GAME_SKILL_CANT_USE_SKILL_WHEN_GREAT_ORANGE	Can't use skill while great orange.
local_data.dat	GAME_SKILL_CANT_USE_SKILL_WHEN_VEHICLE	Can't use skill while on vehicle.
local_data.dat	GAME_SKILL_CANT_USE_THAT_RP_BONUS_IN_SKILL	RP can't be used.
local_data.dat	GAME_SKILL_CANT_USE_VEHICLE_WHEN_TRANSFORMED	Can't use while transformed.
local_data.dat	GAME_SKILL_CANT_USE_WHEN_TRANSFORMED	Can't use while transformation.
local_data.dat	GAME_SKILL_CAN_BE_CAST_ONLY_ON_PLAYER	Skill can be casted only on players.
local_data.dat	GAME_SKILL_CASTING_CANCELED_BY_DAMAGE	Casting canceled by damage
local_data.dat	GAME_SKILL_CASTING_CANCELED_BY_TARGET_NEW_STATE	Skill interrupted, target state changed.
local_data.dat	GAME_SKILL_CASTING_CANCELED_OBJECT_OCCLUSION	Skill interrupted, out of sight.
local_data.dat	GAME_SKILL_CURRENT_BUFF_IS_STRONGER_THEN_NEW	Current buff is stronger then new buff.
local_data.dat	GAME_SKILL_DEBUFF_IS_FULL	Debuff list is full
local_data.dat	GAME_SKILL_ERASE_FAIL	Failed to erase skill
local_data.dat	GAME_SKILL_GM_BUF_SUCCESS	Received a buff from GM.
local_data.dat	GAME_SKILL_HAVE_UPGRADED_SKILL	Upgrade the Skill first.
local_data.dat	GAME_SKILL_ID_NULL	Skill ID Not found.
local_data.dat	GAME_SKILL_INVALID_TARGET_APPOINTED	Invalid target appointed.
local_data.dat	GAME_SKILL_NOT_ACTIVE_TYPE	Not an active Skill.
local_data.dat	GAME_SKILL_NOT_BATTLE_AVAILABLE_LOCATION	Can't use skill in this location.
local_data.dat	GAME_SKILL_NOT_ENOUGH_EP	Not enough EP.
local_data.dat	GAME_SKILL_NOT_ENOUGH_LP	Not enough LP.
local_data.dat	GAME_SKILL_NOT_ENOUGH_RP_BALL	Not enough RP Balls.
local_data.dat	GAME_SKILL_NOT_ENOUGH_SP_POINT	Not enough Skill Points.
local_data.dat	GAME_SKILL_NOT_ENOUGH_ZENNY	Not enough Zeni.
local_data.dat	GAME_SKILL_NOT_EXISTING_SKILL	Skill doesn't exist.
local_data.dat	GAME_SKILL_NOT_FOUND	Skill not found.
local_data.dat	GAME_SKILL_NOT_READY_TO_BE_CAST	Skill is still on cooldown.
local_data.dat	GAME_SKILL_NOT_TRANSFORMED	Only when transformed.
local_data.dat	GAME_SKILL_NO_BUFF_TO_DROP_FOUND	No buff to drop found.
local_data.dat	GAME_SKILL_NO_EMPTY_SKILL_SLOT	No empty skill slot found.
local_data.dat	GAME_SKILL_NO_PREREQUISITE_SKILLS_YOU_HAVE	Requirement to learn missing.
local_data.dat	GAME_SKILL_NO_REQUIRED_ITEM	Required item not found.
local_data.dat	GAME_SKILL_NO_SKILL_TO_INIT	No skills found to be initialized.
local_data.dat	GAME_SKILL_NO_TARGET_APPOINTED	No target has been appointed.
local_data.dat	GAME_SKILL_ONE_RESET_FAIL	Failed to reset skill.
local_data.dat	GAME_SKILL_OWNER_NULL	Skill owner is null.
local_data.dat	GAME_SKILL_RESISTED	Skill is blocked.
local_data.dat	GAME_SKILL_REVIVAL_AFTEREFFECT_BUFF_IS_FULL	Revival after effect already exists.
local_data.dat	GAME_SKILL_SAME_EXIST	Skill already exist.
local_data.dat	GAME_SKILL_SHOULD_BE_GAINED_BY_YOURSELF	Skill should be gained by yourself.
local_data.dat	GAME_SKILL_SLOT_FAIL	Skill slot fail.
local_data.dat	GAME_SKILL_SUB_BUFF_IS_FULL	Buff list is full.
local_data.dat	GAME_SKILL_TARGET_IS_IN_FAINT	Target is dead.
local_data.dat	GAME_SKILL_TARGET_IS_NOT_FAINTING	Target isn't dead.
local_data.dat	GAME_SKILL_TARGET_IS_NOT_IN_FRONT_SIDE	Target isn't in front.
local_data.dat	GAME_SKILL_TARGET_IS_NOT_KNOCKED_DOWN	Target isn't knocked down.
local_data.dat	GAME_SKILL_TOO_HIGH_LEVEL_FOR_SKILL_INIT	Level too high to reset skills
local_data.dat	GAME_SKILL_TOO_HIGH_LEVEL_TO_TRAIN	Too high level to train the skill
local_data.dat	GAME_SKILL_TOO_MANY_LP_TO_USE_SKILL	Skills required LP less than 50%.
local_data.dat	GAME_SKILL_TRIED_TO_LEARN_AN_EXISTING_SKILL	You already learn this skill.
local_data.dat	GAME_SKILL_TRIED_TO_LEARN_WRONG_CLASS_SKILL	Wrong class to learn that skill.
local_data.dat	GAME_SKILL_UPGRADE_ONLY_SKILL	First learn this skill.
local_data.dat	GAME_SKILL_YOU_ARE_NOT_IN_BACKSIDE_OF_TARGET	Not behind the target.
local_data.dat	GAME_SKILL_YOU_DONT_HAVE_THE_SKILL	You haven't learned that skill.
local_data.dat	GAME_SKILL_YOU_HAVE_NO_LOWER_LEVEL_SKILL	First learn the skill of the previous stage.
local_data.dat	GAME_SKY_DUNGEON_CAN_NOT_EXIST_PARTY	You need to be in a party to enter Dungeon.
local_data.dat	GAME_SKY_DUNGEON_PLAYER_LIMIT_COUNT_IS_OVER	Sky Dungeon Limit has been reach.
local_data.dat	GAME_SKY_DUNGEON_WORLD_CAN_NOT_CREATE_DYNAMIC_WOLRD	Sky Dungeon Limit has been reach.
local_data.dat	GAME_TARGET_HAS_DIFFERENT_JOB	The class of the target isn't valid.
local_data.dat	GAME_TARGET_HAS_NOT_FUNCTION	This isn't supported.
local_data.dat	GAME_TARGET_IS_WRONG_STATE	Target is in wrong state
local_data.dat	GAME_TARGET_NOT_FOUND	Couldn't find target.
local_data.dat	GAME_TARGET_TOO_CLOSE	You're too close to the target.
local_data.dat	GAME_TARGET_TOO_FAR	You're too far away from the target.
local_data.dat	GAME_TIMEQUEST_ALREADY_JOINED	Already joined TMQ.
local_data.dat	GAME_TIMEQUEST_CANNOT_LEAVE_IN_PARTY_WHEN_PLAYING_RANKBATTLE	Can't leave the Party now.
local_data.dat	GAME_TIMEQUEST_CANNOT_LEAVE_IN_PARTY_WHEN_PLAYING_TMQ	You cannot leave the team while the TMQ is in progress.
local_data.dat	GAME_TIMEQUEST_CANT_MAKE_PARTY	Unable to join during TMQ.
local_data.dat	GAME_TIMEQUEST_DAYRECORD_IS_ALREADY_RESET	Records has been reset.
local_data.dat	GAME_TIMEQUEST_ERROR	Time Machine error.
local_data.dat	GAME_TIMEQUEST_EXCEED_MAX_MEMBER_COUNT	Max Member for TMQ exceeded.
local_data.dat	GAME_TIMEQUEST_HAVE_NO_JOIN_ROOM	No search results found.
local_data.dat	GAME_TIMEQUEST_MEMBER_LIMIT_COUNT_IS_OVER	Too many members right now.
local_data.dat	GAME_TIMEQUEST_MEMBER_LIMIT_PLUS_COUNT_IS_OVER	Number of possible resets exceeded.
local_data.dat	GAME_TIMEQUEST_MUST_HAVE_NEED_ITEM	No fuel to start the machine.
local_data.dat	GAME_TIMEQUEST_MUST_HAVE_NEED_ZENNY	Need more Zeni to enter.
local_data.dat	GAME_TIMEQUEST_NEED_MORE_MEMBER	Need more Player to enter.
local_data.dat	GAME_TIMEQUEST_NOT_ALLOWED_MEMBER	Player(s) don't meet the conditions.
local_data.dat	GAME_TIMEQUEST_ROOM_CANNOT_TELEPORT_NOW	Unable to teleport you now.
local_data.dat	GAME_TIMEQUEST_ROOM_NOT_FOUND	Can't find the waiting room.
local_data.dat	GAME_TIMEQUEST_ROOM_NOT_WAIT_STATE	Can't enter the waiting room.
local_data.dat	GAME_TIMEQUEST_ROOM_OUT_OF_ENTER_RANGE	Out of reach.
local_data.dat	GAME_TIMEQUEST_ROOM_PARTY_ALREADY_JOINED	Party already registered.
local_data.dat	GAME_TIMEQUEST_ROOM_PARTY_JOIN_FAIL	Register party failed.
local_data.dat	GAME_TIMEQUEST_TOO_HIGH_LEVEL	Your level is too high.
local_data.dat	GAME_TIMEQUEST_TOO_LOW_LEVEL	Your level is too low.
local_data.dat	GAME_TIMEQUEST_WORLD_ENTER_FAIL	Time machine failure.
local_data.dat	GAME_TIMEQUEST_WORLD_NOT_FOUND	TMQ world not found.
local_data.dat	GAME_TOO_HIGHT_MEMBER_LEVEL	A party member's level is too high.
local_data.dat	GAME_TOO_LOW_MEMBER_LEVEL	A party member's level is too low.
local_data.dat	GAME_TRADE_ALREADY_CLOSE	Trade already closed
local_data.dat	GAME_TRADE_ALREADY_OPEN	Trade already open
local_data.dat	GAME_TRADE_ALREADY_USE	You are already trading
local_data.dat	GAME_TRADE_BLACKLIST	You have been blacklisted
local_data.dat	GAME_TRADE_CHANGED_STATE	Trade state changed. Try again
local_data.dat	GAME_TRADE_DENY	Trade rejected
local_data.dat	GAME_TRADE_DENY_USE	Deal has been rejected
local_data.dat	GAME_TRADE_ITEM_INVALID	Item in trade not found
local_data.dat	GAME_TRADE_ONLY_PARTY	Can only trade within party
local_data.dat	GAME_TRADE_REPLY_WAIT_OVER	Trade request timed out
local_data.dat	GAME_TRADE_TARGET_WRONG_STATE	Target wrong state
local_data.dat	GAME_TRADE_WRONG_STATE	Trade wrong state
local_data.dat	GAME_TS_ERROR_BEGIN	Trigger Error START.
local_data.dat	GAME_TS_ERROR_CANNOT_ADD_QUEST_EVENT_DATA	Can't register event.
local_data.dat	GAME_TS_ERROR_CANNOT_CREATE_TS_OBJECT	Can't create object
local_data.dat	GAME_TS_ERROR_CANNOT_FIND_ITEM_TBLIDX	Can't find item tblidx
local_data.dat	GAME_TS_ERROR_CANNOT_FIND_PC	Can't find player
local_data.dat	GAME_TS_ERROR_CANNOT_FIND_QUEST_ITEM	Can't find quest item
local_data.dat	GAME_TS_ERROR_CANNOT_FIND_SKILL_TBLIDX	Can't find skill tblidx
local_data.dat	GAME_TS_ERROR_CANNOT_FIND_TCID	Can't find container id
local_data.dat	GAME_TS_ERROR_CANNOT_FIND_TID	Can't find trigger id
local_data.dat	GAME_TS_ERROR_CANNOT_LEARN_SKILL	Can't learn skill
local_data.dat	GAME_TS_ERROR_CANNOT_PROGRESS_REPEAT_QUEST	Quest work only once.
local_data.dat	GAME_TS_ERROR_CREATE_ITEM_COUNT_OVER	Can't create more at once.
local_data.dat	GAME_TS_ERROR_CS_SCRIPT_MISSMATCH	Container-type error.
local_data.dat	GAME_TS_ERROR_DELETE_ITEM_COUNT_OVER	Can't delete more at once.
local_data.dat	GAME_TS_ERROR_END	Trigger Error END.
local_data.dat	GAME_TS_ERROR_NO_IMP_CONT_TYPE	Wrong container type has been used.
local_data.dat	GAME_TS_ERROR_QUERY_SERVER	Query Server Error.
local_data.dat	GAME_TS_ERROR_RUN_ERROR	Trigger error in progress.
local_data.dat	GAME_TS_ERROR_SYSTEM	System error occurred.
local_data.dat	GAME_TS_ERROR_TRIGGER_OBJECT_INVALID_FUNCFLAG	Trigger object isn't capability.
local_data.dat	GAME_TS_ERROR_TRIGGER_OBJECT_NOT_EXIST	Select the appropriate destination.
local_data.dat	GAME_TS_ERROR_TRIGGER_SYSTEM	Trigger system error occurred.
local_data.dat	GAME_TS_WARNING_ALREADY_VISITED	Quest already completed.
local_data.dat	GAME_TS_WARNING_BEGIN	Trigger warning messages start.
local_data.dat	GAME_TS_WARNING_CANNOT_FIND_QUEST_ITEM	Can't find the quest item or Inventory is Full.
local_data.dat	GAME_TS_WARNING_CAN_NOT_FIND_VISIT_EVT	No related events visited or Inventory is Full.
local_data.dat	GAME_TS_WARNING_CLASS_CHANGE_CLASS_FAIL	Class change error occurred.
local_data.dat	GAME_TS_WARNING_CLASS_CHANGE_LEVEL_FAIL	Level too low for Class change.
local_data.dat	GAME_TS_WARNING_DEL_FORBIDDENDEL_QUEST_ITEM	Can't delete quest items.
local_data.dat	GAME_TS_WARNING_END	Trigger warning ended.
local_data.dat	GAME_TS_WARNING_EQUIP_SLOT_LOCK	Equipment Slot is locked.
local_data.dat	GAME_TS_WARNING_EQUIP_SLOT_NOT_EMPTY	Equipment Slot isn't empty.
local_data.dat	GAME_TS_WARNING_ESCORT_ALREADY_EXIST	Already in use.
local_data.dat	GAME_TS_WARNING_ESCORT_EXCEED_MEMBER	Too many players right now.
local_data.dat	GAME_TS_WARNING_ESCORT_NOT_SHARED	Quest can't be shared.
local_data.dat	GAME_TS_WARNING_ESCORT_PARTY_WRONG	Different Party.
local_data.dat	GAME_TS_WARNING_ESCORT_TRIGGER_ID_WRONG	Wrong Trigger ID.
local_data.dat	GAME_TS_WARNING_ESCORT_TRIGGER_TYPE_WRONG	Wrong Trigger Type.
local_data.dat	GAME_TS_WARNING_IMPROPER_NUMBER_OF_SEL_REWARD	Select a proper number.
local_data.dat	GAME_TS_WARNING_INVALID_QUEST_ITEM_DELETE_COUNT	Select a proper number.
local_data.dat	GAME_TS_WARNING_INVENTORY_IS_FULL	Inventory is full.
local_data.dat	GAME_TS_WARNING_INVENTORY_IS_LOCK	Inventory is locked.
local_data.dat	GAME_TS_WARNING_MUST_SELECT_ONE_SEL_REWARD	Please choose your reward.
local_data.dat	GAME_TS_WARNING_NOT_SATISFY_REWARD_CONDITIONS	Doesn't meet the conditions.
local_data.dat	GAME_TS_WARNING_NOT_YET_PROCESSED	Processing, please wait.
local_data.dat	GAME_TS_WARNING_NOW_TIME_WAIT	Processing, please wait.
local_data.dat	GAME_TS_WARNING_OVERFLOW_MAX_TS_NUM	Questlist is full.
local_data.dat	GAME_TS_WARNING_PROCESSING_PRE_CONFIRM_REQ	Processing, please wait.
local_data.dat	GAME_TS_WARNING_QUEST_INVENTORY_IS_FULL	Quest inventory is full.
local_data.dat	GAME_TS_WARNING_REWARD_FAIL	Didn't get a reward (Error).
local_data.dat	GAME_TS_WARNING_ROLLBACK	ROLLBACK trigger normal.
local_data.dat	GAME_TS_WARNING_ROLLBACK_FAIL	ROLLBACK trigger failed.
local_data.dat	GAME_TS_WARNING_SYSTEM_WAIT	Temporary Quest error, please try later.
local_data.dat	GAME_TS_WARNING_TMQ_COUPON_NOT_ENOUGH	Not enough TMQ Coupons.
local_data.dat	GAME_TS_WARNING_WPS_ALREDY_USED_BY_OTHER_PLAYER	Already used by other player.
local_data.dat	GAME_TS_WARNING_WPS_CAN_NOT_JOIN_NOW	Just not possible.
local_data.dat	GAME_TS_WARNING_WRONG_CONDITION	Doesn't meet the conditions.
local_data.dat	GAME_TUTORIAL_CANT_ENTER_TUTORIAL_WAIT_ROOM	"[align = """"center""""][font size = """"12"""" color = """"f4d762""""]Tutorial[/font][br][br][font size = """"10"""" color = """"f36a7c""""]Can't enter Tutorial waiting room.[/font]"
local_data.dat	GAME_TUTORIAL_CANT_FIND_TUTORIAL_WAIT_ROOM	"[align = """"center""""][font size = """"12"""" color = """"f4d762""""]Tutorial[/font][br][br][font size = """"10"""" color = """"f36a7c""""]Can't find Tutorial waiting room.[/font]"
local_data.dat	GAME_TUTORIAL_CHAR_ALREADY_TUTORIAL_ACCOMPLISHED	"[align = """"center""""][font size = """"12"""" color = """"f4d762""""]Tutorial finished[/font][br][br][font size = """"10"""" color = """"f36a7c""""]You already completed the tutorial.[/font]"
local_data.dat	GAME_TUTORIAL_YOU_HAVE_NO_JOIN_ROOM	"[align = """"center""""][font size = """"12"""" color = """"f4d762""""]Tutorial[/font][br][br][font size = """"10"""" color = """"f36a7c""""]Don't wait for a tutorial.[/font]"
local_data.dat	GAME_USER_EXIST	"[align = """"center""""][font size = """"12"""" color=""""f4d762""""]Connection[/font][br][br][font size = """"10"""" color=""""f36a7c""""]The character is already connected.[br]Please try again later.[/font]"
local_data.dat	GAME_VEHICLE_CANNOT_WHILE_DRIVING	Can't do that while driving
local_data.dat	GAME_VEHICLE_END_BY_CONVERTCLASS	Vehicle end by class convertation
local_data.dat	GAME_VEHICLE_END_BY_FORBIDDEN_ZONE	Vehicle end by forbidden zone
local_data.dat	GAME_VEHICLE_END_BY_FORCED	Forced dismount.
local_data.dat	GAME_VEHICLE_END_BY_HIT	Dismounted by attack!
local_data.dat	GAME_VEHICLE_END_BY_TELEPORT	Dismounted by teleportation.
local_data.dat	GAME_VEHICLE_END_BY_TMQ	Vehicle end by TMQ
local_data.dat	GAME_VEHICLE_END_BY_USER	Vehicle end by player
local_data.dat	GAME_VEHICLE_ENGINE_ALREADY_STARTED	Vehicle engine already started
local_data.dat	GAME_VEHICLE_ENGINE_ALREADY_STOPED	Vehicle engine already stopped.
local_data.dat	GAME_VEHICLE_FAIL_TO_USE_FUEL_ITEM	Auto-Attack ON!
local_data.dat	GAME_VEHICLE_INVALID_FUEL_ITEM	Invalid fuel item
local_data.dat	GAME_VEHICLE_NOT_ON_VEHICLE	You are not on a vehicle
local_data.dat	GAME_VEHICLE_NO_FUEL_ITEM_REMAINING	Auto-Attack OFF!
local_data.dat	GAME_WARFOG_ARLEADY_ADDED	Warfog already lifted
local_data.dat	GAME_WORLD_ALREADY_WORLD_AREA_ENTERED	Already entered world area
local_data.dat	GAME_WORLD_ALREADY_WORLD_ENTERED	World already entered
local_data.dat	GAME_WORLD_CANT_ENTER_WORLD	Can't enter the world
local_data.dat	GAME_WORLD_CANT_ENTER_WORLD_AREA	Can't enter world area
local_data.dat	GAME_WORLD_CANT_FIND_WORLD_AREA	Can't find world area
local_data.dat	GAME_WORLD_CANT_MOVE_AGAIN	Can't move in this world
local_data.dat	GAME_WORLD_CAN_NOT_CREATE_DYNAMIC_WORLD	Can't create dynamic world
local_data.dat	GAME_WORLD_ENTER_DISAPPROVAL	Can't enter this area.
local_data.dat	GAME_WORLD_ENTER_NEED_HIGH_LEVEL	Need higher level to enter this world
local_data.dat	GAME_WORLD_ENTER_NEED_ITEM	Item required to enter
local_data.dat	GAME_WORLD_ENTER_NEED_LOW_LEVEL	Lower level required
local_data.dat	GAME_WORLD_ENTER_NEED_REPUTATION	Reputation required to enter
local_data.dat	GAME_WORLD_NOT_EXIST	World doesn't exist
local_data.dat	GAME_WORLD_NOT_FOUND	World not found
local_data.dat	GAME_WORLD_NOW_CREATING	Creating world now
local_data.dat	GAME_WRONG_SERVER_CHANNEL_HAS_BEEN_SPECIFIED	Wrong server channel has been selected
local_data.dat	GAME_ZENNY_IS_LOCK	Zeni are locked
local_data.dat	GAME_ZENNY_LOOTING	Zeni pickup
local_data.dat	GAME_ZENNY_LOOTING_FAIL	Looting Zeni failed
local_data.dat	GAME_ZENNY_NOT_ENOUGH	Not enough Zeni.
local_data.dat	GAME_ZENNY_OVER	Can't hold any more Zeni.
local_data.dat	GIFTSHOP_NOT_OPEN	Gift Shop is currently disabled.\nPlease wait until opened.
local_data.dat	GIFTSHOP_WP_NOT_ENOUGH	Not enough WP.
local_data.dat	MASCOT_ALREADY_EXIST	Mascot already exists.
local_data.dat	MASCOT_BODY_ITEM_IS_INVALID	Invalid Mascot item.
local_data.dat	MASCOT_CANNOT_FUSION_EXP_IS_NOT_FULL	Unable to Fuse. Not enough EXP.
local_data.dat	MASCOT_CANNOT_USE_CURMASCOT_GRADE	Fusion, pet level error.
local_data.dat	MASCOT_CANNOT_USE_SCAPEMASCOT_GRADE	Pet grade material error.
local_data.dat	MASCOT_DB_USING	Already in use.
local_data.dat	MASCOT_EXCEED_HAVE_COUNT	You can't register more than 40 Pets
local_data.dat	MASCOT_FAIL	Pet System failure
local_data.dat	MASCOT_FAIL_ACTIVATE_FUSION	Pet fusion in progress.
local_data.dat	MASCOT_FAIL_ACTIVATE_RING	Fail to activate.
local_data.dat	MASCOT_FAIL_EXIST_ACTIVE_RING	Ring already active.
local_data.dat	MASCOT_FAIL_INACTIVE_RING_CONTENT	Inactive ring.
local_data.dat	MASCOT_FAIL_NOT_ACTIVATE_RING	Unable to active ring.
local_data.dat	MASCOT_FAIL_NOT_DISASSEMBLE_ITEM	This item can't be broken down.
local_data.dat	MASCOT_FUSION_FAIL	Pet fusion failure.
local_data.dat	MASCOT_IS_SAME_CUR_MASCOT	This Pet is already summoned.
local_data.dat	MASCOT_ITEM_INVALID	Invalid Pet.
local_data.dat	MASCOT_NOT_ENOUGH_SP	Pet satisfaction isn't enough.
local_data.dat	MASCOT_NOT_ENOUGH_VP	Not enough VP.
local_data.dat	MASCOT_NOT_EXIST	Mascot doesn't exist.
local_data.dat	MASCOT_NPC_TELEPORT_SKILL_CANT_USE	NPC can't be used for teleportation.
local_data.dat	MASCOT_RING_ITEM_ABILITY_NOT_EXIST	Ring ability doesn't exist.
local_data.dat	MASCOT_RING_ITEM_NOT_EXIST	Ring item doesn't exist.
local_data.dat	MASCOT_SCAPE_NOT_EXIST	Pet doesn't exist.
local_data.dat	MASCOT_SEAL_FULL_INVENTORY	Inventory is full.
local_data.dat	MASCOT_SEAL_FULL_MASCOTINVENTORY	Pet-Inventory is full.
local_data.dat	MASCOT_SEAL_NOT_ENOUGH_SEALITEM	Not enough seal-kits.
local_data.dat	MASCOT_SEAL_NOT_SEALITEM	Place pet into the seal-kit.
local_data.dat	MASCOT_SEAL_SUMMON_MASCOT	Pet is summoned.
local_data.dat	MASCOT_SKILL_UPDATE_FAIL	Skill upgrade failed.
local_data.dat	MASCOT_SKILL_UPDATE_FAIL_NOT_ITEM	Item missed for upgrade.
local_data.dat	MASCOT_SKILL_UPDATE_SHUFFLE_FAIL	Upgrade system failure.
local_data.dat	MASCOT_SP_IS_FULL	SP is full
local_data.dat	MASCOT_SP_IS_HUNGRY	Pet is hungry.
local_data.dat	MASCOT_TBLDAT_FINDING_FAILED	Couldn't find mascot data
local_data.dat	MASCOT_WAS_NOT_SUMMONED	Mascot isn't summoned.
local_data.dat	PETITION_AREADY_GM_CHATTING	Players are talking to GM.
local_data.dat	PETITION_DIFFERENT_CHAATING_GM_ID	Player talking to another GM.
local_data.dat	PETITION_FAIL	Petition failed.
local_data.dat	PETITION_NOT_STARTED_CLEINT_GM_CHAT	Client GM chatting hasn't started.
local_data.dat	PETITION_NOT_YET_ENTER_WORLD	Players have not yet entered the World.
local_data.dat	PETITION_SUCCESS	Petition success
local_data.dat	QUERY_CANNOT_FIND_SQLUNIT	"[align = """"center""""][font size = """"12"""" color=""""f4d762""""]Information system[/font][br][br][font size = """"10"""" color=""""f36a7c""""]A system problem has occurred.[br]Please contact the Operations Team. (# Q)[/font]"
local_data.dat	QUERY_EXECUTE_FAIL	"[align = """"center""""][font size = """"12"""" color=""""f4d762""""]Information system[/font][br][br][font size = """"10"""" color=""""f36a7c""""]A system problem has occurred.[br]Please contact the Operations Team. (# Q)[/font]"
local_data.dat	QUERY_FAIL	"[align = """"center""""][font size = """"12"""" color=""""f4d762""""]Query fail.[/font][br][br][font size = """"10"""" color=""""f36a7c""""](#Q)[/font]"
local_data.dat	REPORT_FAIL	Report failed.
local_data.dat	REPORT_SUCCESS	Report Successful.
local_data.dat	RESULT_FAIL	"[align = """"center""""][font size = """"12"""" color=""""f4d762""""]Result fail[/font][br][br][font size = """"10"""" color=""""f36a7c""""]Execution Failed[/font]"
local_data.dat	SAME_RING_EXIST_IN_MASCOT_RING_CONTAINER	Mascot ring already exist.
local_data.dat	SCRAMBLE_CANNOT_DO_ALREADY_REWARDED	Player has already been awarded.
local_data.dat	SCRAMBLE_CANNOT_DO_TARGET_IS_NOT_JOINED	Unable to add player.
local_data.dat	SCRAMBLE_CANNOT_DO_WHILE_JOINED	Can't do this while in Scramble Event.
local_data.dat	SCRAMBLE_CANNOT_DO_WHILE_NOT_JOINED	Can't pick up since you haven't signed up for scramble.
local_data.dat	SCRAMBLE_CANNOT_INVITE_TARGET_IS_JOINED	Can't invite player.
local_data.dat	SCRAMBLE_CANNOT_INVITE_TARGET_IS_NOT_JOINED	Can't invite player, that isn't participating in the event.
local_data.dat	SCRAMBLE_CANNOT_JOIN_LEVEL_IS_TOO_LOW	Level is too low.
local_data.dat	SCRAMBLE_CANNOT_JOIN_WHILE_DOJO	Can't join while in Dojo.
local_data.dat	SCRAMBLE_CANNOT_JOIN_WHILE_FREEBATTLE	Can't join while in Free Battle.
local_data.dat	SCRAMBLE_CANNOT_JOIN_WHILE_RANKBATTLE	Unable to attend Scramble event during Rank Battle.
local_data.dat	SCRAMBLE_CANNOT_JOIN_WHILE_TENKAICHIBUDOKAI	Unable to join Budokai during Scramble event.
local_data.dat	SCRAMBLE_CANNOT_JOIN_WHILE_TMQ	Unable to join Time Machine Quest during Scramble event.
local_data.dat	SCRAMBLE_CANNOT_NO_SEASON	Scramble Event hasn't started yet.
local_data.dat	SCRAMBLE_CANNOT_PICK_ALREADY_REWARDED	Already received reward.
local_data.dat	SCRAMBLE_CANNOT_PICK_LIMIT_COUNT_OVER	Can't pickup any more.
local_data.dat	SCRAMBLE_CANNOT_PICK_WHILE_COOLTIME	Dragon Ball can't be picked up.
local_data.dat	SCRAMBLE_CANNOT_PICK_WHILE_NOT_JOINED	Can't pick up Dragon Ball without being in the event.
local_data.dat	SCRAMBLE_CANNOT_REWARD_LIMIT_COUNT_OVER	Rewards reached max already.
local_data.dat	SCRAMBLE_CANNOT_REWARD_SEASON_IS_END	Dragon Ball Event is over can't get rewards.
local_data.dat	SCRAMBLE_CANNOT_REWARD_WHILE_COOLTIME	Dragon Ball is still petrified.
local_data.dat	SCRAMBLE_CANNOT_REWARD_WHILE_FAINT	Can't do that in fainting state.
local_data.dat	SCRAMBLE_CANNOT_REWARD_WHILE_SANDBAG	Can't to that during HTB.
local_data.dat	SCRAMBLE_CANNOT_RIDE_BUS_WHILE_JOINED	Not during registered Scramble.
local_data.dat	SCRAMBLE_CANNOT_TRADE_TARGET_IS_ALREADY_REWARED	Target has already been rewarded.
local_data.dat	SCRAMBLE_CANNOT_TRADE_TARGET_IS_NOT_PARTY_MEMBER	Can't trade, no Party member.
local_data.dat	SCRAMBLE_INVALID_BATTLE_DRAGONBALL	Unusual Dragon Ball.
local_data.dat	SHUTDOWN_SELECT_WARNING_1HOUR	The Server is going to shut down in 1 hour!
local_data.dat	SHUTDOWN_SELECT_WARNING_30MINUTE	The Server is going to shut down in 30 minutes!
local_data.dat	SHUTDOWN_SELECT_WARNING_MSG	"[align = """"center""""][font size = """"12"""" color=""""f4d762""""]Optional Shutdown[/font][br][br][font size = """"10"""" color=""""ffffff""""]You are limited to use the game according to the game time set for your child's love, and you can only use the game for the time allowed for the game.[/font][br][br][font size = """"10"""" color=""""ffffff""""][/font]"
local_data.dat	SUMMONING_MASCOT_CANT_DELETE	Can't delete a summoned Pet.
local_data.dat	TENKAICHIDAISIJYOU_CANNOT_BUY_MYITEM	You can't buy your own Items.
local_data.dat	TENKAICHIDAISIJYOU_CANNOT_BUY_NOT_MATCH_ITEM	Item doesn't match.
local_data.dat	TENKAICHIDAISIJYOU_CANNOT_BUY_NO_MONEY	You don't have enough Zeni
local_data.dat	TENKAICHIDAISIJYOU_CANNOT_CANCEL_OTHER_ITEM	Can't cancel the other item.
local_data.dat	TENKAICHIDAISIJYOU_CANNOT_FIND_INVALID_LEVEL	Invalid Level
local_data.dat	TENKAICHIDAISIJYOU_CANNOT_INVALID_ITEM	Invalid Item
local_data.dat	TENKAICHIDAISIJYOU_CANNOT_LACK_OF_ITEM_STACK	Not enough items.
local_data.dat	TENKAICHIDAISIJYOU_CANNOT_LIST_COMPLETE	Can't complete list.
local_data.dat	TENKAICHIDAISIJYOU_CANNOT_LIST_INVALID_ITEMNAME	Invalid item name.
local_data.dat	TENKAICHIDAISIJYOU_CANNOT_LIST_IS_NOT	No matches.
local_data.dat	TENKAICHIDAISIJYOU_CANNOT_NOT_EXIST	Item doesn't exist.
local_data.dat	TENKAICHIDAISIJYOU_CANNOT_NOT_SELL_INVALID_TAB_TYPE	Invalid tab type.
local_data.dat	TENKAICHIDAISIJYOU_CANNOT_NOT_SELL_NOT_TAB_TYPE	This item doesn't exist.
local_data.dat	TENKAICHIDAISIJYOU_CANNOT_NOT_SELL_RESTRICT	You can't sell this item.
local_data.dat	TENKAICHIDAISIJYOU_CANNOT_NO_SELL_LIST	Item doesn't exist.
local_data.dat	TENKAICHIDAISIJYOU_CANNOT_SELL_INVALID_DUR	Item invalid durability.
local_data.dat	TENKAICHIDAISIJYOU_CANNOT_SELL_INVALID_PRICE	Invalid sell price.
local_data.dat	TENKAICHIDAISIJYOU_CANNOT_SELL_INVALID_TIME	Invalid sell time.
local_data.dat	TENKAICHIDAISIJYOU_CANNOT_SELL_NO_MONEY	Not enough Zeni.
local_data.dat	TENKAICHIDAISIJYOU_CANNOT_SYSTEM_DATA_ERROR	System data error.
local_data.dat	WAGUWAGUMACHINE_FAIL	Wagu machine failed
local_data.dat	WAGUWAGUMACHINE_INVALID_CHARID	Invalid character id
local_data.dat	WAGUWAGUMACHINE_NOT_ENOUGH_COIN	Not Enough Coins
local_data.dat	WAGUWAGUMACHINE_NOT_ENOUGH_ITEMS	Insufficient capsules for consecutive selection.
local_data.dat	WAGUWAGUMACHINE_NOT_EXIST_MACHINE	Machine doesn't exist.
local_data.dat	WAGUWAGUMACHINE_NOT_EXIST_QNTT	There is an error with the capsule you selected.
local_data.dat	WAGUWAGUMACHINE_NOT_LIST_WINNERS	There is no winners.
local_data.dat	WAGUWAGUMACHINE_NO_HAVE_ITEMS	No items found.
local_data.dat	WAGUWAGUMACHINE_OVER_MAX_COIN	Number of coins that can hold a maximum of 999.
local_data.dat	WAGUWAGUMACHINE_OVER_MAX_EVENTCOIN	Can only hold 500 event coins.
local_data.dat	WAGUWAGUMACHINE_SOME_FAILED_TO_EXTRACT	Failed to extract capsules.
local_data.dat	WAGUWAGUMACHINE_STOP_MACHINE	This machine has stopped
local_data.dat	WAGUWAGUMACHINE_WINNER_REST	After a 1st place win, the machine resets.
local_data.dat	GAME_KAIOKEN_BOOST_NOT_AVAILABLE	Kaioken Boost is not available in this form.
local_data.dat	GAME_KAIOKEN_BOOST_REQUIRES_AURA	Kaioken Boost requires aura to be active.
local_data.dat	GAME_CANNOT_TOGGLE_AURA_WITH_KAIOKEN	Cannot toggle aura while Kaioken Boost is active.
local_data.dat	GAME_ULTRA_SAIYAN_NOT_IN_SSJ	Ultra Saiyan Boost requires Super Saiyan 1 transformation.
local_data.dat	GAME_COMMON_CASHITEM_REFRESH_COOLDOWN	You must wait 1 minute to refresh or relog for instant reload.
local_data.dat	MASCOT_FAIL_GUARD_ITEM_USE_FAIL	Failed to use guard item on mascot.
local_data.dat	AIR_FAIL	Air mode failed.
local_data.dat	DWC_FAIL	Dragon World Championship failed.
local_data.dat	GAME_COMMON_TEMPORARY_	Temporary error.
local_data.dat	GAME_ITEM_DICE_FAIL_INVALID_DICE	Invalid dice roll.
local_data.dat	GAME_ITEM_DICE_FAIL_INVALID_PARTY	Invalid party for dice.
local_data.dat	GAME_ITEM_DICE_FAIL_LIMITED_STATE	Cannot roll dice in current state.
local_data.dat	GAME_ITEM_DICE_FAIL_NOT_EQUIPED	Item not equipped for dice.
local_data.dat	GAME_ITEM_DICE_FAIL_NOT_FIND	Dice item not found.
local_data.dat	GAME_ITEM_DICE_FAIL_OVERFLOW_PARTYINVEN	Party inventory overflow.
local_data.dat	GAME_PARTYMATCHING_INVITE_FAIL	Party matching invite failed.
local_data.dat	GAME_PARTYMATCHING_REGISTER_WRONG_STATE	Cannot register in current state.
local_data.dat	GAME_PARTYMATCHING_ROLEPLAY_CANCEL	Roleplay cancelled.
local_data.dat	GAME_PARTYMATCHING_ROLEPLAY_INVALD	Invalid roleplay.
local_data.dat	GAME_RESKILL_TIME_NON	Skill reset time not available.
local_data.dat	GAME_SHOP_NOT_FOUND	Shop not found.
local_data.dat	GAME_VEHICLE_WILL_GET_OFF_SOON	You will get off the vehicle soon.
local_data.dat	DST_FPS_LIMIT_DATE	%d FPS
local_data.dat	DST_EXP_INFO	EXP : %d / %d
local_data.dat	DST_GUN_MANIA	Gunmania
local_data.dat	DST_MAINMENU_UNSTUCK	Unstuck
local_data.dat	DST_MECH_MANIA	Mechmania
local_data.dat	DST_NPGAMEMON_ERROR_EXECUTE	"[align =""""center""""][font size=""""12""""color=""""f4d762""""]Gamegaurdfff[/font][br][br][font size=""""10""""Gamcolor=""""ffffff"""""
local_data.dat	DST_OPTION_RESOLUTION_FORMAT	%d*%d*%d bit
local_data.dat	DST_SKILL_FILTER_HTB	HTB
local_data.dat	DST_SKILL_TYPE_HTB	HTB
local_data.dat	DST_STATUS_HONOR_TMQ_LIMITED_PLUS_COUNT	"[font size=""""10"""" color=""""00ff00""""](+%d)[/font]"
local_data.dat	DST_TELEPORT_TYPE_COMMAND	COMMAND
local_data.dat	DST_TELEPORT_TYPE_TIMEQUEST	TIMEQUEST
local_data.dat	DST_UNSTUCK_CONFIRM	"[align = """"center""""][font size=""""12""""color=""""f4d762""""]Unstuck[/font][br][br][font size=""""10""""color=""""269eff""""]You will be teleported to your bind point.[/font][br][br][font size=""""10""""color=""""ffffff""""]Are you sure you want to continue?[/font]"
local_data.dat	DST_NPCSHOP_FREE_ITEMSWAP_BUY_CONFIRM	"[align = """"center""""][font size = """"12"""" color = """"f4d762""""]%s x %d[/font][br][br][font size = """"10"""" %d[/font][br][br][font size = """"10"""" %d[/font]"" """"10"""" color = """"f4d762""""]%d[/font][font size = """"10"""" color = """"ffffff""""] Sony。"
local_data.dat	DST_DWC_REPEAT_REWARD	Repeat Rewards
local_data.dat	DST_POPUP_ITEMBOX_LVTWO	"[font size = """"9"""" color=""""269eff""""]Rating Box[/font][font size = """"9"""" color=""""#323232""""]Gift box item.[br]Open the capsule kit (shortcut I), use the mouse to right-click the ratings box.[/font]"
local_data.dat	DST_DWC_CONDITION_RB_STRAIGHTWIN	%d Streak
local_data.dat	DST_DWC_CARD_GRADE_03	Unique
local_data.dat	DST_ITEM_CAN_NOT_MOVE_ERROR_PACKET_SEND2	Title Effect has been setted.
local_data.dat	DST_DOJO_UPGRADE_CURENT_LEVEL_5	Lv.6:Update
local_data.dat	DST_DRAGONBALL_SCRAMBLE_CONFIRM_CANCEL	Cancel
local_data.dat	DST_SYSTEMMSG_CHANGE_SUPER_SAIYAN3_ATTACKER	You are no longer a Super Saiyan 3!
local_data.dat	DST_EQUIP_SLOT_TYPE_SUB_WEAPONTRASMOG	Transmog Weapon
local_data.dat	DST_SKILL_TRANSFORM_USE_INFO_FLAG_ABLE_WHEN_EVIL_NAMEK	[Usable while in Evil Namek form]
local_data.dat	DST_EQUIP_SLOT_TYPE_DOGI	Dogi
local_data.dat	DST_DRAGONBALL_SCRAMBLE_FAINT_DROP_MSG	You have Fainted
local_data.dat	DST_DWC_PLAYER_COUNT_TEXT	%d ~ %d players
local_data.dat	DST_DWC_CARD_GRADE_01	Common
local_data.dat	DST_TABITEMUPGRADENORMALSTONE_ERR	Please insert a normal upgrade stone.
local_data.dat	DST_TABITEMUPGRADEUPPERSTONE_ERR	Please insert an upper upgrade stone.
local_data.dat	DST_TABITEMUPGRADE_RESULT_FAIL	Upgrade failed.
local_data.dat	DST_DRAGONBALL_SCRAMBLE_GAIN_BUDOJI_MILEAGE	Earned %d Mudosa
local_data.dat	DST_TABITEMUPGRADE_NEED_STONE_DOWN	Need downgrade protection stone.
local_data.dat	DST_SYSTEMMSG_CHANGE_KING_NAMEK_ATTACKER	You are no longer a Orange Namek!
local_data.dat	DST_DWC_REWARD	Reward
local_data.dat	DST_EQUIP_SLOT_TAIL	Accessory 4 - Tail
local_data.dat	DST_LOBBY_EDIT_ONLY_LAST	"[align = """"center""""][font size = """"12"""" color=""""f4d762""""]Appearance Change[/font][br][br][font size = """"10"""" color=""""ffffff""""]Edit only the Last Character used![/font]"
local_data.dat	DST_SKILL_TRANSFORM_USE_INFO_FLAG_ABLE_WHEN_EVIL_BOO	[Usable while in Super Boo form]
local_data.dat	DST_POPUP_CONTENT_ITEM_VEHICLEFUEL	"[font size = """"9"""" color=""""269eff""""]EV Liquid Fuel S2 [7 Days][/font][font size = """"9"""" color=""""#323232""""]Capsule fuel S2,developed by Capsule Corp.[/font]"
local_data.dat	DST_DRAGONBALL_SCRAMBLE_DROP_MSG	Dragon Ball Lost!!
local_data.dat	DST_SHUTDOWN_WARNING_MSG	"[align = """"center""""][font size = """"12"""" color=""""f4d762""""]The Server is going to shut down![/font]"
local_data.dat	DST_DRAGONBALL_SCRAMBLE_I_AM_NOT_PLAYER	Not Scramble Participant
local_data.dat	DST_DRAGONBALL_SCRAMBLE_CONFIRM_DROP_3	PK Impossible to Enter
local_data.dat	DST_SYSTEMMSG_CHANGE_EVIL_NAMEK_ATTACKER	You are no longer a Evil Namek!
local_data.dat	DST_DWC_CARD_GRADE_04	Rare
local_data.dat	DST_DWC_ENTER_CONFIRM	"[align = """"center""""]Dragon World Challenge (DWC) Entry[br][br]Remaining # of entries this week: %d[br][br]You can't withdraw.[br]Do you want to enter?[br]"
local_data.dat	DST_POPUP_CONTENT_ITEM_WEAPONINTENSIFY	"[font size = """"9"""" color=""""269eff""""]12 Weapon Coupon Lv11[2 Days][/font][font size = """"9"""" color=""""#323232""""]Upgrade with coupon only works on non upgraded item and can't fail. The effect can only be used for certain time.[/font]"
local_data.dat	DST_POPUP_CONTENT_ITEM_AUTOMATICENERGY	"[font size = """"9"""" color=""""269eff""""]EV EP Recovery Potion [/font][font size = """"9"""" color=""""#323232""""]The EP will be filled automatically. When EP is more than 30% of the EP will be automatically restored to 100%. The maximum amount is 100000.[/font]"
local_data.dat	DST_DRAGONBALL_SCRAMBLE_CONFIRM_DROP_1	Fainted
local_data.dat	DST_RESET_CONFIRM_MSGBOX	"[align = """"center""""][font size = """"12"""" color=""""f4d762""""]Reset: %s[/font][br][br][font size = """"10"""" color=""""ffffff""""]By doing this, your character will return to   Level 1 and receive a bonus. Are you sure?[/font]"
local_data.dat	DST_OPTION_OKEFFECT	Apply Only Effect
local_data.dat	DST_RESETS_TITLE	Reset your Character Level
local_data.dat	DST_DWC_CARD_GRADE_02	Uncommon
local_data.dat	DST_DWC_CARD_GRADE	Card Grade
local_data.dat	DST_DELIBERATION_RANK_MESSAGE_LASTMSG	Excessive play can disturb their daily life.
local_data.dat	DST_DRAGONBALL_SCRAMBLE_CONFIRM_GET_1	Dropped To pick up
local_data.dat	DST_EQUIP_SLOT_TYPE_NECKLACE	Necklace
local_data.dat	DST_SKILL_TRANSFORM_USE_INFO_FLAG_ABLE_WHEN_SUPER_SAIYANBLUE	[Usable while in Super Saiyan Blue form]
local_data.dat	DST_EQUIP_SLOT_TYPE_ACCESSORY2	Accessory 2 - Richness
local_data.dat	DST_DROPITEM_ZENNY	%s Zeni
local_data.dat	DST_DWC_FIELD_ENTER_COMMAND	Enter DWC
local_data.dat	DST_BUDOKAI_NEWS_INFO_TEAM_STATE	You're in a Party %s
local_data.dat	DST_POPUP_CONTENT_ITEM_POPOJEWELRYBOX	"[font size = """"9"""" color=""""269eff""""]Popo Jewelry Box Lv11[/font][font size = """"9"""" color=""""#323232""""]To use need Lv 11 box contains the appropriate accessories. When you right-click on the ring, earrings, necklace comes out.[/font]"
local_data.dat	DST_SKILL_TRANSFORM_USE_INFO_FLAG_ABLE_WHEN_SUPER_SAIYAN33	[Usable while in Super Saiyan 3 form]
local_data.dat	DST_DRAGONBALL_SCRAMBLE_JOIN_CONFIRM_MSGBOX	"[align = """"center""""][font size=""""12""""color=""""f4d762""""]Join Dragon Ball Scramble[/font][br][br][font size=""""10""""color=""""269eff""""]Note: You can't exit Dragon Ball Scramble until it's over.[/font]"
local_data.dat	DST_TMQ_DEGREE_OF_DIFFICULTY_4	S11+ (Soon)
local_data.dat	DST_COMMERCIAL_WAGU1ST	%s got a %s from the Wagu Machine
local_data.dat	DST_DRAGONBALL_SCRAMBLE_CONFIRM_GET_3	Spiked with Item
local_data.dat	DST_DWC_PLAYLEVEL	Level %d and above
local_data.dat	DST_DOJO_UPGRADE_CURENT_LEVEL_3	Lv.4:Update
local_data.dat	DST_DWC_PLAYER_COUNT	Player Count
local_data.dat	DST_DWC_ENTER_QUESTION	"[br][align = """"center""""][font size = """"10"""" color=""""f4d762""""]DWC Admission[/font][br][br][font size = """"10"""" color=""""269eff""""]You can play %d more times today[/font][br][br][font size = """"10"""" color=""""f4d762""""]Would you like to play?[/font][br]"
local_data.dat	DST_DWC_SIDE_VIEW	DWC Completed. Press V to open the main menu.
local_data.dat	DST_POPUP_CONTENT_ITEM_CAPSULEKIT	"[font size = """"9"""" color=""""269eff""""]Red capsule box N20[15 Days][/font][font size = """"9"""" color=""""#323232""""]The most advanced type of capsulebox. Expand the storage space to 20 slots.[/font]"
local_data.dat	DST_DOJO	Dojo
local_data.dat	DST_DWC_PROLOG_TITLE	Prolog
local_data.dat	DST_DRAGONBALLSCRAMBLE_FOR_BASIC_BENEFIT	Maximum LP increase by: %d%%  [DBS]
local_data.dat	DST_STATUS_RESETS	Resets
local_data.dat	DST_DRAGONBALL_SCRAMBLE_CAN_NOT_TRADE_TARGET	Can't trade Dragon Ball
local_data.dat	DST_TABITEMUPGRADE_RESULT_BROKEN	Item broke during upgrade.
local_data.dat	DST_OPTION_TOOLTIP_PERFORMANCE_MODE	Disables all visual effects for maximum performance (Overrides Player Filter, hides all players, pets and mascots)
local_data.dat	DST_OPTION_PERF_PLAYER_FILTER	Player Filter:
local_data.dat	DST_OPTION_PERF_PLAYER_FILTER_ALL	Show All
local_data.dat	DST_OPTION_PERF_PLAYER_FILTER_HIDE_ALL	Hide All
local_data.dat	DST_OPTION_PERF_PLAYER_FILTER_PARTY	Party Only
local_data.dat	DST_OPTION_PERF_PLAYER_FILTER_GUILD	Guild Only
local_data.dat	DST_OPTION_PERF_PLAYER_FILTER_FRIENDS	Friends Only
local_data.dat	DST_OPTION_PERF_PLAYER_FILTER_PARTY_GUILD	Party + Guild
local_data.dat	DST_OPTION_PERF_PLAYER_FILTER_ALL_SOCIAL	Party + Guild + Friends
local_data.dat	DST_OPTION_PERF_HIDE_MASCOT	Hide Mascots/Pets
local_data.dat	DST_OPTION_PERF_HIDE_MASCOT_TOOLTIP	Hides other players' mascots and pet summons
local_data.dat	DST_OPTION_PERF_HIDE_PLAYER_EFFECTS	Hide Player Effects
local_data.dat	DST_OPTION_PERF_HIDE_PLAYER_EFFECTS_TOOLTIP	Hides all combat effects from other players (skills, attacks, projectiles). Only your own effects will be visible.
local_data.dat	DST_POPUP_CONTENT_ITEM_AUTOMATICLIFE	"[font size = """"9"""" color=""""269eff""""]EV LP Recovery Potion[/font][font size = """"9"""" color=""""#323232""""]The LP will be filled automatically. LP when LP is higher than 30% are automatically restored to 100%. The maximum amount is 100000.[/font]"
local_data.dat	DST_EQUIP_SLOT_TYPE_QUEST	Quest
local_data.dat	DST_DWC_TARGET_TITLE	Target Goal
local_data.dat	DST_DWC_SCENARIO_CLEAR	    [finished]
local_data.dat	DST_DWC_TARGET	Target
local_data.dat	DST_DIALOG_RESET	For now, you can only have 10 Resets.
local_data.dat	DST_DWC_FIELD_ENTER	DWC Entry Status
local_data.dat	DST_DOJO_UPGRADE_NEXT_LEVEL_7	Next Lv.8
local_data.dat	DST_SYSTEMMSG_CHANGE_BIG_MONKEY_DEFENDER	%s is no longer a Oozaru!
local_data.dat	DST_TABITEMUPGRADE_SPECIAL_UPGRADE_NONE_DOWN	No downgrade on special upgrade.
local_data.dat	DST_DWC_STATE_OPEN	Under Attack
local_data.dat	DST_DRAGONBALL_SCRAMBLE_SEASON_BEGIN_NFY	Dragon Ball Scramble Event Started
local_data.dat	DST_SYSTEMMSG_CHANGE_SUPER_SAIYAN2_ATTACKER	You are no longer a Super Saiyan 2!
local_data.dat	DST_SYSTEMMSG_CHANGE_EVIL_BOO_DEFENDER	%s is no longer a Super Boo!
local_data.dat	DST_SYSTEMMSG_CHANGE_SUPER_SAIYAN3_DEFENDER	%s is no longer a Super Saiyan 3!
local_data.dat	DST_POPUP_CONTENT_ITEM_EXP	"[font size = """"9"""" color=""""269eff""""]EV Lower EXP Boost[2 Hours][/font][font size = """"9"""" color=""""#323232""""]You may acquire additional experience points to 50%, only available at Lv 1 Lv 30. It can be used only for 2 hours. [/font]"
local_data.dat	DST_DRAGONBALL_SCRAMBLE_CONFIRM_OK	App.
local_data.dat	DST_DWC_STATE_CLEAR	End
local_data.dat	DST_TAIL	Tail
local_data.dat	DST_SKILL_TRANSFORM_USE_INFO_FLAG_ABLE_WHEN_SUPER_SAIYAN3	[Usable while in Super Saiyan God form]
local_data.dat	DST_DWC_SCENARIO_OPEN	[open]
local_data.dat	DST_LOBBY_CHAR_RESETS	Resets
local_data.dat	DST_EQUIP_SLOT_TYPE_ACCESSORY1	Accessory 1 - Mask
local_data.dat	DST_SYSTEMMSG_CHANGE_SUPER_SAIYAN2_DEFENDER	%s is no longer a Super Saiyan 2!
local_data.dat	DST_SYSTEMMSG_CHANGE_SUPER_SAIYAN4_DEFENDER	%s is no longer a Super Saiyan 4!
local_data.dat	DST_HOIPOIMIX_RECIPE_FILTER_EVENT	Events
local_data.dat	DST_EQUIP_SLOT_TYPE_RING	Ring
local_data.dat	DST_SYSTEMMSG_CHANGE_SUPER_SAIYANBLUE_ATTACKER	You are no longer a Super Saiyan Blue!
local_data.dat	DST_SYSTEMMSG_CHANGE_BIG_MONKEY_ATTACKER	You are no longer a Oozaru!
local_data.dat	DST_SKILL_TRANSFORM_USE_INFO_FLAG_ABLE_WHEN_BUUHAN_SKIN	[Usable while in Buuhan Skin form]
local_data.dat	DST_DOJO_UPGRADE_NEXT_LEVEL_5	Next Lv.6
local_data.dat	DST_SCS_LOGIN_ALERT	"[align = """"center""""][font size = """"12"""" color=""""f4d762""""]Bot Check Required[/font][br][br][font size = """"9"""" color=""""ffffff""""]To receive experience and item drops,[br]you must complete the Bot Verification.[br][br]Complete it once for 1 hour of immunity![/font]"
local_data.dat	DST_SYSTEMMSG_CHANGE_SUPER_SAIYAN4_ATTACKER	You are no longer a Super Saiyan 4!
local_data.dat	DST_DRAGONBALL_SCRAMBLE_CONFIRM_DROP_TITLE	Losing
local_data.dat	DST_DRAGONBALL_SCRAMBLE_ALREADY_JOIN	Already joined Scramble
local_data.dat	DST_SYSTEMMSG_CHANGE_SUPER_BOO_DEFENDER	%s is no longer a Buuhan!
local_data.dat	DST_DWC_CARD_GRADE_05	Legendary
local_data.dat	DST_DELIBERATION_RANK_MESSAGE_0	Since the start, %d time has elapsed.
local_data.dat	DST_DWC_SCENARIO_CONDITION_TITLE	Entry Details
local_data.dat	DST_DRAGONBALL_SCRAMBLE_LOOT_BATTLE_DRAGONBALL	Earned %d Dragon Ball
local_data.dat	DST_DRAGONBALL_SCRAMBLE_READY_FOR_JOIN_RES	Ready, Waiting response
local_data.dat	DST_TABITEMUPGRADE_SAFE_UPGRADE_ERR	Safe upgrade not available.
local_data.dat	DST_EQUIP_SLOT_TYPE_SOUL	Soul
local_data.dat	DST_DOJO_UPGRADE_NEXT_LEVEL_3	Next Lv.4
local_data.dat	DST_POPUP_CONTENT_ITEM_TELEPOPOP	"[font size = """"9"""" color=""""269eff""""]EV Tele Popo [/font][font size = """"9"""" color=""""#323232""""]The item that is able to move you to popo stone.[/font]"
local_data.dat	DST_DRAGONBALL_SCRAMBLE_CONFIRM_DROP_2	Teleport or Exit
local_data.dat	DST_DWC_CONDITION	Target Condition
local_data.dat	DST_EQUIP_SLOT_TYPE_SUB_WEAPON	Sub Weapon
local_data.dat	DST_TABITEMUPGRADE_STONE_MAX	Maximum stones reached.
local_data.dat	DST_DWC_MAIN_TITLE	Dragon World Challenge
local_data.dat	DST_DWC_STATUS	Status
local_data.dat	DST_DRUM	Drum
local_data.dat	DST_DWC_CHOOSE_TITLE	Select Target
local_data.dat	DST_EQUIP_SLOT_TYPE_JACKET	Jacket
local_data.dat	DST_SKILL_TRANSFORM_USE_INFO_FLAG_ABLE_WHEN_SUPER_SAIYAN4	[Usable while in Super Saiyan 4 form]
local_data.dat	DST_EQUIP_SLOT_TYPE_HAND	Weapon
local_data.dat	DST_DOJO_UPGRADE_NEXT_LEVEL_1	Next Lv.2
local_data.dat	DST_DRAGONBALL_SCRAMBLE_SEASON_END_NFY	Dragon Ball Scramble Event End
local_data.dat	DST_EQUIP_SLOT_TYPE_ACCESSORY3	Accessory 3 - Backpack
local_data.dat	DST_EQUIP_SLOT_TYPE_SCOUTER	Scouter
local_data.dat	DST_SKILL_TRANSFORM_USE_INFO_FLAG_ABLE_WHEN_SUPER_BOO	[Usable while in Buuhan form]
local_data.dat	DST_DRAGONBALL_SCRAMBLE_CONFIRM_WARNINR	1)No Bus. 2)Not Ranked.
local_data.dat	DST_DWC_CARD_GRADE_00	ALL
local_data.dat	DST_EQUIP_SLOT_TYPE_PANTS	Pants
local_data.dat	DST_SKILL_TRANSFORM_USE_INFO_FLAG_ABLE_WHEN_BUUHAN_SKIN2	[Usable while in Buuhan Skin 2 form]
local_data.dat	DST_DRAGONBALL_SCRAMBLE_SEASON_REWARD_COOLTIME_NFY	Battle Dragon Ball turned into a stone, you won't receive compensation
local_data.dat	DST_SKILL_TRANSFORM_USE_INFO_FLAG_ABLE_WHEN_GREAT_ORANGE	[Usable while in Great Orange form]
local_data.dat	DST_ENABLE	Available
local_data.dat	DST_DRAGONBALL_SCRAMBLE_I_AM_PLAYER	Scramble Participant
local_data.dat	DST_LOBBY_DEL_SERV_COMBINE_AFTER_CHARACTER	"[align = """"center""""]Notify[br][br]Server merge coming soon[br][br]"
local_data.dat	DST_DWC_GRADE	Rating
local_data.dat	DST_SKILL_TRANSFORM_USE_INFO_FLAG_ABLE_WHEN_DARK_NAMEK	[Usable while in Dark Namek form]
local_data.dat	DST_TABITEMUPGRADE_DUR_ERR	Item durability is too low.
local_data.dat	DST_POPUP_CONTENT_ITEM_VEHICLE	"[font size = """"9"""" color=""""269eff""""]Flying Jet Squirrel [7 Days][/font][font size = """"9"""" color=""""#323232""""] Pressing the ESC button, you can get off. Note that you can use for 7 days.[/font]"
local_data.dat	DST_SKILL_RPBONUS_TOOLTIP_RESULT_PERCENT	Increases skill power by %d%%.
local_data.dat	DST_DWC_CONDITION_STATE	Condition Status
local_data.dat	DST_SKILL_TRANSFORM_USE_INFO_FLAG_ABLE_WHEN_GOTENKS_BOO_FIS	[Usable while in Gotenks Boo Fighter form]
local_data.dat	DST_EQUIP_SLOT_TYPE_EARRING	Earring
local_data.dat	DST_DWC_ESSENTIAL_TITLE	Goal Required
local_data.dat	DST_ENGINEER	Engineer
local_data.dat	DST_POPUP_CONTENT_ITEM_SPEEDINCREASE	"[font size = """"9"""" color=""""269eff""""]EV movement speed increase item[/font][font size = """"9"""" color=""""#323232""""]It's an item that give you speed. The speed is increased 20% for 10 minutes.[/font]"
local_data.dat	DST_SKILL_TRANSFORM_USE_INFO_FLAG_ABLE_WHEN_GOTENKS_BOO_MAG	[Usable while in Gotenks Boo Mystic form]
local_data.dat	DST_EQUIP_SLOT_TYPE_BOOTS	Shoes
local_data.dat	DST_SKILL_TRANSFORM_USE_INFO_FLAG_ABLE_WHEN_SUPER_SAIYANROSE	[Usable while in Super Saiyan Rose form]
local_data.dat	DST_POPUP_CONTENT_ITEM_SKYSKILL	"[font size = """"9"""" color=""""269eff""""]EV Fly Scroll[/font][font size = """"9"""" color=""""#323232""""]Press the spacebar twice, you can levitate then. The total duration is 3 minutes more information, please refer to Help (H).[/font]"
local_data.dat	DST_MASCOTEX_MASCOTSEAL_SUMMON_MASCOT	Cannot seal summoned pet.
local_data.dat	DST_DWC_SCENARIOINFO_TITLE	Scenario Info
local_data.dat	DST_SKILL_TRANSFORM_USE_INFO_FLAG_ABLE_WHEN_MYSTIC_MAJIN	[Usable while in Mystic Majin form]
local_data.dat	DST_ITEM_OPTION_RESTRUCTURE_CANNOT_GRADE_ERR	Cannot restructure this grade.
local_data.dat	DST_DWC_STATE_LOCK	Locked
local_data.dat	DST_OPTION_TAB_DROP_SELL	Drop Sell
local_data.dat	DST_SYSTEMMSG_CHANGE_KING_NAMEK_DEFENDER	%s is no longer a Orange Namek!
local_data.dat	DST_POPUP_CONTENT_ITEM_DEFENSEINTENSIFY	"[font size = """"9"""" color=""""269eff""""]+12 Armor Coupon Lv11 [2 Days][/font][font size = """"9"""" color=""""#323232""""]Upgrade with coupon only works on non-upgraded item and can't fail. The effect can only be used for certain time.[/font]"
local_data.dat	DST_SYSTEMMSG_CHANGE_EVIL_NAMEK_DEFENDER	%s is no longer a Evil Namek!
local_data.dat	DST_DRAGONBALL_SCRAMBLE_CONFIRM_GET_TITLE	Scramble!
local_data.dat	DST_SYSTEMMSG_CHANGE_SUPER_SAIYANBLUE_DEFENDER	%s is no longer a Super Saiyan Blue!
local_data.dat	DST_SKILL_TRANSFORM_USE_INFO_FLAG_ABLE_WHEN_SUPER_BOO2	[Usable while in Super Boo 2 form]
local_data.dat	DST_DWC_SCENARIO_LIST	DWC Scenario List
local_data.dat	DST_SYSTEMMSG_CHANGE_EVIL_BOO_ATTACKER	You are no longer a Super Boo!
local_data.dat	DST_LOBBY_MUST_LOGIN_FIRST	"[align = """"center""""][font size = """"12"""" color=""""f4d762""""]Appearance Change[/font][br][br][font size = """"10"""" color=""""ffffff""""]You need login your Character First![/font]"
local_data.dat	DST_SKILL_TRANSFORM_USE_INFO_FLAG_ABLE_WHEN_SUPER_SAIYAN2	[Usable while in Super Saiyan 2 form]
local_data.dat	DST_DWC_INFO_COMMAND	DWC Info
local_data.dat	DST_EQUIP_SLOT_TYPE_TAIL	Acessory 4 - Tail
local_data.dat	DST_DOJO_UPGRADE_NEED_ITEM	Upgrade Stone
local_data.dat	DST_DRAGONBALL_SCRAMBLE_PARTY_LEAVE	Left Party
local_data.dat	DST_TABITEMUPGRADE_NEEDZENNY_ERR	Not enough Zeni for upgrade.
local_data.dat	DST_DUALDST_GUN	Dual Gun
local_data.dat	DST_DOJO_UPGRADE_CURENT_LEVEL_7	Lv.8:Update
local_data.dat	DST_POPUP_CONTENT_ITEM_ENERGY	"[font size = """"9"""" color=""""269eff""""]EV Magic Pill X[/font][font size = """"9"""" color=""""#323232""""]Capsule's proud masterpiece.[/font]"
local_data.dat	DST_DRAGONBALL_SCRAMBLE_SEASON_REWARD_LIMIT_OVER_NFY	"[align = """"center""""]Dragon Ball Scramble Info[br][br]Scramble full[br]no compensation in this channel"
local_data.dat	DST_DWC_ENTER_CONDITION	Entrance Conditions
local_data.dat	DST_DOJO_UPGRADE	Upgrade
local_data.dat	DST_TABITEMUPGRADE_SPECIAL_UPGRADE_ERR	Special upgrade not available.
local_data.dat	DST_DRGONBALL_SCRAMBLE_SEASON_REFRESH_NFY	Battle Dragon Ball have been compensated
local_data.dat	DST_DWC_PLAY_LEVEL	Difficulty Level
local_data.dat	DST_DOJO_UPGRADE_NEXT_LEVEL_2	Next Lv.3
local_data.dat	DST_DWC_TITLE	Dragon World Challenge
local_data.dat	DST_EQUIP_SLOT_TYPE_HAIR	Hair
local_data.dat	DST_SYSTEMMSG_CHANGE_SUPER_BOO_ATTACKER	You are no longer a Buuhan!
local_data.dat	DST_DWC_CARDCOUNT	Card Count
local_data.dat	DST_DRAGONBALL_SCRAMBLE_CONFIRM_TITLE	Dragon Ball Scramble App.
local_data.dat	DST_POPUP_CONTENT_ITEM_POPOPIECE	"[font size = """"9"""" color=""""269eff""""]EV Popo Pieces[/font][font size = """"9"""" color=""""#323232""""]Is an item that can only revive you in place you died. When a character becomes faint, you can choose whether or not to use.[/font]"
local_data.dat	DST_DWC_SCENARIO_LOCK	[locked]
local_data.dat	DST_LOBBY_APPEARANCE_CHANGE	Appearance Change
local_data.dat	DST_DWC_HERO_TITLE	Hero Info
local_data.dat	DST_DOJO_UPGRADE_NEXT_LEVEL_6	Next Lv.7
local_data.dat	DST_SKILL_TRANSFORM_USE_INFO_FLAG_ABLE_WHEN_SUPER_SAIYANL	[Usable while in Super Saiyan Legendary form]
local_data.dat	DST_DRAGONBALL_SCRAMBLE_CHANNEL_INFO	Dragon Ball Scramble Event!
local_data.dat	DST_SHUTDOWN_WARNING	The Server is going to shut down!
local_data.dat	DST_DRAGONBALL_SCRAMBLE_JOIN_MSGBOX	"[align = """"center""""]Dragon Ball Scramble[br][br]join?"
local_data.dat	DST_SKILL_TRANSFORM_USE_INFO_FLAG_ABLE_WHEN_BIG_MONKEY	[Usable while in Oozaru form]
local_data.dat	DST_DRAGONBALL_SCRAMBLE_CONFIRM_WARNING_TITLE	Note!
local_data.dat	DST_DRAGONBALL_SCRAMBLE_CONFIRM_GET_2	Call Dragon
local_data.dat	DST_OPTION_GRAPHIC_PERFORMANCE_MODE	Performance Mode
local_data.dat	DST_DOJO_UPGRADE_NEXT_LEVEL_4	Next Lv.5
local_data.dat	DST_DRAGONBALL_SCRAMBLE_RETURN_MSG	Can't join Dragon Ball scramble
local_data.dat	DST_POPUP_CONTENT_ITEM_LIFE	"[font size = """"9"""" color=""""269eff""""]EV Life Pill X[/font][font size = """"9"""" color=""""#323232""""]Capsule's proud masterpiece.[/font]"
local_data.dat	DST_SKILL_TRANSFORM_USE_INFO_FLAG_ABLE_WHEN_KING_NAMEK	[Usable while in Orange Namek form]
local_data.dat	DST_OPTION_DROPFILTER_JUNK	Event Items
local_data.dat	DST_BUDOKAI_NOTICE_PRIZE_WINNER	Winner Prize
local_data.dat	DST_BUDOKAI_NOTICE_INDI_STATE	Individual State
local_data.dat	DST_BUDOKAI_NOTICE_INDI_REGISTER	Individual Registration
local_data.dat	DST_BUDOKAI_NOTICE_GUIDE_DOJO_TITLE	Dojo Tournament
local_data.dat	DST_BUDOKAI_NOTICE_GUIDE_MINOR_TITLE	Minor Match
local_data.dat	DST_BUDOKAI_NOTICE_TEAM_REGISTER	Team Registration
local_data.dat	DST_BUDOKAI_NOTICE_WAIT_GUIDE	Please Wait
local_data.dat	DST_BUDOKAI_NOTICE_TEAM_STATE	Team State
local_data.dat	DST_BUDOKAI_NOTICE_PRIZE_TEAM_WINNER	Team Winner Prize
local_data.dat	DST_BUDOKAI_NOTICE_PRIZE_TEAM_SECOND_WINNER	Team Second Place Prize
local_data.dat	DST_BUDOKAI_NOTICE_INDI_WINNER	Individual Winner
local_data.dat	DST_BUDOKAI_NOTICE_GUIDE_TIME	Time
local_data.dat	DST_BUDOKAI_NOTICE_TEAM_WINNER	Team Winner
local_data.dat	DST_BUDOKAI_NOTICE_PRIZE_SECOND_WINNER	Second Place Prize
local_data.dat	DST_BUDOKAI_NOTICE_NOT_PRIZE	No Prize
local_sync_data.dat	GAME_GUILD_NEED_PREREQUISITE_DOJO_FUNCTION	Guild function missing/nto obtain this function。
local_sync_data.dat	GAME_GUILD_NEED_PREREQUISITE_GUILD_FUNCTION	Guild function missing/nto obtain this function。
local_sync_data.dat	GAME_TS_ERROR_END	Trigger Error END.
local_sync_data.dat	GAME_SKILL_CANT_USE_SKILL_WHEN_SUPER_SAIYAN2	Can't use skill while super saiyan 2.
local_sync_data.dat	GAME_SKILL_CANT_USE_SKILL_WHEN_SUPER_BOO2	Can't use skill while super boo 2.
local_sync_data.dat	GAME_SKILL_CANT_USE_SKILL_WHEN_KING_NAMEK	Can't use skill while king namek.
local_sync_data.dat	GAME_CANNOT_TOGGLE_AURA_WITH_KAIOKEN	Cannot toggle aura while Kaioken Boost is active.
local_sync_data.dat	GAME_SKILL_CANT_USE_SKILL_WHEN_SUPER_SAIYANBLUE	Can't use skill while super saiyan blue.
local_sync_data.dat	DST_CLIENT_VERSION	Ver.
local_sync_data.dat	GAME_SKILL_CANT_USE_SKILL_WHEN_SUPER_BOO	Can't use skill while super boo.
local_sync_data.dat	GAME_SKILL_CANT_USE_SKILL_WHEN_GOTENKS_BOO_FIS	Can't use skill while gotenks boo.
local_sync_data.dat	GAME_SKILL_CANT_USE_SKILL_WHEN_DARK_NAMEK	Can't use skill while dark namek.
local_sync_data.dat	GAME_SKILL_CANT_USE_SKILL_WHEN_EVIL_NAMEK	Can't use skill while evil namek.
local_sync_data.dat	GAME_KAIOKEN_BOOST_NOT_AVAILABLE	Kaioken Boost is not available in this form.
local_sync_data.dat	GAME_SKILL_CANT_USE_SKILL_WHEN_SUPER_SAIYAN3	Can't use skill while super saiyan God.
local_sync_data.dat	GAME_SKILL_CANT_USE_SKILL_WHEN_SUPER_SAIYANNAMEK	Can't use skill while namek super saiyan.
local_sync_data.dat	GAME_SKILL_CANT_USE_SKILL_WHEN_BIG_MONKEY	Can't use skill while great ape.
local_sync_data.dat	GAME_SKILL_CANT_USE_SKILL_WHEN_SUPER_SAIYAN4	Can't use skill while super saiyan 4.
local_sync_data.dat	GAME_SKILL_CANT_USE_SKILL_WHEN_SUPER_SAIYANL	Can't use skill while legendary super saiyan.
local_sync_data.dat	GAME_SKILL_CANT_USE_SKILL_WHEN_SUPER_SAIYANMAJIN	Can't use skill while majin super saiyan.
local_sync_data.dat	GAME_SKILL_CANT_USE_SKILL_WHEN_EVIL_BOO	Can't use skill while evil boo.
local_sync_data.dat	MASCOT_FAIL_GUARD_ITEM_USE_FAIL	Failed to use guard item on mascot.
local_sync_data.dat	GAME_SKILL_CANT_USE_SKILL_WHEN_BUUHAN_SKIN	Can't use skill while buuhan.
local_sync_data.dat	GAME_SKILL_CANT_USE_SKILL_WHEN_SUPER_SAIYANROSE	Can't use skill while super saiyan rose.
local_sync_data.dat	GAME_SKILL_CANT_USE_SKILL_WHEN_GOTENKS_BOO_MAG	Can't use skill while gotenks boo magic.
local_sync_data.dat	GAME_SKILL_CANT_USE_SKILL_WHEN_SUPER_SAIYAN33	Can't use skill while super saiyan god super saiyan.
local_sync_data.dat	GAME_KAIOKEN_BOOST_REQUIRES_AURA	Kaioken Boost requires aura to be active.
local_sync_data.dat	GAME_SKILL_CANT_USE_SKILL_WHEN_GREAT_ORANGE	Can't use skill while great orange.
local_sync_data.dat	GAME_SKILL_CANT_USE_SKILL_WHEN_MYSTIC_MAJIN	Can't use skill while mystic majin.
local_sync_data.dat	GAME_SKILL_CANT_USE_SKILL_WHEN_BUUHAN_SKIN2	Can't use skill while buuhan 2.
local_sync_data.dat	AIR_FAIL	Air mode failed.
local_sync_data.dat	DWC_FAIL	Dragon World Championship failed.
local_sync_data.dat	GAME_COMMON_TEMPORARY_	Temporary error.
local_sync_data.dat	GAME_ITEM_DICE_FAIL_INVALID_DICE	Invalid dice roll.
local_sync_data.dat	GAME_ITEM_DICE_FAIL_INVALID_PARTY	Invalid party for dice.
local_sync_data.dat	GAME_ITEM_DICE_FAIL_LIMITED_STATE	Cannot roll dice in current state.
local_sync_data.dat	GAME_ITEM_DICE_FAIL_NOT_EQUIPED	Item not equipped for dice.
local_sync_data.dat	GAME_ITEM_DICE_FAIL_NOT_FIND	Dice item not found.
local_sync_data.dat	GAME_ITEM_DICE_FAIL_OVERFLOW_PARTYINVEN	Party inventory overflow.
local_sync_data.dat	GAME_PARTYMATCHING_INVITE_FAIL	Party matching invite failed.
local_sync_data.dat	GAME_PARTYMATCHING_REGISTER_WRONG_STATE	Cannot register in current state.
local_sync_data.dat	GAME_PARTYMATCHING_ROLEPLAY_CANCEL	Roleplay cancelled.
local_sync_data.dat	GAME_PARTYMATCHING_ROLEPLAY_INVALD	Invalid roleplay.
local_sync_data.dat	GAME_RESKILL_TIME_NON	Skill reset time not available.
local_sync_data.dat	GAME_SHOP_NOT_FOUND	Shop not found.
local_sync_data.dat	GAME_VEHICLE_WILL_GET_OFF_SOON	You will get off the vehicle soon.
table_text_all_data.rdf	0:1015:0	Se vanter
table_text_all_data.rdf	0:11015:0	Fier de porter L'objet des grades renforcés élevés.
table_text_all_data.rdf	0:100008:0	Auto-courir
table_text_all_data.rdf	0:1100008:0	Les doigts deviennent un peu confortable.
table_text_all_data.rdf	1:100402:0	Gogo
table_text_all_data.rdf	1:100652:0	Good Game
table_text_all_data.rdf	1:100750:0	Frimer
table_text_all_data.rdf	2:300110:0	HFI Newbi HTB
table_text_all_data.rdf	2:300111:0	HFI Newbi HTB
table_text_all_data.rdf	2:1300110:0	HMY Newbi HTB
table_text_all_data.rdf	2:1300111:0	HMY Newbi HTB
table_text_all_data.rdf	2:3300110:0	NFI Newbi HTB
table_text_all_data.rdf	2:3300111:0	NFI Newbi HTB
table_text_all_data.rdf	2:4300110:0	NMY Newbi HTB
table_text_all_data.rdf	2:4300111:0	NMY Newbi HTB
table_text_all_data.rdf	2:5300110:0	MMI Newbi HTB
table_text_all_data.rdf	2:5300111:0	MMI Newbi HTB
table_text_all_data.rdf	2:6300110:0	MWO Newbi HTB
table_text_all_data.rdf	2:6300111:0	MWO Newbi HTB
table_text_all_data.rdf	3:1280:0	Résurrection pour Débutants
table_text_all_data.rdf	3:1281:0	Résurrection pour Débutants
table_text_all_data.rdf	3:9919:0	LVL UP 85!
table_text_all_data.rdf	3:9924:0	Kraken Ring Remastered (A)!
table_text_all_data.rdf	3:9925:0	Kraken Ring Remastered (B)!
table_text_all_data.rdf	3:9926:0	Kraken Ring Remastered (C)!
table_text_all_data.rdf	3:9927:0	Kraken Ring Remastered (D)!
table_text_all_data.rdf	3:9928:0	Cell-X Remastered Earrings (A)!
table_text_all_data.rdf	3:9929:0	Cell-X Remastered Earrings (B)!
table_text_all_data.rdf	3:10020:0	Mirai Gohan Outfit
table_text_all_data.rdf	3:10051:0	Used by Saiyan Caulifla.
table_text_all_data.rdf	3:10061:0	Used by Saiyan Kale.
table_text_all_data.rdf	3:10071:0	Used by Saiyan fused Kefla.
table_text_all_data.rdf	3:99168:0	a currency given to players who have completed the Bakterian Dungeon, used to exchange for rewards
table_text_all_data.rdf	3:99169:0	a doji inspired by the character mai, dragon ball classic
table_text_all_data.rdf	3:99170:0	kuririn's doji used in the boo saga
table_text_all_data.rdf	3:99171:0	Created by Ryo, Kunay, Takashi and Tobi
table_text_all_data.rdf	3:99172:0	Created by Ryo, Kunay, Takashi and Tobi
table_text_all_data.rdf	3:99173:0	Created by Ryo, Kunay, Takashi and Tobi
table_text_all_data.rdf	3:99174:0	Created by Ryo, Kunay, Takashi and Tobi
table_text_all_data.rdf	3:99176:0	Created by Ryo, Kunay, Takashi and Tobi
table_text_all_data.rdf	3:99178:0	Created by Ryo, Kunay, Takashi and Tobi
table_text_all_data.rdf	3:99179:0	an outfit inspired by the character elizabeth from nanatsu no taizai
table_text_all_data.rdf	3:99180:0	Created by Ryo, Kunay, Takashi and Tobi
table_text_all_data.rdf	3:99181:0	Created by Ryo, Kunay, Takashi and Tobi
table_text_all_data.rdf	3:99182:0	doji inspired by the character Ace from one piece
table_text_all_data.rdf	3:199190:0	Seal Coin
table_text_all_data.rdf	3:199191:0	Use that coins to sealing items at the vending machine to\nunbind them. Higher Level requires higher amount of coins.
table_text_all_data.rdf	3:826210:0	Guts Screen Wild
table_text_all_data.rdf	3:826380:0	Gaia Of Limiter
table_text_all_data.rdf	3:826630:0	Network Guts Screen
table_text_all_data.rdf	3:830020:0	temp
table_text_all_data.rdf	3:830021:0	temp
table_text_all_data.rdf	3:830030:0	temp
table_text_all_data.rdf	3:830031:0	temp
table_text_all_data.rdf	3:830040:0	temp
table_text_all_data.rdf	3:830041:0	temp
table_text_all_data.rdf	3:830060:0	temp
table_text_all_data.rdf	3:830061:0	temp
table_text_all_data.rdf	3:830070:0	temp
table_text_all_data.rdf	3:830071:0	temp
table_text_all_data.rdf	3:830080:0	temp
table_text_all_data.rdf	3:830081:0	temp
table_text_all_data.rdf	3:830120:0	temp
table_text_all_data.rdf	3:830121:0	temp
table_text_all_data.rdf	3:830130:0	temp
table_text_all_data.rdf	3:830131:0	temp
table_text_all_data.rdf	3:830210:0	temp
table_text_all_data.rdf	3:830211:0	temp
table_text_all_data.rdf	3:830230:0	temp
table_text_all_data.rdf	3:830231:0	temp
table_text_all_data.rdf	3:840020:0	temp
table_text_all_data.rdf	3:840021:0	temp
table_text_all_data.rdf	3:840030:0	temp
table_text_all_data.rdf	3:840031:0	temp
table_text_all_data.rdf	3:840040:0	temp
table_text_all_data.rdf	3:840041:0	temp
table_text_all_data.rdf	3:840060:0	temp
table_text_all_data.rdf	3:840061:0	temp
table_text_all_data.rdf	3:840070:0	temp
table_text_all_data.rdf	3:840071:0	temp
table_text_all_data.rdf	3:840080:0	temp
table_text_all_data.rdf	3:840081:0	temp
table_text_all_data.rdf	3:840120:0	temp
table_text_all_data.rdf	3:840121:0	temp
table_text_all_data.rdf	3:840130:0	temp
table_text_all_data.rdf	3:840131:0	temp
table_text_all_data.rdf	3:840171:0	temp
table_text_all_data.rdf	3:840181:0	temp
table_text_all_data.rdf	3:840210:0	temp
table_text_all_data.rdf	3:840211:0	temp
table_text_all_data.rdf	3:840230:0	temp
table_text_all_data.rdf	3:840231:0	temp
table_text_all_data.rdf	3:850020:0	temp
table_text_all_data.rdf	3:850021:0	temp
table_text_all_data.rdf	3:850030:0	temp
table_text_all_data.rdf	3:850031:0	temp
table_text_all_data.rdf	3:850040:0	temp
table_text_all_data.rdf	3:850041:0	temp
table_text_all_data.rdf	3:850060:0	temp
table_text_all_data.rdf	3:850061:0	temp
table_text_all_data.rdf	3:850070:0	temp
table_text_all_data.rdf	3:850071:0	temp
table_text_all_data.rdf	3:850080:0	temp
table_text_all_data.rdf	3:850081:0	temp
table_text_all_data.rdf	3:850120:0	temp
table_text_all_data.rdf	3:850121:0	temp
table_text_all_data.rdf	3:850130:0	temp
table_text_all_data.rdf	3:850131:0	temp
table_text_all_data.rdf	3:850210:0	temp
table_text_all_data.rdf	3:850211:0	temp
table_text_all_data.rdf	3:850230:0	temp
table_text_all_data.rdf	3:850231:0	temp
table_text_all_data.rdf	3:860020:0	temp
table_text_all_data.rdf	3:860021:0	temp
table_text_all_data.rdf	3:860030:0	temp
table_text_all_data.rdf	3:860031:0	temp
table_text_all_data.rdf	3:860040:0	temp
table_text_all_data.rdf	3:860041:0	temp
table_text_all_data.rdf	3:860060:0	temp
table_text_all_data.rdf	3:860061:0	temp
table_text_all_data.rdf	3:860070:0	temp
table_text_all_data.rdf	3:860071:0	temp
table_text_all_data.rdf	3:860080:0	temp
table_text_all_data.rdf	3:860081:0	temp
table_text_all_data.rdf	3:860120:0	temp
table_text_all_data.rdf	3:860121:0	temp
table_text_all_data.rdf	3:860130:0	temp
table_text_all_data.rdf	3:860131:0	temp
table_text_all_data.rdf	3:860171:0	temp
table_text_all_data.rdf	3:860181:0	temp
table_text_all_data.rdf	3:860210:0	temp
table_text_all_data.rdf	3:860211:0	temp
table_text_all_data.rdf	3:860230:0	temp
table_text_all_data.rdf	3:860231:0	temp
table_text_all_data.rdf	3:880020:0	temp
table_text_all_data.rdf	3:880021:0	temp
table_text_all_data.rdf	3:880030:0	temp
table_text_all_data.rdf	3:880031:0	temp
table_text_all_data.rdf	3:880040:0	temp
table_text_all_data.rdf	3:880041:0	temp
table_text_all_data.rdf	3:880060:0	temp
table_text_all_data.rdf	3:880061:0	temp
table_text_all_data.rdf	3:880070:0	temp
table_text_all_data.rdf	3:880071:0	temp
table_text_all_data.rdf	3:880080:0	temp
table_text_all_data.rdf	3:880081:0	temp
table_text_all_data.rdf	3:880120:0	temp
table_text_all_data.rdf	3:880121:0	temp
table_text_all_data.rdf	3:880130:0	temp
table_text_all_data.rdf	3:880131:0	temp
table_text_all_data.rdf	3:880171:0	temp
table_text_all_data.rdf	3:880181:0	temp
table_text_all_data.rdf	3:880210:0	temp
table_text_all_data.rdf	3:880211:0	temp
table_text_all_data.rdf	3:880230:0	temp
table_text_all_data.rdf	3:880231:0	temp
table_text_all_data.rdf	3:890020:0	temp
table_text_all_data.rdf	3:890021:0	temp
table_text_all_data.rdf	3:890030:0	temp
table_text_all_data.rdf	3:890031:0	temp
table_text_all_data.rdf	3:890040:0	temp
table_text_all_data.rdf	3:890041:0	temp
table_text_all_data.rdf	3:890060:0	temp
table_text_all_data.rdf	3:890061:0	temp
table_text_all_data.rdf	3:890070:0	temp
table_text_all_data.rdf	3:890071:0	temp
table_text_all_data.rdf	3:890080:0	temp
table_text_all_data.rdf	3:890081:0	temp
table_text_all_data.rdf	3:890120:0	temp
table_text_all_data.rdf	3:890121:0	temp
table_text_all_data.rdf	3:890130:0	temp
table_text_all_data.rdf	3:890131:0	temp
table_text_all_data.rdf	3:890171:0	temp
table_text_all_data.rdf	3:890181:0	temp
table_text_all_data.rdf	3:890210:0	temp
table_text_all_data.rdf	3:890211:0	temp
table_text_all_data.rdf	3:890230:0	temp
table_text_all_data.rdf	3:890231:0	temp
table_text_all_data.rdf	3:980330:0	The letter of Boldo
table_text_all_data.rdf	3:980331:0	The letter to Captain Bacterian
table_text_all_data.rdf	3:980340:0	Dog Flute of Mero
table_text_all_data.rdf	3:980341:0	The dog flute used by Mero when he trained the Pero.\nIt seems that human can't hear the flute's sound.
table_text_all_data.rdf	3:1211111:0	A Powerful Saiyan Form used by Goku and Vegeta. Taught by Gohan, the Great Saiyaman.
table_text_all_data.rdf	3:1510120:0	Super Saiyan Blue
table_text_all_data.rdf	3:3031490:0	EV Capsule Box Z64
table_text_all_data.rdf	3:3031491:0	Expand your inventory by 64 free Slots.
table_text_all_data.rdf	3:3031500:0	EV Capsule Box Z48
table_text_all_data.rdf	3:3031501:0	Expand your inventory by 48 free Slots.
table_text_all_data.rdf	3:3031510:0	EV Capsule Box Z40
table_text_all_data.rdf	3:3031511:0	Expand your inventory by 40 free Slots.
table_text_all_data.rdf	3:5170070:0	Colossus
table_text_all_data.rdf	3:5570070:0	Colossus
table_text_all_data.rdf	3:5628511:0	Galactic Combat Gear with improved air flow to help within the fight.
table_text_all_data.rdf	3:5628521:0	Galactic Combat Gear with improved air flow to help within the fight.
table_text_all_data.rdf	3:5628531:0	Galactic Combat Gear with improved air flow to help within the fight.
table_text_all_data.rdf	3:5658511:0	Galactic Combat Gear with improved air flow to help within the fight.
table_text_all_data.rdf	3:5658521:0	Galactic Combat Gear with improved air flow to help within the fight.
table_text_all_data.rdf	3:5658531:0	Galactic Combat Gear with improved air flow to help within the fight.
table_text_all_data.rdf	3:5678511:0	Galactic Combat Gear with improved air flow to help within the fight.
table_text_all_data.rdf	3:5678521:0	Galactic Combat Gear with improved air flow to help within the fight.
table_text_all_data.rdf	3:5678531:0	Galactic Combat Gear with improved air flow to help within the fight.
table_text_all_data.rdf	3:5730680:0	Guts Screen Arrey  1
table_text_all_data.rdf	3:5730690:0	Guts Screen Arrey  3
table_text_all_data.rdf	3:5730700:0	Guts Screen Arrey  5
table_text_all_data.rdf	3:5730710:0	Guts Screen Arrey  7
table_text_all_data.rdf	3:5730720:0	Guts Screen Arrey 9
table_text_all_data.rdf	3:5970070:0	Colossus
table_text_all_data.rdf	3:6028510:0	Galactic Combat Gear (Top) H
table_text_all_data.rdf	3:6028511:0	Galactic Combat Gear with improved air flow to help within the fight.
table_text_all_data.rdf	3:6028520:0	Galactic Combat Gear (Pants) H
table_text_all_data.rdf	3:6028521:0	Galactic Combat Gear with improved air flow to help within the fight.
table_text_all_data.rdf	3:6028530:0	Galactic Combat Gear (Shoes) H
table_text_all_data.rdf	3:6028531:0	Galactic Combat Gear with improved air flow to help within the fight.
table_text_all_data.rdf	3:6058510:0	Galactic Combat Gear (Top) N
table_text_all_data.rdf	3:6058511:0	Galactic Combat Gear with improved air flow to help within the fight.
table_text_all_data.rdf	3:6058520:0	Galactic Combat Gear (Pants) N
table_text_all_data.rdf	3:6058521:0	Galactic Combat Gear with improved air flow to help within the fight.
table_text_all_data.rdf	3:6058530:0	Galactic Combat Gear (Shoes) N
table_text_all_data.rdf	3:6058531:0	Galactic Combat Gear with improved air flow to help within the fight.
table_text_all_data.rdf	3:6078510:0	Galactic Combat Gear (Top) M
table_text_all_data.rdf	3:6078511:0	Galactic Combat Gear with improved air flow to help within the fight.
table_text_all_data.rdf	3:6078520:0	Galactic Combat Gear (Pants) M
table_text_all_data.rdf	3:6078521:0	Galactic Combat Gear with improved air flow to help within the fight.
table_text_all_data.rdf	3:6078530:0	Galactic Combat Gear (Shoes) M
table_text_all_data.rdf	3:6078531:0	Galactic Combat Gear with improved air flow to help within the fight.
table_text_all_data.rdf	3:6130550:0	Guts Screen  Cluster 3
table_text_all_data.rdf	3:6130560:0	Guts Screen  Cluster 5
table_text_all_data.rdf	3:6130570:0	Guts Screen  Cluster 7
table_text_all_data.rdf	3:6130580:0	Guts Screen  Cluster 9
table_text_all_data.rdf	3:6370070:0	ColossusL
table_text_all_data.rdf	3:6530320:0	Guts Screen Metrix 6
table_text_all_data.rdf	3:6530330:0	Guts Screen Metrix 8
table_text_all_data.rdf	3:6530340:0	Guts Screen Metrix 10
table_text_all_data.rdf	3:6770070:0	Colossus
table_text_all_data.rdf	3:7000213:0	Lucy Hair
table_text_all_data.rdf	3:7000214:0	Erza Hair
table_text_all_data.rdf	3:7000215:0	Natsu Dragneel Outfit
table_text_all_data.rdf	3:7000216:0	Scarlet K Outfit
table_text_all_data.rdf	3:7000217:0	Aqua Outfit
table_text_all_data.rdf	3:7000220:0	Fire Wings
table_text_all_data.rdf	3:7000223:0	Attack on Titan Dogi
table_text_all_data.rdf	3:7000224:0	Miku BR Dogi
table_text_all_data.rdf	3:7000225:0	DANDANDAN Glasses
table_text_all_data.rdf	3:7000226:0	Cat Ears
table_text_all_data.rdf	3:7000227:0	Booney Nika Hair
table_text_all_data.rdf	3:7000228:0	Booney Dogi
table_text_all_data.rdf	3:7000229:0	Booney Nika Dogi
table_text_all_data.rdf	3:7000230:0	Pink Outfit
table_text_all_data.rdf	3:7000231:0	Nika Smoke
table_text_all_data.rdf	3:7000234:0	Shinigami Female Outfit
table_text_all_data.rdf	3:7000235:0	Female Tanjiro Outfit
table_text_all_data.rdf	3:7000236:0	Female Kakashi Outfit
table_text_all_data.rdf	3:7000237:0	Female Goku Outfit
table_text_all_data.rdf	3:7000238:0	Android 21 Outfit
table_text_all_data.rdf	3:7000239:0	Derieri Outfit
table_text_all_data.rdf	3:7000240:0	Female Ichigo Hair
table_text_all_data.rdf	3:7000241:0	Female Goku Hair
table_text_all_data.rdf	3:7000242:0	Female Tanjiro Hair
table_text_all_data.rdf	3:7000243:0	Kakashi Hair and Mask
table_text_all_data.rdf	3:7000244:0	Jotaro Hat
table_text_all_data.rdf	3:7000245:0	Jotaro Outfit
table_text_all_data.rdf	3:7000246:0	Naruto Outfit
table_text_all_data.rdf	3:7000247:0	Goku Drip
table_text_all_data.rdf	3:7000248:0	Rimuru Tempest Outfit
table_text_all_data.rdf	3:7220310:0	TMQ-65
table_text_all_data.rdf	3:7220320:0	TMQ-65
table_text_all_data.rdf	3:7220330:0	TMQ-65
table_text_all_data.rdf	3:7221310:0	TMQ-65
table_text_all_data.rdf	3:7221320:0	TMQ-65
table_text_all_data.rdf	3:7221330:0	TMQ-65
table_text_all_data.rdf	3:7222310:0	TMQ-65
table_text_all_data.rdf	3:7222320:0	TMQ-65
table_text_all_data.rdf	3:7222330:0	TMQ-65
table_text_all_data.rdf	3:7223310:0	TMQ-65
table_text_all_data.rdf	3:7223320:0	TMQ-65
table_text_all_data.rdf	3:7223330:0	TMQ-65
table_text_all_data.rdf	3:7224310:0	TMQ-65
table_text_all_data.rdf	3:7224320:0	TMQ-65
table_text_all_data.rdf	3:7224330:0	TMQ-65
table_text_all_data.rdf	3:7225310:0	TMQ-65
table_text_all_data.rdf	3:7225320:0	TMQ-65
table_text_all_data.rdf	3:7225330:0	TMQ-65
table_text_all_data.rdf	3:7230310:0	TMQ-65
table_text_all_data.rdf	3:7230320:0	TMQ-65
table_text_all_data.rdf	3:7230330:0	TMQ-65
table_text_all_data.rdf	3:7231310:0	TMQ-65
table_text_all_data.rdf	3:7231320:0	TMQ-65
table_text_all_data.rdf	3:7231330:0	TMQ-65
table_text_all_data.rdf	3:7232310:0	TMQ-65
table_text_all_data.rdf	3:7232320:0	TMQ-65
table_text_all_data.rdf	3:7232330:0	TMQ-65
table_text_all_data.rdf	3:7233310:0	TMQ-65
table_text_all_data.rdf	3:7233320:0	TMQ-65
table_text_all_data.rdf	3:7233330:0	TMQ-65
table_text_all_data.rdf	3:7234310:0	TMQ-65
table_text_all_data.rdf	3:7234320:0	TMQ-65
table_text_all_data.rdf	3:7234330:0	TMQ-65
table_text_all_data.rdf	3:7235310:0	TMQ-65
table_text_all_data.rdf	3:7235320:0	TMQ-65
table_text_all_data.rdf	3:7235330:0	TMQ-65
table_text_all_data.rdf	3:7240310:0	TMQ-65
table_text_all_data.rdf	3:7240320:0	TMQ-65
table_text_all_data.rdf	3:7240330:0	TMQ-65
table_text_all_data.rdf	3:7241310:0	TMQ-65
table_text_all_data.rdf	3:7241320:0	TMQ-65
table_text_all_data.rdf	3:7241330:0	TMQ-65
table_text_all_data.rdf	3:7242310:0	TMQ-65
table_text_all_data.rdf	3:7242320:0	TMQ-65
table_text_all_data.rdf	3:7242330:0	TMQ-65
table_text_all_data.rdf	3:7243310:0	TMQ-65
table_text_all_data.rdf	3:7243320:0	TMQ-65
table_text_all_data.rdf	3:7243330:0	TMQ-65
table_text_all_data.rdf	3:7244310:0	TMQ-65
table_text_all_data.rdf	3:7244320:0	TMQ-65
table_text_all_data.rdf	3:7244330:0	TMQ-65
table_text_all_data.rdf	3:7245310:0	TMQ-65
table_text_all_data.rdf	3:7245320:0	TMQ-65
table_text_all_data.rdf	3:7245330:0	TMQ-65
table_text_all_data.rdf	3:7250310:0	TMQ-65
table_text_all_data.rdf	3:7250320:0	TMQ-65
table_text_all_data.rdf	3:7250330:0	TMQ-65
table_text_all_data.rdf	3:7251310:0	TMQ-65
table_text_all_data.rdf	3:7251320:0	TMQ-65
table_text_all_data.rdf	3:7251330:0	TMQ-65
table_text_all_data.rdf	3:7252310:0	TMQ-65
table_text_all_data.rdf	3:7252320:0	TMQ-65
table_text_all_data.rdf	3:7252330:0	TMQ-65
table_text_all_data.rdf	3:7253310:0	TMQ-65
table_text_all_data.rdf	3:7253320:0	TMQ-65
table_text_all_data.rdf	3:7253330:0	TMQ-65
table_text_all_data.rdf	3:7254310:0	TMQ-65
table_text_all_data.rdf	3:7254320:0	TMQ-65
table_text_all_data.rdf	3:7254330:0	TMQ-65
table_text_all_data.rdf	3:7255310:0	TMQ-65
table_text_all_data.rdf	3:7255320:0	TMQ-65
table_text_all_data.rdf	3:7255330:0	TMQ-65
table_text_all_data.rdf	3:7260310:0	TMQ-65
table_text_all_data.rdf	3:7260320:0	TMQ-65
table_text_all_data.rdf	3:7260330:0	TMQ-65
table_text_all_data.rdf	3:7261310:0	TMQ-65
table_text_all_data.rdf	3:7261320:0	TMQ-65
table_text_all_data.rdf	3:7261330:0	TMQ-65
table_text_all_data.rdf	3:7262310:0	TMQ-65
table_text_all_data.rdf	3:7262320:0	TMQ-65
table_text_all_data.rdf	3:7262330:0	TMQ-65
table_text_all_data.rdf	3:7263310:0	TMQ-65
table_text_all_data.rdf	3:7263320:0	TMQ-65
table_text_all_data.rdf	3:7263330:0	TMQ-65
table_text_all_data.rdf	3:7264310:0	TMQ-65
table_text_all_data.rdf	3:7264320:0	TMQ-65
table_text_all_data.rdf	3:7264330:0	TMQ-65
table_text_all_data.rdf	3:7265310:0	TMQ-65
table_text_all_data.rdf	3:7265320:0	TMQ-65
table_text_all_data.rdf	3:7265330:0	TMQ-65
table_text_all_data.rdf	3:7270310:0	TMQ-65
table_text_all_data.rdf	3:7270320:0	TMQ-65
table_text_all_data.rdf	3:7270330:0	TMQ-65
table_text_all_data.rdf	3:7271310:0	TMQ-65
table_text_all_data.rdf	3:7271320:0	TMQ-65
table_text_all_data.rdf	3:7271330:0	TMQ-65
table_text_all_data.rdf	3:7272310:0	TMQ-65
table_text_all_data.rdf	3:7272320:0	TMQ-65
table_text_all_data.rdf	3:7272330:0	TMQ-65
table_text_all_data.rdf	3:7273310:0	TMQ-65
table_text_all_data.rdf	3:7273320:0	TMQ-65
table_text_all_data.rdf	3:7273330:0	TMQ-65
table_text_all_data.rdf	3:7274310:0	TMQ-65
table_text_all_data.rdf	3:7274320:0	TMQ-65
table_text_all_data.rdf	3:7274330:0	TMQ-65
table_text_all_data.rdf	3:7275310:0	TMQ-65
table_text_all_data.rdf	3:7275320:0	TMQ-65
table_text_all_data.rdf	3:7275330:0	TMQ-65
table_text_all_data.rdf	3:7280310:0	TMQ-65
table_text_all_data.rdf	3:7280320:0	TMQ-65
table_text_all_data.rdf	3:7280330:0	TMQ-65
table_text_all_data.rdf	3:7281310:0	TMQ-65
table_text_all_data.rdf	3:7281320:0	TMQ-65
table_text_all_data.rdf	3:7281330:0	TMQ-65
table_text_all_data.rdf	3:7282310:0	TMQ-65
table_text_all_data.rdf	3:7282320:0	TMQ-65
table_text_all_data.rdf	3:7282330:0	TMQ-65
table_text_all_data.rdf	3:7283310:0	TMQ-65
table_text_all_data.rdf	3:7283320:0	TMQ-65
table_text_all_data.rdf	3:7283330:0	TMQ-65
table_text_all_data.rdf	3:7284310:0	TMQ-65
table_text_all_data.rdf	3:7284320:0	TMQ-65
table_text_all_data.rdf	3:7284330:0	TMQ-65
table_text_all_data.rdf	3:7285310:0	TMQ-65
table_text_all_data.rdf	3:7285320:0	TMQ-65
table_text_all_data.rdf	3:7285330:0	TMQ-65
table_text_all_data.rdf	3:7570030:0	Colossus
table_text_all_data.rdf	3:7572530:0	Colossus
table_text_all_data.rdf	3:7575030:0	Colossus
table_text_all_data.rdf	3:8790010:0	BBQ R
table_text_all_data.rdf	3:10100600:0	Not Name
table_text_all_data.rdf	3:10100601:0	Not Name
table_text_all_data.rdf	3:10111213:0	KnightZ Ring Type A
table_text_all_data.rdf	3:10111214:0	KnightZ Ring Type B
table_text_all_data.rdf	3:10111215:0	KnightZ Earing A Type
table_text_all_data.rdf	3:10111216:0	KnightZ Earing B Type
table_text_all_data.rdf	3:10111217:0	KnightZ Necklace
table_text_all_data.rdf	3:16028510:0	Recipe Galactic Combat Gear (Top) H
table_text_all_data.rdf	3:16028511:0	Ultimate Combat Gear with improved air flow to help within the fight.
table_text_all_data.rdf	3:16028520:0	Recipe Galactic Combat Gear (Pants) H
table_text_all_data.rdf	3:16028521:0	Ultimate Combat Gear with improved air flow to help within the fight.
table_text_all_data.rdf	3:16028530:0	Recipe Galactic Combat Gear (Shoes) H
table_text_all_data.rdf	3:16028531:0	Ultimate Combat Gear with improved air flow to help within the fight.
table_text_all_data.rdf	3:16058510:0	Recipe Galactic Combat Gear (Top) N
table_text_all_data.rdf	3:16058511:0	Ultimate Combat Gear with improved air flow to help within the fight.
table_text_all_data.rdf	3:16058520:0	Recipe Galactic Combat Gear (Pants) N
table_text_all_data.rdf	3:16058521:0	Ultimate Combat Gear with improved air flow to help within the fight.
table_text_all_data.rdf	3:16058530:0	Recipe Galactic Combat Gear (Shoes) N
table_text_all_data.rdf	3:16058531:0	Ultimate Combat Gear with improved air flow to help within the fight.
table_text_all_data.rdf	3:16078510:0	Recipe Galactic Combat Gear (Top) M
table_text_all_data.rdf	3:16078511:0	Ultimate Combat Gear with improved air flow to help within the fight.
table_text_all_data.rdf	3:16078520:0	Recipe Galactic Combat Gear (Pants) M
table_text_all_data.rdf	3:16078521:0	Ultimate Combat Gear with improved air flow to help within the fight.
table_text_all_data.rdf	3:16078530:0	Recipe Galactic Combat Gear (Shoes) M
table_text_all_data.rdf	3:16078531:0	Ultimate Combat Gear with improved air flow to help within the fight.
table_text_all_data.rdf	3:21010203:0	When you use this Ring's, all beta Memories return to you and makes your character stronger than ever.
table_text_all_data.rdf	3:21010204:0	When you use this Ring's, all beta Memories return to you and makes your character stronger than ever.
table_text_all_data.rdf	3:21010205:0	Official KnightZ Earing, forged by Kunay, Ryo, River e Tobi(A Type)
table_text_all_data.rdf	3:21010206:0	Official KnightZ Earing, forged by Kunay, Ryo, River e Tobi(B Type)
table_text_all_data.rdf	3:21010207:0	Official KnightZ Necklace, forged by Kunay, Ryo, River e Tobi
table_text_all_data.rdf	3:29010011:0	Properties can be added to your Dogi \nto make it even more worth to wear.
table_text_all_data.rdf	3:29011021:0	Capsule Corp uniform wore by the staff of\nthe company. Staff engineers wear it.
table_text_all_data.rdf	3:29011031:0	Capsule Corp uniform wore by the staff of\nthe company. Staff engineers wear it. \nTrunks's Outfit looks very similar to this.
table_text_all_data.rdf	3:29011681:0	Increase character level to 70.
table_text_all_data.rdf	3:29011691:0	Properties can be added to your Dogi.\nBut can also fail and no stats will be applied.\nThere is a 20% chance to fail.
table_text_all_data.rdf	3:29011701:0	Chooseable restructuring the states from your item.\nWork on Weapon and Gear.
table_text_all_data.rdf	3:29011711:0	Chooseable restructuring the states from your item.\nWork on Weapon and Gear.
table_text_all_data.rdf	3:29720020:0	Gore-tex
table_text_all_data.rdf	3:30315900:0	RiverZ Outfit
table_text_all_data.rdf	3:30315901:0	RiverZ NPC Outfit
table_text_all_data.rdf	3:70001011:0	Reward designed for completing KnightZ new Floor 155.(31)
table_text_all_data.rdf	3:70001021:0	Reward designed for completing KnightZ new Floor 160.(32)
table_text_all_data.rdf	3:70001031:0	Reward designed for completing KnightZ new Floor 165.(33)
table_text_all_data.rdf	3:70001041:0	Reward designed for completing KnightZ new Floor 170.(34)
table_text_all_data.rdf	3:70001051:0	Reward designed for completing KnightZ new Floor 175.(35)
table_text_all_data.rdf	3:70002130:0	Hair used by the celestial mage Lucy, one of the strongest members of Fairy Tail.
table_text_all_data.rdf	3:70002140:0	Hair used by the strongest mage of Fairy Tail, Erza! Her enemies flee just at the sight of this armor.
table_text_all_data.rdf	3:70002150:0	Used by DragonSlayer Natsu, the son of a Dragon.
table_text_all_data.rdf	3:70002160:0	A Very pretty outfit.
table_text_all_data.rdf	3:70002170:0	A Konosuba outfit.
table_text_all_data.rdf	3:70002200:0	Wings bathed in the plasma of a star.
table_text_all_data.rdf	3:70002230:0	Featuring Attack on Titan
table_text_all_data.rdf	3:70002240:0	Aqui e Brasil!
table_text_all_data.rdf	3:70002250:0	Featuring Dandandan
table_text_all_data.rdf	3:70002260:0	A Very Beatiful Cat Ears
table_text_all_data.rdf	3:70002270:0	Featuring One Piece in EggHead
table_text_all_data.rdf	3:70002280:0	Featuring One Piece Oda Genius
table_text_all_data.rdf	3:70002300:0	A very pretty formal outfit
table_text_all_data.rdf	3:70002340:0	Featuring Kurosaki Ichigo Female Costume from Bleach.
table_text_all_data.rdf	3:70002350:0	Featuring Kamado Tanjiro Female Costume from Demon Slayer.
table_text_all_data.rdf	3:70002360:0	Featuring Hatake Kakashi Female Costume from Naruto.
table_text_all_data.rdf	3:70002370:0	A female representation of Goku.
table_text_all_data.rdf	3:70002380:0	A copy of Doctor Maki Gero's wife's outfit, Android 21.
table_text_all_data.rdf	3:70002390:0	Featuring Derieri Female Costume from Nanatsu no Taizai.
table_text_all_data.rdf	3:70002400:0	Featuring Kurosaki Ichigo Female Hair from Bleach.
table_text_all_data.rdf	3:70002410:0	A female representation of Goku Hair.
table_text_all_data.rdf	3:70002420:0	Featuring Kamado Tanjiro Female Hair from Demon Slayer.
table_text_all_data.rdf	3:70002430:0	Featuring Hatake Kakashi Female Hair and Mask from Naruto.
table_text_all_data.rdf	3:70002440:0	Featuring Kujo Jotaro Hat from JoJo Bizarre Adventure.
table_text_all_data.rdf	3:70002450:0	Featuring Kujo Jotaro Outfit from JoJo Bizarre Adventure.
table_text_all_data.rdf	3:70002460:0	Featuring Uzumaki Naruto Costume.
table_text_all_data.rdf	3:70002470:0	Be careful walking around in that outfit, people will worship you.
table_text_all_data.rdf	3:70002480:0	Lord Demon Slime Rimuru-sama Outfit
table_text_all_data.rdf	3:70014030:0	Nidhogg Earring
table_text_all_data.rdf	3:70014140:0	Nidhogg Stamina Ring [A]
table_text_all_data.rdf	3:70014150:0	Nidhogg Stamina Ring [B]
table_text_all_data.rdf	3:70014160:0	Nidhogg Strength Ring [A]
table_text_all_data.rdf	3:70014170:0	Nidhogg Strength Ring [B]
table_text_all_data.rdf	3:70014180:0	Nidhogg Dexterity Ring [A]
table_text_all_data.rdf	3:70014190:0	Nidhogg Dexterity Ring [B]
table_text_all_data.rdf	3:70014200:0	Nidhogg Energy Ring [A]
table_text_all_data.rdf	3:70014210:0	Nidhogg Energy Ring [B]
table_text_all_data.rdf	3:70014220:0	Nidhogg Soul Ring [A]
table_text_all_data.rdf	3:70014230:0	Nidhogg Soul Ring [B]
table_text_all_data.rdf	3:70014240:0	Nidhogg Focus Ring [A]
table_text_all_data.rdf	3:70014250:0	Nidhogg Focus Ring [B]
table_text_all_data.rdf	3:70030461:0	Rewarded for completing CCBD 35F.\nCan be exchanged for special titles and Armor.
table_text_all_data.rdf	3:70040762:0	CC Battle Dungeon Coupon (16F)
table_text_all_data.rdf	3:70040763:0	Grant you access to higher floors in CCBD.
table_text_all_data.rdf	3:70040764:0	CC Battle Dungeon Coupon (32F) 2x
table_text_all_data.rdf	3:99199973:0	Nichirin Transmog (Sword)
table_text_all_data.rdf	3:99199974:0	Nichirin Swords are special blades used by Demon Slayers to kill demons. This belongs Kamado Tanjiro
table_text_all_data.rdf	3:99199975:0	Tanjiro Kimono
table_text_all_data.rdf	3:99199976:0	Used by Demon Slayer Kamado Tanjiro
table_text_all_data.rdf	3:99199977:0	Tanjiro Hair
table_text_all_data.rdf	3:111505771:0	Consuming this pass will allow you to re-join your team members inside a CCBD floor.\nNOTE: If doesn't work, just relogin
table_text_all_data.rdf	3:111600680:0	CC Battle Dungeon Coupon (21F)
table_text_all_data.rdf	3:111600681:0	Grant you access to higher floors in CCBD.
table_text_all_data.rdf	3:111600690:0	CC Battle Dungeon Coupon (22F)
table_text_all_data.rdf	3:111600691:0	Grant you access to higher floors in CCBD.
table_text_all_data.rdf	3:111600700:0	CC Battle Dungeon Coupon (23F)
table_text_all_data.rdf	3:111600701:0	Grant you access to higher floors in CCBD.
table_text_all_data.rdf	3:111600710:0	CC Battle Dungeon Coupon (24F)
table_text_all_data.rdf	3:111600711:0	Grant you access to higher floors in CCBD.
table_text_all_data.rdf	3:111600720:0	CC Battle Dungeon Coupon (25F)
table_text_all_data.rdf	3:111600721:0	Grant you access to higher floors in CCBD.
table_text_all_data.rdf	3:111600730:0	CC Battle Dungeon Coupon (26F)
table_text_all_data.rdf	3:111600731:0	Grant you access to higher floors in CCBD.
table_text_all_data.rdf	3:111600740:0	CC Battle Dungeon Coupon (27F)
table_text_all_data.rdf	3:111600741:0	Grant you access to higher floors in CCBD.
table_text_all_data.rdf	3:111600750:0	CC Battle Dungeon Coupon (28F)
table_text_all_data.rdf	3:111600751:0	Grant you access to higher floors in CCBD.
table_text_all_data.rdf	3:111600760:0	CC Battle Dungeon Coupon (29F)
table_text_all_data.rdf	3:111600761:0	Grant you access to higher floors in CCBD.
table_text_all_data.rdf	3:111600770:0	CC Battle Dungeon Coupon (30F)
table_text_all_data.rdf	3:111600771:0	Grant you access to higher floors in CCBD.
table_text_all_data.rdf	3:111600800:0	Cell Armor (Top)
table_text_all_data.rdf	3:111600810:0	Cell Armor (Pants)
table_text_all_data.rdf	3:111600820:0	Cell Armor (Shoes)
table_text_all_data.rdf	3:111600830:0	Cell Armor (Top)
table_text_all_data.rdf	3:111600840:0	Cell Armor (Pants)
table_text_all_data.rdf	3:111600850:0	Cell Armor (Shoes)
table_text_all_data.rdf	3:111600860:0	Cell Armor (Top)
table_text_all_data.rdf	3:111600870:0	Cell Armor (Pants)
table_text_all_data.rdf	3:111600880:0	Cell Armor (Shoes)
table_text_all_data.rdf	3:111700193:0	Featuring Naruto.
table_text_all_data.rdf	3:111701116:0	Pan Super Heroes Outfit.
table_text_all_data.rdf	3:111701122:0	Black Destruction Outfit
table_text_all_data.rdf	3:111701138:0	One Piece Mihawk Outfit.
table_text_all_data.rdf	3:111702881:0	An outfit worn by Universe 6 Supreme Kai Fuwa
table_text_all_data.rdf	3:111702890:0	Vegeta Armor [Namek Saga]
table_text_all_data.rdf	3:111702891:0	vegeta Saiyan armor From namek Saga
table_text_all_data.rdf	3:111702900:0	Dabura Outfit [Red]
table_text_all_data.rdf	3:111702901:0	There are rumors if someone uses this\n Dogi will be able to enter the Dark Realm
table_text_all_data.rdf	3:111702910:0	Piccolo Outfit
table_text_all_data.rdf	3:111702911:0	This Dogi belonged to the legendary Namekian, Piccolo!
table_text_all_data.rdf	3:111702920:0	Piccolo Outfit [Half]
table_text_all_data.rdf	3:111702921:0	This Dogi belonged to the legendary Namekian, Piccolo!
table_text_all_data.rdf	3:111702930:0	Human Outfit
table_text_all_data.rdf	3:111702931:0	base Outfit For Humans
table_text_all_data.rdf	3:111702940:0	Namek Outfit
table_text_all_data.rdf	3:111702941:0	base Outfit For Namekians
table_text_all_data.rdf	3:111702950:0	Majin Outfit
table_text_all_data.rdf	3:111702951:0	base Outfit For Majins
table_text_all_data.rdf	3:111702960:0	Skilled Crane Outfit
table_text_all_data.rdf	3:111702961:0	This Outfit were worn by a Very\n Well Skilled Crane!!
table_text_all_data.rdf	3:111702970:0	Skilled Turtle Outfit
table_text_all_data.rdf	3:111702971:0	This Outfit were worn by a Very\n Well Skilled Turtle!!
table_text_all_data.rdf	3:111702980:0	Skilled Martial Artist Outfit
table_text_all_data.rdf	3:111702981:0	This Outfit were worn by a Very\n Well Skilled Martial Artist
table_text_all_data.rdf	3:111702990:0	ColdFire Gladiator
table_text_all_data.rdf	3:111702991:0	Gladiator Dogi But with a Cool Design
table_text_all_data.rdf	3:111703000:0	ColdFire Cowboy
table_text_all_data.rdf	3:111703001:0	CC Mercenary outfit but with a Cool design
table_text_all_data.rdf	3:111703010:0	Mummy Outfit
table_text_all_data.rdf	3:111703011:0	An very Spooky Outfit!!
table_text_all_data.rdf	3:111703020:0	Casual Outfit
table_text_all_data.rdf	3:111704280:0	test
table_text_all_data.rdf	3:111704281:0	test
table_text_all_data.rdf	3:111704290:0	test
table_text_all_data.rdf	3:111704291:0	test
table_text_all_data.rdf	3:429496729:0	A SK Powerfull Axe
table_text_all_data.rdf	3:700010601:0	Budokai box
table_text_all_data.rdf	3:700010611:0	Chance 50% gain 1 or 2 silver box
table_text_all_data.rdf	3:700010681:0	This Box is a Compansation for the attack in the server. We all lost 4 days, but we got up 100x stronger!
table_text_all_data.rdf	3:700010691:0	Compensation Box
table_text_all_data.rdf	3:919701202:0	SSJ5 Dogi from Dragon Ball AF
table_text_all_data.rdf	3:919701204:0	SSJ5 Dogi Will be Buyable until 10/jan.
table_text_all_data.rdf	3:919701206:0	SSJ5 Hair Will be Buyable until 10/jan.
table_text_all_data.rdf	3:919701218:0	SSJ5 Hair from DB AF (Only Works on Adults).
table_text_all_data.rdf	3:990300020:0	Upgrade Exchange Nugget
table_text_all_data.rdf	3:990300021:0	A Stone with a format similiar to a nug \n that can be exchanged for stones at Vegeta NPC
table_text_all_data.rdf	3:990300030:0	EV CC Battle Dungeon Coupon (20F)
table_text_all_data.rdf	3:990300040:0	EV CC Battle Dungeon Coupon (22F)
table_text_all_data.rdf	3:990300050:0	EV CC Battle Dungeon Coupon (24F)
table_text_all_data.rdf	3:990300060:0	EV CC Battle Dungeon Coupon (26F)
table_text_all_data.rdf	3:990300070:0	EV CC Battle Dungeon Coupon (22F)
table_text_all_data.rdf	3:990300080:0	EV CC Battle Dungeon Coupon (26F)
table_text_all_data.rdf	3:990300090:0	EV CC Battle Dungeon Coupon (28F)
table_text_all_data.rdf	4:100020:0	opération vide
table_text_all_data.rdf	4:6001515:0	Namek
table_text_all_data.rdf	4:6001516:0	Majin
table_text_all_data.rdf	4:6001517:0	Saiyan
table_text_all_data.rdf	4:6001533:0	Dogi
table_text_all_data.rdf	4:6001534:0	Stone
table_text_all_data.rdf	5:3054:0	Gros Rumble ....
table_text_all_data.rdf	5:3055:0	Hehe ... Cette fois, je ne te laisserai jamais partir ... hehe ...
table_text_all_data.rdf	5:9991101:0	Test 1
table_text_all_data.rdf	5:9991102:0	Test 1
table_text_all_data.rdf	5:9991103:0	Test 1
table_text_all_data.rdf	5:9991104:0	Test 7
table_text_all_data.rdf	5:9991105:0	Test 7
table_text_all_data.rdf	5:9991106:0	Test 7
table_text_all_data.rdf	5:11412201:0	Saibamen melon d'eau
table_text_all_data.rdf	5:11412204:0	Saibamen melon d'eau
table_text_all_data.rdf	5:11742401:0	Gigantesque Dragon de flamme
table_text_all_data.rdf	5:11743301:0	Dragon en tube
table_text_all_data.rdf	5:11743304:0	Dragon en tube
table_text_all_data.rdf	5:12131020:0	Giant Insect
table_text_all_data.rdf	5:12131021:0	Dead Pig
table_text_all_data.rdf	5:12131022:0	Giant Insect
table_text_all_data.rdf	5:12131023:0	Dinosaur Leader
table_text_all_data.rdf	5:15371101:0	MOB pour examen
table_text_all_data.rdf	5:15761201:0	Gigantesque Saibamen vert
table_text_all_data.rdf	5:15763201:0	L'oeil Patterné Saibamen
table_text_all_data.rdf	5:15764201:0	Saibamen Gigantesque Blindé
table_text_all_data.rdf	5:18211301:0	Pattern-moins Géant Saurs
table_text_all_data.rdf	5:18213201:0	Violent Géant Saurs
table_text_all_data.rdf	5:41621101:0	Bighorn affamé
table_text_all_data.rdf	5:42401101:0	Rizard
table_text_all_data.rdf	5:43261101:0	Poisson frais
table_text_all_data.rdf	5:43261201:0	Poisson pourri
table_text_all_data.rdf	5:44982101:0	Krillin
table_text_all_data.rdf	5:48911201:0	Loup affamé
table_text_all_data.rdf	5:48911204:0	Loup affamé
table_text_all_data.rdf	5:48912104:0	Loup affamé
table_text_all_data.rdf	5:48912201:0	Loup Bandit
table_text_all_data.rdf	5:48913201:0	Cabot affamé
table_text_all_data.rdf	6:3396:0	On va quitter dès que je pourrai marcher.
table_text_all_data.rdf	6:3397:0	Ouugh... la souffrance s'empire.
table_text_all_data.rdf	6:1211301:0	Fajita
table_text_all_data.rdf	6:1381110:0	Paragus
table_text_all_data.rdf	6:1381111:0	Mr. Popo
table_text_all_data.rdf	6:1381112:0	Uranai Baba
table_text_all_data.rdf	6:1381113:0	Dende (Earth's Guardian)
table_text_all_data.rdf	6:1381114:0	Dogi Preview Merchant
table_text_all_data.rdf	6:1381115:0	Title exchange
table_text_all_data.rdf	6:1390000:0	Vampa Entrance Machine
table_text_all_data.rdf	6:1761101:0	DEF…Hope761
table_text_all_data.rdf	6:1761102:0	DEF…Hope761B
table_text_all_data.rdf	6:1761103:0	DEF…Hope761A
table_text_all_data.rdf	6:1761104:0	DEF…Hope762A
table_text_all_data.rdf	6:1761105:0	DEF…Hope762B
table_text_all_data.rdf	6:2412501:0	Not in use
table_text_all_data.rdf	6:2413101:0	GBT-Hope01
table_text_all_data.rdf	6:2413102:0	GBT-Hope07A
table_text_all_data.rdf	6:2413103:0	GBT-Hope07B
table_text_all_data.rdf	6:2413104:0	GBT-Hope08A
table_text_all_data.rdf	6:2413105:0	GBT-Hope08B
table_text_all_data.rdf	6:2413106:0	GBT-Hope02
table_text_all_data.rdf	6:2413107:0	GBT-Hope
table_text_all_data.rdf	6:2413108:0	GBT-Hope09
table_text_all_data.rdf	6:2413109:0	GBT-Hope
table_text_all_data.rdf	6:2413110:0	GBT-Hope05
table_text_all_data.rdf	6:2413111:0	GBT-Hope04A
table_text_all_data.rdf	6:2413112:0	GBT-Hope03B
table_text_all_data.rdf	6:2413113:0	GBT-Hope06A
table_text_all_data.rdf	6:2413114:0	GBT-Hope
table_text_all_data.rdf	6:2413115:0	HOPE-02
table_text_all_data.rdf	6:2413116:0	HOPE-02
table_text_all_data.rdf	6:2413117:0	HOPE-02
table_text_all_data.rdf	6:2413118:0	HOPE-02
table_text_all_data.rdf	6:2413119:0	HOPE-02
table_text_all_data.rdf	6:2413120:0	HOPE-02
table_text_all_data.rdf	6:2413121:0	HOPE-02
table_text_all_data.rdf	6:2413122:0	HOPE-02
table_text_all_data.rdf	6:2413123:0	HOPE-02
table_text_all_data.rdf	6:2413124:0	HOPE-02
table_text_all_data.rdf	6:2413125:0	HOPE-02
table_text_all_data.rdf	6:2413126:0	HOPE-02
table_text_all_data.rdf	6:2531101:0	Gamble Test01
table_text_all_data.rdf	6:2531201:0	Gamble Test02
table_text_all_data.rdf	6:2532101:0	Gamble Test03
table_text_all_data.rdf	6:2532201:0	Gamble Test04
table_text_all_data.rdf	6:2533101:0	Gamble Test05
table_text_all_data.rdf	6:2792103:0	LTN-04
table_text_all_data.rdf	6:2801102:0	GRAND-HFI
table_text_all_data.rdf	6:3222101:0	Not in use
table_text_all_data.rdf	6:3241101:0	Not in use
table_text_all_data.rdf	6:3301106:0	Maître Roshi
table_text_all_data.rdf	6:3701220:0	Boss Script 1
table_text_all_data.rdf	6:3701221:0	Boss Script 2
table_text_all_data.rdf	6:3701222:0	Sky Dungeon 1
table_text_all_data.rdf	6:3701223:0	Sky Dungeon 2
table_text_all_data.rdf	6:3701224:0	Sky Dungeon 3
table_text_all_data.rdf	6:4371308:0	Not in use
table_text_all_data.rdf	6:4511604:0	Not in use
table_text_all_data.rdf	6:6111202:0	Pepero
table_text_all_data.rdf	6:6313101:0	Not in use
table_text_all_data.rdf	6:7073101:0	Not in use
table_text_all_data.rdf	6:7134101:0	Not in use
table_text_all_data.rdf	6:8032102:0	Not in use
table_text_all_data.rdf	6:8511110:0	Not in use
table_text_all_data.rdf	6:8512165:0	Annuh
table_text_all_data.rdf	6:9991101:0	Test 1
table_text_all_data.rdf	6:9991102:0	Test 2
table_text_all_data.rdf	6:9991103:0	Test 3
table_text_all_data.rdf	6:9991104:0	Test 4
table_text_all_data.rdf	6:9991105:0	UD-Secret
table_text_all_data.rdf	6:12113010:0	You got me some food!? 
table_text_all_data.rdf	6:12113011:0	Come here ...
table_text_all_data.rdf	6:18511030:0	O sole～O sole m\nio ～～！
table_text_all_data.rdf	6:37012200:0	Please take it easy.
table_text_all_data.rdf	6:37012210:0	Please take it easy.
table_text_all_data.rdf	6:37012220:0	Beep beep beep ~ \nSky Dungeon 1 terminal.
table_text_all_data.rdf	6:37012230:0	Beep beep beep ~ \nSky Dungeon 2 terminal.
table_text_all_data.rdf	6:37012240:0	Beep beep beep ~ \nSky Dungeon 3 terminal.
table_text_all_data.rdf	6:70811010:0	ZZZ
table_text_all_data.rdf	6:85121650:0	Welcome to Yardrat Transport! What's your destination?
table_text_all_data.rdf	6:99911050:0	test for new dungeons.
table_text_all_data.rdf	6:99911055:0	RiverZ
table_text_all_data.rdf	6:99911056:0	Ryo
table_text_all_data.rdf	6:99911057:0	Kunay
table_text_all_data.rdf	6:99911058:0	test for new dungeons.
table_text_all_data.rdf	6:99911059:0	Aizen
table_text_all_data.rdf	7:42:0	Vous pouvez utiliser la compétence de vol.
table_text_all_data.rdf	7:541:0	Vous ne pouvez plus voler.
table_text_all_data.rdf	7:542:0	Vous ne pouvez pas accélérer en volant.
table_text_all_data.rdf	7:543:0	Vous ne pouvez pas accélérer en volant.
table_text_all_data.rdf	7:544:0	Vous pouvez voler avec toutes les capacités.
table_text_all_data.rdf	7:545:0	Augmente votre maximum d'AP.
table_text_all_data.rdf	7:546:0	Augmente votre régénération d'AP.
table_text_all_data.rdf	7:24000:0	Stop！
table_text_all_data.rdf	7:24001:0	Stop！
table_text_all_data.rdf	7:26611:0	direct king
table_text_all_data.rdf	7:26621:0	direct wind
table_text_all_data.rdf	7:210120:0	Powerfull Super Saiyan
table_text_all_data.rdf	7:1510120:0	Super Saiyan Blue
table_text_all_data.rdf	7:5202512:0	BuuHan
table_text_all_data.rdf	7:5202513:0	Transform into a Mystic Majin. A being of \ndestruction with insane power. \n Your energy will power up in this form. 
table_text_all_data.rdf	7:7109611:0	Concentrate all your ki inside your stick and Prenetrate\n the ground with maximum power!
table_text_all_data.rdf	7:8107710:0	Divine Retribution
table_text_all_data.rdf	7:8107711:0	Use power of the gods to bring down this\nheavy blow and destroy the enemies around you.
table_text_all_data.rdf	7:9104611:0	Centre Your Ki and do an aura explosion all over you
table_text_all_data.rdf	7:10100211:0	Centre Your Ki and do an aura explosion all over you
table_text_all_data.rdf	7:14106711:0	The enhanced version of Piccolo Move , originally created to Defeat Saiyans!!
table_text_all_data.rdf	7:15105811:0	Use your Dende powers and Summon Sheron from Dragon's Realm!
table_text_all_data.rdf	7:20110970:0	PlayFull Dance
table_text_all_data.rdf	7:20110971:0	Dance infront of your enemies and stun them in place with your bad ass style!!
table_text_all_data.rdf	7:101060300:0	Spirit Bomb!
table_text_all_data.rdf	7:101060301:0	A North Kaioh Tecnique.
table_text_all_data.rdf	7:101060302:0	Galick-Ho!
table_text_all_data.rdf	7:101060303:0	A powerfull Vegeta Tecnique.
table_text_all_data.rdf	9:98032:0	Quête
table_text_all_data.rdf	9:98033:0	Quête
table_text_all_data.rdf	9:98034:0	Quête
table_text_all_data.rdf	9:98035:0	Quête
table_text_all_data.rdf	9:10170014:0	Clique droit pour utiliser
table_text_all_data.rdf	9:10170015:0	Clique droit pour utiliser
table_text_all_data.rdf	9:10170016:0	Clique droit pour utiliser
table_text_all_data.rdf	9:10170017:0	Clique droit pour utiliser
table_text_all_data.rdf	10:5000:0	TMQ;
table_text_all_data.rdf	10:12501:0	TMQ1-3;
table_text_all_data.rdf	10:16501:0	TMQ2-3;
table_text_all_data.rdf	10:17501:0	TMQ1-1;
table_text_all_data.rdf	10:18501:0	TMQ1-2;
table_text_all_data.rdf	10:18502:0	TMQ1-4;
table_text_all_data.rdf	10:20501:0	TMQ2-2;
table_text_all_data.rdf	10:110501:0	TMQ2-1;
table_text_all_data.rdf	10:999998:0	Kami's Lookout
table_text_all_data.rdf	10:100131000:0	KAME HOUSE
table_text_all_data.rdf	10:100132001:0	KAME HOUSE
table_text_all_data.rdf	10:100142000:0	Dojo;
table_text_all_data.rdf	10:100150000:0	DEF Test Center
table_text_all_data.rdf	10:100161000:0	KAME HOUSE
table_text_all_data.rdf	10:100161010:0	KAME HOUSE
table_text_all_data.rdf	10:100161011:0	KAME HOUSE
table_text_all_data.rdf	10:100170000:0	Kame House
table_text_all_data.rdf	10:200117021:0	Terre de l'Est;[?];[?];
table_text_all_data.rdf	10:200117023:0	Terre de l'Est;[?];[?];
table_text_all_data.rdf	10:200117032:0	Terre de l'Est;[?];[?];
table_text_all_data.rdf	10:200231000:0	KAME HOUSE;
table_text_all_data.rdf	10:200250000:0	DEF Test Center;
table_text_all_data.rdf	10:200261000:0	KAME HOUSE;
table_text_all_data.rdf	10:200261010:0	KAME HOUSE;
table_text_all_data.rdf	10:200261011:0	KAME HOUSE;
table_text_all_data.rdf	10:200270000:0	Kame House;
table_text_all_data.rdf	10:200280000:0	Hyperbolic Time Chamber;
table_text_all_data.rdf	11:99:0	GERO-21
table_text_all_data.rdf	11:347:0	GBT-Hope
table_text_all_data.rdf	12:746:0	CPU
table_text_all_data.rdf	12:4613:0	Written in an alien language, it's not known what is written inside.
table_text_all_data.rdf	13:1000:0	General
table_text_all_data.rdf	13:3203:0	SBS
table_text_all_data.rdf	13:3206:0	Leftovers de Kir
table_text_all_data.rdf	13:8015:0	HTB
table_text_all_data.rdf	13:9000:0	NPC
table_text_all_data.rdf	13:9048:0	WAL9000
table_text_all_data.rdf	13:10500:0	Named Mob
table_text_all_data.rdf	13:12000:0	Object
table_text_all_data.rdf	13:10100260:0	Récompense du fondateur Krillin
table_text_all_data.rdf	13:10100261:0	Récompense pour chaque Fondateur qui a acheté le Pack Krillin.
table_text_all_data.rdf	13:10100270:0	Récompense du fondateur de Goku
table_text_all_data.rdf	13:10100271:0	Récompense pour chaque Fondateur qui a acheté le Pack Goku.
table_text_all_data.rdf	13:10100280:0	Récompense du fondateur de Super Saiyan
table_text_all_data.rdf	13:10100281:0	Récompense pour chaque Fondateur qui a acheté le Super Saiyan Pack.
table_text_all_data.rdf	13:10100290:0	Compensation Pack
table_text_all_data.rdf	13:10100291:0	An apology compensation pack for the issues the server faced recently, Thank you for supporting KnightZ!
table_text_all_data.rdf	13:10100300:0	Daily Package (Basic)
table_text_all_data.rdf	13:10100301:0	Redeem your daily basic pack!
table_text_all_data.rdf	13:10100310:0	Daily Package  (Superior)
table_text_all_data.rdf	13:10100311:0	Redeem your daily superior pack!
table_text_all_data.rdf	13:10100320:0	Daily Package  (Excellent)
table_text_all_data.rdf	13:10100321:0	Redeem your daily excellent pack!
table_text_all_data.rdf	13:10100330:0	Daily Package  (Rare)
table_text_all_data.rdf	13:10100331:0	Redeem your daily rare pack!
table_text_all_data.rdf	13:10100340:0	Daily Package (Epic)
table_text_all_data.rdf	13:10100341:0	Redeem your daily epic pack!
table_text_all_data.rdf	13:10100350:0	Daily Package (Legendary)
table_text_all_data.rdf	13:10100351:0	Redeem your daily legendary pack!
table_text_all_data.rdf	14:200:0	Aide pour les débutants 
table_text_all_data.rdf	14:6005:0	TLQ Lv  4
table_text_all_data.rdf	14:6006:0	TLQ Lv  9
table_text_all_data.rdf	14:6007:0	TLQ Lv 14
table_text_all_data.rdf	17:2734005:0	Unleash the power of the Gods!
table_text_all_data.rdf	17:2734006:0	I shall bestow the power to you.
table_text_all_data.rdf	17:2734007:0	Super Saiyan God
table_text_all_data.rdf	24:11:0	Vous pouvez utiliser le bouton gauche de la souris ou la barre d'espace pour accélérer une conversation de PNJ.
table_text_all_data.rdf	24:103:0	Vous pouvez utiliser le bouton gauche de la souris ou la barre d'espace pour accélérer une conversation de PNJ.
table_text_all_data.rdf	25:2120030:0	La peur du grand diable, Piccolo
table_text_all_data.rdf	25:2120031:0	[br] [font size = 10 color= ffffff] Une seule ligne[/font][br] [font size = 10 color= ffffff] Double Lignes[/font][br] [font size = 11 color= ffffff] Triple Lignes[/font][br] [br] [font si = 10 color= ffdb47] Pile de vos lignes[/font][br] [font size = 10 color= ffdb47] Pile de cinq lignes[/font][br] [br]
table_quest_text_data.rdf	101	"[metatag = 5][place = ""100101000""]"
table_quest_text_data.rdf	103	[metatag = 5]1
table_quest_text_data.rdf	111	[metatag = 5]0
table_quest_text_data.rdf	112	[metatag = 5]0
table_quest_text_data.rdf	201	"[metatag = 5][place = ""100101000""]"
table_quest_text_data.rdf	203	[metatag = 5]2
table_quest_text_data.rdf	211	[metatag = 5]0
table_quest_text_data.rdf	212	[metatag = 5]260
table_quest_text_data.rdf	301	"[metatag = 5][place = ""100101000""]"
table_quest_text_data.rdf	303	[metatag = 5]1
table_quest_text_data.rdf	311	[metatag = 5]0
table_quest_text_data.rdf	312	[metatag = 5]575
table_quest_text_data.rdf	401	"[metatag = 5][place = ""100101000""]"
table_quest_text_data.rdf	403	[metatag = 5]2
table_quest_text_data.rdf	411	[metatag = 5]0
table_quest_text_data.rdf	412	[metatag = 5]760
table_quest_text_data.rdf	501	"[metatag = 5][place = ""100101000""]"
table_quest_text_data.rdf	503	[metatag = 5]1
table_quest_text_data.rdf	511	[metatag = 5]0
table_quest_text_data.rdf	512	[metatag = 5]65
table_quest_text_data.rdf	601	"[metatag = 5][place = ""100101000""]"
table_quest_text_data.rdf	602	"[metatag = 5][etc = ""3019""]"
table_quest_text_data.rdf	603	[metatag = 5]1
table_quest_text_data.rdf	611	[metatag = 5]0
table_quest_text_data.rdf	612	[metatag = 5]65
table_quest_text_data.rdf	701	"[metatag = 5][place = ""100101000""]"
table_quest_text_data.rdf	703	[metatag = 5]1
table_quest_text_data.rdf	711	[metatag = 5]0
table_quest_text_data.rdf	712	[metatag = 5]50
table_quest_text_data.rdf	801	"[metatag = 5][place = ""100101000""]"
table_quest_text_data.rdf	803	[metatag = 5]1
table_quest_text_data.rdf	811	[metatag = 5]0
table_quest_text_data.rdf	812	[metatag = 5]50
table_quest_text_data.rdf	901	"[metatag = 5][place = ""100101000""]"
table_quest_text_data.rdf	903	[metatag = 5]1
table_quest_text_data.rdf	911	[metatag = 5]0
table_quest_text_data.rdf	912	[metatag = 5]50
table_quest_text_data.rdf	1001	"[metatag = 5][place = ""100101000""]"
table_quest_text_data.rdf	1003	[metatag = 5]1
table_quest_text_data.rdf	1011	[metatag = 5]0
table_quest_text_data.rdf	1012	[metatag = 5]50
table_quest_text_data.rdf	1101	"[metatag = 5][place = ""100101000""]"
table_quest_text_data.rdf	1103	[metatag = 5]1
table_quest_text_data.rdf	1111	[metatag = 5]0
table_quest_text_data.rdf	1112	[metatag = 5]50
table_quest_text_data.rdf	1201	"[metatag = 5][place = ""100101000""]"
table_quest_text_data.rdf	1203	[metatag = 5]1
table_quest_text_data.rdf	1211	[metatag = 5]0
table_quest_text_data.rdf	1212	[metatag = 5]580
table_quest_text_data.rdf	1301	"[metatag = 5][place = ""100101000""]"
table_quest_text_data.rdf	1303	[metatag = 5]2
table_quest_text_data.rdf	1311	[metatag = 5]0
table_quest_text_data.rdf	1312	[metatag = 5]400
table_quest_text_data.rdf	1401	"[metatag = 5][place = ""100101000""]"
table_quest_text_data.rdf	1403	[metatag = 5]1
table_quest_text_data.rdf	1411	[metatag = 5]0
table_quest_text_data.rdf	1412	[metatag = 5]180
table_quest_text_data.rdf	1501	"[metatag = 5][place = ""100101000""]"
table_quest_text_data.rdf	1503	[metatag = 5]1
table_quest_text_data.rdf	1511	[metatag = 5]0
table_quest_text_data.rdf	1512	[metatag = 5]580
table_quest_text_data.rdf	1601	"[metatag = 5][place = ""100101000""]"
table_quest_text_data.rdf	1603	[metatag = 5]1
table_quest_text_data.rdf	1611	[metatag = 5]0
table_quest_text_data.rdf	1701	"[metatag = 5][place = ""100101000""]"
table_quest_text_data.rdf	1703	[metatag = 5]1
table_quest_text_data.rdf	1711	[metatag = 5]0
table_quest_text_data.rdf	1712	[metatag = 5]70
table_quest_text_data.rdf	1801	"[metatag = 5][place = ""100101000""]"
table_quest_text_data.rdf	1803	[metatag = 5]1
table_quest_text_data.rdf	1811	[metatag = 5]0
table_quest_text_data.rdf	1812	[metatag = 5]580
table_quest_text_data.rdf	1901	"[metatag = 5][place = ""100101000""]"
table_quest_text_data.rdf	1903	[metatag = 5]2
table_quest_text_data.rdf	1911	[metatag = 5]0
table_quest_text_data.rdf	1912	[metatag = 5]1230
table_quest_text_data.rdf	2001	"[metatag = 5][place = ""100101000""]"
table_quest_text_data.rdf	2003	[metatag = 5]1
table_quest_text_data.rdf	2011	[metatag = 5]0
table_quest_text_data.rdf	2012	[metatag = 5]50
table_quest_text_data.rdf	2101	"[metatag = 5][place = ""100101000""]"
table_quest_text_data.rdf	2103	[metatag = 5]1
table_quest_text_data.rdf	2111	[metatag = 5]0
table_quest_text_data.rdf	2112	[metatag = 5]50
table_quest_text_data.rdf	2201	"[metatag = 5][place = ""100101000""]"
table_quest_text_data.rdf	2203	[metatag = 5]1
table_quest_text_data.rdf	2211	[metatag = 5]0
table_quest_text_data.rdf	2301	"[metatag = 5][place = ""100101000""]"
table_quest_text_data.rdf	2303	[metatag = 5]1
table_quest_text_data.rdf	2311	[metatag = 5]0
table_quest_text_data.rdf	2312	[metatag = 5]500
table_quest_text_data.rdf	2401	"[metatag = 5][place = ""100101000""]"
table_quest_text_data.rdf	2403	[metatag = 5]1
table_quest_text_data.rdf	2411	[metatag = 5]0
table_quest_text_data.rdf	2412	[metatag = 5]1230
table_quest_text_data.rdf	2501	"[metatag = 5][place = ""100101000""]"
table_quest_text_data.rdf	2503	[metatag = 5]1
table_quest_text_data.rdf	2511	[metatag = 5]0
table_quest_text_data.rdf	2512	[metatag = 5]1230
table_quest_text_data.rdf	2601	"[metatag = 5][place = ""100101000""]"
table_quest_text_data.rdf	2603	[metatag = 5]2
table_quest_text_data.rdf	2611	[metatag = 5]0
table_quest_text_data.rdf	2612	[metatag = 5]500
table_quest_text_data.rdf	2701	"[metatag = 5][place = ""100101000""]"
table_quest_text_data.rdf	2703	[metatag = 5]1
table_quest_text_data.rdf	2711	[metatag = 5]0
table_quest_text_data.rdf	2712	[metatag = 5]500
table_quest_text_data.rdf	2801	"[metatag = 5][place = ""100101000""]"
table_quest_text_data.rdf	2803	[metatag = 5]3
table_quest_text_data.rdf	2811	[metatag = 5]0
table_quest_text_data.rdf	2812	[metatag = 5]660
table_quest_text_data.rdf	2813	[metatag = 5]1
table_quest_text_data.rdf	2901	"[metatag = 5][place = ""100101000""]"
table_quest_text_data.rdf	2903	[metatag = 5]2
table_quest_text_data.rdf	2911	[metatag = 5]0
table_quest_text_data.rdf	2912	[metatag = 5]400
table_quest_text_data.rdf	3001	"[metatag = 5][place = ""100101000""]"
table_quest_text_data.rdf	3003	[metatag = 5]1
table_quest_text_data.rdf	3011	[metatag = 5]0
table_quest_text_data.rdf	3012	[metatag = 5]150
table_quest_text_data.rdf	3101	"[metatag = 5][place = ""100101000""]"
table_quest_text_data.rdf	3103	[metatag = 5]3
table_quest_text_data.rdf	3111	[metatag = 5]0
table_quest_text_data.rdf	3112	[metatag = 5]1360
table_quest_text_data.rdf	3113	[metatag = 5]1
table_quest_text_data.rdf	3201	"[metatag = 5][place = ""100101000""]"
table_quest_text_data.rdf	3203	[metatag = 5]2
table_quest_text_data.rdf	3211	[metatag = 5]0
table_quest_text_data.rdf	3212	[metatag = 5]400
table_quest_text_data.rdf	3301	"[metatag = 5][place = ""100101000""]"
table_quest_text_data.rdf	3303	[metatag = 5]1
table_quest_text_data.rdf	3311	[metatag = 5]0
table_quest_text_data.rdf	3312	[metatag = 5]500
table_quest_text_data.rdf	3401	"[metatag = 5][place = ""100101000""]"
table_quest_text_data.rdf	3403	[metatag = 5]1
table_quest_text_data.rdf	3411	[metatag = 5]0
table_quest_text_data.rdf	3412	[metatag = 5]500
table_quest_text_data.rdf	3501	"[metatag = 5][place = ""100101000""]"
table_quest_text_data.rdf	3503	[metatag = 5]1
table_quest_text_data.rdf	3511	[metatag = 5]0
table_quest_text_data.rdf	3512	[metatag = 5]470
table_quest_text_data.rdf	3601	"[metatag = 5][place = ""100101000""]"
table_quest_text_data.rdf	3603	[metatag = 5]2
table_quest_text_data.rdf	3611	[metatag = 5]0
table_quest_text_data.rdf	3612	[metatag = 5]220
table_quest_text_data.rdf	3701	"[metatag = 5][place = ""100101000""]"
table_quest_text_data.rdf	3703	[metatag = 5]1
table_quest_text_data.rdf	3711	[metatag = 5]0
table_quest_text_data.rdf	3712	[metatag = 5]470
table_quest_text_data.rdf	3801	"[metatag = 5][place = ""100101000""]"
table_quest_text_data.rdf	3803	[metatag = 5]3
table_quest_text_data.rdf	3811	[metatag = 5]0
table_quest_text_data.rdf	3812	[metatag = 5]1220
table_quest_text_data.rdf	3901	"[metatag = 5][place = ""100101000""]"
table_quest_text_data.rdf	3903	[metatag = 5]3
table_quest_text_data.rdf	3911	[metatag = 5]0
table_quest_text_data.rdf	3912	[metatag = 5]700
table_quest_text_data.rdf	3913	[metatag = 5]1
table_quest_text_data.rdf	4001	"[metatag = 5][place = ""100101000""]"
table_quest_text_data.rdf	4003	[metatag = 5]3
table_quest_text_data.rdf	4011	[metatag = 5]0
table_quest_text_data.rdf	4012	[metatag = 5]3000
table_quest_text_data.rdf	4013	[metatag = 5]1
table_quest_text_data.rdf	4101	"[metatag = 5][place = ""100101000""]"
table_quest_text_data.rdf	4103	[metatag = 5]1
table_quest_text_data.rdf	4111	[metatag = 5]0
table_quest_text_data.rdf	4112	[metatag = 5]1165
table_quest_text_data.rdf	4201	"[metatag = 5][place = ""100101000""]"
table_quest_text_data.rdf	4203	[metatag = 5]2
table_quest_text_data.rdf	4211	[metatag = 5]0
table_quest_text_data.rdf	4212	[metatag = 5]700
table_quest_text_data.rdf	4301	"[metatag = 5][place = ""100101000""]"
table_quest_text_data.rdf	4303	[metatag = 5]1
table_quest_text_data.rdf	4311	[metatag = 5]0
table_quest_text_data.rdf	4312	[metatag = 5]280
table_quest_text_data.rdf	4327	"[metatag = 5][npc = ""3174101""]"
table_quest_text_data.rdf	4401	"[metatag = 5][place = ""100101000""]"
table_quest_text_data.rdf	4403	[metatag = 5]3
table_quest_text_data.rdf	4411	[metatag = 5]0
table_quest_text_data.rdf	4412	[metatag = 5]580
table_quest_text_data.rdf	4413	[metatag = 5]1
table_quest_text_data.rdf	4501	"[metatag = 5][place = ""100101000""]"
table_quest_text_data.rdf	4503	[metatag = 5]1
table_quest_text_data.rdf	4511	[metatag = 5]0
table_quest_text_data.rdf	4512	[metatag = 5]1070
table_quest_text_data.rdf	4601	"[metatag = 5][place = ""100101000""]"
table_quest_text_data.rdf	4603	[metatag = 5]1
table_quest_text_data.rdf	4611	[metatag = 5]0
table_quest_text_data.rdf	4612	[metatag = 5]240
table_quest_text_data.rdf	4701	"[metatag = 5][place = ""100101000""]"
table_quest_text_data.rdf	4703	[metatag = 5]1
table_quest_text_data.rdf	4711	[metatag = 5]0
table_quest_text_data.rdf	4712	[metatag = 5]780
table_quest_text_data.rdf	4801	"[metatag = 5][place = ""100101000""]"
table_quest_text_data.rdf	4803	[metatag = 5]1
table_quest_text_data.rdf	4811	[metatag = 5]0
table_quest_text_data.rdf	4812	[metatag = 5]620
table_quest_text_data.rdf	4901	"[metatag = 5][place = ""100101000""]"
table_quest_text_data.rdf	4903	[metatag = 5]2
table_quest_text_data.rdf	4911	[metatag = 5]0
table_quest_text_data.rdf	4912	[metatag = 5]560
table_quest_text_data.rdf	5001	"[metatag = 5][place = ""100101000""]"
table_quest_text_data.rdf	5003	[metatag = 5]1
table_quest_text_data.rdf	5011	[metatag = 5]0
table_quest_text_data.rdf	5012	[metatag = 5]260
table_quest_text_data.rdf	5101	"[metatag = 5][place = ""100101000""]"
table_quest_text_data.rdf	5103	[metatag = 5]3
table_quest_text_data.rdf	5111	[metatag = 5]0
table_quest_text_data.rdf	5112	[metatag = 5]850
table_quest_text_data.rdf	5113	[metatag = 5]1
table_quest_text_data.rdf	5201	"[metatag = 5][place = ""100101000""]"
table_quest_text_data.rdf	5203	[metatag = 5]1
table_quest_text_data.rdf	5211	[metatag = 5]0
table_quest_text_data.rdf	5212	[metatag = 5]0
table_quest_text_data.rdf	5301	"[metatag = 5][place = ""100101000""]"
table_quest_text_data.rdf	5303	[metatag = 5]3
table_quest_text_data.rdf	5311	[metatag = 5]0
table_quest_text_data.rdf	5312	[metatag = 5]25
table_quest_text_data.rdf	5401	"[metatag = 5][place = ""100101000""]"
table_quest_text_data.rdf	5403	[metatag = 5]2
table_quest_text_data.rdf	5411	[metatag = 5]0
table_quest_text_data.rdf	5412	[metatag = 5]330
table_quest_text_data.rdf	5501	"[metatag = 5][place = ""100101000""]"
table_quest_text_data.rdf	5503	[metatag = 5]2
table_quest_text_data.rdf	5511	[metatag = 5]0
table_quest_text_data.rdf	5512	[metatag = 5]300
table_quest_text_data.rdf	5601	"[metatag = 5][place = ""100101000""]"
table_quest_text_data.rdf	5603	[metatag = 5]2
table_quest_text_data.rdf	5611	[metatag = 5]0
table_quest_text_data.rdf	5612	[metatag = 5]470
table_quest_text_data.rdf	5701	"[metatag = 5][place = ""100101000""]"
table_quest_text_data.rdf	5703	[metatag = 5]1
table_quest_text_data.rdf	5711	[metatag = 5]0
table_quest_text_data.rdf	5712	[metatag = 5]0
table_quest_text_data.rdf	5801	"[metatag = 5][place = ""100101000""]"
table_quest_text_data.rdf	5803	[metatag = 5]3
table_quest_text_data.rdf	5811	[metatag = 5]0
table_quest_text_data.rdf	5812	[metatag = 5]150
table_quest_text_data.rdf	5813	[metatag = 5]1
table_quest_text_data.rdf	5901	"[metatag = 5][place = ""100101000""]"
table_quest_text_data.rdf	5903	[metatag = 5]1
table_quest_text_data.rdf	5911	[metatag = 5]0
table_quest_text_data.rdf	5912	[metatag = 5]50
table_quest_text_data.rdf	6001	"[metatag = 5][place = ""100101000""]"
table_quest_text_data.rdf	6003	[metatag = 5]1
table_quest_text_data.rdf	6011	[metatag = 5]0
table_quest_text_data.rdf	6012	[metatag = 5]50
table_quest_text_data.rdf	6101	"[metatag = 5][place = ""100101000""]"
table_quest_text_data.rdf	6103	[metatag = 5]1
table_quest_text_data.rdf	6111	[metatag = 5]0
table_quest_text_data.rdf	6201	"[metatag = 5][place = ""100101000""]"
table_quest_text_data.rdf	6203	[metatag = 5]1
table_quest_text_data.rdf	6211	[metatag = 5]0
table_quest_text_data.rdf	6212	[metatag = 5]50
table_quest_text_data.rdf	6301	"[metatag = 5][place = ""100101000""]"
table_quest_text_data.rdf	6303	[metatag = 5]1
table_quest_text_data.rdf	6311	[metatag = 5]0
table_quest_text_data.rdf	6312	[metatag = 5]50
table_quest_text_data.rdf	6401	"[metatag = 5][place = ""100101000""]"
table_quest_text_data.rdf	6403	[metatag = 5]1
table_quest_text_data.rdf	6411	[metatag = 5]0
table_quest_text_data.rdf	6501	"[metatag = 5][place = ""100101000""]"
table_quest_text_data.rdf	6503	[metatag = 5]1
table_quest_text_data.rdf	6511	[metatag = 5]0
table_quest_text_data.rdf	6512	[metatag = 5]50
table_quest_text_data.rdf	6601	"[metatag = 5][place = ""100101000""]"
table_quest_text_data.rdf	6603	[metatag = 5]1
table_quest_text_data.rdf	6611	[metatag = 5]0
table_quest_text_data.rdf	6612	[metatag = 5]50
table_quest_text_data.rdf	6701	"[metatag = 5][place = ""100101000""]"
table_quest_text_data.rdf	6702	"[metatag = 5][questItem = ""4""]"
table_quest_text_data.rdf	6703	[metatag = 5]1
table_quest_text_data.rdf	6711	[metatag = 5]0
table_quest_text_data.rdf	6712	[metatag = 5]50
table_quest_text_data.rdf	6801	"[metatag = 5][place = ""100101000""]"
table_quest_text_data.rdf	6803	[metatag = 5]3
table_quest_text_data.rdf	6811	[metatag = 5]0
table_quest_text_data.rdf	6812	[metatag = 5]430
table_quest_text_data.rdf	6813	[metatag = 5]1
table_quest_text_data.rdf	6901	"[metatag = 5][place = ""100101000""]"
table_quest_text_data.rdf	6903	[metatag = 5]1
table_quest_text_data.rdf	6911	[metatag = 5]0
table_quest_text_data.rdf	6912	[metatag = 5]70
table_quest_text_data.rdf	7001	"[metatag = 5][place = ""100101000""]"
table_quest_text_data.rdf	7003	[metatag = 5]2
table_quest_text_data.rdf	7011	[metatag = 5]0
table_quest_text_data.rdf	7012	[metatag = 5]330
table_quest_text_data.rdf	7101	"[metatag = 5][place = ""100101000""]"
table_quest_text_data.rdf	7103	[metatag = 5]1
table_quest_text_data.rdf	7111	[metatag = 5]0
table_quest_text_data.rdf	7112	[metatag = 5]50
table_quest_text_data.rdf	7201	"[metatag = 5][place = ""100101000""]"
table_quest_text_data.rdf	7203	[metatag = 5]1
table_quest_text_data.rdf	7211	[metatag = 5]0
table_quest_text_data.rdf	7212	[metatag = 5]450
table_quest_text_data.rdf	7301	"[metatag = 5][place = ""100101000""]"
table_quest_text_data.rdf	7303	[metatag = 5]2
table_quest_text_data.rdf	7311	[metatag = 5]0
table_quest_text_data.rdf	7312	[metatag = 5]1000
table_quest_text_data.rdf	7401	"[metatag = 5][place = ""100101000""]"
table_quest_text_data.rdf	7403	[metatag = 5]1
table_quest_text_data.rdf	7411	[metatag = 5]0
table_quest_text_data.rdf	7412	[metatag = 5]640
table_quest_text_data.rdf	7501	"[metatag = 5][place = ""100101000""]"
table_quest_text_data.rdf	7503	[metatag = 5]1
table_quest_text_data.rdf	7511	[metatag = 5]0
table_quest_text_data.rdf	7512	[metatag = 5]1120
table_quest_text_data.rdf	7601	"[metatag = 5][place = ""100101000""]"
table_quest_text_data.rdf	7603	[metatag = 5]2
table_quest_text_data.rdf	7611	[metatag = 5]0
table_quest_text_data.rdf	7612	[metatag = 5]690
table_quest_text_data.rdf	7701	"[metatag = 5][place = ""100101000""]"
table_quest_text_data.rdf	7703	[metatag = 5]3
table_quest_text_data.rdf	7711	[metatag = 5]0
table_quest_text_data.rdf	7712	[metatag = 5]780
table_quest_text_data.rdf	7713	[metatag = 5]1
table_quest_text_data.rdf	7801	"[metatag = 5][place = ""100101000""]"
table_quest_text_data.rdf	7803	[metatag = 5]1
table_quest_text_data.rdf	7811	[metatag = 5]0
table_quest_text_data.rdf	7812	[metatag = 5]640
table_quest_text_data.rdf	7901	"[metatag = 5][place = ""100101000""]"
table_quest_text_data.rdf	7903	[metatag = 5]1
table_quest_text_data.rdf	7911	[metatag = 5]0
table_quest_text_data.rdf	7912	[metatag = 5]640
table_quest_text_data.rdf	8001	"[metatag = 5][place = ""100101000""]"
table_quest_text_data.rdf	8003	[metatag = 5]2
table_quest_text_data.rdf	8011	[metatag = 5]0
table_quest_text_data.rdf	8012	[metatag = 5]1250
table_quest_text_data.rdf	8101	"[metatag = 5][place = ""100101000""]"
table_quest_text_data.rdf	8103	[metatag = 5]1
table_quest_text_data.rdf	8111	[metatag = 5]0
table_quest_text_data.rdf	8112	[metatag = 5]640
table_quest_text_data.rdf	8201	"[metatag = 5][place = ""100101000""]"
table_quest_text_data.rdf	8203	[metatag = 5]1
table_quest_text_data.rdf	8211	[metatag = 5]0
table_quest_text_data.rdf	8212	[metatag = 5]820
table_quest_text_data.rdf	8301	"[metatag = 5][place = ""100101000""]"
table_quest_text_data.rdf	8303	[metatag = 5]2
table_quest_text_data.rdf	8311	[metatag = 5]0
table_quest_text_data.rdf	8312	[metatag = 5]290
table_quest_text_data.rdf	8401	"[metatag = 5][place = ""100101000""]"
table_quest_text_data.rdf	8403	[metatag = 5]2
table_quest_text_data.rdf	8411	[metatag = 5]0
table_quest_text_data.rdf	8412	[metatag = 5]470
table_quest_text_data.rdf	8501	"[metatag = 5][place = ""100101000""]"
table_quest_text_data.rdf	8503	[metatag = 5]1
table_quest_text_data.rdf	8511	[metatag = 5]0
table_quest_text_data.rdf	8512	[metatag = 5]820
table_quest_text_data.rdf	8601	"[metatag = 5][place = ""100101000""]"
table_quest_text_data.rdf	8603	[metatag = 5]2
table_quest_text_data.rdf	8611	[metatag = 5]0
table_quest_text_data.rdf	8612	[metatag = 5]760
table_quest_text_data.rdf	8701	"[metatag = 5][place = ""100101000""]"
table_quest_text_data.rdf	8703	[metatag = 5]1
table_quest_text_data.rdf	8711	[metatag = 5]0
table_quest_text_data.rdf	8712	[metatag = 5]0
table_quest_text_data.rdf	8801	"[metatag = 5][place = ""100101000""]"
table_quest_text_data.rdf	8803	[metatag = 5]1
table_quest_text_data.rdf	8811	[metatag = 5]0
table_quest_text_data.rdf	8812	[metatag = 5]0
table_quest_text_data.rdf	8901	"[metatag = 5][place = ""100101000""]"
table_quest_text_data.rdf	8903	[metatag = 5]1
table_quest_text_data.rdf	8911	[metatag = 5]0
table_quest_text_data.rdf	8912	[metatag = 5]0
table_quest_text_data.rdf	9001	"[metatag = 5][place = ""100101000""]"
table_quest_text_data.rdf	9003	[metatag = 5]1
table_quest_text_data.rdf	9011	[metatag = 5]0
table_quest_text_data.rdf	9101	"[metatag = 5][place = ""100101000""]"
table_quest_text_data.rdf	9103	[metatag = 5]1
table_quest_text_data.rdf	9111	[metatag = 5]0
table_quest_text_data.rdf	9112	[metatag = 5]370
table_quest_text_data.rdf	9201	"[metatag = 5][place = ""100101000""]"
table_quest_text_data.rdf	9203	[metatag = 5]2
table_quest_text_data.rdf	9211	[metatag = 5]0
table_quest_text_data.rdf	9212	[metatag = 5]400
table_quest_text_data.rdf	9301	"[metatag = 5][place = ""100101000""]"
table_quest_text_data.rdf	9303	[metatag = 5]2
table_quest_text_data.rdf	9311	[metatag = 5]0
table_quest_text_data.rdf	9312	[metatag = 5]190
table_quest_text_data.rdf	9401	"[metatag = 5][place = ""100101000""]"
table_quest_text_data.rdf	9403	[metatag = 5]1
table_quest_text_data.rdf	9411	[metatag = 5]0
table_quest_text_data.rdf	9501	"[metatag = 5][place = ""100101000""]"
table_quest_text_data.rdf	9503	[metatag = 5]1
table_quest_text_data.rdf	9511	[metatag = 5]0
table_quest_text_data.rdf	9601	"[metatag = 5][place = ""100101000""]"
table_quest_text_data.rdf	9603	[metatag = 5]2
table_quest_text_data.rdf	9611	[metatag = 5]0
table_quest_text_data.rdf	9612	[metatag = 5]190
table_quest_text_data.rdf	9701	"[metatag = 5][place = ""100101000""]"
table_quest_text_data.rdf	9703	[metatag = 5]2
table_quest_text_data.rdf	9711	[metatag = 5]0
table_quest_text_data.rdf	9801	"[metatag = 5][place = ""100101000""]"
table_quest_text_data.rdf	9803	[metatag = 5]1
table_quest_text_data.rdf	9811	[metatag = 5]0
table_quest_text_data.rdf	9812	[metatag = 5]290
table_quest_text_data.rdf	9901	"[metatag = 5][place = ""100101000""]"
table_quest_text_data.rdf	9903	[metatag = 5]1
table_quest_text_data.rdf	9911	[metatag = 5]0
table_quest_text_data.rdf	9912	[metatag = 5]370
table_quest_text_data.rdf	10001	"[metatag = 5][place = ""100101000""]"
table_quest_text_data.rdf	10003	[metatag = 5]1
table_quest_text_data.rdf	10011	[metatag = 5]0
table_quest_text_data.rdf	10012	[metatag = 5]370
table_quest_text_data.rdf	10101	"[metatag = 5][place = ""100101000""]"
table_quest_text_data.rdf	10103	[metatag = 5]3
table_quest_text_data.rdf	10111	[metatag = 5]0
table_quest_text_data.rdf	10112	[metatag = 5]680
table_quest_text_data.rdf	10113	[metatag = 5]1
table_quest_text_data.rdf	10201	"[metatag = 5][place = ""100101000""]"
table_quest_text_data.rdf	10203	[metatag = 5]2
table_quest_text_data.rdf	10211	[metatag = 5]0
table_quest_text_data.rdf	10212	[metatag = 5]100
table_quest_text_data.rdf	10215	"[metatag = 5][mob = ""2914101""]"
table_quest_text_data.rdf	10301	"[metatag = 5][place = ""100101000""]"
table_quest_text_data.rdf	10303	[metatag = 5]2
table_quest_text_data.rdf	10311	[metatag = 5]0
table_quest_text_data.rdf	10401	"[metatag = 5][place = ""100101000""]"
table_quest_text_data.rdf	10403	[metatag = 5]1
table_quest_text_data.rdf	10411	[metatag = 5]0
table_quest_text_data.rdf	10501	"[metatag = 5][place = ""100101000""]"
table_quest_text_data.rdf	10503	[metatag = 5]2
table_quest_text_data.rdf	10511	[metatag = 5]0
table_quest_text_data.rdf	10512	[metatag = 5]600
table_quest_text_data.rdf	10601	"[metatag = 5][place = ""100101000""]"
table_quest_text_data.rdf	10603	[metatag = 5]1
table_quest_text_data.rdf	10611	[metatag = 5]0
table_quest_text_data.rdf	10612	[metatag = 5]335
table_quest_text_data.rdf	10701	"[metatag = 5][place = ""100101000""]"
table_quest_text_data.rdf	10703	[metatag = 5]3
table_quest_text_data.rdf	10711	[metatag = 5]0
table_quest_text_data.rdf	10712	[metatag = 5]400
table_quest_text_data.rdf	10801	"[metatag = 5][place = ""100101000""]"
table_quest_text_data.rdf	10803	[metatag = 5]2
table_quest_text_data.rdf	10811	[metatag = 5]0
table_quest_text_data.rdf	10812	[metatag = 5]940
table_quest_text_data.rdf	10901	"[metatag = 5][place = ""100101000""]"
table_quest_text_data.rdf	10903	[metatag = 5]1
table_quest_text_data.rdf	10911	[metatag = 5]0
table_quest_text_data.rdf	10912	[metatag = 5]50
table_quest_text_data.rdf	11001	"[metatag = 5][place = ""100101000""]"
table_quest_text_data.rdf	11003	[metatag = 5]1
table_quest_text_data.rdf	11011	[metatag = 5]0
table_quest_text_data.rdf	11012	[metatag = 5]0
table_quest_text_data.rdf	11101	"[metatag = 5][place = ""100101000""]"
table_quest_text_data.rdf	11103	[metatag = 5]3
table_quest_text_data.rdf	11111	[metatag = 5]0
table_quest_text_data.rdf	11112	[metatag = 5]1280
table_quest_text_data.rdf	11113	[metatag = 5]1
table_quest_text_data.rdf	11201	"[metatag = 5][place = ""100101000""]"
table_quest_text_data.rdf	11203	[metatag = 5]1
table_quest_text_data.rdf	11211	[metatag = 5]0
table_quest_text_data.rdf	11301	"[metatag = 5][place = ""100101000""]"
table_quest_text_data.rdf	11303	[metatag = 5]2
table_quest_text_data.rdf	11311	[metatag = 5]0
table_quest_text_data.rdf	11312	[metatag = 5]220
table_quest_text_data.rdf	11401	"[metatag = 5][place = ""100101000""]"
table_quest_text_data.rdf	11403	[metatag = 5]2
table_quest_text_data.rdf	11411	[metatag = 5]0
table_quest_text_data.rdf	11412	[metatag = 5]0
table_quest_text_data.rdf	11501	"[metatag = 5][place = ""100101000""]"
table_quest_text_data.rdf	11503	[metatag = 5]2
table_quest_text_data.rdf	11511	[metatag = 5]0
table_quest_text_data.rdf	11512	[metatag = 5]0
table_quest_text_data.rdf	11601	"[metatag = 5][place = ""100101000""]"
table_quest_text_data.rdf	11603	[metatag = 5]2
table_quest_text_data.rdf	11611	[metatag = 5]0
table_quest_text_data.rdf	11612	[metatag = 5]0
table_quest_text_data.rdf	11701	"[metatag = 5][place = ""100101000""]"
table_quest_text_data.rdf	11703	[metatag = 5]1
table_quest_text_data.rdf	11711	[metatag = 5]0
table_quest_text_data.rdf	11801	"[metatag = 5][place = ""100101000""]"
table_quest_text_data.rdf	11803	[metatag = 5]2
table_quest_text_data.rdf	11811	[metatag = 5]0
table_quest_text_data.rdf	11812	[metatag = 5]350
table_quest_text_data.rdf	11901	"[metatag = 5][place = ""100101000""]"
table_quest_text_data.rdf	11903	[metatag = 5]2
table_quest_text_data.rdf	11911	[metatag = 5]0
table_quest_text_data.rdf	11912	[metatag = 5]200
table_quest_text_data.rdf	12001	"[metatag = 5][place = ""100101000""]"
table_quest_text_data.rdf	12003	[metatag = 5]3
table_quest_text_data.rdf	12011	[metatag = 5]0
table_quest_text_data.rdf	12012	[metatag = 5]710
table_quest_text_data.rdf	12013	[metatag = 5]1
table_quest_text_data.rdf	12101	"[metatag = 5][place = ""100101000""]"
table_quest_text_data.rdf	12103	[metatag = 5]1
table_quest_text_data.rdf	12111	[metatag = 5]0
table_quest_text_data.rdf	12112	[metatag = 5]800
table_quest_text_data.rdf	12201	"[metatag = 5][place = ""100101000""]"
table_quest_text_data.rdf	12203	[metatag = 5]1
table_quest_text_data.rdf	12211	[metatag = 5]0
table_quest_text_data.rdf	12212	[metatag = 5]1200
table_quest_text_data.rdf	12301	"[metatag = 5][place = ""100101000""]"
table_quest_text_data.rdf	12303	[metatag = 5]2
table_quest_text_data.rdf	12311	[metatag = 5]0
table_quest_text_data.rdf	12312	[metatag = 5]1380
table_quest_text_data.rdf	12401	"[metatag = 5][place = ""100101000""]"
table_quest_text_data.rdf	12403	[metatag = 5]1
table_quest_text_data.rdf	12411	[metatag = 5]0
table_quest_text_data.rdf	12412	[metatag = 5]25
table_quest_text_data.rdf	12501	"[metatag = 5][place = ""100101000""]"
table_quest_text_data.rdf	12503	[metatag = 5]3
table_quest_text_data.rdf	12511	[metatag = 5]0
table_quest_text_data.rdf	12512	[metatag = 5]1130
table_quest_text_data.rdf	12513	[metatag = 5]1
table_quest_text_data.rdf	12601	"[metatag = 5][place = ""100101000""]"
table_quest_text_data.rdf	12603	[metatag = 5]1
table_quest_text_data.rdf	12611	[metatag = 5]0
table_quest_text_data.rdf	12612	[metatag = 5]270
table_quest_text_data.rdf	12701	"[metatag = 5][place = ""100101000""]"
table_quest_text_data.rdf	12703	[metatag = 5]1
table_quest_text_data.rdf	12711	[metatag = 5]0
table_quest_text_data.rdf	12712	[metatag = 5]270
table_quest_text_data.rdf	12801	"[metatag = 5][place = ""100101000""]"
table_quest_text_data.rdf	12803	[metatag = 5]2
table_quest_text_data.rdf	12811	[metatag = 5]0
table_quest_text_data.rdf	12812	[metatag = 5]760
table_quest_text_data.rdf	12901	"[metatag = 5][place = ""100101000""]"
table_quest_text_data.rdf	12903	[metatag = 5]2
table_quest_text_data.rdf	12911	[metatag = 5]0
table_quest_text_data.rdf	12912	[metatag = 5]580
table_quest_text_data.rdf	13001	"[metatag = 5][place = ""100101000""]"
table_quest_text_data.rdf	13003	[metatag = 5]1
table_quest_text_data.rdf	13007	[metatag = 5]…
table_quest_text_data.rdf	13009	[metatag = 5]…
table_quest_text_data.rdf	13011	[metatag = 5]0
table_quest_text_data.rdf	13012	[metatag = 5]460
table_quest_text_data.rdf	13101	"[metatag = 5][place = ""100101000""]"
table_quest_text_data.rdf	13103	[metatag = 5]1
table_quest_text_data.rdf	13111	[metatag = 5]0
table_quest_text_data.rdf	13112	[metatag = 5]790
table_quest_text_data.rdf	13201	"[metatag = 5][place = ""100101000""]"
table_quest_text_data.rdf	13203	[metatag = 5]2
table_quest_text_data.rdf	13211	[metatag = 5]0
table_quest_text_data.rdf	13212	[metatag = 5]1460
table_quest_text_data.rdf	13301	"[metatag = 5][place = ""100101000""]"
table_quest_text_data.rdf	13303	[metatag = 5]1
table_quest_text_data.rdf	13311	[metatag = 5]0
table_quest_text_data.rdf	13312	[metatag = 5]390
table_quest_text_data.rdf	13401	"[metatag = 5][place = ""100101000""]"
table_quest_text_data.rdf	13403	[metatag = 5]1
table_quest_text_data.rdf	13411	[metatag = 5]0
table_quest_text_data.rdf	13412	[metatag = 5]1105
table_quest_text_data.rdf	13501	"[metatag = 5][place = ""100101000""]"
table_quest_text_data.rdf	13503	[metatag = 5]1
table_quest_text_data.rdf	13511	[metatag = 5]0
table_quest_text_data.rdf	13512	[metatag = 5]1305
table_quest_text_data.rdf	13601	"[metatag = 5][place = ""100101000""]"
table_quest_text_data.rdf	13603	[metatag = 5]1
table_quest_text_data.rdf	13611	[metatag = 5]0
table_quest_text_data.rdf	13612	[metatag = 5]815
table_quest_text_data.rdf	13701	"[metatag = 5][place = ""100101000""]"
table_quest_text_data.rdf	13703	[metatag = 5]2
table_quest_text_data.rdf	13711	[metatag = 5]0
table_quest_text_data.rdf	13712	[metatag = 5]890
table_quest_text_data.rdf	13801	"[metatag = 5][place = ""100101000""]"
table_quest_text_data.rdf	13802	"[metatag = 5][questItem = ""441""]"
table_quest_text_data.rdf	13803	[metatag = 5]1
table_quest_text_data.rdf	13811	[metatag = 5]0
table_quest_text_data.rdf	13812	[metatag = 5]50
table_quest_text_data.rdf	13901	"[metatag = 5][place = ""100101000""]"
table_quest_text_data.rdf	13903	[metatag = 5]2
table_quest_text_data.rdf	13911	[metatag = 5]0
table_quest_text_data.rdf	13912	[metatag = 5]550
table_quest_text_data.rdf	14001	"[metatag = 5][place = ""100101000""]"
table_quest_text_data.rdf	14003	[metatag = 5]2
table_quest_text_data.rdf	14011	[metatag = 5]0
table_quest_text_data.rdf	14012	[metatag = 5]1100
table_quest_text_data.rdf	14101	"[metatag = 5][place = ""100101000""]"
table_quest_text_data.rdf	14103	[metatag = 5]1
table_quest_text_data.rdf	14111	[metatag = 5]0
table_quest_text_data.rdf	14112	[metatag = 5]70
table_quest_text_data.rdf	14201	"[metatag = 5][place = ""100101000""]"
table_quest_text_data.rdf	14203	[metatag = 5]3
table_quest_text_data.rdf	14211	[metatag = 5]0
table_quest_text_data.rdf	14212	[metatag = 5]1120
table_quest_text_data.rdf	14301	"[metatag = 5][place = ""100101000""]"
table_quest_text_data.rdf	14303	[metatag = 5]2
table_quest_text_data.rdf	14311	[metatag = 5]0
table_quest_text_data.rdf	14312	[metatag = 5]1030
table_quest_text_data.rdf	14401	"[metatag = 5][place = ""100101000""]"
table_quest_text_data.rdf	14403	[metatag = 5]1
table_quest_text_data.rdf	14411	[metatag = 5]0
table_quest_text_data.rdf	14501	"[metatag = 5][place = ""100101000""]"
table_quest_text_data.rdf	14503	[metatag = 5]1
table_quest_text_data.rdf	14511	[metatag = 5]0
table_quest_text_data.rdf	14512	[metatag = 5]75
table_quest_text_data.rdf	14601	"[metatag = 5][place = ""100101000""]"
table_quest_text_data.rdf	14603	[metatag = 5]1
table_quest_text_data.rdf	14611	[metatag = 5]0
table_quest_text_data.rdf	14701	"[metatag = 5][place = ""100101000""]"
table_quest_text_data.rdf	14703	[metatag = 5]1
table_quest_text_data.rdf	14711	[metatag = 5]0
table_quest_text_data.rdf	14712	[metatag = 5]70
table_quest_text_data.rdf	14801	"[metatag = 5][place = ""100101000""]"
table_quest_text_data.rdf	14803	[metatag = 5]1
table_quest_text_data.rdf	14811	[metatag = 5]0
table_quest_text_data.rdf	14812	[metatag = 5]50
table_quest_text_data.rdf	14901	"[metatag = 5][place = ""100101000""]"
table_quest_text_data.rdf	14903	[metatag = 5]1
table_quest_text_data.rdf	14911	[metatag = 5]0
table_quest_text_data.rdf	14912	[metatag = 5]100
table_quest_text_data.rdf	15001	"[metatag = 5][place = ""100101000""]"
table_quest_text_data.rdf	15003	[metatag = 5]1
table_quest_text_data.rdf	15007	[metatag = 5]…
table_quest_text_data.rdf	15009	[metatag = 5]…
table_quest_text_data.rdf	15011	[metatag = 5]0
table_quest_text_data.rdf	15012	[metatag = 5]355
table_quest_text_data.rdf	15101	"[metatag = 5][place = ""100101000""]"
table_quest_text_data.rdf	15103	[metatag = 5]1
table_quest_text_data.rdf	15111	[metatag = 5]0
table_quest_text_data.rdf	15112	[metatag = 5]850
table_quest_text_data.rdf	15201	"[metatag = 5][place = ""100101000""]"
table_quest_text_data.rdf	15203	[metatag = 5]2
table_quest_text_data.rdf	15211	[metatag = 5]0
table_quest_text_data.rdf	15212	[metatag = 5]500
table_quest_text_data.rdf	15301	"[metatag = 5][place = ""100101000""]"
table_quest_text_data.rdf	15303	[metatag = 5]2
table_quest_text_data.rdf	15311	[metatag = 5]0
table_quest_text_data.rdf	15312	[metatag = 5]1160
table_quest_text_data.rdf	15401	"[metatag = 5][place = ""100101000""]"
table_quest_text_data.rdf	15403	[metatag = 5]1
table_quest_text_data.rdf	15411	[metatag = 5]0
table_quest_text_data.rdf	15412	[metatag = 5]580
table_quest_text_data.rdf	15501	"[metatag = 5][place = ""100101000""]"
table_quest_text_data.rdf	15503	[metatag = 5]1
table_quest_text_data.rdf	15511	[metatag = 5]0
table_quest_text_data.rdf	15512	[metatag = 5]265
table_quest_text_data.rdf	15601	"[metatag = 5][place = ""100101000""]"
table_quest_text_data.rdf	15603	[metatag = 5]3
table_quest_text_data.rdf	15611	[metatag = 5]0
table_quest_text_data.rdf	15612	[metatag = 5]1100
table_quest_text_data.rdf	15613	[metatag = 5]1
table_quest_text_data.rdf	15701	"[metatag = 5][place = ""100101000""]"
table_quest_text_data.rdf	15703	[metatag = 5]2
table_quest_text_data.rdf	15711	[metatag = 5]0
table_quest_text_data.rdf	15712	[metatag = 5]1160
table_quest_text_data.rdf	15801	"[metatag = 5][place = ""100101000""]"
table_quest_text_data.rdf	15803	[metatag = 5]1
table_quest_text_data.rdf	15811	[metatag = 5]0
table_quest_text_data.rdf	15812	[metatag = 5]855
table_quest_text_data.rdf	15901	"[metatag = 5][place = ""100101000""]"
table_quest_text_data.rdf	15903	[metatag = 5]1
table_quest_text_data.rdf	15911	[metatag = 5]0
table_quest_text_data.rdf	15912	[metatag = 5]900
table_quest_text_data.rdf	16001	"[metatag = 5][place = ""100101000""]"
table_quest_text_data.rdf	16003	[metatag = 5]3
table_quest_text_data.rdf	16011	[metatag = 5]0
table_quest_text_data.rdf	16012	[metatag = 5]700
table_quest_text_data.rdf	16101	"[metatag = 5][place = ""100101000""]"
table_quest_text_data.rdf	16103	[metatag = 5]3
table_quest_text_data.rdf	16111	[metatag = 5]0
table_quest_text_data.rdf	16112	[metatag = 5]1050
table_quest_text_data.rdf	16201	"[metatag = 5][place = ""100101000""]"
table_quest_text_data.rdf	16203	[metatag = 5]3
table_quest_text_data.rdf	16211	[metatag = 5]0
table_quest_text_data.rdf	16212	[metatag = 5]1490
table_quest_text_data.rdf	16301	"[metatag = 5][place = ""100101000""]"
table_quest_text_data.rdf	16303	[metatag = 5]1
table_quest_text_data.rdf	16311	[metatag = 5]0
table_quest_text_data.rdf	16312	[metatag = 5]380
table_quest_text_data.rdf	16401	"[metatag = 5][place = ""100101000""]"
table_quest_text_data.rdf	16403	[metatag = 5]3
table_quest_text_data.rdf	16411	[metatag = 5]0
table_quest_text_data.rdf	16412	[metatag = 5]1240
table_quest_text_data.rdf	16501	"[metatag = 5][place = ""100101000""]"
table_quest_text_data.rdf	16503	[metatag = 5]3
table_quest_text_data.rdf	16511	[metatag = 5]0
table_quest_text_data.rdf	16512	[metatag = 5]25
table_quest_text_data.rdf	16513	[metatag = 5]1
table_quest_text_data.rdf	16601	"[metatag = 5][place = ""100101000""]"
table_quest_text_data.rdf	16603	[metatag = 5]3
table_quest_text_data.rdf	16611	[metatag = 5]0
table_quest_text_data.rdf	16612	[metatag = 5]25
table_quest_text_data.rdf	16613	[metatag = 5]1
table_quest_text_data.rdf	16701	"[metatag = 5][place = ""100101000""]"
table_quest_text_data.rdf	16703	[metatag = 5]3
table_quest_text_data.rdf	16711	[metatag = 5]0
table_quest_text_data.rdf	16712	[metatag = 5]25
table_quest_text_data.rdf	16713	[metatag = 5]1
table_quest_text_data.rdf	16801	"[metatag = 5][place = ""100101000""]"
table_quest_text_data.rdf	16803	[metatag = 5]2
table_quest_text_data.rdf	16811	[metatag = 5]0
table_quest_text_data.rdf	16812	[metatag = 5]570
table_quest_text_data.rdf	16901	"[metatag = 5][place = ""100101000""]"
table_quest_text_data.rdf	16903	[metatag = 5]1
table_quest_text_data.rdf	16911	[metatag = 5]0
table_quest_text_data.rdf	16912	[metatag = 5]900
table_quest_text_data.rdf	17001	"[metatag = 5][place = ""100101000""]"
table_quest_text_data.rdf	17003	[metatag = 5]3
table_quest_text_data.rdf	17011	[metatag = 5]0
table_quest_text_data.rdf	17012	[metatag = 5]900
table_quest_text_data.rdf	17013	[metatag = 5]3
table_quest_text_data.rdf	17101	"[metatag = 5][place = ""100101000""]"
table_quest_text_data.rdf	17103	[metatag = 5]1
table_quest_text_data.rdf	17111	[metatag = 5]0
table_quest_text_data.rdf	17112	[metatag = 5]50
table_quest_text_data.rdf	17201	"[metatag = 5][place = ""100101000""]"
table_quest_text_data.rdf	17203	[metatag = 5]1
table_quest_text_data.rdf	17211	[metatag = 5]0
table_quest_text_data.rdf	17212	[metatag = 5]1800
table_quest_text_data.rdf	17301	"[metatag = 5][place = ""100101000""]"
table_quest_text_data.rdf	17303	[metatag = 5]3
table_quest_text_data.rdf	17311	[metatag = 5]0
table_quest_text_data.rdf	17312	[metatag = 5]1150
table_quest_text_data.rdf	17313	[metatag = 5]1
table_quest_text_data.rdf	17401	"[metatag = 5][place = ""100101000""]"
table_quest_text_data.rdf	17403	[metatag = 5]1
table_quest_text_data.rdf	17411	[metatag = 5]0
table_quest_text_data.rdf	17412	[metatag = 5]150
table_quest_text_data.rdf	17501	"[metatag = 5][place = ""100101000""]"
table_quest_text_data.rdf	17503	[metatag = 5]3
table_quest_text_data.rdf	17511	[metatag = 5]0
table_quest_text_data.rdf	17512	[metatag = 5]560
table_quest_text_data.rdf	17513	[metatag = 5]1
table_quest_text_data.rdf	17601	"[metatag = 5][place = ""100101000""]"
table_quest_text_data.rdf	17603	[metatag = 5]2
table_quest_text_data.rdf	17611	[metatag = 5]0
table_quest_text_data.rdf	17612	[metatag = 5]450
table_quest_text_data.rdf	17701	"[metatag = 5][place = ""100101000""]"
table_quest_text_data.rdf	17703	[metatag = 5]2
table_quest_text_data.rdf	17711	[metatag = 5]0
table_quest_text_data.rdf	17712	[metatag = 5]1110
table_quest_text_data.rdf	17801	"[metatag = 5][place = ""100101000""]"
table_quest_text_data.rdf	17803	[metatag = 5]1
table_quest_text_data.rdf	17811	[metatag = 5]0
table_quest_text_data.rdf	17812	[metatag = 5]525
table_quest_text_data.rdf	17901	"[metatag = 5][place = ""100101000""]"
table_quest_text_data.rdf	17903	[metatag = 5]1
table_quest_text_data.rdf	17911	[metatag = 5]0
table_quest_text_data.rdf	17912	[metatag = 5]525
table_quest_text_data.rdf	18001	"[metatag = 5][place = ""100101000""]"
table_quest_text_data.rdf	18002	[metatag = 5]???
table_quest_text_data.rdf	18003	[metatag = 5]1
table_quest_text_data.rdf	18008	[metatag = 5]Pass
table_quest_text_data.rdf	18011	[metatag = 5]0
table_quest_text_data.rdf	18101	"[metatag = 5][place = ""100101000""]"
table_quest_text_data.rdf	18103	[metatag = 5]2
table_quest_text_data.rdf	18111	[metatag = 5]0
table_quest_text_data.rdf	18112	[metatag = 5]530
table_quest_text_data.rdf	18201	"[metatag = 5][place = ""100101000""]"
table_quest_text_data.rdf	18203	[metatag = 5]1
table_quest_text_data.rdf	18211	[metatag = 5]0
table_quest_text_data.rdf	18212	[metatag = 5]1370
table_quest_text_data.rdf	18301	"[metatag = 5][place = ""100101000""]"
table_quest_text_data.rdf	18303	[metatag = 5]1
table_quest_text_data.rdf	18311	[metatag = 5]0
table_quest_text_data.rdf	18312	[metatag = 5]70
table_quest_text_data.rdf	18401	"[metatag = 5][place = ""100101000""]"
table_quest_text_data.rdf	18403	[metatag = 5]3
table_quest_text_data.rdf	18411	[metatag = 5]0
table_quest_text_data.rdf	18412	[metatag = 5]600
table_quest_text_data.rdf	18413	[metatag = 5]2
table_quest_text_data.rdf	18501	"[metatag = 5][place = ""100101000""]"
table_quest_text_data.rdf	18503	[metatag = 5]1
table_quest_text_data.rdf	18511	[metatag = 5]0
table_quest_text_data.rdf	18512	[metatag = 5]415
table_quest_text_data.rdf	18601	"[metatag = 5][place = ""100101000""]"
table_quest_text_data.rdf	18603	[metatag = 5]3
table_quest_text_data.rdf	18611	[metatag = 5]0
table_quest_text_data.rdf	18612	[metatag = 5]1500
table_quest_text_data.rdf	18613	[metatag = 5]2
table_quest_text_data.rdf	18701	"[metatag = 5][place = ""100101000""]"
table_quest_text_data.rdf	18703	[metatag = 5]3
table_quest_text_data.rdf	18711	[metatag = 5]0
table_quest_text_data.rdf	18713	[metatag = 5]1
table_quest_text_data.rdf	18801	"[metatag = 5][place = ""100101000""]"
table_quest_text_data.rdf	18803	[metatag = 5]1
table_quest_text_data.rdf	18806	[metatag = 5]스카우터 변경으로 삭제
table_quest_text_data.rdf	18811	[metatag = 5]0
table_quest_text_data.rdf	18812	[metatag = 5]0
table_quest_text_data.rdf	18901	"[metatag = 5][place = ""100101000""]"
table_quest_text_data.rdf	18902	"[metatag = 5][object = ""1000""]"
table_quest_text_data.rdf	18903	[metatag = 5]1
table_quest_text_data.rdf	18911	[metatag = 5]0
table_quest_text_data.rdf	18912	[metatag = 5]260
table_quest_text_data.rdf	19001	"[metatag = 5][place = ""100101000""]"
table_quest_text_data.rdf	19003	[metatag = 5]2
table_quest_text_data.rdf	19011	[metatag = 5]0
table_quest_text_data.rdf	19012	[metatag = 5]500
table_quest_text_data.rdf	19101	"[metatag = 5][place = ""100101000""]"
table_quest_text_data.rdf	19103	[metatag = 5]3
table_quest_text_data.rdf	19111	[metatag = 5]0
table_quest_text_data.rdf	19112	[metatag = 5]1640
table_quest_text_data.rdf	19201	"[metatag = 5][place = ""100101000""]"
table_quest_text_data.rdf	19203	[metatag = 5]3
table_quest_text_data.rdf	19211	[metatag = 5]0
table_quest_text_data.rdf	19212	[metatag = 5]670
table_quest_text_data.rdf	19213	[metatag = 5]1
table_quest_text_data.rdf	19301	"[metatag = 5][place = ""100101000""]"
table_quest_text_data.rdf	19303	[metatag = 5]3
table_quest_text_data.rdf	19311	[metatag = 5]0
table_quest_text_data.rdf	19312	[metatag = 5]1230
table_quest_text_data.rdf	19313	[metatag = 5]1
table_quest_text_data.rdf	19401	"[metatag = 5][place = ""100101000""]"
table_quest_text_data.rdf	19403	[metatag = 5]3
table_quest_text_data.rdf	19407	[metatag = 5]…
table_quest_text_data.rdf	19409	[metatag = 5]…
table_quest_text_data.rdf	19411	[metatag = 5]0
table_quest_text_data.rdf	19412	[metatag = 5]280
table_quest_text_data.rdf	19501	"[metatag = 5][place = ""100101000""]"
table_quest_text_data.rdf	19503	[metatag = 5]2
table_quest_text_data.rdf	19511	[metatag = 5]0
table_quest_text_data.rdf	19601	"[metatag = 5][place = ""100101000""]"
table_quest_text_data.rdf	19603	[metatag = 5]2
table_quest_text_data.rdf	19611	[metatag = 5]0
table_quest_text_data.rdf	19701	"[metatag = 5][place = ""100101000""]"
table_quest_text_data.rdf	19703	[metatag = 5]2
table_quest_text_data.rdf	19707	[metatag = 5]…
table_quest_text_data.rdf	19709	[metatag = 5]…
table_quest_text_data.rdf	19711	[metatag = 5]0
table_quest_text_data.rdf	19801	"[metatag = 5][place = ""100101000""]"
table_quest_text_data.rdf	19803	[metatag = 5]1
table_quest_text_data.rdf	19811	[metatag = 5]0
table_quest_text_data.rdf	19812	[metatag = 5]1065
table_quest_text_data.rdf	19901	"[metatag = 5][place = ""100101000""]"
table_quest_text_data.rdf	19903	[metatag = 5]1
table_quest_text_data.rdf	19911	[metatag = 5]0
table_quest_text_data.rdf	19912	[metatag = 5]50
table_quest_text_data.rdf	20001	"[metatag = 5][place = ""100101000""]"
table_quest_text_data.rdf	20003	[metatag = 5]1
table_quest_text_data.rdf	20011	[metatag = 5]0
table_quest_text_data.rdf	20012	[metatag = 5]70
table_quest_text_data.rdf	20101	"[metatag = 5][place = ""100105000""]"
table_quest_text_data.rdf	20103	[metatag = 5]1
table_quest_text_data.rdf	20112	[metatag = 5]15
table_quest_text_data.rdf	20116	[metatag = 5]0
table_quest_text_data.rdf	20117	[metatag = 5]0
table_quest_text_data.rdf	20201	"[metatag = 5][place = ""100105000""]"
table_quest_text_data.rdf	20203	[metatag = 5]2
table_quest_text_data.rdf	20211	[metatag = 5]3
table_quest_text_data.rdf	20212	[metatag = 5]15
table_quest_text_data.rdf	20216	[metatag = 5]0
table_quest_text_data.rdf	20217	[metatag = 5]0
table_quest_text_data.rdf	20301	"[metatag = 5][place = ""100105000""]"
table_quest_text_data.rdf	20303	[metatag = 5]1
table_quest_text_data.rdf	20312	[metatag = 5]38
table_quest_text_data.rdf	20315	[metatag = 5]0
table_quest_text_data.rdf	20316	[metatag = 5]0
table_quest_text_data.rdf	20317	[metatag = 5]0
table_quest_text_data.rdf	20401	"[metatag = 5][place = ""100105000""]"
table_quest_text_data.rdf	20403	[metatag = 5]1
table_quest_text_data.rdf	20412	[metatag = 5]20
table_quest_text_data.rdf	20415	[metatag = 5]0
table_quest_text_data.rdf	20416	[metatag = 5]0
table_quest_text_data.rdf	20417	[metatag = 5]0
table_quest_text_data.rdf	20501	"[metatag = 5][place = ""100105000""]"
table_quest_text_data.rdf	20503	[metatag = 5]2
table_quest_text_data.rdf	20511	[metatag = 5]4
table_quest_text_data.rdf	20512	[metatag = 5]46
table_quest_text_data.rdf	20516	[metatag = 5]0
table_quest_text_data.rdf	20517	[metatag = 5]0
table_quest_text_data.rdf	20601	"[metatag = 5][place = ""100105000""]"
table_quest_text_data.rdf	20603	[metatag = 5]2
table_quest_text_data.rdf	20612	[metatag = 5]70
table_quest_text_data.rdf	20701	"[metatag = 5][place = ""100105000""]"
table_quest_text_data.rdf	20703	[metatag = 5]1
table_quest_text_data.rdf	20712	[metatag = 5]29
table_quest_text_data.rdf	20715	[metatag = 5]0
table_quest_text_data.rdf	20716	[metatag = 5]0
table_quest_text_data.rdf	20717	[metatag = 5]0
table_quest_text_data.rdf	20801	"[metatag = 5][place = ""100105000""]"
table_quest_text_data.rdf	20803	[metatag = 5]1
table_quest_text_data.rdf	20812	[metatag = 5]20
table_quest_text_data.rdf	20815	[metatag = 5]0
table_quest_text_data.rdf	20816	[metatag = 5]0
table_quest_text_data.rdf	20817	[metatag = 5]0
table_quest_text_data.rdf	20901	"[metatag = 5][place = ""100105000""]"
table_quest_text_data.rdf	20903	[metatag = 5]1
table_quest_text_data.rdf	20912	[metatag = 5]20
table_quest_text_data.rdf	20915	[metatag = 5]0
table_quest_text_data.rdf	20916	[metatag = 5]0
table_quest_text_data.rdf	20917	[metatag = 5]0
table_quest_text_data.rdf	21001	"[metatag = 5][place = ""100105000""]"
table_quest_text_data.rdf	21003	[metatag = 5]1
table_quest_text_data.rdf	21012	[metatag = 5]20
table_quest_text_data.rdf	21015	[metatag = 5]0
table_quest_text_data.rdf	21016	[metatag = 5]0
table_quest_text_data.rdf	21017	[metatag = 5]0
table_quest_text_data.rdf	21101	"[metatag = 5][place = ""100105000""]"
table_quest_text_data.rdf	21103	[metatag = 5]1
table_quest_text_data.rdf	21112	[metatag = 5]20
table_quest_text_data.rdf	21115	[metatag = 5]0
table_quest_text_data.rdf	21116	[metatag = 5]0
table_quest_text_data.rdf	21117	[metatag = 5]0
table_quest_text_data.rdf	21201	"[metatag = 5][place = ""100105000""]"
table_quest_text_data.rdf	21203	[metatag = 5]1
table_quest_text_data.rdf	21212	[metatag = 5]76
table_quest_text_data.rdf	21215	[metatag = 5]0
table_quest_text_data.rdf	21216	[metatag = 5]0
table_quest_text_data.rdf	21217	[metatag = 5]0
table_quest_text_data.rdf	21301	"[metatag = 5][place = ""100105000""]"
table_quest_text_data.rdf	21303	[metatag = 5]2
table_quest_text_data.rdf	21311	[metatag = 5]5
table_quest_text_data.rdf	21312	[metatag = 5]20
table_quest_text_data.rdf	21316	[metatag = 5]0
table_quest_text_data.rdf	21317	[metatag = 5]0
table_quest_text_data.rdf	21401	"[metatag = 5][place = ""100105000""]"
table_quest_text_data.rdf	21403	[metatag = 5]1
table_quest_text_data.rdf	21412	[metatag = 5]76
table_quest_text_data.rdf	21415	[metatag = 5]0
table_quest_text_data.rdf	21416	[metatag = 5]0
table_quest_text_data.rdf	21417	[metatag = 5]0
table_quest_text_data.rdf	21501	"[metatag = 5][place = ""100105000""]"
table_quest_text_data.rdf	21503	[metatag = 5]2
table_quest_text_data.rdf	21512	[metatag = 5]70
table_quest_text_data.rdf	21601	"[metatag = 5][place = ""100105000""]"
table_quest_text_data.rdf	21603	[metatag = 5]1
table_quest_text_data.rdf	21612	[metatag = 5]20
table_quest_text_data.rdf	21615	[metatag = 5]0
table_quest_text_data.rdf	21616	[metatag = 5]0
table_quest_text_data.rdf	21617	[metatag = 5]0
table_quest_text_data.rdf	21701	"[metatag = 5][place = ""100105000""]"
table_quest_text_data.rdf	21703	[metatag = 5]1
table_quest_text_data.rdf	21712	[metatag = 5]20
table_quest_text_data.rdf	21715	[metatag = 5]0
table_quest_text_data.rdf	21716	[metatag = 5]0
table_quest_text_data.rdf	21717	[metatag = 5]0
table_quest_text_data.rdf	21801	"[metatag = 5][place = ""100105000""]"
table_quest_text_data.rdf	21803	[metatag = 5]1
table_quest_text_data.rdf	21812	[metatag = 5]78
table_quest_text_data.rdf	21815	[metatag = 5]0
table_quest_text_data.rdf	21816	[metatag = 5]0
table_quest_text_data.rdf	21817	[metatag = 5]0
table_quest_text_data.rdf	21901	"[metatag = 5][place = ""100105000""]"
table_quest_text_data.rdf	21903	[metatag = 5]2
table_quest_text_data.rdf	21911	[metatag = 5]6
table_quest_text_data.rdf	21912	[metatag = 5]71
table_quest_text_data.rdf	21916	[metatag = 5]0
table_quest_text_data.rdf	21917	[metatag = 5]0
table_quest_text_data.rdf	22001	"[metatag = 5][place = ""100105000""]"
table_quest_text_data.rdf	22003	[metatag = 5]1
table_quest_text_data.rdf	22012	[metatag = 5]62
table_quest_text_data.rdf	22015	[metatag = 5]0
table_quest_text_data.rdf	22016	[metatag = 5]0
table_quest_text_data.rdf	22017	[metatag = 5]0
table_quest_text_data.rdf	22101	"[metatag = 5][place = ""100105000""]"
table_quest_text_data.rdf	22103	[metatag = 5]1
table_quest_text_data.rdf	22112	[metatag = 5]26
table_quest_text_data.rdf	22115	[metatag = 5]0
table_quest_text_data.rdf	22116	[metatag = 5]0
table_quest_text_data.rdf	22117	[metatag = 5]0
table_quest_text_data.rdf	22201	"[metatag = 5][place = ""100105000""]"
table_quest_text_data.rdf	22203	[metatag = 5]2
table_quest_text_data.rdf	22211	[metatag = 5]3
table_quest_text_data.rdf	22212	[metatag = 5]34
table_quest_text_data.rdf	22216	[metatag = 5]0
table_quest_text_data.rdf	22217	[metatag = 5]0
table_quest_text_data.rdf	22301	"[metatag = 5][place = ""100105000""]"
table_quest_text_data.rdf	22303	[metatag = 5]1
table_quest_text_data.rdf	22312	[metatag = 5]20
table_quest_text_data.rdf	22315	[metatag = 5]0
table_quest_text_data.rdf	22316	[metatag = 5]0
table_quest_text_data.rdf	22317	[metatag = 5]0
table_quest_text_data.rdf	22401	"[metatag = 5][place = ""100105000""]"
table_quest_text_data.rdf	22403	[metatag = 5]1
table_quest_text_data.rdf	22412	[metatag = 5]20
table_quest_text_data.rdf	22415	[metatag = 5]0
table_quest_text_data.rdf	22416	[metatag = 5]0
table_quest_text_data.rdf	22417	[metatag = 5]0
table_quest_text_data.rdf	22501	"[metatag = 5][place = ""100105000""]"
table_quest_text_data.rdf	22503	[metatag = 5]1
table_quest_text_data.rdf	22512	[metatag = 5]115
table_quest_text_data.rdf	22515	[metatag = 5]0
table_quest_text_data.rdf	22516	[metatag = 5]0
table_quest_text_data.rdf	22517	[metatag = 5]0
table_quest_text_data.rdf	22601	"[metatag = 5][place = ""100105000""]"
table_quest_text_data.rdf	22603	[metatag = 5]1
table_quest_text_data.rdf	22612	[metatag = 5]115
table_quest_text_data.rdf	22615	[metatag = 5]0
table_quest_text_data.rdf	22616	[metatag = 5]0
table_quest_text_data.rdf	22617	[metatag = 5]0
table_quest_text_data.rdf	22701	"[metatag = 5][place = ""100105000""]"
table_quest_text_data.rdf	22703	[metatag = 5]1
table_quest_text_data.rdf	22712	[metatag = 5]115
table_quest_text_data.rdf	22715	[metatag = 5]0
table_quest_text_data.rdf	22716	[metatag = 5]0
table_quest_text_data.rdf	22717	[metatag = 5]0
table_quest_text_data.rdf	22801	"[metatag = 5][place = ""100105000""]"
table_quest_text_data.rdf	22803	[metatag = 5]1
table_quest_text_data.rdf	22811	[metatag = 5]3
table_quest_text_data.rdf	22812	[metatag = 5]34
table_quest_text_data.rdf	22816	[metatag = 5]0
table_quest_text_data.rdf	22817	[metatag = 5]0
table_quest_text_data.rdf	22901	"[metatag = 5][place = ""100105000""]"
table_quest_text_data.rdf	22903	[metatag = 5]1
table_quest_text_data.rdf	22912	[metatag = 5]20
table_quest_text_data.rdf	22915	[metatag = 5]0
table_quest_text_data.rdf	22916	[metatag = 5]0
table_quest_text_data.rdf	22917	[metatag = 5]0
table_quest_text_data.rdf	23001	"[metatag = 5][place = ""100105000""]"
table_quest_text_data.rdf	23003	[metatag = 5]2
table_quest_text_data.rdf	23011	[metatag = 5]4.28571428571429
table_quest_text_data.rdf	23012	[metatag = 5]20
table_quest_text_data.rdf	23016	[metatag = 5]0
table_quest_text_data.rdf	23017	[metatag = 5]0
table_quest_text_data.rdf	23101	"[metatag = 5][place = ""100105000""]"
table_quest_text_data.rdf	23103	[metatag = 5]2
table_quest_text_data.rdf	23111	[metatag = 5]1
table_quest_text_data.rdf	23112	[metatag = 5]46
table_quest_text_data.rdf	23113	[metatag = 5]1
table_quest_text_data.rdf	23116	[metatag = 5]0
table_quest_text_data.rdf	23117	[metatag = 5]0
table_quest_text_data.rdf	23201	"[metatag = 5][place = ""100105000""]"
table_quest_text_data.rdf	23203	[metatag = 5]1
table_quest_text_data.rdf	23212	[metatag = 5]82
table_quest_text_data.rdf	23215	[metatag = 5]0
table_quest_text_data.rdf	23216	[metatag = 5]0
table_quest_text_data.rdf	23217	[metatag = 5]0
table_quest_text_data.rdf	23301	"[metatag = 5][place = ""100105000""]"
table_quest_text_data.rdf	23303	[metatag = 5]1
table_quest_text_data.rdf	23312	[metatag = 5]20
table_quest_text_data.rdf	23315	[metatag = 5]0
table_quest_text_data.rdf	23316	[metatag = 5]0
table_quest_text_data.rdf	23317	[metatag = 5]0
table_quest_text_data.rdf	23401	"[metatag = 5][place = ""100105000""]"
table_quest_text_data.rdf	23403	[metatag = 5]2
table_quest_text_data.rdf	23411	[metatag = 5]2
table_quest_text_data.rdf	23412	[metatag = 5]66
table_quest_text_data.rdf	23416	[metatag = 5]0
table_quest_text_data.rdf	23417	[metatag = 5]0
table_quest_text_data.rdf	23501	"[metatag = 5][place = ""100105000""]"
table_quest_text_data.rdf	23503	[metatag = 5]2
table_quest_text_data.rdf	23511	[metatag = 5]3
table_quest_text_data.rdf	23512	[metatag = 5]66
table_quest_text_data.rdf	23516	[metatag = 5]0
table_quest_text_data.rdf	23517	[metatag = 5]0
table_quest_text_data.rdf	23601	"[metatag = 5][place = ""100105000""]"
table_quest_text_data.rdf	23603	[metatag = 5]3
table_quest_text_data.rdf	23611	[metatag = 5]1
table_quest_text_data.rdf	23612	[metatag = 5]64
table_quest_text_data.rdf	23613	[metatag = 5]1
table_quest_text_data.rdf	23616	[metatag = 5]0
table_quest_text_data.rdf	23617	[metatag = 5]0
table_quest_text_data.rdf	23701	"[metatag = 5][place = ""100105000""]"
table_quest_text_data.rdf	23703	[metatag = 5]1
table_quest_text_data.rdf	23712	[metatag = 5]150
table_quest_text_data.rdf	23715	[metatag = 5]0
table_quest_text_data.rdf	23716	[metatag = 5]0
table_quest_text_data.rdf	23717	[metatag = 5]0
table_quest_text_data.rdf	23801	"[metatag = 5][place = ""100105000""]"
table_quest_text_data.rdf	23803	[metatag = 5]1
table_quest_text_data.rdf	23812	[metatag = 5]84
table_quest_text_data.rdf	23815	[metatag = 5]0
table_quest_text_data.rdf	23816	[metatag = 5]0
table_quest_text_data.rdf	23817	[metatag = 5]0
table_quest_text_data.rdf	23901	"[metatag = 5][place = ""100105000""]"
table_quest_text_data.rdf	23903	[metatag = 5]3
table_quest_text_data.rdf	23911	[metatag = 5]6
table_quest_text_data.rdf	23912	[metatag = 5]56
table_quest_text_data.rdf	23917	[metatag = 5]0
table_quest_text_data.rdf	24001	"[metatag = 5][place = ""100105000""]"
table_quest_text_data.rdf	24003	[metatag = 5]2
table_quest_text_data.rdf	24012	[metatag = 5]20
table_quest_text_data.rdf	24101	"[metatag = 5][place = ""100105000""]"
table_quest_text_data.rdf	24103	[metatag = 5]2
table_quest_text_data.rdf	24111	[metatag = 5]7
table_quest_text_data.rdf	24112	[metatag = 5]20
table_quest_text_data.rdf	24116	[metatag = 5]0
table_quest_text_data.rdf	24117	[metatag = 5]0
table_quest_text_data.rdf	24201	"[metatag = 5][place = ""100105000""]"
table_quest_text_data.rdf	24203	[metatag = 5]2
table_quest_text_data.rdf	24211	[metatag = 5]3
table_quest_text_data.rdf	24212	[metatag = 5]60
table_quest_text_data.rdf	24216	[metatag = 5]0
table_quest_text_data.rdf	24217	[metatag = 5]0
table_quest_text_data.rdf	24301	"[metatag = 5][place = ""100105000""]"
table_quest_text_data.rdf	24303	[metatag = 5]1
table_quest_text_data.rdf	24312	[metatag = 5]78
table_quest_text_data.rdf	24315	[metatag = 5]0
table_quest_text_data.rdf	24316	[metatag = 5]0
table_quest_text_data.rdf	24317	[metatag = 5]0
table_quest_text_data.rdf	24401	"[metatag = 5][place = ""100105000""]"
table_quest_text_data.rdf	24403	[metatag = 5]1
table_quest_text_data.rdf	24412	[metatag = 5]20
table_quest_text_data.rdf	24415	[metatag = 5]0
table_quest_text_data.rdf	24416	[metatag = 5]0
table_quest_text_data.rdf	24417	[metatag = 5]0
table_quest_text_data.rdf	24501	"[metatag = 5][place = ""100105000""]"
table_quest_text_data.rdf	24503	[metatag = 5]1
table_quest_text_data.rdf	24512	[metatag = 5]32
table_quest_text_data.rdf	24516	[metatag = 5]0
table_quest_text_data.rdf	24517	[metatag = 5]0
table_quest_text_data.rdf	24601	"[metatag = 5][place = ""100105000""]"
table_quest_text_data.rdf	24603	[metatag = 5]2
table_quest_text_data.rdf	24611	[metatag = 5]7
table_quest_text_data.rdf	24612	[metatag = 5]60
table_quest_text_data.rdf	24616	[metatag = 5]0
table_quest_text_data.rdf	24617	[metatag = 5]0
table_quest_text_data.rdf	24701	"[metatag = 5][place = ""100105000""]"
table_quest_text_data.rdf	24703	[metatag = 5]1
table_quest_text_data.rdf	24712	[metatag = 5]150
table_quest_text_data.rdf	24715	[metatag = 5]0
table_quest_text_data.rdf	24716	[metatag = 5]0
table_quest_text_data.rdf	24717	[metatag = 5]0
table_quest_text_data.rdf	24801	"[metatag = 5][place = ""100105000""]"
table_quest_text_data.rdf	24803	[metatag = 5]3
table_quest_text_data.rdf	24811	[metatag = 5]8
table_quest_text_data.rdf	24812	[metatag = 5]150
table_quest_text_data.rdf	24817	[metatag = 5]0
table_quest_text_data.rdf	24901	"[metatag = 5][place = ""100105000""]"
table_quest_text_data.rdf	24903	[metatag = 5]1
table_quest_text_data.rdf	24912	[metatag = 5]44
table_quest_text_data.rdf	24915	[metatag = 5]0
table_quest_text_data.rdf	24916	[metatag = 5]0
table_quest_text_data.rdf	24917	[metatag = 5]0
table_quest_text_data.rdf	25001	"[metatag = 5][place = ""100105000""]"
table_quest_text_data.rdf	25003	[metatag = 5]1
table_quest_text_data.rdf	25012	[metatag = 5]77
table_quest_text_data.rdf	25015	[metatag = 5]0
table_quest_text_data.rdf	25016	[metatag = 5]0
table_quest_text_data.rdf	25017	[metatag = 5]0
table_quest_text_data.rdf	25101	"[metatag = 5][place = ""100105000""]"
table_quest_text_data.rdf	25103	[metatag = 5]1
table_quest_text_data.rdf	25112	[metatag = 5]145
table_quest_text_data.rdf	25115	[metatag = 5]0
table_quest_text_data.rdf	25116	[metatag = 5]0
table_quest_text_data.rdf	25117	[metatag = 5]0
table_quest_text_data.rdf	25201	"[metatag = 5][place = ""100105000""]"
table_quest_text_data.rdf	25203	[metatag = 5]2
table_quest_text_data.rdf	25211	[metatag = 5]8
table_quest_text_data.rdf	25212	[metatag = 5]43
table_quest_text_data.rdf	25216	[metatag = 5]0
table_quest_text_data.rdf	25217	[metatag = 5]0
table_quest_text_data.rdf	25301	"[metatag = 5][place = ""100105000""]"
table_quest_text_data.rdf	25303	[metatag = 5]1
table_quest_text_data.rdf	25312	[metatag = 5]20
table_quest_text_data.rdf	25315	[metatag = 5]0
table_quest_text_data.rdf	25316	[metatag = 5]0
table_quest_text_data.rdf	25317	[metatag = 5]0
table_quest_text_data.rdf	25401	"[metatag = 5][place = ""100105000""]"
table_quest_text_data.rdf	25403	[metatag = 5]1
table_quest_text_data.rdf	25412	[metatag = 5]20
table_quest_text_data.rdf	25415	[metatag = 5]0
table_quest_text_data.rdf	25416	[metatag = 5]0
table_quest_text_data.rdf	25417	[metatag = 5]0
table_quest_text_data.rdf	25501	"[metatag = 5][place = ""100105000""]"
table_quest_text_data.rdf	25503	[metatag = 5]2
table_quest_text_data.rdf	25511	[metatag = 5]12.8571428571429
table_quest_text_data.rdf	25512	[metatag = 5]20
table_quest_text_data.rdf	25516	[metatag = 5]0
table_quest_text_data.rdf	25517	[metatag = 5]0
table_quest_text_data.rdf	25601	"[metatag = 5][place = ""100105000""]"
table_quest_text_data.rdf	25603	[metatag = 5]1
table_quest_text_data.rdf	25612	[metatag = 5]20
table_quest_text_data.rdf	25615	[metatag = 5]0
table_quest_text_data.rdf	25616	[metatag = 5]0
table_quest_text_data.rdf	25617	[metatag = 5]0
table_quest_text_data.rdf	25701	"[metatag = 5][place = ""100105000""]"
table_quest_text_data.rdf	25703	[metatag = 5]1
table_quest_text_data.rdf	25712	[metatag = 5]20
table_quest_text_data.rdf	25715	[metatag = 5]0
table_quest_text_data.rdf	25716	[metatag = 5]0
table_quest_text_data.rdf	25717	[metatag = 5]0
table_quest_text_data.rdf	25801	"[metatag = 5][place = ""100105000""]"
table_quest_text_data.rdf	25803	[metatag = 5]1
table_quest_text_data.rdf	25812	[metatag = 5]20
table_quest_text_data.rdf	25815	[metatag = 5]0
table_quest_text_data.rdf	25816	[metatag = 5]0
table_quest_text_data.rdf	25817	[metatag = 5]0
table_quest_text_data.rdf	25901	"[metatag = 5][place = ""100105000""]"
table_quest_text_data.rdf	25903	[metatag = 5]1
table_quest_text_data.rdf	25912	[metatag = 5]20
table_quest_text_data.rdf	25915	[metatag = 5]0
table_quest_text_data.rdf	25916	[metatag = 5]0
table_quest_text_data.rdf	25917	[metatag = 5]0
table_quest_text_data.rdf	26001	"[metatag = 5][place = ""100105000""]"
table_quest_text_data.rdf	26003	[metatag = 5]2
table_quest_text_data.rdf	26011	[metatag = 5]15
table_quest_text_data.rdf	26012	[metatag = 5]30
table_quest_text_data.rdf	26016	[metatag = 5]0
table_quest_text_data.rdf	26017	[metatag = 5]0
table_quest_text_data.rdf	26101	"[metatag = 5][place = ""100105000""]"
table_quest_text_data.rdf	26103	[metatag = 5]3
table_quest_text_data.rdf	26111	[metatag = 5]1
table_quest_text_data.rdf	26112	[metatag = 5]30
table_quest_text_data.rdf	26113	[metatag = 5]1
table_quest_text_data.rdf	26116	[metatag = 5]0
table_quest_text_data.rdf	26117	[metatag = 5]0
table_quest_text_data.rdf	26201	"[metatag = 5][place = ""100105000""]"
table_quest_text_data.rdf	26203	[metatag = 5]1
table_quest_text_data.rdf	26212	[metatag = 5]30
table_quest_text_data.rdf	26215	[metatag = 5]0
table_quest_text_data.rdf	26216	[metatag = 5]0
table_quest_text_data.rdf	26217	[metatag = 5]0
table_quest_text_data.rdf	26301	"[metatag = 5][place = ""100105000""]"
table_quest_text_data.rdf	26303	[metatag = 5]2
table_quest_text_data.rdf	26311	[metatag = 5]10
table_quest_text_data.rdf	26312	[metatag = 5]60
table_quest_text_data.rdf	26316	[metatag = 5]0
table_quest_text_data.rdf	26317	[metatag = 5]0
table_quest_text_data.rdf	26401	"[metatag = 5][place = ""100105000""]"
table_quest_text_data.rdf	26403	[metatag = 5]2
table_quest_text_data.rdf	26412	[metatag = 5]45
table_quest_text_data.rdf	26416	[metatag = 5]0
table_quest_text_data.rdf	26417	[metatag = 5]0
table_quest_text_data.rdf	26501	"[metatag = 5][place = ""100105000""]"
table_quest_text_data.rdf	26503	[metatag = 5]1
table_quest_text_data.rdf	26512	[metatag = 5]30
table_quest_text_data.rdf	26515	[metatag = 5]0
table_quest_text_data.rdf	26516	[metatag = 5]0
table_quest_text_data.rdf	26517	[metatag = 5]0
table_quest_text_data.rdf	26601	"[metatag = 5][place = ""100105000""]"
table_quest_text_data.rdf	26603	[metatag = 5]1
table_quest_text_data.rdf	26612	[metatag = 5]160
table_quest_text_data.rdf	26615	[metatag = 5]0
table_quest_text_data.rdf	26616	[metatag = 5]0
table_quest_text_data.rdf	26617	[metatag = 5]0
table_quest_text_data.rdf	26701	"[metatag = 5][place = ""100105000""]"
table_quest_text_data.rdf	26703	[metatag = 5]1
table_quest_text_data.rdf	26712	[metatag = 5]160
table_quest_text_data.rdf	26715	[metatag = 5]0
table_quest_text_data.rdf	26716	[metatag = 5]0
table_quest_text_data.rdf	26717	[metatag = 5]0
table_quest_text_data.rdf	26801	"[metatag = 5][place = ""100105000""]"
table_quest_text_data.rdf	26803	[metatag = 5]1
table_quest_text_data.rdf	26812	[metatag = 5]30
table_quest_text_data.rdf	26820	"[metatag = 5][npc = ""4751201""]"
table_quest_text_data.rdf	26821	"[metatag = 5][npc = ""4511403""]"
table_quest_text_data.rdf	26822	"[metatag = 5][npc = ""4751303""]"
table_quest_text_data.rdf	26901	"[metatag = 5][place = ""100105000""]"
table_quest_text_data.rdf	26903	[metatag = 5]1
table_quest_text_data.rdf	26912	[metatag = 5]80
table_quest_text_data.rdf	26915	[metatag = 5]0
table_quest_text_data.rdf	26916	[metatag = 5]0
table_quest_text_data.rdf	26917	[metatag = 5]0
table_quest_text_data.rdf	27001	"[metatag = 5][place = ""100105000""]"
table_quest_text_data.rdf	27003	[metatag = 5]2
table_quest_text_data.rdf	27012	[metatag = 5]45
table_quest_text_data.rdf	27016	[metatag = 5]0
table_quest_text_data.rdf	27017	[metatag = 5]0
table_quest_text_data.rdf	27101	"[metatag = 5][place = ""100105000""]"
table_quest_text_data.rdf	27103	[metatag = 5]1
table_quest_text_data.rdf	27112	[metatag = 5]90
table_quest_text_data.rdf	27115	[metatag = 5]0
table_quest_text_data.rdf	27116	[metatag = 5]0
table_quest_text_data.rdf	27117	[metatag = 5]0
table_quest_text_data.rdf	27201	"[metatag = 5][place = ""100105000""]"
table_quest_text_data.rdf	27203	[metatag = 5]3
table_quest_text_data.rdf	27211	[metatag = 5]1
table_quest_text_data.rdf	27212	[metatag = 5]77
table_quest_text_data.rdf	27213	[metatag = 5]1
table_quest_text_data.rdf	27216	[metatag = 5]0
table_quest_text_data.rdf	27217	[metatag = 5]0
table_quest_text_data.rdf	27301	"[metatag = 5][place = ""100105000""]"
table_quest_text_data.rdf	27303	[metatag = 5]2
table_quest_text_data.rdf	27311	[metatag = 5]20
table_quest_text_data.rdf	27312	[metatag = 5]47
table_quest_text_data.rdf	27317	[metatag = 5]0
table_quest_text_data.rdf	27401	"[metatag = 5][place = ""100105000""]"
table_quest_text_data.rdf	27403	[metatag = 5]1
table_quest_text_data.rdf	27412	[metatag = 5]60
table_quest_text_data.rdf	27415	[metatag = 5]0
table_quest_text_data.rdf	27416	[metatag = 5]0
table_quest_text_data.rdf	27417	[metatag = 5]0
table_quest_text_data.rdf	27501	"[metatag = 5][place = ""100105000""]"
table_quest_text_data.rdf	27503	[metatag = 5]1
table_quest_text_data.rdf	27512	[metatag = 5]60
table_quest_text_data.rdf	27515	[metatag = 5]0
table_quest_text_data.rdf	27516	[metatag = 5]0
table_quest_text_data.rdf	27517	[metatag = 5]0
table_quest_text_data.rdf	27601	"[metatag = 5][place = ""100105000""]"
table_quest_text_data.rdf	27603	[metatag = 5]3
table_quest_text_data.rdf	27611	[metatag = 5]18
table_quest_text_data.rdf	27612	[metatag = 5]42
table_quest_text_data.rdf	27701	"[metatag = 5][place = ""100105000""]"
table_quest_text_data.rdf	27703	[metatag = 5]3
table_quest_text_data.rdf	27711	[metatag = 5]2
table_quest_text_data.rdf	27712	[metatag = 5]42
table_quest_text_data.rdf	27713	[metatag = 5]2
table_quest_text_data.rdf	27801	"[metatag = 5][place = ""100105000""]"
table_quest_text_data.rdf	27803	[metatag = 5]2
table_quest_text_data.rdf	27811	[metatag = 5]12.5
table_quest_text_data.rdf	27812	[metatag = 5]136
table_quest_text_data.rdf	27901	"[metatag = 5][place = ""100105000""]"
table_quest_text_data.rdf	27903	[metatag = 5]2
table_quest_text_data.rdf	27911	[metatag = 5]9
table_quest_text_data.rdf	27912	[metatag = 5]20
table_quest_text_data.rdf	27917	[metatag = 5]0
table_quest_text_data.rdf	28001	"[metatag = 5][place = ""100105000""]"
table_quest_text_data.rdf	28003	[metatag = 5]2
table_quest_text_data.rdf	28011	[metatag = 5]9
table_quest_text_data.rdf	28012	[metatag = 5]20
table_quest_text_data.rdf	28016	[metatag = 5]0
table_quest_text_data.rdf	28017	[metatag = 5]0
table_quest_text_data.rdf	28101	"[metatag = 5][place = ""100105000""]"
table_quest_text_data.rdf	28103	[metatag = 5]1
table_quest_text_data.rdf	28112	[metatag = 5]150
table_quest_text_data.rdf	28115	[metatag = 5]0
table_quest_text_data.rdf	28116	[metatag = 5]0
table_quest_text_data.rdf	28117	[metatag = 5]0
table_quest_text_data.rdf	28201	"[metatag = 5][place = ""100105000""]"
table_quest_text_data.rdf	28203	[metatag = 5]1
table_quest_text_data.rdf	28212	[metatag = 5]78
table_quest_text_data.rdf	28216	[metatag = 5]0
table_quest_text_data.rdf	28217	[metatag = 5]0
table_quest_text_data.rdf	28301	"[metatag = 5][place = ""100105000""]"
table_quest_text_data.rdf	28303	[metatag = 5]1
table_quest_text_data.rdf	28312	[metatag = 5]30
table_quest_text_data.rdf	28315	[metatag = 5]0
table_quest_text_data.rdf	28316	[metatag = 5]0
table_quest_text_data.rdf	28317	[metatag = 5]0
table_quest_text_data.rdf	28401	"[metatag = 5][place = ""100105000""]"
table_quest_text_data.rdf	28403	[metatag = 5]3
table_quest_text_data.rdf	28411	[metatag = 5]1
table_quest_text_data.rdf	28412	[metatag = 5]42
table_quest_text_data.rdf	28413	[metatag = 5]2
table_quest_text_data.rdf	28417	[metatag = 5]0
table_quest_text_data.rdf	28501	"[metatag = 5][place = ""100105000""]"
table_quest_text_data.rdf	28503	[metatag = 5]1
table_quest_text_data.rdf	28512	[metatag = 5]30
table_quest_text_data.rdf	28515	[metatag = 5]0
table_quest_text_data.rdf	28516	[metatag = 5]0
table_quest_text_data.rdf	28517	[metatag = 5]0
table_quest_text_data.rdf	28601	"[metatag = 5][place = ""100105000""]"
table_quest_text_data.rdf	28603	[metatag = 5]1
table_quest_text_data.rdf	28612	[metatag = 5]160
table_quest_text_data.rdf	28615	[metatag = 5]0
table_quest_text_data.rdf	28616	[metatag = 5]0
table_quest_text_data.rdf	28617	[metatag = 5]0
table_quest_text_data.rdf	28701	"[metatag = 5][place = ""100105000""]"
table_quest_text_data.rdf	28703	[metatag = 5]1
table_quest_text_data.rdf	28712	[metatag = 5]66
table_quest_text_data.rdf	28715	[metatag = 5]0
table_quest_text_data.rdf	28716	[metatag = 5]0
table_quest_text_data.rdf	28717	[metatag = 5]0
table_quest_text_data.rdf	28801	"[metatag = 5][place = ""100105000""]"
table_quest_text_data.rdf	28803	[metatag = 5]1
table_quest_text_data.rdf	28812	[metatag = 5]69
table_quest_text_data.rdf	28815	[metatag = 5]0
table_quest_text_data.rdf	28816	[metatag = 5]0
table_quest_text_data.rdf	28817	[metatag = 5]0
table_quest_text_data.rdf	28901	"[metatag = 5][place = ""100105000""]"
table_quest_text_data.rdf	28903	[metatag = 5]2
table_quest_text_data.rdf	28911	[metatag = 5]16
table_quest_text_data.rdf	28912	[metatag = 5]29
table_quest_text_data.rdf	28916	[metatag = 5]0
table_quest_text_data.rdf	28917	[metatag = 5]0
table_quest_text_data.rdf	29001	"[metatag = 5][place = ""100105000""]"
table_quest_text_data.rdf	29003	[metatag = 5]1
table_quest_text_data.rdf	29012	[metatag = 5]146
table_quest_text_data.rdf	29015	[metatag = 5]0
table_quest_text_data.rdf	29016	[metatag = 5]0
table_quest_text_data.rdf	29017	[metatag = 5]0
table_quest_text_data.rdf	29101	"[metatag = 5][place = ""100105000""]"
table_quest_text_data.rdf	29103	[metatag = 5]2
table_quest_text_data.rdf	29112	[metatag = 5]38
table_quest_text_data.rdf	29116	[metatag = 5]0
table_quest_text_data.rdf	29117	[metatag = 5]0
table_quest_text_data.rdf	29201	"[metatag = 5][place = ""100105000""]"
table_quest_text_data.rdf	29203	[metatag = 5]2
table_quest_text_data.rdf	29212	[metatag = 5]160
table_quest_text_data.rdf	29216	[metatag = 5]0
table_quest_text_data.rdf	29217	[metatag = 5]0
table_quest_text_data.rdf	29301	"[metatag = 5][place = ""100105000""]"
table_quest_text_data.rdf	29303	[metatag = 5]3
table_quest_text_data.rdf	29311	[metatag = 5]1
table_quest_text_data.rdf	29312	[metatag = 5]42
table_quest_text_data.rdf	29313	[metatag = 5]2
table_quest_text_data.rdf	29317	[metatag = 5]0
table_quest_text_data.rdf	29401	"[metatag = 5][place = ""100105000""]"
table_quest_text_data.rdf	29403	[metatag = 5]2
table_quest_text_data.rdf	29411	[metatag = 5]16
table_quest_text_data.rdf	29412	[metatag = 5]30
table_quest_text_data.rdf	29417	[metatag = 5]0
table_quest_text_data.rdf	29501	"[metatag = 5][place = ""100105000""]"
table_quest_text_data.rdf	29503	[metatag = 5]2
table_quest_text_data.rdf	29512	[metatag = 5]38
table_quest_text_data.rdf	29516	[metatag = 5]0
table_quest_text_data.rdf	29517	[metatag = 5]0
table_quest_text_data.rdf	29601	"[metatag = 5][place = ""100105000""]"
table_quest_text_data.rdf	29603	[metatag = 5]2
table_quest_text_data.rdf	29612	[metatag = 5]50
table_quest_text_data.rdf	29616	[metatag = 5]0
table_quest_text_data.rdf	29617	[metatag = 5]0
table_quest_text_data.rdf	29701	"[metatag = 5][place = ""100105000""]"
table_quest_text_data.rdf	29703	[metatag = 5]1
table_quest_text_data.rdf	29712	[metatag = 5]200
table_quest_text_data.rdf	29715	[metatag = 5]0
table_quest_text_data.rdf	29716	[metatag = 5]0
table_quest_text_data.rdf	29717	[metatag = 5]0
table_quest_text_data.rdf	29801	"[metatag = 5][place = ""100105000""]"
table_quest_text_data.rdf	29803	[metatag = 5]1
table_quest_text_data.rdf	29812	[metatag = 5]160
table_quest_text_data.rdf	29815	[metatag = 5]0
table_quest_text_data.rdf	29816	[metatag = 5]0
table_quest_text_data.rdf	29817	[metatag = 5]0
table_quest_text_data.rdf	29901	"[metatag = 5][place = ""100105000""]"
table_quest_text_data.rdf	29903	[metatag = 5]1
table_quest_text_data.rdf	29912	[metatag = 5]139
table_quest_text_data.rdf	29915	[metatag = 5]0
table_quest_text_data.rdf	29916	[metatag = 5]0
table_quest_text_data.rdf	29917	[metatag = 5]0
table_quest_text_data.rdf	30001	"[metatag = 5][place = ""100105000""]"
table_quest_text_data.rdf	30003	[metatag = 5]2
table_quest_text_data.rdf	30011	[metatag = 5]17.7777777777778
table_quest_text_data.rdf	30012	[metatag = 5]14
table_quest_text_data.rdf	30017	[metatag = 5]0
table_quest_text_data.rdf	30101	"[metatag = 5][place = ""100105000""]"
table_quest_text_data.rdf	30103	[metatag = 5]1
table_quest_text_data.rdf	30112	[metatag = 5]57
table_quest_text_data.rdf	30115	[metatag = 5]0
table_quest_text_data.rdf	30116	[metatag = 5]0
table_quest_text_data.rdf	30117	[metatag = 5]0
table_quest_text_data.rdf	30201	"[metatag = 5][place = ""100105000""]"
table_quest_text_data.rdf	30203	[metatag = 5]1
table_quest_text_data.rdf	30212	[metatag = 5]57
table_quest_text_data.rdf	30215	[metatag = 5]0
table_quest_text_data.rdf	30216	[metatag = 5]0
table_quest_text_data.rdf	30217	[metatag = 5]0
table_quest_text_data.rdf	30301	"[metatag = 5][place = ""100105000""]"
table_quest_text_data.rdf	30303	[metatag = 5]2
table_quest_text_data.rdf	30311	[metatag = 5]22.5
table_quest_text_data.rdf	30312	[metatag = 5]117
table_quest_text_data.rdf	30316	[metatag = 5]0
table_quest_text_data.rdf	30317	[metatag = 5]0
table_quest_text_data.rdf	30401	"[metatag = 5][place = ""100105000""]"
table_quest_text_data.rdf	30403	[metatag = 5]1
table_quest_text_data.rdf	30412	[metatag = 5]57
table_quest_text_data.rdf	30415	[metatag = 5]0
table_quest_text_data.rdf	30416	[metatag = 5]0
table_quest_text_data.rdf	30417	[metatag = 5]0
table_quest_text_data.rdf	30501	"[metatag = 5][place = ""100105000""]"
table_quest_text_data.rdf	30503	[metatag = 5]2
table_quest_text_data.rdf	30512	[metatag = 5]57
table_quest_text_data.rdf	30516	[metatag = 5]0
table_quest_text_data.rdf	30517	[metatag = 5]0
table_quest_text_data.rdf	30601	"[metatag = 5][place = ""100105000""]"
table_quest_text_data.rdf	30603	[metatag = 5]1
table_quest_text_data.rdf	30612	[metatag = 5]196
table_quest_text_data.rdf	30615	[metatag = 5]0
table_quest_text_data.rdf	30616	[metatag = 5]0
table_quest_text_data.rdf	30617	[metatag = 5]0
table_quest_text_data.rdf	30701	"[metatag = 5][place = ""100105000""]"
table_quest_text_data.rdf	30703	[metatag = 5]1
table_quest_text_data.rdf	30712	[metatag = 5]97
table_quest_text_data.rdf	30715	[metatag = 5]0
table_quest_text_data.rdf	30716	[metatag = 5]0
table_quest_text_data.rdf	30717	[metatag = 5]0
table_quest_text_data.rdf	30801	"[metatag = 5][place = ""100105000""]"
table_quest_text_data.rdf	30803	[metatag = 5]1
table_quest_text_data.rdf	30812	[metatag = 5]118
table_quest_text_data.rdf	30815	[metatag = 5]0
table_quest_text_data.rdf	30816	[metatag = 5]0
table_quest_text_data.rdf	30817	[metatag = 5]0
table_quest_text_data.rdf	30830	[metatag = 12]…
table_quest_text_data.rdf	30901	"[metatag = 5][place = ""100105000""]"
table_quest_text_data.rdf	30903	[metatag = 5]1
table_quest_text_data.rdf	30912	[metatag = 5]774
table_quest_text_data.rdf	30915	[metatag = 5]0
table_quest_text_data.rdf	30916	[metatag = 5]0
table_quest_text_data.rdf	30917	[metatag = 5]0
table_quest_text_data.rdf	31001	"[metatag = 5][place = ""100105000""]"
table_quest_text_data.rdf	31003	[metatag = 5]2
table_quest_text_data.rdf	31011	[metatag = 5]23.75
table_quest_text_data.rdf	31012	[metatag = 5]43
table_quest_text_data.rdf	31016	[metatag = 5]0
table_quest_text_data.rdf	31017	[metatag = 5]0
table_quest_text_data.rdf	31101	"[metatag = 5][place = ""100105000""]"
table_quest_text_data.rdf	31103	[metatag = 5]1
table_quest_text_data.rdf	31112	[metatag = 5]50
table_quest_text_data.rdf	31115	[metatag = 5]0
table_quest_text_data.rdf	31116	[metatag = 5]0
table_quest_text_data.rdf	31117	[metatag = 5]0
table_quest_text_data.rdf	31201	"[metatag = 5][place = ""100105000""]"
table_quest_text_data.rdf	31203	[metatag = 5]2
table_quest_text_data.rdf	31211	[metatag = 5]16
table_quest_text_data.rdf	31212	[metatag = 5]54
table_quest_text_data.rdf	31217	[metatag = 5]0
table_quest_text_data.rdf	31301	"[metatag = 5][place = ""100105000""]"
table_quest_text_data.rdf	31303	[metatag = 5]2
table_quest_text_data.rdf	31311	[metatag = 5]1
table_quest_text_data.rdf	31312	[metatag = 5]144
table_quest_text_data.rdf	31313	[metatag = 5]1
table_quest_text_data.rdf	31316	[metatag = 5]0
table_quest_text_data.rdf	31317	[metatag = 5]0
table_quest_text_data.rdf	31401	"[metatag = 5][place = ""100105000""]"
table_quest_text_data.rdf	31403	[metatag = 5]1
table_quest_text_data.rdf	31412	[metatag = 5]153
table_quest_text_data.rdf	31415	[metatag = 5]0
table_quest_text_data.rdf	31416	[metatag = 5]0
table_quest_text_data.rdf	31417	[metatag = 5]0
table_quest_text_data.rdf	31501	"[metatag = 5][place = ""100105000""]"
table_quest_text_data.rdf	31503	[metatag = 5]1
table_quest_text_data.rdf	31512	[metatag = 5]168
table_quest_text_data.rdf	31515	[metatag = 5]0
table_quest_text_data.rdf	31516	[metatag = 5]0
table_quest_text_data.rdf	31517	[metatag = 5]0
table_quest_text_data.rdf	31601	"[metatag = 5][place = ""100105000""]"
table_quest_text_data.rdf	31603	[metatag = 5]3
table_quest_text_data.rdf	31611	[metatag = 5]16
table_quest_text_data.rdf	31612	[metatag = 5]50
table_quest_text_data.rdf	31617	[metatag = 5]0
table_quest_text_data.rdf	31701	"[metatag = 5][place = ""100105000""]"
table_quest_text_data.rdf	31703	[metatag = 5]3
table_quest_text_data.rdf	31711	[metatag = 5]1
table_quest_text_data.rdf	31712	[metatag = 5]153
table_quest_text_data.rdf	31713	[metatag = 5]1
table_quest_text_data.rdf	31716	[metatag = 5]0
table_quest_text_data.rdf	31717	[metatag = 5]0
table_quest_text_data.rdf	31801	"[metatag = 5][place = ""100105000""]"
table_quest_text_data.rdf	31803	[metatag = 5]1
table_quest_text_data.rdf	31812	[metatag = 5]30
table_quest_text_data.rdf	31901	"[metatag = 5][place = ""100105000""]"
table_quest_text_data.rdf	31903	[metatag = 5]2
table_quest_text_data.rdf	31912	[metatag = 5]30
table_quest_text_data.rdf	32001	"[metatag = 5][place = ""100105000""]"
table_quest_text_data.rdf	32003	[metatag = 5]2
table_quest_text_data.rdf	32012	[metatag = 5]30
table_quest_text_data.rdf	32101	"[metatag = 5][place = ""100105000""]"
table_quest_text_data.rdf	32103	[metatag = 5]2
table_quest_text_data.rdf	32112	[metatag = 5]30
table_quest_text_data.rdf	32201	"[metatag = 5][place = ""100105000""]"
table_quest_text_data.rdf	32203	[metatag = 5]1
table_quest_text_data.rdf	32212	[metatag = 5]50
table_quest_text_data.rdf	32215	[metatag = 5]0
table_quest_text_data.rdf	32216	[metatag = 5]0
table_quest_text_data.rdf	32217	[metatag = 5]0
table_quest_text_data.rdf	32301	"[metatag = 5][place = ""100105000""]"
table_quest_text_data.rdf	32303	[metatag = 5]1
table_quest_text_data.rdf	32312	[metatag = 5]150
table_quest_text_data.rdf	32315	[metatag = 5]0
table_quest_text_data.rdf	32316	[metatag = 5]0
table_quest_text_data.rdf	32317	[metatag = 5]0
table_quest_text_data.rdf	32401	"[metatag = 5][place = ""100105000""]"
table_quest_text_data.rdf	32403	[metatag = 5]2
table_quest_text_data.rdf	32412	[metatag = 5]50
table_quest_text_data.rdf	32416	[metatag = 5]0
table_quest_text_data.rdf	32417	[metatag = 5]0
table_quest_text_data.rdf	32501	"[metatag = 5][place = ""100105000""]"
table_quest_text_data.rdf	32503	[metatag = 5]2
table_quest_text_data.rdf	32511	[metatag = 5]19.75
table_quest_text_data.rdf	32512	[metatag = 5]66
table_quest_text_data.rdf	32517	[metatag = 5]0
table_quest_text_data.rdf	32601	"[metatag = 5][place = ""100105000""]"
table_quest_text_data.rdf	32603	[metatag = 5]2
table_quest_text_data.rdf	32611	[metatag = 5]18
table_quest_text_data.rdf	32612	[metatag = 5]26
table_quest_text_data.rdf	32616	[metatag = 5]0
table_quest_text_data.rdf	32617	[metatag = 5]0
table_quest_text_data.rdf	32701	"[metatag = 5][place = ""100105000""]"
table_quest_text_data.rdf	32703	[metatag = 5]2
table_quest_text_data.rdf	32711	[metatag = 5]18
table_quest_text_data.rdf	32712	[metatag = 5]26
table_quest_text_data.rdf	32716	[metatag = 5]0
table_quest_text_data.rdf	32717	[metatag = 5]0
table_quest_text_data.rdf	32801	"[metatag = 5][place = ""100105000""]"
table_quest_text_data.rdf	32803	[metatag = 5]1
table_quest_text_data.rdf	32812	[metatag = 5]200
table_quest_text_data.rdf	32815	[metatag = 5]0
table_quest_text_data.rdf	32816	[metatag = 5]0
table_quest_text_data.rdf	32817	[metatag = 5]0
table_quest_text_data.rdf	32901	"[metatag = 5][place = ""100105000""]"
table_quest_text_data.rdf	32903	[metatag = 5]2
table_quest_text_data.rdf	32912	[metatag = 5]180
table_quest_text_data.rdf	32916	[metatag = 5]0
table_quest_text_data.rdf	32917	[metatag = 5]0
table_quest_text_data.rdf	33001	"[metatag = 5][place = ""100105000""]"
table_quest_text_data.rdf	33003	[metatag = 5]2
table_quest_text_data.rdf	33012	[metatag = 5]60
table_quest_text_data.rdf	33016	[metatag = 5]0
table_quest_text_data.rdf	33017	[metatag = 5]0
table_quest_text_data.rdf	33101	"[metatag = 5][place = ""100105000""]"
table_quest_text_data.rdf	33103	[metatag = 5]2
table_quest_text_data.rdf	33111	[metatag = 5]20
table_quest_text_data.rdf	33112	[metatag = 5]65
table_quest_text_data.rdf	33117	[metatag = 5]0
table_quest_text_data.rdf	33201	"[metatag = 5][place = ""100105000""]"
table_quest_text_data.rdf	33203	[metatag = 5]2
table_quest_text_data.rdf	33211	[metatag = 5]1
table_quest_text_data.rdf	33212	[metatag = 5]121
table_quest_text_data.rdf	33213	[metatag = 5]1
table_quest_text_data.rdf	33216	[metatag = 5]0
table_quest_text_data.rdf	33217	[metatag = 5]0
table_quest_text_data.rdf	33301	"[metatag = 5][place = ""100105000""]"
table_quest_text_data.rdf	33303	[metatag = 5]2
table_quest_text_data.rdf	33312	[metatag = 5]200
table_quest_text_data.rdf	33316	[metatag = 5]0
table_quest_text_data.rdf	33317	[metatag = 5]0
table_quest_text_data.rdf	33401	"[metatag = 5][place = ""100105000""]"
table_quest_text_data.rdf	33403	[metatag = 5]2
table_quest_text_data.rdf	33411	[metatag = 5]20
table_quest_text_data.rdf	33412	[metatag = 5]65
table_quest_text_data.rdf	33416	[metatag = 5]0
table_quest_text_data.rdf	33417	[metatag = 5]0
table_quest_text_data.rdf	33501	"[metatag = 5][place = ""100105000""]"
table_quest_text_data.rdf	33503	[metatag = 5]1
table_quest_text_data.rdf	33512	[metatag = 5]50
table_quest_text_data.rdf	33515	[metatag = 5]0
table_quest_text_data.rdf	33516	[metatag = 5]0
table_quest_text_data.rdf	33517	[metatag = 5]0
table_quest_text_data.rdf	33601	"[metatag = 5][place = ""100105000""]"
table_quest_text_data.rdf	33603	[metatag = 5]2
table_quest_text_data.rdf	33611	[metatag = 5]1
table_quest_text_data.rdf	33612	[metatag = 5]50
table_quest_text_data.rdf	33613	[metatag = 5]1
table_quest_text_data.rdf	33616	[metatag = 5]0
table_quest_text_data.rdf	33617	[metatag = 5]0
table_quest_text_data.rdf	33701	"[metatag = 5][place = ""100105000""]"
table_quest_text_data.rdf	33703	[metatag = 5]2
table_quest_text_data.rdf	33711	[metatag = 5]1
table_quest_text_data.rdf	33712	[metatag = 5]50
table_quest_text_data.rdf	33713	[metatag = 5]1
table_quest_text_data.rdf	33716	[metatag = 5]0
table_quest_text_data.rdf	33717	[metatag = 5]0
table_quest_text_data.rdf	33801	"[metatag = 5][place = ""100105000""]"
table_quest_text_data.rdf	33803	[metatag = 5]2
table_quest_text_data.rdf	33811	[metatag = 5]1
table_quest_text_data.rdf	33812	[metatag = 5]50
table_quest_text_data.rdf	33813	[metatag = 5]1
table_quest_text_data.rdf	33816	[metatag = 5]0
table_quest_text_data.rdf	33817	[metatag = 5]0
table_quest_text_data.rdf	33901	"[metatag = 5][place = ""100105000""]"
table_quest_text_data.rdf	33903	[metatag = 5]1
table_quest_text_data.rdf	33912	[metatag = 5]123
table_quest_text_data.rdf	33916	[metatag = 5]0
table_quest_text_data.rdf	33917	[metatag = 5]0
table_quest_text_data.rdf	34001	"[metatag = 5][place = ""100105000""]"
table_quest_text_data.rdf	34003	[metatag = 5]1
table_quest_text_data.rdf	34012	[metatag = 5]20
table_quest_text_data.rdf	34015	[metatag = 5]0
table_quest_text_data.rdf	34016	[metatag = 5]0
table_quest_text_data.rdf	34017	[metatag = 5]0
table_quest_text_data.rdf	34101	"[metatag = 5][place = ""100105000""]"
table_quest_text_data.rdf	34103	[metatag = 5]2
table_quest_text_data.rdf	34111	[metatag = 5]20
table_quest_text_data.rdf	34112	[metatag = 5]102
table_quest_text_data.rdf	34117	[metatag = 5]0
table_quest_text_data.rdf	34201	"[metatag = 5][place = ""100105000""]"
table_quest_text_data.rdf	34203	[metatag = 5]1
table_quest_text_data.rdf	34212	[metatag = 5]50
table_quest_text_data.rdf	34215	[metatag = 5]0
table_quest_text_data.rdf	34216	[metatag = 5]0
table_quest_text_data.rdf	34217	[metatag = 5]0
table_quest_text_data.rdf	34301	"[metatag = 5][place = ""100105000""]"
table_quest_text_data.rdf	34303	[metatag = 5]1
table_quest_text_data.rdf	34312	[metatag = 5]120
table_quest_text_data.rdf	34315	[metatag = 5]0
table_quest_text_data.rdf	34316	[metatag = 5]0
table_quest_text_data.rdf	34317	[metatag = 5]0
table_quest_text_data.rdf	34401	"[metatag = 5][place = ""100105000""]"
table_quest_text_data.rdf	34403	[metatag = 5]2
table_quest_text_data.rdf	34411	[metatag = 5]19
table_quest_text_data.rdf	34412	[metatag = 5]56
table_quest_text_data.rdf	34417	[metatag = 5]0
table_quest_text_data.rdf	34501	"[metatag = 5][place = ""100105000""]"
table_quest_text_data.rdf	34503	[metatag = 5]3
table_quest_text_data.rdf	34511	[metatag = 5]1
table_quest_text_data.rdf	34512	[metatag = 5]57
table_quest_text_data.rdf	34513	[metatag = 5]1
table_quest_text_data.rdf	34516	[metatag = 5]0
table_quest_text_data.rdf	34517	[metatag = 5]0
table_quest_text_data.rdf	34601	"[metatag = 5][place = ""100105000""]"
table_quest_text_data.rdf	34603	[metatag = 5]1
table_quest_text_data.rdf	34612	[metatag = 5]200
table_quest_text_data.rdf	34615	[metatag = 5]0
table_quest_text_data.rdf	34616	[metatag = 5]0
table_quest_text_data.rdf	34617	[metatag = 5]0
table_quest_text_data.rdf	34701	"[metatag = 5][place = ""100105000""]"
table_quest_text_data.rdf	34703	[metatag = 5]3
table_quest_text_data.rdf	34711	[metatag = 5]1
table_quest_text_data.rdf	34712	[metatag = 5]50
table_quest_text_data.rdf	34713	[metatag = 5]2
table_quest_text_data.rdf	34716	[metatag = 5]0
table_quest_text_data.rdf	34717	[metatag = 5]0
table_quest_text_data.rdf	34801	"[metatag = 5][place = ""100105000""]"
table_quest_text_data.rdf	34803	[metatag = 5]1
table_quest_text_data.rdf	34812	[metatag = 5]55
table_quest_text_data.rdf	34816	[metatag = 5]0
table_quest_text_data.rdf	34817	[metatag = 5]0
table_quest_text_data.rdf	34901	"[metatag = 5][place = ""100105000""]"
table_quest_text_data.rdf	34903	[metatag = 5]3
table_quest_text_data.rdf	34907	[metatag = 5]...
table_quest_text_data.rdf	34909	[metatag = 5]...
table_quest_text_data.rdf	34911	[metatag = 5]0
table_quest_text_data.rdf	34912	[metatag = 5]50
table_quest_text_data.rdf	34916	[metatag = 5]0
table_quest_text_data.rdf	34917	[metatag = 5]0
table_quest_text_data.rdf	35001	"[metatag = 5][place = ""100105000""]"
table_quest_text_data.rdf	35003	[metatag = 5]2
table_quest_text_data.rdf	35011	[metatag = 5]0
table_quest_text_data.rdf	35012	[metatag = 5]50
table_quest_text_data.rdf	35016	[metatag = 5]0
table_quest_text_data.rdf	35017	[metatag = 5]0
table_quest_text_data.rdf	35101	"[metatag = 5][place = ""100105000""]"
table_quest_text_data.rdf	35103	[metatag = 5]3
table_quest_text_data.rdf	35111	[metatag = 5]0
table_quest_text_data.rdf	35112	[metatag = 5]50
table_quest_text_data.rdf	35116	[metatag = 5]0
table_quest_text_data.rdf	35117	[metatag = 5]0
table_quest_text_data.rdf	35201	"[metatag = 5][place = ""100105000""]"
table_quest_text_data.rdf	35203	[metatag = 5]2
table_quest_text_data.rdf	35212	[metatag = 5]33
table_quest_text_data.rdf	35216	[metatag = 5]0
table_quest_text_data.rdf	35217	[metatag = 5]0
table_quest_text_data.rdf	35301	"[metatag = 5][place = ""100105000""]"
table_quest_text_data.rdf	35303	[metatag = 5]2
table_quest_text_data.rdf	35311	[metatag = 5]26.6666666666667
table_quest_text_data.rdf	35312	[metatag = 5]21
table_quest_text_data.rdf	35317	[metatag = 5]0
table_quest_text_data.rdf	35401	"[metatag = 5][place = ""100105000""]"
table_quest_text_data.rdf	35403	[metatag = 5]3
table_quest_text_data.rdf	35411	[metatag = 5]1
table_quest_text_data.rdf	35412	[metatag = 5]50
table_quest_text_data.rdf	35413	[metatag = 5]2
table_quest_text_data.rdf	35416	[metatag = 5]0
table_quest_text_data.rdf	35417	[metatag = 5]0
table_quest_text_data.rdf	35501	"[metatag = 5][place = ""100105000""]"
table_quest_text_data.rdf	35503	[metatag = 5]1
table_quest_text_data.rdf	35512	[metatag = 5]66
table_quest_text_data.rdf	35515	[metatag = 5]0
table_quest_text_data.rdf	35516	[metatag = 5]0
table_quest_text_data.rdf	35517	[metatag = 5]0
table_quest_text_data.rdf	35601	"[metatag = 5][place = ""100105000""]"
table_quest_text_data.rdf	35603	[metatag = 5]1
table_quest_text_data.rdf	35612	[metatag = 5]200
table_quest_text_data.rdf	35615	[metatag = 5]0
table_quest_text_data.rdf	35616	[metatag = 5]0
table_quest_text_data.rdf	35617	[metatag = 5]0
table_quest_text_data.rdf	35701	"[metatag = 5][place = ""100105000""]"
table_quest_text_data.rdf	35703	[metatag = 5]1
table_quest_text_data.rdf	35712	[metatag = 5]200
table_quest_text_data.rdf	35715	[metatag = 5]0
table_quest_text_data.rdf	35716	[metatag = 5]0
table_quest_text_data.rdf	35717	[metatag = 5]0
table_quest_text_data.rdf	35801	"[metatag = 5][place = ""100105000""]"
table_quest_text_data.rdf	35803	[metatag = 5]1
table_quest_text_data.rdf	35812	[metatag = 5]50
table_quest_text_data.rdf	35815	[metatag = 5]0
table_quest_text_data.rdf	35816	[metatag = 5]0
table_quest_text_data.rdf	35817	[metatag = 5]0
table_quest_text_data.rdf	35901	"[metatag = 5][place = ""100105000""]"
table_quest_text_data.rdf	35903	[metatag = 5]3
table_quest_text_data.rdf	35911	[metatag = 5]17.5
table_quest_text_data.rdf	35912	[metatag = 5]200
table_quest_text_data.rdf	35917	[metatag = 5]0
table_quest_text_data.rdf	36001	"[metatag = 5][place = ""100105000""]"
table_quest_text_data.rdf	36003	[metatag = 5]3
table_quest_text_data.rdf	36011	[metatag = 5]18.75
table_quest_text_data.rdf	36012	[metatag = 5]58
table_quest_text_data.rdf	36017	[metatag = 5]0
table_quest_text_data.rdf	36101	"[metatag = 5][place = ""100105000""]"
table_quest_text_data.rdf	36103	[metatag = 5]2
table_quest_text_data.rdf	36112	[metatag = 5]50
table_quest_text_data.rdf	36116	[metatag = 5]0
table_quest_text_data.rdf	36117	[metatag = 5]0
table_quest_text_data.rdf	36201	"[metatag = 5][place = ""100105000""]"
table_quest_text_data.rdf	36203	[metatag = 5]3
table_quest_text_data.rdf	36211	[metatag = 5]1
table_quest_text_data.rdf	36212	[metatag = 5]100
table_quest_text_data.rdf	36216	[metatag = 5]0
table_quest_text_data.rdf	36217	[metatag = 5]0
table_quest_text_data.rdf	36301	"[metatag = 5][place = ""100105000""]"
table_quest_text_data.rdf	36303	[metatag = 5]2
table_quest_text_data.rdf	36311	[metatag = 5]20
table_quest_text_data.rdf	36312	[metatag = 5]75
table_quest_text_data.rdf	36317	[metatag = 5]0
table_quest_text_data.rdf	36401	"[metatag = 5][place = ""100105000""]"
table_quest_text_data.rdf	36403	[metatag = 5]2
table_quest_text_data.rdf	36411	[metatag = 5]20
table_quest_text_data.rdf	36412	[metatag = 5]75
table_quest_text_data.rdf	36416	[metatag = 5]0
table_quest_text_data.rdf	36417	[metatag = 5]0
table_quest_text_data.rdf	36501	"[metatag = 5][place = ""100105000""]"
table_quest_text_data.rdf	36503	[metatag = 5]2
table_quest_text_data.rdf	36511	[metatag = 5]18
table_quest_text_data.rdf	36512	[metatag = 5]75
table_quest_text_data.rdf	36517	[metatag = 5]0
table_quest_text_data.rdf	36601	"[metatag = 5][place = ""100105000""]"
table_quest_text_data.rdf	36603	[metatag = 5]1
table_quest_text_data.rdf	36612	[metatag = 5]200
table_quest_text_data.rdf	36615	[metatag = 5]0
table_quest_text_data.rdf	36616	[metatag = 5]0
table_quest_text_data.rdf	36617	[metatag = 5]0
table_quest_text_data.rdf	36701	"[metatag = 5][place = ""100105000""]"
table_quest_text_data.rdf	36703	[metatag = 5]3
table_quest_text_data.rdf	36711	[metatag = 5]1
table_quest_text_data.rdf	36712	[metatag = 5]200
table_quest_text_data.rdf	36713	[metatag = 5]3
table_quest_text_data.rdf	36716	[metatag = 5]0
table_quest_text_data.rdf	36717	[metatag = 5]0
table_quest_text_data.rdf	36801	"[metatag = 5][place = ""100105000""]"
table_quest_text_data.rdf	36803	[metatag = 5]3
table_quest_text_data.rdf	36811	[metatag = 5]1
table_quest_text_data.rdf	36812	[metatag = 5]94
table_quest_text_data.rdf	36813	[metatag = 5]1
table_quest_text_data.rdf	36816	[metatag = 5]0
table_quest_text_data.rdf	36817	[metatag = 5]0
table_quest_text_data.rdf	36901	"[metatag = 5][place = ""100105000""]"
table_quest_text_data.rdf	36903	[metatag = 5]3
table_quest_text_data.rdf	36911	[metatag = 5]1
table_quest_text_data.rdf	36912	[metatag = 5]50
table_quest_text_data.rdf	36913	[metatag = 5]2
table_quest_text_data.rdf	36916	[metatag = 5]0
table_quest_text_data.rdf	36917	[metatag = 5]0
table_quest_text_data.rdf	37001	"[metatag = 5][place = ""100105000""]"
table_quest_text_data.rdf	37003	[metatag = 5]1
table_quest_text_data.rdf	37012	[metatag = 5]200
table_quest_text_data.rdf	37017	[metatag = 5]0
table_quest_text_data.rdf	37101	"[metatag = 5][place = ""100105000""]"
table_quest_text_data.rdf	37103	[metatag = 5]3
table_quest_text_data.rdf	37111	[metatag = 5]1
table_quest_text_data.rdf	37112	[metatag = 5]200
table_quest_text_data.rdf	37113	[metatag = 5]3
table_quest_text_data.rdf	37117	[metatag = 5]0
table_quest_text_data.rdf	37201	"[metatag = 5][place = ""100105000""]"
table_quest_text_data.rdf	37203	[metatag = 5]1
table_quest_text_data.rdf	37212	[metatag = 5]97
table_quest_text_data.rdf	37215	[metatag = 5]0
table_quest_text_data.rdf	37216	[metatag = 5]0
table_quest_text_data.rdf	37217	[metatag = 5]0
table_quest_text_data.rdf	37301	"[metatag = 5][place = ""100105000""]"
table_quest_text_data.rdf	37303	[metatag = 5]1
table_quest_text_data.rdf	37312	[metatag = 5]138
table_quest_text_data.rdf	37315	[metatag = 5]0
table_quest_text_data.rdf	37316	[metatag = 5]0
table_quest_text_data.rdf	37317	[metatag = 5]0
table_quest_text_data.rdf	37401	"[metatag = 5][place = ""100105000""]"
table_quest_text_data.rdf	37403	[metatag = 5]3
table_quest_text_data.rdf	37411	[metatag = 5]1
table_quest_text_data.rdf	37412	[metatag = 5]44
table_quest_text_data.rdf	37413	[metatag = 5]2
table_quest_text_data.rdf	37417	[metatag = 5]0
table_quest_text_data.rdf	37501	"[metatag = 5][place = ""100105000""]"
table_quest_text_data.rdf	37503	[metatag = 5]3
table_quest_text_data.rdf	37511	[metatag = 5]6
table_quest_text_data.rdf	37512	[metatag = 5]200
table_quest_text_data.rdf	37513	[metatag = 5]2
table_quest_text_data.rdf	37601	"[metatag = 5][place = ""100105000""]"
table_quest_text_data.rdf	37603	[metatag = 5]3
table_quest_text_data.rdf	37611	[metatag = 5]1
table_quest_text_data.rdf	37612	[metatag = 5]124
table_quest_text_data.rdf	37613	[metatag = 5]1
table_quest_text_data.rdf	37617	[metatag = 5]0
table_quest_text_data.rdf	37701	"[metatag = 5][place = ""100105000""]"
table_quest_text_data.rdf	37703	[metatag = 5]1
table_quest_text_data.rdf	37712	[metatag = 5]97
table_quest_text_data.rdf	37715	[metatag = 5]0
table_quest_text_data.rdf	37716	[metatag = 5]0
table_quest_text_data.rdf	37717	[metatag = 5]0
table_quest_text_data.rdf	37801	"[metatag = 5][place = ""100105000""]"
table_quest_text_data.rdf	37803	[metatag = 5]1
table_quest_text_data.rdf	37812	[metatag = 5]200
table_quest_text_data.rdf	37815	[metatag = 5]0
table_quest_text_data.rdf	37816	[metatag = 5]0
table_quest_text_data.rdf	37817	[metatag = 5]0
table_quest_text_data.rdf	37901	"[metatag = 5][place = ""100105000""]"
table_quest_text_data.rdf	37903	[metatag = 5]1
table_quest_text_data.rdf	37906	[metatag = 5]스카우터 개선으로 사용한함
table_quest_text_data.rdf	37912	[metatag = 5]20
table_quest_text_data.rdf	37915	[metatag = 5]0
table_quest_text_data.rdf	37916	[metatag = 5]0
table_quest_text_data.rdf	37917	[metatag = 5]0
table_quest_text_data.rdf	38001	"[metatag = 5][place = ""100105000""]"
table_quest_text_data.rdf	38002	"[metatag = 5][object = ""1000""]"
table_quest_text_data.rdf	38003	[metatag = 5]1
table_quest_text_data.rdf	38012	[metatag = 5]20
table_quest_text_data.rdf	38016	[metatag = 5]0
table_quest_text_data.rdf	38017	[metatag = 5]0
table_quest_text_data.rdf	38101	"[metatag = 5][place = ""100105000""]"
table_quest_text_data.rdf	38103	[metatag = 5]2
table_quest_text_data.rdf	38111	[metatag = 5]3.33333333333333
table_quest_text_data.rdf	38112	[metatag = 5]34
table_quest_text_data.rdf	38116	[metatag = 5]0
table_quest_text_data.rdf	38117	[metatag = 5]0
table_quest_text_data.rdf	38201	"[metatag = 5][place = ""100105000""]"
table_quest_text_data.rdf	38203	[metatag = 5]3
table_quest_text_data.rdf	38211	[metatag = 5]1
table_quest_text_data.rdf	38212	[metatag = 5]60
table_quest_text_data.rdf	38216	[metatag = 5]0
table_quest_text_data.rdf	38217	[metatag = 5]0
table_quest_text_data.rdf	38301	"[metatag = 5][place = ""100105000""]"
table_quest_text_data.rdf	38303	[metatag = 5]3
table_quest_text_data.rdf	38311	[metatag = 5]13
table_quest_text_data.rdf	38312	[metatag = 5]160
table_quest_text_data.rdf	38317	[metatag = 5]0
table_quest_text_data.rdf	38401	"[metatag = 5][place = ""100105000""]"
table_quest_text_data.rdf	38403	[metatag = 5]2
table_quest_text_data.rdf	38411	[metatag = 5]1
table_quest_text_data.rdf	38412	[metatag = 5]100
table_quest_text_data.rdf	38416	[metatag = 5]0
table_quest_text_data.rdf	38417	[metatag = 5]0
table_quest_text_data.rdf	38501	"[metatag = 5][place = ""100105000""]"
table_quest_text_data.rdf	38503	[metatag = 5]1
table_quest_text_data.rdf	38511	[metatag = 5]10
table_quest_text_data.rdf	38512	[metatag = 5]100
table_quest_text_data.rdf	38601	"[metatag = 5][place = ""100105000""]"
table_quest_text_data.rdf	38603	[metatag = 5]1
table_quest_text_data.rdf	38611	[metatag = 5]12.5
table_quest_text_data.rdf	38612	[metatag = 5]100
table_quest_text_data.rdf	38701	"[metatag = 5][place = ""100105000""]"
table_quest_text_data.rdf	38703	[metatag = 5]1
table_quest_text_data.rdf	38711	[metatag = 5]12
table_quest_text_data.rdf	38712	[metatag = 5]100
table_quest_text_data.rdf	38801	"[metatag = 5][place = ""100105000""]"
table_quest_text_data.rdf	38803	[metatag = 5]1
table_quest_text_data.rdf	38811	[metatag = 5]14
table_quest_text_data.rdf	38812	[metatag = 5]100
table_quest_text_data.rdf	38901	"[metatag = 5][place = ""100105000""]"
table_quest_text_data.rdf	38903	[metatag = 5]1
table_quest_text_data.rdf	38911	[metatag = 5]14
table_quest_text_data.rdf	38912	[metatag = 5]100
table_quest_text_data.rdf	39001	"[metatag = 5][place = ""100105000""]"
table_quest_text_data.rdf	39003	[metatag = 5]1
table_quest_text_data.rdf	39012	[metatag = 5]100
table_quest_text_data.rdf	39101	"[metatag = 5][place = ""100105000""]"
table_quest_text_data.rdf	39103	[metatag = 5]1
table_quest_text_data.rdf	39112	[metatag = 5]100
table_quest_text_data.rdf	39201	"[metatag = 5][place = ""100105000""]"
table_quest_text_data.rdf	39203	[metatag = 5]1
table_quest_text_data.rdf	39212	[metatag = 5]100
table_quest_text_data.rdf	39301	"[metatag = 5][place = ""100105000""]"
table_quest_text_data.rdf	39303	[metatag = 5]2
table_quest_text_data.rdf	39311	[metatag = 5]6.66666666666667
table_quest_text_data.rdf	39312	[metatag = 5]30
table_quest_text_data.rdf	39401	"[metatag = 5][place = ""100105000""]"
table_quest_text_data.rdf	39403	[metatag = 5]2
table_quest_text_data.rdf	39412	[metatag = 5]30
table_quest_text_data.rdf	39501	"[metatag = 5][place = ""100105000""]"
table_quest_text_data.rdf	39503	[metatag = 5]2
table_quest_text_data.rdf	39512	[metatag = 5]30
table_quest_text_data.rdf	39601	"[metatag = 5][place = ""100105000""]"
table_quest_text_data.rdf	39603	[metatag = 5]2
table_quest_text_data.rdf	39612	[metatag = 5]30
table_quest_text_data.rdf	39701	"[metatag = 5][place = ""100105000""]"
table_quest_text_data.rdf	39703	[metatag = 5]2
table_quest_text_data.rdf	39712	[metatag = 5]30
table_quest_text_data.rdf	39801	"[metatag = 5][place = ""100105000""]"
table_quest_text_data.rdf	39803	[metatag = 5]1
table_quest_text_data.rdf	39901	"[metatag = 5][place = ""100105000""]"
table_quest_text_data.rdf	39903	[metatag = 5]1
table_quest_text_data.rdf	40001	"[metatag = 5][place = ""100105000""]"
table_quest_text_data.rdf	40003	[metatag = 5]1
table_quest_text_data.rdf	40101	"[metatag = 5][place = ""100103000""]"
table_quest_text_data.rdf	40103	[metatag = 5]1
table_quest_text_data.rdf	40111	[metatag = 5]0
table_quest_text_data.rdf	40112	[metatag = 5]0
table_quest_text_data.rdf	40201	"[metatag = 5][place = ""100103000""]"
table_quest_text_data.rdf	40203	[metatag = 5]2
table_quest_text_data.rdf	40211	[metatag = 5]0
table_quest_text_data.rdf	40212	[metatag = 5]300
table_quest_text_data.rdf	40301	"[metatag = 5][place = ""100103000""]"
table_quest_text_data.rdf	40302	"[metatag = 5][npc = ""7711101""]"
table_quest_text_data.rdf	40303	[metatag = 5]1
table_quest_text_data.rdf	40311	[metatag = 5]0
table_quest_text_data.rdf	40312	[metatag = 5]715
table_quest_text_data.rdf	40401	"[metatag = 5][place = ""100103000""]"
table_quest_text_data.rdf	40403	[metatag = 5]1
table_quest_text_data.rdf	40411	[metatag = 5]0
table_quest_text_data.rdf	40412	[metatag = 5]20
table_quest_text_data.rdf	40501	"[metatag = 5][place = ""100103000""]"
table_quest_text_data.rdf	40503	[metatag = 5]2
table_quest_text_data.rdf	40511	[metatag = 5]0
table_quest_text_data.rdf	40512	[metatag = 5]393
table_quest_text_data.rdf	40601	"[metatag = 5][place = ""100103000""]"
table_quest_text_data.rdf	40603	[metatag = 5]2
table_quest_text_data.rdf	40611	[metatag = 5]0
table_quest_text_data.rdf	40612	[metatag = 5]374
table_quest_text_data.rdf	40701	"[metatag = 5][place = ""100103000""]"
table_quest_text_data.rdf	40703	[metatag = 5]1
table_quest_text_data.rdf	40711	[metatag = 5]0
table_quest_text_data.rdf	40712	[metatag = 5]33
table_quest_text_data.rdf	40801	"[metatag = 5][place = ""100103000""]"
table_quest_text_data.rdf	40803	[metatag = 5]1
table_quest_text_data.rdf	40811	[metatag = 5]0
table_quest_text_data.rdf	40812	[metatag = 5]53
table_quest_text_data.rdf	40901	"[metatag = 5][place = ""100103000""]"
table_quest_text_data.rdf	40903	[metatag = 5]1
table_quest_text_data.rdf	40911	[metatag = 5]0
table_quest_text_data.rdf	40912	[metatag = 5]40
table_quest_text_data.rdf	41001	"[metatag = 5][place = ""100103000""]"
table_quest_text_data.rdf	41003	[metatag = 5]1
table_quest_text_data.rdf	41011	[metatag = 5]0
table_quest_text_data.rdf	41012	[metatag = 5]10
table_quest_text_data.rdf	41101	"[metatag = 5][place = ""100103000""]"
table_quest_text_data.rdf	41103	[metatag = 5]1
table_quest_text_data.rdf	41111	[metatag = 5]0
table_quest_text_data.rdf	41112	[metatag = 5]33
table_quest_text_data.rdf	41201	"[metatag = 5][place = ""100103000""]"
table_quest_text_data.rdf	41203	[metatag = 5]2
table_quest_text_data.rdf	41206	"[metatag = 5]세명의 꼬마 마인은 베에빌리지의 이곳 저곳을 마구 뛰어 다니고 있습니다. [user]가 회초리 아이템을 이용해서 뛰어 다니는 꼬마 마인들의 머리를 찰싹 하고 때립니다. 회초리를 맞은 꼬마 마인은 5초 정도 머리를 부여 잡고 그 자리에 쭈그리고 앉습니다. 그리고는 ""잘못했어요~ 다시는 요리가지고 장난 치지 않을꼐요!"" 라고 멘트가 뜨고 다시 뛰어 다닙니다."
table_quest_text_data.rdf	41211	[metatag = 5]0
table_quest_text_data.rdf	41212	[metatag = 5]310
table_quest_text_data.rdf	41233	"[metatag = 7][npc = ""3811101""]"
table_quest_text_data.rdf	41234	"[metatag = 7][npc = ""3812101""]"
table_quest_text_data.rdf	41235	"[metatag = 7][npc = ""3813101""]"
table_quest_text_data.rdf	41301	"[metatag = 5][place = ""100103000""]"
table_quest_text_data.rdf	41303	[metatag = 5]2
table_quest_text_data.rdf	41311	[metatag = 5]0
table_quest_text_data.rdf	41312	[metatag = 5]277
table_quest_text_data.rdf	41401	"[metatag = 5][place = ""100103000""]"
table_quest_text_data.rdf	41403	[metatag = 5]2
table_quest_text_data.rdf	41411	[metatag = 5]0
table_quest_text_data.rdf	41412	[metatag = 5]290
table_quest_text_data.rdf	41501	"[metatag = 5][place = ""100103000""]"
table_quest_text_data.rdf	41503	[metatag = 5]2
table_quest_text_data.rdf	41511	[metatag = 5]0
table_quest_text_data.rdf	41512	[metatag = 5]153
table_quest_text_data.rdf	41601	"[metatag = 5][place = ""100103000""]"
table_quest_text_data.rdf	41603	[metatag = 5]1
table_quest_text_data.rdf	41611	[metatag = 5]0
table_quest_text_data.rdf	41612	[metatag = 5]95
table_quest_text_data.rdf	41701	"[metatag = 5][place = ""100103000""]"
table_quest_text_data.rdf	41703	[metatag = 5]1
table_quest_text_data.rdf	41711	[metatag = 5]0
table_quest_text_data.rdf	41712	[metatag = 5]95
table_quest_text_data.rdf	41801	"[metatag = 5][place = ""100103000""]"
table_quest_text_data.rdf	41803	[metatag = 5]2
table_quest_text_data.rdf	41811	[metatag = 5]0
table_quest_text_data.rdf	41812	[metatag = 5]390
table_quest_text_data.rdf	41901	"[metatag = 5][place = ""100103000""]"
table_quest_text_data.rdf	41903	[metatag = 5]2
table_quest_text_data.rdf	41911	[metatag = 5]0
table_quest_text_data.rdf	41912	[metatag = 5]600
table_quest_text_data.rdf	42001	"[metatag = 5][place = ""100103000""]"
table_quest_text_data.rdf	42003	[metatag = 5]1
table_quest_text_data.rdf	42011	[metatag = 5]0
table_quest_text_data.rdf	42012	[metatag = 5]978
table_quest_text_data.rdf	42101	"[metatag = 5][place = ""100103000""]"
table_quest_text_data.rdf	42103	[metatag = 5]1
table_quest_text_data.rdf	42111	[metatag = 5]0
table_quest_text_data.rdf	42112	[metatag = 5]195
table_quest_text_data.rdf	42201	"[metatag = 5][place = ""100103000""]"
table_quest_text_data.rdf	42203	[metatag = 5]2
table_quest_text_data.rdf	42211	[metatag = 5]0
table_quest_text_data.rdf	42212	[metatag = 5]558
table_quest_text_data.rdf	42301	"[metatag = 5][place = ""100103000""]"
table_quest_text_data.rdf	42303	[metatag = 5]1
table_quest_text_data.rdf	42311	[metatag = 5]0
table_quest_text_data.rdf	42312	[metatag = 5]35
table_quest_text_data.rdf	42401	"[metatag = 5][place = ""100103000""]"
table_quest_text_data.rdf	42403	[metatag = 5]1
table_quest_text_data.rdf	42411	[metatag = 5]0
table_quest_text_data.rdf	42412	[metatag = 5]341
table_quest_text_data.rdf	42501	"[metatag = 5][place = ""100103000""]"
table_quest_text_data.rdf	42503	[metatag = 5]1
table_quest_text_data.rdf	42511	[metatag = 5]0
table_quest_text_data.rdf	42512	[metatag = 5]217
table_quest_text_data.rdf	42601	"[metatag = 5][place = ""100103000""]"
table_quest_text_data.rdf	42603	[metatag = 5]2
table_quest_text_data.rdf	42606	[metatag = 5]TLQ
table_quest_text_data.rdf	42607	[metatag = 5]…
table_quest_text_data.rdf	42609	[metatag = 5]…
table_quest_text_data.rdf	42611	[metatag = 5]0
table_quest_text_data.rdf	42612	[metatag = 5]178
table_quest_text_data.rdf	42701	"[metatag = 5][place = ""100103000""]"
table_quest_text_data.rdf	42703	[metatag = 5]1
table_quest_text_data.rdf	42706	"[metatag = 5]Quest수락하면 네네는 초콜릿이 된 나메크인을 원래의 모습을 바뀐다. (연출 필요) 초콜릿이 되었던 나메크인과 자동으로 나레이션. 나레이션으로 [user]와 간단하게 대화를 하고 나서 그는 Porungarock로 돌아 간다며 사라진다.
자신을 아지사 나무 [npc = ""1511301""] 캘반이라고 소계하는 나메크인. [user]와의 대화를 통해서 그 기묘한 마인이 자신과 동료들을 초콜릿으로 바꾸었고 마침 배가 불렀던 그 마인은 다행이 자신은 먹지 않았다고 한다.
기이한 마인은 한명이 아니라 두 명이며 자신들을 습격한 것은 한명 이었지만 곧 다른 한명이 나타났으며 하나는 북으로  Karin에 가야 한다는 이야기를 하고 다른 하나는 첨벙첨벙 지하수로로 간다며 사라졌다고 한다."
table_quest_text_data.rdf	42711	[metatag = 5]0
table_quest_text_data.rdf	42712	[metatag = 5]0
table_quest_text_data.rdf	42801	"[metatag = 5][place = ""100103000""]"
table_quest_text_data.rdf	42803	[metatag = 5]2
table_quest_text_data.rdf	42811	[metatag = 5]0
table_quest_text_data.rdf	42812	[metatag = 5]365
table_quest_text_data.rdf	42901	"[metatag = 5][place = ""100103000""]"
table_quest_text_data.rdf	42903	[metatag = 5]2
table_quest_text_data.rdf	42911	[metatag = 5]0
table_quest_text_data.rdf	42912	[metatag = 5]365
table_quest_text_data.rdf	43001	"[metatag = 5][place = ""100103000""]"
table_quest_text_data.rdf	43003	[metatag = 5]2
table_quest_text_data.rdf	43011	[metatag = 5]0
table_quest_text_data.rdf	43012	[metatag = 5]373
table_quest_text_data.rdf	43013	[metatag = 5]1
table_quest_text_data.rdf	43101	"[metatag = 5][place = ""100103000""]"
table_quest_text_data.rdf	43103	[metatag = 5]1
table_quest_text_data.rdf	43111	[metatag = 5]0
table_quest_text_data.rdf	43112	[metatag = 5]560
table_quest_text_data.rdf	43201	"[metatag = 5][place = ""100103000""]"
table_quest_text_data.rdf	43203	[metatag = 5]1
table_quest_text_data.rdf	43211	[metatag = 5]0
table_quest_text_data.rdf	43212	[metatag = 5]1475
table_quest_text_data.rdf	43301	"[metatag = 5][place = ""100103000""]"
table_quest_text_data.rdf	43303	[metatag = 5]3
table_quest_text_data.rdf	43311	[metatag = 5]0
table_quest_text_data.rdf	43312	[metatag = 5]1990
table_quest_text_data.rdf	43401	"[metatag = 5][place = ""100103000""]"
table_quest_text_data.rdf	43403	[metatag = 5]3
table_quest_text_data.rdf	43411	[metatag = 5]0
table_quest_text_data.rdf	43412	[metatag = 5]1064
table_quest_text_data.rdf	43413	[metatag = 5]1
table_quest_text_data.rdf	43501	"[metatag = 5][place = ""100103000""]"
table_quest_text_data.rdf	43502	"[metatag = 5][mob = ""9611134""]"
table_quest_text_data.rdf	43503	[metatag = 5]3
table_quest_text_data.rdf	43506	[metatag = 5]괴물의 아들을 잡으면 이상하게 생긴 상자를 얻을 수 있습니다. 괴물의 아들이 있는 곳에는 똑같은 괴물의 아들의 죽은 시체들이 여기저기 놓여 있습니다. (이상한 상자는 드랍으로… 인벤토리로 
table_quest_text_data.rdf	43511	[metatag = 5]0
table_quest_text_data.rdf	43512	[metatag = 5]1584
table_quest_text_data.rdf	43513	[metatag = 5]1
table_quest_text_data.rdf	43601	"[metatag = 5][place = ""100103000""]"
table_quest_text_data.rdf	43603	[metatag = 5]2
table_quest_text_data.rdf	43607	[metatag = 5]237
table_quest_text_data.rdf	43609	[metatag = 5]237
table_quest_text_data.rdf	43611	[metatag = 5]0
table_quest_text_data.rdf	43612	[metatag = 5]914
table_quest_text_data.rdf	43701	"[metatag = 5][place = ""100103000""]"
table_quest_text_data.rdf	43703	[metatag = 5]2
table_quest_text_data.rdf	43711	[metatag = 5]0
table_quest_text_data.rdf	43712	[metatag = 5]694
table_quest_text_data.rdf	43801	"[metatag = 5][place = ""100103000""]"
table_quest_text_data.rdf	43803	[metatag = 5]1
table_quest_text_data.rdf	43811	[metatag = 5]0
table_quest_text_data.rdf	43812	[metatag = 5]544
table_quest_text_data.rdf	43901	"[metatag = 5][place = ""100103000""]"
table_quest_text_data.rdf	43903	[metatag = 5]2
table_quest_text_data.rdf	43911	[metatag = 5]0
table_quest_text_data.rdf	43912	[metatag = 5]467
table_quest_text_data.rdf	44001	"[metatag = 5][place = ""100103000""]"
table_quest_text_data.rdf	44003	[metatag = 5]3
table_quest_text_data.rdf	44006	[metatag = 5]베베가 한손으로 펑~ 하고 암흑개구리의 고기를 굽는 애니메이션을 만듭니다. [user]가 이 고기를 먹고 나면 약 10분 정도 HP가 조금 올라가는 버프가 붙습니다.
table_quest_text_data.rdf	44011	[metatag = 5]0
table_quest_text_data.rdf	44012	[metatag = 5]1130
table_quest_text_data.rdf	44101	"[metatag = 5][place = ""100103000""]"
table_quest_text_data.rdf	44103	[metatag = 5]2
table_quest_text_data.rdf	44106	[metatag = 5]탈주병 잭은 항상 누워 있습니다. 특별한 이벤트가 없는 이상 일어나지 않습니다. 소위 말하는 탈진 상태라고 보면 됩니다.
table_quest_text_data.rdf	44111	[metatag = 5]0
table_quest_text_data.rdf	44112	[metatag = 5]674
table_quest_text_data.rdf	44201	"[metatag = 5][place = ""100103000""]"
table_quest_text_data.rdf	44203	[metatag = 5]3
table_quest_text_data.rdf	44211	[metatag = 5]0
table_quest_text_data.rdf	44212	[metatag = 5]960
table_quest_text_data.rdf	44213	[metatag = 5]1
table_quest_text_data.rdf	44301	"[metatag = 5][place = ""100103000""]"
table_quest_text_data.rdf	44303	[metatag = 5]1
table_quest_text_data.rdf	44307	[metatag = 5]…
table_quest_text_data.rdf	44309	[metatag = 5]…
table_quest_text_data.rdf	44311	[metatag = 5]0
table_quest_text_data.rdf	44312	[metatag = 5]5
table_quest_text_data.rdf	44401	"[metatag = 5][place = ""100103000""]"
table_quest_text_data.rdf	44403	[metatag = 5]2
table_quest_text_data.rdf	44406	[metatag = 5]퀘스트를 완료 하면 보상으로 새로운 퀘스트 트리거 아이템인 다내거의 명령서 라는 아이템이 나옵니다.
table_quest_text_data.rdf	44411	[metatag = 5]0
table_quest_text_data.rdf	44412	[metatag = 5]615
table_quest_text_data.rdf	44501	"[metatag = 5][place = ""100103000""]"
table_quest_text_data.rdf	44503	[metatag = 5]3
table_quest_text_data.rdf	44511	[metatag = 5]0
table_quest_text_data.rdf	44512	[metatag = 5]390
table_quest_text_data.rdf	44513	[metatag = 5]1
table_quest_text_data.rdf	44601	"[metatag = 5][place = ""100103000""]"
table_quest_text_data.rdf	44603	[metatag = 5]2
table_quest_text_data.rdf	44611	[metatag = 5]0
table_quest_text_data.rdf	44612	[metatag = 5]587
table_quest_text_data.rdf	44701	"[metatag = 5][place = ""100103000""]"
table_quest_text_data.rdf	44703	[metatag = 5]2
table_quest_text_data.rdf	44711	[metatag = 5]0
table_quest_text_data.rdf	44712	[metatag = 5]640
table_quest_text_data.rdf	44801	"[metatag = 5][place = ""100103000""]"
table_quest_text_data.rdf	44803	[metatag = 5]2
table_quest_text_data.rdf	44811	[metatag = 5]0
table_quest_text_data.rdf	44812	[metatag = 5]590
table_quest_text_data.rdf	44901	"[metatag = 5][place = ""100103000""]"
table_quest_text_data.rdf	44903	[metatag = 5]2
table_quest_text_data.rdf	44906	[metatag = 5]Quest를 완료 하면 땅에 OTL자세로 울고 있는 오슨의 애니메이션 만들어 주세요.
table_quest_text_data.rdf	44911	[metatag = 5]0
table_quest_text_data.rdf	44912	[metatag = 5]560
table_quest_text_data.rdf	45001	"[metatag = 5][place = ""100103000""]"
table_quest_text_data.rdf	45003	[metatag = 5]1
table_quest_text_data.rdf	45011	[metatag = 5]0
table_quest_text_data.rdf	45012	[metatag = 5]590
table_quest_text_data.rdf	45101	"[metatag = 5][place = ""100103000""]"
table_quest_text_data.rdf	45103	[metatag = 5]2
table_quest_text_data.rdf	45111	[metatag = 5]0
table_quest_text_data.rdf	45112	[metatag = 5]397
table_quest_text_data.rdf	45201	"[metatag = 5][place = ""100103000""]"
table_quest_text_data.rdf	45203	[metatag = 5]3
table_quest_text_data.rdf	45211	[metatag = 5]0
table_quest_text_data.rdf	45212	[metatag = 5]752
table_quest_text_data.rdf	45213	[metatag = 5]1
table_quest_text_data.rdf	45301	"[metatag = 5][place = ""100103000""]"
table_quest_text_data.rdf	45303	[metatag = 5]1
table_quest_text_data.rdf	45311	[metatag = 5]0
table_quest_text_data.rdf	45312	[metatag = 5]0
table_quest_text_data.rdf	45401	"[metatag = 5][place = ""100103000""]"
table_quest_text_data.rdf	45403	[metatag = 5]2
table_quest_text_data.rdf	45411	[metatag = 5]0
table_quest_text_data.rdf	45412	[metatag = 5]30
table_quest_text_data.rdf	45501	"[metatag = 5][place = ""100103000""]"
table_quest_text_data.rdf	45503	[metatag = 5]2
table_quest_text_data.rdf	45511	[metatag = 5]0
table_quest_text_data.rdf	45512	[metatag = 5]790
table_quest_text_data.rdf	45601	"[metatag = 5][place = ""100103000""]"
table_quest_text_data.rdf	45603	[metatag = 5]1
table_quest_text_data.rdf	45609	[metatag = 5]…
table_quest_text_data.rdf	45611	[metatag = 5]0
table_quest_text_data.rdf	45612	[metatag = 5]0
table_quest_text_data.rdf	45701	"[metatag = 5][place = ""100103000""]"
table_quest_text_data.rdf	45703	[metatag = 5]2
table_quest_text_data.rdf	45711	[metatag = 5]0
table_quest_text_data.rdf	45712	[metatag = 5]780
table_quest_text_data.rdf	45801	"[metatag = 5][place = ""100103000""]"
table_quest_text_data.rdf	45802	"[metatag = 5][object = ""2000""]"
table_quest_text_data.rdf	45803	[metatag = 5]1
table_quest_text_data.rdf	45811	[metatag = 5]0
table_quest_text_data.rdf	45812	[metatag = 5]600
table_quest_text_data.rdf	45901	"[metatag = 5][place = ""100103000""]"
table_quest_text_data.rdf	45903	[metatag = 5]1
table_quest_text_data.rdf	45911	[metatag = 5]0
table_quest_text_data.rdf	45912	[metatag = 5]752
table_quest_text_data.rdf	46001	"[metatag = 5][place = ""100103000""]"
table_quest_text_data.rdf	46003	[metatag = 5]2
table_quest_text_data.rdf	46011	[metatag = 5]0
table_quest_text_data.rdf	46012	[metatag = 5]840
table_quest_text_data.rdf	46101	"[metatag = 5][place = ""100103000""]"
table_quest_text_data.rdf	46103	[metatag = 5]2
table_quest_text_data.rdf	46106	[metatag = 5]킹 카붕이 소황되면  킹 카붕이 돌연 필립을 공격합니다. 놀라서 도망치는 필립 살려 달라고 소리를 칩니다. 광폭한 킹 카붕은 기존의 킹 카붕에 비해서 훨씬 강력합니다. 광폭한 킹 카붕을 물리치면 필립은 다시 스폰 됩니다. (필립 연출은 일단 훗날로…)
table_quest_text_data.rdf	46111	[metatag = 5]0
table_quest_text_data.rdf	46112	[metatag = 5]186
table_quest_text_data.rdf	46113	[metatag = 5]1
table_quest_text_data.rdf	46201	"[metatag = 5][place = ""100103000""]"
table_quest_text_data.rdf	46203	[metatag = 5]1
table_quest_text_data.rdf	46211	[metatag = 5]0
table_quest_text_data.rdf	46212	[metatag = 5]115
table_quest_text_data.rdf	46301	"[metatag = 5][place = ""100103000""]"
table_quest_text_data.rdf	46303	[metatag = 5]1
table_quest_text_data.rdf	46311	[metatag = 5]0
table_quest_text_data.rdf	46312	[metatag = 5]752
table_quest_text_data.rdf	46401	"[metatag = 5][place = ""100103000""]"
table_quest_text_data.rdf	46403	[metatag = 5]2
table_quest_text_data.rdf	46411	[metatag = 5]0
table_quest_text_data.rdf	46412	[metatag = 5]667
table_quest_text_data.rdf	46501	"[metatag = 5][place = ""100103000""]"
table_quest_text_data.rdf	46503	[metatag = 5]3
table_quest_text_data.rdf	46511	[metatag = 5]0
table_quest_text_data.rdf	46512	[metatag = 5]346
table_quest_text_data.rdf	46513	[metatag = 5]1
table_quest_text_data.rdf	46601	"[metatag = 5][place = ""100103000""]"
table_quest_text_data.rdf	46603	[metatag = 5]1
table_quest_text_data.rdf	46611	[metatag = 5]0
table_quest_text_data.rdf	46612	[metatag = 5]905
table_quest_text_data.rdf	46701	"[metatag = 5][place = ""100103000""]"
table_quest_text_data.rdf	46703	[metatag = 5]2
table_quest_text_data.rdf	46706	[metatag = 5](웨어 아이템) 선인장 장아찌 항아리는 등에 지고 이동합니다.
table_quest_text_data.rdf	46711	[metatag = 5]0
table_quest_text_data.rdf	46712	[metatag = 5]225
table_quest_text_data.rdf	46801	"[metatag = 5][place = ""100103000""]"
table_quest_text_data.rdf	46803	[metatag = 5]1
table_quest_text_data.rdf	46811	[metatag = 5]0
table_quest_text_data.rdf	46812	[metatag = 5]91
table_quest_text_data.rdf	46901	"[metatag = 5][place = ""100103000""]"
table_quest_text_data.rdf	46903	[metatag = 5]2
table_quest_text_data.rdf	46906	"[metatag = 5]소금을 싣은 [npc = ""1511301""]과 호위하는 마인이 한명이나 두명 정도 필요합니다. 당연히 [user]도 동행 합니다. 갈래갈래 계곡 쪽으로 이동 하다가 중간쯤 가면 RP군 병사 NPC가 스폰되고 [npc = ""1511301""]을 호위하는 마인을 공격합니다. 마인들은 몇대 맞다가 도망을 치고 RP군은 [npc = ""1511301""]의 좌우를 에워싸며 계곡의 다른 편으로 이동하다가 사라집니다. 이 연출이 끝나면 퀘스트 완료가 됩니다. (호위하는 마인은 이단 훗날에)"
table_quest_text_data.rdf	46911	[metatag = 5]0
table_quest_text_data.rdf	46912	[metatag = 5]675
table_quest_text_data.rdf	47001	"[metatag = 5][place = ""100103000""]"
table_quest_text_data.rdf	47003	[metatag = 5]1
table_quest_text_data.rdf	47006	[metatag = 5]나레이션 특수) 퀘스트를 수락하면 자동으로 맵 UI가 켜지면 선인장 캠프 남쪽 부터 첨벙첨벙 지하수로 까지의 루트에 점선이 이동하는 모습이 보인다. (나레이션 이미지로 대채)
table_quest_text_data.rdf	47009	[metatag = 5]…
table_quest_text_data.rdf	47011	[metatag = 5]0
table_quest_text_data.rdf	47012	[metatag = 5]0
table_quest_text_data.rdf	47020	[metatag = 11]…
table_quest_text_data.rdf	47021	[metatag = 7]…
table_quest_text_data.rdf	47022	[metatag = 7]…
table_quest_text_data.rdf	47023	[metatag = 7]…
table_quest_text_data.rdf	47024	[metatag = 7]…
table_quest_text_data.rdf	47101	"[metatag = 5][place = ""100103000""]"
table_quest_text_data.rdf	47103	[metatag = 5]1
table_quest_text_data.rdf	47106	[metatag = 5]퀘스트를 받게 되면 Map을 열었을대 제어불능 마인이 있는 곳이 표시 됩니다. 제어불능 마인을 제작해서 Map에 일단은 NPC로 배치 합니다. (나레이션 이미지로 대처)
table_quest_text_data.rdf	47111	[metatag = 5]0
table_quest_text_data.rdf	47112	[metatag = 5]305
table_quest_text_data.rdf	47201	"[metatag = 5][place = ""100103000""]"
table_quest_text_data.rdf	47203	[metatag = 5]3
table_quest_text_data.rdf	47206	[metatag = 5]퀘스트를 수락하면 제어불능 마인 3호 NPC를 사라지게 하고 똑같은 Mob을 세워서 바로 전투에 들어 갑니다.
table_quest_text_data.rdf	47211	[metatag = 5]0
table_quest_text_data.rdf	47212	[metatag = 5]375
table_quest_text_data.rdf	47213	[metatag = 5]1
table_quest_text_data.rdf	47301	"[metatag = 5][place = ""100103000""]"
table_quest_text_data.rdf	47303	[metatag = 5]2
table_quest_text_data.rdf	47311	[metatag = 5]0
table_quest_text_data.rdf	47312	[metatag = 5]180
table_quest_text_data.rdf	47401	"[metatag = 5][place = ""100103000""]"
table_quest_text_data.rdf	47403	[metatag = 5]2
table_quest_text_data.rdf	47411	[metatag = 5]0
table_quest_text_data.rdf	47412	[metatag = 5]120
table_quest_text_data.rdf	47501	"[metatag = 5][place = ""100103000""]"
table_quest_text_data.rdf	47503	[metatag = 5]2
table_quest_text_data.rdf	47511	[metatag = 5]0
table_quest_text_data.rdf	47512	[metatag = 5]680
table_quest_text_data.rdf	47601	"[metatag = 5][place = ""100103000""]"
table_quest_text_data.rdf	47603	[metatag = 5]2
table_quest_text_data.rdf	47611	[metatag = 5]0
table_quest_text_data.rdf	47612	[metatag = 5]680
table_quest_text_data.rdf	47701	"[metatag = 5][place = ""100103000""]"
table_quest_text_data.rdf	47703	[metatag = 5]3
table_quest_text_data.rdf	47711	[metatag = 5]0
table_quest_text_data.rdf	47712	[metatag = 5]540
table_quest_text_data.rdf	47713	[metatag = 5]1
table_quest_text_data.rdf	47801	"[metatag = 5][place = ""100103000""]"
table_quest_text_data.rdf	47803	[metatag = 5]1
table_quest_text_data.rdf	47811	[metatag = 5]0
table_quest_text_data.rdf	47812	[metatag = 5]573
table_quest_text_data.rdf	47901	"[metatag = 5][place = ""100103000""]"
table_quest_text_data.rdf	47903	[metatag = 5]3
table_quest_text_data.rdf	47906	[metatag = 5]의마인. 가챠챠가 약을 먹이면 [user]는 공격력은 오르지만 방어력이 떨어지는 버프를 받습니다. 버프의 이름은 '의마인의  근성'입니다. (버프는 시간 제한으로 잡아 주세요. 시간의 길이는 레벨의 임의대로 하셔도 좋습니다.) (액션에서 버프 받기 되는지 정호씨에게 문의해야함)
table_quest_text_data.rdf	47911	[metatag = 5]0
table_quest_text_data.rdf	47912	[metatag = 5]528
table_quest_text_data.rdf	47913	[metatag = 5]1
table_quest_text_data.rdf	48001	"[metatag = 5][place = ""100103000""]"
table_quest_text_data.rdf	48003	[metatag = 5]3
table_quest_text_data.rdf	48006	[metatag = 5]대마인. 즈샤즈샤는 챔프 땅강아스가 있는 곳까지 가서 둘은 전투를 치룹니다. 그리고 전투가 끝나고 무사히 원래 위치로 돌아 오면 퀘스트 종료입니다.
table_quest_text_data.rdf	48011	[metatag = 5]0
table_quest_text_data.rdf	48012	[metatag = 5]528
table_quest_text_data.rdf	48013	[metatag = 5]1
table_quest_text_data.rdf	48101	"[metatag = 5][place = ""100103000""]"
table_quest_text_data.rdf	48103	[metatag = 5]2
table_quest_text_data.rdf	48111	[metatag = 5]0
table_quest_text_data.rdf	48112	[metatag = 5]117
table_quest_text_data.rdf	48201	"[metatag = 5][place = ""100103000""]"
table_quest_text_data.rdf	48203	[metatag = 5]2
table_quest_text_data.rdf	48206	[metatag = 5](웨어)냉장고는 등에 지고 갑니다.
table_quest_text_data.rdf	48211	[metatag = 5]0
table_quest_text_data.rdf	48212	[metatag = 5]546
table_quest_text_data.rdf	48301	"[metatag = 5][place = ""100103000""]"
table_quest_text_data.rdf	48303	[metatag = 5]2
table_quest_text_data.rdf	48311	[metatag = 5]0
table_quest_text_data.rdf	48312	[metatag = 5]475
table_quest_text_data.rdf	48401	"[metatag = 5][place = ""100103000""]"
table_quest_text_data.rdf	48403	[metatag = 5]1
table_quest_text_data.rdf	48406	[metatag = 5]퀘스트를 받으면 프랑견이 스폰되어 호위를 한다. 지름길로 갑니다. 중간에 개도둑 떼 몹들이 스폰되어 공격합니다. 개도둑 떼는 프랑견은 공격하지 않습니다. 오직 [user]만 공격 합니다. (가능한가??)
table_quest_text_data.rdf	48411	[metatag = 5]0
table_quest_text_data.rdf	48412	[metatag = 5]606
table_quest_text_data.rdf	48501	"[metatag = 5][place = ""100103000""]"
table_quest_text_data.rdf	48503	[metatag = 5]2
table_quest_text_data.rdf	48511	[metatag = 5]0
table_quest_text_data.rdf	48512	[metatag = 5]610
table_quest_text_data.rdf	48601	"[metatag = 5][place = ""100103000""]"
table_quest_text_data.rdf	48603	[metatag = 5]2
table_quest_text_data.rdf	48611	[metatag = 5]0
table_quest_text_data.rdf	48612	[metatag = 5]610
table_quest_text_data.rdf	48701	"[metatag = 5][place = ""100103000""]"
table_quest_text_data.rdf	48703	[metatag = 5]1
table_quest_text_data.rdf	48711	[metatag = 5]0
table_quest_text_data.rdf	48712	[metatag = 5]455
table_quest_text_data.rdf	48801	"[metatag = 5][place = ""100103000""]"
table_quest_text_data.rdf	48803	[metatag = 5]2
table_quest_text_data.rdf	48806	[metatag = 5]부서진 CC 버스의 잔해에는 RP군에 대한 별다른 증거가 될 만한 흔적이 없다. 다만 전투를 치루면서 두고 간 것인지 마인의 촉촉한 쪼물딱 점토가 남아 있었다. 퀘스트 아이템 쪼물딱 덩이리를 얻는다. X자 암의 옆에 CC 버스의 잔해를 놓아 주세요
table_quest_text_data.rdf	48811	[metatag = 5]0
table_quest_text_data.rdf	48812	[metatag = 5]1168
table_quest_text_data.rdf	48901	"[metatag = 5][place = ""100103000""]"
table_quest_text_data.rdf	48903	[metatag = 5]2
table_quest_text_data.rdf	48911	[metatag = 5]0
table_quest_text_data.rdf	48912	[metatag = 5]1610
table_quest_text_data.rdf	49001	"[metatag = 5][place = ""100103000""]"
table_quest_text_data.rdf	49003	[metatag = 5]1
table_quest_text_data.rdf	49011	[metatag = 5]0
table_quest_text_data.rdf	49012	[metatag = 5]785
table_quest_text_data.rdf	49101	"[metatag = 5][place = ""100103000""]"
table_quest_text_data.rdf	49103	[metatag = 5]2
table_quest_text_data.rdf	49111	[metatag = 5]0
table_quest_text_data.rdf	49112	[metatag = 5]838
table_quest_text_data.rdf	49201	"[metatag = 5][place = ""100103000""]"
table_quest_text_data.rdf	49203	[metatag = 5]3
table_quest_text_data.rdf	49206	[metatag = 5]호위 도중 피그 약탈병(1711110ｦ들이 스폰되어 공격합니다. 
table_quest_text_data.rdf	49211	[metatag = 5]0
table_quest_text_data.rdf	49212	[metatag = 5]1510
table_quest_text_data.rdf	49301	"[metatag = 5][place = ""100103000""]"
table_quest_text_data.rdf	49303	[metatag = 5]2
table_quest_text_data.rdf	49311	[metatag = 5]0
table_quest_text_data.rdf	49312	[metatag = 5]600
table_quest_text_data.rdf	49401	"[metatag = 5][place = ""100103000""]"
table_quest_text_data.rdf	49403	[metatag = 5]2
table_quest_text_data.rdf	49411	[metatag = 5]0
table_quest_text_data.rdf	49412	[metatag = 5]600
table_quest_text_data.rdf	49501	"[metatag = 5][place = ""100103000""]"
table_quest_text_data.rdf	49503	[metatag = 5]3
table_quest_text_data.rdf	49511	[metatag = 5]0
table_quest_text_data.rdf	49512	[metatag = 5]816
table_quest_text_data.rdf	49513	[metatag = 5]1
table_quest_text_data.rdf	49601	"[metatag = 5][place = ""100103000""]"
table_quest_text_data.rdf	49603	[metatag = 5]2
table_quest_text_data.rdf	49607	[metatag = 5]…
table_quest_text_data.rdf	49609	[metatag = 5]…
table_quest_text_data.rdf	49611	[metatag = 5]0
table_quest_text_data.rdf	49612	[metatag = 5]584
table_quest_text_data.rdf	49701	"[metatag = 5][place = ""100103000""]"
table_quest_text_data.rdf	49703	[metatag = 5]1
table_quest_text_data.rdf	49711	[metatag = 5]0
table_quest_text_data.rdf	49712	[metatag = 5]812
table_quest_text_data.rdf	49801	"[metatag = 5][place = ""100103000""]"
table_quest_text_data.rdf	49803	[metatag = 5]2
table_quest_text_data.rdf	49811	[metatag = 5]0
table_quest_text_data.rdf	49812	[metatag = 5]1669
table_quest_text_data.rdf	49901	"[metatag = 5][place = ""100103000""]"
table_quest_text_data.rdf	49903	[metatag = 5]1
table_quest_text_data.rdf	49911	[metatag = 5]0
table_quest_text_data.rdf	49912	[metatag = 5]311
table_quest_text_data.rdf	50001	"[metatag = 5][place = ""100103000""]"
table_quest_text_data.rdf	50003	[metatag = 5]2
table_quest_text_data.rdf	50011	[metatag = 5]0
table_quest_text_data.rdf	50012	[metatag = 5]610
table_quest_text_data.rdf	50101	"[metatag = 5][place = ""100103000""]"
table_quest_text_data.rdf	50103	[metatag = 5]2
table_quest_text_data.rdf	50111	[metatag = 5]0
table_quest_text_data.rdf	50112	[metatag = 5]855
table_quest_text_data.rdf	50201	"[metatag = 5][place = ""100103000""]"
table_quest_text_data.rdf	50203	[metatag = 5]3
table_quest_text_data.rdf	50206	[metatag = 5]대결. 땅에 수그리고 씨앗을 심어 보는 루딘의 애니메이션. 퀘스트를 수락하면 루딘과의 전투에 들어 갑니다.
table_quest_text_data.rdf	50211	[metatag = 5]0
table_quest_text_data.rdf	50212	[metatag = 5]0
table_quest_text_data.rdf	50213	[metatag = 5]1
table_quest_text_data.rdf	50301	"[metatag = 5][place = ""100103000""]"
table_quest_text_data.rdf	50303	[metatag = 5]1
table_quest_text_data.rdf	50311	[metatag = 5]0
table_quest_text_data.rdf	50312	[metatag = 5]311
table_quest_text_data.rdf	50401	"[metatag = 5][place = ""100103000""]"
table_quest_text_data.rdf	50403	[metatag = 5]2
table_quest_text_data.rdf	50411	[metatag = 5]0
table_quest_text_data.rdf	50412	[metatag = 5]1256
table_quest_text_data.rdf	50501	"[metatag = 5][place = ""100103000""]"
table_quest_text_data.rdf	50503	[metatag = 5]1
table_quest_text_data.rdf	50511	[metatag = 5]0
table_quest_text_data.rdf	50512	[metatag = 5]57
table_quest_text_data.rdf	50601	"[metatag = 5][place = ""100103000""]"
table_quest_text_data.rdf	50603	[metatag = 5]2
table_quest_text_data.rdf	50611	[metatag = 5]0
table_quest_text_data.rdf	50612	[metatag = 5]337
table_quest_text_data.rdf	50701	"[metatag = 5][place = ""100103000""]"
table_quest_text_data.rdf	50703	[metatag = 5]3
table_quest_text_data.rdf	50706	[metatag = 5]후라후라를 지정된 지역까지 호위 하면은 지점에서 관광객(아무나 좋습니다)이 스폰되어 도망쳐 오고 그 뒤로 제어불능 마인 1호가 스폰 되어 쫏아 옵니다. 그리고 바로 전투에 돌입합니다. 제어불능 마인 1호를 쓰러 뜨리면 퀘스트 아이템으로 소형 키리 배터리가 나옵니다. 전투 종료 후 후라후라게 말을 걸면 퀘스트 완료가 됩니다.  제어불능 마인 만날때와 전투 후 쓰러질때 미니 나레이션. Kiri… kiri만 더 있으면 너 따위는… kiri가 필요해~ 하는 느낌입니다.
table_quest_text_data.rdf	50711	[metatag = 5]0
table_quest_text_data.rdf	50712	[metatag = 5]666
table_quest_text_data.rdf	50801	"[metatag = 5][place = ""100103000""]"
table_quest_text_data.rdf	50803	[metatag = 5]2
table_quest_text_data.rdf	50811	[metatag = 5]0
table_quest_text_data.rdf	50812	[metatag = 5]880
table_quest_text_data.rdf	50901	"[metatag = 5][place = ""100103000""]"
table_quest_text_data.rdf	50903	[metatag = 5]1
table_quest_text_data.rdf	50911	[metatag = 5]0
table_quest_text_data.rdf	50912	[metatag = 5]2048
table_quest_text_data.rdf	51001	"[metatag = 5][place = ""100103000""]"
table_quest_text_data.rdf	51003	[metatag = 5]1
table_quest_text_data.rdf	51011	[metatag = 5]0
table_quest_text_data.rdf	51012	[metatag = 5]10
table_quest_text_data.rdf	51101	"[metatag = 5][place = ""100103000""]"
table_quest_text_data.rdf	51103	[metatag = 5]2
table_quest_text_data.rdf	51111	[metatag = 5]0
table_quest_text_data.rdf	51112	[metatag = 5]980
table_quest_text_data.rdf	51201	"[metatag = 5][place = ""100103000""]"
table_quest_text_data.rdf	51203	[metatag = 5]3
table_quest_text_data.rdf	51211	[metatag = 5]0
table_quest_text_data.rdf	51212	[metatag = 5]256
table_quest_text_data.rdf	51213	[metatag = 5]1
table_quest_text_data.rdf	51301	"[metatag = 5][place = ""100103000""]"
table_quest_text_data.rdf	51303	[metatag = 5]3
table_quest_text_data.rdf	51311	[metatag = 5]0
table_quest_text_data.rdf	51312	[metatag = 5]940
table_quest_text_data.rdf	51313	[metatag = 5]1
table_quest_text_data.rdf	51401	"[metatag = 5][place = ""100103000""]"
table_quest_text_data.rdf	51403	[metatag = 5]2
table_quest_text_data.rdf	51411	[metatag = 5]0
table_quest_text_data.rdf	51412	[metatag = 5]300
table_quest_text_data.rdf	51501	"[metatag = 5][place = ""100103000""]"
table_quest_text_data.rdf	51503	[metatag = 5]1
table_quest_text_data.rdf	51506	[metatag = 5]퀴즈~ 3가지항목 중에 하나를  선택해서 히미히미를 웃겨야 합니다. 보기는 다음과 같습니다. 1.소… 소는 가치가 많다. 소가치(속았지)!  답은 1번 입니다. 다른 2,3번은 텍스트 담당자가 임의로 넣어 주세요
table_quest_text_data.rdf	51509	[metatag = 5]315
table_quest_text_data.rdf	51511	[metatag = 5]0
table_quest_text_data.rdf	51512	[metatag = 5]0
table_quest_text_data.rdf	51601	"[metatag = 5][place = ""100103000""]"
table_quest_text_data.rdf	51603	[metatag = 5]1
table_quest_text_data.rdf	51611	[metatag = 5]0
table_quest_text_data.rdf	51612	[metatag = 5]1350
table_quest_text_data.rdf	51701	"[metatag = 5][place = ""100103000""]"
table_quest_text_data.rdf	51703	[metatag = 5]2
table_quest_text_data.rdf	51711	[metatag = 5]0
table_quest_text_data.rdf	51712	[metatag = 5]490
table_quest_text_data.rdf	51801	"[metatag = 5][place = ""100103000""]"
table_quest_text_data.rdf	51803	[metatag = 5]1
table_quest_text_data.rdf	51811	[metatag = 5]0
table_quest_text_data.rdf	51812	[metatag = 5]0
table_quest_text_data.rdf	51901	"[metatag = 5][place = ""100103000""]"
table_quest_text_data.rdf	51903	[metatag = 5]2
table_quest_text_data.rdf	51911	[metatag = 5]0
table_quest_text_data.rdf	51912	[metatag = 5]0
table_quest_text_data.rdf	52001	"[metatag = 5][place = ""100103000""]"
table_quest_text_data.rdf	52003	[metatag = 5]2
table_quest_text_data.rdf	52011	[metatag = 5]0
table_quest_text_data.rdf	52012	[metatag = 5]30
table_quest_text_data.rdf	52101	"[metatag = 5][place = ""100103000""]"
table_quest_text_data.rdf	52103	[metatag = 5]2
table_quest_text_data.rdf	52111	[metatag = 5]0
table_quest_text_data.rdf	52112	[metatag = 5]0
table_quest_text_data.rdf	52201	"[metatag = 5][place = ""100103000""]"
table_quest_text_data.rdf	52203	[metatag = 5]2
table_quest_text_data.rdf	52211	[metatag = 5]0
table_quest_text_data.rdf	52212	[metatag = 5]201
table_quest_text_data.rdf	52301	"[metatag = 5][place = ""100103000""]"
table_quest_text_data.rdf	52303	[metatag = 5]2
table_quest_text_data.rdf	52311	[metatag = 5]0
table_quest_text_data.rdf	52312	[metatag = 5]930
table_quest_text_data.rdf	52401	"[metatag = 5][place = ""100103000""]"
table_quest_text_data.rdf	52403	[metatag = 5]2
table_quest_text_data.rdf	52411	[metatag = 5]0
table_quest_text_data.rdf	52412	[metatag = 5]930
table_quest_text_data.rdf	52501	"[metatag = 5][place = ""100103000""]"
table_quest_text_data.rdf	52503	[metatag = 5]2
table_quest_text_data.rdf	52511	[metatag = 5]0
table_quest_text_data.rdf	52512	[metatag = 5]510
table_quest_text_data.rdf	52601	"[metatag = 5][place = ""100103000""]"
table_quest_text_data.rdf	52603	[metatag = 5]1
table_quest_text_data.rdf	52611	[metatag = 5]0
table_quest_text_data.rdf	52612	[metatag = 5]80
table_quest_text_data.rdf	52701	"[metatag = 5][place = ""100103000""]"
table_quest_text_data.rdf	52703	[metatag = 5]2
table_quest_text_data.rdf	52711	[metatag = 5]0
table_quest_text_data.rdf	52712	[metatag = 5]866
table_quest_text_data.rdf	52801	"[metatag = 5][place = ""100103000""]"
table_quest_text_data.rdf	52803	[metatag = 5]2
table_quest_text_data.rdf	52811	[metatag = 5]0
table_quest_text_data.rdf	52812	[metatag = 5]181
table_quest_text_data.rdf	52901	"[metatag = 5][place = ""100103000""]"
table_quest_text_data.rdf	52903	[metatag = 5]3
table_quest_text_data.rdf	52906	[metatag = 5]지름길. 호위 도중 RP군의 첨벙 정찰대가 스폰되오 공격을 합니다.
table_quest_text_data.rdf	52911	[metatag = 5]0
table_quest_text_data.rdf	52912	[metatag = 5]1285
table_quest_text_data.rdf	53001	"[metatag = 5][place = ""100103000""]"
table_quest_text_data.rdf	53003	[metatag = 5]3
table_quest_text_data.rdf	53006	[metatag = 5]대결. 싸움 중간중간에 미니 나레이션으로 user를 도발하는 대사를 합니다. (시간 조절로 해보자…)
table_quest_text_data.rdf	53011	[metatag = 5]0
table_quest_text_data.rdf	53012	[metatag = 5]0
table_quest_text_data.rdf	53013	[metatag = 5]1
table_quest_text_data.rdf	53101	"[metatag = 5][place = ""100103000""]"
table_quest_text_data.rdf	53103	[metatag = 5]2
table_quest_text_data.rdf	53106	"[metatag = 5]호이포이 캡슐로 드럼 세탁기를 불러내는 루딘. 곧 세탁기가 덜덜 하고 움직인다. 그리고는 한손에 구멍난 팬티를 손에 들고 OTL자세로 쓰러지는 루딘. ""헉!!!! 팬티에 구멍이 났자나… 무슨 소금이 이렇게 굵고 단단 한거야?"""
table_quest_text_data.rdf	53111	[metatag = 5]0
table_quest_text_data.rdf	53112	[metatag = 5]80
table_quest_text_data.rdf	53201	"[metatag = 5][place = ""100103000""]"
table_quest_text_data.rdf	53203	[metatag = 5]2
table_quest_text_data.rdf	53211	[metatag = 5]0
table_quest_text_data.rdf	53212	[metatag = 5]80
table_quest_text_data.rdf	53301	"[metatag = 5][place = ""100103000""]"
table_quest_text_data.rdf	53303	[metatag = 5]1
table_quest_text_data.rdf	53311	[metatag = 5]0
table_quest_text_data.rdf	53312	[metatag = 5]73
table_quest_text_data.rdf	53401	"[metatag = 5][place = ""100103000""]"
table_quest_text_data.rdf	53403	[metatag = 5]3
table_quest_text_data.rdf	53406	[metatag = 5]대결. 쿠포를 쓰러 트리면. 바로 일어나서는 엎드려 용서를 빈다. 다른 소금을 더 드릴테니 용서해 달라고 한다. 자신이 횡령한 소금들도 전부 돈으로 갚을 테니 용서해 달라고 빈다.
table_quest_text_data.rdf	53411	[metatag = 5]0
table_quest_text_data.rdf	53412	[metatag = 5]0
table_quest_text_data.rdf	53413	[metatag = 5]1
table_quest_text_data.rdf	53501	"[metatag = 5][place = ""100103000""]"
table_quest_text_data.rdf	53503	[metatag = 5]2
table_quest_text_data.rdf	53511	[metatag = 5]0
table_quest_text_data.rdf	53512	[metatag = 5]710
table_quest_text_data.rdf	53601	"[metatag = 5][place = ""100103000""]"
table_quest_text_data.rdf	53603	[metatag = 5]3
table_quest_text_data.rdf	53611	[metatag = 5]0
table_quest_text_data.rdf	53612	[metatag = 5]50
table_quest_text_data.rdf	53613	[metatag = 5]1
table_quest_text_data.rdf	53701	"[metatag = 5][place = ""100103000""]"
table_quest_text_data.rdf	53703	[metatag = 5]2
table_quest_text_data.rdf	53711	[metatag = 5]0
table_quest_text_data.rdf	53712	[metatag = 5]848
table_quest_text_data.rdf	53801	"[metatag = 5][place = ""100103000""]"
table_quest_text_data.rdf	53803	[metatag = 5]3
table_quest_text_data.rdf	53811	[metatag = 5]0
table_quest_text_data.rdf	53812	[metatag = 5]1384
table_quest_text_data.rdf	53813	[metatag = 5]1
table_quest_text_data.rdf	53901	"[metatag = 5][place = ""100103000""]"
table_quest_text_data.rdf	53903	[metatag = 5]2
table_quest_text_data.rdf	53911	[metatag = 5]0
table_quest_text_data.rdf	53912	[metatag = 5]935
table_quest_text_data.rdf	54001	"[metatag = 5][place = ""100103000""]"
table_quest_text_data.rdf	54003	[metatag = 5]2
table_quest_text_data.rdf	54011	[metatag = 5]0
table_quest_text_data.rdf	54012	[metatag = 5]80
table_quest_text_data.rdf	54101	"[metatag = 5][place = ""100103000""]"
table_quest_text_data.rdf	54103	[metatag = 5]1
table_quest_text_data.rdf	54111	[metatag = 5]0
table_quest_text_data.rdf	54112	[metatag = 5]218
table_quest_text_data.rdf	54201	"[metatag = 5][place = ""100103000""]"
table_quest_text_data.rdf	54203	[metatag = 5]2
table_quest_text_data.rdf	54206	[metatag = 5]집개발을 용자 기란의 묘에 올려 놓은 모습을 잠시 연출 합니다.
table_quest_text_data.rdf	54211	[metatag = 5]0
table_quest_text_data.rdf	54212	[metatag = 5]865
table_quest_text_data.rdf	54301	"[metatag = 5][place = ""100103000""]"
table_quest_text_data.rdf	54303	[metatag = 5]1
table_quest_text_data.rdf	54311	[metatag = 5]0
table_quest_text_data.rdf	54312	[metatag = 5]885
table_quest_text_data.rdf	54401	"[metatag = 5][place = ""100103000""]"
table_quest_text_data.rdf	54403	[metatag = 5]1
table_quest_text_data.rdf	54411	[metatag = 5]0
table_quest_text_data.rdf	54412	[metatag = 5]100
table_quest_text_data.rdf	54501	"[metatag = 5][place = ""100103000""]"
table_quest_text_data.rdf	54503	[metatag = 5]2
table_quest_text_data.rdf	54511	[metatag = 5]0
table_quest_text_data.rdf	54512	[metatag = 5]520
table_quest_text_data.rdf	54601	"[metatag = 5][place = ""100103000""]"
table_quest_text_data.rdf	54603	[metatag = 5]3
table_quest_text_data.rdf	54606	[metatag = 5]대결
table_quest_text_data.rdf	54611	[metatag = 5]0
table_quest_text_data.rdf	54612	[metatag = 5]0
table_quest_text_data.rdf	54613	[metatag = 5]1
table_quest_text_data.rdf	54701	"[metatag = 5][place = ""100103000""]"
table_quest_text_data.rdf	54703	[metatag = 5]3
table_quest_text_data.rdf	54711	[metatag = 5]0
table_quest_text_data.rdf	54712	[metatag = 5]301
table_quest_text_data.rdf	54713	[metatag = 5]1
table_quest_text_data.rdf	54801	"[metatag = 5][place = ""100103000""]"
table_quest_text_data.rdf	54803	[metatag = 5]2
table_quest_text_data.rdf	54806	[metatag = 5]의마인. 잡을 몹의 숫자와 필요한 시간은 레벨쪽에서 결정해 주세요.
table_quest_text_data.rdf	54811	[metatag = 5]0
table_quest_text_data.rdf	54812	[metatag = 5]810
table_quest_text_data.rdf	54901	"[metatag = 5][place = ""100103000""]"
table_quest_text_data.rdf	54902	"[metatag = 5][etc = ""3128""] VS. [etc = ""3098""]"
table_quest_text_data.rdf	54903	[metatag = 5]3
table_quest_text_data.rdf	54906	[metatag = 5]의마인. 퀘스트 수락하면 수련중인 기란족이 스폰되고 전투 들어 갑니다.
table_quest_text_data.rdf	54911	[metatag = 5]0
table_quest_text_data.rdf	54912	[metatag = 5]0
table_quest_text_data.rdf	54913	[metatag = 5]1
table_quest_text_data.rdf	55001	"[metatag = 5][place = ""100103000""]"
table_quest_text_data.rdf	55003	[metatag = 5]1
table_quest_text_data.rdf	55006	[metatag = 5]대마인 Max LP를 올려주는 스킬의 이름이 아직 정해지지 않았습니다. 일단 더미로 넣고 차후에 이름을 넣는 걸로 합니다. 칭칭 바위 오브젝트 제작 필요. 수련중인 기란족 NPC추가 필요
table_quest_text_data.rdf	55011	[metatag = 5]0
table_quest_text_data.rdf	55012	[metatag = 5]490
table_quest_text_data.rdf	55101	"[metatag = 5][place = ""100103000""]"
table_quest_text_data.rdf	55103	[metatag = 5]3
table_quest_text_data.rdf	55106	[metatag = 5]대마인. 퀘스트를 수락하면 수련중인 기란족이 스폰 됩니다.  수련중인 기란족이동을 합니다. 일정 거리 이동 후 준비 되었는지 맨트가 뜨고 듄 카붕이 몇마리 스폰됩니다. 사냥 후 다시 맨트 드고 사라지는 수련중인 기란족
table_quest_text_data.rdf	55111	[metatag = 5]0
table_quest_text_data.rdf	55112	[metatag = 5]170
table_quest_text_data.rdf	55201	"[metatag = 5][place = ""100103000""]"
table_quest_text_data.rdf	55203	[metatag = 5]1
table_quest_text_data.rdf	55211	[metatag = 5]0
table_quest_text_data.rdf	55212	[metatag = 5]55
table_quest_text_data.rdf	55301	"[metatag = 5][place = ""100103000""]"
table_quest_text_data.rdf	55303	[metatag = 5]2
table_quest_text_data.rdf	55311	[metatag = 5]0
table_quest_text_data.rdf	55312	[metatag = 5]806
table_quest_text_data.rdf	55401	"[metatag = 5][place = ""100103000""]"
table_quest_text_data.rdf	55403	[metatag = 5]1
table_quest_text_data.rdf	55411	[metatag = 5]0
table_quest_text_data.rdf	55412	[metatag = 5]1298
table_quest_text_data.rdf	55501	"[metatag = 5][place = ""100103000""]"
table_quest_text_data.rdf	55503	[metatag = 5]3
table_quest_text_data.rdf	55506	[metatag = 5]동가란 양기란 쪽으로 가서 시비를 건데 둘이 맨트를 주고 받음. 흥분한 동가란이 양기란을 주먹으로 한대 후려친다. 순간 양기란 겁에 질린 듯이 도망을 친다. 둘은 한자리를 빙빙 돌면서 쫏고 쫏긴다. 마구 놀리며 도망치는 양기란. 그러다 동가란 헉헉 거리며 쪽팔린 듯이 다시 자기 자리로 돌아 온다. 조소하는 양기란. (가능하면 말로)
table_quest_text_data.rdf	55511	[metatag = 5]0
table_quest_text_data.rdf	55512	[metatag = 5]43
table_quest_text_data.rdf	55601	"[metatag = 5][place = ""100103000""]"
table_quest_text_data.rdf	55603	[metatag = 5]2
table_quest_text_data.rdf	55611	[metatag = 5]0
table_quest_text_data.rdf	55612	[metatag = 5]50
table_quest_text_data.rdf	55701	"[metatag = 5][place = ""100103000""]"
table_quest_text_data.rdf	55703	[metatag = 5]3
table_quest_text_data.rdf	55706	[metatag = 5]대결. 수로 괴물과 전투
table_quest_text_data.rdf	55711	[metatag = 5]0
table_quest_text_data.rdf	55712	[metatag = 5]0
table_quest_text_data.rdf	55713	[metatag = 5]1
table_quest_text_data.rdf	55801	"[metatag = 5][place = ""100103000""]"
table_quest_text_data.rdf	55803	[metatag = 5]2
table_quest_text_data.rdf	55806	[metatag = 5](수로 괴물 애니매이션 연출 필요)
table_quest_text_data.rdf	55811	[metatag = 5]0
table_quest_text_data.rdf	55812	[metatag = 5]150
table_quest_text_data.rdf	55901	"[metatag = 5][place = ""100103000""]"
table_quest_text_data.rdf	55903	[metatag = 5]3
table_quest_text_data.rdf	55906	[metatag = 5]퀘스트를 수락하면 kiri 배터리를 달고 있는 프랑견이 스폰되어 수로의 북동쪽(수로 꿈틀이 재배맨이 있는 방향)으로 이동합니다. 북동에 있는 방의 중앙 정도에 거의 다 왔을 무렵에 제어불능 마인 2호 등장합니다. 마인의 미니 나레이션 ~~ 뻔뻔스러운 함정이지만 kiri가 필요하니 별수 없다는 둥의 말을 합니다. 쓰러뜨리고 나면 다시 미니 나레이션 대강의 내용은 남은 1명의 마인은 이미 프랑프랑이 아닌 곳에 있다며 user를 조롱합니다.
table_quest_text_data.rdf	55911	[metatag = 5]0
table_quest_text_data.rdf	55912	[metatag = 5]630
table_quest_text_data.rdf	56001	"[metatag = 5][place = ""100103000""]"
table_quest_text_data.rdf	56003	[metatag = 5]3
table_quest_text_data.rdf	56011	[metatag = 5]0
table_quest_text_data.rdf	56012	[metatag = 5]2040
table_quest_text_data.rdf	56101	"[metatag = 5][place = ""100103000""]"
table_quest_text_data.rdf	56103	[metatag = 5]3
table_quest_text_data.rdf	56111	[metatag = 5]0
table_quest_text_data.rdf	56112	[metatag = 5]1407
table_quest_text_data.rdf	56201	"[metatag = 5][place = ""100103000""]"
table_quest_text_data.rdf	56203	[metatag = 5]3
table_quest_text_data.rdf	56206	[metatag = 5]수로의 4귀퉁이에 있는 하얀색 시설(?)을 트리서 오브젝트로 사용합니다. 남동쪽의 펌프를 제외하면 모두 고장이 나서 사용이 불가능 해 보인다.
table_quest_text_data.rdf	56211	[metatag = 5]0
table_quest_text_data.rdf	56212	[metatag = 5]3250
table_quest_text_data.rdf	56301	"[metatag = 5][place = ""100103000""]"
table_quest_text_data.rdf	56303	[metatag = 5]2
table_quest_text_data.rdf	56311	[metatag = 5]0
table_quest_text_data.rdf	56312	[metatag = 5]1600
table_quest_text_data.rdf	56401	"[metatag = 5][place = ""100103000""]"
table_quest_text_data.rdf	56403	[metatag = 5]3
table_quest_text_data.rdf	56411	[metatag = 5]0
table_quest_text_data.rdf	56412	[metatag = 5]965
table_quest_text_data.rdf	56413	[metatag = 5]1
table_quest_text_data.rdf	56501	"[metatag = 5][place = ""100103000""]"
table_quest_text_data.rdf	56503	[metatag = 5]2
table_quest_text_data.rdf	56511	[metatag = 5]0
table_quest_text_data.rdf	56512	[metatag = 5]657
table_quest_text_data.rdf	56601	"[metatag = 5][place = ""100103000""]"
table_quest_text_data.rdf	56603	[metatag = 5]2
table_quest_text_data.rdf	56611	[metatag = 5]0
table_quest_text_data.rdf	56612	[metatag = 5]1615
table_quest_text_data.rdf	56701	"[metatag = 5][place = ""100103000""]"
table_quest_text_data.rdf	56703	[metatag = 5]3
table_quest_text_data.rdf	56711	[metatag = 5]0
table_quest_text_data.rdf	56712	[metatag = 5]120
table_quest_text_data.rdf	56713	[metatag = 5]1
table_quest_text_data.rdf	56801	"[metatag = 5][place = ""100103000""]"
table_quest_text_data.rdf	56803	[metatag = 5]3
table_quest_text_data.rdf	56811	[metatag = 5]0
table_quest_text_data.rdf	56812	[metatag = 5]2358
table_quest_text_data.rdf	56813	[metatag = 5]1
table_quest_text_data.rdf	56901	"[metatag = 5][place = ""100103000""]"
table_quest_text_data.rdf	56903	[metatag = 5]3
table_quest_text_data.rdf	56911	[metatag = 5]0
table_quest_text_data.rdf	56912	[metatag = 5]2700
table_quest_text_data.rdf	57001	"[metatag = 5][place = ""100103000""]"
table_quest_text_data.rdf	57003	[metatag = 5]3
table_quest_text_data.rdf	57011	[metatag = 5]0
table_quest_text_data.rdf	57012	[metatag = 5]2740
table_quest_text_data.rdf	57013	[metatag = 5]1
table_quest_text_data.rdf	57101	"[metatag = 5][place = ""100103000""]"
table_quest_text_data.rdf	57103	[metatag = 5]3
table_quest_text_data.rdf	57106	[metatag = 5]파견 기술자. 미니 나레이션. 자신은 그냥 파에리아 님이 파견 보낸 기술자일 뿐이니 죽이지 말아 달라고 한다. 죽으며 미니 나레이션으로 Towa의 이름을 부른다.
table_quest_text_data.rdf	57111	[metatag = 5]0
table_quest_text_data.rdf	57112	[metatag = 5]915
table_quest_text_data.rdf	57113	[metatag = 5]1
table_quest_text_data.rdf	57201	"[metatag = 5][place = ""100103000""]"
table_quest_text_data.rdf	57203	[metatag = 5]3
table_quest_text_data.rdf	57211	[metatag = 5]0
table_quest_text_data.rdf	57212	[metatag = 5]50
table_quest_text_data.rdf	57213	[metatag = 5]1
table_quest_text_data.rdf	57301	"[metatag = 5][place = ""100103000""]"
table_quest_text_data.rdf	57303	[metatag = 5]3
table_quest_text_data.rdf	57311	[metatag = 5]0
table_quest_text_data.rdf	57312	[metatag = 5]1607
table_quest_text_data.rdf	57313	[metatag = 5]3
table_quest_text_data.rdf	57401	"[metatag = 5][place = ""100103000""]"
table_quest_text_data.rdf	57403	[metatag = 5]3
table_quest_text_data.rdf	57411	[metatag = 5]0
table_quest_text_data.rdf	57412	[metatag = 5]0
table_quest_text_data.rdf	57413	[metatag = 5]1
table_quest_text_data.rdf	57501	"[metatag = 5][place = ""100103000""]"
table_quest_text_data.rdf	57503	[metatag = 5]1
table_quest_text_data.rdf	57511	[metatag = 5]0
table_quest_text_data.rdf	57512	[metatag = 5]90
table_quest_text_data.rdf	57601	"[metatag = 5][place = ""100103000""]"
table_quest_text_data.rdf	57603	[metatag = 5]1
table_quest_text_data.rdf	57611	[metatag = 5]0
table_quest_text_data.rdf	57612	[metatag = 5]160
table_quest_text_data.rdf	57701	"[metatag = 5][place = ""100103000""]"
table_quest_text_data.rdf	57703	[metatag = 5]2
table_quest_text_data.rdf	57711	[metatag = 5]0
table_quest_text_data.rdf	57712	[metatag = 5]1431
table_quest_text_data.rdf	57801	"[metatag = 5][place = ""100103000""]"
table_quest_text_data.rdf	57803	[metatag = 5]2
table_quest_text_data.rdf	57811	[metatag = 5]0
table_quest_text_data.rdf	57812	[metatag = 5]1518
table_quest_text_data.rdf	57901	"[metatag = 5][place = ""100103000""]"
table_quest_text_data.rdf	57903	[metatag = 5]1
table_quest_text_data.rdf	57910	[metatag = 5]스카우터 개선으로 사용 안함
table_quest_text_data.rdf	57911	[metatag = 5]0
table_quest_text_data.rdf	57912	[metatag = 5]0
table_quest_text_data.rdf	58001	"[metatag = 5][place = ""100103000""]"
table_quest_text_data.rdf	58002	"[metatag = 5][object = ""1000""]"
table_quest_text_data.rdf	58003	[metatag = 5]1
table_quest_text_data.rdf	58011	[metatag = 5]0
table_quest_text_data.rdf	58012	[metatag = 5]302
table_quest_text_data.rdf	58101	"[metatag = 5][place = ""100103000""]"
table_quest_text_data.rdf	58103	[metatag = 5]2
table_quest_text_data.rdf	58111	[metatag = 5]0
table_quest_text_data.rdf	58112	[metatag = 5]554
table_quest_text_data.rdf	58201	"[metatag = 5][place = ""100103000""]"
table_quest_text_data.rdf	58203	[metatag = 5]3
table_quest_text_data.rdf	58211	[metatag = 5]0
table_quest_text_data.rdf	58212	[metatag = 5]735
table_quest_text_data.rdf	58213	[metatag = 5]1
table_quest_text_data.rdf	58301	"[metatag = 5][place = ""100103000""]"
table_quest_text_data.rdf	58303	[metatag = 5]2
table_quest_text_data.rdf	58311	[metatag = 5]0
table_quest_text_data.rdf	58312	[metatag = 5]550
table_quest_text_data.rdf	58401	"[metatag = 5][place = ""100103000""]"
table_quest_text_data.rdf	58403	[metatag = 5]3
table_quest_text_data.rdf	58411	[metatag = 5]0
table_quest_text_data.rdf	58412	[metatag = 5]624
table_quest_text_data.rdf	58413	[metatag = 5]1
table_quest_text_data.rdf	58501	"[metatag = 5][place = ""100103000""]"
table_quest_text_data.rdf	58503	[metatag = 5]1
table_quest_text_data.rdf	58511	[metatag = 5]0
table_quest_text_data.rdf	58512	[metatag = 5]100
table_quest_text_data.rdf	58601	"[metatag = 5][place = ""100103000""]"
table_quest_text_data.rdf	58603	[metatag = 5]1
table_quest_text_data.rdf	58611	[metatag = 5]0
table_quest_text_data.rdf	58612	[metatag = 5]100
table_quest_text_data.rdf	58701	"[metatag = 5][place = ""100103000""]"
table_quest_text_data.rdf	58703	[metatag = 5]1
table_quest_text_data.rdf	58711	[metatag = 5]0
table_quest_text_data.rdf	58712	[metatag = 5]100
table_quest_text_data.rdf	58801	"[metatag = 5][place = ""100103000""]"
table_quest_text_data.rdf	58803	[metatag = 5]1
table_quest_text_data.rdf	58811	[metatag = 5]0
table_quest_text_data.rdf	58812	[metatag = 5]516
table_quest_text_data.rdf	58901	"[metatag = 5][place = ""100103000""]"
table_quest_text_data.rdf	58903	[metatag = 5]1
table_quest_text_data.rdf	58911	[metatag = 5]0
table_quest_text_data.rdf	58912	[metatag = 5]516
table_quest_text_data.rdf	59001	"[metatag = 5][place = ""100103000""]"
table_quest_text_data.rdf	59003	[metatag = 5]1
table_quest_text_data.rdf	59011	[metatag = 5]0
table_quest_text_data.rdf	59012	[metatag = 5]0
table_quest_text_data.rdf	59101	"[metatag = 5][place = ""100103000""]"
table_quest_text_data.rdf	59103	[metatag = 5]1
table_quest_text_data.rdf	59111	[metatag = 5]0
table_quest_text_data.rdf	59112	[metatag = 5]10
table_quest_text_data.rdf	59201	"[metatag = 5][place = ""100103000""]"
table_quest_text_data.rdf	59203	[metatag = 5]1
table_quest_text_data.rdf	59211	[metatag = 5]0
table_quest_text_data.rdf	59212	[metatag = 5]405
table_quest_text_data.rdf	59301	"[metatag = 5][place = ""100103000""]"
table_quest_text_data.rdf	59303	[metatag = 5]2
table_quest_text_data.rdf	59311	[metatag = 5]0
table_quest_text_data.rdf	59312	[metatag = 5]500
table_quest_text_data.rdf	59401	"[metatag = 5][place = ""100103000""]"
table_quest_text_data.rdf	59403	[metatag = 5]2
table_quest_text_data.rdf	59411	[metatag = 5]0
table_quest_text_data.rdf	59412	[metatag = 5]20
table_quest_text_data.rdf	59501	"[metatag = 5][place = ""100103000""]"
table_quest_text_data.rdf	59503	[metatag = 5]2
table_quest_text_data.rdf	59511	[metatag = 5]0
table_quest_text_data.rdf	59512	[metatag = 5]20
table_quest_text_data.rdf	59601	"[metatag = 5][place = ""100103000""]"
table_quest_text_data.rdf	59603	[metatag = 5]2
table_quest_text_data.rdf	59611	[metatag = 5]0
table_quest_text_data.rdf	59612	[metatag = 5]0
table_quest_text_data.rdf	59701	"[metatag = 5][place = ""100103000""]"
table_quest_text_data.rdf	59703	[metatag = 5]2
table_quest_text_data.rdf	59711	[metatag = 5]0
table_quest_text_data.rdf	59712	[metatag = 5]0
table_quest_text_data.rdf	59801	"[metatag = 5][place = ""100103000""]"
table_quest_text_data.rdf	59803	[metatag = 5]1
table_quest_text_data.rdf	59811	[metatag = 5]0
table_quest_text_data.rdf	59901	"[metatag = 5][place = ""100103000""]"
table_quest_text_data.rdf	59903	[metatag = 5]1
table_quest_text_data.rdf	59911	[metatag = 5]0
table_quest_text_data.rdf	60001	"[metatag = 5][place = ""100103000""]"
table_quest_text_data.rdf	60003	[metatag = 5]1
table_quest_text_data.rdf	60011	[metatag = 5]0
table_quest_text_data.rdf	60012	[metatag = 5]240
table_quest_text_data.rdf	60101	"[metatag = 5][place = ""100107000""]"
table_quest_text_data.rdf	60103	[metatag = 5]1
table_quest_text_data.rdf	60111	[metatag = 5]0
table_quest_text_data.rdf	60112	[metatag = 5]590
table_quest_text_data.rdf	60201	"[metatag = 5][place = ""100107000""]"
table_quest_text_data.rdf	60203	[metatag = 5]2
table_quest_text_data.rdf	60211	[metatag = 5]0
table_quest_text_data.rdf	60212	[metatag = 5]426
table_quest_text_data.rdf	60301	"[metatag = 5][place = ""100107000""]"
table_quest_text_data.rdf	60303	[metatag = 5]2
table_quest_text_data.rdf	60311	[metatag = 5]0
table_quest_text_data.rdf	60312	[metatag = 5]170
table_quest_text_data.rdf	60401	"[metatag = 5][place = ""100107000""]"
table_quest_text_data.rdf	60403	[metatag = 5]1
table_quest_text_data.rdf	60411	[metatag = 5]0
table_quest_text_data.rdf	60412	[metatag = 5]35
table_quest_text_data.rdf	60501	"[metatag = 5][place = ""100107000""]"
table_quest_text_data.rdf	60503	[metatag = 5]2
table_quest_text_data.rdf	60511	[metatag = 5]0
table_quest_text_data.rdf	60512	[metatag = 5]1560
table_quest_text_data.rdf	60601	"[metatag = 5][place = ""100107000""]"
table_quest_text_data.rdf	60603	[metatag = 5]2
table_quest_text_data.rdf	60606	[metatag = 5]스폰
table_quest_text_data.rdf	60611	[metatag = 5]0
table_quest_text_data.rdf	60612	[metatag = 5]918
table_quest_text_data.rdf	60613	[metatag = 5]1
table_quest_text_data.rdf	60701	"[metatag = 5][place = ""100107000""]"
table_quest_text_data.rdf	60703	[metatag = 5]2
table_quest_text_data.rdf	60711	[metatag = 5]0
table_quest_text_data.rdf	60712	[metatag = 5]1790
table_quest_text_data.rdf	60801	"[metatag = 5][place = ""100107000""]"
table_quest_text_data.rdf	60803	[metatag = 5]2
table_quest_text_data.rdf	60811	[metatag = 5]0
table_quest_text_data.rdf	60812	[metatag = 5]415
table_quest_text_data.rdf	60901	"[metatag = 5][place = ""100107000""]"
table_quest_text_data.rdf	60903	[metatag = 5]2
table_quest_text_data.rdf	60911	[metatag = 5]0
table_quest_text_data.rdf	60912	[metatag = 5]426
table_quest_text_data.rdf	61001	"[metatag = 5][place = ""100107000""]"
table_quest_text_data.rdf	61003	[metatag = 5]1
table_quest_text_data.rdf	61011	[metatag = 5]0
table_quest_text_data.rdf	61012	[metatag = 5]1353
table_quest_text_data.rdf	61101	"[metatag = 5][place = ""100107000""]"
table_quest_text_data.rdf	61103	[metatag = 5]1
table_quest_text_data.rdf	61111	[metatag = 5]0
table_quest_text_data.rdf	61112	[metatag = 5]1483
table_quest_text_data.rdf	61201	"[metatag = 5][place = ""100107000""]"
table_quest_text_data.rdf	61203	[metatag = 5]1
table_quest_text_data.rdf	61211	[metatag = 5]0
table_quest_text_data.rdf	61212	[metatag = 5]614
table_quest_text_data.rdf	61301	"[metatag = 5][place = ""100107000""]"
table_quest_text_data.rdf	61303	[metatag = 5]1
table_quest_text_data.rdf	61311	[metatag = 5]0
table_quest_text_data.rdf	61312	[metatag = 5]721
table_quest_text_data.rdf	61401	"[metatag = 5][place = ""100107000""]"
table_quest_text_data.rdf	61403	[metatag = 5]1
table_quest_text_data.rdf	61411	[metatag = 5]0
table_quest_text_data.rdf	61412	[metatag = 5]1077
table_quest_text_data.rdf	61501	"[metatag = 5][place = ""100107000""]"
table_quest_text_data.rdf	61503	[metatag = 5]1
table_quest_text_data.rdf	61506	[metatag = 5]스폰
table_quest_text_data.rdf	61511	[metatag = 5]0
table_quest_text_data.rdf	61512	[metatag = 5]0
table_quest_text_data.rdf	61601	"[metatag = 5][place = ""100107000""]"
table_quest_text_data.rdf	61603	[metatag = 5]1
table_quest_text_data.rdf	61611	[metatag = 5]0
table_quest_text_data.rdf	61612	[metatag = 5]45
table_quest_text_data.rdf	61701	"[metatag = 5][place = ""100107000""]"
table_quest_text_data.rdf	61703	[metatag = 5]2
table_quest_text_data.rdf	61711	[metatag = 5]0
table_quest_text_data.rdf	61712	[metatag = 5]340
table_quest_text_data.rdf	61801	"[metatag = 5][place = ""100107000""]"
table_quest_text_data.rdf	61803	[metatag = 5]2
table_quest_text_data.rdf	61811	[metatag = 5]0
table_quest_text_data.rdf	61812	[metatag = 5]1004
table_quest_text_data.rdf	61901	"[metatag = 5][place = ""100107000""]"
table_quest_text_data.rdf	61903	[metatag = 5]1
table_quest_text_data.rdf	61911	[metatag = 5]0
table_quest_text_data.rdf	61912	[metatag = 5]45
table_quest_text_data.rdf	62001	"[metatag = 5][place = ""100107000""]"
table_quest_text_data.rdf	62003	[metatag = 5]1
table_quest_text_data.rdf	62006	[metatag = 5]teleport
table_quest_text_data.rdf	62011	[metatag = 5]0
table_quest_text_data.rdf	62012	[metatag = 5]100
table_quest_text_data.rdf	62101	"[metatag = 5][place = ""100107000""]"
table_quest_text_data.rdf	62103	[metatag = 5]2
table_quest_text_data.rdf	62111	[metatag = 5]0
table_quest_text_data.rdf	62112	[metatag = 5]250
table_quest_text_data.rdf	62201	"[metatag = 5][place = ""100107000""]"
table_quest_text_data.rdf	62203	[metatag = 5]2
table_quest_text_data.rdf	62206	[metatag = 5]스폰
table_quest_text_data.rdf	62211	[metatag = 5]0
table_quest_text_data.rdf	62212	[metatag = 5]0
table_quest_text_data.rdf	62301	"[metatag = 5][place = ""100107000""]"
table_quest_text_data.rdf	62303	[metatag = 5]1
table_quest_text_data.rdf	62311	[metatag = 5]0
table_quest_text_data.rdf	62312	[metatag = 5]657
table_quest_text_data.rdf	62401	"[metatag = 5][place = ""100107000""]"
table_quest_text_data.rdf	62403	[metatag = 5]2
table_quest_text_data.rdf	62411	[metatag = 5]0
table_quest_text_data.rdf	62412	[metatag = 5]250
table_quest_text_data.rdf	62501	"[metatag = 5][place = ""100107000""]"
table_quest_text_data.rdf	62503	[metatag = 5]2
table_quest_text_data.rdf	62511	[metatag = 5]0
table_quest_text_data.rdf	62512	[metatag = 5]808
table_quest_text_data.rdf	62601	"[metatag = 5][place = ""100107000""]"
table_quest_text_data.rdf	62603	[metatag = 5]2
table_quest_text_data.rdf	62611	[metatag = 5]0
table_quest_text_data.rdf	62612	[metatag = 5]808
table_quest_text_data.rdf	62701	"[metatag = 5][place = ""100107000""]"
table_quest_text_data.rdf	62703	[metatag = 5]1
table_quest_text_data.rdf	62711	[metatag = 5]0
table_quest_text_data.rdf	62712	[metatag = 5]100
table_quest_text_data.rdf	62801	"[metatag = 5][place = ""100107000""]"
table_quest_text_data.rdf	62803	[metatag = 5]1
table_quest_text_data.rdf	62811	[metatag = 5]0
table_quest_text_data.rdf	62812	[metatag = 5]463
table_quest_text_data.rdf	62901	"[metatag = 5][place = ""100107000""]"
table_quest_text_data.rdf	62903	[metatag = 5]2
table_quest_text_data.rdf	62911	[metatag = 5]0
table_quest_text_data.rdf	62912	[metatag = 5]594
table_quest_text_data.rdf	63001	"[metatag = 5][place = ""100107000""]"
table_quest_text_data.rdf	63003	[metatag = 5]2
table_quest_text_data.rdf	63011	[metatag = 5]0
table_quest_text_data.rdf	63012	[metatag = 5]594
table_quest_text_data.rdf	63101	"[metatag = 5][place = ""100107000""]"
table_quest_text_data.rdf	63103	[metatag = 5]1
table_quest_text_data.rdf	63111	[metatag = 5]0
table_quest_text_data.rdf	63112	[metatag = 5]699
table_quest_text_data.rdf	63201	"[metatag = 5][place = ""100107000""]"
table_quest_text_data.rdf	63203	[metatag = 5]1
table_quest_text_data.rdf	63211	[metatag = 5]0
table_quest_text_data.rdf	63212	[metatag = 5]699
table_quest_text_data.rdf	63301	"[metatag = 5][place = ""100107000""]"
table_quest_text_data.rdf	63303	[metatag = 5]1
table_quest_text_data.rdf	63311	[metatag = 5]0
table_quest_text_data.rdf	63312	[metatag = 5]699
table_quest_text_data.rdf	63401	"[metatag = 5][place = ""100107000""]"
table_quest_text_data.rdf	63403	[metatag = 5]1
table_quest_text_data.rdf	63411	[metatag = 5]0
table_quest_text_data.rdf	63412	[metatag = 5]699
table_quest_text_data.rdf	63501	"[metatag = 5][place = ""100107000""]"
table_quest_text_data.rdf	63502	"[metatag = 5][place = ""1000058""]"
table_quest_text_data.rdf	63503	[metatag = 5]1
table_quest_text_data.rdf	63506	[metatag = 5]teleport
table_quest_text_data.rdf	63511	[metatag = 5]0
table_quest_text_data.rdf	63512	[metatag = 5]100
table_quest_text_data.rdf	63601	"[metatag = 5][place = ""100107000""]"
table_quest_text_data.rdf	63603	[metatag = 5]2
table_quest_text_data.rdf	63611	[metatag = 5]0
table_quest_text_data.rdf	63612	[metatag = 5]808
table_quest_text_data.rdf	63701	"[metatag = 5][place = ""100107000""]"
table_quest_text_data.rdf	63703	[metatag = 5]1
table_quest_text_data.rdf	63711	[metatag = 5]0
table_quest_text_data.rdf	63712	[metatag = 5]1113
table_quest_text_data.rdf	63801	"[metatag = 5][place = ""100107000""]"
table_quest_text_data.rdf	63803	[metatag = 5]2
table_quest_text_data.rdf	63811	[metatag = 5]0
table_quest_text_data.rdf	63812	[metatag = 5]808
table_quest_text_data.rdf	63901	"[metatag = 5][place = ""100107000""]"
table_quest_text_data.rdf	63903	[metatag = 5]3
table_quest_text_data.rdf	63906	[metatag = 5]마인의 요리모자를 집으면 중독된 늑대들이 나타나 유저를 공격한다. 스폰
table_quest_text_data.rdf	63911	[metatag = 5]0
table_quest_text_data.rdf	63912	[metatag = 5]1010
table_quest_text_data.rdf	64001	"[metatag = 5][place = ""100107000""]"
table_quest_text_data.rdf	64003	[metatag = 5]1
table_quest_text_data.rdf	64011	[metatag = 5]0
table_quest_text_data.rdf	64012	[metatag = 5]100
table_quest_text_data.rdf	64101	"[metatag = 5][place = ""100107000""]"
table_quest_text_data.rdf	64103	[metatag = 5]1
table_quest_text_data.rdf	64111	[metatag = 5]0
table_quest_text_data.rdf	64112	[metatag = 5]2120
table_quest_text_data.rdf	64201	"[metatag = 5][place = ""100107000""]"
table_quest_text_data.rdf	64203	[metatag = 5]2
table_quest_text_data.rdf	64211	[metatag = 5]0
table_quest_text_data.rdf	64212	[metatag = 5]540
table_quest_text_data.rdf	64301	"[metatag = 5][place = ""100107000""]"
table_quest_text_data.rdf	64303	[metatag = 5]1
table_quest_text_data.rdf	64311	[metatag = 5]0
table_quest_text_data.rdf	64312	[metatag = 5]251
table_quest_text_data.rdf	64401	"[metatag = 5][place = ""100107000""]"
table_quest_text_data.rdf	64403	[metatag = 5]1
table_quest_text_data.rdf	64411	[metatag = 5]0
table_quest_text_data.rdf	64412	[metatag = 5]1002
table_quest_text_data.rdf	64501	"[metatag = 5][place = ""100107000""]"
table_quest_text_data.rdf	64503	[metatag = 5]2
table_quest_text_data.rdf	64511	[metatag = 5]0
table_quest_text_data.rdf	64512	[metatag = 5]0
table_quest_text_data.rdf	64601	"[metatag = 5][place = ""100107000""]"
table_quest_text_data.rdf	64603	[metatag = 5]1
table_quest_text_data.rdf	64611	[metatag = 5]0
table_quest_text_data.rdf	64612	[metatag = 5]369
table_quest_text_data.rdf	64701	"[metatag = 5][place = ""100107000""]"
table_quest_text_data.rdf	64703	[metatag = 5]1
table_quest_text_data.rdf	64711	[metatag = 5]0
table_quest_text_data.rdf	64712	[metatag = 5]440
table_quest_text_data.rdf	64801	"[metatag = 5][place = ""100107000""]"
table_quest_text_data.rdf	64803	[metatag = 5]2
table_quest_text_data.rdf	64811	[metatag = 5]0
table_quest_text_data.rdf	64812	[metatag = 5]580
table_quest_text_data.rdf	64901	"[metatag = 5][place = ""100107000""]"
table_quest_text_data.rdf	64903	[metatag = 5]1
table_quest_text_data.rdf	64911	[metatag = 5]0
table_quest_text_data.rdf	64912	[metatag = 5]396
table_quest_text_data.rdf	65001	"[metatag = 5][place = ""100107000""]"
table_quest_text_data.rdf	65003	[metatag = 5]1
table_quest_text_data.rdf	65011	[metatag = 5]0
table_quest_text_data.rdf	65012	[metatag = 5]244
table_quest_text_data.rdf	65101	"[metatag = 5][place = ""100107000""]"
table_quest_text_data.rdf	65103	[metatag = 5]2
table_quest_text_data.rdf	65111	[metatag = 5]0
table_quest_text_data.rdf	65112	[metatag = 5]1408
table_quest_text_data.rdf	65201	"[metatag = 5][place = ""100107000""]"
table_quest_text_data.rdf	65203	[metatag = 5]2
table_quest_text_data.rdf	65211	[metatag = 5]0
table_quest_text_data.rdf	65212	[metatag = 5]822
table_quest_text_data.rdf	65301	"[metatag = 5][place = ""100107000""]"
table_quest_text_data.rdf	65303	[metatag = 5]1
table_quest_text_data.rdf	65311	[metatag = 5]0
table_quest_text_data.rdf	65312	[metatag = 5]916
table_quest_text_data.rdf	65401	"[metatag = 5][place = ""100107000""]"
table_quest_text_data.rdf	65403	[metatag = 5]1
table_quest_text_data.rdf	65411	[metatag = 5]0
table_quest_text_data.rdf	65412	[metatag = 5]387
table_quest_text_data.rdf	65501	"[metatag = 5][place = ""100107000""]"
table_quest_text_data.rdf	65503	[metatag = 5]1
table_quest_text_data.rdf	65506	[metatag = 5]Quiz
table_quest_text_data.rdf	65511	[metatag = 5]0
table_quest_text_data.rdf	65512	[metatag = 5]0
table_quest_text_data.rdf	65601	"[metatag = 5][place = ""100107000""]"
table_quest_text_data.rdf	65603	[metatag = 5]1
table_quest_text_data.rdf	65611	[metatag = 5]0
table_quest_text_data.rdf	65612	[metatag = 5]387
table_quest_text_data.rdf	65701	"[metatag = 5][place = ""100107000""]"
table_quest_text_data.rdf	65703	[metatag = 5]1
table_quest_text_data.rdf	65711	[metatag = 5]0
table_quest_text_data.rdf	65712	[metatag = 5]327
table_quest_text_data.rdf	65801	"[metatag = 5][place = ""100107000""]"
table_quest_text_data.rdf	65803	[metatag = 5]2
table_quest_text_data.rdf	65811	[metatag = 5]0
table_quest_text_data.rdf	65812	[metatag = 5]658
table_quest_text_data.rdf	65901	"[metatag = 5][place = ""100107000""]"
table_quest_text_data.rdf	65903	[metatag = 5]2
table_quest_text_data.rdf	65911	[metatag = 5]0
table_quest_text_data.rdf	65912	[metatag = 5]891
table_quest_text_data.rdf	66001	"[metatag = 5][place = ""100107000""]"
table_quest_text_data.rdf	66003	[metatag = 5]1
table_quest_text_data.rdf	66011	[metatag = 5]0
table_quest_text_data.rdf	66012	[metatag = 5]365
table_quest_text_data.rdf	66101	"[metatag = 5][place = ""100107000""]"
table_quest_text_data.rdf	66103	[metatag = 5]1
table_quest_text_data.rdf	66111	[metatag = 5]0
table_quest_text_data.rdf	66112	[metatag = 5]365
table_quest_text_data.rdf	66201	"[metatag = 5][place = ""100107000""]"
table_quest_text_data.rdf	66203	[metatag = 5]1
table_quest_text_data.rdf	66211	[metatag = 5]0
table_quest_text_data.rdf	66212	[metatag = 5]1449
table_quest_text_data.rdf	66301	"[metatag = 5][place = ""100107000""]"
table_quest_text_data.rdf	66303	[metatag = 5]2
table_quest_text_data.rdf	66311	[metatag = 5]0
table_quest_text_data.rdf	66312	[metatag = 5]618
table_quest_text_data.rdf	66401	"[metatag = 5][place = ""100107000""]"
table_quest_text_data.rdf	66403	[metatag = 5]2
table_quest_text_data.rdf	66411	[metatag = 5]0
table_quest_text_data.rdf	66412	[metatag = 5]618
table_quest_text_data.rdf	66501	"[metatag = 5][place = ""100107000""]"
table_quest_text_data.rdf	66503	[metatag = 5]1
table_quest_text_data.rdf	66511	[metatag = 5]0
table_quest_text_data.rdf	66512	[metatag = 5]206
table_quest_text_data.rdf	66601	"[metatag = 5][place = ""100107000""]"
table_quest_text_data.rdf	66603	[metatag = 5]2
table_quest_text_data.rdf	66611	[metatag = 5]0
table_quest_text_data.rdf	66612	[metatag = 5]468
table_quest_text_data.rdf	66701	"[metatag = 5][place = ""100107000""]"
table_quest_text_data.rdf	66703	[metatag = 5]1
table_quest_text_data.rdf	66711	[metatag = 5]0
table_quest_text_data.rdf	66712	[metatag = 5]693
table_quest_text_data.rdf	66801	"[metatag = 5][place = ""100107000""]"
table_quest_text_data.rdf	66803	[metatag = 5]2
table_quest_text_data.rdf	66806	[metatag = 5]장착아이템을 착용하고 몹을 사냥하면 키리 보고서가 생성된다. 
table_quest_text_data.rdf	66811	[metatag = 5]0
table_quest_text_data.rdf	66812	[metatag = 5]546
table_quest_text_data.rdf	66901	"[metatag = 5][place = ""100107000""]"
table_quest_text_data.rdf	66903	[metatag = 5]1
table_quest_text_data.rdf	66906	[metatag = 5]드래곤볼 제단 앞에 쓰러진 마인이 있다. 
table_quest_text_data.rdf	66911	[metatag = 5]0
table_quest_text_data.rdf	66912	[metatag = 5]741
table_quest_text_data.rdf	67001	"[metatag = 5][place = ""100107000""]"
table_quest_text_data.rdf	67003	[metatag = 5]3
table_quest_text_data.rdf	67006	"[metatag = 5]마을까지 호위, 이앞은 위험하다며 돌아서 코우에게 이동
중간에 마인의 정보를 알아보러 갔던 다른 마인들의 습격
넘어졌다 호위 를 하면 일어나서 걷기 시작한다. 호위 종료 지점까지 오게 되면 자신은 먼저 갈테니 코우를 만나라고 한다. "
table_quest_text_data.rdf	67011	[metatag = 5]0
table_quest_text_data.rdf	67012	[metatag = 5]770
table_quest_text_data.rdf	67101	"[metatag = 5][place = ""100107000""]"
table_quest_text_data.rdf	67103	[metatag = 5]1
table_quest_text_data.rdf	67111	[metatag = 5]0
table_quest_text_data.rdf	67112	[metatag = 5]997
table_quest_text_data.rdf	67201	"[metatag = 5][place = ""100107000""]"
table_quest_text_data.rdf	67203	[metatag = 5]3
table_quest_text_data.rdf	67211	[metatag = 5]0
table_quest_text_data.rdf	67212	[metatag = 5]649
table_quest_text_data.rdf	67213	[metatag = 5]2
table_quest_text_data.rdf	67301	"[metatag = 5][place = ""100107000""]"
table_quest_text_data.rdf	67303	[metatag = 5]1
table_quest_text_data.rdf	67311	[metatag = 5]0
table_quest_text_data.rdf	67312	[metatag = 5]595
table_quest_text_data.rdf	67401	"[metatag = 5][place = ""100107000""]"
table_quest_text_data.rdf	67403	[metatag = 5]1
table_quest_text_data.rdf	67411	[metatag = 5]0
table_quest_text_data.rdf	67412	[metatag = 5]222
table_quest_text_data.rdf	67501	"[metatag = 5][place = ""100107000""]"
table_quest_text_data.rdf	67503	[metatag = 5]2
table_quest_text_data.rdf	67511	[metatag = 5]0
table_quest_text_data.rdf	67512	[metatag = 5]200
table_quest_text_data.rdf	67601	"[metatag = 5][place = ""100107000""]"
table_quest_text_data.rdf	67603	[metatag = 5]1
table_quest_text_data.rdf	67611	[metatag = 5]0
table_quest_text_data.rdf	67612	[metatag = 5]349
table_quest_text_data.rdf	67701	"[metatag = 5][place = ""100107000""]"
table_quest_text_data.rdf	67703	[metatag = 5]2
table_quest_text_data.rdf	67711	[metatag = 5]0
table_quest_text_data.rdf	67712	[metatag = 5]1680
table_quest_text_data.rdf	67801	"[metatag = 5][place = ""100107000""]"
table_quest_text_data.rdf	67803	[metatag = 5]1
table_quest_text_data.rdf	67811	[metatag = 5]0
table_quest_text_data.rdf	67812	[metatag = 5]232
table_quest_text_data.rdf	67901	"[metatag = 5][place = ""100107000""]"
table_quest_text_data.rdf	67903	[metatag = 5]3
table_quest_text_data.rdf	67911	[metatag = 5]0
table_quest_text_data.rdf	67912	[metatag = 5]2490
table_quest_text_data.rdf	67913	[metatag = 5]1
table_quest_text_data.rdf	68001	"[metatag = 5][place = ""100107000""]"
table_quest_text_data.rdf	68003	[metatag = 5]1
table_quest_text_data.rdf	68011	[metatag = 5]0
table_quest_text_data.rdf	68012	[metatag = 5]181
table_quest_text_data.rdf	68101	"[metatag = 5][place = ""100107000""]"
table_quest_text_data.rdf	68103	[metatag = 5]2
table_quest_text_data.rdf	68111	[metatag = 5]0
table_quest_text_data.rdf	68112	[metatag = 5]474
table_quest_text_data.rdf	68201	"[metatag = 5][place = ""100107000""]"
table_quest_text_data.rdf	68203	[metatag = 5]3
table_quest_text_data.rdf	68207	[metatag = 5]...
table_quest_text_data.rdf	68209	[metatag = 5]...
table_quest_text_data.rdf	68211	[metatag = 5]0
table_quest_text_data.rdf	68212	[metatag = 5]0
table_quest_text_data.rdf	68213	[metatag = 5]1
table_quest_text_data.rdf	68301	"[metatag = 5][place = ""100107000""]"
table_quest_text_data.rdf	68303	[metatag = 5]1
table_quest_text_data.rdf	68311	[metatag = 5]0
table_quest_text_data.rdf	68312	[metatag = 5]50
table_quest_text_data.rdf	68401	"[metatag = 5][place = ""100107000""]"
table_quest_text_data.rdf	68403	[metatag = 5]2
table_quest_text_data.rdf	68411	[metatag = 5]0
table_quest_text_data.rdf	68412	[metatag = 5]714
table_quest_text_data.rdf	68501	"[metatag = 5][place = ""100107000""]"
table_quest_text_data.rdf	68503	[metatag = 5]3
table_quest_text_data.rdf	68511	[metatag = 5]0
table_quest_text_data.rdf	68512	[metatag = 5]948
table_quest_text_data.rdf	68513	[metatag = 5]1
table_quest_text_data.rdf	68601	"[metatag = 5][place = ""100107000""]"
table_quest_text_data.rdf	68603	[metatag = 5]1
table_quest_text_data.rdf	68611	[metatag = 5]0
table_quest_text_data.rdf	68612	[metatag = 5]1354
table_quest_text_data.rdf	68701	"[metatag = 5][place = ""100107000""]"
table_quest_text_data.rdf	68703	[metatag = 5]2
table_quest_text_data.rdf	68711	[metatag = 5]0
table_quest_text_data.rdf	68712	[metatag = 5]1608
table_quest_text_data.rdf	68801	"[metatag = 5][place = ""100107000""]"
table_quest_text_data.rdf	68803	[metatag = 5]2
table_quest_text_data.rdf	68811	[metatag = 5]0
table_quest_text_data.rdf	68812	[metatag = 5]412
table_quest_text_data.rdf	68901	"[metatag = 5][place = ""100107000""]"
table_quest_text_data.rdf	68903	[metatag = 5]2
table_quest_text_data.rdf	68911	[metatag = 5]0
table_quest_text_data.rdf	68912	[metatag = 5]412
table_quest_text_data.rdf	69001	"[metatag = 5][place = ""100107000""]"
table_quest_text_data.rdf	69003	[metatag = 5]2
table_quest_text_data.rdf	69006	"[metatag = 5]그곳에 도착 하면 반쯤 미친듯한 레드팬츠군이 소환되며 키리 키리를 외치고 유저에게 달려든다. 
(스폰 아닌 배치로 수정)"
table_quest_text_data.rdf	69011	[metatag = 5]0
table_quest_text_data.rdf	69012	[metatag = 5]1860
table_quest_text_data.rdf	69101	"[metatag = 5][place = ""100107000""]"
table_quest_text_data.rdf	69103	[metatag = 5]1
table_quest_text_data.rdf	69111	[metatag = 5]0
table_quest_text_data.rdf	69112	[metatag = 5]247
table_quest_text_data.rdf	69201	"[metatag = 5][place = ""100107000""]"
table_quest_text_data.rdf	69203	[metatag = 5]3
table_quest_text_data.rdf	69211	[metatag = 5]0
table_quest_text_data.rdf	69212	[metatag = 5]608
table_quest_text_data.rdf	69301	"[metatag = 5][place = ""100107000""]"
table_quest_text_data.rdf	69303	[metatag = 5]1
table_quest_text_data.rdf	69311	[metatag = 5]0
table_quest_text_data.rdf	69312	[metatag = 5]247
table_quest_text_data.rdf	69401	"[metatag = 5][place = ""100107000""]"
table_quest_text_data.rdf	69403	[metatag = 5]2
table_quest_text_data.rdf	69406	[metatag = 5]웨어. 프라늄 수집기를 이용하여 적을 죽이면 된다.
table_quest_text_data.rdf	69411	[metatag = 5]0
table_quest_text_data.rdf	69412	[metatag = 5]2789
table_quest_text_data.rdf	69501	"[metatag = 5][place = ""100107000""]"
table_quest_text_data.rdf	69503	[metatag = 5]1
table_quest_text_data.rdf	69511	[metatag = 5]0
table_quest_text_data.rdf	69512	[metatag = 5]292
table_quest_text_data.rdf	69601	"[metatag = 5][place = ""100107000""]"
table_quest_text_data.rdf	69603	[metatag = 5]1
table_quest_text_data.rdf	69611	[metatag = 5]0
table_quest_text_data.rdf	69612	[metatag = 5]568
table_quest_text_data.rdf	69701	"[metatag = 5][place = ""100107000""]"
table_quest_text_data.rdf	69703	[metatag = 5]2
table_quest_text_data.rdf	69711	[metatag = 5]0
table_quest_text_data.rdf	69712	[metatag = 5]268
table_quest_text_data.rdf	69801	"[metatag = 5][place = ""100107000""]"
table_quest_text_data.rdf	69803	[metatag = 5]1
table_quest_text_data.rdf	69811	[metatag = 5]0
table_quest_text_data.rdf	69812	[metatag = 5]840
table_quest_text_data.rdf	69901	"[metatag = 5][place = ""100107000""]"
table_quest_text_data.rdf	69903	[metatag = 5]2
table_quest_text_data.rdf	69911	[metatag = 5]0
table_quest_text_data.rdf	69912	[metatag = 5]160
table_quest_text_data.rdf	70001	"[metatag = 5][place = ""100107000""]"
table_quest_text_data.rdf	70003	[metatag = 5]1
table_quest_text_data.rdf	70011	[metatag = 5]0
table_quest_text_data.rdf	70012	[metatag = 5]840
table_quest_text_data.rdf	70101	"[metatag = 5][place = ""100107000""]"
table_quest_text_data.rdf	70103	[metatag = 5]1
table_quest_text_data.rdf	70111	[metatag = 5]0
table_quest_text_data.rdf	70112	[metatag = 5]322
table_quest_text_data.rdf	70201	"[metatag = 5][place = ""100107000""]"
table_quest_text_data.rdf	70203	[metatag = 5]1
table_quest_text_data.rdf	70211	[metatag = 5]0
table_quest_text_data.rdf	70212	[metatag = 5]389
table_quest_text_data.rdf	70301	"[metatag = 5][place = ""100107000""]"
table_quest_text_data.rdf	70303	[metatag = 5]3
table_quest_text_data.rdf	70306	[metatag = 5]spawn 
table_quest_text_data.rdf	70311	[metatag = 5]0
table_quest_text_data.rdf	70312	[metatag = 5]1686
table_quest_text_data.rdf	70313	[metatag = 5]1
table_quest_text_data.rdf	70401	"[metatag = 5][place = ""100107000""]"
table_quest_text_data.rdf	70403	[metatag = 5]3
table_quest_text_data.rdf	70411	[metatag = 5]0
table_quest_text_data.rdf	70412	[metatag = 5]600
table_quest_text_data.rdf	70413	[metatag = 5]1
table_quest_text_data.rdf	70501	"[metatag = 5][place = ""100107000""]"
table_quest_text_data.rdf	70503	[metatag = 5]3
table_quest_text_data.rdf	70511	[metatag = 5]0
table_quest_text_data.rdf	70512	[metatag = 5]718
table_quest_text_data.rdf	70601	"[metatag = 5][place = ""100107000""]"
table_quest_text_data.rdf	70603	[metatag = 5]1
table_quest_text_data.rdf	70611	[metatag = 5]0
table_quest_text_data.rdf	70612	[metatag = 5]280
table_quest_text_data.rdf	70701	"[metatag = 5][place = ""100107000""]"
table_quest_text_data.rdf	70703	[metatag = 5]3
table_quest_text_data.rdf	70711	[metatag = 5]0
table_quest_text_data.rdf	70712	[metatag = 5]1684
table_quest_text_data.rdf	70713	[metatag = 5]1
table_quest_text_data.rdf	70801	"[metatag = 5][place = ""100107000""]"
table_quest_text_data.rdf	70803	[metatag = 5]1
table_quest_text_data.rdf	70811	[metatag = 5]0
table_quest_text_data.rdf	70812	[metatag = 5]250
table_quest_text_data.rdf	70901	"[metatag = 5][place = ""100107000""]"
table_quest_text_data.rdf	70903	[metatag = 5]2
table_quest_text_data.rdf	70906	"[metatag = 5]미니 나레이션
퀘스트 아이템을 얻을 때. 처음 하나 얻을떄만 나오면 됨."
table_quest_text_data.rdf	70911	[metatag = 5]0
table_quest_text_data.rdf	70912	[metatag = 5]552
table_quest_text_data.rdf	71001	"[metatag = 5][place = ""100107000""]"
table_quest_text_data.rdf	71003	[metatag = 5]1
table_quest_text_data.rdf	71011	[metatag = 5]0
table_quest_text_data.rdf	71012	[metatag = 5]497
table_quest_text_data.rdf	71101	"[metatag = 5][place = ""100107000""]"
table_quest_text_data.rdf	71103	[metatag = 5]3
table_quest_text_data.rdf	71111	[metatag = 5]0
table_quest_text_data.rdf	71112	[metatag = 5]1415
table_quest_text_data.rdf	71201	"[metatag = 5][place = ""100107000""]"
table_quest_text_data.rdf	71203	[metatag = 5]2
table_quest_text_data.rdf	71211	[metatag = 5]0
table_quest_text_data.rdf	71212	[metatag = 5]1374
table_quest_text_data.rdf	71301	"[metatag = 5][place = ""100107000""]"
table_quest_text_data.rdf	71303	[metatag = 5]2
table_quest_text_data.rdf	71311	[metatag = 5]0
table_quest_text_data.rdf	71312	[metatag = 5]20
table_quest_text_data.rdf	71401	"[metatag = 5][place = ""100107000""]"
table_quest_text_data.rdf	71403	[metatag = 5]3
table_quest_text_data.rdf	71411	[metatag = 5]0
table_quest_text_data.rdf	71412	[metatag = 5]1512
table_quest_text_data.rdf	71413	[metatag = 5]1
table_quest_text_data.rdf	71501	"[metatag = 5][place = ""100107000""]"
table_quest_text_data.rdf	71503	[metatag = 5]2
table_quest_text_data.rdf	71511	[metatag = 5]0
table_quest_text_data.rdf	71512	[metatag = 5]160
table_quest_text_data.rdf	71601	"[metatag = 5][place = ""100107000""]"
table_quest_text_data.rdf	71603	[metatag = 5]2
table_quest_text_data.rdf	71611	[metatag = 5]0
table_quest_text_data.rdf	71612	[metatag = 5]827
table_quest_text_data.rdf	71701	"[metatag = 5][place = ""100107000""]"
table_quest_text_data.rdf	71703	[metatag = 5]2
table_quest_text_data.rdf	71706	[metatag = 5]남서 기지 와 헤이즈 캠프 중간에 도착 하면 키리 발전 배터리가 있다.  그리고 주변에 레드팬츠 군중 몇몇이 키리를 충전 받고 있다. (키리 배터리 주변에 도착하면 퀘스트 완료)지역 묘사가 필요 하다. 유저 머리에 이근처인가보다 라는 대사와 저기계는 뭐지라는 대사가 뜬다
table_quest_text_data.rdf	71711	[metatag = 5]0
table_quest_text_data.rdf	71712	[metatag = 5]2396
table_quest_text_data.rdf	71801	"[metatag = 5][place = ""100107000""]"
table_quest_text_data.rdf	71803	[metatag = 5]3
table_quest_text_data.rdf	71806	[metatag = 5]기계를 클릭하면 주변에서 Lp다운 및 Slow 버프 발동(오브젝트영역스킬)과 동시에 마인과 마인이 중독시킨 레드팬츠 군이 나타나서 함정에 걸린 바보 같은 마인이 또 나타 났다며 잡으라고 한다. 전투 도중 나타난 마인의 피가 50%이하로 떨어지면 아직은 자기가 완벽하지 않은 것 같다며 사라진다. 마인이 사라지면 이상한 기계 획득
table_quest_text_data.rdf	71811	[metatag = 5]0
table_quest_text_data.rdf	71812	[metatag = 5]610
table_quest_text_data.rdf	71901	"[metatag = 5][place = ""100107000""]"
table_quest_text_data.rdf	71903	[metatag = 5]1
table_quest_text_data.rdf	71911	[metatag = 5]0
table_quest_text_data.rdf	71912	[metatag = 5]491
table_quest_text_data.rdf	72001	"[metatag = 5][place = ""100107000""]"
table_quest_text_data.rdf	72003	[metatag = 5]1
table_quest_text_data.rdf	72006	[metatag = 5]24레벨 지역에 노점상이 있다. 
table_quest_text_data.rdf	72011	[metatag = 5]0
table_quest_text_data.rdf	72012	[metatag = 5]1065
table_quest_text_data.rdf	72101	"[metatag = 5][place = ""100107000""]"
table_quest_text_data.rdf	72103	[metatag = 5]2
table_quest_text_data.rdf	72111	[metatag = 5]0
table_quest_text_data.rdf	72112	[metatag = 5]360
table_quest_text_data.rdf	72201	"[metatag = 5][place = ""100107000""]"
table_quest_text_data.rdf	72203	[metatag = 5]1
table_quest_text_data.rdf	72211	[metatag = 5]0
table_quest_text_data.rdf	72212	[metatag = 5]343
table_quest_text_data.rdf	72301	"[metatag = 5][place = ""100107000""]"
table_quest_text_data.rdf	72303	[metatag = 5]1
table_quest_text_data.rdf	72311	[metatag = 5]0
table_quest_text_data.rdf	72312	[metatag = 5]646
table_quest_text_data.rdf	72401	"[metatag = 5][place = ""100107000""]"
table_quest_text_data.rdf	72403	[metatag = 5]2
table_quest_text_data.rdf	72411	[metatag = 5]0
table_quest_text_data.rdf	72412	[metatag = 5]160
table_quest_text_data.rdf	72501	"[metatag = 5][place = ""100107000""]"
table_quest_text_data.rdf	72503	[metatag = 5]1
table_quest_text_data.rdf	72511	[metatag = 5]0
table_quest_text_data.rdf	72512	[metatag = 5]440
table_quest_text_data.rdf	72601	"[metatag = 5][place = ""100107000""]"
table_quest_text_data.rdf	72603	[metatag = 5]2
table_quest_text_data.rdf	72606	[metatag = 5]그레이트 트리 클릭하면 몹 스폰.
table_quest_text_data.rdf	72611	[metatag = 5]0
table_quest_text_data.rdf	72612	[metatag = 5]646
table_quest_text_data.rdf	72613	[metatag = 5]1
table_quest_text_data.rdf	72701	"[metatag = 5][place = ""100107000""]"
table_quest_text_data.rdf	72703	[metatag = 5]2
table_quest_text_data.rdf	72706	[metatag = 5]Party Instance으로 연결
table_quest_text_data.rdf	72711	[metatag = 5]0
table_quest_text_data.rdf	72712	[metatag = 5]1362
table_quest_text_data.rdf	72801	"[metatag = 5][place = ""100107000""]"
table_quest_text_data.rdf	72803	[metatag = 5]1
table_quest_text_data.rdf	72811	[metatag = 5]0
table_quest_text_data.rdf	72812	[metatag = 5]205
table_quest_text_data.rdf	72901	"[metatag = 5][place = ""100107000""]"
table_quest_text_data.rdf	72903	[metatag = 5]2
table_quest_text_data.rdf	72911	[metatag = 5]0
table_quest_text_data.rdf	72912	[metatag = 5]1799
table_quest_text_data.rdf	73001	"[metatag = 5][place = ""100107000""]"
table_quest_text_data.rdf	73003	[metatag = 5]2
table_quest_text_data.rdf	73006	[metatag = 5]신음하고 있는 수행자 클릭하면 세뇌 키리 수집병으로 변경 되며 전투.  미니 나레이션 사용
table_quest_text_data.rdf	73011	[metatag = 5]0
table_quest_text_data.rdf	73012	[metatag = 5]168
table_quest_text_data.rdf	73015	"[metatag = 5][mob = ""2914101""]"
table_quest_text_data.rdf	73101	"[metatag = 5][place = ""100107000""]"
table_quest_text_data.rdf	73103	[metatag = 5]1
table_quest_text_data.rdf	73111	[metatag = 5]0
table_quest_text_data.rdf	73112	[metatag = 5]232
table_quest_text_data.rdf	73201	"[metatag = 5][place = ""100107000""]"
table_quest_text_data.rdf	73203	[metatag = 5]1
table_quest_text_data.rdf	73211	[metatag = 5]0
table_quest_text_data.rdf	73212	[metatag = 5]50
table_quest_text_data.rdf	73301	"[metatag = 5][place = ""100107000""]"
table_quest_text_data.rdf	73303	[metatag = 5]1
table_quest_text_data.rdf	73311	[metatag = 5]0
table_quest_text_data.rdf	73312	[metatag = 5]531
table_quest_text_data.rdf	73401	"[metatag = 5][place = ""100107000""]"
table_quest_text_data.rdf	73403	[metatag = 5]2
table_quest_text_data.rdf	73411	[metatag = 5]0
table_quest_text_data.rdf	73412	[metatag = 5]900
table_quest_text_data.rdf	73501	"[metatag = 5][place = ""100107000""]"
table_quest_text_data.rdf	73503	[metatag = 5]1
table_quest_text_data.rdf	73511	[metatag = 5]0
table_quest_text_data.rdf	73512	[metatag = 5]568
table_quest_text_data.rdf	73601	"[metatag = 5][place = ""100107000""]"
table_quest_text_data.rdf	73603	[metatag = 5]1
table_quest_text_data.rdf	73611	[metatag = 5]0
table_quest_text_data.rdf	73612	[metatag = 5]472
table_quest_text_data.rdf	73701	"[metatag = 5][place = ""100107000""]"
table_quest_text_data.rdf	73703	[metatag = 5]2
table_quest_text_data.rdf	73706	[metatag = 5]NPC가 아이템을 받았을 때 대사 있음.
table_quest_text_data.rdf	73711	[metatag = 5]0
table_quest_text_data.rdf	73712	[metatag = 5]1382
table_quest_text_data.rdf	73801	"[metatag = 5][place = ""100107000""]"
table_quest_text_data.rdf	73803	[metatag = 5]3
table_quest_text_data.rdf	73811	[metatag = 5]0
table_quest_text_data.rdf	73812	[metatag = 5]1368
table_quest_text_data.rdf	73813	[metatag = 5]1
table_quest_text_data.rdf	73901	"[metatag = 5][place = ""100107000""]"
table_quest_text_data.rdf	73903	[metatag = 5]1
table_quest_text_data.rdf	73911	[metatag = 5]0
table_quest_text_data.rdf	73912	[metatag = 5]750
table_quest_text_data.rdf	74001	"[metatag = 5][place = ""100107000""]"
table_quest_text_data.rdf	74003	[metatag = 5]2
table_quest_text_data.rdf	74006	[metatag = 5]장로님을 찾는 다면 이쪽으로 오라는 내용.
table_quest_text_data.rdf	74011	[metatag = 5]0
table_quest_text_data.rdf	74012	[metatag = 5]1544
table_quest_text_data.rdf	74101	"[metatag = 5][place = ""100107000""]"
table_quest_text_data.rdf	74103	[metatag = 5]1
table_quest_text_data.rdf	74111	[metatag = 5]0
table_quest_text_data.rdf	74112	[metatag = 5]50
table_quest_text_data.rdf	74201	"[metatag = 5][place = ""100107000""]"
table_quest_text_data.rdf	74203	[metatag = 5]2
table_quest_text_data.rdf	74211	[metatag = 5]0
table_quest_text_data.rdf	74212	[metatag = 5]440
table_quest_text_data.rdf	74301	"[metatag = 5][place = ""100107000""]"
table_quest_text_data.rdf	74303	[metatag = 5]1
table_quest_text_data.rdf	74306	[metatag = 5]퀘스트 수락하면 선인의 거북이가 스폰 된다. 선인의 거북이는 스폰되면 바로 미니 나레이션이 들어가고 끝나면 거북섬으로 강제 스폰.
table_quest_text_data.rdf	74311	[metatag = 5]0
table_quest_text_data.rdf	74312	[metatag = 5]0
table_quest_text_data.rdf	74401	"[metatag = 5][place = ""100107000""]"
table_quest_text_data.rdf	74403	[metatag = 5]4
table_quest_text_data.rdf	74406	[metatag = 5]퀘스트 수락하면 종족 스토리 보스 세뇌 조사대 대장 스폰.
table_quest_text_data.rdf	74411	[metatag = 5]0
table_quest_text_data.rdf	74412	[metatag = 5]0
table_quest_text_data.rdf	74413	[metatag = 5]3
table_quest_text_data.rdf	74501	"[metatag = 5][place = ""100107000""]"
table_quest_text_data.rdf	74503	[metatag = 5]2
table_quest_text_data.rdf	74511	[metatag = 5]0
table_quest_text_data.rdf	74512	[metatag = 5]1436
table_quest_text_data.rdf	74601	"[metatag = 5][place = ""100107000""]"
table_quest_text_data.rdf	74603	[metatag = 5]2
table_quest_text_data.rdf	74611	[metatag = 5]0
table_quest_text_data.rdf	74612	[metatag = 5]1912
table_quest_text_data.rdf	74701	"[metatag = 5][place = ""100107000""]"
table_quest_text_data.rdf	74703	[metatag = 5]2
table_quest_text_data.rdf	74711	[metatag = 5]0
table_quest_text_data.rdf	74712	[metatag = 5]410
table_quest_text_data.rdf	74801	"[metatag = 5][place = ""100107000""]"
table_quest_text_data.rdf	74803	[metatag = 5]1
table_quest_text_data.rdf	74811	[metatag = 5]0
table_quest_text_data.rdf	74812	[metatag = 5]26
table_quest_text_data.rdf	74901	"[metatag = 5][place = ""100107000""]"
table_quest_text_data.rdf	74903	[metatag = 5]2
table_quest_text_data.rdf	74906	[metatag = 5]스폰
table_quest_text_data.rdf	74911	[metatag = 5]0
table_quest_text_data.rdf	74912	[metatag = 5]0
table_quest_text_data.rdf	75001	"[metatag = 5][place = ""100107000""]"
table_quest_text_data.rdf	75003	[metatag = 5]1
table_quest_text_data.rdf	75011	[metatag = 5]0
table_quest_text_data.rdf	75012	[metatag = 5]51
table_quest_text_data.rdf	75101	"[metatag = 5][place = ""100107000""]"
table_quest_text_data.rdf	75103	[metatag = 5]3
table_quest_text_data.rdf	75106	[metatag = 5]스폰
table_quest_text_data.rdf	75111	[metatag = 5]0
table_quest_text_data.rdf	75112	[metatag = 5]0
table_quest_text_data.rdf	75201	"[metatag = 5][place = ""100107000""]"
table_quest_text_data.rdf	75203	[metatag = 5]3
table_quest_text_data.rdf	75206	[metatag = 5]스폰
table_quest_text_data.rdf	75211	[metatag = 5]0
table_quest_text_data.rdf	75212	[metatag = 5]1396
table_quest_text_data.rdf	75213	[metatag = 5]1
table_quest_text_data.rdf	75301	"[metatag = 5][place = ""100107000""]"
table_quest_text_data.rdf	75303	[metatag = 5]2
table_quest_text_data.rdf	75306	[metatag = 5]스폰
table_quest_text_data.rdf	75311	[metatag = 5]0
table_quest_text_data.rdf	75312	[metatag = 5]2792
table_quest_text_data.rdf	75313	[metatag = 5]1
table_quest_text_data.rdf	75401	"[metatag = 5][place = ""100107000""]"
table_quest_text_data.rdf	75403	[metatag = 5]1
table_quest_text_data.rdf	75411	[metatag = 5]0
table_quest_text_data.rdf	75412	[metatag = 5]231
table_quest_text_data.rdf	75501	"[metatag = 5][place = ""100107000""]"
table_quest_text_data.rdf	75503	[metatag = 5]3
table_quest_text_data.rdf	75511	[metatag = 5]0
table_quest_text_data.rdf	75512	[metatag = 5]1886
table_quest_text_data.rdf	75513	[metatag = 5]1
table_quest_text_data.rdf	75601	"[metatag = 5][place = ""100107000""]"
table_quest_text_data.rdf	75603	[metatag = 5]2
table_quest_text_data.rdf	75611	[metatag = 5]0
table_quest_text_data.rdf	75612	[metatag = 5]754
table_quest_text_data.rdf	75701	"[metatag = 5][place = ""100107000""]"
table_quest_text_data.rdf	75703	[metatag = 5]2
table_quest_text_data.rdf	75711	[metatag = 5]0
table_quest_text_data.rdf	75712	[metatag = 5]344
table_quest_text_data.rdf	75801	"[metatag = 5][place = ""100107000""]"
table_quest_text_data.rdf	75803	[metatag = 5]2
table_quest_text_data.rdf	75806	[metatag = 5]마을 주변에 횟불이 몇 개 있다 그곳을 클릭하면 횟불에서 연기가 나면서 퀘스트 종료
table_quest_text_data.rdf	75811	[metatag = 5]0
table_quest_text_data.rdf	75812	[metatag = 5]916
table_quest_text_data.rdf	75901	"[metatag = 5][place = ""100107000""]"
table_quest_text_data.rdf	75903	[metatag = 5]2
table_quest_text_data.rdf	75911	[metatag = 5]0
table_quest_text_data.rdf	75912	[metatag = 5]448
table_quest_text_data.rdf	76001	"[metatag = 5][place = ""100107000""]"
table_quest_text_data.rdf	76003	[metatag = 5]3
table_quest_text_data.rdf	76011	[metatag = 5]0
table_quest_text_data.rdf	76012	[metatag = 5]404
table_quest_text_data.rdf	76101	"[metatag = 5][place = ""100107000""]"
table_quest_text_data.rdf	76103	[metatag = 5]1
table_quest_text_data.rdf	76106	[metatag = 5]스폰
table_quest_text_data.rdf	76111	[metatag = 5]0
table_quest_text_data.rdf	76112	[metatag = 5]411
table_quest_text_data.rdf	76201	"[metatag = 5][place = ""100107000""]"
table_quest_text_data.rdf	76203	[metatag = 5]1
table_quest_text_data.rdf	76206	"[metatag = 5]남부해안의 동굴안에 숨어있다. 오브젝트를 클릭하면 동굴문이 열리고 제어불능 마인이 소환된다. 
다른 마인들이 나타나 같이 싸우게 된다. 
(동굴문 오브젝트)
마지막에 촉촉 마인이 유저를 째려보고 ""두고보자""라는 말을 하고 사라진다. "
table_quest_text_data.rdf	76211	[metatag = 5]0
table_quest_text_data.rdf	76212	[metatag = 5]455
table_quest_text_data.rdf	76301	"[metatag = 5][place = ""100107000""]"
table_quest_text_data.rdf	76303	[metatag = 5]2
table_quest_text_data.rdf	76311	[metatag = 5]0
table_quest_text_data.rdf	76312	[metatag = 5]658
table_quest_text_data.rdf	76401	"[metatag = 5][place = ""100107000""]"
table_quest_text_data.rdf	76403	[metatag = 5]1
table_quest_text_data.rdf	76411	[metatag = 5]0
table_quest_text_data.rdf	76412	[metatag = 5]126
table_quest_text_data.rdf	76501	"[metatag = 5][place = ""100107000""]"
table_quest_text_data.rdf	76503	[metatag = 5]2
table_quest_text_data.rdf	76511	[metatag = 5]0
table_quest_text_data.rdf	76512	[metatag = 5]1568
table_quest_text_data.rdf	76601	"[metatag = 5][place = ""100107000""]"
table_quest_text_data.rdf	76603	[metatag = 5]2
table_quest_text_data.rdf	76611	[metatag = 5]0
table_quest_text_data.rdf	76612	[metatag = 5]2196
table_quest_text_data.rdf	76613	[metatag = 5]1
table_quest_text_data.rdf	76701	"[metatag = 5][place = ""100107000""]"
table_quest_text_data.rdf	76703	[metatag = 5]2
table_quest_text_data.rdf	76711	[metatag = 5]0
table_quest_text_data.rdf	76712	[metatag = 5]2060
table_quest_text_data.rdf	76801	"[metatag = 5][place = ""100107000""]"
table_quest_text_data.rdf	76803	[metatag = 5]2
table_quest_text_data.rdf	76811	[metatag = 5]0
table_quest_text_data.rdf	76812	[metatag = 5]1364
table_quest_text_data.rdf	76901	"[metatag = 5][place = ""100107000""]"
table_quest_text_data.rdf	76903	[metatag = 5]2
table_quest_text_data.rdf	76906	[metatag = 5]실패 확률 좀 높게 책정
table_quest_text_data.rdf	76911	[metatag = 5]0
table_quest_text_data.rdf	76912	[metatag = 5]219
table_quest_text_data.rdf	77001	"[metatag = 5][place = ""100107000""]"
table_quest_text_data.rdf	77003	[metatag = 5]2
table_quest_text_data.rdf	77011	[metatag = 5]0
table_quest_text_data.rdf	77012	[metatag = 5]692
table_quest_text_data.rdf	77101	"[metatag = 5][place = ""100107000""]"
table_quest_text_data.rdf	77103	[metatag = 5]2
table_quest_text_data.rdf	77111	[metatag = 5]0
table_quest_text_data.rdf	77112	[metatag = 5]653
table_quest_text_data.rdf	77201	"[metatag = 5][place = ""100107000""]"
table_quest_text_data.rdf	77203	[metatag = 5]3
table_quest_text_data.rdf	77211	[metatag = 5]0
table_quest_text_data.rdf	77212	[metatag = 5]743
table_quest_text_data.rdf	77213	[metatag = 5]1
table_quest_text_data.rdf	77301	"[metatag = 5][place = ""100107000""]"
table_quest_text_data.rdf	77303	[metatag = 5]1
table_quest_text_data.rdf	77311	[metatag = 5]0
table_quest_text_data.rdf	77312	[metatag = 5]1180
table_quest_text_data.rdf	77401	"[metatag = 5][place = ""100107000""]"
table_quest_text_data.rdf	77403	[metatag = 5]2
table_quest_text_data.rdf	77411	[metatag = 5]0
table_quest_text_data.rdf	77412	[metatag = 5]1194
table_quest_text_data.rdf	77501	"[metatag = 5][place = ""100107000""]"
table_quest_text_data.rdf	77503	[metatag = 5]2
table_quest_text_data.rdf	77511	[metatag = 5]0
table_quest_text_data.rdf	77512	[metatag = 5]300
table_quest_text_data.rdf	77601	"[metatag = 5][place = ""100107000""]"
table_quest_text_data.rdf	77603	[metatag = 5]1
table_quest_text_data.rdf	77611	[metatag = 5]0
table_quest_text_data.rdf	77612	[metatag = 5]714
table_quest_text_data.rdf	77701	"[metatag = 5][place = ""100107000""]"
table_quest_text_data.rdf	77703	[metatag = 5]1
table_quest_text_data.rdf	77711	[metatag = 5]0
table_quest_text_data.rdf	77712	[metatag = 5]767
table_quest_text_data.rdf	77801	"[metatag = 5][place = ""100107000""]"
table_quest_text_data.rdf	77803	[metatag = 5]2
table_quest_text_data.rdf	77811	[metatag = 5]0
table_quest_text_data.rdf	77812	[metatag = 5]577
table_quest_text_data.rdf	77901	"[metatag = 5][place = ""100107000""]"
table_quest_text_data.rdf	77903	[metatag = 5]3
table_quest_text_data.rdf	77911	[metatag = 5]0
table_quest_text_data.rdf	77912	[metatag = 5]884
table_quest_text_data.rdf	77913	[metatag = 5]1
table_quest_text_data.rdf	78001	"[metatag = 5][place = ""100107000""]"
table_quest_text_data.rdf	78003	[metatag = 5]1
table_quest_text_data.rdf	78011	[metatag = 5]0
table_quest_text_data.rdf	78012	[metatag = 5]767
table_quest_text_data.rdf	78101	"[metatag = 5][place = ""100107000""]"
table_quest_text_data.rdf	78103	[metatag = 5]1
table_quest_text_data.rdf	78111	[metatag = 5]0
table_quest_text_data.rdf	78112	[metatag = 5]288
table_quest_text_data.rdf	78201	"[metatag = 5][place = ""100107000""]"
table_quest_text_data.rdf	78203	[metatag = 5]1
table_quest_text_data.rdf	78211	[metatag = 5]0
table_quest_text_data.rdf	78212	[metatag = 5]969
table_quest_text_data.rdf	78301	"[metatag = 5][place = ""100107000""]"
table_quest_text_data.rdf	78303	[metatag = 5]2
table_quest_text_data.rdf	78311	[metatag = 5]0
table_quest_text_data.rdf	78312	[metatag = 5]614
table_quest_text_data.rdf	78401	"[metatag = 5][place = ""100107000""]"
table_quest_text_data.rdf	78403	[metatag = 5]1
table_quest_text_data.rdf	78411	[metatag = 5]0
table_quest_text_data.rdf	78412	[metatag = 5]1214
table_quest_text_data.rdf	78501	"[metatag = 5][place = ""100107000""]"
table_quest_text_data.rdf	78503	[metatag = 5]1
table_quest_text_data.rdf	78511	[metatag = 5]0
table_quest_text_data.rdf	78512	[metatag = 5]300
table_quest_text_data.rdf	78601	"[metatag = 5][place = ""100107000""]"
table_quest_text_data.rdf	78603	[metatag = 5]2
table_quest_text_data.rdf	78611	[metatag = 5]0
table_quest_text_data.rdf	78612	[metatag = 5]300
table_quest_text_data.rdf	78701	"[metatag = 5][place = ""100107000""]"
table_quest_text_data.rdf	78703	[metatag = 5]1
table_quest_text_data.rdf	78711	[metatag = 5]0
table_quest_text_data.rdf	78712	[metatag = 5]300
table_quest_text_data.rdf	78801	"[metatag = 5][place = ""100107000""]"
table_quest_text_data.rdf	78803	[metatag = 5]2
table_quest_text_data.rdf	78811	[metatag = 5]0
table_quest_text_data.rdf	78812	[metatag = 5]3346
table_quest_text_data.rdf	78901	"[metatag = 5][place = ""100107000""]"
table_quest_text_data.rdf	78903	[metatag = 5]2
table_quest_text_data.rdf	78911	[metatag = 5]0
table_quest_text_data.rdf	78912	[metatag = 5]2024
table_quest_text_data.rdf	79001	"[metatag = 5][place = ""100107000""]"
table_quest_text_data.rdf	79003	[metatag = 5]3
table_quest_text_data.rdf	79011	[metatag = 5]0
table_quest_text_data.rdf	79012	[metatag = 5]1879
table_quest_text_data.rdf	79013	[metatag = 5]1
table_quest_text_data.rdf	79101	"[metatag = 5][place = ""100107000""]"
table_quest_text_data.rdf	79103	[metatag = 5]1
table_quest_text_data.rdf	79111	[metatag = 5]0
table_quest_text_data.rdf	79112	[metatag = 5]300
table_quest_text_data.rdf	79201	"[metatag = 5][place = ""100107000""]"
table_quest_text_data.rdf	79203	[metatag = 5]1
table_quest_text_data.rdf	79211	[metatag = 5]0
table_quest_text_data.rdf	79212	[metatag = 5]367
table_quest_text_data.rdf	79301	"[metatag = 5][place = ""100107000""]"
table_quest_text_data.rdf	79303	[metatag = 5]2
table_quest_text_data.rdf	79311	[metatag = 5]0
table_quest_text_data.rdf	79312	[metatag = 5]437
table_quest_text_data.rdf	79401	"[metatag = 5][place = ""100107000""]"
table_quest_text_data.rdf	79403	[metatag = 5]2
table_quest_text_data.rdf	79411	[metatag = 5]0
table_quest_text_data.rdf	79412	[metatag = 5]1033
table_quest_text_data.rdf	79501	"[metatag = 5][place = ""100107000""]"
table_quest_text_data.rdf	79503	[metatag = 5]1
table_quest_text_data.rdf	79511	[metatag = 5]0
table_quest_text_data.rdf	79512	[metatag = 5]29
table_quest_text_data.rdf	79601	"[metatag = 5][place = ""100107000""]"
table_quest_text_data.rdf	79603	[metatag = 5]2
table_quest_text_data.rdf	79611	[metatag = 5]0
table_quest_text_data.rdf	79612	[metatag = 5]978
table_quest_text_data.rdf	79701	"[metatag = 5][place = ""100107000""]"
table_quest_text_data.rdf	79703	[metatag = 5]1
table_quest_text_data.rdf	79711	[metatag = 5]0
table_quest_text_data.rdf	79712	[metatag = 5]922
table_quest_text_data.rdf	79801	"[metatag = 5][place = ""100107000""]"
table_quest_text_data.rdf	79803	[metatag = 5]2
table_quest_text_data.rdf	79811	[metatag = 5]0
table_quest_text_data.rdf	79812	[metatag = 5]2164
table_quest_text_data.rdf	79901	"[metatag = 5][place = ""100107000""]"
table_quest_text_data.rdf	79903	[metatag = 5]1
table_quest_text_data.rdf	79911	[metatag = 5]0
table_quest_text_data.rdf	79912	[metatag = 5]887
table_quest_text_data.rdf	80001	"[metatag = 5][place = ""100107000""]"
table_quest_text_data.rdf	80003	[metatag = 5]2
table_quest_text_data.rdf	80011	[metatag = 5]0
table_quest_text_data.rdf	80012	[metatag = 5]950
table_quest_text_data.rdf	80101	"[metatag = 5][place = ""100107000""]"
table_quest_text_data.rdf	80103	[metatag = 5]3
table_quest_text_data.rdf	80111	[metatag = 5]0
table_quest_text_data.rdf	80112	[metatag = 5]1452
table_quest_text_data.rdf	80113	[metatag = 5]1
table_quest_text_data.rdf	80201	"[metatag = 5][place = ""100107000""]"
table_quest_text_data.rdf	80203	[metatag = 5]1
table_quest_text_data.rdf	80211	[metatag = 5]0
table_quest_text_data.rdf	80212	[metatag = 5]437
table_quest_text_data.rdf	80301	"[metatag = 5][place = ""100107000""]"
table_quest_text_data.rdf	80303	[metatag = 5]2
table_quest_text_data.rdf	80311	[metatag = 5]0
table_quest_text_data.rdf	80312	[metatag = 5]652
table_quest_text_data.rdf	80401	"[metatag = 5][place = ""100107000""]"
table_quest_text_data.rdf	80403	[metatag = 5]1
table_quest_text_data.rdf	80411	[metatag = 5]0
table_quest_text_data.rdf	80412	[metatag = 5]525
table_quest_text_data.rdf	80501	"[metatag = 5][place = ""100107000""]"
table_quest_text_data.rdf	80503	[metatag = 5]2
table_quest_text_data.rdf	80511	[metatag = 5]0
table_quest_text_data.rdf	80512	[metatag = 5]1630
table_quest_text_data.rdf	80601	"[metatag = 5][place = ""100107000""]"
table_quest_text_data.rdf	80603	[metatag = 5]1
table_quest_text_data.rdf	80611	[metatag = 5]0
table_quest_text_data.rdf	80612	[metatag = 5]416
table_quest_text_data.rdf	80701	"[metatag = 5][place = ""100107000""]"
table_quest_text_data.rdf	80703	[metatag = 5]2
table_quest_text_data.rdf	80711	[metatag = 5]0
table_quest_text_data.rdf	80712	[metatag = 5]794
table_quest_text_data.rdf	80801	"[metatag = 5][place = ""100107000""]"
table_quest_text_data.rdf	80803	[metatag = 5]1
table_quest_text_data.rdf	80811	[metatag = 5]0
table_quest_text_data.rdf	80812	[metatag = 5]416
table_quest_text_data.rdf	80901	"[metatag = 5][place = ""100107000""]"
table_quest_text_data.rdf	80903	[metatag = 5]1
table_quest_text_data.rdf	80911	[metatag = 5]0
table_quest_text_data.rdf	80912	[metatag = 5]326
table_quest_text_data.rdf	81001	"[metatag = 5][place = ""100107000""]"
table_quest_text_data.rdf	81003	[metatag = 5]3
table_quest_text_data.rdf	81006	[metatag = 5]아이템 착용하고 퀘스트 수행. 초강력 방향제
table_quest_text_data.rdf	81011	[metatag = 5]0
table_quest_text_data.rdf	81012	[metatag = 5]1215
table_quest_text_data.rdf	81013	[metatag = 5]1
table_quest_text_data.rdf	81101	"[metatag = 5][place = ""100107000""]"
table_quest_text_data.rdf	81103	[metatag = 5]2
table_quest_text_data.rdf	81111	[metatag = 5]0
table_quest_text_data.rdf	81112	[metatag = 5]1328
table_quest_text_data.rdf	81201	"[metatag = 5][place = ""100107000""]"
table_quest_text_data.rdf	81203	[metatag = 5]1
table_quest_text_data.rdf	81211	[metatag = 5]0
table_quest_text_data.rdf	81212	[metatag = 5]667
table_quest_text_data.rdf	81301	"[metatag = 5][place = ""100107000""]"
table_quest_text_data.rdf	81303	[metatag = 5]2
table_quest_text_data.rdf	81311	[metatag = 5]0
table_quest_text_data.rdf	81312	[metatag = 5]2394
table_quest_text_data.rdf	81401	"[metatag = 5][place = ""100107000""]"
table_quest_text_data.rdf	81403	[metatag = 5]1
table_quest_text_data.rdf	81411	[metatag = 5]0
table_quest_text_data.rdf	81412	[metatag = 5]667
table_quest_text_data.rdf	81501	"[metatag = 5][place = ""100107000""]"
table_quest_text_data.rdf	81503	[metatag = 5]3
table_quest_text_data.rdf	81511	[metatag = 5]0
table_quest_text_data.rdf	81512	[metatag = 5]810
table_quest_text_data.rdf	81513	[metatag = 5]1
table_quest_text_data.rdf	81601	"[metatag = 5][place = ""100123000""]"
table_quest_text_data.rdf	81603	[metatag = 5]3
table_quest_text_data.rdf	81611	[metatag = 5]0
table_quest_text_data.rdf	81612	[metatag = 5]3836
table_quest_text_data.rdf	81701	"[metatag = 5][place = ""100107000""]"
table_quest_text_data.rdf	81703	[metatag = 5]3
table_quest_text_data.rdf	81711	[metatag = 5]0
table_quest_text_data.rdf	81712	[metatag = 5]1878
table_quest_text_data.rdf	81713	[metatag = 5]1
table_quest_text_data.rdf	81801	"[metatag = 5][place = ""100107000""]"
table_quest_text_data.rdf	81803	[metatag = 5]1
table_quest_text_data.rdf	81811	[metatag = 5]0
table_quest_text_data.rdf	81812	[metatag = 5]534
table_quest_text_data.rdf	81901	"[metatag = 5][place = ""100107000""]"
table_quest_text_data.rdf	81903	[metatag = 5]2
table_quest_text_data.rdf	81911	[metatag = 5]0
table_quest_text_data.rdf	81912	[metatag = 5]942
table_quest_text_data.rdf	82001	"[metatag = 5][place = ""100107000""]"
table_quest_text_data.rdf	82003	[metatag = 5]2
table_quest_text_data.rdf	82011	[metatag = 5]0
table_quest_text_data.rdf	82012	[metatag = 5]1340
table_quest_text_data.rdf	82101	"[metatag = 5][place = ""100107000""]"
table_quest_text_data.rdf	82103	[metatag = 5]3
table_quest_text_data.rdf	82111	[metatag = 5]0
table_quest_text_data.rdf	82112	[metatag = 5]474
table_quest_text_data.rdf	82113	[metatag = 5]1
table_quest_text_data.rdf	82201	"[metatag = 5][place = ""100107000""]"
table_quest_text_data.rdf	82203	[metatag = 5]2
table_quest_text_data.rdf	82206	[metatag = 5]공격하면 레드팬츠 세탁병 스폰
table_quest_text_data.rdf	82211	[metatag = 5]0
table_quest_text_data.rdf	82212	[metatag = 5]556
table_quest_text_data.rdf	82301	"[metatag = 5][place = ""100107000""]"
table_quest_text_data.rdf	82303	[metatag = 5]1
table_quest_text_data.rdf	82311	[metatag = 5]0
table_quest_text_data.rdf	82312	[metatag = 5]1221
table_quest_text_data.rdf	82401	"[metatag = 5][place = ""100107000""]"
table_quest_text_data.rdf	82403	[metatag = 5]3
table_quest_text_data.rdf	82406	[metatag = 5]대결
table_quest_text_data.rdf	82411	[metatag = 5]0
table_quest_text_data.rdf	82412	[metatag = 5]0
table_quest_text_data.rdf	82413	[metatag = 5]1
table_quest_text_data.rdf	82501	"[metatag = 5][place = ""100107000""]"
table_quest_text_data.rdf	82503	[metatag = 5]3
table_quest_text_data.rdf	82506	[metatag = 5]대결
table_quest_text_data.rdf	82511	[metatag = 5]0
table_quest_text_data.rdf	82512	[metatag = 5]0
table_quest_text_data.rdf	82513	[metatag = 5]1
table_quest_text_data.rdf	82601	"[metatag = 5][place = ""100107000""]"
table_quest_text_data.rdf	82603	[metatag = 5]3
table_quest_text_data.rdf	82606	[metatag = 5]대결
table_quest_text_data.rdf	82611	[metatag = 5]0
table_quest_text_data.rdf	82612	[metatag = 5]0
table_quest_text_data.rdf	82613	[metatag = 5]1
table_quest_text_data.rdf	82701	"[metatag = 5][place = ""100123000""]"
table_quest_text_data.rdf	82703	[metatag = 5]1
table_quest_text_data.rdf	82706	[metatag = 5]대결
table_quest_text_data.rdf	82711	[metatag = 5]0
table_quest_text_data.rdf	82712	[metatag = 5]1221
table_quest_text_data.rdf	82801	"[metatag = 5][place = ""100123000""]"
table_quest_text_data.rdf	82803	[metatag = 5]1
table_quest_text_data.rdf	82811	[metatag = 5]0
table_quest_text_data.rdf	82812	[metatag = 5]0
table_quest_text_data.rdf	82901	"[metatag = 5][place = ""100123000""]"
table_quest_text_data.rdf	82903	[metatag = 5]3
table_quest_text_data.rdf	82911	[metatag = 5]0
table_quest_text_data.rdf	82912	[metatag = 5]116
table_quest_text_data.rdf	83001	"[metatag = 5][place = ""100123000""]"
table_quest_text_data.rdf	83003	[metatag = 5]3
table_quest_text_data.rdf	83011	[metatag = 5]0
table_quest_text_data.rdf	83012	[metatag = 5]1286
table_quest_text_data.rdf	83101	"[metatag = 5][place = ""100107000""]"
table_quest_text_data.rdf	83103	[metatag = 5]1
table_quest_text_data.rdf	83111	[metatag = 5]0
table_quest_text_data.rdf	83112	[metatag = 5]776
table_quest_text_data.rdf	83201	"[metatag = 5][place = ""100107000""]"
table_quest_text_data.rdf	83203	[metatag = 5]1
table_quest_text_data.rdf	83211	[metatag = 5]0
table_quest_text_data.rdf	83212	[metatag = 5]642
table_quest_text_data.rdf	83301	"[metatag = 5][place = ""100107000""]"
table_quest_text_data.rdf	83303	[metatag = 5]2
table_quest_text_data.rdf	83311	[metatag = 5]0
table_quest_text_data.rdf	83312	[metatag = 5]702
table_quest_text_data.rdf	83401	"[metatag = 5][place = ""100107000""]"
table_quest_text_data.rdf	83403	[metatag = 5]2
table_quest_text_data.rdf	83411	[metatag = 5]0
table_quest_text_data.rdf	83412	[metatag = 5]402
table_quest_text_data.rdf	83501	"[metatag = 5][place = ""100107000""]"
table_quest_text_data.rdf	83503	[metatag = 5]1
table_quest_text_data.rdf	83511	[metatag = 5]0
table_quest_text_data.rdf	83512	[metatag = 5]45
table_quest_text_data.rdf	83601	"[metatag = 5][place = ""100107000""]"
table_quest_text_data.rdf	83603	[metatag = 5]1
table_quest_text_data.rdf	83606	[metatag = 5]석상 클릭하면 내용 보여줌.
table_quest_text_data.rdf	83611	[metatag = 5]0
table_quest_text_data.rdf	83612	[metatag = 5]896
table_quest_text_data.rdf	83701	"[metatag = 5][place = ""100107000""]"
table_quest_text_data.rdf	83703	[metatag = 5]1
table_quest_text_data.rdf	83711	[metatag = 5]0
table_quest_text_data.rdf	83712	[metatag = 5]233
table_quest_text_data.rdf	83801	"[metatag = 5][place = ""100123000""]"
table_quest_text_data.rdf	83803	[metatag = 5]3
table_quest_text_data.rdf	83811	[metatag = 5]0
table_quest_text_data.rdf	83812	[metatag = 5]2960
table_quest_text_data.rdf	83813	[metatag = 5]1
table_quest_text_data.rdf	83901	"[metatag = 5][place = ""100123000""]"
table_quest_text_data.rdf	83903	[metatag = 5]2
table_quest_text_data.rdf	83906	[metatag = 5]무라사키 특제 폭약을 들고 용접된 문을 클릭하면 문이 폭파되고 잠시간 사라진다.
table_quest_text_data.rdf	83911	[metatag = 5]0
table_quest_text_data.rdf	83912	[metatag = 5]1024
table_quest_text_data.rdf	83920	"[metatag = 5][object = ""16""]"
table_quest_text_data.rdf	84001	"[metatag = 5][place = ""100123000""]"
table_quest_text_data.rdf	84003	[metatag = 5]3
table_quest_text_data.rdf	84011	[metatag = 5]0
table_quest_text_data.rdf	84012	[metatag = 5]1398
table_quest_text_data.rdf	84013	[metatag = 5]1
table_quest_text_data.rdf	84101	"[metatag = 5][place = ""100123000""]"
table_quest_text_data.rdf	84103	[metatag = 5]3
table_quest_text_data.rdf	84106	[metatag = 5]Dungeon 안에 파에리아의 연구원 Mob 필요
table_quest_text_data.rdf	84111	[metatag = 5]0
table_quest_text_data.rdf	84112	[metatag = 5]168
table_quest_text_data.rdf	84113	[metatag = 5]1
table_quest_text_data.rdf	84201	"[metatag = 5][place = ""100123000""]"
table_quest_text_data.rdf	84203	[metatag = 5]2
table_quest_text_data.rdf	84206	[metatag = 5]반질반질 오일을 들고 녹슨 문을 클릭하면 녹슨문이 잠시동안 열린다. 잠시후 다시 닫히면 지나가지 못한다.
table_quest_text_data.rdf	84211	[metatag = 5]0
table_quest_text_data.rdf	84212	[metatag = 5]872
table_quest_text_data.rdf	84220	"[metatag = 5][object = ""17""]"
table_quest_text_data.rdf	84301	"[metatag = 5][place = ""100123000""]"
table_quest_text_data.rdf	84303	[metatag = 5]2
table_quest_text_data.rdf	84306	[metatag = 5]전원 레버를 클릭하면 전동식 문이 잠시동안 열린다. 이후 이 퀘스트를 완료하면 그 후로는 퀘스트에 관계없이 클릭하면 문이 열리도록 제작 요망.
table_quest_text_data.rdf	84311	[metatag = 5]0
table_quest_text_data.rdf	84312	[metatag = 5]1013
table_quest_text_data.rdf	84320	"[metatag = 5][object = ""19""]"
table_quest_text_data.rdf	84401	"[metatag = 5][place = ""100123000""]"
table_quest_text_data.rdf	84403	[metatag = 5]3
table_quest_text_data.rdf	84411	[metatag = 5]0
table_quest_text_data.rdf	84412	[metatag = 5]2154
table_quest_text_data.rdf	84501	"[metatag = 5][place = ""100123000""]"
table_quest_text_data.rdf	84503	[metatag = 5]3
table_quest_text_data.rdf	84511	[metatag = 5]0
table_quest_text_data.rdf	84512	[metatag = 5]1918
table_quest_text_data.rdf	84601	"[metatag = 5][place = ""100123000""]"
table_quest_text_data.rdf	84603	[metatag = 5]3
table_quest_text_data.rdf	84611	[metatag = 5]0
table_quest_text_data.rdf	84612	[metatag = 5]1042
table_quest_text_data.rdf	84613	[metatag = 5]1
table_quest_text_data.rdf	84701	"[metatag = 5][place = ""100123000""]"
table_quest_text_data.rdf	84703	[metatag = 5]3
table_quest_text_data.rdf	84706	[metatag = 5]퀴즈 시스템을 이용하여 아이템을 세트로 준다.
table_quest_text_data.rdf	84711	[metatag = 5]0
table_quest_text_data.rdf	84712	[metatag = 5]2114
table_quest_text_data.rdf	84713	[metatag = 5]1
table_quest_text_data.rdf	84801	"[metatag = 5][place = ""100123000""]"
table_quest_text_data.rdf	84803	[metatag = 5]0
table_quest_text_data.rdf	84806	[metatag = 5]퀴즈-퀴즈를 이용하여 나머지 형제들에게 보내주는 텔레포트 - 반복 가능
table_quest_text_data.rdf	84811	[metatag = 5]0
table_quest_text_data.rdf	84812	[metatag = 5]0
table_quest_text_data.rdf	84901	"[metatag = 5][place = ""100123000""]"
table_quest_text_data.rdf	84903	[metatag = 5]0
table_quest_text_data.rdf	84906	[metatag = 5]퀴즈-퀴즈를 이용하여 나머지 형제들에게 보내주는 텔레포트 - 반복 가능
table_quest_text_data.rdf	84911	[metatag = 5]0
table_quest_text_data.rdf	84912	[metatag = 5]0
table_quest_text_data.rdf	85001	"[metatag = 5][place = ""100123000""]"
table_quest_text_data.rdf	85003	[metatag = 5]0
table_quest_text_data.rdf	85006	[metatag = 5]퀴즈-퀴즈를 이용하여 나머지 형제들에게 보내주는 텔레포트 - 반복 가능
table_quest_text_data.rdf	85011	[metatag = 5]0
table_quest_text_data.rdf	85012	[metatag = 5]0
table_quest_text_data.rdf	85101	"[metatag = 5][place = ""100107000""]"
table_quest_text_data.rdf	85103	[metatag = 5]1
table_quest_text_data.rdf	85111	[metatag = 5]0
table_quest_text_data.rdf	85112	[metatag = 5]49
table_quest_text_data.rdf	85201	"[metatag = 5][place = ""100107000""]"
table_quest_text_data.rdf	85203	[metatag = 5]2
table_quest_text_data.rdf	85211	[metatag = 5]0
table_quest_text_data.rdf	85212	[metatag = 5]290
table_quest_text_data.rdf	85301	"[metatag = 5][place = ""100107000""]"
table_quest_text_data.rdf	85303	[metatag = 5]1
table_quest_text_data.rdf	85311	[metatag = 5]0
table_quest_text_data.rdf	85312	[metatag = 5]248
table_quest_text_data.rdf	85401	"[metatag = 5][place = ""100107000""]"
table_quest_text_data.rdf	85403	[metatag = 5]1
table_quest_text_data.rdf	85406	[metatag = 5]!UPA의 친구 칭호를 얻은 퀘스트 수행후 부터 Karin Tower에 올라가는 포탈 활성화
table_quest_text_data.rdf	85411	[metatag = 5]0
table_quest_text_data.rdf	85412	[metatag = 5]592
table_quest_text_data.rdf	85501	"[metatag = 5][place = ""100107000""]"
table_quest_text_data.rdf	85503	[metatag = 5]2
table_quest_text_data.rdf	85511	[metatag = 5]0
table_quest_text_data.rdf	85512	[metatag = 5]1030
table_quest_text_data.rdf	85601	"[metatag = 5][place = ""100107000""]"
table_quest_text_data.rdf	85603	[metatag = 5]1
table_quest_text_data.rdf	85611	[metatag = 5]0
table_quest_text_data.rdf	85612	[metatag = 5]700
table_quest_text_data.rdf	85701	"[metatag = 5][place = ""100107000""]"
table_quest_text_data.rdf	85703	[metatag = 5]2
table_quest_text_data.rdf	85711	[metatag = 5]0
table_quest_text_data.rdf	85712	[metatag = 5]1854
table_quest_text_data.rdf	85801	"[metatag = 5][place = ""100107000""]"
table_quest_text_data.rdf	85803	[metatag = 5]1
table_quest_text_data.rdf	85811	[metatag = 5]0
table_quest_text_data.rdf	85812	[metatag = 5]570
table_quest_text_data.rdf	85901	"[metatag = 5][place = ""100107000""]"
table_quest_text_data.rdf	85903	[metatag = 5]2
table_quest_text_data.rdf	85911	[metatag = 5]0
table_quest_text_data.rdf	85912	[metatag = 5]420
table_quest_text_data.rdf	86001	"[metatag = 5][place = ""100107000""]"
table_quest_text_data.rdf	86003	[metatag = 5]1
table_quest_text_data.rdf	86011	[metatag = 5]0
table_quest_text_data.rdf	86012	[metatag = 5]592
table_quest_text_data.rdf	86101	"[metatag = 5][place = ""100107000""]"
table_quest_text_data.rdf	86103	[metatag = 5]2
table_quest_text_data.rdf	86111	[metatag = 5]0
table_quest_text_data.rdf	86112	[metatag = 5]1368
table_quest_text_data.rdf	86201	"[metatag = 5][place = ""100107000""]"
table_quest_text_data.rdf	86203	[metatag = 5]1
table_quest_text_data.rdf	86211	[metatag = 5]0
table_quest_text_data.rdf	86212	[metatag = 5]1668
table_quest_text_data.rdf	86301	"[metatag = 5][place = ""100123000""]"
table_quest_text_data.rdf	86303	[metatag = 5]1
table_quest_text_data.rdf	86311	[metatag = 5]0
table_quest_text_data.rdf	86312	[metatag = 5]156
table_quest_text_data.rdf	86401	"[metatag = 5][place = ""100123000""]"
table_quest_text_data.rdf	86403	[metatag = 5]3
table_quest_text_data.rdf	86411	[metatag = 5]0
table_quest_text_data.rdf	86412	[metatag = 5]2634
table_quest_text_data.rdf	86501	"[metatag = 5][place = ""100123000""]"
table_quest_text_data.rdf	86503	[metatag = 5]1
table_quest_text_data.rdf	86511	[metatag = 5]0
table_quest_text_data.rdf	86512	[metatag = 5]420
table_quest_text_data.rdf	86601	"[metatag = 5][place = ""100123000""]"
table_quest_text_data.rdf	86603	[metatag = 5]5
table_quest_text_data.rdf	86611	[metatag = 5]0
table_quest_text_data.rdf	86612	[metatag = 5]423
table_quest_text_data.rdf	86613	[metatag = 5]3
table_quest_text_data.rdf	86701	"[metatag = 5][place = ""100107000""]"
table_quest_text_data.rdf	86703	[metatag = 5]1
table_quest_text_data.rdf	86711	[metatag = 5]0
table_quest_text_data.rdf	86712	[metatag = 5]1812
table_quest_text_data.rdf	86801	"[metatag = 5][place = ""100123000""]"
table_quest_text_data.rdf	86803	[metatag = 5]3
table_quest_text_data.rdf	86811	[metatag = 5]0
table_quest_text_data.rdf	86812	[metatag = 5]3189
table_quest_text_data.rdf	86813	[metatag = 5]1
table_quest_text_data.rdf	86901	"[metatag = 5][place = ""100123000""]"
table_quest_text_data.rdf	86903	[metatag = 5]2
table_quest_text_data.rdf	86911	[metatag = 5]0
table_quest_text_data.rdf	86912	[metatag = 5]5032
table_quest_text_data.rdf	87001	"[metatag = 5][place = ""100123000""]"
table_quest_text_data.rdf	87003	[metatag = 5]1
table_quest_text_data.rdf	87011	[metatag = 5]0
table_quest_text_data.rdf	87012	[metatag = 5]0
table_quest_text_data.rdf	87101	"[metatag = 5][place = ""100123000""]"
table_quest_text_data.rdf	87103	[metatag = 5]1
table_quest_text_data.rdf	87111	[metatag = 5]0
table_quest_text_data.rdf	87112	[metatag = 5]146
table_quest_text_data.rdf	87120	"[metatag = 5][object = ""16""]"
table_quest_text_data.rdf	87201	"[metatag = 5][place = ""100123000""]"
table_quest_text_data.rdf	87203	[metatag = 5]1
table_quest_text_data.rdf	87211	[metatag = 5]0
table_quest_text_data.rdf	87212	[metatag = 5]292
table_quest_text_data.rdf	87220	"[metatag = 5][object = ""16""]"
table_quest_text_data.rdf	87301	"[metatag = 5][place = ""100123000""]"
table_quest_text_data.rdf	87303	[metatag = 5]1
table_quest_text_data.rdf	87311	[metatag = 5]0
table_quest_text_data.rdf	87312	[metatag = 5]20
table_quest_text_data.rdf	87320	"[metatag = 5][object = ""17""]"
table_quest_text_data.rdf	87401	"[metatag = 5][place = ""100123000""]"
table_quest_text_data.rdf	87403	[metatag = 5]1
table_quest_text_data.rdf	87411	[metatag = 5]0
table_quest_text_data.rdf	87412	[metatag = 5]40
table_quest_text_data.rdf	87420	"[metatag = 5][object = ""17""]"
table_quest_text_data.rdf	87501	"[metatag = 5][place = ""100107000""]"
table_quest_text_data.rdf	87503	[metatag = 5]2
table_quest_text_data.rdf	87511	[metatag = 5]0
table_quest_text_data.rdf	87512	[metatag = 5]1292
table_quest_text_data.rdf	87601	"[metatag = 5][place = ""100107000""]"
table_quest_text_data.rdf	87603	[metatag = 5]2
table_quest_text_data.rdf	87611	[metatag = 5]0
table_quest_text_data.rdf	87612	[metatag = 5]1286
table_quest_text_data.rdf	87701	"[metatag = 5][place = ""100107000""]"
table_quest_text_data.rdf	87703	[metatag = 5]2
table_quest_text_data.rdf	87711	[metatag = 5]0
table_quest_text_data.rdf	87712	[metatag = 5]716
table_quest_text_data.rdf	87801	"[metatag = 5][place = ""100107000""]"
table_quest_text_data.rdf	87803	[metatag = 5]2
table_quest_text_data.rdf	87811	[metatag = 5]0
table_quest_text_data.rdf	87812	[metatag = 5]300
table_quest_text_data.rdf	87901	"[metatag = 5][place = ""100107000""]"
table_quest_text_data.rdf	87903	[metatag = 5]2
table_quest_text_data.rdf	87911	[metatag = 5]0
table_quest_text_data.rdf	87912	[metatag = 5]820
table_quest_text_data.rdf	88001	"[metatag = 5][place = ""100107000""]"
table_quest_text_data.rdf	88003	[metatag = 5]2
table_quest_text_data.rdf	88011	[metatag = 5]0
table_quest_text_data.rdf	88012	[metatag = 5]810
table_quest_text_data.rdf	88101	"[metatag = 5][place = ""100107000""]"
table_quest_text_data.rdf	88103	[metatag = 5]2
table_quest_text_data.rdf	88111	[metatag = 5]0
table_quest_text_data.rdf	88112	[metatag = 5]2440
table_quest_text_data.rdf	88201	"[metatag = 5][place = ""100107000""]"
table_quest_text_data.rdf	88203	[metatag = 5]2
table_quest_text_data.rdf	88211	[metatag = 5]0
table_quest_text_data.rdf	88212	[metatag = 5]822
table_quest_text_data.rdf	88301	"[metatag = 5][place = ""100107000""]"
table_quest_text_data.rdf	88303	[metatag = 5]2
table_quest_text_data.rdf	88311	[metatag = 5]0
table_quest_text_data.rdf	88312	[metatag = 5]802
table_quest_text_data.rdf	88401	"[metatag = 5][place = ""100107000""]"
table_quest_text_data.rdf	88403	[metatag = 5]2
table_quest_text_data.rdf	88411	[metatag = 5]0
table_quest_text_data.rdf	88412	[metatag = 5]934
table_quest_text_data.rdf	88501	"[metatag = 5][place = ""100123000""]"
table_quest_text_data.rdf	88503	[metatag = 5]3
table_quest_text_data.rdf	88511	[metatag = 5]0
table_quest_text_data.rdf	88512	[metatag = 5]545
table_quest_text_data.rdf	88601	"[metatag = 5][place = ""100107000""]"
table_quest_text_data.rdf	88603	[metatag = 5]2
table_quest_text_data.rdf	88611	[metatag = 5]0
table_quest_text_data.rdf	88612	[metatag = 5]568
table_quest_text_data.rdf	88701	"[metatag = 5][place = ""100107000""]"
table_quest_text_data.rdf	88703	[metatag = 5]2
table_quest_text_data.rdf	88711	[metatag = 5]0
table_quest_text_data.rdf	88712	[metatag = 5]1584
table_quest_text_data.rdf	88801	"[metatag = 5][place = ""100123000""]"
table_quest_text_data.rdf	88803	[metatag = 5]3
table_quest_text_data.rdf	88811	[metatag = 5]0
table_quest_text_data.rdf	88812	[metatag = 5]100
table_quest_text_data.rdf	88901	"[metatag = 5][place = ""100107000""]"
table_quest_text_data.rdf	88903	[metatag = 5]2
table_quest_text_data.rdf	88906	[metatag = 5]신음하고 있는 수행자 클릭하면 세뇌 키리 수집병으로 변경 되며 전투.  미니 나레이션 사용
table_quest_text_data.rdf	88911	[metatag = 5]0
table_quest_text_data.rdf	88912	[metatag = 5]0
table_quest_text_data.rdf	88915	"[metatag = 5][mob = ""2914101""]"
table_quest_text_data.rdf	89001	"[metatag = 5][place = ""100107000""]"
table_quest_text_data.rdf	89003	[metatag = 5]0
table_quest_text_data.rdf	89011	[metatag = 5]0
table_quest_text_data.rdf	89012	[metatag = 5]200
table_quest_text_data.rdf	89101	"[metatag = 5][place = ""100107000""]"
table_quest_text_data.rdf	89103	[metatag = 5]0
table_quest_text_data.rdf	89111	[metatag = 5]0
table_quest_text_data.rdf	89112	[metatag = 5]200
table_quest_text_data.rdf	89201	"[metatag = 5][place = ""100107000""]"
table_quest_text_data.rdf	89203	[metatag = 5]0
table_quest_text_data.rdf	89211	[metatag = 5]0
table_quest_text_data.rdf	89212	[metatag = 5]442
table_quest_text_data.rdf	89301	"[metatag = 5][place = ""100107000""]"
table_quest_text_data.rdf	89303	[metatag = 5]0
table_quest_text_data.rdf	89311	[metatag = 5]0
table_quest_text_data.rdf	89312	[metatag = 5]200
table_quest_text_data.rdf	89401	"[metatag = 5][place = ""100107000""]"
table_quest_text_data.rdf	89403	[metatag = 5]0
table_quest_text_data.rdf	89411	[metatag = 5]0
table_quest_text_data.rdf	89412	[metatag = 5]200
table_quest_text_data.rdf	89501	"[metatag = 5][place = ""100107000""]"
table_quest_text_data.rdf	89503	[metatag = 5]0
table_quest_text_data.rdf	89511	[metatag = 5]0
table_quest_text_data.rdf	89512	[metatag = 5]200
table_quest_text_data.rdf	89601	"[metatag = 5][place = ""100107000""]"
table_quest_text_data.rdf	89603	[metatag = 5]0
table_quest_text_data.rdf	89611	[metatag = 5]0
table_quest_text_data.rdf	89612	[metatag = 5]200
table_quest_text_data.rdf	89701	"[metatag = 5][place = ""100107000""]"
table_quest_text_data.rdf	89703	[metatag = 5]0
table_quest_text_data.rdf	89711	[metatag = 5]0
table_quest_text_data.rdf	89712	[metatag = 5]200
table_quest_text_data.rdf	89801	"[metatag = 5][place = ""100107000""]"
table_quest_text_data.rdf	89803	[metatag = 5]0
table_quest_text_data.rdf	89811	[metatag = 5]0
table_quest_text_data.rdf	89812	[metatag = 5]200
table_quest_text_data.rdf	89901	"[metatag = 5][place = ""100107000""]"
table_quest_text_data.rdf	89903	[metatag = 5]2
table_quest_text_data.rdf	89911	[metatag = 5]0
table_quest_text_data.rdf	89912	[metatag = 5]1365
table_quest_text_data.rdf	90001	"[metatag = 5][place = ""100140000""]"
table_quest_text_data.rdf	90003	[metatag = 5]2
table_quest_text_data.rdf	90011	[metatag = 5]0
table_quest_text_data.rdf	90012	[metatag = 5]0
table_quest_text_data.rdf	90101	"[metatag = 5][place = ""100108000""]"
table_quest_text_data.rdf	90103	[metatag = 5]1
table_quest_text_data.rdf	90110	"[metatag = 5]어디서 오는 길이냐고 묻고 긴 여행길에 잠시 쉬었다 가라고 권한다.
웨스트랜드 외곽에 위치한 이곳 가넷농장의 평화롭고 안정된 모습에 대해 설명하며 자기 혼자 일하면 쓸쓸할텐데 농사일에 많은 도움을 주는 모니카에게 가보라고 한다."
table_quest_text_data.rdf	90111	[metatag = 5]0
table_quest_text_data.rdf	90112	[metatag = 5]50
table_quest_text_data.rdf	90201	"[metatag = 5][place = ""100108000""]"
table_quest_text_data.rdf	90203	[metatag = 5]1
table_quest_text_data.rdf	90210	"[metatag = 5]레드팬츠군에 대해 들어본 거 같기도 하다면서 하지만 이 근처에는 레드팬츠군의 그림자도 보이지 않으니 자기와는 상관없다 말한다.
그보다 얼마 전 [etc = ""3014""]에서 배급된 새로운 품종의 감자 씨앗을 농부 커티스에게 좀 가져다주길 바란다."
table_quest_text_data.rdf	90211	[metatag = 5]0
table_quest_text_data.rdf	90212	[metatag = 5]400
table_quest_text_data.rdf	90301	"[metatag = 5][place = ""100108000""]"
table_quest_text_data.rdf	90303	[metatag = 5]2
table_quest_text_data.rdf	90310	"[metatag = 5]가넷 농장의 생활에 대해 다 좋지만 농작물을 쪼아 먹는 동물들이 많다고 한다.
물론 일부는 농장 안에서 사육하여 그 고기로 가넷 프라이드 치킨을 만들기도 하지만 매 해마다 증가하는 야생 꼬끼오꼬들이 농작물에 피해를 주는 건 여전하다.
마침 대규모로 프라이드 치킨을 만들어야 하는 시기여서 사육하는 꼬끼오꼬로는 모자라니 야생 꼬끼오꼬들을 잡아 그 고기를 구해와 달라고 한다."
table_quest_text_data.rdf	90311	[metatag = 5]0
table_quest_text_data.rdf	90312	[metatag = 5]375.83
table_quest_text_data.rdf	90401	"[metatag = 5][place = ""100108000""]"
table_quest_text_data.rdf	90403	[metatag = 5]1
table_quest_text_data.rdf	90410	"[metatag = 5]메서가 구해 준 약초가 효능이 없어 팔리지 않고 썩고 있다고 불평한다.
지금은 물품의 재고정리를 하느라 바쁘기 때문에 유저가 메서에게 가서 따져봐달라고 한다."
table_quest_text_data.rdf	90411	[metatag = 5]0
table_quest_text_data.rdf	90412	[metatag = 5]280
table_quest_text_data.rdf	90501	"[metatag = 5][place = ""100108000""]"
table_quest_text_data.rdf	90503	[metatag = 5]2
table_quest_text_data.rdf	90510	"[metatag = 5]꼬끼오꼬라는 좋은 식량이 있는 이 지역에는 그것을 노리는 외톨이 울프들이 서식하게 되었는데 워낙 꼬끼오꼬들이 날쌔서 제대로 먹이사슬이 이뤄지지 못한다고 한다.
그래서 굶주리다보니 점점 사람까지 습격하려고 하고 있다고 하고 그것을 방지하기 위해 유저에게 외톨이 울프의 퇴치를 부탁한다."
table_quest_text_data.rdf	90511	[metatag = 5]0
table_quest_text_data.rdf	90512	[metatag = 5]430
table_quest_text_data.rdf	90601	"[metatag = 5][place = ""100108000""]"
table_quest_text_data.rdf	90603	[metatag = 5]2
table_quest_text_data.rdf	90610	"[metatag = 5]한 때 전사이자 실력있는 사냥꾼으로서 명성을 날렸다는 메서.
그 때의 추억이 생각났는지 집에 장식할 늑대가죽을 구하고 싶다고 한다.
주변에 잔뜩 돌아다니는 외톨이 울프면 적당할 것이다."
table_quest_text_data.rdf	90611	[metatag = 5]0
table_quest_text_data.rdf	90612	[metatag = 5]218
table_quest_text_data.rdf	90701	"[metatag = 5][place = ""100108000""]"
table_quest_text_data.rdf	90703	[metatag = 5]1
table_quest_text_data.rdf	90710	"[metatag = 5]이곳은 캡슐 코퍼레이션이 설립한 가넷천문대로써 일반적인 천체 관측 이외에 우주로부터의 위협도 감지해야 하는 중요한 장소라고 설명하고 자신들의 연구에 방해가 되어주지 않을 것을 부탁한다.
마침 새로운 천체데이터가 출력되었으니 이것을 연구원인 라비나에게 전해달라고 한다."
table_quest_text_data.rdf	90711	[metatag = 5]0
table_quest_text_data.rdf	90712	[metatag = 5]64
table_quest_text_data.rdf	90801	"[metatag = 5][place = ""100108000""]"
table_quest_text_data.rdf	90803	[metatag = 5]1
table_quest_text_data.rdf	90810	"[metatag = 5]며칠 전 자신의 형 버나드가 하늘에서 이상한 불빛을 본 이후로 일도 열심히 하지 않고 이상해졌다고 한다.
자기가 아무리 말해도 소용없다며 유저에게 무슨 일인지 물어봐주기를 원한다."
table_quest_text_data.rdf	90811	[metatag = 5]0
table_quest_text_data.rdf	90812	[metatag = 5]127
table_quest_text_data.rdf	90901	"[metatag = 5][place = ""100108000""]"
table_quest_text_data.rdf	90903	[metatag = 5]1
table_quest_text_data.rdf	90910	"[metatag = 5]자신이 본 빛나는 물체는 말로만 들었던 운석 같다면서 가넷 천문대의 뒷산쪽으로 떨어졌었다고 한다.
가넷 천문대의 로버트를 찾아가면 뭔가 알 수 있을지도 모른다고 이야기 해준다."
table_quest_text_data.rdf	90911	[metatag = 5]0
table_quest_text_data.rdf	90912	[metatag = 5]1067
table_quest_text_data.rdf	91001	"[metatag = 5][place = ""100108000""]"
table_quest_text_data.rdf	91003	[metatag = 5]2
table_quest_text_data.rdf	91006	"[metatag = 5]운석 관련 오브젝트 대화

성공/실패

퀘스트 수락 후"
table_quest_text_data.rdf	91010	"[metatag = 5]마침 하늘에서도 이상한 움직임들이 관측되어 연구원들이 모두 눈코뜰새 없이 바쁜 시기라고 한다.
대신 유저에게 운석이 낙하한 지점에 가서 그 조각을 수거해달라고 부탁한다."
table_quest_text_data.rdf	91011	[metatag = 5]0
table_quest_text_data.rdf	91012	[metatag = 5]416
table_quest_text_data.rdf	91101	"[metatag = 5][place = ""100108000""]"
table_quest_text_data.rdf	91103	[metatag = 5]2
table_quest_text_data.rdf	91110	"[metatag = 5]점점 더 불어나는 웨스트랜드의 인구에 의해 이곳의 농지도 더 늘리지 않으면 안되게 되었다.
하지만 농장 밖 지역에는 재배맨들이 군데군데 심어져 있고 깨어난 녀석들은 인간을 공격하므로 농지를 새로 개간하기에는 문제가 많다고 하소연 한다."
table_quest_text_data.rdf	91111	[metatag = 5]0
table_quest_text_data.rdf	91112	[metatag = 5]642.83
table_quest_text_data.rdf	91201	"[metatag = 5][place = ""100108000""]"
table_quest_text_data.rdf	91203	[metatag = 5]1
table_quest_text_data.rdf	91210	"[metatag = 5]원래 캡슐 코퍼레이션의 기술자 출신이지만 조용한 생활을 하고 싶어 농사일을 하는 자신은 얼마 전 취미로 누구라도 쉽게 다룰 수 있는 만능 수리 도구를 만들었다고 한다.
자신은 이 도구를 사용하여 울타리나 기계의 수리를 끝마쳤다며 누군가 또 필요한 사람이 없을까 물색해보려 한다고 한다."
table_quest_text_data.rdf	91211	[metatag = 5]0
table_quest_text_data.rdf	91212	[metatag = 5]209
table_quest_text_data.rdf	91301	"[metatag = 5][place = ""100108000""]"
table_quest_text_data.rdf	91303	[metatag = 5]1
table_quest_text_data.rdf	91306	"[metatag = 5]울타리 오브젝트 대화

성공/실패

퀘스트 수락 후"
table_quest_text_data.rdf	91310	"[metatag = 5]자신의 밭의 울타리가 너무 약해져 밀치고 들어오는 꼬끼오꼬들을 막을 재간이 없다고 한다.
자신은 양배추밭의 울타리를 보수해야 하니 유저에게 수리도구를 주며 옥수수밭 울타리의 보수를 부탁한다."
table_quest_text_data.rdf	91311	[metatag = 5]0
table_quest_text_data.rdf	91312	[metatag = 5]36
table_quest_text_data.rdf	91401	"[metatag = 5][place = ""100108000""]"
table_quest_text_data.rdf	91403	[metatag = 5]3
table_quest_text_data.rdf	91406	"[metatag = 5]미니 나레이션 대사

새도둑 곰은 이곳의 꼬끼오꼬가 매우 맛이 좋으며 이 곳 웨스트랜드의 레드팬츠군 본부에 상납하려 한다는 말을 합니다.

퀘스트 수락 후"
table_quest_text_data.rdf	91410	"[metatag = 5]붉은 팬티를 입은 수인이 농장에 침입해 자신이 사육하는 꼬끼오꼬를 훔쳐갔다고 한다.
이대로 두면 야생 꼬끼오꼬들까지 모조리 사라질지도 모른다고 불안해하는 커티스.
꼬끼오꼬는 다른 농작물과 대등할 정도로 가넷 농장에 중요한 것이다. 
레드팬츠군이 무엇인지 자신은 잘 모른다며 무조건 그 수인을 퇴치해달라고 부탁한다."
table_quest_text_data.rdf	91411	[metatag = 5]0
table_quest_text_data.rdf	91412	[metatag = 5]453.64
table_quest_text_data.rdf	91413	[metatag = 5]1
table_quest_text_data.rdf	91501	"[metatag = 5][place = ""100108000""]"
table_quest_text_data.rdf	91503	[metatag = 5]1
table_quest_text_data.rdf	91506	"[metatag = 5]트럭 오브젝트 대화

성공/실패

퀘스트 수락 후"
table_quest_text_data.rdf	91510	"[metatag = 5]알프레드의 수리도구는 정말 굉장하다고 하며 이거라면 고장난 키이스의 트럭도 수리할 수 있을 것이라고 말한다.
키이스의 트럭은 지금까지 카린 숲이나 서쪽도시의 왕래를 편리하게 해주었는데 고장난 상태라서 키이스가 우울해하고 있다고 한다.
유저가 직접 키이스의 트럭을 수리하고 키이스를 찾아가보라고 권한다."
table_quest_text_data.rdf	91511	[metatag = 5]0
table_quest_text_data.rdf	91512	[metatag = 5]73.83
table_quest_text_data.rdf	91601	"[metatag = 5][place = ""100108000""]"
table_quest_text_data.rdf	91603	[metatag = 5]3
table_quest_text_data.rdf	91606	[metatag = 5]평소에는 없다가 퀘스트를 받으면 꼬꼬댁꼬끼오꼬가 출현
table_quest_text_data.rdf	91610	"[metatag = 5]새의 깃털은 카린가의 사람들에게 인기있는 장신구이다.
하지만 자신은 평범한 새의 깃털에는 관심이 없다고 하며 다른 곳에서는 쉽게 구할 수 없는 좀 더 특별한 새의 깃털을 얻고자 한다."
table_quest_text_data.rdf	91611	[metatag = 5]0
table_quest_text_data.rdf	91612	[metatag = 5]149.3
table_quest_text_data.rdf	91613	[metatag = 5]1
table_quest_text_data.rdf	91701	"[metatag = 5][place = ""100108000""]"
table_quest_text_data.rdf	91703	[metatag = 5]3
table_quest_text_data.rdf	91710	"[metatag = 5]외톨이 울프는 본래 어떤 일이 있어도 한마리씩만 다니기 때문에 그렇게 불리웠다.
그래서 농장 외곽으로 나갔을 때도 총 한자루만 가지고 다닌다면 외톨이 울프를 상대하는 것이 버겁지 않았다.
하지만 어느 날 부터인가 쌍으로 붙어다니는 울프를 발견했다. 
농장의 주민들은 제각각 하는 일이 바쁘기 때문에 그 녀석들 때문에 주민들도 뭉쳐 다니기는 힘들다.
쌍을 지어 다니는 늑대 두마리를 해결해달라."
table_quest_text_data.rdf	91711	[metatag = 5]0
table_quest_text_data.rdf	91712	[metatag = 5]554.8
table_quest_text_data.rdf	91713	[metatag = 5]1
table_quest_text_data.rdf	91801	"[metatag = 5][place = ""100108000""]"
table_quest_text_data.rdf	91803	[metatag = 5]1
table_quest_text_data.rdf	91810	"[metatag = 5]유저가 구해 온 운석조각은 자신의 힘으로 더 자세한 분석은 불가능하니 서쪽 도시의 연구센터에 맡기는 것이 좋겠다고 한다.
유저가 이 웨스트랜드를 여행하는 길이라면 언젠간 서쪽 도시에도 도착하게 될 것이라고 하며 유저가 직접 서쪽 도시에 도착했을 때 그곳의 연구원에게 맡겨주지 않겠냐고 한다."
table_quest_text_data.rdf	91811	[metatag = 5]0
table_quest_text_data.rdf	91812	[metatag = 5]2842.33
table_quest_text_data.rdf	91901	"[metatag = 5][place = ""100108000""]"
table_quest_text_data.rdf	91903	[metatag = 5]1
table_quest_text_data.rdf	91910	"[metatag = 5]자신은 이 가넷 농장을 너무도 사랑한다고 말하는 알프레드.
그렇기 때문에 캡슐 코퍼레이션에서 이 농장에 얼마나 많은 투자를 할 것인가에 끊임없는 관심을 가지고 있다.
마침 절친한 벗인 에미가 캡슐 코퍼레이션의 정보 투자 소식을 알아냈다고 하는데, 완전한 농사꾼으로 변해버린 자신의 모습을 보여주고 싶지 않다며 유저에게 대신 가넷 천문대에 있는 에미를 만나달라고 한다."
table_quest_text_data.rdf	91911	[metatag = 5]0
table_quest_text_data.rdf	91912	[metatag = 5]1022.97
table_quest_text_data.rdf	92001	"[metatag = 5][place = ""100108000""]"
table_quest_text_data.rdf	92003	[metatag = 5]2
table_quest_text_data.rdf	92011	[metatag = 5]0
table_quest_text_data.rdf	92012	[metatag = 5]622
table_quest_text_data.rdf	92020	"[metatag = 5][npc = ""3142101""]"
table_quest_text_data.rdf	92022	"[metatag = 5][etc = ""9059""]"
table_quest_text_data.rdf	92101	"[metatag = 5][place = ""100108000""]"
table_quest_text_data.rdf	92103	[metatag = 5]2
table_quest_text_data.rdf	92111	[metatag = 5]0
table_quest_text_data.rdf	92112	[metatag = 5]594.4
table_quest_text_data.rdf	92201	"[metatag = 5][place = ""100108000""]"
table_quest_text_data.rdf	92203	[metatag = 5]2
table_quest_text_data.rdf	92211	[metatag = 5]0
table_quest_text_data.rdf	92212	[metatag = 5]344.48
table_quest_text_data.rdf	92301	"[metatag = 5][place = ""100108000""]"
table_quest_text_data.rdf	92303	[metatag = 5]1
table_quest_text_data.rdf	92306	"[metatag = 5]visit 대사

로버트를 만나면 로버트 자신도 이 로봇들의 출처를 모르겠다고 한다.
생각같아서는 어떻게든 물리쳐버리고 싶지만 기술자의 천성을 가지고 있는 이상 기계를 함부로 폐기하지 못하고 있다고 한다.

퀘스트 수락 후"
table_quest_text_data.rdf	92310	"[metatag = 5]가넷 천문대의 연구소 건물 주변을 처음보는 이상한 로봇들이 나타나 둘러싸고 있다.
그리고 이상하게도 이 로봇들이 나타남과 함께 천체장비들이 알 수 없는 괴전파의 방해를 받고 있다고 한다.
로버트가 캡슐코퍼레이션에 주문한 연구 보조 로봇인 줄 알았지만 아니라고 한다.
로버트를 만나 자초지종을 듣고 오라고 한다."
table_quest_text_data.rdf	92311	[metatag = 5]0
table_quest_text_data.rdf	92312	[metatag = 5]312
table_quest_text_data.rdf	92401	"[metatag = 5][place = ""100108000""]"
table_quest_text_data.rdf	92403	[metatag = 5]2
table_quest_text_data.rdf	92410	"[metatag = 5]도저히 참을 수 없다며 자신이 짤릴 각오를 해서라도 모든 책임을 질테니 연구소 건물 주변에 자리잡고 있는 모든 이상한 방해물들을 제거해달라고 한다.
그리고 제거한 이후 로버트에게 가서 자신이 한 일임을 전해달라고 한다."
table_quest_text_data.rdf	92411	[metatag = 5]0
table_quest_text_data.rdf	92412	[metatag = 5]348
table_quest_text_data.rdf	92413	[metatag = 5]1
table_quest_text_data.rdf	92501	"[metatag = 5][place = ""100108000""]"
table_quest_text_data.rdf	92503	[metatag = 5]2
table_quest_text_data.rdf	92510	"[metatag = 5]자신은 이 곳 가넷천문대의 천체장비 보수의 지원을 위해 서쪽도시에서 왔다고 한다.
하지만 천체장비 수리를 위해 자신이 데려온 로봇들이 도착하자마자 이상하게 돌변했다고 한다.
정해진 프로그램 입력에 따라 수리작업을 하지 않게 되었으며 그 때문에 오히려 더 장비를 고장내고 다닌다고도 한다.
아무래도 이대로 두면 수리는커녕 천문대의 모든 장비가 망가질 염려가 있으므로 로봇들의 제거를 부탁한다."
table_quest_text_data.rdf	92511	[metatag = 5]0
table_quest_text_data.rdf	92512	[metatag = 5]600
table_quest_text_data.rdf	92601	"[metatag = 5][place = ""100108000""]"
table_quest_text_data.rdf	92603	[metatag = 5]1
table_quest_text_data.rdf	92610	"[metatag = 5]아무래도 이곳의 메인안테나가 고장난 듯 하다.
메인안테나는 우주에서 날아드는 위험요소를 감지하기 위해 없어서는 안된다.
빨리 수리하지 않으면 큰일이라며 책임자인 로버트를 만나 대책을 강구해달라고 한다."
table_quest_text_data.rdf	92611	[metatag = 5]0
table_quest_text_data.rdf	92612	[metatag = 5]259.05
table_quest_text_data.rdf	92701	"[metatag = 5][place = ""100108000""]"
table_quest_text_data.rdf	92703	[metatag = 5]3
table_quest_text_data.rdf	92706	"[metatag = 5]로버트가 불러낸 수리 메카닉이 메인안테나로 천천히 걸어가서 수리를 시작하면 이상한 방해물들이 메인안테나 주변에 스폰됩니다.
스폰된 이상한 방해물들을 모두 제거해야 수리 메카닉이 수리를 완료합니다.

연출 대사

수리 시작할 때 수리 메카닉의 대사, 이상한 방해물이 등장했을 때 이 녀석들이 전파를 교란해서 제대로 수리를 할 수 없다는 수리 메카닉의 대사, 수리를 완료했다는 수리 메카닉의 대사

퀘스트 수락 후"
table_quest_text_data.rdf	92710	"[metatag = 5]자신은 지금 다른 할일이 있으니 자신이 애지중지하는 수리 메카닉이 대신 메인 안테나를 수리할 것이라고 한다.
혹시라도 수리 메카닉이 제대로 수리를 하는지 유저가 좀 확인해달라고 한다."
table_quest_text_data.rdf	92711	[metatag = 5]0
table_quest_text_data.rdf	92712	[metatag = 5]236
table_quest_text_data.rdf	92801	"[metatag = 5][place = ""100108000""]"
table_quest_text_data.rdf	92803	[metatag = 5]2
table_quest_text_data.rdf	92810	"[metatag = 5]웨스트 랜드 하이웨이 연장을 위해 파견된 공사 로보가 있다.
가넷 지구의 사람들도 여러모로 이득이 될 하이웨이의 연장을 바라는 입장이지만, 이 공사 로보들이 너무 거칠어서 사람과 자재를 구분하지 않고 덤벼든다고 한다.
하이웨이의 건설도 좋지만 주민들의 안전이 우선이라고 말한다."
table_quest_text_data.rdf	92811	[metatag = 5]0
table_quest_text_data.rdf	92812	[metatag = 5]975.82
table_quest_text_data.rdf	92901	"[metatag = 5][place = ""100108000""]"
table_quest_text_data.rdf	92903	[metatag = 5]1
table_quest_text_data.rdf	92910	[metatag = 5]웨스트 랜드 하이웨이로 가는 길목에는 웨스트랜드에서 외지인들의 관심을 끌기 위해 커다란 광고판을 여러군데 설치했는데 이것이 빌보드라고 한다. 자신은 다른 빌보드는 관심없지만 과거 인류를 구해낸 영웅 미스터사탄의 모습이 커다랗게 그려진 빌보드를 무척 좋아한다며 그런 멋진 사탄의 빌보드를 매일 볼수 있는 방법이 없을까 고민한다.
table_quest_text_data.rdf	92911	[metatag = 5]0
table_quest_text_data.rdf	92912	[metatag = 5]680.2
table_quest_text_data.rdf	93001	"[metatag = 5][place = ""100108000""]"
table_quest_text_data.rdf	93003	[metatag = 5]2
table_quest_text_data.rdf	93010	"[metatag = 5]모리스의 말대로 빌보드 낙서단이라는 무리들이 빌보드에 온갖 낙서로 도배를 하고 다니는 것을 보았다.
그들을 그대로 놔둔다면 빌보드를 올려도 영화의 홍보는 전혀 이루어지지 않을 것이다.
주위에 돌아다니는 빌보드 낙서단을 해결해달라고 한다."
table_quest_text_data.rdf	93011	[metatag = 5]0
table_quest_text_data.rdf	93012	[metatag = 5]523.08
table_quest_text_data.rdf	93101	"[metatag = 5][place = ""100108000""]"
table_quest_text_data.rdf	93103	[metatag = 5]1
table_quest_text_data.rdf	93110	[metatag = 5]사탄의 빌보드를 한장 찍어달라는 유저의 말에 빌보드는 자연의 아름다움을 깎아내리는 구조물이기 때문에 싫어하지만 유저는 인상이 좋으니까 찍어주겠다고 한다.
table_quest_text_data.rdf	93111	[metatag = 5]0
table_quest_text_data.rdf	93112	[metatag = 5]680.2
table_quest_text_data.rdf	93201	"[metatag = 5][place = ""100108000""]"
table_quest_text_data.rdf	93203	[metatag = 5]2
table_quest_text_data.rdf	93210	"[metatag = 5]최근 여기저기 사진을 찍으러 다니다가 이 지역에 세워진 빌보드를 파괴하려는 무리들을 봤다고 한다.
자신은 이 지역에 세워진 빌보드를 좋아하진 않지만, 이것이 파괴되어 방치된다면 더 자연이 망가질 것이라고 생각된다며 빌보드 파괴단들을 찾아 퇴치해줄 것을 부탁한다."
table_quest_text_data.rdf	93211	[metatag = 5]0
table_quest_text_data.rdf	93212	[metatag = 5]777.7
table_quest_text_data.rdf	93301	"[metatag = 5][place = ""100108000""]"
table_quest_text_data.rdf	93303	[metatag = 5]1
table_quest_text_data.rdf	93310	"[metatag = 5]자신은 영화배우 소리아 칸의 열렬한 팬이라고 말하는 모리스.
그런데 최근 소리아 칸의 빌보드에 낙서를 하는 이상한 무리들을 발견했다고 하며 이 사실을 호이포이 시네마에서 파견된 아미닉에게 전해달라고 한다."
table_quest_text_data.rdf	93311	[metatag = 5]0
table_quest_text_data.rdf	93312	[metatag = 5]648.94
table_quest_text_data.rdf	93401	"[metatag = 5][place = ""100108000""]"
table_quest_text_data.rdf	93403	[metatag = 5]3
table_quest_text_data.rdf	93410	"[metatag = 5]자신이 이 곳 가넷 천문대에서 가장 멀쩡한 로봇이라고 자랑한다.
얼마 전 자신이 연구기록을 보관한 데이터 디스크를 들고 이동하다가 땅에 떨어뜨렸다고 하는데 갑자기 땅속에서 어떤 것이 나타나더니 그것을 삼켜버렸다고 한다.
분명 그것은 재배맨일 것이라고 하며 유저에게 그 재배맨을 잡고 데이터디스크를 되찾아 줄 것을 요청한다."
table_quest_text_data.rdf	93411	[metatag = 5]0
table_quest_text_data.rdf	93412	[metatag = 5]900.22
table_quest_text_data.rdf	93413	[metatag = 5]1
table_quest_text_data.rdf	93501	"[metatag = 5][place = ""100108000""]"
table_quest_text_data.rdf	93503	[metatag = 5]3
table_quest_text_data.rdf	93510	"[metatag = 5]빌보드 낙서단 무리들에게는 분명 뒤에서 그들을 지시하는 리더가 있을 것이라 말하며 리더가 계속 존재하는 한 빌보드 낙서를 계속할 것이라고 말한다.
유저에게 모든 지원을 아끼지 않을테니 빌보드 낙서단장을 쫓아내달라고 한다."
table_quest_text_data.rdf	93511	[metatag = 5]0
table_quest_text_data.rdf	93512	[metatag = 5]454
table_quest_text_data.rdf	93513	[metatag = 5]1
table_quest_text_data.rdf	93601	"[metatag = 5][place = ""100108000""]"
table_quest_text_data.rdf	93603	[metatag = 5]3
table_quest_text_data.rdf	93606	"[metatag = 5]빌보드 파괴단장을 쓰러뜨리면 미니 나레이션 대사

자신들은 레드팬츠군에 소속되고 싶은 수인 무리들이라며 이 곳의 빌보드를 파괴하고 레드팬츠군의 빌보드를 세워 그들의 환심을 사려 했다고 합니다.

퀘스트 수락 후"
table_quest_text_data.rdf	93610	"[metatag = 5]빌보드 파괴단이 활동하는 데에는 그들의 리더가 있을 것이라고 말한다.
이러한 그들의 행위는 자신 역시 싫지만 이곳 빌보드의 책임자에게는 더욱 중요한 문제일 것이다.
빌보드 파괴단의 리더를 생포해서 빌보드의 책임자 아미닉에게 데려가라고 한다."
table_quest_text_data.rdf	93611	[metatag = 5]0
table_quest_text_data.rdf	93612	[metatag = 5]607
table_quest_text_data.rdf	93613	[metatag = 5]1
table_quest_text_data.rdf	93701	"[metatag = 5][place = ""100108000""]"
table_quest_text_data.rdf	93703	[metatag = 5]1
table_quest_text_data.rdf	93710	"[metatag = 5]유저는 나쁜놈들을 혼내주기 위해 안달하는 것처럼 보인다고 하며, 레드팬츠군에 대해서는 잘 모르지만 아주 오래전부터 웨스트랜드를 공격한 외계세력에 대해 이야기 한다.
이른바 프리더군의 잔당이 침입했던 유명한 웨스트랜드 전쟁에 대해 말하며 더 자세한 이야기를 듣고 싶다면 역사에 대해 공부를 많이 한 젊은 사람을 찾아가라고 한다.
부두 낚시터의 플로라가 적당한 사람이 아닐까 한다."
table_quest_text_data.rdf	93711	[metatag = 5]0
table_quest_text_data.rdf	93712	[metatag = 5]1502.33
table_quest_text_data.rdf	93801	"[metatag = 5][place = ""100108000""]"
table_quest_text_data.rdf	93803	[metatag = 5]1
table_quest_text_data.rdf	93810	"[metatag = 5]사실 이 곳의 빌보드 제작을 위해 함께 파견된 동료가 있었는데 중간에 잠깐 휴가를 내어 지금은 해변에 있다고 한다.
휴가기간이 끝났는데도 돌아오지 않도 있어 걱정이 되니 유저가 부두 낚시터의 노켈에게 가봐달라고 한다."
table_quest_text_data.rdf	93811	[metatag = 5]0
table_quest_text_data.rdf	93812	[metatag = 5]779.6
table_quest_text_data.rdf	93901	"[metatag = 5][place = ""100108000""]"
table_quest_text_data.rdf	93903	[metatag = 5]2
table_quest_text_data.rdf	93910	"[metatag = 5]자신은 술을 매우 좋아하는 애주가라고 하며 매해마다 독특한 재료로 술을 담그는 것에 도전해왔다고 한다.
그래서 이번에는 재배맨을 이용해서 술을 담궈보려고 하는데, 웨스트 랜드 하이웨이에서 가넷지구로 통하는 길에 거대한 뱀처럼 생긴 재배맨을 보았다며 그 녀석을 잡아와달라고 한다."
table_quest_text_data.rdf	93911	[metatag = 5]0
table_quest_text_data.rdf	93912	[metatag = 5]1277.98
table_quest_text_data.rdf	94001	"[metatag = 5][place = ""100108000""]"
table_quest_text_data.rdf	94003	[metatag = 5]2
table_quest_text_data.rdf	94006	"[metatag = 5]플로라 캠프와 그 주변 하이웨이 근처에 시트러스의 고장난 자동차 오브젝트 설치.
그것을 조사하면 시트러스의 핸드폰을 입수합니다.

시트러스의 자동차 오브젝트 대사

성공/실패

퀘스트 수락 후"
table_quest_text_data.rdf	94010	"[metatag = 5]자신 역시 플로라와 마찬가지로 서쪽도시에서 왔다고 한다.
하지만 이 웨스트 하이웨이를 통해 개인차량을 운전하다가 사고가 나서 다치지는 않았지만 결국 차는 고장난 상태라고 하는데…
서쪽도시에 있는 자신의 부모님에게 연락을 하기 위해 자신의 고장난 차량에서 핸드폰을 가져다 달라고 하는 시트러스."
table_quest_text_data.rdf	94011	[metatag = 5]0
table_quest_text_data.rdf	94012	[metatag = 5]2168.04
table_quest_text_data.rdf	94101	"[metatag = 5][place = ""100108000""]"
table_quest_text_data.rdf	94103	[metatag = 5]3
table_quest_text_data.rdf	94110	"[metatag = 5]자신은 사실 놀고만 있었던 것이 아니라 캡슐 코퍼레이션에서 주문한 작업용 로봇이 오길 기다리고 있었다고 한다.
캡슐 코퍼레이션의 아는 사람에게 부탁해서 위법으로 개조한 일꾼 로봇이지만 도착한 작업용 로봇은 제대로 말을 안 듣고 폭주하고 있다고 하는데, 이대로라면 빌보드 건설 작업은 할 수 없다.
지금으로는 도저히 방법이 없으니 유저에게 작업 로봇을 고장내달라고 하며 대신 로봇이 가지고 있는 AS칩을 가져다 달라고 한다."
table_quest_text_data.rdf	94111	[metatag = 5]0
table_quest_text_data.rdf	94112	[metatag = 5]754.72
table_quest_text_data.rdf	94113	[metatag = 5]1
table_quest_text_data.rdf	94201	"[metatag = 5][place = ""100108000""]"
table_quest_text_data.rdf	94203	[metatag = 5]2
table_quest_text_data.rdf	94206	"[metatag = 5]플로라 캠프 앞 바다에서 유저 캐릭이 도달할 수 있는 제일 끝 부분 즈음에 플로라의 튜브 오브젝트 설치.
그것을 클릭하면 플로라의 튜브를 입수할 수 있습니다.

플로라의 튜브 오브젝트 대사

성공/실패

퀘스트 수락 후"
table_quest_text_data.rdf	94210	"[metatag = 5]부끄러운 말이지만 자신은 아직 수영을 잘 하지 못한다며 물에 들어갈 때는 튜브를 꼭 이용한다고 한다.
하지만 해변에 두었었던 튜브가 썰물에 바다로 떠내려가버려 현재 노켈이란 남자가 같이 수영을 하자고 꼬시고 있음에도 물에 들어가지 못하고 있다.
유저를 보며 수영을 잘 한다면 자신의 떠내려간 튜브를 찾아주기를 부탁한다."
table_quest_text_data.rdf	94211	[metatag = 5]0
table_quest_text_data.rdf	94212	[metatag = 5]400
table_quest_text_data.rdf	94301	"[metatag = 5][place = ""100108000""]"
table_quest_text_data.rdf	94303	[metatag = 5]2
table_quest_text_data.rdf	94306	[metatag = 5]퀘스트를 수락하면 울타리쪽에서 식량 약탈병들이 스폰되어 칩입합니다.
table_quest_text_data.rdf	94311	[metatag = 5]0
table_quest_text_data.rdf	94312	[metatag = 5]269.24
table_quest_text_data.rdf	94401	"[metatag = 5][place = ""100108000""]"
table_quest_text_data.rdf	94403	[metatag = 5]1
table_quest_text_data.rdf	94411	[metatag = 5]0
table_quest_text_data.rdf	94412	[metatag = 5]876.48
table_quest_text_data.rdf	94501	"[metatag = 5][place = ""100108000""]"
table_quest_text_data.rdf	94503	[metatag = 5]2
table_quest_text_data.rdf	94510	"[metatag = 5]잘 생각해보니 사고가 났던 것은 운전 중에 왠 빨간 팬티를 입은 수인들이 공격해왔기 때문이라며, 모든 것은 녀석들 때문이었다고 한다.
직접 웨스트랜드 경비대를 불러 녀석들을 처리하고 싶지만 시간이 좀 걸리니 유저에게 직접 빨간 팬티를 입은 팬더곰 수인들을 혼내달라고 한다."
table_quest_text_data.rdf	94511	[metatag = 5]0
table_quest_text_data.rdf	94512	[metatag = 5]660.12
table_quest_text_data.rdf	94601	"[metatag = 5][place = ""100108000""]"
table_quest_text_data.rdf	94603	[metatag = 5]2
table_quest_text_data.rdf	94610	"[metatag = 5]안전한 관광지일 것이라 생각했던 에메랄드 비치에서 왠 흡혈박쥐 수인들이 나타나 관광객들의 피를 빨고 다닌다고 한다.
플로라 자신도 노출한 채 일광욕을 즐기던 중 녀석에게 당할 뻔 했었다며, 이제 이 곳도 더는 좋은 관광지가 아니라고 푸념한다."
table_quest_text_data.rdf	94611	[metatag = 5]0
table_quest_text_data.rdf	94612	[metatag = 5]550.52
table_quest_text_data.rdf	94701	"[metatag = 5][place = ""100108000""]"
table_quest_text_data.rdf	94703	[metatag = 5]1
table_quest_text_data.rdf	94706	"[metatag = 5]플로라와 시트러스의 visit 대사

플로라와 시트러스는 둘 다 노켈에 대한 생각으로 긴가민가한 답변을 합니다.

퀘스트 수락 후"
table_quest_text_data.rdf	94710	"[metatag = 5]드디어 결심이 섰다면서 일도 중요하지만 청춘사업도 중요하다고 말한다. 
플로라와 시트러스 두 미녀 중 하나에게 고백하겠다고 하는데... 
일단 자신에 대해 두 여자에게 어떻게 생각하냐고 물어보라고 요청한다."
table_quest_text_data.rdf	94711	[metatag = 5]0
table_quest_text_data.rdf	94712	[metatag = 5]128.68
table_quest_text_data.rdf	94801	"[metatag = 5][place = ""100108000""]"
table_quest_text_data.rdf	94803	[metatag = 5]3
table_quest_text_data.rdf	94806	"[metatag = 5]쌔비 약탈장이 쓰러질 때 미니 나레이션 대사

기리 대령님께 면목이 없다는 둥 어쩌구 저쩌구 식의 말을 합니다.

퀘스트 수락 후"
table_quest_text_data.rdf	94810	"[metatag = 5]붉은 팬티를 입은 수인들의 정체는 유저가 말한대로 레드팬츠군이라는 정보를 들었다고 한다.
특히 이 플로라 캠프 주변의 레드팬츠군은 쌔비 약탈대장이 다스리고 있으니 그를 처리하는 것이 좋을 것이라 한다.
유저는 지난 번에도 레드팬츠군을 상대했으니 웨스트랜드 경비대의 도움 필요없이 처리할 수 있지 않을까?
쌔비 약탈대장을 물리치고 그 증거를 패트루 경찰관에게 보여주면 좋을 것이라고 한다."
table_quest_text_data.rdf	94811	[metatag = 5]0
table_quest_text_data.rdf	94812	[metatag = 5]451
table_quest_text_data.rdf	94813	[metatag = 5]1
table_quest_text_data.rdf	94901	"[metatag = 5][place = ""100108000""]"
table_quest_text_data.rdf	94903	[metatag = 5]1
table_quest_text_data.rdf	94910	"[metatag = 5]자신은 스벨버그 감독의 차기예정작 '그레이트 사이어맨'에 출연하고 싶어 레드팬츠군을 탈주한 브루스라고 하면서 그래서 이름도 그레이트 브루스로 개명했다고 한다.
하지만 워낙 긴장이 되어 스벨버그라는 명감독을 마주하기가 두렵다고 하며 유저에게 직접 자신에 대해 최대한 좋게 스벨버그에게 설명해달라고 부탁한다."
table_quest_text_data.rdf	94911	[metatag = 5]0
table_quest_text_data.rdf	94912	[metatag = 5]535.82
table_quest_text_data.rdf	95001	"[metatag = 5][place = ""100108000""]"
table_quest_text_data.rdf	95003	[metatag = 5]3
table_quest_text_data.rdf	95006	"[metatag = 5]퀘스트를 수락하면 바다왕 집게 재배맨이 해안에 스폰됩니다.
"
table_quest_text_data.rdf	95010	"[metatag = 5]해안에서 가끔 아주 무서운 재배맨이 기어 올라와 촬영진들을 놀라게 하고 있다고 한다.
스탭의 막내로써 자신이 그 재배맨을 쫓아내야 하는데 엄두가 나지 않는다고 하며 유저가 대신 해준다면 좋은 걸 주겠다고 꼬신다."
table_quest_text_data.rdf	95011	[metatag = 5]0
table_quest_text_data.rdf	95012	[metatag = 5]455.64
table_quest_text_data.rdf	95013	[metatag = 5]1
table_quest_text_data.rdf	95101	"[metatag = 5][place = ""100108000""]"
table_quest_text_data.rdf	95103	[metatag = 5]1
table_quest_text_data.rdf	95106	"[metatag = 5]퀘스트를 수락 후 3명의 NPC를 방문합니다.

퍄오/혼카 경찰관/웨이트의 visit 대사

퍄오/혼카 경찰관/웨이트에게 말을 걸지만 전부 보브역으로는 자격미달에 해당하는 대사를 말합니다.

퀘스트 수락 후"
table_quest_text_data.rdf	95110	"[metatag = 5]자신은 스벨버그의 너무 과도한 연기 주문에 지쳐있다면서 이젠 마가렛의 얼굴만 봐도 정나미가 떨어질 정도라고 한다.
그래서 이 해변에서 자기 대신에 보브 역을 대신 맡아줄 사람이 없을지 좀 알아봐달라고 부탁한다."
table_quest_text_data.rdf	95111	[metatag = 5]0
table_quest_text_data.rdf	95112	[metatag = 5]482.89
table_quest_text_data.rdf	95120	"[metatag = 5][npc = ""3331207""]"
table_quest_text_data.rdf	95122	"[metatag = 5][npc = ""4072106""]"
table_quest_text_data.rdf	95124	"[metatag = 5][npc = ""5592101""]"
table_quest_text_data.rdf	95201	"[metatag = 5][place = ""100108000""]"
table_quest_text_data.rdf	95203	[metatag = 5]2
table_quest_text_data.rdf	95210	"[metatag = 5]이야기를 들었을지 모르지만 레드팬츠군 무리들이 이 에메랄드 비치까지 노리는 것 같다고 한다.
이곳에 주둔하는 녀석들은 레드팬츠군의 사천왕 중 한명인 듀 중령인가 하는 녀석의 부하들인 듯 하다며 자신도 그 이상은 잘 알지 못한다고 한다.
어쨌든 에메랄드 비치의 치안 담당으로써 그들을 두고볼 수만은 없다고 하며 유저에게 힘을 보태어 달라고 한다.
레드팬츠군의 버팔로 수병을 퇴치해달라."
table_quest_text_data.rdf	95211	[metatag = 5]0
table_quest_text_data.rdf	95212	[metatag = 5]661.94
table_quest_text_data.rdf	95301	"[metatag = 5][place = ""100108000""]"
table_quest_text_data.rdf	95303	[metatag = 5]1
table_quest_text_data.rdf	95306	"[metatag = 5]퀘스트를 수락하면 고속도로의 일정위치에 차량이 스폰됩니다.
유저가 그것을 클릭하면 '당신이 안전요원인가?'라고 말하면서 촬영장 방향으로 이동하기 시작합니다.
이동하면서 주변에 레드팬츠군 탈주병들이 스폰되어 차량과 유저를 공격합니다.

연출 대사

처음 의상 차량을 클릭했을 때 의상 차량의 대사
레드팬츠군 탈주병이 등장했을 때 의상 차량의 대사
레드팬츠군 탈주병이 공격시의 의상 차량의 대사
목적지에 도착했을 때의 의상 차량의 대사
의상 차량의 LP가 다 소모되었을 때의 의상 차량의 대사
유저가 레드팬츠군에게 죽었을 때 의상 차량의 대사

퀘스트 수락 후"
table_quest_text_data.rdf	95310	"[metatag = 5]곧 서쪽 도시에서 웨스트 랜드 하이웨이를 통해 자신의 의상협찬 차량이 도착할 것이라고 한다.
하지만 최근 웨스트 랜드 하이웨이에는 난폭한 수인들이 돌아다니며 차량을 상대로 강도짓을 일삼고 있다며 그 의상들이 도착하지 못한다면 절대로 영화를 찍을 수 없다고 한다.
유저가 그 의상 차량이 이곳까지 오는 길을 보호해주면 좋겠다고 말한다."
table_quest_text_data.rdf	95311	[metatag = 5]0
table_quest_text_data.rdf	95312	[metatag = 5]1088.24
table_quest_text_data.rdf	95401	"[metatag = 5][place = ""100108000""]"
table_quest_text_data.rdf	95403	[metatag = 5]2
table_quest_text_data.rdf	95410	"[metatag = 5]보브와 마가렛의 위험한 장난에서는 숲속을 뛰어다니는 마가렛을 보브가 쫓아다니는 로맨틱한 장면도 나온다.
그 장면을 찍기 위해 직접 세트가 될 만한 숲을 선정했는데 그 지역에 빨간 팬티를 입은 수인들이 험상궂게 돌아다니고 있었다.
영화의 아주 중요한 대목이므로 그들을 어떻게든 쫓아내달라고 유저에게 요청한다."
table_quest_text_data.rdf	95411	[metatag = 5]0
table_quest_text_data.rdf	95412	[metatag = 5]1314
table_quest_text_data.rdf	95501	"[metatag = 5][place = ""100108000""]"
table_quest_text_data.rdf	95503	[metatag = 5]2
table_quest_text_data.rdf	95510	"[metatag = 5]무려 600분 분량의 데이트씬을 촬영한 필름이 담긴 카메라를 도난 당했다고 한다.
촬영장을 잠시 비운 사이 빨간 팬티를 입은 수인이 그것을 훔쳐가는 것을 목격한 사람이 있다고 한다.
빨간 팬티를 입은 수인으로부터 영화 촬영용 카메라를 되찾아 달라고 부탁한다."
table_quest_text_data.rdf	95511	[metatag = 5]0
table_quest_text_data.rdf	95512	[metatag = 5]1098
table_quest_text_data.rdf	95601	"[metatag = 5][place = ""100108000""]"
table_quest_text_data.rdf	95603	[metatag = 5]3
table_quest_text_data.rdf	95610	"[metatag = 5]자신은 가진 게 아무것도 없지만 정말 순수한 마음씨를 가진 수인이라고 소개하면서 이 곳 웨스트 랜드 하이웨이 부근에 전설의 근두운이 나타난다는 소문을 듣고 왔다고 한다.
교통비가 없으니 어떻게든 그 근두운을 타고 집에 돌아가고 싶다고 하며 근두운을 발견하면 자신에게 알려달라고 말한다."
table_quest_text_data.rdf	95611	[metatag = 5]0
table_quest_text_data.rdf	95612	[metatag = 5]733.2
table_quest_text_data.rdf	95613	[metatag = 5]1
table_quest_text_data.rdf	95701	"[metatag = 5][place = ""100108000""]"
table_quest_text_data.rdf	95703	[metatag = 5]2
table_quest_text_data.rdf	95706	"[metatag = 5]촬영장 근처에 쌓여있는 박스를 조사하면 마가렛의 대본 아이템을 얻습니다.

호이포이 시네마 박스 오브젝트 대사

성공/실패

퀘스트 수락 후"
table_quest_text_data.rdf	95710	"[metatag = 5]자신은 보브와 마가렛의 위험한 장난의 촬영에 고용된 마가렛의 대역이라고 하면서 사실 보브와 함께하는 온갖 징그러운 장면들은 전부 자신이 찍는다고 한다.
그리고 언젠가는 마가렛을 재치고 진정한 여주인공이 되겠다고 하며 그러한 연기 연습을 위해 마가렛의 대본을 훔쳐와달라고 유저에게 부탁한다."
table_quest_text_data.rdf	95711	[metatag = 5]0
table_quest_text_data.rdf	95712	[metatag = 5]293.48
table_quest_text_data.rdf	95801	"[metatag = 5][place = ""100108000""]"
table_quest_text_data.rdf	95803	[metatag = 5]3
table_quest_text_data.rdf	95806	[metatag = 5]퀘스트를 수락하면 버팔로 수병이 배치되어 있는 지역에 '깨끗한 버팔로 수병'이 스폰됩니다.
table_quest_text_data.rdf	95810	"[metatag = 5]자신은 탬버린 캠프에서 온 노리라고 소개하면서 이곳에 오기 전 다이아몬드 커피하우스에 들러 커피를 마셨는데 그 맛을 잊을 수 없다며 분명 깨끗한 붉은 팬티로 드립한 레드커피였다고 한다.
그리고 이런 정취를 감상하며 레드커피를 마실 수 있다면 좋겠지만 그러기 위해선 난폭한 레드팬츠군들이 입고 있는 되도록 깨끗한 붉은 팬티가 필요하다고 한다."
table_quest_text_data.rdf	95811	[metatag = 5]0
table_quest_text_data.rdf	95812	[metatag = 5]488.08
table_quest_text_data.rdf	95813	[metatag = 5]1
table_quest_text_data.rdf	95901	"[metatag = 5][place = ""100108000""]"
table_quest_text_data.rdf	95903	[metatag = 5]2
table_quest_text_data.rdf	95910	[metatag = 5]자신은 어부인데 요즘 물고기가 통 낚이질 않는다면서 아무래도 펭귄같이 생긴 스베일이란 동물이 물고기를 주식으로 하는 것 같다며 스베일을 좀 쫓아내주면 안될까? 부탁한다.
table_quest_text_data.rdf	95911	[metatag = 5]0
table_quest_text_data.rdf	95912	[metatag = 5]1517.64
table_quest_text_data.rdf	96001	"[metatag = 5][place = ""100108000""]"
table_quest_text_data.rdf	96003	[metatag = 5]2
table_quest_text_data.rdf	96010	"[metatag = 5]자신은 강해지기 위한 수련을  위해 이 에메랄드 비치로 왔다면서 역시 심신을 단련하기 위한 장소는 바다가 최고라고 말한다.
유저 역시 충분히 강해보이지만 온갖 변수가 자리잡고 있는 바닷가에서 적과 싸워본 적이 있느냐며 그런 경험을 쌓고 싶다면 이 바닷가 근처에 서식하는 회색 똬리 재배맨과 싸워보라고 권한다."
table_quest_text_data.rdf	96011	[metatag = 5]0
table_quest_text_data.rdf	96012	[metatag = 5]508.48
table_quest_text_data.rdf	96101	"[metatag = 5][place = ""100108000""]"
table_quest_text_data.rdf	96103	[metatag = 5]3
table_quest_text_data.rdf	96106	"[metatag = 5]스벨버그의 말을 그레이트 브루스에게 전하면 유저가 자신을 재치고 그레이트 사이어맨 역을 맡으려고 거짓말을 한거라며 몬스터로 스폰되어 유저를 공격합니다.

연출 대사

스벨버그의 말을 믿을 수 없다는 그레이트 브루스의 대사
유저가 자신을 속였다는 듯이 말하는 그레이트 브루스의 대사
유저에게 패했을 때의 그레이트 브루스의 대사
유저에게 이겼을 때의 그레이트 브루스의 대사

퀘스트 수락 후"
table_quest_text_data.rdf	96110	"[metatag = 5]뭣? 빨간 팬티에 사납게 생긴 수인이 그레이트 사이어맨을? 웃기는 소리하지 말라고 하는 스벨버그.
그레이트 사이어맨에게 당하는 악역 엑스트라는 어떠냐고 묻는다."
table_quest_text_data.rdf	96111	[metatag = 5]0
table_quest_text_data.rdf	96112	[metatag = 5]390.9
table_quest_text_data.rdf	96113	[metatag = 5]1
table_quest_text_data.rdf	96201	"[metatag = 5][place = ""100108000""]"
table_quest_text_data.rdf	96203	[metatag = 5]1
table_quest_text_data.rdf	96206	"[metatag = 5]퀘스트를 수락하면 유저가 교통사고 표지판을 등에 매달게 됩니다.
해당 배치 지역에 도착하면 그 지역에 매고 온 표지판이 설치됩니다.

교통사고 표지판 오브젝트 대사

성공/실패

퀘스트 수락 후"
table_quest_text_data.rdf	96210	"[metatag = 5]웨스트 랜드 하이웨이를 이동하다보면 레인보우 폭포라는 장엄하고 멋진 폭포가 보인다고 한다.
에메랄드 비치와 함께 웨스트랜드의 명물이라 하지만 그 모습이 너무 아름답다보니 하이웨이를 통해 차량을 운전을 하던 사람들이 넋을 잃고 바라보다 자주 사고를 당한다고 한다.
그래서 레인보우 폭포가 보이는 지점에 사고방지를 위한 표지판을 세우고 싶다고 하며 자신이 미리 만들어 놓은 표지판이 있으니 유저가 그 장소에 설치해달라고 말한다,"
table_quest_text_data.rdf	96211	[metatag = 5]0
table_quest_text_data.rdf	96212	[metatag = 5]1785.18
table_quest_text_data.rdf	96301	"[metatag = 5][place = ""100108000""]"
table_quest_text_data.rdf	96303	[metatag = 5]2
table_quest_text_data.rdf	96310	"[metatag = 5]자신은 레드팬츠군의 탈주병으로서 웨스트 랜드 하이웨이를 지나가는 관광객들을 습격하거나 힘이 들 때는 그냥 구걸을 하기도 하며 하루하루를 연명하고 있다고 한다.
하지만 날이 갈수록 약삭 빨라지는 관광객들 때문에 이제는 돈도 없고 먹을 것도 없어 도저히 견딜 수 없을만큼 배가 고프니 물가를 떠도는 바다히포라도 잡아먹어야 겠다고 하며 자신은 기운이 없어 아무것도 못하겠으니 유저에게 바다히포를 잡고 그 고기를 구해달라고 한다."
table_quest_text_data.rdf	96311	[metatag = 5]0
table_quest_text_data.rdf	96312	[metatag = 5]379.24
table_quest_text_data.rdf	96401	"[metatag = 5][place = ""100108000""]"
table_quest_text_data.rdf	96403	[metatag = 5]3
table_quest_text_data.rdf	96410	"[metatag = 5]자신을 잡으러 레드팬츠군에서 보낸 탈주병 관리관이 나타났다고 호들갑을 떤다.
자신의 힘으로는 그를 절대 막을 수 없다며 유저에게 도와달라고 애걸복걸한다."
table_quest_text_data.rdf	96411	[metatag = 5]0
table_quest_text_data.rdf	96412	[metatag = 5]420.24
table_quest_text_data.rdf	96413	[metatag = 5]1
table_quest_text_data.rdf	96501	"[metatag = 5][place = ""100108000""]"
table_quest_text_data.rdf	96503	[metatag = 5]1
table_quest_text_data.rdf	96511	[metatag = 5]0
table_quest_text_data.rdf	96512	[metatag = 5]986.04
table_quest_text_data.rdf	96601	"[metatag = 5][place = ""100108000""]"
table_quest_text_data.rdf	96603	[metatag = 5]2
table_quest_text_data.rdf	96610	"[metatag = 5]Quest Item [item = ""980070""]을 [npc = ""1541101""]에게 사용하면 [npc = ""1541101""]가 사라지며, 퀘스트 인벤에 아이템으로 들어옵니다."
table_quest_text_data.rdf	96611	[metatag = 5]0
table_quest_text_data.rdf	96612	[metatag = 5]171.4
table_quest_text_data.rdf	96701	"[metatag = 5][place = ""100108000""]"
table_quest_text_data.rdf	96703	[metatag = 5]1
table_quest_text_data.rdf	96710	"[metatag = 5]유저에게 정신적인 평온이 필요한 것 같다면서 물론 이곳 에메랄드 지구도 괜찮지만 진정으로 자연과 하나가 된 라이프 스타일을 누리고 싶다면 북쪽의 탬버린 캠프로 가보라고 말해 준다.
마침 그곳의 친구인 헤링에게 편지를 썼다면서 그것을 유저가 전해주길 바란다."
table_quest_text_data.rdf	96711	[metatag = 5]0
table_quest_text_data.rdf	96712	[metatag = 5]1863.28
table_quest_text_data.rdf	96801	"[metatag = 5][place = ""100108000""]"
table_quest_text_data.rdf	96803	[metatag = 5]1
table_quest_text_data.rdf	96810	"[metatag = 5]북쪽에는 자급자족하면서 자연을 벗삼아 살아가는 사람들이 모인 탬버린 캠프라는 곳이 있다면서 탬버린 캠프의 창설자 김바에 대한 칭찬을 줄줄 늘어놓는다.
자신도 가족들의 생계만 아니라면 탬버린 캠프에서 자유롭게 살고 싶다고 하는 나스이는 아직 김바를 만나보지 못했다면 반드시 그를 만나 영혼을 정화하라고 권한다."
table_quest_text_data.rdf	96811	[metatag = 5]0
table_quest_text_data.rdf	96812	[metatag = 5]1936.51
table_quest_text_data.rdf	96901	"[metatag = 5][place = ""100108000""]"
table_quest_text_data.rdf	96903	[metatag = 5]2
table_quest_text_data.rdf	96910	"[metatag = 5]자신은 치킨을 매우 좋아한다고 하지만 기름에 튀긴 가넷 프라이드 치킨은 자신의 몸매를 망가뜨린다고 먹지 않는다고 한다.
이웃에 사는 베티는 그런것은 개의치 않고 먹는 것 같지만… 어쨌든 그럼에도 불구하고 치킨이 너무나 먹고 싶으니 자신이 직접 모닥불에 구워먹어야 되겠다고 하며 유저에게 꼬끼오꼬들의 고기를 구해와 달라고 한다."
table_quest_text_data.rdf	96911	[metatag = 5]0
table_quest_text_data.rdf	96912	[metatag = 5]1767.06
table_quest_text_data.rdf	97001	"[metatag = 5][place = ""100108000""]"
table_quest_text_data.rdf	97003	[metatag = 5]2
table_quest_text_data.rdf	97010	"[metatag = 5]탬버린 캠프 내 누군가 함부로 자기 허락없이 꼬끼오꼬들을 잡아 먹는 것 같다며 사실 이 부근에 돌아다니는 꼬끼오꼬들은 전부 탬버린 캠프 내에서 자신이 책임을 지고 방목하고 있는 것이라 한다.
하지만 항상 관리를 위한 일손이 쪼달리다보니 얼마 전 캡슐코퍼레이션에서 사육을 위한 로봇을 구입했는데 뭐가 문제인지 꼬끼오꼬들을 제대로 사육하긴커녕 돌보려는 사람들까지 방해한다고 한다.
차라리 기르는 꼬끼오꼬의 수를 줄이더라도 자신의 손으로 직접 사육하는게 낫겠다며 난리를 부리는 사육로보는 유저가 폐기해주는게 어떨지 부탁한다."
table_quest_text_data.rdf	97011	[metatag = 5]0
table_quest_text_data.rdf	97012	[metatag = 5]1767.06
table_quest_text_data.rdf	97101	"[metatag = 5][place = ""100108000""]"
table_quest_text_data.rdf	97103	[metatag = 5]1
table_quest_text_data.rdf	97110	"[metatag = 5]자신은 가넷 농장에 있던 농부 마크의 아들이라면서 농사일과 아버지가 싫어서 이곳 탬버린 캠프에 오게 되었다고 한다.
그리고 자신이 요즘 빠져 있는 것은 나메칸 아트라고 하면서 지난번 나메크 성인인 진에게 나메칸 아트를 선물받아서 그것을 셔츠에 새기고 다닌다고 한다.
하지만 그런 멋진 나메칸 아트를 또 갖고 싶다고 하면서 자기는 염치가 없으니 유저가 대신 진에게 나메칸 아트를 얻어주면 좋겠다고 말한다."
table_quest_text_data.rdf	97111	[metatag = 5]0
table_quest_text_data.rdf	97112	[metatag = 5]362.28
table_quest_text_data.rdf	97201	"[metatag = 5][place = ""100108000""]"
table_quest_text_data.rdf	97203	[metatag = 5]3
table_quest_text_data.rdf	97210	"[metatag = 5]사육로보야 고장나서 그렇다 치지만 방목 사육중인 꼬끼오꼬들조차 자신의 말을 듣지 않기 시작했다며 지능이 미약한 꼬끼오꼬 중에서 우두머리가 나타나서 일반 꼬끼오꼬들이 그것의 말을 따르는 것 같다고 한다.
꼬끼오꼬들의 추장을 찾아내어 처리해달라고 한다."
table_quest_text_data.rdf	97211	[metatag = 5]0
table_quest_text_data.rdf	97212	[metatag = 5]1767.06
table_quest_text_data.rdf	97213	[metatag = 5]1
table_quest_text_data.rdf	97301	"[metatag = 5][place = ""100108000""]"
table_quest_text_data.rdf	97303	[metatag = 5]3
table_quest_text_data.rdf	97310	"[metatag = 5]탬버린 캠프의 거주인들은 모두 음악과 자연을 사랑한다며 날이 저물때면 모두 모닥불에 모여 악기를 연주하고 노래를 부른다고 한다.
하지만 최근 끔찍한 굉음을 내는 거대한 하마가 주변에서 나타나 자신들의 음악을 방해한다며 유저도 자신들의 자신들의 음악을 잡음없이 듣고 싶다면 그 하마를 처리해달라고 한다."
table_quest_text_data.rdf	97311	[metatag = 5]0
table_quest_text_data.rdf	97312	[metatag = 5]1061.08
table_quest_text_data.rdf	97313	[metatag = 5]1
table_quest_text_data.rdf	97401	"[metatag = 5][place = ""100108000""]"
table_quest_text_data.rdf	97403	[metatag = 5]2
table_quest_text_data.rdf	97410	"[metatag = 5]사실 웨스트 랜드 하이웨이는 이 탬버린 캠프를 거쳐 서쪽도시까지 연결될 예정이었지만 자연을 지키려는 김바와 이곳의 거주민들이 결사반대를 하고 있어 건설하지 못하고 있는 것이라고 한다.
그럼에도 불구하고 웨스트랜드 곳곳의 다른 지역에서는 하이웨이의 건설을 위해 암암리에 로봇들을 배치하여 공사를 진행한다고 하는데 킨 자신 역시 자연 수호를 위한 킴바의 생각에 절대 동조하고 있으므로 그 로봇들을 해결하고 싶어한다.
하이웨이 건설 작업을 행하고 있는 로보들을 처"
table_quest_text_data.rdf	97411	[metatag = 5]0
table_quest_text_data.rdf	97412	[metatag = 5]704.46
table_quest_text_data.rdf	97501	"[metatag = 5][place = ""100108000""]"
table_quest_text_data.rdf	97503	[metatag = 5]1
table_quest_text_data.rdf	97506	"[metatag = 5]탬버린 캠프 인근에 같은 기타 모양의 4개의 오브젝트가 있고 이 것을 하나씩 수거해서 리울에게 가져가야 합니다.
순서에 상관없이 무조건 가장 마지막에 가져간 것이 리울의 기타가 되며 나머지는 모두 다른 키타입니다.

기타 오브젝트 대사

성공/실패

퀘스트 수락 후"
table_quest_text_data.rdf	97510	"[metatag = 5]자신의 기타는 아지사 나무로 만든 최고급 기타라며 자랑한다.
하지만 어젯밤 이곳 주민들과 합동 연주를 한 이후에 다른 사람의 기타와 바뀌어버렸다고 하는데, 자신의 기타를 찾아달라고 부탁한다."
table_quest_text_data.rdf	97511	[metatag = 5]0
table_quest_text_data.rdf	97512	[metatag = 5]385.32
table_quest_text_data.rdf	97601	"[metatag = 5][place = ""100108000""]"
table_quest_text_data.rdf	97603	[metatag = 5]3
table_quest_text_data.rdf	97606	"[metatag = 5]진이 몬스터로 스폰되어 싸우게 됩니다.
유저가 이기면 역시 강한 전사라며 나메칸 아트를 줍니다.

연출 대사

진이 유저를 공격하기 시작할 때 진의 대사
한창 싸우고 있을 당시 진의 대사
유저가 진에게 졌을 때 진의 대사
유저가 진을 쓰러뜨렸을 대 진의 대사

퀘스트 수락 후"
table_quest_text_data.rdf	97610	[metatag = 5]진은 유저를 훑어보더니 유저는 강해보인다면서 자신과 싸워 이긴다면 자신이 가진 가장 멋진 나메칸 아트를 주겠다고 한다.
table_quest_text_data.rdf	97611	[metatag = 5]0
table_quest_text_data.rdf	97612	[metatag = 5]117.88
table_quest_text_data.rdf	97613	[metatag = 5]1
table_quest_text_data.rdf	97701	"[metatag = 5][place = ""100108000""]"
table_quest_text_data.rdf	97703	[metatag = 5]1
table_quest_text_data.rdf	97710	"[metatag = 5]자신은 수련생인 브로디라고 하면서 이 탬버린 캠프를 창시한 김바를 누구보다 존경하고 있다고 한다.
하지만 최근 언제나 쾌활했던 김바의 얼굴이 그리 밝아보이지 않는 것 같다며 무슨 일인지 유저에게 물어봐 주길 바란다."
table_quest_text_data.rdf	97711	[metatag = 5]0
table_quest_text_data.rdf	97712	[metatag = 5]180.21
table_quest_text_data.rdf	97801	"[metatag = 5][place = ""100108000""]"
table_quest_text_data.rdf	97803	[metatag = 5]1
table_quest_text_data.rdf	97810	"[metatag = 5]자신은 인기 영화배우 소리아 칸이라면서 도시에서의 생활과 영화 촬영으로 인한 스트레스를 해소하기 위해 이렇게 가끔 탬버린 캠프를 찾는다고 말한다.
하지만 조용한 탬버린 캠프에서도 자신의 인기는 식을 줄 모른다며 얼마 전에도 베티라는 여성 팬이 자신의 일상생활을 찍은 사진을 갖고 싶다고 난리를 부리고 있다고 한다.
자신이 직접 찾아가면 분명 가만히 두지 않을테니 유저가 이 사진을 베티에게 전해달라고 한다."
table_quest_text_data.rdf	97811	[metatag = 5]0
table_quest_text_data.rdf	97812	[metatag = 5]78.1
table_quest_text_data.rdf	97901	"[metatag = 5][place = ""100108000""]"
table_quest_text_data.rdf	97903	[metatag = 5]2
table_quest_text_data.rdf	97910	"[metatag = 5]이 탬버린 캠프에도 유저가 찾는 레드팬츠군 녀석들이 있다면서 그 녀석들은 크리스탈 호수 근처에서 단체로 자신들이 입던 팬티를 벗어 세탁을 하는 것을 보았다며 그걸 이유로 크리스탈 호수가 오염되는 것을 걱정한다.
유저가 레드팬츠군을 혼내주려 한다면 그 녀석들도 쫓아내 주는 게 어떨까 한다.
"
table_quest_text_data.rdf	97911	[metatag = 5]0
table_quest_text_data.rdf	97912	[metatag = 5]1586.62
table_quest_text_data.rdf	98001	"[metatag = 5][place = ""100108000""]"
table_quest_text_data.rdf	98003	[metatag = 5]3
table_quest_text_data.rdf	98006	"[metatag = 5]낚시명인 램프는 호수가를 빙 돌며 낚시자리를 물색합니다.
램프가 괜찮은 곳인지 물색할 때마다 레드팬츠군(월러스 중사 패잔병, 월러스 친위중사)이 주변에 스폰되어 공격합니다.
그렇게 4번정도 장소를 물색하면 오늘은 여기가 잘 잡히겠다 라고 하며 다시 원래 자신이 있던 위치까지 돌아가서 퀘스트가 완료됩니다.

연출 대사

출발할 때의 낚시명인 램프의 대사
낚시 자리에 멈춰섰을 때의 낚시명인 램프의 대사
레드팬츠군이 등장했을 때 낚시명인 램프의 대사
레드팬츠군에게 낚시명인 램프가 죽을 때의 대사
레드팬츠군에게 유저가 죽을 때 낚시명인 램프의 대사
괜찮은 낚시 자리를 찾았을 때 낚시명인 램프의 대사

퀘스트 수락 후"
table_quest_text_data.rdf	98010	"[metatag = 5]자신은 명인이라 불리긴 하지만 사실은 평범한 낚시꾼에 불과하다며 과대평가하지 말라고 한다.
그리고 낚시할 자리를 물색해야겠다고 하며 오늘은 좀 위험한 지역으로 가려고 하니 유저에게 자신을 좀 보호해주지 않겠냐고 말하고
준비는 다 되어 있으니 어서 출발한다고 한다."
table_quest_text_data.rdf	98011	[metatag = 5]0
table_quest_text_data.rdf	98012	[metatag = 5]292.21
table_quest_text_data.rdf	98101	"[metatag = 5][place = ""100108000""]"
table_quest_text_data.rdf	98103	[metatag = 5]2
table_quest_text_data.rdf	98106	"[metatag = 5]퀘스트 수락 후 크리스탈 호수가에 도착하면 크리스탈 호수의 천연수를 입수합니다.

크리스탈 호수 오브젝트 대사

성공/실패

퀘스트 수락 후"
table_quest_text_data.rdf	98110	"[metatag = 5]얼마 전 베티가 자신을 찾아와 자신처럼 예뻐지는 비결에 대해 물어보았다고 한다.
그때는 매몰차게 모른다고 대답했었지만 자신이 너무한 거 같다는 생각이 든다며 유저에게 크리스탈 호수의 물을 가져가서 그 물로 세수를 하면 좋다고 베티에게 가르쳐주라 한다.
크리스탈 천연수는 크리스탈 호수의 기포가 부글거리는 부분에서 얻을 수 있을거라고 한다."
table_quest_text_data.rdf	98111	[metatag = 5]0
table_quest_text_data.rdf	98112	[metatag = 5]486.25
table_quest_text_data.rdf	98201	"[metatag = 5][place = ""100108000""]"
table_quest_text_data.rdf	98203	[metatag = 5]3
table_quest_text_data.rdf	98206	"[metatag = 5]퀘스트를 받고 킬러 J를 만났을 때 미니 나레이션 대사

퀘스트 수락 후 킬러 J를 만나면 자신은 호수에서 사람들을 쫓아내기 위해 레드팬츠군에서 파견되었다고 말하고 이게 다 엄청나게 불어난 레드팬츠군 인원의 빨래 세탁 때문이라고 하며 유저를 공격한다.
킬러 J가 죽을 때에도 레드팬츠군의 계획은 멈추지 않을 것이란 늬앙스의 대사를 하고 죽습니다.

퀘스트 수락 후"
table_quest_text_data.rdf	98210	"[metatag = 5]크리스탈 호수 주변에 흉악한 살인귀가 등장한다고 한다.
그 때문에 밤낚시를 즐기는 자신도 해가 지면 바로 캠프로 돌아온다고 하며 유저도 이 크리스탈 호수에서 캠핑을 즐기고 싶다면 그 살인귀를 조심하라고 일러준다."
table_quest_text_data.rdf	98211	[metatag = 5]0
table_quest_text_data.rdf	98212	[metatag = 5]834.32
table_quest_text_data.rdf	98213	[metatag = 5]1
table_quest_text_data.rdf	98301	"[metatag = 5][place = ""100108000""]"
table_quest_text_data.rdf	98303	[metatag = 5]2
table_quest_text_data.rdf	98310	"[metatag = 5]메시의 말대로 크리스탈 호수의 물로 세안을 했는데 전혀 효과가 없다고 한다.
그리고 갑자기 생각이 났다며 요즘 호수가 근처에 히포들이 서식하기 시작했는데 히포들이 자신의 배설물들을 모두 크리스탈 호수에다 해결한다고 들었다고 한다.
자신의 미용은 물론 크리스탈 호수의 청정함을 지키기 위해서 히포들을 처리해달라고 부탁한다."
table_quest_text_data.rdf	98311	[metatag = 5]0
table_quest_text_data.rdf	98312	[metatag = 5]776.66
table_quest_text_data.rdf	98401	"[metatag = 5][place = ""100108000""]"
table_quest_text_data.rdf	98403	[metatag = 5]3
table_quest_text_data.rdf	98406	"[metatag = 5]레드팬츠군 낚시왕 미니 나레이션 대사

낚시명인의 낚시대를 빼았았으니 더 맛있는 물고기를 잡아 본 장군에게 바쳐야 되겠다고 하며 방해꾼인 유저를 공격하겠다고 합니다.

퀘스트 수락 후"
table_quest_text_data.rdf	98410	"[metatag = 5]램프는 얼마 전 한가로이 낚시 중이었는데 어떤 빨간팬티를 입은 수인이 최고의 낚시왕은 자기라면서 램프의 낚시대를 빼앗아갔다고 한다.
염소인간의 보잘 것 없는 낚시대를 가져가서 어쩌려는 건지… 라고 하며 그 낚시대를 어떻게 되찾을 수 없을까… 고민한다."
table_quest_text_data.rdf	98411	[metatag = 5]0
table_quest_text_data.rdf	98412	[metatag = 5]578
table_quest_text_data.rdf	98413	[metatag = 5]1
table_quest_text_data.rdf	98501	"[metatag = 5][place = ""100108000""]"
table_quest_text_data.rdf	98503	[metatag = 5]3
table_quest_text_data.rdf	98506	"[metatag = 5]퀘스트를 수락하고 약간 시간이 지나고 나면 김바의 옆에 레드팬츠군 비서관이 스폰되어 김바에게 말을 합니다.
자신은 기리 대령의 부하라면서 요즘 김바가 어떻게 지내고 있는지 알아보러 왔다는 듯한 대사를 합니다.(절대 김바를 우대하는 듯한 행동은 아닙니다.)
유저가 김바나 레드팬츠군 비서관에게 다가가거나 클릭하면 레드팬츠군 비서관이 자신들의 이야기를 들었으니 죽어줘야겠다며 적으로 변하여 유저를 공격합니다.

연출 대사

레드팬츠군 비서관이 나타나서 김바에게 하는 대사
유저가 레드팬츠군 비서관이나 김바에게 접근했을 때 레드팬츠군 비서관의 대사
레드팬츠군 비서관이 유저를 공격할 때의 대사
레드팬츠군 비서관이 유저에게 죽을 때  레드팬츠군 비서관의 대사
레드팬츠군 비서관에게 유저가 죽었을 때 레드팬츠군 비서관의 대사

퀘스트 수락 후"
table_quest_text_data.rdf	98510	"[metatag = 5]나에게 물어볼 말이 있다고? 
좀 허둥대는 듯이 자신은 지금 좀 바쁜 시간이라면서 나중에 좀 찾아와 줄 것을 부탁한다."
table_quest_text_data.rdf	98511	[metatag = 5]0
table_quest_text_data.rdf	98512	[metatag = 5]10
table_quest_text_data.rdf	98513	[metatag = 5]1
table_quest_text_data.rdf	98601	"[metatag = 5][place = ""100108000""]"
table_quest_text_data.rdf	98603	[metatag = 5]1
table_quest_text_data.rdf	98610	"[metatag = 5]웨스트랜드는 세계적으로 가장 유행을 따르는 지역 중 하나이기 때문에 평범한 무기나 상품으로는 장사가 잘 되지 않는다.
그래서 독특한 물건들을 개발하기로 소문이 자자한 CC 현지 연구소에 새로운 무기의 제작을 의뢰했다고 한다.
장사꾼으로서는 위험한 모험이라고 생각되지만 이렇게라도 상황을 타개할 수 밖에 없다고 하는 부치와리.
CC 현지 연구소의 후시를 찾아가서 자신이 부탁한 무기 제작이 잘 이뤄지고 있는지 알아봐달라."
table_quest_text_data.rdf	98611	[metatag = 5]0
table_quest_text_data.rdf	98612	[metatag = 5]1056.79
table_quest_text_data.rdf	98701	"[metatag = 5][place = ""100108000""]"
table_quest_text_data.rdf	98703	[metatag = 5]1
table_quest_text_data.rdf	98710	"[metatag = 5]유저가 레드팬츠군에 대한 이야기를 알고 싶어한다고 들었다는 티모.
하지만 이곳 탬버린 캠프 사람들의 대부분은 그런 정보통과는 무관하다.
진짜 빠르고 정확한 정보를 알고 싶다면 서쪽도시로 가는 것이 좋을 거라고 하며 마침 자신이 서쪽도시를 여행할 때 알게 된 경찰관이 있는데 그에게 한번 가보라고 한다.
그의 이름은 콘스 경찰관이다."
table_quest_text_data.rdf	98711	[metatag = 5]0
table_quest_text_data.rdf	98712	[metatag = 5]1807.04
table_quest_text_data.rdf	98801	"[metatag = 5][place = ""100108000""]"
table_quest_text_data.rdf	98803	[metatag = 5]1
table_quest_text_data.rdf	98810	"[metatag = 5]탬버린 캠프 내 거주민들의 의견을 모아 자신이 웨스트 랜드 하이웨이 공사에 대한 탄원서를 작성했으니 이것을 서쪽 도시의 하이웨이 공사 담당자인 카일에게 전해달라고 한다.
"
table_quest_text_data.rdf	98811	[metatag = 5]0
table_quest_text_data.rdf	98812	[metatag = 5]1807.04
table_quest_text_data.rdf	98901	"[metatag = 5][place = ""100108000""]"
table_quest_text_data.rdf	98903	[metatag = 5]2
table_quest_text_data.rdf	98911	[metatag = 5]0
table_quest_text_data.rdf	98912	[metatag = 5]422.38
table_quest_text_data.rdf	98920	"[metatag = 5][npc = ""1353104""]"
table_quest_text_data.rdf	98922	"[metatag = 5][npc = ""3183202""]"
table_quest_text_data.rdf	98924	"[metatag = 5][npc = ""3172105""]"
table_quest_text_data.rdf	99001	"[metatag = 5][place = ""100108000""]"
table_quest_text_data.rdf	99003	[metatag = 5]1
table_quest_text_data.rdf	99011	[metatag = 5]0
table_quest_text_data.rdf	99012	[metatag = 5]1707.06
table_quest_text_data.rdf	99101	"[metatag = 5][place = ""100108000""]"
table_quest_text_data.rdf	99103	[metatag = 5]1
table_quest_text_data.rdf	99110	[metatag = 5]텍트 경찰관은 수행자냐고 물어보고 수행자이기 때문에 오토바이쯤은 가뿐할 것 같다고 이야기 하며자신의 오토바이가 고장 났다고 났다고 이야기 하며 서쪽도시의 엔지니어인 지니어에게 들고 가서 수리 좀 해서 가져와 달라고 이야기 한다. 
table_quest_text_data.rdf	99111	[metatag = 5]0
table_quest_text_data.rdf	99112	[metatag = 5]371
table_quest_text_data.rdf	99201	"[metatag = 5][place = ""100108000""]"
table_quest_text_data.rdf	99203	[metatag = 5]1
table_quest_text_data.rdf	99206	[metatag = 5]미니 나레이션을 통하여 뇌물에 대한 이야기를 진행한다.
table_quest_text_data.rdf	99210	[metatag = 5]보리스 경찰관은 서쪽도시의 비리 혐의 수사를 하고 있는데 공무원들은 대부분 자신의 얼굴을 알기때문에 잠입이 불가능하다고 이야기 하며 나메크 지역에 있는 네이슨 구청장에게 이 돈을 가지고 나메크 지역 도시 발전 건설 수주에 대한 뇌물을 줘보고 반응을 살펴 보라고 이야기 한다. 
table_quest_text_data.rdf	99211	[metatag = 5]0
table_quest_text_data.rdf	99212	[metatag = 5]876.386
table_quest_text_data.rdf	99301	"[metatag = 5][place = ""100108000""]"
table_quest_text_data.rdf	99303	[metatag = 5]1
table_quest_text_data.rdf	99310	[metatag = 5]최고의 낙시꾼인 고트는 초마인 아구아구의 부탁으로 위험해 해안에서 제일 거칠다는 험해물고기를 잡아왔지만 물고기를 잡으면서 생긴 부상때문에 마인 지역까지 가기 힘들다고 이야기 하며 거대한 험해 물고기를 우걱우걱 조리장에게 좀 배달해 달라고 이야기를 한다. 
table_quest_text_data.rdf	99311	[metatag = 5]0
table_quest_text_data.rdf	99312	[metatag = 5]543.12
table_quest_text_data.rdf	99401	"[metatag = 5][place = ""100108000""]"
table_quest_text_data.rdf	99403	[metatag = 5]1
table_quest_text_data.rdf	99410	[metatag = 5]디텍티브 경찰관은 최근 서쪽 도시와 웨스트 랜드에서 발생하고 있는 사건 사고에 대한 보고서를 쫄랑 시장에게 보고해야 한다며 도시 내부로 들어갈 것 같으면 보고서를 전달해 달라고 이야기 한다. 
table_quest_text_data.rdf	99411	[metatag = 5]0
table_quest_text_data.rdf	99412	[metatag = 5]875.82
table_quest_text_data.rdf	99501	"[metatag = 5][place = ""100108000""]"
table_quest_text_data.rdf	99503	[metatag = 5]2
table_quest_text_data.rdf	99510	[metatag = 5]유저를 알아본 낯선 연구원이 유저에게 친한 척을 하며 RedPants군이 자사인 CC의 로봇에게 이상한 짓을 한 것 같다며  민폐 로봇과 제멋대로보로의 CoreCPU를 회수해 오라고 부탁을 한다. 지나치게 친한척 하는 것이 기분 나쁘지만 부탁을 들어준다. 
table_quest_text_data.rdf	99511	[metatag = 5]0
table_quest_text_data.rdf	99512	[metatag = 5]665.5
table_quest_text_data.rdf	99601	"[metatag = 5][place = ""100108000""]"
table_quest_text_data.rdf	99603	[metatag = 5]2
table_quest_text_data.rdf	99606	[metatag = 5]로드 생성기를 등에 메고 야생 하운드를 모두 잡으면 이동라인에 대해나 보고서가 생성된다. 
table_quest_text_data.rdf	99610	[metatag = 5]자신이 CC의 연구원이라고 밝힌 유눙 연구원은 자신이 어떻게 유저에 대해서 알고 있는지 지금 알 필요는 없다고 이야기 하면서 자신은 결코 유저에게 피해가 되는 사람이 아니라고 이야기 한다. 다만  지금 RedPants군의 사천왕 중 한 명이 서쪽도시에 좋지 않은 짓을 하기 위해서 공작 중인 사실을 알아냈는데 CC쪽에서 역추적을 하여 그들의 공작을 막으려고 한다며 그를 추적하는 것을 도와 줄 것을 부탁 한다. 그는 그 사천왕은 지독한 냄새가 나는 녀석이라고이야기 하면서 지금 서쪽도시 북쪽에 그녀석의 흔적이 발견되어 조사를 해볼 필요가 있다고 이야기 한다. 자신이 주는 로드측정기를 들고 야생하운드를 잡다보면 사천왕의 이동 라인이 적힌 보고서가 생성된다. 야생 하운드를 잡아 보고서를 생성하여 돌아오자
table_quest_text_data.rdf	99611	[metatag = 5]0
table_quest_text_data.rdf	99612	[metatag = 5]748.12
table_quest_text_data.rdf	99701	"[metatag = 5][place = ""100108000""]"
table_quest_text_data.rdf	99703	[metatag = 5]1
table_quest_text_data.rdf	99706	"[metatag = 5]히든 오브젝트 서치 칩을 이용하여 서쪽 도시 주변의 히든 오브젝트를 제거 한다.

냄새 냄새 폭탄을 제거하면 순간적으로 냄새버프가 걸려 머리가 어지러워지고 30초 동안 명중률이 하락 한다.

냄새냄새 폭탄 오브젝트 대사

성공/실패

퀘스트 수락 후"
table_quest_text_data.rdf	99710	[metatag = 5]유눙 연구원은 자신이 추적하고 있는 사천왕은  Dr.Smell이라는 스컹크 인간이라는 이야기를 한다. Dr Smell은 과거 서쪽도시에서도 꽤나 유명한 석학이었으나 지금은 원한을 더 많이 가지고 있다고 이야기 하면서 진짜 위험한 놈이라는 이야기를 한다. 그를 역추적 하는 것은 잠시 시간이 걸리지만 지금 내려온 정보에 의하면 그가 하려는 공작은 서쪽도시의 문을 파괴하여 외부의 몬스터들을 유입시키는 일을 하려고 한다면서 자신이 스카우터에 장착하는 폭탄추적칩을 줄테니 그 칩을 이용하여 서쪽 도시 주변에 숨겨져 있는 냄새냄새 폭탄을 제거해달라고이야기 한다. 
table_quest_text_data.rdf	99711	[metatag = 5]0
table_quest_text_data.rdf	99712	[metatag = 5]454.85
table_quest_text_data.rdf	99801	"[metatag = 5][place = ""100108000""]"
table_quest_text_data.rdf	99803	[metatag = 5]3
table_quest_text_data.rdf	99810	[metatag = 5]위치 추적을 이용하여 Dr.Smell이 있는 대략의 위치를 알아냈다고 이야기 한다. 그러나 Dr.Smell은 RedPants군의 사천왕중 한명으로 그렇게 쉽게 제거하기 힘들 것이라고 이야기 하며 이런 사태에 대비하기 위하여 자신이 미리 Red Pants군 한명을 포섭해 놓았다고 이야기 한다. 그러나 그 Red Pants군을 움직이기 위한 교환 조건이 까다롭다고 이야기 하며 그의 직속 상관이 었던 외톨이 매드옥스 저녁별을 제거하고 그의 트레이드 마크인 별 계급장을 가져가야 한다는 것이다. 외톨이 매드 옥스 저녁별을 제거하고 그 증거를 가지고 노라멧 캠프의 피그 탈주병을 만나러 가라.
table_quest_text_data.rdf	99811	[metatag = 5]0
table_quest_text_data.rdf	99812	[metatag = 5]840
table_quest_text_data.rdf	99813	[metatag = 5]1
table_quest_text_data.rdf	99901	"[metatag = 5][place = ""100108000""]"
table_quest_text_data.rdf	99903	[metatag = 5]1
table_quest_text_data.rdf	99910	[metatag = 5]해리는 자신의 조카인 딕트가 가출하여 자신의 형님네가 요즘 고민이 많았는데 노천 극장 근처에서 봤다는 사람이 있어서 그러니 그곳에서 딕트를 찾아 부모님의 편지를 좀 전해 달라고 한다. 
table_quest_text_data.rdf	99911	[metatag = 5]0
table_quest_text_data.rdf	99912	[metatag = 5]452.12
table_quest_text_data.rdf	100001	"[metatag = 5][place = ""100108000""]"
table_quest_text_data.rdf	100003	[metatag = 5]1
table_quest_text_data.rdf	100006	"[metatag = 5]크리스탈 레이크 호수 근처에 감지 로봇이 있으며 아이템을 한번 사용하면 랜덤하게 ""동쪽에 있습니다."",""감지가 힘듭니다"",""아메시스트공원 근처입니다""의 이야기를 하며 ""아메시스트 공원 근처 입니다""라는 이야기가 나오면 퀘스트가 완료 된다.

연출 대사

감지 로봇을 발견했을 때 유저의 대사
아이템을 사용했을 때 감지 로봇의 대사(위의 내용 참조)
퀘스트가 완료되었을 때 유저의 대사

퀘스트 수락 후"
table_quest_text_data.rdf	100010	[metatag = 5]CC의 최신 기술인 그레이트 캡슐 로보의 정보와 프로토타입이 유출 되었다며 유저에게 도움을 요청한다. 보안상 기술에 대한 것은 자세히 알려 줄 수 없지만 RedPants군 섬멸을 위해서는 꼭 필요한 것이라고 이야기 하며 자신이 주는 리모트 컨트롤러를 가지고 크리스탈 레이크 호수 입구로 가라고 이야기 한다. 이 리모트 컨트롤러는 그곳에 있는 탐사 로봇의 제어기 이며 리모트 컨트롤러를 사용하면 감지 로봇이 감지를 한 후 정보를 전달해 준다고 이야기를 한다. 
table_quest_text_data.rdf	100011	[metatag = 5]0
table_quest_text_data.rdf	100012	[metatag = 5]554.5
table_quest_text_data.rdf	100101	"[metatag = 5][place = ""100108000""]"
table_quest_text_data.rdf	100103	[metatag = 5]1
table_quest_text_data.rdf	100110	[metatag = 5]CC의 최신기술에 대한 정보가 유출되었다고 한다. 그 장소가 아메시스트 공원 근처라는 이야기를 한 키소 부장은 아무래도 이번 개발을 RedPants군이 알아낸 것 같다고 이야기 하면서 RedPants군에게 그정도의 정보력은 없는 것으로 생각했는데 의아하다는 이야기를 한다. 아무래도 그쪽에서 변장을하고 RedPants군을 정찰을 하고 있는 노라멧 일병이란 인물을 만나 정보를 얻어달라고 부탁 한다.
table_quest_text_data.rdf	100111	[metatag = 5]0
table_quest_text_data.rdf	100112	[metatag = 5]845.12
table_quest_text_data.rdf	100201	"[metatag = 5][place = ""100108000""]"
table_quest_text_data.rdf	100203	[metatag = 5]2
table_quest_text_data.rdf	100210	[metatag = 5]마카는 RedPants군을 유인하는 독특한 약품을 실험중이라고 이야기 하면서 자신이 만든 동물 현혹 약품과 다른 고기를 섞어 만들어야 한다면서 외톨이 꼬끼오꼬와 킹번 터키를 잡아서 고기를 좀 구해달라고 이야기 한다. 
table_quest_text_data.rdf	100211	[metatag = 5]0
table_quest_text_data.rdf	100212	[metatag = 5]549
table_quest_text_data.rdf	100301	"[metatag = 5][place = ""100108000""]"
table_quest_text_data.rdf	100303	[metatag = 5]3
table_quest_text_data.rdf	100310	[metatag = 5]흠 혼자서는 좀 힘들지도 모르지만 적의 습격 및 기술 유출을 담당하는 RedPans군의 장교를 잡아서 그간의 작전 내역서를 살펴 봐야겠다면서 버팔로 작전 장교를 잡아다 주기를 부탁 한다. 
table_quest_text_data.rdf	100311	[metatag = 5]0
table_quest_text_data.rdf	100312	[metatag = 5]352
table_quest_text_data.rdf	100313	[metatag = 5]1
table_quest_text_data.rdf	100401	"[metatag = 5][place = ""100108000""]"
table_quest_text_data.rdf	100403	[metatag = 5]1
table_quest_text_data.rdf	100410	[metatag = 5]마카는 레드팬츠군이 주요 기밀을 빼갔다며 서쪽도시의 텍트 경찰관에게 신고해 주기를 부탁한다. 
table_quest_text_data.rdf	100411	[metatag = 5]0
table_quest_text_data.rdf	100412	[metatag = 5]452.12
table_quest_text_data.rdf	100501	"[metatag = 5][place = ""100108000""]"
table_quest_text_data.rdf	100503	[metatag = 5]1
table_quest_text_data.rdf	100510	[metatag = 5]쫄랑 시장은 마을 주민으로 부터 이상한 목격이 있었다고 이야기 한다. 노천 극장 근처에서 웬 하마여자가 부하들로 보이는 수인들을 잔뜩 데리고 레드팬츠군으로 보이는 기린 인간을 만나고 있는 것이 목격 되었다고 이야기 하면서 그곳에서 모리슨을 만나 확인해 보아달라고  부탁한다. 
table_quest_text_data.rdf	100511	[metatag = 5]0
table_quest_text_data.rdf	100512	[metatag = 5]555
table_quest_text_data.rdf	100601	"[metatag = 5][place = ""100108000""]"
table_quest_text_data.rdf	100603	[metatag = 5]2
table_quest_text_data.rdf	100610	[metatag = 5]모리슨은 그 하마 부인이 기리 대령을 종종 만나는 장면이 노천 극장 북쪽에서 가끔 있는 것 같은데 무엇을 하는지 알아보기 위해서는 맞바람 재배맨과 브레이크배트 유격대를 먼저 제거 해야 할 것 같다며 그들을 제거해 주기를 부탁 한다. 
table_quest_text_data.rdf	100611	[metatag = 5]0
table_quest_text_data.rdf	100612	[metatag = 5]845.56
table_quest_text_data.rdf	100701	"[metatag = 5][place = ""100108000""]"
table_quest_text_data.rdf	100703	[metatag = 5]1
table_quest_text_data.rdf	100710	[metatag = 5]제리는 어젯밤 폐광 근처에서 시끄러운 괴성을 들었다고 이야기 하면서 아무래도 불안하니 WestCity의 서치 경찰관에게 신고를 해달라고 부탁을 한다. 
table_quest_text_data.rdf	100711	[metatag = 5]0
table_quest_text_data.rdf	100712	[metatag = 5]872
table_quest_text_data.rdf	100801	"[metatag = 5][place = ""100108000""]"
table_quest_text_data.rdf	100803	[metatag = 5]1
table_quest_text_data.rdf	100806	"[metatag = 5]오래된 폐광 근처에 숨겨진 거대한 감옥이 있고 그 안에 NPC들이 여럿 갖혀 있다.  그앞에 묶여 있는 NPC가 있고 그 NPC와 말을 걸면 Quest 완료

연출 대사

감옥 안에 갇혀 있는 NPC들의 살려달라는 대사

퀘스트 수락 후"
table_quest_text_data.rdf	100810	[metatag = 5]서치 경찰관은 최근 도시 이곳 저곳에서 납치 신고가 잇따라 들어오고 있다면서 제리의 말을 들으니 웬지 그 일과 연관성이 있는 것이 아닌가 싶다고 이야기 하면서 폐광 근처에 혹시 실종된 사람들이 갖혀 있는 곳이 있을지 모른다면서 조사해달라고 이야기 한다. 
table_quest_text_data.rdf	100811	[metatag = 5]0
table_quest_text_data.rdf	100812	[metatag = 5]430.12
table_quest_text_data.rdf	100901	"[metatag = 5][place = ""100108000""]"
table_quest_text_data.rdf	100903	[metatag = 5]3
table_quest_text_data.rdf	100906	"[metatag = 5]멍멍 유격대장에게 열쇠를 가져와 감옥 문을 열면 NPC들이 모두 밖으로 나오며 고맙다고 인사를 하고 마을 쪽으로 도망가 버린다. 

연출 대사

감옥 문을 열었을 때 밖으로 빠져나온 NPC들의 고맙다는 대사

퀘스트 수락 후"
table_quest_text_data.rdf	100910	[metatag = 5]씨쥬는 여기에 많은 웨스트 씨티의 주민들이 납치 되어있다면서 거대한 하마 여자가 자신들을 납치 했다고 이야기 한다. 이곳을 빠져나갈 수 있도록 도와 달라고 이야기 하면서 멍멍 유격대장에게  감옥의 열쇠를 가져와 풀어달라고 이야기 한다. 
table_quest_text_data.rdf	100911	[metatag = 5]0
table_quest_text_data.rdf	100912	[metatag = 5]668
table_quest_text_data.rdf	100921	"[metatag = 7][object = ""196""]"
table_quest_text_data.rdf	101001	"[metatag = 5][place = ""100108000""]"
table_quest_text_data.rdf	101003	[metatag = 5]1
table_quest_text_data.rdf	101010	[metatag = 5]자신은 원래 서쪽 도시의 카메라 맨인데 자신이 납치 당했을 때 부터의 일을 모두 소형 카메라에 찍어 놨다고 이야기 하면서 이 안에 보면 모든 증거를 알 수 있다고 이야기 하며 써치 경찰관에게 비디오 테이프를 전달해 달라고 이야기 한다. 
table_quest_text_data.rdf	101011	[metatag = 5]0
table_quest_text_data.rdf	101012	[metatag = 5]453.12
table_quest_text_data.rdf	101013	[metatag = 5]1
table_quest_text_data.rdf	101101	"[metatag = 5][place = ""100108000""]"
table_quest_text_data.rdf	101103	[metatag = 5]1
table_quest_text_data.rdf	101106	"[metatag = 5]비디오 플레이어에 클릭을 하면 비디오 오브젝트의 화면이 켜지면서 미니 나레이션이 발생한다. 
------------------------------
Mrs Bone ""여봉~~ 카린의 일은 내가 정말 할말이 없엉 그렇지만 이곳에서는 꼭 성공할께.""
Mr. Bone (약간 정신이 빠진 목소리) ""그래 어서 서둘러서 [place = ""18001""] 주민들을 납치해 세뇌 시키자. 그들을 병사로 쓰면 훌륭한 무기가 될거야""
Mrs Bone ""응…그래 나만 믿어 내가 알아서 할꼐""
Mr. Bone ""역시 당신은 여전히 아름답고 믿음직 스러워""
Mrs Bone ""(혼잣말) 저들이 무사히 살아있다면 말이지 호호..""
------------------------------
나레이션이 끝나면 완료 메시지

퀘스트 수락 후"
table_quest_text_data.rdf	101110	[metatag = 5]써치 경찰관은 방송 테이프를 봐야겠다면서 비디오에 연결좀 해달라고 이야기 한다. 
table_quest_text_data.rdf	101111	[metatag = 5]0
table_quest_text_data.rdf	101112	[metatag = 5]320.52
table_quest_text_data.rdf	101201	"[metatag = 5][place = ""100108000""]"
table_quest_text_data.rdf	101203	[metatag = 5]1
table_quest_text_data.rdf	101210	[metatag = 5]과거 이 광산의 영화를 꿈꾸며 기다리고 있지만 영화는 커녕 오히려 그나마 최근 맛있는 커피로 유명해진 매튜의 커피상회마저 레드팬츠군에게 습격당해서 망해 가고 있다면서 매튜를 만나보라고 한다. 
table_quest_text_data.rdf	101211	[metatag = 5]0
table_quest_text_data.rdf	101212	[metatag = 5]430.11
table_quest_text_data.rdf	101301	"[metatag = 5][place = ""100108000""]"
table_quest_text_data.rdf	101303	[metatag = 5]1
table_quest_text_data.rdf	101306	"[metatag = 5]기리 대령의 커피 잔에 달콤쌉쌀 설사약을 넣어야 한다. 커피약을 넣으면 조금 있다 기리 대령이 나타나 커피를 마시고 조금 있다 배가 아프다며 이런 쓰레기 같은 커피라고 이야기 하며 뒤로 달아나 버린다. 

연출 대사

기리 대령이 커피를 마시기 위해 나타났을 때 대사
기리 대령이 커피를 마시고 나서 배가 아프다며 사라질 때 대사

퀘스트 수락 후"
table_quest_text_data.rdf	101310	[metatag = 5]기리 대령의 습관을 고치기 위해서 기리 대령이 자신의 커피맛에 질려 버렸으면 좋겠다고 이야기 한 매튜는 기리 대령의 커피 잔에 달콤쌉쌀 설사약을 넣어달라고 이야기 한다. 그럼 기리 대령이 다시는 자신의 커피를 다시 안먹을 것 이라고 확신한다. 
table_quest_text_data.rdf	101311	[metatag = 5]0
table_quest_text_data.rdf	101312	[metatag = 5]350
table_quest_text_data.rdf	101401	"[metatag = 5][place = ""100108000""]"
table_quest_text_data.rdf	101403	[metatag = 5]2
table_quest_text_data.rdf	101410	[metatag = 5]데스 헬멧 보급 부대 녀석들이 어제 새로 막들어온 신성한 커피 원두를 훔쳐 갔다면서 귀한 원두라서 그 원두 만큼은 꼭 되찾아야 한다면서 데스 헬멧 보급 부대로 부터 원두를 되찾아 왔으면 좋겠다고 부탁한다. 
table_quest_text_data.rdf	101411	[metatag = 5]0
table_quest_text_data.rdf	101412	[metatag = 5]400
table_quest_text_data.rdf	101501	"[metatag = 5][place = ""100108000""]"
table_quest_text_data.rdf	101503	[metatag = 5]3
table_quest_text_data.rdf	101510	[metatag = 5]발트라는 미스터 재키라는 기리 대령의 부하가 근처를 돌아 다니며 사람들을 협박하고 있다면서 그를 물리쳐 달라고 부탁한다. 
table_quest_text_data.rdf	101511	[metatag = 5]0
table_quest_text_data.rdf	101512	[metatag = 5]512.33
table_quest_text_data.rdf	101513	[metatag = 5]1
table_quest_text_data.rdf	101601	"[metatag = 5][place = ""100108000""]"
table_quest_text_data.rdf	101603	[metatag = 5]1
table_quest_text_data.rdf	101606	"[metatag = 5]댄서 사이먼과 미세스 부치를 거치는 2연속 전달 퀘스트
각각이 초대장을 받고 한마디씩 한다. 
""오우~!제리씨의 초대장 기꺼이 참여 하겠어요.""
""어머어머? 얘가 이런 것도 같이 하자고 초대장을 보내네 오래 살다 보니 별일도 다있군""

댄서 사이먼 visit 대사

위의 내용 참조

퀘스트 수락 후"
table_quest_text_data.rdf	101610	[metatag = 5]제리는 이번 서쪽 도시 댄스 경연 대회에 댄서 사이먼, 미세스 부치와 같이 출전하고 싶다고 이야기 하면서 사이먼 캠프와 믹 캠프에 있는 그들에게 댄스 경연 대회 초대장을 전달해 달라는 부탁을 한다. 
table_quest_text_data.rdf	101611	[metatag = 5]0
table_quest_text_data.rdf	101612	[metatag = 5]846.86
table_quest_text_data.rdf	101620	"[metatag = 5][etc = ""9085""]"
table_quest_text_data.rdf	101701	"[metatag = 5][place = ""100108000""]"
table_quest_text_data.rdf	101703	[metatag = 5]2
table_quest_text_data.rdf	101706	"[metatag = 5]서쪽 도시와 키소 캠프 사이에 고장난 트럭이 있고 트럭 주변에 작은 박스들이 놓여 있다. 작은 박스를 클릭하면 박스를 획득 할 수 있다.

부품 박스 오브젝트 대사

성공/실패

퀘스트 수락 후"
table_quest_text_data.rdf	101710	[metatag = 5]CC의 우주 연구소 소속이라고 밝힌 칸스 박사는 CC 현지 연구소에서 급하게 배달해달라고 이야기 한 물건이 있는데 민폐로보에게 습격을 당하여 운송하던 트럭이 고장 난것 같다고 이야기 하며 운송하던 트럭을 찾아 부품 박스를 가지고 기소 부장에게 가라고 이야기 한다. 
table_quest_text_data.rdf	101711	[metatag = 5]0
table_quest_text_data.rdf	101712	[metatag = 5]460.42
table_quest_text_data.rdf	101801	"[metatag = 5][place = ""100108000""]"
table_quest_text_data.rdf	101803	[metatag = 5]1
table_quest_text_data.rdf	101810	[metatag = 5]가넷 천문대 근처에 GBT-Hope08A라는 비행선을 관리하는 로봇이 있다고 이야기 하면서 그곳에 비행선이 문제가 생겨 이착륙을 못하고 있다고 하면서 GBT-Hope08A에게 이 부품 박스를 전달해 달라고 이야기 한다. 
table_quest_text_data.rdf	101811	[metatag = 5]0
table_quest_text_data.rdf	101812	[metatag = 5]480
table_quest_text_data.rdf	101901	"[metatag = 5][place = ""100108000""]"
table_quest_text_data.rdf	101903	[metatag = 5]1
table_quest_text_data.rdf	101911	[metatag = 5]0
table_quest_text_data.rdf	101912	[metatag = 5]640.22
table_quest_text_data.rdf	102001	"[metatag = 5][place = ""100108000""]"
table_quest_text_data.rdf	102003	[metatag = 5]1
table_quest_text_data.rdf	102010	[metatag = 5]마모라는 과거 레드팬츠군과의 전쟁에서 친구인 케비비를 잃었던 것을 기억하며 그때 잔인하게 친구를 죽인 개조 메탈릭 중사를 물리치고 그의 트레이드 마크인 개조된 주먹을 가져다 달라고 부탁 한다. 
table_quest_text_data.rdf	102011	[metatag = 5]0
table_quest_text_data.rdf	102012	[metatag = 5]521
table_quest_text_data.rdf	102101	"[metatag = 5][place = ""100108000""]"
table_quest_text_data.rdf	102103	[metatag = 5]1
table_quest_text_data.rdf	102110	[metatag = 5]탈주병 헐레벌떡은 자신은 RedPants군에 점점 실망을 느끼고 있어서 탈출 했을 때 도와주신 분이 본 할아버지였는데 그 분은 많은 레드팬츠군의 탈주병들을 뒤에서 도와준다고 이야기 하며 RedPants군이 그 사실을 알고 그 분을 공격하려 한다며 잊혀져가는 선로에 가서 그 분을 도와주기를 부탁 한다. 
table_quest_text_data.rdf	102111	[metatag = 5]0
table_quest_text_data.rdf	102112	[metatag = 5]403.07
table_quest_text_data.rdf	102201	"[metatag = 5][place = ""100108000""]"
table_quest_text_data.rdf	102203	[metatag = 5]2
table_quest_text_data.rdf	102210	[metatag = 5]다만 자신의 목적은 그들이 편안하게 사는 것이 었는데 일부 탈주병 중에 안전한 곳에서 편안하게 살아가는게 아니라 이 근처에서 RedPants군에게 복수를 하려고 조직을 짜고 있으며 그들이 선량한 탈주병들에게 피해를 입히고 있다면서 팬더 탈주병과 데스 헬멧 부대에게 따끔한 맛을 보여줘 자신의 일을 방해하지 못하게 하고 싶다고 그들을 혼내주라고 부탁 한다. 
table_quest_text_data.rdf	102211	[metatag = 5]0
table_quest_text_data.rdf	102212	[metatag = 5]654.66
table_quest_text_data.rdf	102301	"[metatag = 5][place = ""100108000""]"
table_quest_text_data.rdf	102303	[metatag = 5]3
table_quest_text_data.rdf	102306	"[metatag = 5]그레이트 금보 미니 나레이션 대사

레드팬츠군에게 복수를 할 계획을 짜고 있는데 왠 이상한 녀석(유저)이 훼방을 놓는다는 식의 말을 합니다.

퀘스트 수락 후"
table_quest_text_data.rdf	102310	[metatag = 5]생각해 보면 혼내준 탈주병 녀석들은 그레이트 금보라는 녀석의 수하 들일 뿐이어서 실제로 대장을 잡아야 그들이 그런 생각을 못할 것 같다면서 그레이트 금보 녀석의 붉은 팬티를 가져와 챙피를 주면 더 이상 다른 녀석들이 그를 따르지 않을 것 같다고 이야기 하면서 그레이트 금보의 붉은 팬티를 가져다 달라고 한다. 
table_quest_text_data.rdf	102311	[metatag = 5]0
table_quest_text_data.rdf	102312	[metatag = 5]743.54
table_quest_text_data.rdf	102313	[metatag = 5]1
table_quest_text_data.rdf	102401	"[metatag = 5][place = ""100108000""]"
table_quest_text_data.rdf	102403	[metatag = 5]2
table_quest_text_data.rdf	102410	[metatag = 5]RedPants군의 탈주병 녀석들의 탈출 동기를 보면 대부분이 동료들의 세뇌 어쩌고 저쩌고에 놀라고 환멸을 느낀다는 점이 공통점이라면서 동물인간들에게 본 장군이 뭔가 하는 것이 틀림없다고 이야기 하면서 그중에 버팔로 탈주병 녀석들은 탈주병이면서도 뒤에 이상한 것이 붙어 있어서 전부터 이상하다고 생각하고 있는데 행동도 좀 이상하다면서 그 녀석들의 머리 뒤에 붙어있는 수신기 같은 것을 떼어내서 앤드류 캠프의 시시에게 전해달라고 이야기 한다. 
table_quest_text_data.rdf	102411	[metatag = 5]0
table_quest_text_data.rdf	102412	[metatag = 5]344.37
table_quest_text_data.rdf	102501	"[metatag = 5][place = ""100108000""]"
table_quest_text_data.rdf	102503	[metatag = 5]2
table_quest_text_data.rdf	102510	[metatag = 5]야돌 구청장은 CC에서 만든 일부 로봇들이 공사를 돕기는 커녕 잔고장이 많아 자꾸 오작동을 한다고 이야기 하면서 잊혀져가는 선로에서 신규 작업을 하던 대형 일꾼로보와 폭력로보가 또 말썽을 일으키고 있는 것 같다고 이야기 하면서 폭력로보와 대형 일꾼로보를 잡아 계기판을 앤드류 캠프에 있는 엔지니어 앤드류에게 전달해 달라고 이야기 한다. 
table_quest_text_data.rdf	102511	[metatag = 5]0
table_quest_text_data.rdf	102512	[metatag = 5]2918
table_quest_text_data.rdf	102601	"[metatag = 5][place = ""100108000""]"
table_quest_text_data.rdf	102603	[metatag = 5]2
table_quest_text_data.rdf	102606	"[metatag = 5]탈주병 탐색 로보 오브젝트 대사

성공/실패

퀘스트 수락 후"
table_quest_text_data.rdf	102610	[metatag = 5]CC의 연구원인 키미는 잊혀져가는 선로 근처에 Dr.Smell이 탈주병을 끝까지 추적 하기 위해서 탐색 로봇들을 묻어놨는데 좀 신기한 일이 있으니 그 녀석들을 최대한 제거한 후 앤드류 캠프의 시시에게 전달해 달라고 이야기 한다. 
table_quest_text_data.rdf	102611	[metatag = 5]0
table_quest_text_data.rdf	102612	[metatag = 5]546
table_quest_text_data.rdf	102701	"[metatag = 5][place = ""100108000""]"
table_quest_text_data.rdf	102703	[metatag = 5]1
table_quest_text_data.rdf	102710	"[metatag = 5]노천 광산 합숙소의 [npc = ""3142201""]가 이상현상을 일으키는 로봇들의 제어장치를 전달해 주었다고 한다.
전송장치를 통해 받아 본 로봇의 제어장치는 결코 기계적 결함이 아니라고 한다.
제어장치의 임시 기록 데이터에 의하면 기계 제어 과정을 인식하지 못하게 하는 외부로부터의 어떤 충격이 있었던 듯 하다며 과연 어떤 충격을 받은 것인지 모르겠다고 한다.
우선 이 사실을 크레이터 폐광의 시시에게도 전해주어야 한다고 한다."
table_quest_text_data.rdf	102711	[metatag = 5]0
table_quest_text_data.rdf	102712	[metatag = 5]333
table_quest_text_data.rdf	102801	"[metatag = 5][place = ""100108000""]"
table_quest_text_data.rdf	102803	[metatag = 5]1
table_quest_text_data.rdf	102810	[metatag = 5]이미 호이포이 스톤이 모두 고갈 되어 쓸모없는 지역인줄 알았는데 크레이터 근처에 있던 맥켄지씨가 호이포이 스톤을 발견 한 것 같다고 이야기 하면서 확인 좀 부탁 한다는 연락을 받았다며 호이포이 스톤이 가지고 있는 블랙홀량을 측정하는 기계를 가지고 맥켄지를 찾아가 보라고 한다. 
table_quest_text_data.rdf	102811	[metatag = 5]0
table_quest_text_data.rdf	102812	[metatag = 5]847.54
table_quest_text_data.rdf	102901	"[metatag = 5][place = ""100108000""]"
table_quest_text_data.rdf	102903	[metatag = 5]3
table_quest_text_data.rdf	102906	"[metatag = 5]폭주 일꾼로보에게 아이템을 사용 하면 블랙홀 감지량이 미량인 쓸모없는 호이포이 스톤이라는 결과가 나오며 폭주 일꾼로보가 덤벼든다. 

미니 나레이션 대사

아이템을 폭주 일꾼로보에게 사용했을 때 측정 장치에서 나오는 대사
폭주 일꾼로보가 유저에게 덤빌 때 대사

퀘스트 수락 후"
table_quest_text_data.rdf	102910	[metatag = 5]훈드씨를 알고 있는지 물으면서 지금 CC의 창시자이며 이 호이 포이 스톤을 발견해 호이포이 캡슐을 제작하게 된 사람이라면서 이미 이곳의 호이포이 스톤은 모두 없어진 줄 알았는데 폭주 일꾼로보가 뭔가 잔뜩 주어 담아 가는 것을 봤는데 그 모양이 마치 호이 포이 스톤 같았다며 그정도 양의 호이포이 스톤이라면 상당량이 더있을 것이라며 폭주 일꾼로보를 조사해 보라고 한다. 
table_quest_text_data.rdf	102911	[metatag = 5]0
table_quest_text_data.rdf	102912	[metatag = 5]396.76
table_quest_text_data.rdf	102913	[metatag = 5]1
table_quest_text_data.rdf	103001	"[metatag = 5][place = ""100108000""]"
table_quest_text_data.rdf	103003	[metatag = 5]1
table_quest_text_data.rdf	103006	"[metatag = 5]히든 오브젝트 서치 칩으로 훈드씨의 가방을 찾는다. 오브젝트가 여러 개지만 그중에 훈드씨의 가방은 한곳에서 발견 된다.

훈드씨의 가방 오브젝트 대사

성공/실패

퀘스트 수락 후"
table_quest_text_data.rdf	103010	[metatag = 5]데본은 자신은 CC에 소속된 로봇인데 이곳에서 CC의 창시자인 훈드씨의 감추어진 연구 기록이 남아있다는 소리를 들었다면서 크레이터의 선로 주변에 묻혀있는 가방을 찾아 달라고 이야기 한다. 가방을 찾으려면 이 서치 칩을 사용 하면 편한 것이라고 이야기도 한다. 
table_quest_text_data.rdf	103011	[metatag = 5]0
table_quest_text_data.rdf	103012	[metatag = 5]756.42
table_quest_text_data.rdf	103101	"[metatag = 5][place = ""100108000""]"
table_quest_text_data.rdf	103103	[metatag = 5]2
table_quest_text_data.rdf	103110	[metatag = 5]최근 CC에서 크레이터 재건 사업을 건설 예정인데 RedPants군 탈주병들이 급속히 늘어나 개발에 지장을 주고 있다면서 타이거 약탈대와 타이거 탈주병을 좀 제거해달라고 이야기 한다. 
table_quest_text_data.rdf	103111	[metatag = 5]0
table_quest_text_data.rdf	103112	[metatag = 5]1210.04
table_quest_text_data.rdf	103201	"[metatag = 5][place = ""100108000""]"
table_quest_text_data.rdf	103203	[metatag = 5]1
table_quest_text_data.rdf	103206	"[metatag = 5]퀘스트 수락 후 데본에게 가서 말을 걸면 '훈드씨의 자서전'을 얻을 수 있게 되고 그것을 파웰에게 delivery합니다.

데본의 visit 대사

이것은 별 도움이 되지 않는다는 식으로 유저에게 훈드씨의 자서전을 넘기는 내용의 대사

퀘스트 수락 후"
table_quest_text_data.rdf	103210	"[metatag = 5]앤드류 캠프의 데본이 과거 훈드씨의 기록이 남은 가방을 발견했다는 소식을 들었다고 한다.
훈드씨는 지금의 웨스트랜드의 문명을 있게 한 사람으로서 자신의 마음 속에 언제나 살아있는 위인이라고 하면서 그의 생전의 이야기를 담은 기록을 볼 수 있게 되면 더 없을 영광이 될 것이라고 한다."
table_quest_text_data.rdf	103211	[metatag = 5]0
table_quest_text_data.rdf	103212	[metatag = 5]408.2
table_quest_text_data.rdf	103301	"[metatag = 5][place = ""100108000""]"
table_quest_text_data.rdf	103303	[metatag = 5]3
table_quest_text_data.rdf	103306	[metatag = 5]천방지축 관리 로봇을 잡으면 등에 관리로봇이 매달려 있고. 그를 쇼펭에게 가져 오면 된다. 
table_quest_text_data.rdf	103310	[metatag = 5]크레이터 재건 사업의 관리 총책을 맞긴 신형 로봇인 천방 지축 관리 로봇이 뭐에 문제가 있는지 이놈이 다른 일꾼 로봇들을 관리 안해서 지금 문제가 심각하다며 그녀석을 잡아 달라고 이야기 한다. 
table_quest_text_data.rdf	103311	[metatag = 5]0
table_quest_text_data.rdf	103312	[metatag = 5]1210.04
table_quest_text_data.rdf	103313	[metatag = 5]1
table_quest_text_data.rdf	103401	"[metatag = 5][place = ""100108000""]"
table_quest_text_data.rdf	103403	[metatag = 5]3
table_quest_text_data.rdf	103410	[metatag = 5]역사에 보면 과거 프리더 침입당시 그레이트 사이어맨들이 여러명 나타나 그들을 물리친 일이 있는데 자신은 그옷을 꼭 만들어 보고 싶다면서 황야의 가오가죽을 좀 구해 달라고 이야기 한다. 
table_quest_text_data.rdf	103411	[metatag = 5]0
table_quest_text_data.rdf	103412	[metatag = 5]452.04
table_quest_text_data.rdf	103413	[metatag = 5]1
table_quest_text_data.rdf	103501	"[metatag = 5][place = ""100108000""]"
table_quest_text_data.rdf	103503	[metatag = 5]1
table_quest_text_data.rdf	103510	[metatag = 5]미노는 탬버린 캠프에 자신이 아는 최고의 재봉사가 있다고 이야기 하면서 그에게 이 가죽을 가지고 가서 옷을 만들어달라고 대신 좀 부탁해 달라고 한다. 
table_quest_text_data.rdf	103511	[metatag = 5]0
table_quest_text_data.rdf	103512	[metatag = 5]1268
table_quest_text_data.rdf	103601	"[metatag = 5][place = ""100108000""]"
table_quest_text_data.rdf	103603	[metatag = 5]1
table_quest_text_data.rdf	103606	[metatag = 5]폭발로보와 슈퍼 일꾼로보의 제어장치를 분리하여 근처에있는 전송장치에 클릭 하면 퀘스트 완료
table_quest_text_data.rdf	103610	[metatag = 5]크레이터 근처에 폭발로보와 슈퍼 일꾼로보의 제어 장치에 이상이 생긴 것 같다면서 그 둘 로봇의 제어 장치를 떼어내고 근처에 있는 전송장치에 입력 하여 서쪽 도시로 연구 결과를 보낼 필요가 생겼다고 이야기 하면서 제어장치 전송하고 앤드류에게 보고 하면 된다. 
table_quest_text_data.rdf	103611	[metatag = 5]0
table_quest_text_data.rdf	103612	[metatag = 5]531.72
table_quest_text_data.rdf	103701	"[metatag = 5][place = ""100108000""]"
table_quest_text_data.rdf	103703	[metatag = 5]3
table_quest_text_data.rdf	103710	[metatag = 5]RedPants군의 탈주를 돕고 있는 본 할아버지를 암살 하기 위해서 RedPants암살자가 할아버지를 노리고 있는 것 같으니 그를 미리 제거 해 달라고 이야기 한다. 
table_quest_text_data.rdf	103711	[metatag = 5]0
table_quest_text_data.rdf	103712	[metatag = 5]900.4
table_quest_text_data.rdf	103713	[metatag = 5]1
table_quest_text_data.rdf	103801	"[metatag = 5][place = ""100108000""]"
table_quest_text_data.rdf	103803	[metatag = 5]1
table_quest_text_data.rdf	103810	[metatag = 5]자신은 소리아 칸의 열혈 팬이라면서 지금 마침 탬버린 캠프에 와있는 것 같다며 자신은 24시간 영업 방침을 지키기 위해 움직일 수 없다면서 자신의 정성이 담긴 팬레터와 귀걸이를 전해줬으면 좋겠다고 이야기 한다. 
table_quest_text_data.rdf	103811	[metatag = 5]0
table_quest_text_data.rdf	103812	[metatag = 5]316.24
table_quest_text_data.rdf	103901	"[metatag = 5][place = ""100108000""]"
table_quest_text_data.rdf	103903	[metatag = 5]1
table_quest_text_data.rdf	103910	"[metatag = 5]유눙 연구원은 Smell은 제거 되었지만 진정한 강자들은 아직 WestLand의 북쪽에 남아있다면서 대표적인 인물로 탬버린 캠프에 있는 김바는 과거 서쪽 도시의 경비대의 경비대장이었던 인물이라고 한다.
자신의 말이 미덥지 않다면 직접 김바에게 가서 물어보라고 하는 유눙 연구원."
table_quest_text_data.rdf	103911	[metatag = 5]0
table_quest_text_data.rdf	103912	[metatag = 5]637.52
table_quest_text_data.rdf	104001	"[metatag = 5][place = ""100108000""]"
table_quest_text_data.rdf	104003	[metatag = 5]2
table_quest_text_data.rdf	104010	[metatag = 5]자신이 조사해 본 결과 Dr. Smell이 뭔가 계획을 꾸미고 있는 것을 발견했다고 이야기 하면서 탈주병으로 위장한 좀 이상한 탈주병들을 일부러 내보내고 있는 것 같다고 이야기 하며 노라멧 일병님이 Smell이 한 버팔로 탈주병에게 뭔가 준것을 봤다고 이야기 하며 아무래도 뭔가 지시사항이 있는게 아닌지 의문 스럽다며 버팔로 탈주병을 잡아 smell이 꾸미고 있는 무언가에 대해 알 수 있는 증거를 가져다 달라고 이야기 한다. 
table_quest_text_data.rdf	104011	[metatag = 5]0
table_quest_text_data.rdf	104012	[metatag = 5]454
table_quest_text_data.rdf	104101	"[metatag = 5][place = ""100108000""]"
table_quest_text_data.rdf	104103	[metatag = 5]1
table_quest_text_data.rdf	104110	[metatag = 5]이런 굉장히 놀라운 사실이 이곳에 적혀 있다고 이야기 한다. 우리가 적으로 생각하고 있는 RedPants군의 사천왕이 과거에 WestLand의 경비대였다는 사실이 적혀있었다는 이야기를 하면서 Smell은 아마 자신의 몸에서 나는 이상한 냄새 때문에 따돌림을 당했던 것 같다며 스멜은 지금 웨스트 랜드와 사천왕 모두를 파멸 시킬 작전을 짜고 있는 것 같다고 이야기 하면서 이 사실을 쫄랑 시장에게 전달해 달라고이야기 한다. 
table_quest_text_data.rdf	104111	[metatag = 5]0
table_quest_text_data.rdf	104112	[metatag = 5]434
table_quest_text_data.rdf	104201	"[metatag = 5][place = ""100108000""]"
table_quest_text_data.rdf	104203	[metatag = 5]1
table_quest_text_data.rdf	104210	[metatag = 5]그들이 웨스트 랜드의 사대 천왕이었다면 솔직히 우리 시로써는 어떻게 할 수 없다고 이야기 하면서 CC 현지 연구소에 도움을 받아야겠다고 이야기 한다. 그는 CC현지 연구소의 키소 부장을 찾아가 도움을 청하기를 부탁 한다.
table_quest_text_data.rdf	104211	[metatag = 5]0
table_quest_text_data.rdf	104212	[metatag = 5]462.3
table_quest_text_data.rdf	104301	"[metatag = 5][place = ""100108000""]"
table_quest_text_data.rdf	104303	[metatag = 5]3
table_quest_text_data.rdf	104310	[metatag = 5]자신들의 연구소에서 대 화생방 작전에 대비한 깨끗해 공기 청정기를 만들었는데 이것은 차고 있으면 몸주위로 접근하는 화학 약품들을 모두 날려 버릴 수 있는 제품이라면서 이 제품을 시험해 볼 수 있는 기회라고 이야기 하면서 시험 삼아 스멜의 직속 부하이면서 스멜의 냄새를 그대로 가지고 있는 까칠 헬멧 중사를 잡고 성공적이면 피그 탈주병에게 스멜의 위치를 알아봐 제거 해달라고 이야기 한다. 
table_quest_text_data.rdf	104311	[metatag = 5]0
table_quest_text_data.rdf	104312	[metatag = 5]448
table_quest_text_data.rdf	104313	[metatag = 5]1
table_quest_text_data.rdf	104401	"[metatag = 5][place = ""100108000""]"
table_quest_text_data.rdf	104403	[metatag = 5]3
table_quest_text_data.rdf	104406	"[metatag = 5]스멜 근처로 가게 되면 주변에 독 발사기가 생성 되고 유저를 공격한다. 독 발사기를 파괴 하지 않으면 독 발사기는 일정한 간격으로 스멜의 독을 발사 한다. 

닥터 스멜 나레이션 대사

닥터 스멜을 쓰러뜨리면 이대로 자기만 당할 순 없다면서 서쪽도시 북쪽의 탬버린 캠프를 지나면 사천왕들이 주둔한 허슬 타워 지역이 있다는 정보를 말한다.

퀘스트 수락 후"
table_quest_text_data.rdf	104410	[metatag = 5]스멜은 아메시스트 공원 서쪽 끝에 있으며 그는 적으로 부터 자신을 보호 하기 위하여 주변에 자신의 냄새를 극대화 시킨 독 발사기를 주변에 가지고 있으니 그것을 유저가 차고 있는 그 청정기로 막아낼 수 있을지 모르겠다며 위험하면 그 독 발사기 부터 파괴 해야 할 것이라고 이야기 한다. 그리고 스멜을 물리치면 유눙 연구원에게 돌아가 보고를 하라고 이야기 한다. 
table_quest_text_data.rdf	104411	[metatag = 5]0
table_quest_text_data.rdf	104412	[metatag = 5]462.34
table_quest_text_data.rdf	104413	[metatag = 5]1
table_quest_text_data.rdf	104501	"[metatag = 5][place = ""100108000""]"
table_quest_text_data.rdf	104503	[metatag = 5]1
table_quest_text_data.rdf	104511	[metatag = 5]0
table_quest_text_data.rdf	104512	[metatag = 5]470.38
table_quest_text_data.rdf	104601	"[metatag = 5][place = ""100108000""]"
table_quest_text_data.rdf	104603	[metatag = 5]2
table_quest_text_data.rdf	104611	[metatag = 5]0
table_quest_text_data.rdf	104612	[metatag = 5]297.08
table_quest_text_data.rdf	104701	"[metatag = 5][place = ""100108000""]"
table_quest_text_data.rdf	104703	[metatag = 5]2
table_quest_text_data.rdf	104711	[metatag = 5]0
table_quest_text_data.rdf	104712	[metatag = 5]374.42
table_quest_text_data.rdf	104801	"[metatag = 5][place = ""100108000""]"
table_quest_text_data.rdf	104803	[metatag = 5]2
table_quest_text_data.rdf	104811	[metatag = 5]0
table_quest_text_data.rdf	104812	[metatag = 5]650.24
table_quest_text_data.rdf	104821	"[metatag = 5][npc = ""6312103""]"
table_quest_text_data.rdf	104901	"[metatag = 5][place = ""100108000""]"
table_quest_text_data.rdf	104903	[metatag = 5]1
table_quest_text_data.rdf	104910	"[metatag = 5]레드팬츠군이 언제 서쪽 도시로 진군해올지 알 수 없지만 그 이전에 꼭 거쳐와야만 할 곳이 바로 탬버린 캠프라며 탬버린 캠프가 별 일이 없는지만 파악해도 서쪽도시의 방위 준비에 큰 도움이 된다고 한다.
그리고 유저에게 다시 탬버린 캠프의 상황을 살펴보는 것이 어떠냐고 한다."
table_quest_text_data.rdf	104911	[metatag = 5]0
table_quest_text_data.rdf	104912	[metatag = 5]468.5
table_quest_text_data.rdf	105001	"[metatag = 5][place = ""100108000""]"
table_quest_text_data.rdf	105003	[metatag = 5]3
table_quest_text_data.rdf	105010	"[metatag = 5]새로 떠오른 요리 레시피가 있는데 그것을 위해서는 박쥐의 날개가 필요하다.
마침 유저가 레드팬츠군과의 싸움에 나서기로 했으니 바트소령이 주둔해 있는 스트라이프 허슬 타워에 가서 브레이크배트들의 날개를 구해와주었으면 좋겠다."
table_quest_text_data.rdf	105011	[metatag = 5]0
table_quest_text_data.rdf	105012	[metatag = 5]1129.68
table_quest_text_data.rdf	105101	"[metatag = 5][place = ""100108000""]"
table_quest_text_data.rdf	105103	[metatag = 5]2
table_quest_text_data.rdf	105110	"[metatag = 5]네가 사천왕을 상대하겠다고? 사실은 자신도 레드팬츠군에 대해서는 들었다면서 엄청 무식하고 잔인한 녀석들인데, 유저가 강하다는 건 알지만 자신이 보기엔 유저가 레드팬츠군을 상대하는건 무리라고 생각된다고 한다.
하지만 자신이 북쪽 길을 거닐다가 본 타이거선발대라는 놈들을 쓰러뜨려 본다면 자신의 생각이 바뀔지도 모르겠다고 한다."
table_quest_text_data.rdf	105111	[metatag = 5]0
table_quest_text_data.rdf	105112	[metatag = 5]972.42
table_quest_text_data.rdf	105201	"[metatag = 5][place = ""100108000""]"
table_quest_text_data.rdf	105203	[metatag = 5]1
table_quest_text_data.rdf	105210	"[metatag = 5]북쪽에 주둔한 레드팬츠군에게 납치당하고 있는 거주민들이 점점 늘고 있다면서 걱정을 한다.
아무래도 더 이상 두려움에 떨고 있을 순 없다면서 서쪽도시의 시장에게 이 문제에 대해 결단을 내려줄 것을 요청할 생각이라고 한다.
유저에게 그동안 레드팬츠군에게 납치된 사람들과 피해를 기록한 보고서를 주면서 쫄랑 시장에게 전해주면 그도 결정을 내릴 것이라고 생각한다."
table_quest_text_data.rdf	105211	[metatag = 5]0
table_quest_text_data.rdf	105212	[metatag = 5]216.42
table_quest_text_data.rdf	105301	"[metatag = 5][place = ""100108000""]"
table_quest_text_data.rdf	105303	[metatag = 5]1
table_quest_text_data.rdf	105310	"[metatag = 5]점점 규모가 증가되고 있는 레드팬츠군의 상황을 걱정하고 있다.
이제 더는 방어적인 자세로 나갈 수 없다고 말하면서 유저도 함께 레드팬츠군 토벌에 동참하지 않겠냐고 한다.
그리고 자신이 서쪽도시의 다른 대원들을 이미 레드팬츠군 진영에 파견시켜 놨다면서 탬버린 캠프를 지나 북쪽으로 이동하면 그들을 파견대원 월스를 만날 수 있을 것이라고 한다."
table_quest_text_data.rdf	105311	[metatag = 5]0
table_quest_text_data.rdf	105312	[metatag = 5]826.42
table_quest_text_data.rdf	105401	"[metatag = 5][place = ""100108000""]"
table_quest_text_data.rdf	105403	[metatag = 5]3
table_quest_text_data.rdf	105406	"[metatag = 5]바트 소령 나레이션 대사

바트 소령을 쓰러뜨리면 자신은 순수하게 본 장군의 훌륭한 인격에 끌려 경비대를 배반한 것이라며 하지만 갈수록 사악하게 돌변해 가는 본 장군을 외면한 채 이런 최후를 맡게 될 줄 알았다고 합니다.

퀘스트 수락 후"
table_quest_text_data.rdf	105410	"[metatag = 5]다수를 상대할 때에는 우두머리를 노리는 것이 정석이라는 격언이 있다면서 바트 소령만 제거된다면 스트라이프 허슬 타워의 모든 레드팬츠군들은 무너질 것이라 한다.
그러면서 어떻게 해야 현재의 빈약한 전력으로 바트소령을 상대할 수 있을까 고민한다."
table_quest_text_data.rdf	105411	[metatag = 5]0
table_quest_text_data.rdf	105412	[metatag = 5]436.42
table_quest_text_data.rdf	105413	[metatag = 5]1
table_quest_text_data.rdf	105501	"[metatag = 5][place = ""100108000""]"
table_quest_text_data.rdf	105503	[metatag = 5]1
table_quest_text_data.rdf	105510	[metatag = 5]자신은 레드팬츠군이 싫어 탈주한 탈주병이지만 아직 북쪽의 레드팬츠군 진영에서 벗어나지 못한 탈주병들도 많다면서 레드팬츠군 진영에 남아있는 자신의 친구 탈주병을 찾아주기를 바란다.
table_quest_text_data.rdf	105511	[metatag = 5]0
table_quest_text_data.rdf	105512	[metatag = 5]651.08
table_quest_text_data.rdf	105601	"[metatag = 5][place = ""100108000""]"
table_quest_text_data.rdf	105603	[metatag = 5]2
table_quest_text_data.rdf	105610	"[metatag = 5]자신은 듀 중령 밑에 속해 있었다면서 듀 중령의 게으르고 난폭한 성격에 대해 험담한다.
그리고 듀 중령과 같은 과의 동물인간이면서 매일 듀 중령에게 아부만 해대는 월러스 선발대들 때문에 너무 괴로웠었다며 유저가 레드팬츠군을 상대로 싸우고 있다면 그 월러스 선발대부터 처리해주었으면 하길 바란다."
table_quest_text_data.rdf	105611	[metatag = 5]0
table_quest_text_data.rdf	105612	[metatag = 5]1008.64
table_quest_text_data.rdf	105701	"[metatag = 5][place = ""100108000""]"
table_quest_text_data.rdf	105703	[metatag = 5]2
table_quest_text_data.rdf	105710	"[metatag = 5]듀 중령은 레드팬츠군에서 가장 강한 완력을 가진 인물 중 하나라며 레드팬츠군 본부를 함락시키기 위해서는 반드시 해치워야 하는 존재라고 한다.
그 중에서 듀 중령 휘하로 움직이는 데스 헬멧 선발대는 이름 그대로 목표로 한 모든 상대를 죽음으로 몰고 가는 잔인성을 가졌다.
데스 헬맷 선발대를 쓰러뜨리는 것이 남은 사천왕을 상대하는 지름길일 것이다."
table_quest_text_data.rdf	105711	[metatag = 5]0
table_quest_text_data.rdf	105712	[metatag = 5]256.48
table_quest_text_data.rdf	105801	"[metatag = 5][place = ""100108000""]"
table_quest_text_data.rdf	105803	[metatag = 5]3
table_quest_text_data.rdf	105806	"[metatag = 5]듀 중령 나레이션 대사

듀 중령을 쓰러뜨리면 유저에게 네가 감히 본 장군을 쓰러뜨릴 순 없을거라고 하면서 본 장군은 미세스 본과 결혼하고 나서 더 강력하게 변화했다고 말합니다.

퀘스트 수락 후"
table_quest_text_data.rdf	105810	"[metatag = 5]바트 소령을 물리쳤던 유저에게 또 한번의 기회를 준다며 이번엔 듀 중령을 제거하자고 한다.
그리고 유저를 믿지 못하는 건 아니지만 상부에 확실한 보고를 하기 위해서 듀 중령을 쓰러뜨린 증거로 그의 대걸레를 가지고 오라고 한다."
table_quest_text_data.rdf	105811	[metatag = 5]0
table_quest_text_data.rdf	105812	[metatag = 5]212.04
table_quest_text_data.rdf	105813	[metatag = 5]1
table_quest_text_data.rdf	105901	"[metatag = 5][place = ""100108000""]"
table_quest_text_data.rdf	105903	[metatag = 5]3
table_quest_text_data.rdf	105906	"[metatag = 5]퀘스트를 수락하면 무르남이 탬버린 캠프를 향하여 이동하며 중간중간에 레드팬츠군이 등장하여 무르남과 유저를 공격합니다.

연출 대사

출발할 때 무르남의 대사
레드팬츠군이 등장했을 때 무르남의 대사
레드팬츠군에게 무르남이 죽을 때 무르남의 대사
레드팬츠군에게 유저가 죽을 때 무르남의 대사

퀘스트 수락 후"
table_quest_text_data.rdf	105910	[metatag = 5]자신은 레드팬츠군에게 납치당했던 서쪽 도시 주민이라고 하면서 유저에게 자신의 친구인 브로디가 있는 탬버린 캠프까지만 자신을 호위해 줄 것을 부탁한다.
table_quest_text_data.rdf	105911	[metatag = 5]0
table_quest_text_data.rdf	105912	[metatag = 5]904.42
table_quest_text_data.rdf	106001	"[metatag = 5][place = ""100108000""]"
table_quest_text_data.rdf	106003	[metatag = 5]1
table_quest_text_data.rdf	106010	"[metatag = 5]자신은 키소 부장, 탁터 스멜과 같은 서쪽대학의 동문이라면서 웨스트랜드의 평화에 도움을 주고 있는 유저를 멀리서부터 지켜보고 있었다고 한다.
그리고 자신이 얼마 전 성공리에 개발한 AI 센서를 CC 연구소의 키소부장에게 전해달라고 한다."
table_quest_text_data.rdf	106011	[metatag = 5]0
table_quest_text_data.rdf	106012	[metatag = 5]286.92
table_quest_text_data.rdf	106101	"[metatag = 5][place = ""100108000""]"
table_quest_text_data.rdf	106103	[metatag = 5]2
table_quest_text_data.rdf	106106	"[metatag = 5]퀘스트를 수락하면 '휴대용 물체 전송기'를 획득합니다.
인벤에 있는 상태에서 그레이트 캡슐 로보의 잔해들을 클릭하면 사라지며 전송되었다는 표시를 보여줍니다.

그레이트 캡슐 로보 오브젝트 대사

성공/실패

퀘스트 수락 후"
table_quest_text_data.rdf	106110	"[metatag = 5]최초에 완성된 그레이트 캡슐 로보 1호는 레드팬츠군의 본부로 출발했지만 무참히 놈들에게 깨졌다면서 아마 인공지능의 부족함으로 판단된다고 한다.
그리고 칸스 박사의 AI 센서라면 그 부족함을 채울 수 있을 것이라 생각한다.
하지만 레드팬츠군 본부에서 파괴된 그레이트 캡슐 로보 1호의 실종된 파괴된 몸체를 아직 찾지 못했다면서 몸체가 없이 AI 센서는 아무 소용이 없으니 유저에게 로봇의 몸체를 수거해주길 부탁한다.
몸체는 모두 분리되어 사천왕의 각 주둔지 어딘가에 있을 것이라 예상되니 모두 찾아서 자신이 주는 휴대용 전송기기를 사용하면 이곳으로 자동 전송될 것이라고 한다."
table_quest_text_data.rdf	106111	[metatag = 5]0
table_quest_text_data.rdf	106112	[metatag = 5]6636
table_quest_text_data.rdf	106115	"[metatag = 5][object = ""68""]"
table_quest_text_data.rdf	106116	"[metatag = 5][object = ""67""]"
table_quest_text_data.rdf	106117	"[metatag = 5][object = ""66""]"
table_quest_text_data.rdf	106120	"[metatag = 5][object = ""68""]"
table_quest_text_data.rdf	106122	"[metatag = 5][object = ""66""]"
table_quest_text_data.rdf	106124	"[metatag = 5][object = ""67""]"
table_quest_text_data.rdf	106201	"[metatag = 5][place = ""100108000""]"
table_quest_text_data.rdf	106203	[metatag = 5]3
table_quest_text_data.rdf	106206	"[metatag = 5]레드팬츠군 본부로 향하는 길목에 레드팬츠군들이 여러 번 등장합니다.
그리고 레드팬츠군 본부에 거의 다다를 즈음에 '그레이트 캡슐 로보 RP'와 다수의 레드팬츠군이 등장하고 자신은 파괴되었었던 그레이트 캡슐 로보를 베껴 만든 로봇이라고 하면서 뉴 그레이트 캡슐 로보와 유저를 공격합니다.
복제품을 쓰러뜨리면 뉴 그레이트 캡슐 로보는 그 싸움으로 인해 중요부분이 파괴되어 더 이상 움직일 수 없게 됩니다.

연출 대사

뉴 그레이트 캡슐 로보 출발 시의 대사
중간에 일반 몬스터가 등장했을 때 뉴 그레이트 캡슐 로보 대사
중간에 레드팬츠군이 등장했을 때 뉴 그레이트 캡슐 로보 대사
그레이트 캡슐 로보 RP가 등장했을 때 뉴 그레이트 캡슐 로보 대사
그레이트 캡슐 로보 RP 등장시 그레이트 캡슐 로보 RP의 대사
그레이트 캡슐 로보 RP가 공격을 시작할 때 그레이트 캡슐 로보 RP의 대사
그레이트 캡슐 로보 RP와 싸우는 도중의 뉴 그레이트 캡슐 로보의 대사
그레이트 캡슐 로보 RP와 싸우는 도중의 그레이트 캡슐 로보 RP의 대사
뉴 그레이트 캡슐 로보의 LP가 0이 되었을 때 뉴 그레이트 캡슐 로보의 대사
유저가 죽을 때 뉴 그레이트 캡슐 로보 대사
그레이트 캡슐 로보 RP와 레드팬츠군을 쓰러뜨렸을 때 뉴 그레이트 캡슐 로보 대사

퀘스트 수락 후"
table_quest_text_data.rdf	106210	"[metatag = 5]유저의 도움으로 그레이트 캡슐 로보가 완전히 정비되어 재탄생했다고 한다.
이제 뉴 그레이트 캡슐 로보와 함께 레드팬츠군 본부로 출발하여 그 야망을 무찔러 달라고 부탁하며 자신은 항상 이렇게 정의로운 캐릭터였음을 강조한다."
table_quest_text_data.rdf	106211	[metatag = 5]0
table_quest_text_data.rdf	106212	[metatag = 5]632.54
table_quest_text_data.rdf	106301	"[metatag = 5][place = ""100108000""]"
table_quest_text_data.rdf	106303	[metatag = 5]1
table_quest_text_data.rdf	106310	"[metatag = 5]자신을 제외한 모든 서쪽도시 경비대원은 레드팬츠군 진지에 파견된 상태라며 자신도 가고 싶지만 서쪽도시의 최후의 보루가 되라는 쫄랑 시장의 명령을 받들고 있는 중이라 한다.
그러면서 현재 레드팬츠군과의 전황이 궁금하니 유저가 파견중인 경비대원 보노를 찾아가 봐달라고 한다."
table_quest_text_data.rdf	106311	[metatag = 5]0
table_quest_text_data.rdf	106312	[metatag = 5]517.21
table_quest_text_data.rdf	106401	"[metatag = 5][place = ""100108000""]"
table_quest_text_data.rdf	106403	[metatag = 5]2
table_quest_text_data.rdf	106410	"[metatag = 5]서쪽도시 경비대의 부대장인 지지메트를 구출하기 위해서는 레드팬츠군 본부로 들어가야 한다.
하지만 레드팬츠군 본부의 입구에 가기 전까지만 해도 수많은 레드팬츠군들이 깔려 있어서 얼마 남지 않은 병력에다가 나태하기까지 한 자신들 경비대의 능력으로는 불가능하다고 한다.
레드팬츠군을 상대하는 거야 당연한거지만 울프같은 야생동물까지 잔뜩 있으니…"
table_quest_text_data.rdf	106411	[metatag = 5]0
table_quest_text_data.rdf	106412	[metatag = 5]551.38
table_quest_text_data.rdf	106501	"[metatag = 5][place = ""100108000""]"
table_quest_text_data.rdf	106503	[metatag = 5]2
table_quest_text_data.rdf	106510	"[metatag = 5]레드팬츠군 진영에 잔뜩 깔린 울프들은 사실 레드팬츠군에서 조련시켜 경비용으로 사육하는 것이라는 정보를 알아냈다고 한다. 
그리고 그런 늑대를 조현하는 레드팬츠군의 팬더 늑대 조련사가 가진 휘슬은 사실 CC 현지 연구소에서 애완동물을 교육시키기 위해 만들어진 것인데 그런데 쓰이게 될 줄은 몰랐다며, 그 휘슬을 빼앗아 아군이 늑대까지 빼앗게 된다면 전력의 증가도 노릴 수 있겠다면서 팬더 늑대 조련사의 휘슬을 빼앗아 줄 것을 부탁한다."
table_quest_text_data.rdf	106511	[metatag = 5]0
table_quest_text_data.rdf	106512	[metatag = 5]551.38
table_quest_text_data.rdf	106601	"[metatag = 5][place = ""100108000""]"
table_quest_text_data.rdf	106603	[metatag = 5]1
table_quest_text_data.rdf	106606	"[metatag = 5]퀘스트를 수락하면 인벤에 고성능 프라늄 폭탄이 들어옵니다.
그리고 허슬타워에 다가가 클릭하면 폭탄이 설치되며 일정시간이 지나면 허슬타워가 폭발합니다.
허슬 타워는 하나하나 폭파되어야 하며 어느 하나에 폭탄을 부착시킨 상태에서 폭파되지 않고 다른 허슬 타워에 폭탄을 부착시킬 수 없도록 합니다.

허슬 타워 오브젝트 대사

성공/실패

퀘스트 수락 후"
table_quest_text_data.rdf	106610	"[metatag = 5]레드팬츠군의 사천왕들이 장악한 허슬 타워들은  과거 서쪽도시 경비대원들이 사용하던 것으로 모두 포룽가의 특산인 아지사 나무로 만들어진 것이라며 이것이 레드팬츠군의 손에 들어가 있는 것은 자신들 나메크 성인들에게 더 없는 굴욕이라고 한다.
그래서 유저에게 폭탄을 줄테니 그것을 각각 허슬 타워들에 부착시키고 모두 파괴시켜 줄 것을 부탁한다."
table_quest_text_data.rdf	106611	[metatag = 5]0
table_quest_text_data.rdf	106612	[metatag = 5]1217.68
table_quest_text_data.rdf	106701	"[metatag = 5][place = ""100108000""]"
table_quest_text_data.rdf	106703	[metatag = 5]2
table_quest_text_data.rdf	106710	"[metatag = 5]기린 인간은 큰 키를 사용해 보통 인간들보다 주변지역을 더 넓게 보는 특성을 지녔다며 그런 특성 때문에 자신들 탈주병의 최고 경계 대상이라고 한다.
자신은 아무래도 이 곳을 벗어나는데 더 시간이 걸릴 것 같다며 유저에게 기린 인간들로 이루어져 있는 기리기리 생존병과 기리기리 친위대들을 제거해달라고 부탁한다."
table_quest_text_data.rdf	106711	[metatag = 5]0
table_quest_text_data.rdf	106712	[metatag = 5]1096.28
table_quest_text_data.rdf	106801	"[metatag = 5][place = ""100108000""]"
table_quest_text_data.rdf	106803	[metatag = 5]3
table_quest_text_data.rdf	106806	"[metatag = 5]기리 대령 나레이션 대사

기리 대령을 쓰러뜨리면 나레이션으로 본 장군과 레드팬츠군에 대한 이야기를 합니다.
본 장군은 현재 키리에 중독된 상태로써 그렇게 강력해진 본 장군에게는 누구도 맞설 수 없을 거라고 합니다.

퀘스트 수락 후"
table_quest_text_data.rdf	106810	"[metatag = 5]지금까지 상당한 능력을 발휘해주었다며 칭찬하는 김바.
자신이 사천왕의 토벌을 지원할 줄은 꿈에도 몰랐다고 하지만 이게 다 레드팬츠군이 자처한 일이라며 이젠 자신도 그만두진 않겠다고 한다.
사천왕의 우두머리라 할 수 있는 기리 대령은 레드팬츠군의 두뇌라 할 수 있을 정도로 머리가 좋은데다 당연히 사천왕 중 가장 강한 힘을 소유하고 있다. 본 장군이 없다면 능히 최고의 자리에 앉았을 것이라며 유저에게 조심할 것을 당부한다.
기리대령은 체크 허슬 타워에서 레드팬츠군 본부를 사수하기 위해 버티고 있을 것이다. 그를 처리하라."
table_quest_text_data.rdf	106811	[metatag = 5]0
table_quest_text_data.rdf	106812	[metatag = 5]763.88
table_quest_text_data.rdf	106813	[metatag = 5]1
table_quest_text_data.rdf	106901	"[metatag = 5][place = ""100108000""]"
table_quest_text_data.rdf	106903	[metatag = 5]2
table_quest_text_data.rdf	106910	"[metatag = 5]유저가 요즘 레드팬츠군을 상대하느라 동분서주하고 있는 걸 들었다면서 사실은 자신의 오빠인 캉캉이 혼자 레드팬츠군을 상대하러 떠났다가 그들에게 포로로 잡혀 있다고 하면서 너무 고지식한 오빠이지만 유저가 그를 도와주었으면 하길 바란다.
레드팬츠군의 팬더 친위대는 납치한 사람을 가두는 우리의 열쇠를 관리하는 것으로 알고 있다며 유저가 그 열쇠를 빼앗아 오빠를 탈출시켜 주기를 바란다.
킨의 오빠는 레드팬츠군 본부로 향하는 길 어딘가에 감금되어 있을 것이다."
table_quest_text_data.rdf	106911	[metatag = 5]0
table_quest_text_data.rdf	106912	[metatag = 5]1293.42
table_quest_text_data.rdf	107001	"[metatag = 5][place = ""100108000""]"
table_quest_text_data.rdf	107003	[metatag = 5]2
table_quest_text_data.rdf	107010	"[metatag = 5]서쪽도시의 약재상인 릭스가 약을 제조하고 자신은 그 재료를 수집하고 있다면서 포룽가의 무리 최고 장로에게 보낼 약을 만들어야 하는데 그러기 위해선 황소인간의 뿔이 많이 필요하다고 한다.
마침 레드팬츠군과의 싸움에도 도움이 되니 유저가 레드팬츠군 본부 근처에 돌아다니는 매드옥스의 뿔을 좀 구해주었으면 한다."
table_quest_text_data.rdf	107011	[metatag = 5]0
table_quest_text_data.rdf	107012	[metatag = 5]436.48
table_quest_text_data.rdf	107101	"[metatag = 5][place = ""100108000""]"
table_quest_text_data.rdf	107103	[metatag = 5]1
table_quest_text_data.rdf	107106	"[metatag = 5]퀘스트를 수락하면 '로봇 탐지용 스카우터 칩'이 인벤에 들어옵니다.

그레이트 캡슐로보의 머리 오브젝트 대사

성공/실패

퀘스트 수락 후"
table_quest_text_data.rdf	107110	"[metatag = 5]키소 부장님이 깜박 하신 것 같은데 AI 센서를 부착하기 위해서는 물론이고 그레이트 캡슐 로보에 가장 중요한 부분은 머리 부분이라고 하면서 유저가 그레이트 캡슐로보의 머리를 찾지 못했다면 분명 어딘가에 파묻혀 숨겨져 있을 것이라고 한다.
자신이 그것을 발견할 수 있는 스카우터 칩을 줄테니 그것을 장착하고 그레이트 캡슐로보의 머리를 찾아서 전송해달라고 한다."
table_quest_text_data.rdf	107111	[metatag = 5]0
table_quest_text_data.rdf	107112	[metatag = 5]4288
table_quest_text_data.rdf	107120	"[metatag = 5][object = ""212""]"
table_quest_text_data.rdf	107201	"[metatag = 5][place = ""100108000""]"
table_quest_text_data.rdf	107203	[metatag = 5]2
table_quest_text_data.rdf	107206	"[metatag = 5]캉캉 미니 나레이션 대사

캉캉이 갇혀있는 우리에 '우리의 열쇠'를 사용하면 문이 열리며 캉캉이 뛰쳐나옵니다.
그리고 유저를 레드팬츠군이라 생각하여 공격합니다.
캉캉을 이기면 허억허억! 역시 레드팬츠군에게 혼자 덤빈 것은 너무 오만했던 걸까 라고 자책한다.
하지만 유저는 레드팬츠군이 아니며 킨의 부탁을 통해 자신을 구해준 것을 알고 감사한다.
그리고 자신은 얼릉 여길 벗어나 킨에게 가야겠다며 뛰어가며 사라진다.

퀘스트 수락 후"
table_quest_text_data.rdf	107207	[metatag = 5]...。
table_quest_text_data.rdf	107210	[metatag = 5]우리를 열어주건 말건 유저 맘대로 하라고 한다.
table_quest_text_data.rdf	107211	[metatag = 5]0
table_quest_text_data.rdf	107212	[metatag = 5]296.61
table_quest_text_data.rdf	107213	[metatag = 5]1
table_quest_text_data.rdf	107301	"[metatag = 5][place = ""100108000""]"
table_quest_text_data.rdf	107303	[metatag = 5]1
table_quest_text_data.rdf	107310	"[metatag = 5]사실 자신이 오랫동안 영화를 찍지 않고 도시로 돌아가지 않고 있는 이유는 스트레스성 탈모 때문이라며 그 치유를 위해 자유로움이 넘치는 이곳 탬버린 캠프로 왔던 것이라고 한다.
그리고 탈모 치료를 위한 최후의 수단으로 그다지 믿음이 가진 않지만 CC 현지 연구소의 키소 부장에게 새로운 발모제의 개발을 의뢰해 놓은 상태라며 슬슬 약속한 완성시기가 되어간다고 유저에게 키소부장에게 다녀올 것을 부탁한다."
table_quest_text_data.rdf	107311	[metatag = 5]0
table_quest_text_data.rdf	107312	[metatag = 5]989.02
table_quest_text_data.rdf	107401	"[metatag = 5][place = ""100108000""]"
table_quest_text_data.rdf	107403	[metatag = 5]1
table_quest_text_data.rdf	107406	"[metatag = 5]발모제를 가지고 소리아 칸에게 가면 소리아 칸이 가발을 벗고 발모제를 머리에 바릅니다.
그리고 머리는 순식간에 아프로 머리가 되고 다시 가위질을 해서 머리를 쳐내고 가발을 쓰는 소리아 칸.

연출 대사

소리아 칸이 발모제를 바를 때의 대사
아프로 머리가 되었을 때의 소리아 칸의 대사
다시 가발을 쓰고 난 후의 소리아 칸의 대사

퀘스트 수락 후"
table_quest_text_data.rdf	107410	"[metatag = 5]자신이 방향제 이후에 가장 심혈을 기울여 만든 것이 이번 발모제라며 단순히 탈모를 치료하는 것 뿐 아니라 자동으로 멋진 헤어스타일?까지 만들어주는 명약이라는 이상한 말을 한다.
"
table_quest_text_data.rdf	107411	[metatag = 5]0
table_quest_text_data.rdf	107412	[metatag = 5]830.3
table_quest_text_data.rdf	107501	"[metatag = 5][place = ""100108000""]"
table_quest_text_data.rdf	107503	[metatag = 5]2
table_quest_text_data.rdf	107506	"[metatag = 5]트리거 오브젝트 [object = ""345""]을 조사하면 [mob = ""6412119""]들이 집 앞에 스폰됨."
table_quest_text_data.rdf	107511	[metatag = 5]0
table_quest_text_data.rdf	107512	[metatag = 5]585.6
table_quest_text_data.rdf	107601	"[metatag = 5][place = ""100108000""]"
table_quest_text_data.rdf	107603	[metatag = 5]1
table_quest_text_data.rdf	107611	[metatag = 5]0
table_quest_text_data.rdf	107612	[metatag = 5]948.42
table_quest_text_data.rdf	107701	"[metatag = 5][place = ""100108000""]"
table_quest_text_data.rdf	107703	[metatag = 5]1
table_quest_text_data.rdf	107706	"[metatag = 5]레드팬츠군 본부 입구를 발견하면 됩니다.

레드팬츠군 본부 성문 발견시 오브젝트 대사

성공 - 레드팬츠군의 본부 입구를 찾았다!

퀘스트 수락 후"
table_quest_text_data.rdf	107710	"[metatag = 5]드디어 레드팬츠군의 본부로 진입할 때가 되었다고 하지만 가는 곳까지 수많은 레드팬츠군들이 깔려 있고 길도 매우 복잡하여 누구도 본부로 들어가는 성문까지 도달하지 못하고 있다고 한다.
유저가 본부 입구룰 발견하면 그것을 통해 다른 파견대들도 도달할 수 있을테니 먼저 본부 입구를 발견하는대로 알려주기를 바란다.
본부 입구는 본 장군의 얼굴 이미지를 본따 만들었으니 쉽게 파악할 수 있을 것이다."
table_quest_text_data.rdf	107711	[metatag = 5]0
table_quest_text_data.rdf	107712	[metatag = 5]3152
table_quest_text_data.rdf	107801	"[metatag = 5][place = ""100108000""]"
table_quest_text_data.rdf	107803	[metatag = 5]1
table_quest_text_data.rdf	107810	"[metatag = 5]자신 역시 파견대원으로써 레드팬츠군에게 정신없이 쫓기다보니 벌써 레드팬츠군 본부에 도착해 있었다면서 무서워 죽겠다고 토로한다.
그러며 이왕 이렇게 된 거 죽기 아니면 까무라치기라고 하면서 우선은 본부 내에 있는 적에 대한 정보를 입수해야 된다고 한다.
다행이 쫄랑 시장의 선견지명으로 이 레드팬츠군 내에 그의 첩보원들이 숨어 있으니 그 중 하나인 첩보원 코네리와 접촉해보라고 한다."
table_quest_text_data.rdf	107811	[metatag = 5]0
table_quest_text_data.rdf	107812	[metatag = 5]831.12
table_quest_text_data.rdf	107903	[metatag = 5]3
table_quest_text_data.rdf	107910	"[metatag = 5]자신은 뛰어난 변장술의 귀재로 지금껏 이곳에 숨어들어 레드팬츠군에게 단 한번도 걸리지 않았는데 자신을 찾다니 정말 대단하다고 유저를 띄워준다.
그리고 이미 오랫동안 이곳에서 활동한만큼 자신의 손바닥만큼 훤히 알고 있다고 하는 코네리.
천리길도 한걸음부터이니 이 주변의 적들을 제압하지 않으면 더 깊이 들어갔을 때 순식간에 포위될 수도 있다고 하며 우선은 이 주변에 자리잡고 있는 팬더 수인들과 월러스 결전대를 처리하는 것이 지름길이라고 한다."
table_quest_text_data.rdf	107911	[metatag = 5]0
table_quest_text_data.rdf	107912	[metatag = 5]759.54
table_quest_text_data.rdf	107913	[metatag = 5]1
table_quest_text_data.rdf	108003	[metatag = 5]3
table_quest_text_data.rdf	108010	"[metatag = 5]서쪽도시로부터 이곳 레드팬츠군 본부에 납치 감금되어 있는 시민들의 명단을 전달받았다면서 일반 시민의 경우엔 일반 나무 감옥에 가두고 캡슐 코퍼레이션의 연구원이나 지위가 높은 공무원의 경우엔 좀 더 깊숙한 곳의 철창 감옥에 가두고 있다고 한다.
우선은 나무 감옥의 열쇠를 레드팬츠군들로부터 빼앗아야 한다.
나무 감옥의 열쇠는 퓨마, 재규어류의 레드팬츠 병사와 기린류의 레드팬츠 병사들이 가지고 있을 것이다."
table_quest_text_data.rdf	108011	[metatag = 5]0
table_quest_text_data.rdf	108012	[metatag = 5]609.72
table_quest_text_data.rdf	108013	[metatag = 5]1
table_quest_text_data.rdf	108103	[metatag = 5]3
table_quest_text_data.rdf	108110	"[metatag = 5]아듀 암살병은 본 장군의 칙명을 받아 레드팬츠군이 적으로 규정한 주요 인사들을 암살하는 임무를 가지고 있다고 한다.
쫄랑 시장 역시 이 아듀 암살병의 표적이 되어 있을 것은 불을 보듯 뻔한 일.
마침 아직 이 주둔지에 있으니 아듀 암살병을 제거해 달라고 한다."
table_quest_text_data.rdf	108111	[metatag = 5]0
table_quest_text_data.rdf	108112	[metatag = 5]1332
table_quest_text_data.rdf	108113	[metatag = 5]2
table_quest_text_data.rdf	108203	[metatag = 5]2
table_quest_text_data.rdf	108210	"[metatag = 5]이 레드팬츠군 본부 안의 첩보원은 자신 뿐만이 아니라고 하는 코네리.
자신의 동료인 첩보원 무어는 자신보다 더 깊숙한 장소 어딘가에 숨어 있을 것이며 더 좋은 정보를 가지고 있을 것이다.
마침 자신이 무어에게 전할 정보도 있으니 자신의 편지를 첩보원 무어에게 전해달라고 한다."
table_quest_text_data.rdf	108211	[metatag = 5]0
table_quest_text_data.rdf	108212	[metatag = 5]893.22
table_quest_text_data.rdf	108303	[metatag = 5]3
table_quest_text_data.rdf	108310	"[metatag = 5]이 곳 레드팬츠군 본부에는 레드팬츠군인 수인만이 있는 것 만이 아니라 그들이 다루거나 아니면 인공지능으로 움직이는 강력한 기계들도 있다면서 어떻게 메커니즘에 약한 레드팬츠군이 이런 기계들을 다루게 된 것은 미세스 본이 등장한 이후부터라고 한다.
분명한 사실은 이런 기계들 역시 침입한 적으로 인식하면 가차없이 공격을 퍼붓는 적이 분명하며 유저가 본부 내부로 발을 들이려면 반드시 파괴해야 할 적이라는 것이다.
이 곳에 돌아다니는 기계류의 적들을 제거하라."
table_quest_text_data.rdf	108311	[metatag = 5]0
table_quest_text_data.rdf	108312	[metatag = 5]900.04
table_quest_text_data.rdf	108313	[metatag = 5]1
table_quest_text_data.rdf	108403	[metatag = 5]2
table_quest_text_data.rdf	108406	"[metatag = 5]총 3개의 나무 감옥에 3명의 NPC가 감금되어 있습니다.
나무 감옥 열쇠를 사용해서 감옥 문을 열면 고맙다며 후다닥 달려가며 사라집니다.
(NPC들 대사 필요)

연출 대사

NPC가 감옥에서 나올 때마다 고맙다는 식의 말을 한마디 씩 합니다.

퀘스트 수락 후

(나무 감옥의 위치를 파악하는 Visit Quest로 수정)"
table_quest_text_data.rdf	108410	"[metatag = 5]레드팬츠군에게 얻어낸 나무 감옥 열쇠를 사용해서 나무 감옥에 감금된 인질들을 구출해 달라고 요청한다.
"
table_quest_text_data.rdf	108411	[metatag = 5]0
table_quest_text_data.rdf	108412	[metatag = 5]947.24
table_quest_text_data.rdf	108430	"[metatag = 5][object = ""72""]"
table_quest_text_data.rdf	108431	"[metatag = 5][object = ""72""]"
table_quest_text_data.rdf	108432	"[metatag = 5][object = ""72""]"
table_quest_text_data.rdf	108503	[metatag = 5]3
table_quest_text_data.rdf	108506	"[metatag = 5]꽃무늬 장군, 줄무늬 장군, 땡땡이 장군의 미니 나레이션 대사

감히 레드팬츠군의 장군인 자신들에게 덤빈다며 겁도 없는 녀석이라는 식의 대사를 합니다.
되도록 세 명의 개성을 잘 살려서…

퀘스트 수락 후"
table_quest_text_data.rdf	108510	"[metatag = 5]레드팬츠군 본부에는 본 장군 이외에도 장군의 지위를 가진 인물이 세명이나 있다.
각각 꽃무늬, 줄무늬, 땡땡이 장군이라 불리는 이 장군들을 우선적으로 제거한다면 나머지 그 휘하의 레드팬츠군들의 지휘체계는 엉망이 되고 병사들은 나약해질 것이다."
table_quest_text_data.rdf	108511	[metatag = 5]0
table_quest_text_data.rdf	108512	[metatag = 5]834.42
table_quest_text_data.rdf	108513	[metatag = 5]2
table_quest_text_data.rdf	108603	[metatag = 5]3
table_quest_text_data.rdf	108606	"[metatag = 5]철창 감옥의 열쇠로 지지메트가 갇혀 있는 감옥문을 열면 지지메트를 호위하는 퀘스트가 발생합니다.

연출 대사

지지메트가 출발할 때 대사
도중에 레드팬츠군이 달려들 때 지지메트의 대사
레드팬츠군에게 지지메트의 LP가 0이 되었을 때 지지메트의 대사
레드팬츠군에게 유저가 죽었을 때 지지메트의 대사
목적지에 도착했을 때 지지메트의 대사

퀘스트 수락 후"
table_quest_text_data.rdf	108607	[metatag = 5]...。
table_quest_text_data.rdf	108609	[metatag = 5]...。
table_quest_text_data.rdf	108610	"[metatag = 5]더 이상 갇혀 있는 것은 지겹다면서 자신도 레드팬츠군 공격에 가담할테니 일단 파견대원 엣지가 있는 곳까지 자신을 데려다 달라고 한다.
"
table_quest_text_data.rdf	108611	[metatag = 5]0
table_quest_text_data.rdf	108612	[metatag = 5]675.04
table_quest_text_data.rdf	108703	[metatag = 5]2
table_quest_text_data.rdf	108710	"[metatag = 5]사실 한 명의 첩보원이 더 있다면서 소식이 끊긴지는 오래 되었지만 그라면 분명 지금도 이 곳 본부의 심층부에 파고들어 정보를 수집하고 있을 것이라고 한다.
동료인 첩보원 브로스를 만나보라."
table_quest_text_data.rdf	108711	[metatag = 5]0
table_quest_text_data.rdf	108712	[metatag = 5]930.46
table_quest_text_data.rdf	108803	[metatag = 5]3
table_quest_text_data.rdf	108806	"[metatag = 5]본 장군은 일반적인 상태에서 한번 싸우고 쓰러뜨리고 나면 키리가 필요하다는 대사 후 미세스 본에 의해 키리에 중독된 본 장군과 한번 더 싸우면 좋을 것 같습니다.

본 장군 나레이션 대사

유저와 첫 조우시에는 멀쩡한 정신으로 레드팬츠군에 대항하는 녀석은 가만두지 않겠다는 식의 대사
유저에게 한번 쓰러졌을 때 키리가 있어야 한다는 말과 미세스 본에게 키리를 주입해 달라는 식의 대사
미세스 본이 도중에 등장해 사랑하는 여보~ 힘내라고 하며 키리를 주입하는 대사
키리가 주입되고 나서 키리에 중독된 본 장군의 완전히 괴물스러운 대사
키리에 중독된 본 장군이 유저에게 쓰러졌을 때 대사
키리에 중독된 본 장군이 유저에게 쓰러졌을 때 실루엣에 가려진 미세스 본의 대사

연출 대사

유저가 본 장군에게 죽었을 때 멀쩡한 본 장군의 대사
유저가 본 장군에게 죽었을 때 키리에 중독된 본 장군의 대사


퀘스트 수락 후"
table_quest_text_data.rdf	108810	"[metatag = 5]이제 남은 것은 본 장군과 그의 부인인 미세스 본이다.
원래는 수인들을 통솔하여 그들이 꿈꾸는 이상적인 국가를 세우겠다는 본 장군의 꿈은 이제는 그것을 넘어 이기심으로 변질되어 있다.
웨스트랜드 뿐 아니라 세계의 평화를 위해서도 본 장군을 반드시 쓰러뜨려야 한다."
table_quest_text_data.rdf	108811	[metatag = 5]0
table_quest_text_data.rdf	108812	[metatag = 5]483.6
table_quest_text_data.rdf	108813	[metatag = 5]3
table_quest_text_data.rdf	108903	[metatag = 5]3
table_quest_text_data.rdf	108906	"[metatag = 5]미세스 본의 LP를 다 소모시키면 더 이상 이곳에 볼일이 없다며 도망칩니다.

미세스 본 나레이션 대사

첫 조우시에 자신의 남편을 죽인 유저를 증오하는 대사
유저에게 졌을 때 도망치며 남기는 대사

연출 대사

유저가 미세스 본에게 죽었을 때 미세스 본의 대사

퀘스트 수락 후"
table_quest_text_data.rdf	108910	"[metatag = 5]미세스 본은 본 장군이 사망한 시체를 보면서도 눈물 한 방울 흘리지 않고 있다.
첩보원의 예리한 감각으로는 그녀는 분명 레드팬츠군을 자신 또는 자신이 속한 다른 집단의 목적 때문에 관계해 왔을 뿐인 것 같다고 한다.
어쨌든 미세스 본을 잡아 물어본다면 그 비밀을 알아낼 수 있지 않을까?"
table_quest_text_data.rdf	108911	[metatag = 5]0
table_quest_text_data.rdf	108912	[metatag = 5]843.42
table_quest_text_data.rdf	108913	[metatag = 5]3
table_quest_text_data.rdf	109003	[metatag = 5]2
table_quest_text_data.rdf	109006	"[metatag = 5]리우스가 갇혀 있는 철창 감옥에 [item = ""990690""]를 사용하면 고맙다며 후다닥 달려가며 사라집니다.
(NPC 대사 필요)

연출 대사

NPC가 감옥에서 나올 때 고맙다는 식의 말을 한마디 합니다.

퀘스트 수락 후"
table_quest_text_data.rdf	109010	"[metatag = 5]엇! 유저가 가진 철창 감옷의 열쇠를 보며 이 열쇠라면 이 주변의 철창 감옥에 갇힌 사람들을 구할 수 있겠다고 하는 브로스.
어서 감옥문을 열어 그들을 탈출시키자고 한다."
table_quest_text_data.rdf	109011	[metatag = 5]0
table_quest_text_data.rdf	109012	[metatag = 5]431.3
table_quest_text_data.rdf	109103	[metatag = 5]2
table_quest_text_data.rdf	109106	"[metatag = 5]각 식량 컨테이너는 본부 지역 곳곳에 널려 있습니다.
이것을 클릭하면 사라지며 레드팬츠군 식량을 얻을 수 있게 됩니다.

식량 컨테이너 오브젝트 대사

성공/실패

퀘스트 수락 후"
table_quest_text_data.rdf	109110	"[metatag = 5]군대에게 가장 중요한 것 중에 하나가 식량이라고 말하며, 지금도 서쪽 도시로부터의 식량 및 보급품의 전달이 원활하지 못해 자신들도 고생 중이라고 말한다.
그리고 레드팬츠군들의 식량을 빼앗을 수 있다면 아군에게 도움이 되고 적들에게는 곤란을 끼치게 할 수 있다면서 각 지역에 널려 있는 식량 컨테이너를 조사하고 그 식량을 빼앗아 달라고 한다."
table_quest_text_data.rdf	109111	[metatag = 5]0
table_quest_text_data.rdf	109112	[metatag = 5]634.48
table_quest_text_data.rdf	109203	[metatag = 5]2
table_quest_text_data.rdf	109206	"[metatag = 5]기존에 배치되어 있는 첩보원 코네리의 폭파포인트를 첩보원 무어의 폭파포인트로 수정합니다.
퀘스트를 수락하면 첩보원 무어가 주는 폭탄이 인벤에 들어오고 그것을 각 폭파 포인트에 설치한 후에 일정 시간이 지나면 폭파포인트가 폭발합니다.

첩보원 무어의 폭파 포인트 오브젝트 대사

성공/실패

퀘스트 수락 후"
table_quest_text_data.rdf	109210	[metatag = 5]그동안 레드팬츠군이 세계 각지에서 약탈한 물자들이 선적되어 있는 창고가 있다면서 마침 그 앞에는 기계들을 이용하는데 필요한 프라늄들이 쌓여 있으니 유저가 그곳에 폭탄을 설치하고 물자 창고를 파괴해 달라고 부탁한다.
table_quest_text_data.rdf	109211	[metatag = 5]0
table_quest_text_data.rdf	109212	[metatag = 5]864.46
table_quest_text_data.rdf	109230	"[metatag = 7][object = ""217""]"
table_quest_text_data.rdf	109303	[metatag = 5]3
table_quest_text_data.rdf	109306	"[metatag = 5]본 장군과 미세스 본이 배치되어 있는 장소 한켠에 사람을 가두고 에너지를 뽑아내는 키리 추출 장치를 만들어 배치합니다.
그것을 유저가 조사하면 창백한 얼굴의 집단이 스폰되어 네놈은 누구냐?라는 식의 대사와 함께 유저를 공격합니다.

창백한 얼굴의 집단 미니 나레이션

유저는 레드팬츠군이 아니라고 하면서 설사 레드팬츠군이더라도 비밀 유지를 위해 죽어줘야겠다는 식의 대사와 미세스 본을 언급하는 등의 내용의 대사를 합니다.

퀘스트 수락 후

(일반 kill 퀘스트로 내용 수정함)"
table_quest_text_data.rdf	109310	"[metatag = 5]이제 레드팬츠군의 총수인 본 장군을 상대해야 하는데 본 장군의 거처에는 그의 근위병들이 득실거리고 있다.
최대한 그 근위병들의 수를 줄이지 않는다면 본 장군과의 전투에 큰 방해가 될 것이다."
table_quest_text_data.rdf	109311	[metatag = 5]0
table_quest_text_data.rdf	109312	[metatag = 5]515.98
table_quest_text_data.rdf	109313	[metatag = 5]3
table_quest_text_data.rdf	109403	[metatag = 5]2
table_quest_text_data.rdf	109406	"[metatag = 5]탬버린 캠프의 김바와 CC 현지 연구소의 키소 부장을 거쳐 서쪽 도시의 쫄랑 시장에게 가면 퀘스트 완료.

김바, 키소 부장 visit 대사

김바는 결국 레드팬츠군은 무너졌는가 하며 의미심장하게 말하고, 키소 부장은 자신들의 특수병기로 레드팬츠군을 쓰러뜨리지 못해 분해하지만 유저의 능력을 높이 평가합니다.

퀘스트 수락 후"
table_quest_text_data.rdf	109410	"[metatag = 5]이제 레드팬츠군을 멸망시킨 희소식을 서쪽도시와 주요인물들에게 알려줘야 한다.
레드팬츠군 괴멸의 일등공신인 유저에게 피곤하겠지만 좀 수고해달라고 한다."
table_quest_text_data.rdf	109411	[metatag = 5]0
table_quest_text_data.rdf	109412	[metatag = 5]686.54
table_quest_text_data.rdf	109501	"[metatag = 5][place = ""100108000""]"
table_quest_text_data.rdf	109503	[metatag = 5]1
table_quest_text_data.rdf	109510	"[metatag = 5]유저가 자신에게 맡겼던 운석의 분석 결과가 드디어 나왔다고 한다.
운석은 과거 웨스트랜드를 침략했던 프리더 및 프리더 잔당이 남긴 외계 물질과 동일한 물질을 함유하고 있다고 하며 이것은 곧 지구에 그 외계 세력들이 언제 또 침략해올지 모른다는 단서이다.
유저가 공공의 평화를 위한 일을 하고 있다면 야호이 동부 지역으로 이동해보는 게 어떨까 하는데... 야호이 동부로 가기 위해서는 탬버린 캠프를 지나 북동쪽으로 이동해야 하며 중간에 시몬 캠프라는 곳이 있는 것을 확인할 수 있을 것이라고 한다."
table_quest_text_data.rdf	109511	[metatag = 5]0
table_quest_text_data.rdf	109512	[metatag = 5]680.04
table_quest_text_data.rdf	109601	"[metatag = 5][place = ""100108000""]"
table_quest_text_data.rdf	109603	[metatag = 5]1
table_quest_text_data.rdf	109610	"[metatag = 5]가넷 천문대에서 다른 알 수 없는 비행체가 야호이 동부 지역으로 이동했다는 소식이 들어왔다면서 혹시 과거에 웨스트랜드를 침략했던 프리더 잔당과 연관이 있을 가능성도 있다고 한다.
일단 야호이 동부로 가기 위한 북쪽의 길목에 있는 시몬 캠프에도 주민들이 살고 있으니 이 소식을 알려주는 게 어떨까 한다."
table_quest_text_data.rdf	109611	[metatag = 5]0
table_quest_text_data.rdf	109612	[metatag = 5]702.48
table_quest_text_data.rdf	109701	"[metatag = 5][place = ""100108000""]"
table_quest_text_data.rdf	109703	[metatag = 5]2
table_quest_text_data.rdf	109711	[metatag = 5]0
table_quest_text_data.rdf	109712	[metatag = 5]824.64
table_quest_text_data.rdf	109801	"[metatag = 5][place = ""100108000""]"
table_quest_text_data.rdf	109803	[metatag = 5]2
table_quest_text_data.rdf	109810	"[metatag = 5]주위에 잔뜩 서식하는 꼬끼오꼬들이 요즘 이상하다.
왠지 남는 작물들을 모이로 줘도 잘 먹지도 않고 어떨 때는 너무 사납게 굴어서 사람을 공격하기도 한다.
아무래도 계속 가만히만 있다가는 사람들이 다칠지도 모른다.
유저가 꼬끼오꼬들을 좀 혼내달라."
table_quest_text_data.rdf	109811	[metatag = 5]0
table_quest_text_data.rdf	109812	[metatag = 5]1278.54
table_quest_text_data.rdf	109901	"[metatag = 5][place = ""100108000""]"
table_quest_text_data.rdf	109903	[metatag = 5]2
table_quest_text_data.rdf	109910	[metatag = 5]에코에게 이야기는 들었지만 자신이 볼 때는 꼬끼오꼬의 난폭함은 이 근처에 레드팬츠군 탈주병들이 나타나면서부터 시작되었다고 한다. 탈주병들이 더 이상 레드팬츠군의 지원을 받지 못해 야생 꼬끼오꼬들을 사육하거나 잡아먹기 위해 괴롭히고 있고 그 결과 꼬끼오꼬들이 사납게 되어버린 것이다. 꼬끼오꼬를 괴롭히는 팬더 조류 조련사를 퇴치하자.
table_quest_text_data.rdf	109911	[metatag = 5]0
table_quest_text_data.rdf	109912	[metatag = 5]523.26
table_quest_text_data.rdf	110001	"[metatag = 5][place = ""100108000""]"
table_quest_text_data.rdf	110003	[metatag = 5]3
table_quest_text_data.rdf	110011	[metatag = 5]0
table_quest_text_data.rdf	110012	[metatag = 5]765.66
table_quest_text_data.rdf	110013	[metatag = 5]1
table_quest_text_data.rdf	110101	"[metatag = 5][place = ""100108000""]"
table_quest_text_data.rdf	110103	[metatag = 5]1
table_quest_text_data.rdf	110106	"[metatag = 5]우당탕 스폿을 조사하면 주변에 브레이크배트 항공대나 매드옥스 공병대가 스폰되어 공격하지만 우당탕 스폿이 폭발하면 그것에 놀라 모두 도망갑니다.

우당탕 스폿 오브젝트 대사

성공/실패

연출 대사

레드팬츠군 등장시 대사

퀘스트 수락 후"
table_quest_text_data.rdf	110110	"[metatag = 5]자신은 아메시스트 지구에 있는 본 할아버지와 막역한 사이라고 한다.
그리고 톡톡스톤이라는 것을 알고 있냐고 물어보며 그것은 호이포이 스톤을 가루낸 것으로 그것에 충격을 주면 상당한 폭발효과를 일으킬 수 있다고 한다.
그동안은 재미로 톡톡스톤을 조금씩 꺼내 터뜨리는 것 뿐이었는데 최근에 레드팬츠군의 잔당이 이 근처에 주둔해서 귀찮은 일이 이만저만이 아니라며 자신이 레드팬츠군 사이에 그 톡톡스톤을 담은 우당탕 스폿을 갖다놓았으니 유저가 그것을 폭발시켜줄 것을 요청한다."
table_quest_text_data.rdf	110111	[metatag = 5]0
table_quest_text_data.rdf	110112	[metatag = 5]783.84
table_quest_text_data.rdf	110121	"[metatag = 5][object = ""216""]"
table_quest_text_data.rdf	110123	"[metatag = 5][object = ""216""]"
table_quest_text_data.rdf	110125	"[metatag = 5][object = ""216""]"
table_quest_text_data.rdf	110201	"[metatag = 5][place = ""100108000""]"
table_quest_text_data.rdf	110203	[metatag = 5]1
table_quest_text_data.rdf	110210	"[metatag = 5]분명 자기가 보기엔 그 알 수 없는 비행체들이 야호이 동부로 날아간 것 같은데 확신을 하기엔 아직 이르다.
비행체가 야호이 동부로 날아간 것을 자기 외에 또 본 사람이 있을 것이다.
야호이 동부로 가는 길목에 있는 네드 캠프에 있는 농부 네드에게도 한번 더 물어보는 것이 좋을 것 같다."
table_quest_text_data.rdf	110211	[metatag = 5]0
table_quest_text_data.rdf	110212	[metatag = 5]127.95
table_quest_text_data.rdf	110301	"[metatag = 5][place = ""100108000""]"
table_quest_text_data.rdf	110303	[metatag = 5]1
table_quest_text_data.rdf	110310	"[metatag = 5]약간 더 북쪽에는 자신의 절친한 친구인 래디쉬가 사는데 그곳은 이곳보도 더 레드팬츠군의 잔당이 판을 치고 있다고 한다.
강해보이는 유저가 도움이 되어주었으면 좋겠다며 자신이 써주는 소개장을 들고 래디쉬에게 가봐달라고 한다."
table_quest_text_data.rdf	110311	[metatag = 5]0
table_quest_text_data.rdf	110312	[metatag = 5]497.88
table_quest_text_data.rdf	110401	"[metatag = 5][place = ""100108000""]"
table_quest_text_data.rdf	110403	[metatag = 5]1
table_quest_text_data.rdf	110406	"[metatag = 5]피리풀 오브젝트 대사

성공/실패

퀘스트 수락 후"
table_quest_text_data.rdf	110410	"[metatag = 5]자신의 딸 로디에게 피리를 만들어주려고 하는데 그러기 위해선 이 근처에 나는 피리풀이 필요하다.
유저에게 피리풀을 최대한 많이 구해와 달라고 하는 누트."
table_quest_text_data.rdf	110411	[metatag = 5]0
table_quest_text_data.rdf	110412	[metatag = 5]414.96
table_quest_text_data.rdf	110501	"[metatag = 5][place = ""100108000""]"
table_quest_text_data.rdf	110503	[metatag = 5]2
table_quest_text_data.rdf	110510	"[metatag = 5]자신의 남편인 네드는 본래 서쪽도시의 경비대 출신으로 은퇴한 뒤 조용히 살고 싶었지만 레드팬츠군 잔당이 요근래 나타나 골머리를 썩고 있어 불쌍하다고 한다.
경비대 시절도 모자라 농사일을 하면서도 이런 곤란을 겪게 된 자신의 남편을 도와달라며 주변에 돌아다니는 날아다닌 레드팬츠군을 좀 쫓아달라고 부탁한다."
table_quest_text_data.rdf	110511	[metatag = 5]0
table_quest_text_data.rdf	110512	[metatag = 5]433.74
table_quest_text_data.rdf	110601	"[metatag = 5][place = ""100108000""]"
table_quest_text_data.rdf	110603	[metatag = 5]3
table_quest_text_data.rdf	110610	"[metatag = 5]이곳에 주둔한 레드팬츠군의 리더는 박쥐 인간인 날라리 기장이라고 하면서 가끔씩 같은 빨간 팬티를 입은 수인들과 싸우는 것으로 보아 레드팬츠군을 탈주한 수인들을 잡아들이는 일을 하고 있는 것 같다.
하지만 본성은 못 속인다고 그 뿐 아니라 이 농장 지대를 장악하려는 움직임도 보이고 있다며 어떻게든 날라리 기장을 쓰러뜨려야 한다.
날라리 기장을 쓰러뜨리고 그 증거를 시몬에게 가져가면 인정을 받을 수 있을 것이다."
table_quest_text_data.rdf	110611	[metatag = 5]0
table_quest_text_data.rdf	110612	[metatag = 5]1064.4
table_quest_text_data.rdf	110613	[metatag = 5]1
table_quest_text_data.rdf	110701	"[metatag = 5][place = ""100108000""]"
table_quest_text_data.rdf	110703	[metatag = 5]3
table_quest_text_data.rdf	110710	"[metatag = 5]웨스트랜드의 증가하는 거주민들을 위해 이 곳 크리스탈 지구도 한창 개간할 농지를 늘리고 있고, 그것을 위해 서쪽도시의 지원으로 온 공사 로봇이 한대 있었다.
하지만 과도한 노동으로 그것이 고장난 이후부터는 아직까지 별 다른 지원이 없는 중이지만, 어느 순간 로봇이 다시 움직이기 시작했는데 개간작업이 아니라 반대로 기존의 농지를 파괴하는 해체작업을 하고 있다면서 유저는 왠지 기계나 기술에 박식할 것 같으니 그것을 제발 멈춰달라고 한다."
table_quest_text_data.rdf	110711	[metatag = 5]0
table_quest_text_data.rdf	110712	[metatag = 5]870.5
table_quest_text_data.rdf	110713	[metatag = 5]1
table_quest_text_data.rdf	110801	"[metatag = 5][place = ""100108000""]"
table_quest_text_data.rdf	110803	[metatag = 5]1
table_quest_text_data.rdf	110806	"[metatag = 5]오렌지밭에 들러 크리스탈 오렌지와 크리스탈 포도를 수확합니다.

크리스탈 오렌지, 크리스탈 포도 오브젝트 대사

성공/실패

퀘스트 수락 후"
table_quest_text_data.rdf	110810	[metatag = 5]과수원의 작물을 한창 수확할 때가 되었다며 자신은 이제 나이가 많아 좀 힘이드니 유저에게 도움을 청한다.
table_quest_text_data.rdf	110811	[metatag = 5]0
table_quest_text_data.rdf	110812	[metatag = 5]648.78
table_quest_text_data.rdf	110903	[metatag = 5]2
table_quest_text_data.rdf	110910	"[metatag = 5]이 지역의 샌드 사우르스라는 놈들은 유독 빛에 대해 공격성을 가지고 있어 이 시간의 균열에 몰려들어 자신을 공격해댄다고 한다.
그러다가 시간의 균열에 빨려들어가는 놈들도 있지만 그럼에도 불구하고 공격을 멈추지 않는 단순한 놈들이다.
샌드 사우르스를 유저가 좀 혼내줘라"
table_quest_text_data.rdf	110911	[metatag = 5]0
table_quest_text_data.rdf	110912	[metatag = 5]450
table_quest_text_data.rdf	111003	[metatag = 5]2
table_quest_text_data.rdf	111010	"[metatag = 5]이 지역에 시간의 균열이 있는 것은 어쩔 수 없는 일이지만 그 때문에 타임머신에 흙먼지가 잔뜩 끼고 거기다 사막 카멜버드의 깃털까지 날려 기계에 악영향을 주며 수리하는 시간도 너무 오래 걸린다고 불평을 한다.
이런 일을 대비해 자신의 손재주를 빌어 카멜버드들을 쫓아내기 위한 시끌시끌 확성기라는 물건을 만들었는데 자신은 기계들을 돌보기 위해 자리를 비울 수 없다며 이것을 유저가 사용하여 주변의 카멜 버드를 쫓아내주었으면 한다."
table_quest_text_data.rdf	111011	[metatag = 5]0
table_quest_text_data.rdf	111012	[metatag = 5]450
table_quest_text_data.rdf	111103	[metatag = 5]2
table_quest_text_data.rdf	111110	"[metatag = 5]이 영화 스튜디오의 접수원인 접수원 켈리는 스탭들의 주거 및 모든 편의 생활까지 책임져야 하는 입장이다.
그런데 얼마 전부터 일꾼으로 부리던 로봇들이 이상한 반응을 보이며 짓고 있던 집과 건물들을 오히려 파괴하는 등의 행동을 보인다.
이러다가는 로봇들이 이 스튜디오까지 부수려할지 모른다며 로봇들의 파괴를 부탁한다."
table_quest_text_data.rdf	111111	[metatag = 5]0
table_quest_text_data.rdf	111112	[metatag = 5]600
table_quest_text_data.rdf	111203	[metatag = 5]1
table_quest_text_data.rdf	111210	"[metatag = 5]최근 이 근처에 정체를 알 수 없는 도둑들이 극성이다.
곧 스튜디오 시연을 녹화해야 하는데 사용해야 할 촬영장비들을 도둑맞았다고 하면서 더 이상은 못 참겠다고 한다.
근처에 이 지역의 치안을 담당하는 스폴 경찰관이 있으니 그에게 이 사실을 전해달라."
table_quest_text_data.rdf	111211	[metatag = 5]0
table_quest_text_data.rdf	111212	[metatag = 5]95
table_quest_text_data.rdf	111303	[metatag = 5]2
table_quest_text_data.rdf	111310	"[metatag = 5]그렇다! 왜 자신은 지금까지 그런 도둑질을 하는 것이 사람일 것이라고 생각했는지 모르겠다고 한다.
이 근처엔 캡슐 코퍼레이션에서 파견된 로봇들이 많이 있다.
혹시라도 그 로봇들이 사람들의 물건을 훔치는게 아닐까? 라고 하면서 다른 사람에게 부탁하면 정신 나갔다는 소리를 들을 것 같으니 이해심이 많아 보이는 유저가 로봇들을 닥달해달라고 부탁한다.
혹시라도 로봇에게서 뭔가 발견할 수 있을지도 모른다."
table_quest_text_data.rdf	111311	[metatag = 5]0
table_quest_text_data.rdf	111312	[metatag = 5]480
table_quest_text_data.rdf	111403	[metatag = 5]1
table_quest_text_data.rdf	111410	"[metatag = 5]그러고보니 캡슐 코퍼레이션 출신 엔지니어가 얼마 전 이곳에 이주해 왔다는 소리를 들었다고 한다.
이름은 잘 모르겠으니 그에게 이 방송용 기계 부품을 한번 보여주는 것이 어떻겠나 물어본다."
table_quest_text_data.rdf	111411	[metatag = 5]0
table_quest_text_data.rdf	111412	[metatag = 5]445
table_quest_text_data.rdf	111503	[metatag = 5]2
table_quest_text_data.rdf	111506	[metatag = 5]외톨이 내맘대로보 스폰되면 유저를 향해 공격!
table_quest_text_data.rdf	111510	"[metatag = 5]도둑 내맘대로보가 훔쳤다던 방송 기계 부품은 그들에 의해서 이상하게 개조되어 있다고 하며 로봇들이 기본적인 기계의 수리를 위한 인공지능을 가지고 있지만 이것은 어떤 용도로 만들어진 것인지 알 수가 없겠다고 한다.
그리고 자신이 로봇에 부착할 수 있게 해놓았았으니 이것을 다른 로봇들에 비해 얌전한 외톨이 내맘대로보에게 부착시켜 보라고 한다."
table_quest_text_data.rdf	111511	[metatag = 5]0
table_quest_text_data.rdf	111512	[metatag = 5]800
table_quest_text_data.rdf	111603	[metatag = 5]2
table_quest_text_data.rdf	111606	[metatag = 5]셀링 옛터 주변에 해당 재배맨들을 배치합니다.
table_quest_text_data.rdf	111610	"[metatag = 5]이 스튜디오의 서쪽에는 그 옛날 미스터 사탄이 무법자 셀과 격전을 치르던 셀링 옛터라는 장소가 있다.
미스터 사탄의 일대기는 호이포이 시네마의 가장 큰 성공요인이었다면서 요즘은 그런 흥행에 길들여져 그런 역사에 대한 경배를 잃어가고 있다.
그 증거로 셀링 옛터 역시 황무지 한 가운데 제대로 보존하지 않고 방치하고 있다며 요즘은 그런 가운데에도 재배맨들이 그 근처에 생겨나 더욱 안 좋은 모습을 보이고 있다.
유저에게 그 재배맨들을 제거해달라고 부탁한다."
table_quest_text_data.rdf	111611	[metatag = 5]0
table_quest_text_data.rdf	111612	[metatag = 5]400
table_quest_text_data.rdf	111703	[metatag = 5]3
table_quest_text_data.rdf	111706	"[metatag = 5]패주 기리리 장교를 잡으면 유저가 말풍선으로 보통 레드팬츠군보다 훨씬 강했다…라는 식의 대사를 합니다.

연출 대사

이전의 레드팬츠군들보다 훨씬 강했다!

퀘스트 수락 후"
table_quest_text_data.rdf	111710	"[metatag = 5]레드팬츠군의 본부가 괴멸되었다는 소식을 들었는데 이 근처에 서성이는 레드팬츠군이 있다는 제보가 들어왔다며 유저가 그를 쫓아내주기를 바란다.
"
table_quest_text_data.rdf	111711	[metatag = 5]0
table_quest_text_data.rdf	111712	[metatag = 5]1100
table_quest_text_data.rdf	111713	[metatag = 5]1
table_quest_text_data.rdf	111803	[metatag = 5]3
table_quest_text_data.rdf	111810	"[metatag = 5]영화 촬영에 몰두하다보니 자신의 격투 실력이 줄어든 것을 염려해 얼마 전 구형 로봇을 스파링 상대로 격투 연습을 했었다는 다이몬.
하지만 적당하게 상대할 줄 알았던 폭주 구형 로봇은 왠일인지 엄청나게 난폭해져 있었다며 적당히 그만두고 도망쳤으니 망정이지 그대로 계속 싸웠다면 병원 신세를 졌을 것이라… 고 말하다가 그래도 내가 이기긴 이겼겠지… 라는 식의 말을 한다.
그리고 마침 전사로서의 수련을 행하고 있는 유저에게 부탁할 게 있다며 아무래도 폭주 구형 로봇이 난폭해진 원인에 대해 알고 싶으니 유저가 폭주 구형 로봇을 상대로 수련하다가 어떤 증거라도 구하게 되면 그것을 엔지니어인 코트니에게 가져가 보라고 한다."
table_quest_text_data.rdf	111811	[metatag = 5]0
table_quest_text_data.rdf	111812	[metatag = 5]490
table_quest_text_data.rdf	111813	[metatag = 5]1
table_quest_text_data.rdf	111903	[metatag = 5]3
table_quest_text_data.rdf	111906	[metatag = 5]퀘스트를 수락하면 범인 구속 장치가 유저에게 장착이 되고 그것을 착용 후 반역자 배트를 잡으면 반역자 배트가 포박되어 드랍됩니다.
table_quest_text_data.rdf	111910	"[metatag = 5]마침 캡슐 코퍼레이션의 한 연구처에서 그 강해진 레드팬츠군에 대해 조사하고 싶다는 전달이 왔었다고 한다.
패주 기리리 장교 이외에 또 다른 레드팬츠군의 수인이 있을 것이다. 그를 찾아 사로잡아달라고 한다.
자신이 주는 범인 구속 장치를 사용하면 되며 그렇게 잡은 녀석을 디그 캠프의 도우 연구원에게 전해주라고 한다."
table_quest_text_data.rdf	111911	[metatag = 5]0
table_quest_text_data.rdf	111912	[metatag = 5]2000
table_quest_text_data.rdf	111913	[metatag = 5]1
table_quest_text_data.rdf	112003	[metatag = 5]3
table_quest_text_data.rdf	112010	"[metatag = 5]얼마 전 어떤 사나운 수인이 스튜디오를 찾아와 자신은 강자를 찾아 떠도는 도장파괴자라며 다이몬과의 싸움을 추진하고 싶다고 한다.
하지만 그 수인은 분명 다이몬보다 강해 보여 염려가 된다.
만약 다이몬이 진다면 그의 명성에 흠집이 갈 것이고 미스터 사탄을 소재로 한 이번 영화에도 타격이 될 것이며 그에 따라 자신도 실업자 신세가 될지 모른다.
어떻게든 자기 선에서 그 수인을 해결하고 싶다."
table_quest_text_data.rdf	112011	[metatag = 5]0
table_quest_text_data.rdf	112012	[metatag = 5]60
table_quest_text_data.rdf	112013	[metatag = 5]1
table_quest_text_data.rdf	112103	[metatag = 5]3
table_quest_text_data.rdf	112106	[metatag = 5]퀘스트를 수락하면 촬영장 주변에 천하제일 무도회 엑스트라가 스폰됩니다.
table_quest_text_data.rdf	112110	"[metatag = 5]곧 천하제일 무도회 장면의 촬영에 들어간다고 하는 피칼.
근데 어렵게 엑스트라로 고용한 수인들이 최근 말을 잘 안 듣는다며 오히려 애초에 계약했던 것보다 더 무리한 요구까지 하고 있어 골치가 아프다.
그리고 최근엔 계약한 계약서까지 날조하여 자신들이 주인공이 되어야 하는 등 더 좋은 조건을 계약을 하려고까지 한다.
어떻게든 그 수인들로부터 최초의 계약서를 빼앗을 순 없을까?"
table_quest_text_data.rdf	112111	[metatag = 5]0
table_quest_text_data.rdf	112112	[metatag = 5]60
table_quest_text_data.rdf	112203	[metatag = 5]1
table_quest_text_data.rdf	112210	"[metatag = 5]로봇의 엔진이 어떻게 이렇게 변형되었을까 아무리 자신이라도 감이 잡히질 않는다.
하지만 자신이 신뢰하는 호이포이 폐광의 윈 연구원이라면 분명 무언가 알아낼 수 있을 것이다."
table_quest_text_data.rdf	112211	[metatag = 5]0
table_quest_text_data.rdf	112212	[metatag = 5]2332
table_quest_text_data.rdf	112303	[metatag = 5]3
table_quest_text_data.rdf	112310	"[metatag = 5]자신은 머쉬룸 록스 지방에서 웨스트랜드로 여행중에 와일드 판초 졸병이라는 녀석들에게 짐가방을 강탈당했다고 한다.
정정당당히 싸웠으면 지지않았을텐데 와일드 판초 졸병이라는 녀석들은 제법 이 일대의 지형을 상당히 잘 파악하고 있는 도적들인 것 같다며 어떻게든 그 가방을 되찾지 못하면 길을 떠나지 못하는데 어떡하지?하고 걱정한다."
table_quest_text_data.rdf	112311	[metatag = 5]0
table_quest_text_data.rdf	112312	[metatag = 5]500
table_quest_text_data.rdf	112313	[metatag = 5]1
table_quest_text_data.rdf	112403	[metatag = 5]1
table_quest_text_data.rdf	112410	"[metatag = 5]유저가 찾아준 것은 자신의 가방이 맞긴 한데 가방 안에 처음보는 이상한 물건도 같이 보관되어져 있다.
자신의 오랜 여행경험에 의한 예감으로 이 물건은 좀 위험한 것 같다고 말하는 지프지프.
주변의 경찰이나 경비원이 있으면 전해주는게 어떨까 한다."
table_quest_text_data.rdf	112411	[metatag = 5]0
table_quest_text_data.rdf	112412	[metatag = 5]435
table_quest_text_data.rdf	112503	[metatag = 5]3
table_quest_text_data.rdf	112510	"[metatag = 5]판초란 놈들이 이런 물건을 가지고 있다니! 아무래도 확실한 증거를 위해 다른 판초들을 조사해볼 필요가 있다.
이번엔 싸움꾼 와일드 판초를 잡고 그 녀석들이 이와 같은 물건을 가지고 있으면 가져다 달라고 한다."
table_quest_text_data.rdf	112511	[metatag = 5]0
table_quest_text_data.rdf	112512	[metatag = 5]1000
table_quest_text_data.rdf	112513	[metatag = 5]1
table_quest_text_data.rdf	112603	[metatag = 5]3
table_quest_text_data.rdf	112610	"[metatag = 5]판초같은 도적떼들에게는 분명 두목이 있을 것이다.
아무래도 제대로 된 정보를 알아내기 위해서는 부하들보단 두목을 잡아 물어보는 것이 가장 빠르다.
보스 판초를 잡아 불법 무기에 대한 정보를 캐내자."
table_quest_text_data.rdf	112611	[metatag = 5]0
table_quest_text_data.rdf	112612	[metatag = 5]540
table_quest_text_data.rdf	112613	[metatag = 5]1
table_quest_text_data.rdf	112703	[metatag = 5]3
table_quest_text_data.rdf	112706	[metatag = 5]스폰
table_quest_text_data.rdf	112710	"[metatag = 5]천하제일 무도회 세트장에 귀신이 나온다.
그 소문에 모든 스탭과 배우들이 다 무서움에 떨고 있다며 자신은 유령따위 믿지 않지만 그래도 그 옆에 있는 화장실을 사용하기가 곤란하니 유저가 그를 퇴치해 주기를 기대한다.
"
table_quest_text_data.rdf	112711	[metatag = 5]0
table_quest_text_data.rdf	112712	[metatag = 5]476
table_quest_text_data.rdf	112713	[metatag = 5]1
table_quest_text_data.rdf	112803	[metatag = 5]1
table_quest_text_data.rdf	112810	"[metatag = 5]이 스튜디오의 프로듀서인 제임스는 언제나 새로운 신인배우의 발굴에 열을 올리고 있다면서 이번에도 새로운 액션 배우 하나를 발견했다고 한다.
그리고 곧 현재 최고의 액션배우인 자신과 액션 시합을 벌여 이기는 쪽을 차기 프로젝트에 등용할 예정이라고 한다.
그리고 자신이 못 이길 일은 없겠지만 만일에 대비해 상대가 야비한 일을 저지를 수도 있으니 그에 대한 방지책을 접수원 켈리에게 전해놨다고 한다. 자신의 메모를 접수원 켈리에게 전해달라."
table_quest_text_data.rdf	112811	[metatag = 5]0
table_quest_text_data.rdf	112812	[metatag = 5]45
table_quest_text_data.rdf	112903	[metatag = 5]2
table_quest_text_data.rdf	112910	"[metatag = 5]자신은 호이포이 시네마의 직원이긴 하지만 영화촬영이 아닌 세트 및 촬영에 필요한 기반을 제작하는 담당자라고 한다.
미스터 사탄 일대기의 최대 하이라이트이자 가장 큰 신비감에 둘러싸져 있는 셀 게임의 영화화가 차기 프로젝트로 내정되어 있다며 자신은 미리 그 세트의 제작을 시작해야 한다.
하지만 새로운 세트의 거점을 구축하는 것은 여러가지로 매우 힘든 일이다.
일단 현재는 주변에 황무지 모래 도마뱀이란 녀석들이 어슬렁거려 세트의 견적을 내는 것 조차 힘이 드니 유저가 이 녀석들을 쫓아내달라."
table_quest_text_data.rdf	112911	[metatag = 5]0
table_quest_text_data.rdf	112912	[metatag = 5]400
table_quest_text_data.rdf	113003	[metatag = 5]1
table_quest_text_data.rdf	113010	"[metatag = 5]셀 게임의 주인공은 단연 현재 저쪽에서 천하제일 무도회 장면을 촬영 중인 미스터 사탄 역의 다이몬이지만 그 외에도 미스터 사탄의 주적으로 등장하는 셀과, 당시 미스터 사탄이 셀을 해치우기 이전 셀을 상당히 고전에 빠뜨렸다고 전해 들려오는 알 수 없는 소년(오반)과 같은 조연들도 필요하다.
셀 배역은 체격이 큰 일반 액션 전문 배우가 분장을 해서 연기를 할 예정이지만 셀과 싸운 그 소년만큼 강한 이미지의 아역 배우는 구하기가 쉽지 않다.
유저가 어딘가에서 그런 소년을 발견한다면 꼭 좀 자신에게 데리고 와 달라."
table_quest_text_data.rdf	113011	[metatag = 5]0
table_quest_text_data.rdf	113012	[metatag = 5]505
table_quest_text_data.rdf	113103	[metatag = 5]3
table_quest_text_data.rdf	113106	[metatag = 5]유저가 벤코가 있는 방향으로 이동하면 고아소년 류크가 따라옵니다. 도중에 주변에서 샌드사우르스와 황무지 바위 도마뱀이 등장하여 고아소년 류크와 유저를 공격합니다.
table_quest_text_data.rdf	113110	"[metatag = 5]내가 강해 보인다구? 뭐 지금까지 혼자서 살아왔으니까 그렇게 보이는게 아닐까 한다,
그리고 영화배우가 되보지 않겠느냐는 권유에 자신은 잘 모르겠지만 배불리 먹을 수 있을 정도의 돈을 벌 수 있는 일이라면 뭐든지 하겠다며 어디인지 모르니 자신을 그곳까지 데려다 달라고 한다."
table_quest_text_data.rdf	113111	[metatag = 5]0
table_quest_text_data.rdf	113112	[metatag = 5]505
table_quest_text_data.rdf	113203	[metatag = 5]2
table_quest_text_data.rdf	113206	[metatag = 5]반복용. 구 셀링 지역 곳곳에 널려 있는 질 좋은 돌덩어리를 총 5번 등에 지고 운반해서 테오에게 갖다 주어야 합니다.
table_quest_text_data.rdf	113210	"[metatag = 5]자신은 벤코와 함께 영화 셀 게임의 제작의 준비를 하고 있다.
애초에 셀이 폭탄을 사용하여 만들어낸 셀 게임장의 구덩이는 현재 그대로 보존되어 있지만 그것이 파괴되기 이전의 셀 게임 무대도 제작되어야 한다며 순수하고 반듯한 석판들을 조립하여 만들어진 무대를 위해서는 상당히 질이 좋은 돌들이 많이 필요하다.
다행히 이 셀링 지역의 돌의 품질은 세계에서 알아주지만 돌의 운반이 더할 나위없는 중노동임에도 불구하고 제대로 된 일꾼도 구하지 못하고 있어 난처한 실정…
유저는 힘이 좋아보이는데 자신을 좀 도와주지 않겠는가."
table_quest_text_data.rdf	113211	[metatag = 5]0
table_quest_text_data.rdf	113212	[metatag = 5]400
table_quest_text_data.rdf	113303	[metatag = 5]3
table_quest_text_data.rdf	113306	"[metatag = 5]퀘스트를 수락하면 신예 액션 배우가 스폰되며 유저를 발견하면 네가 다이몬이냐? 라고 하면서 몬스터로 스폰되어 공격합니다.
그를 이기면 퀘스트 완료"
table_quest_text_data.rdf	113310	"[metatag = 5]이런 일이 있을 줄 알고 유저에게 부탁할 일이 있다고 한다.
자신은 이미 다이몬과 싸울 신예 액션 배우에게 시합을 포기해 줄 것을 요청했지만 그 배우는 대스타가 되기로 이미 마음 먹었다면서 다이몬이란 녀석을 혼내 줄 준비가 되어 있다고 한다.
다행히 그 배우는 다이몬의 얼굴을 모르고 있으니 유저가 직접 다이몬이라고 속이고 그를 해결해 줄 것을 부탁한다.
그렇게 되면 제임스도 딴맘을 먹지 않게 될 것이다."
table_quest_text_data.rdf	113311	[metatag = 5]0
table_quest_text_data.rdf	113312	[metatag = 5]30
table_quest_text_data.rdf	113313	[metatag = 5]1
table_quest_text_data.rdf	113403	[metatag = 5]1
table_quest_text_data.rdf	113406	[metatag = 5]MushRoomNorth진입 퀘 
table_quest_text_data.rdf	113410	[metatag = 5]이렇게 빠듯한 촬영 일정이 계속될 때면 웨스턴 바의 맥주맛이 그리워진다며 유저도 술맛을 아는 나이라면 웨스턴 바에 가 보라고 권한다.
table_quest_text_data.rdf	113411	[metatag = 5]0
table_quest_text_data.rdf	113412	[metatag = 5]700
table_quest_text_data.rdf	113503	[metatag = 5]2
table_quest_text_data.rdf	113510	"[metatag = 5]서쪽 도시에서 주문한 영화 소품이 이곳 스튜디오에 도착하기도 전에 모두 도둑맞았다면서 목격자에 의하면 어떤 로봇 집단에 의해 강탈 당한 것이라고 한다.
유저가 그 로봇들을 물리쳐 달라."
table_quest_text_data.rdf	113511	[metatag = 5]0
table_quest_text_data.rdf	113512	[metatag = 5]430
table_quest_text_data.rdf	113603	[metatag = 5]1
table_quest_text_data.rdf	113610	"[metatag = 5]셀링 스튜디오의 제임스에게서 현재 세트 제작 현황을 알려달라는 연락이 왔다며 유저가 이 세트 설계도를 셀링 스튜디오에 전달해달라고 한다.
"
table_quest_text_data.rdf	113611	[metatag = 5]0
table_quest_text_data.rdf	113612	[metatag = 5]480
table_quest_text_data.rdf	113703	[metatag = 5]2
table_quest_text_data.rdf	113710	"[metatag = 5]머쉬룸 지방에 사는 재배맨들이 최근 웨스트랜드 쪽으로 이동하고 있는 것 같다.
하지만 이것은 자신같은 의복상에게는 희소식으로 요즘 잘 나가는 의복의 재료로 이 재배맨의 껍질이 사용되기 때문이다.
그 때문에 항상 일부러 머쉬룸 지역을 왕래했었는데 잘 되었다며 유저가 근처에 있는 코바늘 재배맨의 껍질을 좀 구해주지 않겠느냐 한다."
table_quest_text_data.rdf	113711	[metatag = 5]0
table_quest_text_data.rdf	113712	[metatag = 5]480
table_quest_text_data.rdf	113803	[metatag = 5]1
table_quest_text_data.rdf	113810	[metatag = 5]그러고보니 같은 상인인 키라리카도 재배맨이 필요하다든가… 했던 거 같은데 키라리카에게 함 가보도록 해라.
table_quest_text_data.rdf	113811	[metatag = 5]0
table_quest_text_data.rdf	113812	[metatag = 5]75
table_quest_text_data.rdf	113903	[metatag = 5]2
table_quest_text_data.rdf	113906	[metatag = 5]총 4대의 굴착로보로부터 굴착로보의 연료통을 수거해서 도우 연구원에게 가져갑니다.
table_quest_text_data.rdf	113910	"[metatag = 5]호이포이 폐광 지역은 이미 오래 전에 호이포이 스톤의 매장량이 거덜나서 모든 자원 추출 작업과 공사가 끝나 있는 상태다.
하지만 애초에 자원 추출 작업용으로 만들어진 로봇들은 폐기하지 않고 방치한 상태였는데, 분명 에너지가 바닥났을 것인 이 로봇들이 다시 움직이며 공사를 하고 있다고 한다.
어떻게 된 것인지 알고 싶으니 그 로봇으로부터 연료통을 떼어가지고 오라고 한다."
table_quest_text_data.rdf	113911	[metatag = 5]0
table_quest_text_data.rdf	113912	[metatag = 5]1770
table_quest_text_data.rdf	114003	[metatag = 5]2
table_quest_text_data.rdf	114006	[metatag = 5]재배맨 오일 추출기가 인벤에 들어오며 그것을 착용하고 꼬마 재배맨을 잡으면 꼬마 재배맨의 오일이 인벤에 들어옵니다.
table_quest_text_data.rdf	114010	"[metatag = 5]자신 역시 재배맨이 많이 필요하다고 하며 그 이유는 재배맨을 사용하여 고가의 선크림을 만들 수 있기 때문이라고 한다.
그렇게 만들어진 재배맨 선크림을 에메랄드 비치에 팔면 큰 수익을 얻을 수 있을 것이라며 유저에게 또 다른 재배맨을 잡고 그 오일을 짜내 구해주기를 요청한다.
자신이 주는 재배맨 오일 추출기를 가지고 싸우면 얻을 수 있을 것이다."
table_quest_text_data.rdf	114011	[metatag = 5]0
table_quest_text_data.rdf	114012	[metatag = 5]3300
table_quest_text_data.rdf	114103	[metatag = 5]1
table_quest_text_data.rdf	114110	"[metatag = 5]자신이 만든 재배맨 선크림을 시험 사용해볼 순간이 왔다.
그렇지 않아도 좋은 시험 대상이 있다면서 웨스턴 바에서 일하고 있는 아가씨들이 있으니 그들 중 하나에게 이것을 사용해보길 권해보라고 한다."
table_quest_text_data.rdf	114111	[metatag = 5]0
table_quest_text_data.rdf	114112	[metatag = 5]100
table_quest_text_data.rdf	114203	[metatag = 5]1
table_quest_text_data.rdf	114210	[metatag = 5]재배맨의 오일로 선크림을 만드는 기술 따위는 이미 서쪽 도시에서는 오래 전에 만들어진 것이라고 하면서 평범한 재배맨의 오일보다 좀 더 특별한 재배맨의 오일로 만든 선크림이 아니라면 절대 장사는 성공할 수 없을 거라고 한다.
table_quest_text_data.rdf	114211	[metatag = 5]0
table_quest_text_data.rdf	114212	[metatag = 5]100
table_quest_text_data.rdf	114303	[metatag = 5]2
table_quest_text_data.rdf	114310	"[metatag = 5]로봇이 연료가 없이 움직일리가 있나!
분명 로봇의 체내 어딘가에 대체 연료가 있을 것이라고 하는 도우 연구원
로봇을 파괴해서라도 그 대체 연료를 찾아보라."
table_quest_text_data.rdf	114311	[metatag = 5]0
table_quest_text_data.rdf	114312	[metatag = 5]1770
table_quest_text_data.rdf	114403	[metatag = 5]1
table_quest_text_data.rdf	114411	[metatag = 5]0
table_quest_text_data.rdf	114412	[metatag = 5]90
table_quest_text_data.rdf	114503	[metatag = 5]1
table_quest_text_data.rdf	114506	[metatag = 5]냉각수 조절계의 획득 확률을 낮게 설정해 주세요.
table_quest_text_data.rdf	114511	[metatag = 5]0
table_quest_text_data.rdf	114512	[metatag = 5]1770
table_quest_text_data.rdf	114603	[metatag = 5]3
table_quest_text_data.rdf	114611	[metatag = 5]0
table_quest_text_data.rdf	114612	[metatag = 5]90
table_quest_text_data.rdf	114703	[metatag = 5]3
table_quest_text_data.rdf	114711	[metatag = 5]0
table_quest_text_data.rdf	114712	[metatag = 5]90
table_quest_text_data.rdf	114803	[metatag = 5]1
table_quest_text_data.rdf	114811	[metatag = 5]0
table_quest_text_data.rdf	114812	[metatag = 5]90
table_quest_text_data.rdf	114903	[metatag = 5]2
table_quest_text_data.rdf	114906	[metatag = 5]굴착로보들이 배치된 주변에 탄광 찌꺼기 더미오브젝트를 설치하고 그것을 유저가 클릭하여 획득하면 주변에 굴착로보들이 스폰되어 유저를 공격합니다.
table_quest_text_data.rdf	114910	"[metatag = 5]분명 굴착로보를 통해 더 얻어낼 수 있는 무언가가 있을 것이다.
굴착로보의 행동을 유심히 조사하고 그들 주변에 다른 뭔가가 없는지 알아와달라고 한다.
"
table_quest_text_data.rdf	114911	[metatag = 5]0
table_quest_text_data.rdf	114912	[metatag = 5]1770
table_quest_text_data.rdf	115003	[metatag = 5]3
table_quest_text_data.rdf	115006	[metatag = 5]1152와 마찬가지로 오일 추출기를 가지고 거대 꼬마 재배맨을 사냥하면 거대 꼬마 재배맨의 오일을 획득합니다. 오일 추츨기 웨어
table_quest_text_data.rdf	115010	"[metatag = 5]평범한 재배맨이 아니라면 역시 특별한 재배맨으로 승부다!
그렇지 않아도 이 근처에는 거대 꼬마 재배맨이라는 특별한 재배맨이 있다고 들었으니 유저가 그 녀석을 찾아내 다시 한번 오일을 추출해달라."
table_quest_text_data.rdf	115011	[metatag = 5]0
table_quest_text_data.rdf	115012	[metatag = 5]2670
table_quest_text_data.rdf	115013	[metatag = 5]1
table_quest_text_data.rdf	115103	[metatag = 5]3
table_quest_text_data.rdf	115110	"[metatag = 5]선인장을 닮은 바늘 재배맨의 바늘은 멋진 악세서리를 만드는데 쓰인다.
하지만 그 재배맨들은 상당히 난폭하고 힘이 강해 그 바늘을 구하는 것은 그리 쉬운 일이 아니다.
하지만 얼마 전 웨스턴 바에서 같이 일하지만 그리 친하지 않은 캐서린이 바늘 재배맨의 바늘로 만든 귀고리를 구했다며 자랑했다고 한다.
그리고 절대 자신은 캐서린보다 멋진 귀고리를 구해야 한다며 유저에게 바늘 재배 그레이트의 바늘을 구해다 주길 요구한다."
table_quest_text_data.rdf	115111	[metatag = 5]0
table_quest_text_data.rdf	115112	[metatag = 5]800
table_quest_text_data.rdf	115113	[metatag = 5]1
table_quest_text_data.rdf	115203	[metatag = 5]3
table_quest_text_data.rdf	115206	[metatag = 5]오일 추츨기 웨어
table_quest_text_data.rdf	115210	"[metatag = 5]인적이 드물게 된 호이포이 스톤 폐광 지역에 레드팬츠군들의 잔당이 자리를 잡기 시작했다는 정보를 입수했다는 바소 경찰관.
북서부의 레드팬츠군 본부를 겨우 섬멸했는데 이 지역에 그들이 다시 모여 세력을 키우게 되면 곤란하다.
그래서 레드팬츠군 잔당 퇴치작전을 시작하려 하는데 보다시피 병력이 부족하다.
유저가 레드팬츠군 잔당 중에 일선에 배치된 녀석들을 일단 해결해주었으면 좋겠다고 한다."
table_quest_text_data.rdf	115211	[metatag = 5]0
table_quest_text_data.rdf	115212	[metatag = 5]2100
table_quest_text_data.rdf	115303	[metatag = 5]3
table_quest_text_data.rdf	115306	[metatag = 5]레드팬츠군 잔당 리더를 잡으면 퀘스트 아이템과 별도로 지저분한 메모장이 드롭 됩니다. 이 트리거 아이템은 이 퀘스트의 진행 여부와는 관계없이 드롭됩니다.
table_quest_text_data.rdf	115310	"[metatag = 5]레드팬츠군 잔당의 리더로 보이는 녀석이 포착되었다.
하지만 아무리 봐도 상당히 우둔해 보이는 수인인데 어떻게 세력을 모아 잔당을 이룰 수 있었을까.
뭔가 그 녀석만의 비밀이 있지 않을까 하며 유저가 레드팬츠군 잔당의 리더를 잡아 조사해보라고 한다."
table_quest_text_data.rdf	115311	[metatag = 5]0
table_quest_text_data.rdf	115312	[metatag = 5]2100
table_quest_text_data.rdf	115313	[metatag = 5]2
table_quest_text_data.rdf	115403	[metatag = 5]1
table_quest_text_data.rdf	115410	[metatag = 5]그렇지! 이 주변에서 기계에 대한 연구를 한다던 플리라는 청년이 있던데 그에게 한번 가져가보라.
table_quest_text_data.rdf	115411	[metatag = 5]0
table_quest_text_data.rdf	115412	[metatag = 5]180
table_quest_text_data.rdf	115503	[metatag = 5]3
table_quest_text_data.rdf	115510	"[metatag = 5]자신은 이제 모든 자원이 고갈되고 쓸모 없어진 이 호이포이 스톤 폐광 지역을 어떻게 다른 쓸모 있는 용도로 쓸 수 없을까 하고 서쪽 도시에서 시찰 나왔다고 한다.
그런데 생전 처음 보는 거대한 곤충이 이 주변을 어슬렁거리는 것을 보았다며 이 거대 곤충이 자신의 자동차 열쇠를 삼켜버려 서쪽 도시로 돌아가지도 못하고 있다고 한다."
table_quest_text_data.rdf	115511	[metatag = 5]0
table_quest_text_data.rdf	115512	[metatag = 5]440
table_quest_text_data.rdf	115513	[metatag = 5]1
table_quest_text_data.rdf	115603	[metatag = 5]2
table_quest_text_data.rdf	115606	[metatag = 5]퀘스트를 수락하면 유저의 인벤에 맥코이의 지도가 들어오며 전체맵에 X 포인트가 뜹니다.
table_quest_text_data.rdf	115610	"[metatag = 5]자신은 선조 때부터 이 토파즈 지구에서 호이포이 스톤의 채광일을 해왔다고 한다.
토파즈 지구의 호이포이 스톤의 매장량은 자신의 할아버지 대에서 끊어져서 자신은 전혀 광부일을 해본 적이 없다고 하지만 할아버지가 후손들의 생존을 위해 자신만의 비밀장소에다 호이포이 스톤을 보관했고 그 위치를 기록한 지도를 자신이 발견했다며 그것을 꼭 발견하고 싶다고 얘기한다.
자신은 이 주변의 지형이 도통 적응이 안되니 유저에게 좀 도와달라고 하는 맥코이"
table_quest_text_data.rdf	115611	[metatag = 5]0
table_quest_text_data.rdf	115612	[metatag = 5]780
table_quest_text_data.rdf	115703	[metatag = 5]3
table_quest_text_data.rdf	115706	"[metatag = 5]도우 연구원에게 visit 이후 퀘스트아이템 [questItem = ""1061""] 입수."
table_quest_text_data.rdf	115710	"[metatag = 5]아무리 자신이 연구를 위해 모든 걸 다 던진다고는 하지만 이 총을 사람에게 시험해볼 순 없다고 한다.
사람 크기의 적당한 생물이라면 대왕 재배맨의 정도가 적당하지 않을까 한다. 대왕 재배맨에게 이 무기를 사용하고 돌아오라."
table_quest_text_data.rdf	115711	[metatag = 5]0
table_quest_text_data.rdf	115712	[metatag = 5]370
table_quest_text_data.rdf	115721	"[metatag = 5][npc = ""1551101""]"
table_quest_text_data.rdf	115803	[metatag = 5]2
table_quest_text_data.rdf	115806	"[metatag = 5][object = ""331""]를 조사하면 [mob = ""8113113""] 스폰."
table_quest_text_data.rdf	115810	[metatag = 5]호이포이 스톤이 보관되어 있는 지점을 찾아내었지만 그곳은 이미 폐광될 때 유독가스같은 것이 새어나오지 못하도록 완전히 폐쇄해 놓았다고 하며 할아버지가 지도와 함께 남겨놓은 시동장치를 사용해야 한다고 했는데 자신은 어디에 사용해야할지 도무지 모르겠다고 말하고는 이번에도 유저에게 그것을 맡긴다.
table_quest_text_data.rdf	115811	[metatag = 5]0
table_quest_text_data.rdf	115812	[metatag = 5]780
table_quest_text_data.rdf	115813	[metatag = 5]1
table_quest_text_data.rdf	115903	[metatag = 5]2
table_quest_text_data.rdf	115906	[metatag = 5]공사용으로 쓰였던 목재 오브젝트를 호이포이 스톤 폐광지역에 배치하고 그것을 반복용으로 얻어오게 합니다. 나무 오브젝트를 가져가면 그 주변에 있던 굴착 로보가 항상 공격하러 쫓아옵니다. 
table_quest_text_data.rdf	115910	"[metatag = 5]이 마을에는 어디서 불어오는지 모르겠지만 항상 모래와 먼지가 섞인 바람이 항상 나부낀다며 언제나 모래먼지가 눈에 들어와 장사를 다 못할 지경이라고 한다.
그런데도 다른 거주민들은 별 수 없는 듯이 행동해서 자신이 직접 나서서 마을 주변에 바람막이를 설치하려고 한다.
바람막이를 만들기 위한 목재료는 호이포이 스톤 폐광 지역에서 얼마든지 구할 수 있을 것이다."
table_quest_text_data.rdf	115911	[metatag = 5]0
table_quest_text_data.rdf	115912	[metatag = 5]1770
table_quest_text_data.rdf	116003	[metatag = 5]1
table_quest_text_data.rdf	116010	"[metatag = 5]남자의 오기가 있지 이대로 아무 성과도 없이 서쪽 도시로 돌아갈 수 없다고 하는 브래드.
어떻게든 저 곤충 괴물들을 처리하고 싶은데, 들리는 말에는 머쉬룸 록스 지방에 저런 곤충 괴물들이 많이 서식한다는 얘길 들었다며 그렇다면 그에 따른 해결책이나 사고 방지에 대한 방법도 더 잘 갖추어져 있을 것이다.
머쉬룸 록스에 가서 그것들을 알아보지 않겠느냐고 권하는 브래드"
table_quest_text_data.rdf	116011	[metatag = 5]0
table_quest_text_data.rdf	116012	[metatag = 5]1525
table_quest_text_data.rdf	116103	[metatag = 5]2
table_quest_text_data.rdf	116106	"[metatag = 5]황무지 선인장 수액을 채취할 때마다 바로 옆에 코바늘 재배맨이 재생되어 유저를 공격합니다.
(Mob 스폰 없음)"
table_quest_text_data.rdf	116110	"[metatag = 5]이 웨스턴바는 과거 호이포이 스톤 채굴로 호황이었을 때만큼은 아니지만 그래도 남쪽의 셀링 스튜디오가 들어선 이후 장사가 그럭저럭 되고 있다며 항상 술의 보급에 신경써야 한다고 말한다.
그리고 값비싼 술은 웨스트랜드의 중부의 크리스탈 호수의 천연수 등을 이용해 만들지만 대부분의 술은 주변 폐광 지역에 널려 있는 황무지 선인장의 수액을 이용해 만든다고 한다.
마침 술을 만들 황무지 선인장의 수액이 다 떨어져 가니 유저가 선인장의 수액을 좀 채취해 올 때마다 보상을 해주겠다고 하는 더그"
table_quest_text_data.rdf	116111	[metatag = 5]0
table_quest_text_data.rdf	116112	[metatag = 5]520
table_quest_text_data.rdf	116203	[metatag = 5]2
table_quest_text_data.rdf	116210	"[metatag = 5]자신이 이곳에서 아르바이트나 하고 있는 이유는 사실 호이포이 폐광에 있는 광물들에 관심을 가지고 있기 때문이라며 비록 기능적으로는 쓸모없는 광물들만 남았지만 모양과 빛깔이 예쁜 광석들이 많이 남아 있는 것으로 알고 있다고 한다.
하지만 현재 호이포이 폐광에는 난폭한 작업 로봇들이 돌아다녀 자신이 갈 수 없으니 유저가 자신이 갖고 싶은 초롱초롱석을 가져다 달라고 부탁하는 캐서린
초롱초롱석 같은 광물들은 폐광 지역의 광물 적재 로보가 관리하는 것으로 들었다고 한다."
table_quest_text_data.rdf	116211	[metatag = 5]0
table_quest_text_data.rdf	116212	[metatag = 5]1770
table_quest_text_data.rdf	116303	[metatag = 5]2
table_quest_text_data.rdf	116310	"[metatag = 5]항상 자신의 미모를 경계하는 제니퍼가 꼴사납다고 험담하는 캐서린
쓴맛을 보여주겠다며 호이포이 폐광지역에 군데군데 놓여진 배설물들을 구해와달라고 한다.
그것은 스톤 랩터들의 배설물로 그것을 구해오면 제니퍼에게 ㅎㅎㅎ…"
table_quest_text_data.rdf	116311	[metatag = 5]0
table_quest_text_data.rdf	116312	[metatag = 5]1770
table_quest_text_data.rdf	116403	[metatag = 5]1
table_quest_text_data.rdf	116410	"[metatag = 5]자신처럼 고행을 위해 떠도는 사람은 또 있다며 카린 숲에서 고행 중인 동료를 찾아가라고 한다.
"
table_quest_text_data.rdf	116411	[metatag = 5]0
table_quest_text_data.rdf	116412	[metatag = 5]1900
table_quest_text_data.rdf	116503	[metatag = 5]2
table_quest_text_data.rdf	116510	"[metatag = 5]지금 세틱 녀석을 신경 쓸 데가 아니라며 자신은 이곳에서 카린가 최후의 시련을 받아내기 위해 아리아가라 폭포 뒤의 동굴에 들어가려고 한다고 한다.
하지만 이 곳 주민들이 반대를 하고 있으니 그 이유를 좀 물어봐 달라."
table_quest_text_data.rdf	116511	[metatag = 5]0
table_quest_text_data.rdf	116512	[metatag = 5]660
table_quest_text_data.rdf	116603	[metatag = 5]2
table_quest_text_data.rdf	116610	"[metatag = 5]고행자 즈베키가 폭포 동굴에 들어갈 수 없는 건 자격이 없기 때문이다.
아리아가라 폭포의 동굴에 들어가려면 카린님의 인정을 받고 와라."
table_quest_text_data.rdf	116611	[metatag = 5]0
table_quest_text_data.rdf	116612	[metatag = 5]2740
table_quest_text_data.rdf	116703	[metatag = 5]2
table_quest_text_data.rdf	116710	"[metatag = 5]너라면 아리아가라 폭포의 동굴로 들어가도 별 탈 없겠지 라고 하며 자격을 부여해준다.
"
table_quest_text_data.rdf	116711	[metatag = 5]0
table_quest_text_data.rdf	116712	[metatag = 5]2740
table_quest_text_data.rdf	116803	[metatag = 5]2
table_quest_text_data.rdf	116810	"[metatag = 5]카린님의 인정을 받은 용사로써 폭포 동굴에 들어가는 것을 허락한다.
카린님의 인정을 받지 못한 즈베키란 녀석에게 보여주면 녀석도 카린님의 인정을 받기 위해 노력할 것이다."
table_quest_text_data.rdf	116811	[metatag = 5]0
table_quest_text_data.rdf	116812	[metatag = 5]660
table_quest_text_data.rdf	116903	[metatag = 5]1
table_quest_text_data.rdf	116910	[metatag = 5]사실 자신이 아리아가라 동굴에 들어가려고 힘을 쓰는 이유는 자신의 오랜 친구인 루딘이 그 안에 잡혀 있다는 이야기를 들었다는 것 오랜 친구에게 자기 대신 편지라도 전해 달라고 한다.
table_quest_text_data.rdf	116911	[metatag = 5]0
table_quest_text_data.rdf	116912	[metatag = 5]1400
table_quest_text_data.rdf	117003	[metatag = 5]1
table_quest_text_data.rdf	117010	"[metatag = 5]아리아가라 폭포 하류에 이상한 쓰레기 더미와 성분을 알 수 없는 잔해들이 떠내려 온다.
이것은 분명 폭포 동굴 내부에서 무언가를 흘려보내고 있는 것이다. 
유저가 조사해달라."
table_quest_text_data.rdf	117011	[metatag = 5]0
table_quest_text_data.rdf	117012	[metatag = 5]240
table_quest_text_data.rdf	117103	[metatag = 5]2
table_quest_text_data.rdf	117110	[metatag = 5]user는 참 고집 센 사람이라며 그렇게 이곳에 대해서 알고 싶다면 저 깊은 곳에 있는 최종 처리 시설이라는 곳에 있고 그 곳에 user가 이야기 하는 쓰레기 더미가 많을 것이라는 말을 해준다. 그 곳까지 살아서 갈 수 있다면 얼마든지 가져가도 좋다고 말한다.
table_quest_text_data.rdf	117111	[metatag = 5]0
table_quest_text_data.rdf	117112	[metatag = 5]950
table_quest_text_data.rdf	117203	[metatag = 5]3
table_quest_text_data.rdf	117210	[metatag = 5]불쌍한 동료들 하며 눈물을 쏟는 바구잠. 자신도 원래는 이곳에 잡혀온 RP군중 하나라는 이야기를 하는 바구잠. 하지만 자신은 살아야 겟다는 일념으로 보텨서 지금은 문지기를 하며 도망칠 틈을 살피고 있다고 한다. 하지만 다른 동료들은 대부분 아직도 중노동에 시다리거나 그 이상을 일을 당하곤 한다는 것. 조 앞에 있는 방황하는 도주병과 방황하는 노역병들은 완전히 정신이 나가서는 그저 배회하고 잇는 자들이니 그들이 평온을 주지 않겠냐고 한다.
table_quest_text_data.rdf	117211	[metatag = 5]0
table_quest_text_data.rdf	117212	[metatag = 5]600
table_quest_text_data.rdf	120103	[metatag = 5]1
table_quest_text_data.rdf	120110	"[metatag = 5]알 수 없는 비행체가 야호이 동부로 넘어간 것을 자신의 눈으로 확실히 확인했으니 유저가 직접 야호이 동부로 가보는 것이 좋을 거라고 한다.
언젠가 야호이 동부 지역에 과일 배달차 갔다가 어떤 연구원이 외계 생명체에 대한 연구를 한다든가 하는 소릴 들었다며 그를 찾아가보라고 한다."
table_quest_text_data.rdf	120111	[metatag = 5]0
table_quest_text_data.rdf	120112	[metatag = 5]3491
table_quest_text_data.rdf	120203	[metatag = 5]1
table_quest_text_data.rdf	120210	"[metatag = 5]얼마 전 풀숲에서 놀고 있는데 빨간 팬티를 입은 동물 아저씨들이 잔뜩 야호이 동부 쪽으로 이동하는 것을 보았다고 하는 로디
아주 험악한 인상을 하고 있는 것으로 보아 좋은 사람들은 절대 아니라고 하면서 분명 야호이 동부에서 나쁜 짓을 하러 가는 거라고 주장한다.
그리고 유저가 자기처럼 정의를 사랑한다면 야호이 동부의 사람들에게 꼭 알려달라고 하는데…"
table_quest_text_data.rdf	120211	[metatag = 5]0
table_quest_text_data.rdf	120212	[metatag = 5]2399
table_quest_text_data.rdf	120303	[metatag = 5]1
table_quest_text_data.rdf	120310	[metatag = 5]이곳을 지나가는 RP군 잔당들이 한두명도 아니고 그걸 일일이 다 알 수는 없다는 모모꼬. 아마 User가 이야기 하는 놈들은 몇일 전에 이 앞을 지나간 기리기리병 잔당들의 이야기 일 것이라는 것. 하지만 그들도 RP군이 붕괴되고 살길을 찾아 가는 것이니 뭐라고 할 수는 없다. 그 놈들이 신경쓰이면푸타에게 가보라고 한다.
table_quest_text_data.rdf	120311	[metatag = 5]0
table_quest_text_data.rdf	120312	[metatag = 5]1290
table_quest_text_data.rdf	120403	[metatag = 5]2
table_quest_text_data.rdf	120410	[metatag = 5]야호이에 있는 장성은 과거 동물인간들의 치열했던 전쟁의 흔적이다. 항공기나 CC의 차량들이 날아 다니고 있는 현 시점에서는 원래 기능의 절반도 활용이 않되자만 Frieza 잔당의 육군이나 RP군의 잔당들의 침입을 막아내는 데에는 더없이 좋은 방어 시설이다. User가 이야기 한 기리기리병 잔당들은 장성의 남부 관문의 주변을 어술렁 거리고 있다. 지금이라도 부우 기념관 쪽으로 쳐들어올 분위기가 역력해서 미리 처리 하지 않으면 않될 듯싶다.
table_quest_text_data.rdf	120411	[metatag = 5]0
table_quest_text_data.rdf	120412	[metatag = 5]582
table_quest_text_data.rdf	120503	[metatag = 5]2
table_quest_text_data.rdf	120510	[metatag = 5]장성 7문의 스카야는 야호이 이스트의 특수한 생태계를 조사하고 있는 CC의 연구원이다. 그를 잘 돕는 것이 곳 자연을 보호하는 것과 진배없다. 최근 스카야가 동물들이 흉폭해 지는 문제를 연구하기 위해서 괴굴사우루스의 이빨을 몇개 구하고 있다고 한다. 구해서 가져다 주자.
table_quest_text_data.rdf	120511	[metatag = 5]0
table_quest_text_data.rdf	120512	[metatag = 5]1229
table_quest_text_data.rdf	120603	[metatag = 5]1
table_quest_text_data.rdf	120610	[metatag = 5]user를 보자 마자 자신은 원래 CC의 비밀 첩보원이라는 말을 하는 나마도라. 하지만 사람들은 자신이 비밀요원이라는 것을 절대 믿어 주지 않는 다고 한다. 어차피 믿어주던 말던 사실은 변함이 없다. 어찌 되었던 비밀 조사 활동을 해야 하는데 도데체 비서인 RX-780은 제정신이 아닌 듯하다. 원래 하면 그의 활동을 돕기 위해서 호수 주변을 어슬렁 거리는 재배맨을 처리해 주어야 하는데… 요즘은 무서워서 말도 걸기 힘이 든다. User가 직접 가서 뭐라고 좀 해달라는 나마도라.
table_quest_text_data.rdf	120611	[metatag = 5]0
table_quest_text_data.rdf	120612	[metatag = 5]6
table_quest_text_data.rdf	120703	[metatag = 5]2
table_quest_text_data.rdf	120710	[metatag = 5]위대한 로봇 독립전선을 위해서 자신은 무지하게 바쁘다는 RX-780. 그렇게 걱정이 되면 기가반들 재배맨과 기가농게 재배맨 따위는 User보고 잡으라고 한다.
table_quest_text_data.rdf	120711	[metatag = 5]0
table_quest_text_data.rdf	120712	[metatag = 5]631
table_quest_text_data.rdf	120803	[metatag = 5]1
table_quest_text_data.rdf	120806	[metatag = 5]처음 얻는 우주 기계 부품은 quest Item 입니다. 보상 으로 주는 우주 기계 부품은 트리거 아이템 입니다
table_quest_text_data.rdf	120810	[metatag = 5]자신이 얼마전에 낚시를 하다가 중요한 물건을 호수위에 두고 왔다는 푸커. User가 직접 헤엄쳐가 물건을 구해다 주면 정말 고맙겠다고 한다.
table_quest_text_data.rdf	120811	[metatag = 5]0
table_quest_text_data.rdf	120812	[metatag = 5]196
table_quest_text_data.rdf	120903	[metatag = 5]2
table_quest_text_data.rdf	120906	[metatag = 5]킹 타마스를 잡으면 Quest 아이템 '금구슬 점토'가 나옵니다. 퀘스트를 완료 직후 옆에 서 있던 모모꼬가 다가온다. 그리고는 그 금구슬 점토애서 상당한 악한 기운이 느겨진다며 낚궈 채듯이 점토를 빼앗아 간다. 이 물건에 대해서 조사가 필요하겠군… 하며 다시 원래 자리로 돌아 가는 모모꼬. 푸커 '내 금구슬~~' 하며 운다. 연출해 주세요
table_quest_text_data.rdf	120910	[metatag = 5]원래 바둑이 호수는 낚시가 금지되어 있다. 자신은 특별히 낚시를 허가 받았고 그 대신 근방의 자연을 회손하는 사람이 없는지 감시 하는 일을 겸하고 있다고 한다. 헌데 근자에 이 부근에 없던 킹 타마스라고 하는 개구리가 나타나서는 호수의 물고기들을 닥치는 대로 먹어 치우고 있다. 당장 그 몹쓸 놈을 잡지 않으면 않되는데 그놈이 어찌나 힘이 센지 자신은 근처에도 가본 적이 없다고 한다. 여기서 user에게 킹 타마스의 처리를 부탁한다.
table_quest_text_data.rdf	120911	[metatag = 5]0
table_quest_text_data.rdf	120912	[metatag = 5]682
table_quest_text_data.rdf	120913	[metatag = 5]1
table_quest_text_data.rdf	121003	[metatag = 5]1
table_quest_text_data.rdf	121010	[metatag = 5]다 보고 있었냐고 묻는 모모꼬. 푸커는 나쁜 사람은 아닌데 너무 돈을 밝히는 문제가 있다며 그래서 가끔은 자신에게 혼이 나기도 한다고 한다. User가 가지고온 금구슬 점토에서는 사악한 기운이 감돌고 있어서 그냥 보고 넘길 수 없었다고 한다. 점토를 가지고 부우 기념관의 바아바아를 찾아가라고 한다. 그녀는 무척 오래 살아온 현자와도 같은 마인이니 그 점토에 대해 무언가를 알고 있을 것이다. 부우 기념관은 여기서 서쪽으로 쭉 가다가 북으로 올라가면 된다.
table_quest_text_data.rdf	121011	[metatag = 5]0
table_quest_text_data.rdf	121012	[metatag = 5]2001
table_quest_text_data.rdf	121103	[metatag = 5]1
table_quest_text_data.rdf	121110	[metatag = 5]나마도라 연구원은 CC에서 파견나온 연구원이라고들 하는데 연구 활동 따위는 전혀 하고 있지 않다. 그가 있는 오두막의 옆에 보면 무언가 귀중하게 보관하고 있는 상자가 있이니 그것을 살짝 가져와 보라는 제의를 하는 모모꼬. 모모꼬는 보기와는 달리 장난끼가 상당히 있는 것 처럼 보인다.
table_quest_text_data.rdf	121111	[metatag = 5]0
table_quest_text_data.rdf	121112	[metatag = 5]34
table_quest_text_data.rdf	121203	[metatag = 5]3
table_quest_text_data.rdf	121206	[metatag = 5]캥거루 헌터를 잡으면 트리거 아이템으로 캥거루 헌터의 이빨이 나옵니다.
table_quest_text_data.rdf	121210	[metatag = 5]캥거루 헌터는 원래 Yahhoi East에 없었던 동물이다. 근자에 나타나서는 무차별적으로 통거루나  캘거루를 잡아 먹고 있다. 캥거루 헌터를 잡아서 자연보호에 일조하자
table_quest_text_data.rdf	121211	[metatag = 5]0
table_quest_text_data.rdf	121212	[metatag = 5]728
table_quest_text_data.rdf	121213	[metatag = 5]1
table_quest_text_data.rdf	121303	[metatag = 5]2
table_quest_text_data.rdf	121310	[metatag = 5]타킷은 오랜 세월 이곳을 지켜온 수인이다. 그의 말에 의하면 통거루와 캘거루의 모피는 자연의 축복이다. 많은 수를 학살하는 것은 죄가 되지만 얻어서 쓸수 있는 것을 얻지 않는 것도 사치이다. User가 두 모피를 가지고 오면 항상 사례를 하겟다고 한다. 다만, 너무 많은 수를 잡지는 말라고 한다.
table_quest_text_data.rdf	121311	[metatag = 5]0
table_quest_text_data.rdf	121312	[metatag = 5]670
table_quest_text_data.rdf	121403	[metatag = 5]1
table_quest_text_data.rdf	121407	[metatag = 5]…
table_quest_text_data.rdf	121409	[metatag = 5]…
table_quest_text_data.rdf	121410	[metatag = 5]본적이 없는 기묘한 모양의 기계이다. 어딘가의 부품으로 사용 할 듯하지만 알수가 없다. 나마도라 연구원이 이 정체를 알지도 모른다. 못미더운 구석이 있지만 어찌 되엇던 그도 과학자가 아닌가?
table_quest_text_data.rdf	121411	[metatag = 5]0
table_quest_text_data.rdf	121412	[metatag = 5]13
table_quest_text_data.rdf	121503	[metatag = 5]3
table_quest_text_data.rdf	121506	[metatag = 5]반복용
table_quest_text_data.rdf	121510	[metatag = 5]부케는 Yahhoi East로 중앙 정부에서 파견된 유일무이한 치안 요원이다. 말 그래도 경찰. 근자에 RP군이 대거로 유입 되어 골치가 아픈데. 어디서 온 건지 흉칙한 곤충들이 하나둘 나타나서는 사람을 습격하고 있다는 것이다. 그렇게 많은 수는 아닌데 하나하나가 상당히 강하고 없애면 또 나타나곤 한다. User가 뜻이 있다면  잡아 오는 대로 포상하겠다고 한다.  
table_quest_text_data.rdf	121511	[metatag = 5]0
table_quest_text_data.rdf	121512	[metatag = 5]1454
table_quest_text_data.rdf	121513	[metatag = 5]1
table_quest_text_data.rdf	121603	[metatag = 5]3
table_quest_text_data.rdf	121606	[metatag = 5]반복용
table_quest_text_data.rdf	121610	[metatag = 5]싹뚜기라는 곤충은 원래 Yahhoi East에서는 볼 수 없는 곤충이다. 덩치도 아주 큰 것이 처치 곤라. Yahhoi East의 다은 지역에서는 이런 거대 곤충이 보이지 않는데 유독 이 부근에 많다. 처치 해도 어디선가 또 나타난다. User가 잡아 준다면 매번 사례를 하겟다는 부케
table_quest_text_data.rdf	121611	[metatag = 5]0
table_quest_text_data.rdf	121612	[metatag = 5]576
table_quest_text_data.rdf	121613	[metatag = 5]1
table_quest_text_data.rdf	121703	[metatag = 5]3
table_quest_text_data.rdf	121706	[metatag = 5]반복용
table_quest_text_data.rdf	121710	[metatag = 5]자신은 치안 유지를 위해서 무도사에서 정부로 파견된 전사라고 소개하는 미케. 하지만 자신은 기계에 대한 알레르기가 있어서 항상 고생 한다고 한다. West Land에서 부터 넘어온 정신나간 로봇이 있는데 처리해 달라는 미케. 처리해도 처리해도 West Land에서 로봇이 자꾸 넘어 오는 탓에 아주 화가 머리 끝까지 나있다.
table_quest_text_data.rdf	121711	[metatag = 5]0
table_quest_text_data.rdf	121712	[metatag = 5]418
table_quest_text_data.rdf	121713	[metatag = 5]1
table_quest_text_data.rdf	121803	[metatag = 5]3
table_quest_text_data.rdf	121806	[metatag = 5]반복용
table_quest_text_data.rdf	121810	[metatag = 5]길 잃은 레이저 가드는 도대체 어디서 도 본적이 없다는 미케. 처리해도 처리해도 계속 나타나는 통에 아주 골머리를 앓고 있다. 분위기만 보아서는 Frieza 잔당의 로봇 같은데… 그네들의 로봇도 미치는 경우가 있는지 의심한다. 좌우지간 생긴게 흉칙한 만큼 자신의 알레르기도 더 심하다는 미케. 자신의 로봇 알레르기를 위해서라도 그 로봇을 처리해 주면 고맙겠다고 한다.
table_quest_text_data.rdf	121811	[metatag = 5]0
table_quest_text_data.rdf	121812	[metatag = 5]1054
table_quest_text_data.rdf	121813	[metatag = 5]1
table_quest_text_data.rdf	121903	[metatag = 5]2
table_quest_text_data.rdf	121910	[metatag = 5]보고에 의하면 West Land의 RP군이 붕괴해서 그 잔당들이 Yahhoi East로 유입되고 있다고 한다. User도 알고 있냐고 물어 보는 부케. 그 때문에 이전에 RP군을 탈주해서 Yahhoi East에 자리를 잡은 수인들이 두려움에 떨고 있다고 한다. 스카야도 그 중 하나. 이제는 CC의 직원이 되서 연구 활동을 하고 있어야 할 스카야가 기리기리병 잔당들 때문에 일을 제대로 못하고 있다. 기리기리병 잔당들은 스카야를 괴롭히려고 연구일지를 훔쳐서는 찟어서 휴지로 쓰고 있는 모양이다. 그의 연구 일지를 모아서 가져다 주자.
table_quest_text_data.rdf	121911	[metatag = 5]0
table_quest_text_data.rdf	121912	[metatag = 5]593
table_quest_text_data.rdf	122003	[metatag = 5]2
table_quest_text_data.rdf	122006	[metatag = 5]허름한 막사를 기리기리병 잔당이 있는 곳의 길 옆에 배치해 주세요. User가 막사의 기둥을 클릭하면 채용 전단지가 붙은 모습으로 바뀝니다.
table_quest_text_data.rdf	122010	[metatag = 5]CC에는 RP군에서 탈주한 병사들을 대상으로 일자리를 마련해 주는 프로그램이 있다고 한다. 자신도 그 프로그램에 의해서 CC의 연구원으로 취직했다는 스카야. 기리기리병 잔당들도 CC에 이런 프로그램이 있다는 것을 알면 분명 지금 하는 짓을 그만 둘 것이라고 생각하는 스카야. CC의 수인 채용 프로그램이 적혀 있는 전단지를 좀 기리기리병 잔당들의 캠프에 붙여 달라는 스카야
table_quest_text_data.rdf	122011	[metatag = 5]0
table_quest_text_data.rdf	122012	[metatag = 5]482
table_quest_text_data.rdf	122103	[metatag = 5]1
table_quest_text_data.rdf	122110	[metatag = 5]RP군의 붕괴는 이미 어느정도 소문이 돌고 있다. 그래서 인지 Yahhoi East로 유입되는 RP잔당의 수가 급증하고 있다고 한다. 하지만 문제는 그들이 고스란히 도적이 되거나 Frieza 잔당의 전력이 되고 있다는 것. User가 만일 이런 사태에 대해 관심이 있다면 부우 기념관의 보우보우를 찾아 가 보라고 한다.
table_quest_text_data.rdf	122111	[metatag = 5]0
table_quest_text_data.rdf	122112	[metatag = 5]709
table_quest_text_data.rdf	122203	[metatag = 5]2
table_quest_text_data.rdf	122210	[metatag = 5]동물의 흉포화 문제는 이곳 West Land에서도 큰 문제이다. 장성 7문의 북쪽에 있는 졸졸사우루스들도 그러한 문제중 하나이다. 졸졸사우루스의 이빨을 구해다 준다면 괴굴사우루스의 이빨과 비교해서 연구를 할 수 있다는 스카야.
table_quest_text_data.rdf	122211	[metatag = 5]0
table_quest_text_data.rdf	122212	[metatag = 5]124
table_quest_text_data.rdf	122303	[metatag = 5]1
table_quest_text_data.rdf	122311	[metatag = 5]0
table_quest_text_data.rdf	122312	[metatag = 5]210
table_quest_text_data.rdf	122313	[metatag = 5]1
table_quest_text_data.rdf	122403	[metatag = 5]1
table_quest_text_data.rdf	122411	[metatag = 5]0
table_quest_text_data.rdf	122412	[metatag = 5]0
table_quest_text_data.rdf	122503	[metatag = 5]3
table_quest_text_data.rdf	122511	[metatag = 5]0
table_quest_text_data.rdf	122512	[metatag = 5]480
table_quest_text_data.rdf	122603	[metatag = 5]3
table_quest_text_data.rdf	122611	[metatag = 5]0
table_quest_text_data.rdf	122612	[metatag = 5]2001
table_quest_text_data.rdf	122703	[metatag = 5]1
table_quest_text_data.rdf	122711	[metatag = 5]0
table_quest_text_data.rdf	122712	[metatag = 5]990
table_quest_text_data.rdf	122803	[metatag = 5]2
table_quest_text_data.rdf	122811	[metatag = 5]0
table_quest_text_data.rdf	122812	[metatag = 5]1204
table_quest_text_data.rdf	122813	[metatag = 5]1
table_quest_text_data.rdf	122903	[metatag = 5]1
table_quest_text_data.rdf	122907	[metatag = 5]…
table_quest_text_data.rdf	122909	[metatag = 5]…
table_quest_text_data.rdf	122910	[metatag = 5]캥거루 헌터의 이빨이다. 생각보다 날카롭지 않아서 과연 이 공룡이 육식이 맞는지 의심스러울 정도이다. 이 이빨을 스카야에게 보여주자.
table_quest_text_data.rdf	122911	[metatag = 5]0
table_quest_text_data.rdf	122912	[metatag = 5]499
table_quest_text_data.rdf	123003	[metatag = 5]1
table_quest_text_data.rdf	123010	[metatag = 5]슬랙스는 뛰어난 검술가이고 정의감이 투철하다. 하지만 하는 일이 언제나 지나텨서 가끔 골치가 아프다는 부케. 지난번 슬랙스가 Frieza 잔당을 물리치겠다고 설치는 통에 기물을 파손해 그 벌금 청구서가 나왔다. User가 부우 기념관으로 갈 예정이라면 그것을 좀 배달해 달라는 부케.
table_quest_text_data.rdf	123011	[metatag = 5]0
table_quest_text_data.rdf	123012	[metatag = 5]1042
table_quest_text_data.rdf	123103	[metatag = 5]1
table_quest_text_data.rdf	123110	[metatag = 5]지금까지 이루어진 연구의 중간 보고를 위해서 자신의 연구 일지를 일단 바아바아에게 좀 전해 달라는 스카야.
table_quest_text_data.rdf	123111	[metatag = 5]0
table_quest_text_data.rdf	123112	[metatag = 5]568
table_quest_text_data.rdf	123203	[metatag = 5]3
table_quest_text_data.rdf	123206	[metatag = 5]Quest 완료 후 user가 데려온 NPC가 순간이동 되는 연출 추가 해주세요.
table_quest_text_data.rdf	123210	[metatag = 5]User덕에 몇몇 RP군의 병사들이 CC에 입사 지원을 하겟다고 자신을 찾아 왔다는 스카야. 하지만  그들을 일단은 안전한 부우 기념관까지 데려다가 Wear City로 순간이동 시켜 주어야 한다. 중간에 앙심을 품은 RP군의 잔당이 공격할지 모르니 조심하라는 스카야.
table_quest_text_data.rdf	123211	[metatag = 5]0
table_quest_text_data.rdf	123212	[metatag = 5]823
table_quest_text_data.rdf	123303	[metatag = 5]1
table_quest_text_data.rdf	123310	[metatag = 5]캥거루 헌터가 육식을 할 수 없으니 다시 나타나더라도 사냥하지 말라는 소식을 전해야 겠다. 부우 기념관의 바아바아에게 사실을 알리자.
table_quest_text_data.rdf	123311	[metatag = 5]0
table_quest_text_data.rdf	123312	[metatag = 5]709
table_quest_text_data.rdf	123403	[metatag = 5]1
table_quest_text_data.rdf	123410	[metatag = 5]위대한 로봇 독립전선을 위해서 자신의 작전 디스크를 동지들에게 전해 달라는 RX-780. 부우 기념관의 경비로보 베타에게 가면 된다. User는 로봇 독립전선에 일조하는 영광을 누리는 것이다~
table_quest_text_data.rdf	123411	[metatag = 5]0
table_quest_text_data.rdf	123412	[metatag = 5]1360
table_quest_text_data.rdf	123503	[metatag = 5]1
table_quest_text_data.rdf	123510	[metatag = 5]바아바아는 마인 부우의 첫 번째 아이들 중 하나였으며 이후 지금까지 아주 오랜 시간을 살았다. 그래서 그녀는 부우 기념관의 흥망성쇄를 모두 알고 있다. 이제는 마치 도인같은 이미지 마져 있는 그녀. 지금 부우 기념의 쇄락한 모습마져도 당연하게 여기고 있다. 그런 그녀와는 달리 젊은 보우보우는 기념관을 리모델링 하여 다시 한번 과거의 영광을 찾으려고 하지만 이는 단순히 리모델링 만으로는 불가능 하다는 것을 그녀는 잘 알고 있다.  그렇다고 보우보우의 노력을 가만히 두고만 볼 수는 없는 일. 기념관의 부흥을 꽤하기 위해서는 Yahhoi East를 노리고 있는 Frieza 잔당을 먼저 처리 하지 않으면 않된다. 그 누가 적군으로 가득한 곳을 관광하겠다고 하겠는가... User에세 보우보우 좀 도와주라는 부탁을 하는 그녀
table_quest_text_data.rdf	123511	[metatag = 5]0
table_quest_text_data.rdf	123512	[metatag = 5]82
table_quest_text_data.rdf	123603	[metatag = 5]2
table_quest_text_data.rdf	123610	[metatag = 5]값비싼 아지사 나무와 버섯 목재를 수입해 오려고 한다. 하지만 문문제는 운송로를 가로 막고 있는 월러스병 잔당과 팬더병 잔당들이다. 그들을 물리치고 목재를 운송할 수 있는 교역로를 확보하자.
table_quest_text_data.rdf	123611	[metatag = 5]0
table_quest_text_data.rdf	123612	[metatag = 5]1816
table_quest_text_data.rdf	123703	[metatag = 5]2
table_quest_text_data.rdf	123710	[metatag = 5]얼마전에 상당수의 RP군 잔당이 경비병들을 위협하고 장성의 안으로 침입해 들어와 부우 기념관의 주변을 압박하고 있다. 이들을 처리 하는 것이 무엇보다 급선무이다.
table_quest_text_data.rdf	123711	[metatag = 5]0
table_quest_text_data.rdf	123712	[metatag = 5]1273
table_quest_text_data.rdf	123803	[metatag = 5]2
table_quest_text_data.rdf	123810	[metatag = 5]기념관을 리모델링 하기 위해서는 많은 양의 건축 자재들이 필요하다. 다행이 석재의 경우 Yahhoi East에도 많은 양이 있다. User가 조금만 수고해 주면 장성 큰바위에서 석재를 채집해 올 수 있을 것 같다. 석재 채취를 위햐서 곡괭이를 주는 보우보우
table_quest_text_data.rdf	123811	[metatag = 5]0
table_quest_text_data.rdf	123812	[metatag = 5]968
table_quest_text_data.rdf	123903	[metatag = 5]2
table_quest_text_data.rdf	123910	[metatag = 5]원래 RP군의 탈주병이었던 스와타는 요즘 들어 증가하고 있는 RP군의 잔당들이 자꾸 자신을 괴롭히고 있는 것에 힘들어 한다. 하지만 자존심은 당해서 언제나 위세는 좋다. 얼마전 기념관 밖에 서성거리는 월러스 해적들이 스와타가 가지고 있던 보물을 훔쳐서는 달아 났다고 한다. 보물의 이름은 장성 공사용 도끼. 도끼를 있는데로 몽땅 찾아 오자.
table_quest_text_data.rdf	123911	[metatag = 5]0
table_quest_text_data.rdf	123912	[metatag = 5]692
table_quest_text_data.rdf	124003	[metatag = 5]2
table_quest_text_data.rdf	124010	[metatag = 5]RP군에서 도망 나온 후 장성을 개보수 하는 아르바이트로 개과천선했다는 카포. 하지만 요즈음은 RP군 잔당들이 늘어 나고 더불어 동물들도 난폭해 져서 골치가 아프다고 한다. 특히 바늘 재배맨들이 계속해서 장성을 부수는 통에 바뻐서 정신을 못 차리겠다고 한다. User게게 바늘 재배맨의 처리를 부탁한다.
table_quest_text_data.rdf	124011	[metatag = 5]0
table_quest_text_data.rdf	124012	[metatag = 5]572
table_quest_text_data.rdf	124103	[metatag = 5]1
table_quest_text_data.rdf	124110	[metatag = 5]지나가는 User를 불러 세우는 에라. 그리고는 다짜고짜 User를 나무라기 시작한다. 원래 카포는 RP군과 아무 상관도 없다며 애꿋은 바늘 재배맨만 잡은 꼴이라고 말한다. 어차피 재배맨 들은 아주 예전 부터 그곳에 있었던 것이고 그들은 장성의 파괴와 아무 상관이 없다고 한다. 장성은 단순히 오래 되서 부서지는 것이니 걱정이 되면 장성 수리 하는 일이나 도우라고 한다. 장성 개보수는 스와타의 일이니 스와타에게 가보라는 에라.
table_quest_text_data.rdf	124111	[metatag = 5]0
table_quest_text_data.rdf	124112	[metatag = 5]73
table_quest_text_data.rdf	124203	[metatag = 5]2
table_quest_text_data.rdf	124206	[metatag = 5]반복용 폭탄의 개수는 레벨디자인에서 결정해 주세요.
table_quest_text_data.rdf	124210	[metatag = 5]장성은 매우 길어서 그것을 한번에 모두 수리 하는 것은 불가능 하다. 문제는 수리가 아니라 무너지는 것을 막는 것이다. Frieza의 사주를 받은 녀석들이 장성을 무너뜨리기 위해서 이곳 저것에 폭탄을 설치하고 있다. 폭탄을 제거해서 자신에게 가져오면 직접 해체작을 하겠다는 스와타. 일단 폭탄을 N개씩 가져오면 보상해 준다.
table_quest_text_data.rdf	124211	[metatag = 5]0
table_quest_text_data.rdf	124212	[metatag = 5]1176
table_quest_text_data.rdf	124303	[metatag = 5]1
table_quest_text_data.rdf	124310	[metatag = 5]아주 오랫동안 살아 왔던 바아바아로써도 절대 이해가 가지 않는 것이 있다. 그것은 서로 만담을 주고받고 있는 로봇이다. 부우 기념관의 외곽에 경비를 서고 있는 두 대의 로봇이 있는데 어찌된 일인지 항상 만담을 주고 받으며 일할 생각은 조금도 하지 않는다. 게다가 요즈음 성격도 흉폭해지는 경향을 보이면서 가까이 가기만 해도 싸움을 걸어 온다. User에게 이들이 뭐를 하고 있는지 좀 가서 봐 달라는 말을 하는 바아바아
table_quest_text_data.rdf	124311	[metatag = 5]0
table_quest_text_data.rdf	124312	[metatag = 5]301
table_quest_text_data.rdf	124403	[metatag = 5]3
table_quest_text_data.rdf	124406	[metatag = 5]경비로보 알파가 싸움을 걸면 동시에 경비로보 베타도 싸움을 걸어 옵니다.  두 로봇을 모두 물리쳐야 퀘스트 완료 됩니다. 대결 퀘스트
table_quest_text_data.rdf	124410	[metatag = 5]다시 한번 말을 걸면 경비로보 알파는 다짜고짜 자신을 귀찮게 했다며 화 내며 싸움을 걸어온다.
table_quest_text_data.rdf	124411	[metatag = 5]0
table_quest_text_data.rdf	124412	[metatag = 5]15
table_quest_text_data.rdf	124413	[metatag = 5]1
table_quest_text_data.rdf	124503	[metatag = 5]1
table_quest_text_data.rdf	124510	[metatag = 5]자신들이 일에 농땡이를 부리고 있으니 바아바아가 자신들에게 킬러를 보낸 것이 분명 하다고 화를 내는 알파. 하지만 자신들은 분명하게 할 일은 재대로 하고 있으니 어서 꺼지라는 알파. 이 일은 바아바아아게 보고 하자.
table_quest_text_data.rdf	124511	[metatag = 5]0
table_quest_text_data.rdf	124512	[metatag = 5]301
table_quest_text_data.rdf	124603	[metatag = 5]2
table_quest_text_data.rdf	124610	[metatag = 5]장성의 밖에서 들어오는 놈들은 경비병들이 막겠지만 이미 들어와 있는 놈들은 경비로보들이 어떻게든 해줘야 하는데 요즘 일은 않하고 미치겠다는 곤타. User가 대신 일을 해결해 주었으면 한다.
table_quest_text_data.rdf	124611	[metatag = 5]0
table_quest_text_data.rdf	124612	[metatag = 5]292
table_quest_text_data.rdf	124703	[metatag = 5]3
table_quest_text_data.rdf	124710	[metatag = 5]부우 기념과의 주변을 기웃거리는 외계인이 있다. 스스로는 무척 조심하고 있는 듯이 보이지만 이미 기념관의 사람들은 그의 존재를 모두 알고 있다. 대부분의 사람들은 이제 신경쓰지 않는 느낌이지만 자신만은 신경이 쓰인다는 에메랄다. User가 그에 대해서 좀 알아봐 주길 바란다.
table_quest_text_data.rdf	124711	[metatag = 5]0
table_quest_text_data.rdf	124712	[metatag = 5]1318
table_quest_text_data.rdf	124713	[metatag = 5]1
table_quest_text_data.rdf	124803	[metatag = 5]1
table_quest_text_data.rdf	124810	[metatag = 5]User가 수상한 외계인을 물리치고 가지고 온 카메라는 한번도 본 적이 없는 것이라서 조사를 할 수가 없었다는 에메랄다. 그냥 팔아 치울까 생각했지만 이 역시 너무 수상해서 그럴 수 없었다. 무엇보다 그다지 값이 나가 보이지도 않는다. 그 카메라를 라이바에게 보여 주면 무언가 알고 있을지 모른다. 스카우터 상인은 아무래도 기계에 대해서 잘 알지 않을까?
table_quest_text_data.rdf	124811	[metatag = 5]0
table_quest_text_data.rdf	124812	[metatag = 5]23
table_quest_text_data.rdf	124903	[metatag = 5]1
table_quest_text_data.rdf	124910	[metatag = 5]User가 가지고 온 카메라의 내용을 확인한 결과가 나왔다. 카메라의 내용은 부우 기념관의 주요 인물들의 사진 그리고 경비나 보안 상태 등에 대한 것이었다. 자신의  데이터 베이스를 기반으로 이 사진 자료를 통계 분석해 보면 약 90% 확률로 이 카메라의 주인은 스파이 아니면 스토커일 가능성이 있다고 진단하는 라이바. 만일 User에게 이 일에 대한 해결 의지가 있다면 기념관의 바아바아와 이 자료를 공유 하는 것이 좋을 것이 라고 한다.
table_quest_text_data.rdf	124911	[metatag = 5]0
table_quest_text_data.rdf	124912	[metatag = 5]86
table_quest_text_data.rdf	125003	[metatag = 5]3
table_quest_text_data.rdf	125010	[metatag = 5]성곽 보수 로보는 이름 그대로 성곽을 보수하는데 쓰기 위해서 들여온 것이다. 그러나 최근 로봇들이 폭주하는 것과 때를 같이 해서 오히려 성곽을 부수는데 한 몫을 하고 있다. 더 이상 제어할 길도 없도 가만히 두면 성곽을 계속 부술 것이다. 이제는 부수어 부수어 버리는 수 밖에 없을 듯 하다. 
table_quest_text_data.rdf	125011	[metatag = 5]0
table_quest_text_data.rdf	125012	[metatag = 5]1320
table_quest_text_data.rdf	125013	[metatag = 5]1
table_quest_text_data.rdf	125103	[metatag = 5]2
table_quest_text_data.rdf	125106	[metatag = 5]Quest를 끝내면 옆에 있던 에라가 보자보자 하니 이제 거짓말좀 그만 하라고 한다. RP군에 있었던 적도 없으면서 짜증난다고 소리를 친다. 카포는 내버려두라고 맏짱구 친다. 멘트 처리
table_quest_text_data.rdf	125110	[metatag = 5]RP군에사 나오고 나올때 까지만 해도 자신은 아주 깨끗하고 멋진 빨간 팬티가 있었는데 이제는 다 너덜너덜 해져서 도저히 입을 수가 없다는 카포. User가 시들바늘 재배맨을 잡아서 그 바늘을 좀 구해오면 정말 고맙겠다는 말을 한다.
table_quest_text_data.rdf	125111	[metatag = 5]0
table_quest_text_data.rdf	125112	[metatag = 5]622
table_quest_text_data.rdf	125203	[metatag = 5]1
table_quest_text_data.rdf	125210	[metatag = 5]의복상을 하고 있는 파킹. 자신의 보물 중에 낡은 인어 사진이 있다. 이 사진은 karin에 있는 인어숍 점장에게서 받은 것이라고 한다. 들리는 소문에는 Karin에는 잔짜 인어가 있다고 한다는 User는 도시에서 온 세련된 사람이니 혹시 그에 대한 정보를 알고 있는 것이 없냐고 묻는다. 이 인어의 현재 모습을 찍은 새로운 사진이 가지고 싶다는 파킹. 사진의 주인이었던 karin의 인어숍 점장을 찾아가면 무언가 방빕이 있지 않을까?
table_quest_text_data.rdf	125211	[metatag = 5]0
table_quest_text_data.rdf	125212	[metatag = 5]289
table_quest_text_data.rdf	125303	[metatag = 5]1
table_quest_text_data.rdf	125310	[metatag = 5]파킹이라는 고객의 마음은 잘 알겠지만 지금 이 사진속의 인어의 모습을 알게 된다면 그는 분명 실망 할 거라고 한다. 그래도 좋다면 사바사 캠프의 사바사라는 아줌마를 찾아가서 인어의 소재에 대해서 물어 보라고 한다. 그녀는 사진속의 인어가 어디 있는지 알고 있다고 한다. 그리고 인어를 만나게 되면 사진을 찍으라고 구식 카메라를 하나 준다. 이래뵈도 사진이 즉석으로 나오는 고급 카메라인데 Karin까지 온 성의를 봐서 그냥 주겠다고 한다. 
table_quest_text_data.rdf	125311	[metatag = 5]0
table_quest_text_data.rdf	125312	[metatag = 5]1707
table_quest_text_data.rdf	125403	[metatag = 5]3
table_quest_text_data.rdf	125406	"[metatag = 5]퀘스트를 수락하면 더블스 두마리가 스폰되고 전투 시작합니다. 더블스는 스폰 되면서 ""우리가 RP군 따위로 보이냐?! 얕보지 마라"" 라는 멘트를 주절거립니다."
table_quest_text_data.rdf	125410	[metatag = 5]인어가 어디 있는지 가르쳐 주고 싶지는 않지만 만일 User가 자신의 일을 좀 도와 주면 가르쳐 줄 수도 있다는 말을 한다. RP군이 사라지긴 했어도 여기저기 잔당들이 활보를 하고 있어서 파수탑을 지키는 일을 그만 둘 수 없다고 한다. 문제는 RP군의 붕괴와 함께 괴물 같은 수인 들이 주기적으로 사바사캠프를 공격하고 있다는 것이다. 아마 중앙 캠프로 가려는 것 같다며 마침 다시 나타날 시간이니 그 놈들을 좀 처리해 달라고 한다. 
table_quest_text_data.rdf	125411	[metatag = 5]0
table_quest_text_data.rdf	125412	[metatag = 5]14
table_quest_text_data.rdf	125413	[metatag = 5]1
table_quest_text_data.rdf	125503	[metatag = 5]1
table_quest_text_data.rdf	125506	[metatag = 5]Quest 수령 정보 중에 셀카를 찍는 연출 나오고 다시 수령정보 나온 후 수락 합니다.
table_quest_text_data.rdf	125510	[metatag = 5]난데없이 사진속 인어는 실은 자기 자신이라고 하는 사바사. 카메라를 꺼내서는 셀카를 찍는다. 그리고는 방금 나온 따끈따끈한 사진 한장을 준다. 놀라서 눈이 휘둥그래진 user에게 간단하게 자초지종을 이야기 해주는 사바사. 원래 자신은 예전에 인어 였고 지금의 남편 시메의 노력으로  점쟁이 할머니 바바의 마법의 약으로 인간이 되었다고 한다. 비록 지금은 보는 바와 같이 완전히 아줌마가 되었지만 user가 가지고온 사진은 아주 오래 전에 자신이 맞다고 한다. 상당히 당황 스럽지만 이제 사진을 파킹에게 가져다 주자. 그가 기절하지는 않을가 걱정이다.
table_quest_text_data.rdf	125511	[metatag = 5]0
table_quest_text_data.rdf	125512	[metatag = 5]1736
table_quest_text_data.rdf	125603	[metatag = 5]2
table_quest_text_data.rdf	125606	[metatag = 5]시간제한 퀘스트. 시간과 loot 개수는 레벨에서 정해 주세요.
table_quest_text_data.rdf	125610	[metatag = 5]지모트는 과거 RP군의 탈주병이었다. 이제는 개과천선해서 한명의 수행자가 되었다. 지금은 주변에 있는 재배맨을 상대로 수련중이다. User도 강해 지고 싶다면 자신과 함께 재배맨을 잡아 보자고 한다. 다만 그냥 하면 재미가 없으니 누가 더 잘하나 경합을 하자고 한다.정해진 시간 안에 핫바늘 재배맨을 잡아 핫바늘을 구해오자.
table_quest_text_data.rdf	125611	[metatag = 5]0
table_quest_text_data.rdf	125612	[metatag = 5]388
table_quest_text_data.rdf	125703	[metatag = 5]2
table_quest_text_data.rdf	125706	[metatag = 5]시간제한 퀘스트. 시간과 loot 개수는 레벨에서 정해 주세요.
table_quest_text_data.rdf	125710	[metatag = 5]이번에는 절대 질수 없다는 지모트. 시들바늘 재배맨의 시들바늘을 구해오자.역시 시간제한이다.
table_quest_text_data.rdf	125711	[metatag = 5]0
table_quest_text_data.rdf	125712	[metatag = 5]388
table_quest_text_data.rdf	125803	[metatag = 5]3
table_quest_text_data.rdf	125806	[metatag = 5]대결 퀘스트
table_quest_text_data.rdf	125810	[metatag = 5]자신과 직접 대련해서 겨루어 보자는 지모트. 아무래도 User와의 대련은 자신의 수련에 도움이 될 듯하다고 한다.
table_quest_text_data.rdf	125811	[metatag = 5]0
table_quest_text_data.rdf	125812	[metatag = 5]0
table_quest_text_data.rdf	125813	[metatag = 5]1
table_quest_text_data.rdf	125903	[metatag = 5]3
table_quest_text_data.rdf	125906	"[metatag = 5]반복 퀘. 스폰 맵에 표시해 두었습니다. 퀘스트 수락후 해당 장소에 다가가면 자원 채취용 로보(두대) 스폰 됩니다.
일반 사냥퀘로 수정됨."
table_quest_text_data.rdf	125910	[metatag = 5]야호이 크레이터의 주변에는 Frieza잔당의 우주선 착륙장이 있다. 아마 그 곳에서 계속해서 보내는 듯한데 작업용 로봇 두대가 부우 기념관 측 장성근처에서 모래나 흙 같은 것은 채취하고 있다. 자신이 몇 번인가 부수어 버린 적이 있는데 그럴 때마다 계속 와서 이제는 짜증이 난다는 슬랙스. User가 이 일을 대신해 준다면 그때마다 사례를 하겠다고 한다.
table_quest_text_data.rdf	125911	[metatag = 5]0
table_quest_text_data.rdf	125912	[metatag = 5]1548
table_quest_text_data.rdf	125913	[metatag = 5]1
table_quest_text_data.rdf	126003	[metatag = 5]3
table_quest_text_data.rdf	126006	[metatag = 5]반번복용. Quest를 수락하면 성곽의 밖에서 길 잃은 드래믈란 두 마리가 스폰 됩니다. 충분히 보이는 거리로 잡아 주세요.
table_quest_text_data.rdf	126010	[metatag = 5]정체를 알 수 없는 곤충이 자꾸 습격을 해와서 골치가 아프다는 돈키치. 생긴 모습은 드래믈란과 무척 닮았는데 원래 Yahhoi Eats에는 드래믈란이 없다. 없애도 없애도 자꾸 나타나는 통에 골치아 아프다는 돈키치. User가 퇴치를 해 주면 고맙겠다고 한다.
table_quest_text_data.rdf	126011	[metatag = 5]0
table_quest_text_data.rdf	126012	[metatag = 5]64
table_quest_text_data.rdf	126013	[metatag = 5]1
table_quest_text_data.rdf	126103	[metatag = 5]2
table_quest_text_data.rdf	126106	"[metatag = 5]보우보우에게 [item = ""980080""]을 받아 일정 영역에서 그것을 사용하면 수풀 쪽에서 [npc = ""1511301""]이 스폰되어 보우보우가 있는 방향으로 이동하며 사라짐."
table_quest_text_data.rdf	126110	[metatag = 5]큰일이 났다. 부우 기념관의 리모델링을 위해서 아지사 목재를 운반하던 캐러밴이 중도에 RP군의 습격을 받았다. User는 급하게 배러번을 구하러가 주었으면 한다는 보우보우. 간절히 부탁한다.
table_quest_text_data.rdf	126111	[metatag = 5]0
table_quest_text_data.rdf	126112	[metatag = 5]978
table_quest_text_data.rdf	126202	[metatag = 5]Goodbye my friend
table_quest_text_data.rdf	126203	[metatag = 5]3
table_quest_text_data.rdf	126206	[metatag = 5]사와타는 잡으면 트리거 아이템 개 목걸이 열쇠가  나옵니다.
table_quest_text_data.rdf	126210	[metatag = 5]스와타에게는 두 명의 절친한 친구가 있다. 둘더 RP군에 잇던 시절 부터의 친구인데 함께 RP군에서 도망을 나온  후 적당한 일거리를 찾지 못한 둘은 다시 RP군으로 돌아가서 이제는 부우 기념관 주변의 관광객들의 주머니를 터는 도적이 되어 버렸다. 친구 입장에서 그들의 소식을 들을 때마다 가슴이 아프다는 스와타. 부탁 하건데 그들의 악행에 종지부를 찍어 달라고 한다. 
table_quest_text_data.rdf	126211	[metatag = 5]0
table_quest_text_data.rdf	126212	[metatag = 5]1068
table_quest_text_data.rdf	126213	[metatag = 5]1
table_quest_text_data.rdf	126303	[metatag = 5]1
table_quest_text_data.rdf	126310	[metatag = 5]이곳은 부우 기념관인데 가장 중요한 무언가가 빠졌다. 그것은 바로 프랑견이다. 미스터 부우가 사라했던 그 프랑견이 없는 부우 기념관에 무슨 의미가 있겠는가? 예전에는 킁킁이라는 이름의 프랑견이 있었는데 무슨 이유에서 인지 그 프랑견이 말을 듣지 않고 가출을 해 버려 지금은 종적을 할 수가 없다. User가 킁킁을 좀 찾아 달라는 보우보우.
table_quest_text_data.rdf	126311	[metatag = 5]0
table_quest_text_data.rdf	126312	[metatag = 5]579
table_quest_text_data.rdf	126403	[metatag = 5]1
table_quest_text_data.rdf	126406	[metatag = 5]연출. 퀘스트를 수락하면 트리거 아이템 개 목걸이 열쇠는 사라지고 같은 이름의 퀘스트 아이템이 생깁니다. 퀘스트 완료 하면 사로잡힌 킁킁은 잠시 사라지고 킁킁이 스폰되어 부우 기념관 쪽으로 사라집니다.
table_quest_text_data.rdf	126407	[metatag = 5]…
table_quest_text_data.rdf	126409	[metatag = 5]…
table_quest_text_data.rdf	126410	[metatag = 5]열쇠에 킁킁이라고 씌어 있다. 어쩌면 이 것이 사로잡힌 킁킁을 묶어둔 개목걸이의 열쇠인지도 모른다.
table_quest_text_data.rdf	126411	[metatag = 5]0
table_quest_text_data.rdf	126412	[metatag = 5]43
table_quest_text_data.rdf	126503	[metatag = 5]2
table_quest_text_data.rdf	126510	[metatag = 5]자신은 매운 음식을 정말 좋아 한다는 아뜨아뜨. 자신을 위해서 핫바늘 재배맨의 핫바늘 가루를 좀 구해다 주지 않겠냐고 묻는다
table_quest_text_data.rdf	126511	[metatag = 5]0
table_quest_text_data.rdf	126512	[metatag = 5]1670
table_quest_text_data.rdf	126603	[metatag = 5]2
table_quest_text_data.rdf	126606	[metatag = 5]부우 기념관의 꼭대기 층에 보우보우의 오래된 단지를 만들어서 놓아 주세요
table_quest_text_data.rdf	126610	[metatag = 5]혹시 보우보우의 오래된 단지를 알고 있냐고 묻는 사므사므. 부우 기념관의 꼭대기에 작은 단지가 하나 있는데 보우보우가 신주단지 모시듯 하는 걸 보아서는 아주 맛난 것이 들어 있는 듯 하다는 것. 대쉬를 잘 쓰면 그곳에 올라갈 수 있으니 자기 대신 그 단지를 좀 가져다 달라고 한다. 도둑질이 아니라 잠시 빌리는 거고 문제가 생기면 자신이 다 책임 질테니 제발 부탁한다는 사므사므
table_quest_text_data.rdf	126611	[metatag = 5]0
table_quest_text_data.rdf	126612	[metatag = 5]216
table_quest_text_data.rdf	126703	[metatag = 5]1
table_quest_text_data.rdf	126710	[metatag = 5]도데체 자신의 오래된 단지를 누가 가져 갔는지 모르겟다는 보우보우. 사므사므가 부탁해서 가져다 주었다는 말에 깜짝 놀라는 보우보우. 그 단지 안에는 먹을 것이 들어 있는 것이 아니라 예전에 이곳을 지나던 나메크 인이 마봉파로 봉인한 괴물들이 있다는 것. 만일 그 단지를 열었다면 큰일이다.
table_quest_text_data.rdf	126711	[metatag = 5]0
table_quest_text_data.rdf	126712	[metatag = 5]89
table_quest_text_data.rdf	126803	[metatag = 5]3
table_quest_text_data.rdf	126806	[metatag = 5]quest를 수락하고 정해진 지역으로 가면 달콤한 향기 재배맨이 스폰됩니다. 단 잡아도 잡아도 계속 옵니다. 전체 출연하는 수는 레벨에서 정해 주세요.
table_quest_text_data.rdf	126810	[metatag = 5]user가 한 일이 자신은 모른 다는 사므사므. 어찌 되었던 그 정체 모를 재배맨을 쓰러트리는 수 밖에 이제는 방법이 없다.
table_quest_text_data.rdf	126811	[metatag = 5]0
table_quest_text_data.rdf	126812	[metatag = 5]351
table_quest_text_data.rdf	126903	[metatag = 5]1
table_quest_text_data.rdf	126910	[metatag = 5]재배맨 따위에서 나온 달콤한 과일은 쓸모 없으니 먹성 좋은 사므사므에게나 가져다 주하는 보우보우
table_quest_text_data.rdf	126911	[metatag = 5]0
table_quest_text_data.rdf	126912	[metatag = 5]94
table_quest_text_data.rdf	127003	[metatag = 5]1
table_quest_text_data.rdf	127010	[metatag = 5]창고 일을 하다 보면은 종종 누가 주인인지 오랜 동안 찾아가지 않는 물건이 생긴다는 깔끔. 일을 하는 입장에서 이런 물건의 주인을 찾아 주고 싶지만 그게 어려울 때도 있다. User가 이 잃어버린 우편물의 주인을 좀 찾아 달라고 한다. 일단 이 동네에서 오래 살아온 바아바아라면 혹시 알지 않을까?
table_quest_text_data.rdf	127011	[metatag = 5]0
table_quest_text_data.rdf	127012	[metatag = 5]294
table_quest_text_data.rdf	127103	[metatag = 5]1
table_quest_text_data.rdf	127110	[metatag = 5]정체를 알 수 없는 비행체가 Yahhoi East에 착륙하고 나서 Frieza 잔당들이 급격하게 불어난 것은 사실이다. 하지만 지금까지 바아바아는 그런 일에 크게 신경쓰지 않았다. 물론 크레이터 주변에 새로운 착륙장을 건설했다는 이야기도 들었다. 아주 오래 전 나름 한명의 전사로써 지구를 구하려고 싸웠던 과거를 회상하는 바아바아. 너무 오랜 시간 동안 적이라는 말을 잊고 살았다. User에게는 지구를 구하겠다는 정의감이 느껴진다는 바아바아. 자신을 대신해서 Frieza잔당들이 무엇일을 꾸미고 있는지 좀 알아봐 달라고 한다. 기념관을 나가서 북동으로 가면 싱글벙글 고분 석문이라는 곳이 있다 그 곳의 오기란이란 기란 족에게 가면 그가 도와줄 것이라고 한다.
table_quest_text_data.rdf	127111	[metatag = 5]0
table_quest_text_data.rdf	127112	[metatag = 5]1180
table_quest_text_data.rdf	127203	[metatag = 5]1
table_quest_text_data.rdf	127206	[metatag = 5]3명중 샌드맨 연구원이 정보를 줍니다.Frieza잔당이 예전 이곳에서 부서져 버린 Frieza의  우주선 잔해를 찾고 있다. 라는 정보 입니다.
table_quest_text_data.rdf	127210	[metatag = 5]야호이 크레이터에 있는 Frieza 잔당들은 상당히 부산하게움직인다. 이미 외부 지역의 병력을 이송하기 위한 착륙장도 건설을 완료 한지 오래이다. 자신도 그들의 행동을 주시하고 있지만 이후 눈에 띄는 변화는 없다고 한다. 분위기를 보아서는 무언가를 찾고 있는 듯한데 정확하게는 알 수 없다고 한다. 그들의 의도를 먼저 좀 파악할 필요가 있어 보인다. RP군이라면 탈주병이라도 있어서 수소문을 해보면 정보가 좀 나올 텐데 Frieza잔당들에게서는 탈주병 조차 없다. 있다고 해도 적어도 Yahhoi East에는 없는 듯하다. 일단 캠프에 있는 사람들의 소문을 모아 보자.
table_quest_text_data.rdf	127211	[metatag = 5]0
table_quest_text_data.rdf	127212	[metatag = 5]135
table_quest_text_data.rdf	127220	"[metatag = 5][npc = ""4071107""]"
table_quest_text_data.rdf	127222	"[metatag = 5][npc = ""1752103""]"
table_quest_text_data.rdf	127224	"[metatag = 5][npc = ""1551107""]"
table_quest_text_data.rdf	127303	[metatag = 5]1
table_quest_text_data.rdf	127310	[metatag = 5]보우보우는 애완동물로 거북을 기르고 있지만 버릇이 없어서 거의 방목 하고 있다. 재미있게도 그 거북들은 다 사람 처럼 말을 할 수가 있는 모양이다. 말이 애완용이니 사실 식객이나 다름이 없다. 여하간 집나간 이 거북들에게 돌아오라는 말을 전해 달라는 보우보우. 거북이들의 제일 맏이인 일남이에게 전해줄면 될 듯하다.
table_quest_text_data.rdf	127311	[metatag = 5]0
table_quest_text_data.rdf	127312	[metatag = 5]995
table_quest_text_data.rdf	127403	[metatag = 5]2
table_quest_text_data.rdf	127410	[metatag = 5]고고학자 이구아나 존스 박사. 하지만 해야 할 연구는 전혀 못하고 있다. 원래라면 싱글벙글 고분에 이미 들어가 이써야 하는데 전혀 그러지 못하고 있다. 게다가 자신이 연구 목적으로 가지고 온 발굴용 도구들을 Frieza잔당들이 모조리 훔쳐서는 자신들의 작업에 쓰고 있다. 이구아나 존스의 발굴용 장비들을 다시 찾아 주자.
table_quest_text_data.rdf	127411	[metatag = 5]0
table_quest_text_data.rdf	127412	[metatag = 5]746
table_quest_text_data.rdf	127503	[metatag = 5]2
table_quest_text_data.rdf	127506	[metatag = 5]발굴계획서는 아주 적은 확률로 나옵니다. 1개만 얻으면 퀘스트 완료 입니다.
table_quest_text_data.rdf	127510	[metatag = 5]Frieza잔당이 이구아나의 발굴용 장비를 훔쳐서 사용하고 있었다는 말에 지대한 관심을 보이는 오기란. 우주선의 잔해를 찾는데 발굴용 장비가 필요한 것인가? 하는 의문을 가진다. 좌우지간 놈들의 심중을 알 수가 없으니 이럴 때는 기란족의 방식으로 일을 처리 하는 수 밖에 없다. 방법이란 직접 때려잡아 정보를 캐는 것이다.
table_quest_text_data.rdf	127511	[metatag = 5]0
table_quest_text_data.rdf	127512	[metatag = 5]746
table_quest_text_data.rdf	127603	[metatag = 5]3
table_quest_text_data.rdf	127606	[metatag = 5]미니 나레이션. 퀘스트를 받은 상황에서 전투를 시작하면 미니 나레이션이 뜹니다. 주요한 내용은 Frieza의 잔해를 찾아서 뭐에 사용하는 거냐는 user의 물음에 가르쳐 줄 수 없다. 하지만 곧 자신의  손에 죽을 목숨이니 선물로 가르쳐 주지 하는 느낌입니다. Frieza의 잔해를 이용해 Frieza의 클론을 만들어 자신들의 새로운 지도자로 삼기 위함이라는 것. 
table_quest_text_data.rdf	127610	[metatag = 5]이제 남은 방법은 오직 하나 뿐. 정보를 충분히 알고 있다고 여겨지는 적의 요인을 두둘겨 패서 정보를 불게 만드는 것이다. 과연 기란족의 방식은 과격해 보이지만 왠지 확실한 결과를 보여 줄 것 같다. 자신은 기란족의 이러한 전통적인 방식이 무척 마음에 든다는 오기란. 목표는 조사대장 테이프로세서이다.
table_quest_text_data.rdf	127611	[metatag = 5]0
table_quest_text_data.rdf	127612	[metatag = 5]480
table_quest_text_data.rdf	127613	[metatag = 5]1
table_quest_text_data.rdf	127703	[metatag = 5]1
table_quest_text_data.rdf	127710	[metatag = 5]테이프로세서를 물리쳐서 일단 적의 활동을 저지 하는 데에는 성공했지만 지금 상황을 바아바아에게 보고할 필요가 있다. 무엇보다 테이프로세서가 없다고 그들의 활동이 완전히 멈추었다고 볼 수도 없다.
table_quest_text_data.rdf	127711	[metatag = 5]0
table_quest_text_data.rdf	127712	[metatag = 5]1180
table_quest_text_data.rdf	127803	[metatag = 5]1
table_quest_text_data.rdf	127810	[metatag = 5]슬렉스는 Frieza군을 힘으로 물리쳐 내야 한다고 주장해 왔다. 평소의 과격한 성격 때문에 종종 무시를 당하지만 이제는 그의 의견을 들어야 할 때 같다며 그가 Frieza잔당을 몰아낼 방법을 연구 하고 있으니 그의 도움을 받아 보자는 바아바아. 그동안에 자신도 Freiza잔당에 대해서 나름대로 조사해 보겠다고 한다 
table_quest_text_data.rdf	127811	[metatag = 5]0
table_quest_text_data.rdf	127812	[metatag = 5]86
table_quest_text_data.rdf	127903	[metatag = 5]2
table_quest_text_data.rdf	127910	[metatag = 5]Frieza잔당은 대부분이 외계인으로 이루어져 있다. 이들을 효과적으로 물리치는 데 최고의 무기는 바로 구리스 가스이다. 아마 Frieza잔당의 외계인들은 하나같이 냄새에 약한 것 같다. 이걸 미리 시험해 보고 성공한다면 본격적인 작전이 가능해 보인다. 일단 괴물 탄개구리를 잡아 그 괴물 탄개구리의 냄새 주머니를 가지고 샌드맨 연구원에게 가자,
table_quest_text_data.rdf	127911	[metatag = 5]0
table_quest_text_data.rdf	127912	[metatag = 5]1657
table_quest_text_data.rdf	128003	[metatag = 5]2
table_quest_text_data.rdf	128006	[metatag = 5]프리더군 잔당의 모선 object를 캠프에서 멀지 않은 곳애 배치해 주세요. Object의 이름도 변경합니다. 변경된 이름은 '프리더군 잔당의 수송선' 입니다. 수송선에 악취 폭탄를 장착하면 장착한 모습으로 변합니다. 그리고 나서 약 5초정도의 시간이 지나면 폭파됩니다. 악취가 퍼지는 모습을 이펙트 처리 해주세요.
table_quest_text_data.rdf	128010	[metatag = 5]Frieza잔당에게 시험할 악취 폭탄이 완성 되었다. 이제 폭탄 만만한 장소에 배치해서 효과를 시험해 보자. 프리더군 잔당의 수송선에 폭탄을 붙인 뒤 폭파되면 그 효과를 알 수 있을 것이다.
table_quest_text_data.rdf	128011	[metatag = 5]0
table_quest_text_data.rdf	128012	[metatag = 5]1698
table_quest_text_data.rdf	128030	"[metatag = 5][object = ""240""]"
table_quest_text_data.rdf	128031	"[metatag = 5][object = ""240""]"
table_quest_text_data.rdf	128032	"[metatag = 5][object = ""240""]"
table_quest_text_data.rdf	128103	[metatag = 5]2
table_quest_text_data.rdf	128110	[metatag = 5]이제 대량의 폭탄으로 놈들의 숨통을 죄는 일만 남았다. 하지만 괴물 탄개구리의 냄새 주머니로는 대량의 악취 폭탄을 만들어 내는 것은 힘들다. 대신 Yahhoi East의 구리스 가스 폭탄이라면 대량으로 있다. 어디에? Frieza잔당의 구리스 가스 폭탄 공장이 그곳이다. 과연 Frieza잔당들은 악취에 약해서 악취를 이용한 폭탄을 만들면 큰 전력이 될 것이라고 생각하는 모양이다. 하지만 지구의 사람들은 그정도 악취는 코를 막는 정도 뿐이니 쓸데 없는 짓이 아닌가? 차라리 우리 쪽에서 그것을 훔쳐서 사용해 주면 더 좋은 이라며 키득 거리며 웃는 샌드맨.
table_quest_text_data.rdf	128111	[metatag = 5]0
table_quest_text_data.rdf	128112	[metatag = 5]2168
table_quest_text_data.rdf	128203	[metatag = 5]2
table_quest_text_data.rdf	128210	[metatag = 5]폭탄을 폭탄을 사용하려면 폭파시킬 뇌관이 필요하다. 아마 뇌관장치를 가지고 있는 것은 주변을 어슬렁 가리는 폭탄병 중 몇놈이 가지고 있을지 모른다. 세 개만 구해오자. 구하기 어려울 테니 끈기를 가지고 찾아 보자.
table_quest_text_data.rdf	128211	[metatag = 5]0
table_quest_text_data.rdf	128212	[metatag = 5]1476
table_quest_text_data.rdf	128303	[metatag = 5]2
table_quest_text_data.rdf	128310	[metatag = 5]크레이터에는 Frieza잔당의 중요 거점인 Frieza군의 착륙장이 있다. 이 착륙장은 근거지로 해서 다른 지역의 잔당들이 모이고 있다. 꽤 규모도 된다. 이 착륙장에 테러를 가하기 위해서는 착륙장의 주변을 어슬렁 거리는 잔당을 선결적으로 제거할 필요가 있다.
table_quest_text_data.rdf	128311	[metatag = 5]0
table_quest_text_data.rdf	128312	[metatag = 5]1666
table_quest_text_data.rdf	128403	[metatag = 5]2
table_quest_text_data.rdf	128406	[metatag = 5]퀘스트를 받으면 세개의 폭탄고하 더불어 원격제어 장치를 받는다. 세개의 장소에 각 폭탄을 붙이면 멘트로. 이제 적당한 장소에 원격제어 장치를 놓자라고 뜬다. Frieza군의 착륙장 근처에 원격제어장치를 놓기 좋아 보이는 장소를 미리 만들어 주세요. 그곳을 클릭하면 원격제어 장치가 놓인 모습이 연출됩니다. 다시 한번 제어장치를 사용하자는 멘트가 뜨고. 제어장치를 user가 클릭하면 착륙이 연쇄폭발 되는 장면을 연출해 주세요. 누런 구리스 가스 연기가 점점 퍼지고 (가능하면 몇명의 잔당 병사들이 밖으로 뛰쳐나와 쓰러지는 모습도 연출해 주세요) 퀘스트 보고하러 갑니다.
table_quest_text_data.rdf	128410	[metatag = 5]구해온 폭탄과 뇌관을 각자 하나씩 연결했다. 원격조종식 뇌관이니 일단 신생 Frieza군의 착륙장의 환기구 3군데에 user가 폭탄을 장착하고 나서 멀리 떨어진 적당한 장소에서 뇌관을 땅에 놓고 폭파 시키면 된다.
table_quest_text_data.rdf	128411	[metatag = 5]0
table_quest_text_data.rdf	128412	[metatag = 5]1058
table_quest_text_data.rdf	128503	[metatag = 5]2
table_quest_text_data.rdf	128506	[metatag = 5]반복용
table_quest_text_data.rdf	128510	[metatag = 5]괴물 탄개구리의 냄새 주머니는 Frieza잔당을 퇴치하는데 아주 주요한 재료이다. 더 많은 괴물 탄개구리의 냄새 주머니를 구해오라는 샌드맨 연구원.그러면 수고비를 주겠다고 한다. 단지 그냥 괴물 탄개구리 보다는 미디움 괴물 탄개구리의 냄새 주머니는 더 효과가 있을 것이다, 그것을 구해와라.
table_quest_text_data.rdf	128511	[metatag = 5]0
table_quest_text_data.rdf	128512	[metatag = 5]2450
table_quest_text_data.rdf	128603	[metatag = 5]2
table_quest_text_data.rdf	128606	[metatag = 5]반복용
table_quest_text_data.rdf	128610	[metatag = 5]괴물 탄개구리의 냄새 주머니는 Frieza잔당을 퇴치하는데 아주 주요한 재료이다. 더 많은 괴물 탄개구리의 냄새 주머니를 구해오라는 샌드맨 연구원.그러면 수고비를 주겠다고 한다. 단지 그냥 괴물 탄개구리 보다는 웰던 괴물 탄개구리의 냄새 주머니는 더 효과가 있을 것이다, 그것을 구해와라.
table_quest_text_data.rdf	128611	[metatag = 5]0
table_quest_text_data.rdf	128612	[metatag = 5]1906
table_quest_text_data.rdf	128703	[metatag = 5]1
table_quest_text_data.rdf	128710	[metatag = 5]이제 자신이 할 일중 하나는 일단락이 되었다는 샌드맨 그간의 성과를 슬랙스에게 보고 하라고 한다.
table_quest_text_data.rdf	128711	[metatag = 5]0
table_quest_text_data.rdf	128712	[metatag = 5]1109
table_quest_text_data.rdf	128803	[metatag = 5]2
table_quest_text_data.rdf	128810	[metatag = 5]거북이 일남이는 자신의 형제들을 찾고 있다.  자신의 형제들은 Yahhoi 크레이터의 어딘가에 있을 것이며 딱 보면 알 수 있다고 한다. 그들을 좀 찾아서 자신이 여기서 기다리고 있다는 것을 알려 달라고 한다.
table_quest_text_data.rdf	128811	[metatag = 5]0
table_quest_text_data.rdf	128812	[metatag = 5]2713
table_quest_text_data.rdf	128903	[metatag = 5]1
table_quest_text_data.rdf	128910	[metatag = 5]자신의 형제들이 모두 모이면 집으로 돌아 갈테니 말좀 전해 달라는 일남이
table_quest_text_data.rdf	128911	[metatag = 5]0
table_quest_text_data.rdf	128912	[metatag = 5]995
table_quest_text_data.rdf	129003	[metatag = 5]2
table_quest_text_data.rdf	129006	[metatag = 5]Frieza잔당의 통신 안테나에 통신 교란기를 사용하면 이제 오기란에게 돌아가서 보고 하자는 말이 뜹니다. 몇 개의 통신 안테나를 교란 시킬지는 레벨 쪽에서 결정해 주세요.
table_quest_text_data.rdf	129010	[metatag = 5]Frieza잔당의 원래 거점은 mmushroom 보다도 더 남쪽에 있다. 그럼에도 불구하고 Yahhoi East로 부대를 계속 보낼 수 있는 것은 두 지역간에 통신이 원활하게 이루어 지고 있기 때문이다. 문제는 Frieza잔당의 통신 안테나. 안태나가 있는 위치를 파악하고 그 시설을 무력화 시킬 필요가 있다. 오기란은 user게 교란장치를 준다. 일단 통신 안테나의 위치를 찾자. 주변에 방해 하는 적들이 많이 있을 테니 충분히 주의를 기울이자.
table_quest_text_data.rdf	129011	[metatag = 5]0
table_quest_text_data.rdf	129012	[metatag = 5]2252
table_quest_text_data.rdf	129030	"[metatag = 5][object = ""78""]"
table_quest_text_data.rdf	129031	"[metatag = 5][object = ""78""]"
table_quest_text_data.rdf	129032	"[metatag = 5][object = ""78""]"
table_quest_text_data.rdf	129103	[metatag = 5]2
table_quest_text_data.rdf	129106	[metatag = 5]Frieza잔당의 레이더에 레이더 교란기를 사용하면 이제 오기란에게 돌아가서 보고 하자는 말이 뜹니다. 몇 개의 통신 레이더를 교란 시킬지는 레벨 쪽에서 결정해 주세요.
table_quest_text_data.rdf	129110	[metatag = 5]Frieza잔당의 야영지를 잘 살펴보면 높게 솟아 있는 탑 같은 것 들이 있다. 현재 예상하기로는 아마도 주변의 상황을 감시하는 레이더 같은 것을 예상된다. 레이더 교란기를 사용해서 교란이 가능 할 것 같다.
table_quest_text_data.rdf	129111	[metatag = 5]0
table_quest_text_data.rdf	129112	[metatag = 5]1468
table_quest_text_data.rdf	129130	"[metatag = 5][object = ""242""]"
table_quest_text_data.rdf	129131	"[metatag = 5][object = ""242""]"
table_quest_text_data.rdf	129132	"[metatag = 5][object = ""242""]"
table_quest_text_data.rdf	129203	[metatag = 5]1
table_quest_text_data.rdf	129210	[metatag = 5]야호이 크레이터t는 지금은 황무지가 많지만 옛날에는 큰 호수가 있었던 풍요로운 지역이 었다는 설이 있다. 자신은 그 설을 강하게 믿고 있지만 몇몇 학자들은 믿지 못하고 있다는 것. 그것을 증명하기 위해서 무언가가 필요한데 아직까지 찾지 못하고 있다. 들리는 소문에는 아주 오래된 거대한 생선의 화석이 있다고 한다. User가 그것을 찾아 주면 고맙겠다는 아구아나
table_quest_text_data.rdf	129211	[metatag = 5]0
table_quest_text_data.rdf	129212	[metatag = 5]466
table_quest_text_data.rdf	129303	[metatag = 5]1
table_quest_text_data.rdf	129307	[metatag = 5]…
table_quest_text_data.rdf	129309	[metatag = 5]…
table_quest_text_data.rdf	129310	[metatag = 5]이구아나 박사에게 보고를 하자.
table_quest_text_data.rdf	129311	[metatag = 5]0
table_quest_text_data.rdf	129312	[metatag = 5]466
table_quest_text_data.rdf	129403	[metatag = 5]2
table_quest_text_data.rdf	129406	[metatag = 5]Frieza잔당의 야전캠프에 폭탄를 사용하면 5초간 카운트 다운을 합니다.(말풍선) 이후 폭탄이 터집니다. 이제 오기란에게 돌아가서 보고 하자는 말이 뜹니다. 몇 개를 폭파 시킬지는 레벨 쪽에서 결정해 주세요. 폭파 될때 근처에 있으면 User도 경미한 데미지를 입습니다. 
table_quest_text_data.rdf	129410	[metatag = 5]야호이 크레이터의 주변에는 Frieza잔당의 야영지가 곳곳에 있다. 상당수의 병사들이 채류하고 있기 때문에 야전캠프도 있으니 이를 파괴하자. User에게 폭탄을 주는 오기란 . 그런데 묘하게 오기란이 주는 폭탄에 CC의 마크가 붙어 있다. 귀한 물건이니 낭비는 절대 용납 못한다는 오기란.
table_quest_text_data.rdf	129411	[metatag = 5]0
table_quest_text_data.rdf	129412	[metatag = 5]1324
table_quest_text_data.rdf	129430	"[metatag = 5][object = ""243""]"
table_quest_text_data.rdf	129431	"[metatag = 5][object = ""243""]"
table_quest_text_data.rdf	129432	"[metatag = 5][object = ""243""]"
table_quest_text_data.rdf	129503	[metatag = 5]2
table_quest_text_data.rdf	129506	[metatag = 5]애호이 크레이터 주변의 거대한 Frieza UFO의 이름을 Frieza 잔당 모선으로 교체해 주세요. 트리거의 이름도 프리더군 모선으로 교체해 주세요. 고성능 폭탄을 사용하면 10초의 카운트 다운을 합니다. 폭파 될때 근처에 있으면 큰 데미지를 입습니다.
table_quest_text_data.rdf	129510	[metatag = 5]왜 자신이 이렇게 심하게 Frieza잔당을 괴롭히는데 열을 올리는지 아냐고 묻는 오기란. 이제와서 이야기 하는 것이지만 자신은 원래 CC에서 파견된 직원이라고 한다. CC에서 무슨 일을 하는지 어디 소속인지 자세히 이야기 하지는 못하겟지만 CC도 언제나 놈들의 악행을 가만히 지켜보고만 있는 것은 아니라고 한다. 지금가지 User에세 많은 도움을 받았으니 앞으로도 뭔가 도울일이 있으면 찾아 오라고 당부 한다. 그럼 이제 마지막으로 놈들의 모선을 박살내어 일침을 가하는 것만 남았다. 그러면서 User에게 고성능 폭탄을 넘겨준다. 이 폭탄으로 적의 모선을 찾아 그 하단에 있는 엔지을 부수어 버리면 된다. 모선의 장갑은 단단하기 때문에 보통 폭탄으로는 어림도 없다. 모선이란 모선을 모두 찾아내서 부수어 버리자.
table_quest_text_data.rdf	129511	[metatag = 5]0
table_quest_text_data.rdf	129512	[metatag = 5]1684
table_quest_text_data.rdf	129530	"[metatag = 5][object = ""244""]"
table_quest_text_data.rdf	129531	"[metatag = 5][object = ""244""]"
table_quest_text_data.rdf	129532	"[metatag = 5][object = ""244""]"
table_quest_text_data.rdf	129603	[metatag = 5]2
table_quest_text_data.rdf	129610	[metatag = 5]자신의 형제들이 있는 곳으로 가고 싶지만 바삭 랩터 때문에 무서워서 도저히 움직이질 못하겠다는 이남이.
table_quest_text_data.rdf	129611	[metatag = 5]0
table_quest_text_data.rdf	129612	[metatag = 5]698
table_quest_text_data.rdf	129703	[metatag = 5]2
table_quest_text_data.rdf	129710	[metatag = 5]자신의 형제들이 있는 곳으로 가고 싶지만 반건조 랩터 때문에 무서워서 도저히 움직이질 못하겠다는 삼남이.
table_quest_text_data.rdf	129711	[metatag = 5]0
table_quest_text_data.rdf	129712	[metatag = 5]856
table_quest_text_data.rdf	129803	[metatag = 5]3
table_quest_text_data.rdf	129810	[metatag = 5]다른 형제들과는 달리 강인한 느낌의 사남이. 그래도 거북이는 거북이이다. 자신은 집을 나온 것이 아니라 큰 구멍사우루스를 만나서 예전에 자신의 도전을 받아 들이지 않았던 복수를 하려고 한다는 것. User가 자기 대신 복수를 해준다면 돌아갈 의향이 있다고 한다.
table_quest_text_data.rdf	129811	[metatag = 5]0
table_quest_text_data.rdf	129812	[metatag = 5]486
table_quest_text_data.rdf	129813	[metatag = 5]1
table_quest_text_data.rdf	129903	[metatag = 5]1
table_quest_text_data.rdf	129906	[metatag = 5]Quest를 수락하면 사남이를 등에 업고 사남이 NPC는 순간적으로 사라집니다. 그리고 시간이 좀 지나면 자동으로 리스폰 됩니다. 사남이는 꼬리와 뒷다리를 속으로 넣은 상태에서 지게에 짊어지고 갑니다. 때때로 머리가 들어갔다 나왔다 합니다. 거북등껍질 메고가는 거랑 분명한 차이를 줘야 합니다.
table_quest_text_data.rdf	129910	[metatag = 5]user가 수고해 준 것은 참으로 고마운데 한 곳에 너무 오래 머물러서 그런지 허리가 움직이지 않는 다는 사남이… 거북이도 허리가 있냐는 질문에 그런 자잘한  질문은 그만 두고 자신을 형님 일남이가 있는 곳 까지 업어서 라도 데려다 달라는 말을 한다.
table_quest_text_data.rdf	129911	[metatag = 5]0
table_quest_text_data.rdf	129912	[metatag = 5]1194
table_quest_text_data.rdf	130003	[metatag = 5]3
table_quest_text_data.rdf	130006	[metatag = 5]Quest,를 수락하면 보급품 차량이 스폰되어 이동을 시작합니다. 이동 하는 도중 Mob 팬더 도적들이 나타나서 공격 합니다.
table_quest_text_data.rdf	130010	[metatag = 5]샌드맨 연구원은 Frieza잔당과 맞서기 위해서 많은 일을 하고 있다. 그를 지원 하기 위해서 주기적으로 싱글벙글 고분 석문에 보급품을 보내고 있다. 풍족한 양은 아니지만 이 수송 차량을 노리는 놈들이 꽤 많다. User가 호위 해주기를 바라는 슬랙스
table_quest_text_data.rdf	130011	[metatag = 5]0
table_quest_text_data.rdf	130012	[metatag = 5]1262
table_quest_text_data.rdf	130103	[metatag = 5]3
table_quest_text_data.rdf	130110	[metatag = 5]구부정 사우르스는 강하다. 적어도 자신은 그렇게 생각한다는 지모트. 자신은 꽤 수련 했지만 이길 수 없었다고 한다. User는 과연 잡을 수 있을까? 수련이라고 생각하고 한번 해보라고 꼬시는 지모트
table_quest_text_data.rdf	130111	[metatag = 5]0
table_quest_text_data.rdf	130112	[metatag = 5]914
table_quest_text_data.rdf	130113	[metatag = 5]1
table_quest_text_data.rdf	130203	[metatag = 5]3
table_quest_text_data.rdf	130206	[metatag = 5]정찰 로보는 야호이 크레이터가 있는 곳까지 갑니다. 그리고 약 5초간 정찰활동을 합니다. 정찰하는 듯한 멘트 필요. 그리고 다시 돌아 옵니다.
table_quest_text_data.rdf	130210	[metatag = 5]Frieza잔당의 동태를 알고 싶다는 오기란. 적을 알아야 적을 때려 눕힐 것이 아닌가? 그런 이유에서 정찰 로봇을 보내고 싶은데 User가 호위를 좀 해달라고 부탁한다.목표는 야호이 크레이터. 주변을 정찰하고 다시 돌아 와야 하니 오는 것 까지 부탁하네
table_quest_text_data.rdf	130211	[metatag = 5]0
table_quest_text_data.rdf	130212	[metatag = 5]1841
table_quest_text_data.rdf	130303	[metatag = 5]3
table_quest_text_data.rdf	130310	[metatag = 5]지난 번 user가 호위를 했던 정찰 로보의 데이터에 Frieza잔당에 대한 특이점은 없었는데 반명 크레이터 내부에 이상한 그림자가 있는 것을 발견했다. 그냥 보기에는 무슨 동물 같기도 한다. 한번 직접가서 확인을 부탁하는 오기란
table_quest_text_data.rdf	130311	[metatag = 5]0
table_quest_text_data.rdf	130312	[metatag = 5]1072
table_quest_text_data.rdf	130403	[metatag = 5]1
table_quest_text_data.rdf	130410	[metatag = 5]이 망가진 심장을 보면 잘 알만한 사람에게 전달해서 조사해 보는 것이 좋다고 보는 오기란. 하지만 지금 당장은 떠오르는 사람이 없으니 바아바아에게 가지고 가자.
table_quest_text_data.rdf	130411	[metatag = 5]0
table_quest_text_data.rdf	130412	[metatag = 5]1320
table_quest_text_data.rdf	130503	[metatag = 5]1
table_quest_text_data.rdf	130510	[metatag = 5]뜬금없이 user가 무슨 목적으로 이 Yahhoi East까지 왔는지 물어 보는 바아바아. 과연 Bone장군에 대해 조사를 하러 온 것이라면 당연히 비밀의 화원의 페어리 조를 찾아 가야 할 것이라는 이야기를 해준다. 그녀…는 과거 Bone장군의 연인이었으니 알 수 있는 정보가 많을 것이다. 그녀를 찾아 가자.
table_quest_text_data.rdf	130511	[metatag = 5]0
table_quest_text_data.rdf	130512	[metatag = 5]1022
table_quest_text_data.rdf	130603	[metatag = 5]2
table_quest_text_data.rdf	130610	[metatag = 5]Frieza잔당을 골탕 먹이는데 효과적인 냄세 재료가 더 있다, 그것은 꼬랑지냥 냄새 주머니이다. Frieza잔당을 혼내주기 위해서는 더 많은 냄새들이 필요하다. 꼬랑지냥 냄새 주머니를 모아오자
table_quest_text_data.rdf	130611	[metatag = 5]0
table_quest_text_data.rdf	130612	[metatag = 5]1642
table_quest_text_data.rdf	130703	[metatag = 5]3
table_quest_text_data.rdf	130710	[metatag = 5]트로피칼 파우더역시 매운 맛이 일품이라는 이야기. 혹시 비밀의 화원으로 갈일이 있다면 좀 구해다 달라는 아뜨아뜨.
table_quest_text_data.rdf	130711	[metatag = 5]0
table_quest_text_data.rdf	130712	[metatag = 5]1906
table_quest_text_data.rdf	130713	[metatag = 5]1
table_quest_text_data.rdf	130803	[metatag = 5]1
table_quest_text_data.rdf	130810	[metatag = 5]잃어버린 우편물의 주인이 누군지 알아냈다는 바아바아. 이 부근에는 없고 싱글벙글 고분 석문의 호타리 도주병이 그 주인이라는 바아바아
table_quest_text_data.rdf	130811	[metatag = 5]0
table_quest_text_data.rdf	130812	[metatag = 5]1175
table_quest_text_data.rdf	130903	[metatag = 5]1
table_quest_text_data.rdf	130910	[metatag = 5]Frieza잔당의 활동 때문에 이구아나 존스 박사가 재대로 된 연구를 못하고 있다고 투덜대고 있다. 그를 찾아가서 도움을 주면 Frieza잔당도 막고 연구도 돕는 일거양득이 될거 같다. 그를 찾아가 보자.
table_quest_text_data.rdf	130911	[metatag = 5]0
table_quest_text_data.rdf	130912	[metatag = 5]1193
table_quest_text_data.rdf	131003	[metatag = 5]2
table_quest_text_data.rdf	131006	[metatag = 5]반복용
table_quest_text_data.rdf	131010	[metatag = 5]Frieza잔당들은 싱글벙글 고분에 있다. 대체 무슨 목적을 가지고 있는 지는 모르겠지만 그들이 있는 이상 고분 발굴은 물건너 갔다. 그들을 좀 없애 달라고 요청한다.
table_quest_text_data.rdf	131011	[metatag = 5]0
table_quest_text_data.rdf	131012	[metatag = 5]2250
table_quest_text_data.rdf	131103	[metatag = 5]2
table_quest_text_data.rdf	131110	[metatag = 5]Frieza잔당들은 싱글벙글 고분에 있는 것은 아마도 희귀한 것이 있으면 고분에다 갖다 바치는 이 지방의 풍습 때문일 것이라는 이야기를 슬랙스. 그곳에 Frieza의 우주선 잔해가 올라갔다는 소문이 있다. 만일 그것이 사실이라면 큰일이다. 일단 부근의 Frieza군을 모조리 잡아서 가지고 있는 관련된 물건들을 빼앗아 오자. 무척이나 무식해 보이는 방법이지만 효과는 있어 보인다.
table_quest_text_data.rdf	131111	[metatag = 5]0
table_quest_text_data.rdf	131112	[metatag = 5]2282
table_quest_text_data.rdf	131203	[metatag = 5]2
table_quest_text_data.rdf	131210	[metatag = 5]고분이라는 것은 노리는 사람이 무척 많다. 당연히 사람들은 보물을 위해서 고분을 노리지만 동물들은 고분의 안으로 굴을 파고 들어가는 습성을 가지고 있다. 특히 그안에 먹을 만한 무언가가 있을 경우는 더욱 심하다. 족제비냥과 꼬랑지냥를 잡아서 그들이 가지고 있는 유골을 좀 모아 달라는 이구아나. 중요한 유골을 모두 동물들이 가지고 있어서야 연구가 되겠나?
table_quest_text_data.rdf	131211	[metatag = 5]0
table_quest_text_data.rdf	131212	[metatag = 5]1642
table_quest_text_data.rdf	131303	[metatag = 5]2
table_quest_text_data.rdf	131310	[metatag = 5]고분을 발굴하기 앞서서 주변의 지질 조사가 필요하다. 지층을 조사해서 그연대를 측정 그리고 나서 발굴에 들어가는 것이다. 문제는 지층 조사를 하려면 많은 시간을 소모 하는데 주변을 어슬렁 거리는 혼령몽들 때문에 힘이 든다는 것이다 그들을 좀 제거해 주엇으면 하는 이구아나.
table_quest_text_data.rdf	131311	[metatag = 5]0
table_quest_text_data.rdf	131312	[metatag = 5]1890
table_quest_text_data.rdf	131403	[metatag = 5]3
table_quest_text_data.rdf	131406	[metatag = 5]Quest를 수락하면 지층조사 로보이 스폰되어 이동을 시작합니다.
table_quest_text_data.rdf	131410	[metatag = 5]옜날에는 고고학자들이 직접 지층 조사를 나가곤 했는데 이제는 그럴 필요가 없다. 지층 조사를 대신해줄 로봇을 보내면 그만이다. User가 만일 한가하다면 그 로봇을 좀 호위헤 달라고 한다. 고분 근처까지만 가면 된다.
table_quest_text_data.rdf	131411	[metatag = 5]0
table_quest_text_data.rdf	131412	[metatag = 5]2826
table_quest_text_data.rdf	131503	[metatag = 5]3
table_quest_text_data.rdf	131506	[metatag = 5]싱글벙글의 혼령을 잡으면 미니나레이션으로 잠깐 자신이 어덯게 된듯 하다며 이제 정신을 차렸으니 고맙다는 말을 남긴다.
table_quest_text_data.rdf	131510	[metatag = 5]큰일 났다는 오기란. Frieza잔당들이 고분을 들쑤시는 바람에 고분의 주인인 싱글벙글의 혼령이 폭주하는 사태가 일어났다고 한다. 분명 Frieza잔당의 잘못이지만 폭주한 혼령을 두둘겨 패서라도 조종하게 만들지 않으면 여러가지 부작용이 생길 듯하다.
table_quest_text_data.rdf	131511	[metatag = 5]0
table_quest_text_data.rdf	131512	[metatag = 5]2448
table_quest_text_data.rdf	131513	[metatag = 5]1
table_quest_text_data.rdf	131603	[metatag = 5]1
table_quest_text_data.rdf	131610	[metatag = 5]아무 생각없이 에라에게 투덜 거렸던 것이 이런 예상치 못한 행운을 가져 왔다며 이제 자신은 본격적인 고분 발굴에 들어 갈 것이니 User는 이 기쁜 소식을 에라에게 전해 달라고 한다. 
table_quest_text_data.rdf	131611	[metatag = 5]0
table_quest_text_data.rdf	131612	[metatag = 5]1193
table_quest_text_data.rdf	131703	[metatag = 5]3
table_quest_text_data.rdf	131710	[metatag = 5]트로피칼 바늘 재배맨은 왜 그런 이름이 붙은 것일까? 하는 의문을 가지고 있는 꿩도사.트로피칼 바늘 재배맨을 잡으면 그 안에서 열대 과일이 나오는 것일까? User에게 한번 잡아 보라고 시키는 뀡도사 자신은 요즘 허리가 않좋아서 할 수 없다고 한다.
table_quest_text_data.rdf	131711	[metatag = 5]0
table_quest_text_data.rdf	131712	[metatag = 5]612
table_quest_text_data.rdf	131713	[metatag = 5]1
table_quest_text_data.rdf	131803	[metatag = 5]2
table_quest_text_data.rdf	131806	[metatag = 5]Quest 수락 직후 절대 들어 주고 싶지 않은 일이지만 필요한 정보를 얻기 위해서는 일단 부탁을 들어 주자. 라는 user의 멘트가 뜹니다.
table_quest_text_data.rdf	131810	[metatag = 5]자신을 사랑한다면 용감하게 큰 족제비냥을 잡아 그 모피를 가져와 사랑을 증명해 달라는 소리는 하는 페어리 조. 이런 말도 않되는 부탁을 들어 주어야 하는 건가???
table_quest_text_data.rdf	131811	[metatag = 5]0
table_quest_text_data.rdf	131812	[metatag = 5]770
table_quest_text_data.rdf	131903	[metatag = 5]2
table_quest_text_data.rdf	131906	[metatag = 5]반복용
table_quest_text_data.rdf	131910	[metatag = 5]자신을 이 비밀의 화원에서 유일하게 양봉업을 하고 있는 조조라고 한다. 남들은 모두 페어리 조를 피하기 위해서 이곳에 오지 않지만 맛난 꿀을 얻을 수 있는 최적의 장소를 놓치는 것은 마인으로써는 죄악이다. 그런 귀중한 장소를 최근 난폭해진 캥거루들이 마구 짓밟고 다녀서 말이 아니다. 놈들을 좀 처리해 달라는 조조.
table_quest_text_data.rdf	131911	[metatag = 5]0
table_quest_text_data.rdf	131912	[metatag = 5]957
table_quest_text_data.rdf	132003	[metatag = 5]2
table_quest_text_data.rdf	132010	[metatag = 5]스스로를 거북선인보다 강하다고 믿고 있는 자라선인. 자신이 하라는 대로 하면 User는 지금보다 훠~얼씬 강해 질 수 있다며 당장 달려가 주변을 베회하는 화원 침벌들을 잡으라고 한다.
table_quest_text_data.rdf	132011	[metatag = 5]0
table_quest_text_data.rdf	132012	[metatag = 5]616
table_quest_text_data.rdf	132103	[metatag = 5]2
table_quest_text_data.rdf	132110	[metatag = 5]자신은 그 유명한 학선사의 측근이라며 우쭐대는 꿩도사 그러니 자신이 하라는 대로만 하면 강해 질 수 있으니 당장 화원 독침벌을 닥치는 대로 잡으라고 한다.
table_quest_text_data.rdf	132111	[metatag = 5]0
table_quest_text_data.rdf	132112	[metatag = 5]140
table_quest_text_data.rdf	132203	[metatag = 5]2
table_quest_text_data.rdf	132210	[metatag = 5]대체 누가 화원의 중요한 벌들을 모조리 죽이고 있는지 화를 내는 조조. 쓸모 없는 자라선인과 꿩도사는 그럴 능력이 없고 분명 User가 그런 거라는 이야기를 하는 조조. 이일에 책임을 지라며 두 벌의 천적인 바늘벌을 없애라고 윽박을 지른다.
table_quest_text_data.rdf	132211	[metatag = 5]0
table_quest_text_data.rdf	132212	[metatag = 5]390
table_quest_text_data.rdf	132303	[metatag = 5]3
table_quest_text_data.rdf	132310	[metatag = 5]이 순진해 보이는 도마뱀은 야생의 느낌이 없다. 아마도 누군가에게 사육되고 있는 모양이다. User를 물끄러미 바라보던 도마뱀은 갑자기 움직이기 시작한다. 어딘가로 가는 모양이다 도마뱀을 따라가 보자.
table_quest_text_data.rdf	132311	[metatag = 5]0
table_quest_text_data.rdf	132312	[metatag = 5]157
table_quest_text_data.rdf	132403	[metatag = 5]2
table_quest_text_data.rdf	132410	[metatag = 5]User를 자신이 오해 했으니 원하는 걸 말하면 들어 주겠다는 페어리 조. Bone장군에 대한 것을 물어 보자. 자신의 개인적인 이야기를 아무렇지 않게 이야기 할 수 있는 여자는 없다며 못된 꼬랑지냥의 가죽을 가져다 준다면  어느정도 이야기 해줄 용의는 있다고 한다. 
table_quest_text_data.rdf	132411	[metatag = 5]0
table_quest_text_data.rdf	132412	[metatag = 5]698
table_quest_text_data.rdf	132413	[metatag = 5]1
table_quest_text_data.rdf	132503	[metatag = 5]2
table_quest_text_data.rdf	132510	[metatag = 5]비밀의 화원에서 생산되는 벌꿀은 당도가 높고 지극히 맛이 좋아서 상당히 유명한 식재료이다. 특히 마인들이 좋아 한다. 그러나 요즈음 이곳에는 없었던 캥거루들이 들이 닥쳐서 꽃을 마구 밣고 다녀서 양봉업에 타격이 크다. 아마도 Frieza잔당이나 RP군의 잔당들이 늘어나며 캥거루들을 닥치는 대로 사냥하는 것이 문제인 듯하다. 임시 방편으로 이곳에 있는 캥거루들을 잡는 것도 방법이지만 화원 밖의 Frieza잔당의 어떻게 하지 않으면 문제의 근원은 해결되지 않는다.
table_quest_text_data.rdf	132511	[metatag = 5]0
table_quest_text_data.rdf	132512	[metatag = 5]1594
table_quest_text_data.rdf	132603	[metatag = 5]2
table_quest_text_data.rdf	132606	[metatag = 5]낼름 괴굴사우루스의 고기를 받아 들고는 한번에 통째로 삼켜버리는 페어리 조 연출해 주세요. 대사->연출->대사 순서로 합니다
table_quest_text_data.rdf	132610	[metatag = 5]우울해 하는 페어리 조. 항상 밝고 명랑한 자신이지만 옛사랑을 떠올리면 자신도 이따금 우울해 진다고 한다. 이럴 때는 배부르게 먹으면 기분이 풀린다는 페어리 조. 어서 가서 낼름 괴굴사우루스를 잡아 그 고기를 가져오라고 한다. 그러면 Bone장군에 대한 다른 이야기를 해 주겠다고 한다. 이런 기분으로 더 이상 이야기 하는 것은 무리다.
table_quest_text_data.rdf	132611	[metatag = 5]0
table_quest_text_data.rdf	132612	[metatag = 5]1156
table_quest_text_data.rdf	132703	[metatag = 5]2
table_quest_text_data.rdf	132706	"[metatag = 5]반복용. 멘트. 정찰기에 접착제를 사용할떼 멘트 필요. 정찰기에 접착제를 한번 사용 할 때마다 레진성인 엘리트 Mob이 한마리씩 소환 되어 User를 공격합니다. 레진성인 엘리트 소환 될때 멘트 필요.
(Mob 소환 없이 감)"
table_quest_text_data.rdf	132710	[metatag = 5]자신은 RP군과 Frieza잔당에세 속았다고 생각한다는 호타리. 왜 자신이 그 고생을 사서 하고 있었을까? 한다. 어찌 되었던, 싱글벙글 고분의 주변을 배회하는 Frieza잔당들을 임무에 대한 목적도 있지만 무덤의 보물을 도굴해서 개인적인 이익을 챙기려는 목적도 있다. 그래서 인지 작전에 필요한 것보다 많은 수의 정찰기를 끌고 왔다. 그 정찰기들 모조리 못쓰게 만들어 버리면 놈들이 무지하게 배아파 하지 않을까? User가 Frieza잔당을 격퇴하는 목적을 가지고 있지만 이 역시 좋은 작전이라고 본다는 호타리. 호타리는 user에게 한깡통 가득하게 들어가 있는 접착제를 준다. 그것을 놈들의 정찰기 연료통에 부너 넣자.
table_quest_text_data.rdf	132711	[metatag = 5]0
table_quest_text_data.rdf	132712	[metatag = 5]2354
table_quest_text_data.rdf	132730	"[metatag = 5][object = ""245""]"
table_quest_text_data.rdf	132731	"[metatag = 5][object = ""245""]"
table_quest_text_data.rdf	132803	[metatag = 5]1
table_quest_text_data.rdf	132810	[metatag = 5]부우 기념관의 외곽에 있는 두대의 로봇 이야기를 하는 보우보우. 이제 그 두 로봇의 폭주에 대해서는 진절머리가 난다며 무언가 방법을 강구 해야 겠다고 한다. 일단 두 로봇을 좀 두들겨 페서 그 로봇의 인공두뇌에 있는 AI칩을 뽑아다 와달라는 이야기를 한다. 과연 그렇게 되도 계속 움직일 수 있을까? 보통 방법으로는 힘들테니 일단 말을 것어서 둘을 도발할 필요가 있다.
table_quest_text_data.rdf	132811	[metatag = 5]0
table_quest_text_data.rdf	132812	[metatag = 5]288
table_quest_text_data.rdf	132903	[metatag = 5]3
table_quest_text_data.rdf	132906	[metatag = 5]멘트. 경비로보 알파를 두들겨 패는 동안 경비로보 베타가 사려달라고 옆에서 애원하는 멘트 필요. AI칩을 얻어 완료 상황이 되면 훌쩍거리며 울기까지 한다. 곧 있으면 경비로보 알파 다시 리스폰 됩니다. 하지만 아무렇지도 않응 듯 합니다. 그 따위 AI칩 없어도 아무렇지 않다며 콧방귀를 뀐다.
table_quest_text_data.rdf	132910	[metatag = 5]User의 도발 성공. 이제 두 놈을 두들켜 패서 칩을 뽑자. 하지만 베타는 알파와 달리 덤비지 않는다. 덤비지 않는 녀석을 때리는 것은 내키지 않으니 그만 두는 User.
table_quest_text_data.rdf	132911	[metatag = 5]0
table_quest_text_data.rdf	132912	[metatag = 5]305
table_quest_text_data.rdf	132913	[metatag = 5]1
table_quest_text_data.rdf	133003	[metatag = 5]1
table_quest_text_data.rdf	133010	[metatag = 5]아무래도 경비로보 알파의 AI칩을 서쪽 도시 대학의 레오나르투 교수에게 보여야겠다는 보우보우. User에게 칩의 배달을 부탁한다.
table_quest_text_data.rdf	133011	[metatag = 5]0
table_quest_text_data.rdf	133012	[metatag = 5]89
table_quest_text_data.rdf	133103	[metatag = 5]3
table_quest_text_data.rdf	133106	[metatag = 5]Quest를 수락하면 지하실 Map으로 텔레포트 합니다.  그리고 바로 전투 돌입합니다. 지하실에서 나올 때는 문과 충돌하면 됩니다. 지하실에서 나오면 레오나르투의 앞입니다.
table_quest_text_data.rdf	133110	[metatag = 5]갑자기 큰일 났다고 User를 찾는 박사. 왜 그런가 물어 보니 User가 준 AI칩을 시험 삼아 부착해 본 로봇이 갑자기 폭주를 일으키며 자신을 공격해와서 엉겁결에 도망을 쳤다는 것. 그 후 접근하는 사람은 모조리 공격을 하는 통에 일단 지하실에 가두어 두고 이러지도 저러지도 못하고 있다고 한다. User는 강해 보이니 지하실에 있는 그 로봇을 제압하고 예의 칩을 다시 좀 회수해 달라고 한다.
table_quest_text_data.rdf	133111	[metatag = 5]0
table_quest_text_data.rdf	133112	[metatag = 5]303
table_quest_text_data.rdf	133113	[metatag = 5]1
table_quest_text_data.rdf	133203	[metatag = 5]1
table_quest_text_data.rdf	133210	[metatag = 5]엔지니어 아케데미의 아이스타베타인 박사에게 이 AI칩과 연구 일지가 담긴 디스크를 좀 전달해 달라는 레오나르투. 그와 함께 연구를 진행 하는 방법이 좋아 보인다고 한다.
table_quest_text_data.rdf	133211	[metatag = 5]0
table_quest_text_data.rdf	133212	[metatag = 5]306
table_quest_text_data.rdf	133303	[metatag = 5]1
table_quest_text_data.rdf	133310	[metatag = 5]부우 기념관의 바아바아 할머니는 잘 지내냐고 묻는 박사. 옛날에 그래도 바아바아 할머니가 꽤 탱탱 했을 때에는 상당한 미마인 이었다며 흐뭇해 하는 박사. 좌우지간 이 일은 자신과 레오나르투에게 맏기고 돌아가 그 건방진 보우보우에게 일의 경과를 알려 주라고 한다.
table_quest_text_data.rdf	133311	[metatag = 5]0
table_quest_text_data.rdf	133312	[metatag = 5]133
table_quest_text_data.rdf	133403	[metatag = 5]2
table_quest_text_data.rdf	133410	[metatag = 5]지금은 양봉업을 하고 있지만 자신은 향신료에도 관심이 많다고 한다. 특히 비밀의 화원의 주변에 피어 있는 이상한 콫은 가까이에 있는 사람으로 하여금 세상을 아름답게 보이게 하는 힘이 있으니 이것을 잘 이용하면 행복의 향신료를 만들 수 있지 않겠냐고 묻는다. 그래서 User에게 이상한 꽃을 좀 모아 달라고 한다.
table_quest_text_data.rdf	133411	[metatag = 5]0
table_quest_text_data.rdf	133412	[metatag = 5]320
table_quest_text_data.rdf	133503	[metatag = 5]1
table_quest_text_data.rdf	133510	[metatag = 5]갑자기 페어리 조사 엄청난 미녀로 보인다는 조조. 아! User도 굉장히 멋진 사람으로 보인다는 조조. 자신이 뭔가 잘못된 건지 잘 모르겠지만 너무 행복해서 어서 페어리 조에게 사랑 고백을 해야 겠다고 한다. 그래서 연애 편지를 썼는데 부끄러워서 User가 대신 좀 전해 달라고 한다.
table_quest_text_data.rdf	133511	[metatag = 5]0
table_quest_text_data.rdf	133512	[metatag = 5]15
table_quest_text_data.rdf	133603	[metatag = 5]1
table_quest_text_data.rdf	133610	[metatag = 5]양봉업자 조조의 마은 잘 알겠지만 자신은 그 사랑을 받아 줄 수 없다는 페어리 조. 옛 사랑의 기억이 자신의 눈을 가리고 귀를 막아 아무것도 보이지 않고 들리지 않는 다고 한다. 이 슬픈 사랑의 노래를 부디 조조에게 전해 자신의 대한 연모를 포기할 수 있도록 해 달라는 것의 그녀의 바램
table_quest_text_data.rdf	133611	[metatag = 5]0
table_quest_text_data.rdf	133612	[metatag = 5]16
table_quest_text_data.rdf	133703	[metatag = 5]1
table_quest_text_data.rdf	133710	[metatag = 5]조조가 페어리 조에게 반했다는 소식이 진짜냐고 묻는 자라선인. 자신은 옛날에 파파 본의 아들이 이상한 꽃에 취해서 페어리 조를 둘도 없는 미녀라고 착각. 반했던 일을 기억 한다고 한다. 결국 두 사람은 사랑하는 사이가 되었지만 결과적으로 둘의 사랑은 어차피 이루어 질 수 없는 것이었다는 것. 그 이유는 원래 페어리 조는 여자가 아니라는 것이다. 이런 충격적인 사실을 조조는 모르고 있는제 문제는 누가 이 사실을 그에게 알려 주겠냐는 것. 당연히 User가 아니겠는가?
table_quest_text_data.rdf	133711	[metatag = 5]0
table_quest_text_data.rdf	133712	[metatag = 5]9
table_quest_text_data.rdf	133803	[metatag = 5]1
table_quest_text_data.rdf	133806	[metatag = 5]Quest를 수행하는 도중에 페어리 조와 에메랄다 두 NPC에게 말을 걸면. 순간적으로 각 NPC가 다른 모습으로 바뀝니다. 각각 페어리 조는 N_HFI_F_B2 로 에메랄다는 N_SHO_C1으로 교체해 주세요. NPC 프로필 문서에 추가 했습니다.
table_quest_text_data.rdf	133810	[metatag = 5]아무래도 조조는 지금의 자신도 그리고 User의 말도 믿을 수 없다고 한다. 자신이 지금 가지고 있는 이상한 꽃을 모두 치워 버리면 원래의 마음으로 돌아 갈까? 원래 약속한대로 이상한 꽃을 향신료로 가공하기 위해 부우 기념관의 에메랄다에게 배달해 달라고 한다. 만일 이 꽃이 정말로 그런 힘이 있다면 배달 도중에 한번 페어리 조를 보고 가보라는 조조. 그녀가 아름다운 미녀로 보인다면 소문이 사실일 것이다.
table_quest_text_data.rdf	133811	[metatag = 5]0
table_quest_text_data.rdf	133812	[metatag = 5]1062
table_quest_text_data.rdf	133903	[metatag = 5]1
table_quest_text_data.rdf	133910	[metatag = 5]user가 이상한 꽃다발을 가지고 가고 나서 페어리 조의 흉악스런 모습이 제대로 보인다는 조조. User에게 고맙다는 말을 한다. 그리고 미안하지만 하는 김에 그녀에게 예전에 보낸 연애 편지는 취소라고 꿈도 꾸지 말라고 전해 달라고 한다.
table_quest_text_data.rdf	133911	[metatag = 5]0
table_quest_text_data.rdf	133912	[metatag = 5]16
table_quest_text_data.rdf	134003	[metatag = 5]2
table_quest_text_data.rdf	134010	[metatag = 5]연꽃이 필요하는 페어리 조. 하지만 절대 연꽃 따위 자신의 취향은 아니라고 한다. 다만 자신의 언니인 픽시 톰이 연꽃을 졸아 한다는 것. 더러운 세상에서 아름답게 꽃피는 것이 마치 자신과 닮지 않았냐고 하는데 본인은 절대 인정 할 수 없다고 한다. 그래도 언니의 부탁이니 연꽃을 좀 구해다가 언니에게 가져다 달라고 부탁한다.
table_quest_text_data.rdf	134011	[metatag = 5]0
table_quest_text_data.rdf	134012	[metatag = 5]1586
table_quest_text_data.rdf	134103	[metatag = 5]2
table_quest_text_data.rdf	134106	[metatag = 5]스토프의 이력서는 비밀의 화원 주변의 샘(물)위에 둥둥 떠 있습니다.
table_quest_text_data.rdf	134110	[metatag = 5]RP군에서 도망쳐 나와서 꽤 시간이 지났지만 아직도 나아갈 방향을 모르겠다는 스토프. 수련을 해서 전사가 되는 길도 과연 좋은 선택인지 잘 모르겠다고 한다. CC에서 전 RP군의 병사들을 대상으로 리쿠르팅을 한다지만 그것도 좋은 건지 잘 모르겠다고 한다. 혹시 무언가 좋은 일자리가 있다면 가르쳐 달라는 스토프. 그러면서 자신이 고심해서 썼다는 이력서가 있는데 얼마전에 전사가 되보겠다고 설치다가 비늘바늘 재배에게 심하게 깨지고는 그 이력서를 잃어버렸다는 것이다, User가 좀 찾아 달라는 스토프. 
table_quest_text_data.rdf	134111	[metatag = 5]0
table_quest_text_data.rdf	134112	[metatag = 5]360
table_quest_text_data.rdf	134203	[metatag = 5]3
table_quest_text_data.rdf	134210	[metatag = 5]비늘바늘 재배맨 때문에 고생한 일을 생각하면 화가 머리 끝까지 치민다는 스토프.비늘바늘 재배맨에게 복수를 해달라고 한다.
table_quest_text_data.rdf	134211	[metatag = 5]0
table_quest_text_data.rdf	134212	[metatag = 5]670
table_quest_text_data.rdf	134213	[metatag = 5]1
table_quest_text_data.rdf	134303	[metatag = 5]1
table_quest_text_data.rdf	134310	[metatag = 5]이제 이력서를 찾았으니 CC에 입사지원을 해봐야 겠다는 스토프. 글도 쓸 줄 모르는 자신이 과연 쓸모가 있을지 모르지만 일단 해봐야 겠지 않냐고 한다. User에게 스카야에게 이력서를 좀 전달해 달라고 부탁한다.
table_quest_text_data.rdf	134311	[metatag = 5]0
table_quest_text_data.rdf	134312	[metatag = 5]1809
table_quest_text_data.rdf	134403	[metatag = 5]2
table_quest_text_data.rdf	134410	[metatag = 5]부우 기념관의 살림을 하다 보면 때로는 별거 아닌 물건이 다 떨어져서 곤란한 경우가 있다고 한다. 바늘도 딱 그런 경우 도대체 바늘이 몽당 어디로 갔는데 바느질을 할 수가 없다고 한다. 따끔바늘 재배맨을 잡아서 그 바늘을 좀 구해다 달라고 한다. 따끔바늘 재배맨이 가진 모든 바늘을 다 쓸수 있는 것은 아니고 특징적으로 갈색을 띄고 있는 바늘만 골라 오면 된다.
table_quest_text_data.rdf	134411	[metatag = 5]0
table_quest_text_data.rdf	134412	[metatag = 5]1894
table_quest_text_data.rdf	134503	[metatag = 5]3
table_quest_text_data.rdf	134510	[metatag = 5]꿩도사가 트로피칼 바늘 재배맨을 잡았다는 소식을 들었다는 자라선인. 과연, user에게 잡게 하고는 자신이 잡았다고 소문을 내려고 하려는 것이 꿩도사의 속셈이었던 것이다. User의 이야기를 듣고는 일을 바로 잡을 생각은 하지 않고 자신도 그 수법을 사용 해야 겠다고 한다. User가 완강히 거부 하지만 만일 들어 주지 않을 경우 페어리 조와 그렇고 그런 사이라고 헛 소문을 내겟다고 협박한다.
table_quest_text_data.rdf	134511	[metatag = 5]0
table_quest_text_data.rdf	134512	[metatag = 5]100
table_quest_text_data.rdf	134513	[metatag = 5]1
table_quest_text_data.rdf	134603	[metatag = 5]1
table_quest_text_data.rdf	134610	[metatag = 5]두 노망 난 늙은이가 서로 강하다는 것을 다투느라 주변에 죄없는 동물이나 재배맨을 닥치는 잡고 있다. 조조는 이 늙이들이 하는 짓이 보기 싫다며 유일한 방법은 그들이 좋아 하는 무력으로 제압하는 길 뿐이라고 한다. User도 이일에 어느정도 책임이 있으니 user가 직접 이 두 늙은이들을 좀 혼내 주라고 한다. 일단은 꿩도사 부터다.
table_quest_text_data.rdf	134611	[metatag = 5]0
table_quest_text_data.rdf	134612	[metatag = 5]22
table_quest_text_data.rdf	134703	[metatag = 5]3
table_quest_text_data.rdf	134706	[metatag = 5]Quest룰 수락 하면 꿩도사의 Mob버전이 스폰됩니다.  싸워서 때려 눕힙니다. 멘트 필요.
table_quest_text_data.rdf	134710	[metatag = 5]그럼 한번 자신과 재대로 겨루어보자는 꿩도사. 만일 user가 이긴다면 다시는 쓸데없이 동물들을 괴롭히지 않겠다고 한다.
table_quest_text_data.rdf	134711	[metatag = 5]0
table_quest_text_data.rdf	134712	[metatag = 5]0
table_quest_text_data.rdf	134713	[metatag = 5]1
table_quest_text_data.rdf	134803	[metatag = 5]3
table_quest_text_data.rdf	134806	[metatag = 5]Quest룰 수락 하면 자라선인의 Mob버전이 스폰됩니다.  싸워서 때려 눕힙니다. 멘트 필요.
table_quest_text_data.rdf	134810	[metatag = 5]정신 나간 꿩도사와 자신은 다르다고 주장하는 자라선인. 한번 겨루어 보자. 만일 이긴다면 헛소문을 퍼트리는 것으로 User를 협박하거나 하는 일은 결코 하지 않겠다고 한다.
table_quest_text_data.rdf	134811	[metatag = 5]0
table_quest_text_data.rdf	134812	[metatag = 5]0
table_quest_text_data.rdf	134813	[metatag = 5]1
table_quest_text_data.rdf	134903	[metatag = 5]1
table_quest_text_data.rdf	134910	[metatag = 5]가장 중요한 정보는 가장 소중한 물건과 교환하는 것이라며 자신이 소중하게 보관하고 있었던 물건이 있는데 그것을 자신의 언니가 가져가 버렸으니 그것을 찾아 달라고 한다. 그것을 가져오면 더 많은 정보를 주겠다고 한다. 언니의 이름은 픽시 톰. 여기서 북으로 올라간 나비 호수 캠프에 있다.
table_quest_text_data.rdf	134911	[metatag = 5]0
table_quest_text_data.rdf	134912	[metatag = 5]751
table_quest_text_data.rdf	135003	[metatag = 5]2
table_quest_text_data.rdf	135010	[metatag = 5]페어리 조가 아끼는 물건은 얼마전에 관측소 버스 정류소로 가는 길목에 버려서 그 부근의 스베일 들이 먹이인줄 알고 삼켜 버렸다고 한다. 그러나 구하고 싶으면 그놈들을 잡아 보라고 한다.
table_quest_text_data.rdf	135011	[metatag = 5]0
table_quest_text_data.rdf	135012	[metatag = 5]1412
table_quest_text_data.rdf	135103	[metatag = 5]1
table_quest_text_data.rdf	135110	[metatag = 5]User의 노력하는 모습이 마음에 드니 페어리 조의 보물이 뭔지 가르쳐 주겠다는 픽시 톰. 그 물건은 Bone장군이 사용하던 시가 케이스. 지금은 정확히 어디 있는지 자신도 잘 모른다고 한다. 다만 꽤 오래 전에 루비아라는 관측소 버스 정류소의 상인에게 팔아 버렸다고 한다. 생각보다 값이 나가는 물건이라서 팔아 버리고 나서 한동안 쇼핑을 잔뜩 즐겼다는 톰. 동생이 아끼는 물건인데… 그녀에게 가서 그 물건의 행방을 알아 보자.
table_quest_text_data.rdf	135111	[metatag = 5]0
table_quest_text_data.rdf	135112	[metatag = 5]1252
table_quest_text_data.rdf	135203	[metatag = 5]1
table_quest_text_data.rdf	135210	[metatag = 5]Frieza잔당이 귀중한 야호이 고분을 엉망으로 망치고 있다고 분계하는 카프리 노인. User는 분명 강해 보이니 어서 그것을 막아야 하지 않겟냐며 어서 야호이 고분으로 당장 잘려가라고  다그친다. 람멜이라는 수인을 찾아 가면 될 것이다.
table_quest_text_data.rdf	135211	[metatag = 5]0
table_quest_text_data.rdf	135212	[metatag = 5]1020
table_quest_text_data.rdf	135303	[metatag = 5]2
table_quest_text_data.rdf	135310	[metatag = 5]야호이 고분의 주변에 진을 치고 있는 것은 Frieza잔당이 아니라 RP군의 잔당이다. 어차피 배후에는 Frieza잔당이 있을 테니 사실 그게 그거다. 좌우지간 그놈들을 처리 하지 않으면 최악의 사태는 막을 수 없다.
table_quest_text_data.rdf	135311	[metatag = 5]0
table_quest_text_data.rdf	135312	[metatag = 5]376
table_quest_text_data.rdf	135403	[metatag = 5]2
table_quest_text_data.rdf	135410	[metatag = 5]야호이 고분은 옛날 수인들의 영웅이었던 야호와 호이라는 두 인물이 잠들어 있는 고분이다. 과연 영웅 답게 고분에도 많은 보물들이 있었는데 발굴을 진행하면 사사껀껀 RP군의 잔당들이 훔쳐서 달아 났다. 하지만 그 모든 보물들이 약탈을 지휘하는아베크 도굴 단장의 손에 들어 가지 않는 걸 보니 대부분 병사들이 빼돌리고 있는 듯하다. 이들을 물리치면 빼돌린 보물을 얻을 수 있을 지도 모른다. 고고학의 발전을 위해서라도 부장품들을 찾아 달라는 모어
table_quest_text_data.rdf	135411	[metatag = 5]0
table_quest_text_data.rdf	135412	[metatag = 5]188
table_quest_text_data.rdf	135503	[metatag = 5]3
table_quest_text_data.rdf	135506	[metatag = 5]Quest를 수락하면 낙타우르스가 스폰 되어 이동을 시작합니다. 도착하기 전까지 5번 정도 자리에 멈춰섭니다. 그때마다 채찍 아이템을 사용해서 때려 주어야 합니다. 그렇지 않으면 가지 않습니다. 채찍 아이템은 당연히 Quest 수락과 함께 주어 집니다.
table_quest_text_data.rdf	135510	[metatag = 5]이구아나 박사는 CC의 지원을 받아서 연구를 발굴을 진행 하기 때문에 장비나 자금에 여유가 있지만 자신은 전혀 그렇지 못하다는 모어. 왠지 이구아나를 질투하고 있는 듯하다. 다행이 이곳 야호이 고분은  다른 고분들에 비해서 보존 상태가 좋아서 유물의 수도 많다. 문제는 이 유물을 노리는 RP군의 잔당들이다. 게다가 자신은 이구아나 처럼 돈이 많지 않아서 트럭같은 부루조나 아이템이 없다고 한다. 하는 수 없이 소가 끄는 우마차에 유물을 최대한 잘 포장해서 싣고 이동한다. 주기적으로 채찍질을 하지 않으면 소들은 움직이지 않는다. User가 이 귀찮고 힘든일을 대신해 RP군으로 부터 유물을 보호해 준다면 잘 보상해 주겠다는 모어.
table_quest_text_data.rdf	135511	[metatag = 5]0
table_quest_text_data.rdf	135512	[metatag = 5]1237
table_quest_text_data.rdf	135603	[metatag = 5]1
table_quest_text_data.rdf	135610	[metatag = 5]Bone장군에 대한 정보를 모은다고 한 일을 어떻게 되가 는지 물어 보는 바아바아. User의 그간에있었던 일을 듣고는 아무리 오래된 거래라고 해도 루비아의 장부를 보면 어딘가에 그 물건에 대한 거래가 분명히 기입되어 있을 것이라는 이야기를 해준다. 설마 장부 없이 장사를 하고 있진 않을 테고…
table_quest_text_data.rdf	135611	[metatag = 5]0
table_quest_text_data.rdf	135612	[metatag = 5]1116
table_quest_text_data.rdf	135703	[metatag = 5]3
table_quest_text_data.rdf	135706	[metatag = 5]아베크 도굴 단장을 잡으면 트리거 아이템 야호이 출토품을 얻습니다.
table_quest_text_data.rdf	135710	[metatag = 5]결국 아베크 도굴 단장을 물리쳐야만 RP잔당의 유물 약탈을 막을 수 있을 것이다.
table_quest_text_data.rdf	135711	[metatag = 5]0
table_quest_text_data.rdf	135712	[metatag = 5]284
table_quest_text_data.rdf	135713	[metatag = 5]1
table_quest_text_data.rdf	135803	[metatag = 5]2
table_quest_text_data.rdf	135806	[metatag = 5]반복용
table_quest_text_data.rdf	135810	[metatag = 5]Yahhoi East의 고분들에는 항상 혼령들이 있다. 그 무덤의 주인인 경우도 있고 그렇지 않은 경우도 잇지만 어찌되었건 무덤을 어리럽히면 혼령들은 분노하게 되어 있다. 큰혼령몽들을 때려 잡아서라도 진정 시키자.
table_quest_text_data.rdf	135811	[metatag = 5]0
table_quest_text_data.rdf	135812	[metatag = 5]284
table_quest_text_data.rdf	135903	[metatag = 5]2
table_quest_text_data.rdf	135906	[metatag = 5]반복용
table_quest_text_data.rdf	135910	[metatag = 5]이건 이제 누구나 다아는 사실이 되었지만 Frieza잔당들이 냄새에 약하다. 그러다보니 CC의 구리스 가스 관측소를 항시 노리고 있다. 아마 그 안에 들어가면 무언가 깜짝 놀랄 만한 연구 자료가 있을 것이라고 생각하는 모양이다. 하지만 본인들이 직접 일을 진행하기는 겁이 나는지 RP군의 잔당들을 쓰고 있다.
table_quest_text_data.rdf	135911	[metatag = 5]0
table_quest_text_data.rdf	135912	[metatag = 5]788
table_quest_text_data.rdf	136003	[metatag = 5]3
table_quest_text_data.rdf	136006	[metatag = 5]관측소 버스 정류소 근처의 적당한 곳에 Frieza잔당의 텔레포터들을 배치해 주세요. 건설중인 텔레포트를 조사해 보면 순간이동 제어 장치를 얻을 수 있다. Quest를 받은 중에는 어떤 텔레포터를 클릭해도 퀘스트를 완료 할 수 있게 해 주세요.
table_quest_text_data.rdf	136010	[metatag = 5]Frieza잔당이 관측소 버스 정류소 주변에서 무언가를 만들고 있다는 이야기가 있다. 이것에 대한 조사가 필요해 보인다. 만일 위험한 물건을 만들고 있는 것이라면 막아야 할지 모른다. 조사를 한후 관측소 버스 정류소의 테케테케에게 보고 하자.
table_quest_text_data.rdf	136011	[metatag = 5]0
table_quest_text_data.rdf	136012	[metatag = 5]933
table_quest_text_data.rdf	136103	[metatag = 5]2
table_quest_text_data.rdf	136110	[metatag = 5]User가 가지고 온 제어장치의 모습으로 보아서 Frieza잔당들은 이곳 Yahhoi East에 꽤 많은 수의 큰 텔레포터를 만들려고 하는 듯하다. 이걸 막지 않으면 다른 지역들 처럼 Yahhoi East도 Frieza잔당의 수중에 떨어질 것이다. 일단 주변에 진을 치고 있는 잡어들을 쓸어 버리자. 아직 모든 텔레포터가 제작 된 듯하지는 않으니 지금이 기회가 좋다.
table_quest_text_data.rdf	136111	[metatag = 5]0
table_quest_text_data.rdf	136112	[metatag = 5]426
table_quest_text_data.rdf	136203	[metatag = 5]3
table_quest_text_data.rdf	136210	[metatag = 5]텔레포터 건설의 총 책임자인 행동대장 셀라드바를 물리치자.
table_quest_text_data.rdf	136211	[metatag = 5]0
table_quest_text_data.rdf	136212	[metatag = 5]458
table_quest_text_data.rdf	136213	[metatag = 5]1
table_quest_text_data.rdf	136303	[metatag = 5]1
table_quest_text_data.rdf	136310	[metatag = 5]건설중이 텔레포터를 완전히 부수어 버릴 필요가 있다. 그렇지 않으면 누군가 다시 이 흉물을 계속해서 만들려고 할 것이다. 하지만 문제는 무얼로 그 시설을 부수어 버리느냐이다. 폭탄이라도 있으면 좋으련만 구하기 쉬운 물건이 결코 아니다. 대쉬 도주병에게 가보자. RP군에서 폭탄을 사용하던 그라면 무언가 방법이 있을 것 같다.
table_quest_text_data.rdf	136311	[metatag = 5]0
table_quest_text_data.rdf	136312	[metatag = 5]29
table_quest_text_data.rdf	136403	[metatag = 5]1
table_quest_text_data.rdf	136410	[metatag = 5]CC의 구리스 가스 관측소에 가면 무언가 있지 않을까? 그곳에 가서 폭탄의 역할을 할 수 있는 물건의 수소문을 해보자.
table_quest_text_data.rdf	136411	[metatag = 5]0
table_quest_text_data.rdf	136412	[metatag = 5]1403
table_quest_text_data.rdf	136503	[metatag = 5]2
table_quest_text_data.rdf	136510	[metatag = 5]거듭 자신의 머리속에 폭탄이 하나 있으니 열받으면 터질 거라고 말하는 나카산. Frieza잔당의 텔레포터를 부수기 위해서 무언가 도구가 필하다는 말에 그럼 자신이 폭탄을 만들어 주겠다고 한다. 대신 자신이 하라는 대로만 할 것이며 왜 그런 것을 싵키는 지는 절대 묻지 말라고 한다. 먼저 첫번째 할 일은 북극 족제비냥을 잡아서 북극 족제비냥 모피를 가져오는 것이다.
table_quest_text_data.rdf	136511	[metatag = 5]0
table_quest_text_data.rdf	136512	[metatag = 5]1078
table_quest_text_data.rdf	136603	[metatag = 5]1
table_quest_text_data.rdf	136610	[metatag = 5]구리스 가스 관측소는 춥다. 이런 추운 곳에서 폭탄을 만든 다는 것은 결코 불가능. 그러니 어디서든 난로를 구해 오라고 한다. 관측소 버스 정류소의 상인 루비아를 잘 구워 삶아 보자.
table_quest_text_data.rdf	136611	[metatag = 5]0
table_quest_text_data.rdf	136612	[metatag = 5]1472
table_quest_text_data.rdf	136703	[metatag = 5]1
table_quest_text_data.rdf	136710	[metatag = 5]자신은 자선 사업가가 아니니 부우 기념관의 바아바아를 찾아 가라고 한다. 그녀는 자선사업가 적인 기질이 다분하니 사정을 이야기 하면 난로를 분명히 내어 줄 것이다.
table_quest_text_data.rdf	136711	[metatag = 5]0
table_quest_text_data.rdf	136712	[metatag = 5]2486
table_quest_text_data.rdf	136803	[metatag = 5]1
table_quest_text_data.rdf	136810	[metatag = 5]폭탄을 구하기 위해서 난로를 얻으러 왔다고 하면 누구라도 웃을 것이다. 왜 진작 자신을 찾아 오지 않았냐는 말과 함께 스와타를 찾아가면 예전에 성곽을 부수기 위해서 RP군의 잔당들이 설치했던 폭탄을 해체해 둔게 있느니 그것을 사용하면 될 것이다. 스와타에게 가보자.
table_quest_text_data.rdf	136811	[metatag = 5]0
table_quest_text_data.rdf	136812	[metatag = 5]85
table_quest_text_data.rdf	136903	[metatag = 5]1
table_quest_text_data.rdf	136906	[metatag = 5]필드에 배치 되어 있는 텔레포터의 수 만큼 폭탄의 수가 필요 합니다. 레벨 쪽에서 알아서 정해 주세요
table_quest_text_data.rdf	136910	[metatag = 5]해체되어 있는 폭탄이기 때문에 바로 터지는 일은 없다. 이 폭탄을 가지고  대쉬 도주병에게 가면 그가 다시 쓸수 있게끔 조립을 해 줄것이다. 둘은 옛날 RP군 시절에 같은 부대에서 폭발물을 다루었던 전우 사이. 자신이 직접 가고 싶지만 일이 너무 바쁘고 그라면 믿을 만한 실력이라고 안도한다.
table_quest_text_data.rdf	136911	[metatag = 5]0
table_quest_text_data.rdf	136912	[metatag = 5]2506
table_quest_text_data.rdf	137003	[metatag = 5]1
table_quest_text_data.rdf	137010	[metatag = 5]나카산이 필요로 하는 난로는 보우보우에게 이야기 해서 얻어 가자
table_quest_text_data.rdf	137011	[metatag = 5]0
table_quest_text_data.rdf	137012	[metatag = 5]6
table_quest_text_data.rdf	137103	[metatag = 5]1
table_quest_text_data.rdf	137106	[metatag = 5]석유난로는 웨어 아이템입니다.
table_quest_text_data.rdf	137110	[metatag = 5]마음에는 들이 않지만 바아바아가 허락한 이상 별수 없다는 보우보우
table_quest_text_data.rdf	137111	[metatag = 5]0
table_quest_text_data.rdf	137112	[metatag = 5]4047
table_quest_text_data.rdf	137203	[metatag = 5]2
table_quest_text_data.rdf	137210	[metatag = 5]폭탄이 완성 되었다. 게다가 대쉬가 있는 재량을 마음썩 발휘해서 이전보다 파괴력을 더욱 증대시켰다. 이제 이 폭탄을 건설중인 텔레포터에 사용만 하면 된다.
table_quest_text_data.rdf	137211	[metatag = 5]0
table_quest_text_data.rdf	137212	[metatag = 5]276
table_quest_text_data.rdf	137230	"[metatag = 5][object = ""237""] "
table_quest_text_data.rdf	137231	"[metatag = 5][object = ""237""] "
table_quest_text_data.rdf	137232	"[metatag = 5][object = ""237""] "
table_quest_text_data.rdf	137303	[metatag = 5]1
table_quest_text_data.rdf	137310	[metatag = 5]가만히 생각해 보니 User가 이야기 한 시가 케이스의 생각이 나는 것 같기도 하다는 루비아. 꽤 고가품이라서 매입했지만 절대로 팔려나가지를 않아서 얼마전에 그냥 퍠가처분 했는데 어쩌면 청소부 가베지가 알고 있을지 모르니 그를 찾아가 보라고 한다. 그는 이 일대의 쓰레기 처리를 도맡아 하고 있다.
table_quest_text_data.rdf	137311	[metatag = 5]0
table_quest_text_data.rdf	137312	[metatag = 5]14
table_quest_text_data.rdf	137403	[metatag = 5]2
table_quest_text_data.rdf	137410	[metatag = 5]그렇게 찾는 물건이 중요한 것이라면 저쪽에 있는 쓰레기 더미를 직접 뒤져보라는 가베지. Yahhoi East는 꽤나 후진 곳이라서 대부분의 쓰레기는 가만히 두었다가 한번에 처리 하니 Userj가 찾는 물건도 그 안에 아직 있을 가능성이 있다는 것.
table_quest_text_data.rdf	137411	[metatag = 5]0
table_quest_text_data.rdf	137412	[metatag = 5]124
table_quest_text_data.rdf	137503	[metatag = 5]2
table_quest_text_data.rdf	137510	[metatag = 5]쓰레기 더미를 뒤져도 시가 케이스가 나오지 않았다면… 이미 그 물건은 일반 쓰레기 수거날 수거 되어 갔을 가능성이 있다. 혹은 근방의 RP군 잔당의 누군가가 가지고 있을 수도 있다. 그들은 종종 쓰레기 더미를 뒤져서 원하는 물건을 가져가곤 한다는 것.
table_quest_text_data.rdf	137511	[metatag = 5]0
table_quest_text_data.rdf	137512	[metatag = 5]2330
table_quest_text_data.rdf	137603	[metatag = 5]1
table_quest_text_data.rdf	137610	[metatag = 5]이제 찾아낸 시가케이스를 본 주인인 페어리 조아게 가져다 주자.
table_quest_text_data.rdf	137611	[metatag = 5]0
table_quest_text_data.rdf	137612	[metatag = 5]1489
table_quest_text_data.rdf	137703	[metatag = 5]1
table_quest_text_data.rdf	137706	[metatag = 5]보물이 묻힌 장소는 누런 흙으로 무덤의 봉분처럼 솟아 있는 장소 입니다. Oject
table_quest_text_data.rdf	137707	[metatag = 5]…
table_quest_text_data.rdf	137709	[metatag = 5]…
table_quest_text_data.rdf	137710	[metatag = 5]이 지도는 뻔뻔 스럽게 카프리 노인의 보물지도라고 제목까지 적혀 있다.나머지는 오래된 수인의 언어로 되어 있어 읽을 수 없지만 내용은 짐작이 가능하다. 정말 보물이 있는 것인지 아닌지는 모르겠지만 한번 찾아 본다고 해서 특별히 손해 볼 것 같지는 않다.
table_quest_text_data.rdf	137711	[metatag = 5]0
table_quest_text_data.rdf	137712	[metatag = 5]606
table_quest_text_data.rdf	137803	[metatag = 5]1
table_quest_text_data.rdf	137806	[metatag = 5]퀘스트 시작은 Item이 아니라 Object입니다.
table_quest_text_data.rdf	137810	[metatag = 5]무언가 땅을 팔 수 있는 도구가 필요 할 것 같다. 루비아의 상점으로 한번 가보자.
table_quest_text_data.rdf	137811	[metatag = 5]0
table_quest_text_data.rdf	137812	[metatag = 5]600
table_quest_text_data.rdf	137903	[metatag = 5]3
table_quest_text_data.rdf	137910	[metatag = 5]만일 User가 꼭 삽을 가지고 싶다면 자기가 쓰고 있는 것을 잠시 빌려 줄수는 있다고 한다. 하지만 언제나 그렇듯이 자신이 원하는 걸 구해 주면 빌려 주겟다는 것. 기브엔 테이크 아니겠나? 자신이 원하는 것은 원더 스베일의 모피이다.
table_quest_text_data.rdf	137911	[metatag = 5]0
table_quest_text_data.rdf	137912	[metatag = 5]1540
table_quest_text_data.rdf	137913	[metatag = 5]1
table_quest_text_data.rdf	138003	[metatag = 5]2
table_quest_text_data.rdf	138006	[metatag = 5]삽은 일반 아이템입니다. 이 아이템을 가지고 보물을 꺼낸 뒤 다시 루비아 에게 가면 삽을 돌려주고 quest는 종료 됩니다.
table_quest_text_data.rdf	138010	[metatag = 5]원하는 모피를 구해 주었으니 삽을 빌려 주겠다는 루비아.
table_quest_text_data.rdf	138011	[metatag = 5]0
table_quest_text_data.rdf	138012	[metatag = 5]1226
table_quest_text_data.rdf	138103	[metatag = 5]1
table_quest_text_data.rdf	138106	[metatag = 5]Quest를 수락하면 똑같은 모양이지만 다른 Item인 카프리의 도색 잡지를 얻고 대신 트리거 아이템인 카프리의 보물이 사라집니다.
table_quest_text_data.rdf	138107	[metatag = 5]…
table_quest_text_data.rdf	138109	[metatag = 5]…
table_quest_text_data.rdf	138110	[metatag = 5]카프리 노인의 보물의 정체는… 아주 오래 된 낡은 도색 잡지였다. 보물이라고 하기엔 좀 뭐하지만 차라리 그에게 돌려 주는 편이 좋아 보인다.
table_quest_text_data.rdf	138111	[metatag = 5]0
table_quest_text_data.rdf	138112	[metatag = 5]332
table_quest_text_data.rdf	138203	[metatag = 5]1
table_quest_text_data.rdf	138207	[metatag = 5]…
table_quest_text_data.rdf	138209	[metatag = 5]…
table_quest_text_data.rdf	138210	[metatag = 5]이 두개골을 다른 것에 비해서 상태가 양호 한것 같다. 누군가 고생물학에 관심이 있는 사람에게  샘플을 주면 좋아 할 듯하다.
table_quest_text_data.rdf	138211	[metatag = 5]0
table_quest_text_data.rdf	138212	[metatag = 5]1674
table_quest_text_data.rdf	138303	[metatag = 5]3
table_quest_text_data.rdf	138310	[metatag = 5]자신은 야호이 동부의 동물 생태계를 연구하기 위해서 이곳에 있는 것이라고 이야기 하는 파니. 하지만 근자에 동물들이 흉폭해 지면서 연구가 쉽지 않다. 혹여 user가 자이언트 스베일을 잡아 그 갈기를 좀 가져올 수 있겠냐고 묻는다.
table_quest_text_data.rdf	138311	[metatag = 5]0
table_quest_text_data.rdf	138312	[metatag = 5]3904
table_quest_text_data.rdf	138313	[metatag = 5]1
table_quest_text_data.rdf	138403	[metatag = 5]3
table_quest_text_data.rdf	138406	[metatag = 5]바늘산탄로보는 성곽이 있는 곳의 밖까지 호위를 하면 갑자기 우뚝 멈추어 섭니다. Quest를 완료 하면 로봇이 갑자시 폭주를 일으켜서 mob(New Named 5)으로 돌변합니다. 이름은 바늘산탄로보지만 바늘은 발사하지 않고 그냥 접근공격만 합니다. 그러다 마지막에 뻥 터지며 주변에 바늘을 흩뿌립니다. 멘트 필요
table_quest_text_data.rdf	138410	[metatag = 5]자신이 신무기를 만들었다는 카포. 그이름도 멋드러진 바늘산탄로보. 사실은 바아바아의 바느질용 바늘을 몽땅 슬적 했다고 한다. 절대 비밀을 유지해 달라고 부탁하는 카포. 부우 기념관을 적들로 부터 안전하게 지키기 위해서는 어쩔 수 없았다고 한다. 정말 멋지지 않냐는 카포. 게다가 이 로봇은 스스로 움직여서 적을 발견하면 바늘을 무더기로 쏘아대는 능력을 가지고 있다고 한다. 이제 User가 이 로보를 적이 있는 곳까지 호위만 해주면 된다는 카포
table_quest_text_data.rdf	138411	[metatag = 5]0
table_quest_text_data.rdf	138412	[metatag = 5]792
table_quest_text_data.rdf	138413	[metatag = 5]1
table_quest_text_data.rdf	138503	[metatag = 5]1
table_quest_text_data.rdf	138506	[metatag = 5]Quest를 끝내면 카포는 바늘산탄로보 2호를 꺼내 놓습니다.(스폰) 하지만 그 옆에 있던 에라가 갑자기 빗자루 허리케인(또는 빗자루 던지기)을 날려서 바늘산탄로보 2호를 날려 버립니다. 비명을 지르는 카포. 닥치라고 소리치는 에라. 멘트 필요, 만일 빗자루 던지기를 할 경우 로봇에 빗자루가 박히는 것까지 표현해 주세요.
table_quest_text_data.rdf	138510	[metatag = 5]막 화를 내는 긴타. 카포에게 근무가 끝나면 가서 엉덩이를 걷어 차줄테니 긴장하고 있으라고 전해 달라고 한다.
table_quest_text_data.rdf	138511	[metatag = 5]0
table_quest_text_data.rdf	138512	[metatag = 5]347
table_quest_text_data.rdf	138603	[metatag = 5]1
table_quest_text_data.rdf	138610	[metatag = 5]지난 번 user가 가지고 온 망가진 심장에 대해서 조사를 해 볼 수 있는 인물을 알았다. 일단 생물학자이니 과학적인 조사가 가능하지 않을까?
table_quest_text_data.rdf	138611	[metatag = 5]0
table_quest_text_data.rdf	138612	[metatag = 5]1729
table_quest_text_data.rdf	138703	[metatag = 5]2
table_quest_text_data.rdf	138706	[metatag = 5]반복용
table_quest_text_data.rdf	138710	[metatag = 5]다른 지역에는 재배맨들이 꽤 있는 편이지만 묘하게 이 근방에는 눈싸움 꼬마 재배맨 외에 다른 재배맨을 없다. 기후 탓인지는 잘 모르지만 연구 가치는 있어 보인다. 눈싸움 꼬마 재배맨을 잡아서 그 세포 샘플을 채취해 달라는 파니
table_quest_text_data.rdf	138711	[metatag = 5]0
table_quest_text_data.rdf	138712	[metatag = 5]122
table_quest_text_data.rdf	138803	[metatag = 5]1
table_quest_text_data.rdf	138807	[metatag = 5]…
table_quest_text_data.rdf	138809	[metatag = 5]…
table_quest_text_data.rdf	138810	[metatag = 5]야호이 고분에서 나온 출토품이라는 설명문구가 붙어 있지만 아무리 보아도 그런 것과는 거리가 먼 물건으로 보인다. 이 물건에 대해서 알만한 인물에게 가져다 주자.
table_quest_text_data.rdf	138811	[metatag = 5]0
table_quest_text_data.rdf	138812	[metatag = 5]3163
table_quest_text_data.rdf	138903	[metatag = 5]1
table_quest_text_data.rdf	138910	[metatag = 5]야호이 출토품이 만일 Frieza잔당의 우주선의 노즐이라면 상당수의 학자들이 이 물건을 얻고 싶어 할것이다. 물론 자신도 얻고 싶지만 자신은 로봇공학 쪽이라 내연기관에 대해서는 그다지 관심이 없다는 것. 야호이 출토품을 오기란에게 가져다 주라는  롤러. 그는 비록 연구자는 아니지만 Frieza잔당의 기술에 대해 관심이 많으니 꽤 후하게 보상해 줄 것이다.
table_quest_text_data.rdf	138911	[metatag = 5]0
table_quest_text_data.rdf	138912	[metatag = 5]2973
table_quest_text_data.rdf	139003	[metatag = 5]3
table_quest_text_data.rdf	139010	[metatag = 5]구리스 가스 관측소는 기온이 몹시 낮은 지역에 있기 때문에 가스 탱크들이 종종 얼어 버리곤 한다. 그래서 자신이 수시로 점검을 하곤 하는데. RP군의 잔당들이 진을 치고 있어서 위험하다. User가 좀 도와주면 가스 탱크의 점검을 할 수 있을 것 같다. 
table_quest_text_data.rdf	139011	[metatag = 5]0
table_quest_text_data.rdf	139012	[metatag = 5]3856
table_quest_text_data.rdf	139103	[metatag = 5]1
table_quest_text_data.rdf	139106	[metatag = 5]파파 본의 Bone장군에 대한 이야기는 Yahhoi_East_old_story 문서를 참조해서 어느정도 내용을 넣어 주세요,
table_quest_text_data.rdf	139110	[metatag = 5]User가 알고 싶어 했던 그 여성의 본명이 무엇인지는 자신도 모른다는 페어리 조. 다만, 그녀가 나타나고 나서 자신의 비밀에 대해서 Bone 장군이 알게 되었다. 혹시 그 여자가 Mrs.Bone이 아니냐는 User의 질문에 그녀는 수인이 아니라 사람이었다고 대답한다. 그녀는 페어리 조와 픽시 톰에게 접근해서 온갖 환심을 사고 Bone장군에 대한 정보 특히 어떤 여성을 좋아 하는지에 대해서 물어 갔다. 페어리 조가 알고 있는 것은 여기 까지이다. 자신에 대한 User의 사랑은 잘 알고 있지만 이런 과거를 가진 죄 많은 여자인 자신은 그 사랑을 받아 드릴 수 없다며 더 많은 이야기를 듣고 싶다면 자신의 사랑을 등지고 파파본을 찾아가 보라고 한다. 그는 자신도 모르는 것을 더 알고 있다고 한다. 그녀의 사랑 따위 과감히 던져 버리고 떠나자!
table_quest_text_data.rdf	139111	[metatag = 5]0
table_quest_text_data.rdf	139112	[metatag = 5]1458
table_quest_text_data.rdf	139203	[metatag = 5]2
table_quest_text_data.rdf	139210	[metatag = 5]자신은 파파 본의 동생이라고 하는 엉클 본. 파파 본은 성격이 대쪽 같은 부분이 있어서 한번 쌓인 감정을 좀처럼 풀어지지 않는다. 형님은 자신이 설득을 하겠으니 User는 파파 본이 다시 보게 만들만한 무언가를 해야만 할 것이다. 그가 권유하는 것은 yahhoi East에 퍼져 있는 Frieza잔당을 몰아 내는 일이다. User가 이 일을 돕는 다면 그도 분명 User를 다시 볼 것이다. 일단은 엉클 본도 User의 실력을 잘 모르니 기리기리 탈주병을 잡아 보라고 한다.
table_quest_text_data.rdf	139211	[metatag = 5]0
table_quest_text_data.rdf	139212	[metatag = 5]706
table_quest_text_data.rdf	139303	[metatag = 5]1
table_quest_text_data.rdf	139310	[metatag = 5]Frieza잔당의 손길이 콜록콜록 고분까지 미치고 있다. 뭐가 목적인지는 모르겠지만 이제는 콜록콜록 고분을 도굴하려는 것 같다. 어서 저지하지 않으면 않된다.콜록콜록 고분에 데니쉬라는 이름의 친구를 보내 두었으니 그녀를 찾아 가 보라고 한다.
table_quest_text_data.rdf	139311	[metatag = 5]0
table_quest_text_data.rdf	139312	[metatag = 5]958
table_quest_text_data.rdf	139403	[metatag = 5]2
table_quest_text_data.rdf	139410	[metatag = 5]Yahhoi East는 참 좋은 곳인데 지금은 Frieza잔당들 때문에 매우 혼란하다. 반드시 그들을 막아야 한다는 데니쉬. User는 엉클본이 믿고 보낸 사람이니 실력은 확실하다고 믿는다는 데니쉬. 고분 주변을 압박하고 있는 졸병들을 쓸어달라고 한다.
table_quest_text_data.rdf	139411	[metatag = 5]0
table_quest_text_data.rdf	139412	[metatag = 5]562
table_quest_text_data.rdf	139503	[metatag = 5]2
table_quest_text_data.rdf	139510	[metatag = 5]고분의 근처에는 언제나 혼령이 많다. 특별히 고분의 주인의 혼령만이 있는 것이 아니라. 주변의 다른 혼령들이 모이는 일종의 사교장 같은 느낌이랄까? 헌데 평소에는 별 문제가 없는 혼령들도 주변의 분위기가 않좋아 지면 사람들에게 나쁜 헤를 끼치곤 한다. 그런 의미에서 콜록콜록 고분 주변의 지금 혼령들도 마찬가지이다. 그들에게는 미안하지만 더 이상 가만히 두고 볼수는 없다.
table_quest_text_data.rdf	139511	[metatag = 5]0
table_quest_text_data.rdf	139512	[metatag = 5]420
table_quest_text_data.rdf	139603	[metatag = 5]3
table_quest_text_data.rdf	139610	[metatag = 5]바쁜 사람에게 자꾸 부탁해서 미안한데 요즘 Frieza잔당들 때문에 험악해진 고분 주인의 혼령을 좀 진정 시켜 줬으면 좋겠다는 호레.
table_quest_text_data.rdf	139611	[metatag = 5]0
table_quest_text_data.rdf	139612	[metatag = 5]324
table_quest_text_data.rdf	139613	[metatag = 5]1
table_quest_text_data.rdf	139703	[metatag = 5]1
table_quest_text_data.rdf	139710	[metatag = 5]Frieza잔당이 콜록콜록 고분에 관심을 가지고 있는 것은 콜록콜록왕의 관이 그들의 탈출용 소형 우주선과 무척 닮았다는 것 때문이다. 디그 자신도 소문으로 들은 이야기지만 그게 사실이라면 그 소문의 진상을 밝히지 않는 이상 Frieza잔당들이 콜록콜록 고분으로 몰리는 일을 해결 할 수 없다.  누군가 Freiza잔당의 내부에 고고학에 지구의 고고학에 대해서 식견이 있는 사람이 있거나 아니면 그들에게 정보를 주고 있는 사람이 있을 듯하다. 과거 디그 자신의 라이벌인 엔비 연구원이 의심이 간다는 말을 한다. User가 그를 추궁해서 실토를 하게 만든 다면 일을 수월하게 끝낼 수 있을 듯하다.
table_quest_text_data.rdf	139711	[metatag = 5]0
table_quest_text_data.rdf	139712	[metatag = 5]1200
table_quest_text_data.rdf	139803	[metatag = 5]1
table_quest_text_data.rdf	139810	"[metatag = 5]자신이 멍청해 보이는 User에게 한마디 충고를 하자면 자신 보다는 오히려 디그가 Frieza잔당과 내통 하고 있을 가능성이 농후 하다는 이야기를 해준다. 이제는 CC에 몸담고 있는 자신이 뭐가 아쉬워 단지 질투심 만으로 그런 일을 꾸미겠는가? 지금의 자신은 콜록콜록고분의 연구에 대해서는 아무런 관심이 없으니 그런 비겁한 방법으로 연구를 방해할 필요도 없다는 것이 그의 말 그러니 귓 구멍 잘 파고 디그에게 이말 전해 주라고 한다. ""네놈이 연구가 잘 않되니까 그런 비겁한 수를 쓰는 구나~"""
table_quest_text_data.rdf	139811	[metatag = 5]0
table_quest_text_data.rdf	139812	[metatag = 5]1200
table_quest_text_data.rdf	139903	[metatag = 5]1
table_quest_text_data.rdf	139910	"[metatag = 5]아무래도 그 질투의 화신 엔비가 말로 해서는 실토하지 않을 듯 싶다는 디그. 자신은 그의 약점을 잘 아니 그 약점을 이용해 보자고 한다. 디그는 한권의 얇은 책을 User에게 건네 준다. 표지에는 ""야호이 중동부의 지층과 고대 수인들의 생활에 대한  관계에 대한 고찰"" 이라고 쓰여 있다. 이것은 옛날 학생시절 엔비의 논문이다. 디그는 사실 이 논문이 옛날 자신의 것을 몰래 베껴서 먼저 발표한 것이라는 것을 알고 있다고 말한다. 이 논문을 그에게 전해 주고 이 사실을 말해 주면 모든 사실을 실토 할 것이라고 본다."
table_quest_text_data.rdf	139911	[metatag = 5]0
table_quest_text_data.rdf	139912	[metatag = 5]1060
table_quest_text_data.rdf	140003	[metatag = 5]2
table_quest_text_data.rdf	140010	[metatag = 5]바아바아는 기념관까지의 적에 견제를 하라고 명했지만 자신은 가능하면 다른 지역의 적과도 견제를 해야 한다고 본다는 히스이 불스 결사대과 불스 특명부대을 소탕하자.
table_quest_text_data.rdf	140011	[metatag = 5]0
table_quest_text_data.rdf	140012	[metatag = 5]338
table_quest_text_data.rdf	140103	[metatag = 5]3
table_quest_text_data.rdf	140110	[metatag = 5]과연 User도 그렇게 생각하지 않느냐는 말을 하는 엔비. 이 일을 재대로 해결하려면 지금 콜록콜록 고분을 노리는 Frieza잔당의 관리자를 잡는 다면 무언가 증거가 나올 것이라는 말을 한다. 그를 잡아서 증거를 찾아 보자. 만일 그것을 찾아 내면 바로 디그에게 디밀어 보자.
table_quest_text_data.rdf	140111	[metatag = 5]0
table_quest_text_data.rdf	140112	[metatag = 5]1602
table_quest_text_data.rdf	140113	[metatag = 5]1
table_quest_text_data.rdf	140203	[metatag = 5]3
table_quest_text_data.rdf	140210	[metatag = 5]이제 쫄병들을 쓸어 버렸으니 우두머리들을 잡아 들이자
table_quest_text_data.rdf	140211	[metatag = 5]0
table_quest_text_data.rdf	140212	[metatag = 5]420
table_quest_text_data.rdf	140213	[metatag = 5]1
table_quest_text_data.rdf	140303	[metatag = 5]1
table_quest_text_data.rdf	140310	[metatag = 5]부탁이니 엔비에게 사과의 말을 전해 달라고 하는 디그. 사정사정을 한다.
table_quest_text_data.rdf	140311	[metatag = 5]0
table_quest_text_data.rdf	140312	[metatag = 5]1200
table_quest_text_data.rdf	140403	[metatag = 5]2
table_quest_text_data.rdf	140410	[metatag = 5]자신은  Bone장군의 명령으로 파파본을 지키는 사람이라고 이야기 하는 몬몬. 오랜 동안 파파본을 지키면서 지금 처럼 위협을 느꼈던 적이 없다는 이야기를 한다. 파파 본은 많은 덕망 있는 분이기 때문에 꼭 지켜져야 한다. User가 이 일을 좀 도아 달라는 몬몬. 먼저 마을 밖에서 도사리고 있는 기리기리 친위중사를 좀 잡아 달라고 한다.
table_quest_text_data.rdf	140411	[metatag = 5]0
table_quest_text_data.rdf	140412	[metatag = 5]254
table_quest_text_data.rdf	140503	[metatag = 5]3
table_quest_text_data.rdf	140506	[metatag = 5]Quest를 수락하면 몬몬은 순간적으로 그 모습이 파파 본과 똑같아 진다. 조금 밖으로 나가면 자동으로 '세뇌된 암살병'이 스폰된다. 암살병이 소환되면 몬몬은 원래의 모습으로 돌아 온다.
table_quest_text_data.rdf	140510	[metatag = 5]파파 본을 암살하기 위해서 이 부근에 파견된 Frieza잔당의 암살자가 있으니 그를 좀 처치해 달라고 한다. 문제는 이 암살자가 평소에는 어디에 있는지 알 수가 없다는 것. 요즈음 암살자 때문에 파파 본이 밖으로 나가는 것이 무척 힘들다. 자신이 파파 본으로 변장하고 밖으로 나간다면 암살자는 분명히 나타날 것이라는 몬몬의 전략
table_quest_text_data.rdf	140511	[metatag = 5]0
table_quest_text_data.rdf	140512	[metatag = 5]417
table_quest_text_data.rdf	140603	[metatag = 5]1
table_quest_text_data.rdf	140610	[metatag = 5]콜록콜록 고분의 문제가 잘 해결 되었으니 엉클 본에게 보고를 하자.
table_quest_text_data.rdf	140611	[metatag = 5]0
table_quest_text_data.rdf	140612	[metatag = 5]958
table_quest_text_data.rdf	140703	[metatag = 5]1
table_quest_text_data.rdf	140710	[metatag = 5]이제 파파 본을 찾아가 보자. User의 공적을 인정 한다면  상대를 해 줄 것이다.
table_quest_text_data.rdf	140711	[metatag = 5]0
table_quest_text_data.rdf	140712	[metatag = 5]77
table_quest_text_data.rdf	140803	[metatag = 5]2
table_quest_text_data.rdf	140810	[metatag = 5]user도 오두막으로 오면서 봤다 시피 지난 시절 Bone장군은 자신의 생각을 돌리기 위해서 자신에게 많은 것을 해주었다는 파파 본. 하지만 아무래도 자신은 아들이 점점 타락해 가는 모습을 눈 뜨고 볼 수 없었다고 한다. 그의 아들은 미세스 본이라는 그 여자를 만나고 나서 부터 빠르게 성격이 변해갔다. 그래서 그녀의 정체가 궁금했던 그는 자신의 절친한 친구 두명에게 그 여자에 대한 조사를 부탁 했었다는 것이다. 그들의 이름은 야호와 호이… 지난 수인과 인간들의 전쟁때 위세를 떨쳤던 수인의 영웅들이며 지금은 야호이 요새를 떠도는 혼령이다. 그들을 만나면 자신이 해주고 싶은 이야기를 더 자세하게 해줄 수 있을 것이다. 일단은 야호 아저씨를 만나 보자.
table_quest_text_data.rdf	140811	[metatag = 5]0
table_quest_text_data.rdf	140812	[metatag = 5]4725
table_quest_text_data.rdf	140903	[metatag = 5]2
table_quest_text_data.rdf	140910	[metatag = 5]자신의 이야기를 호이에게 물어봐도 같은 것을 들을 수 있다는 것이다.  그에게 가보자.
table_quest_text_data.rdf	140911	[metatag = 5]0
table_quest_text_data.rdf	140912	[metatag = 5]1358
table_quest_text_data.rdf	141003	[metatag = 5]2
table_quest_text_data.rdf	141010	[metatag = 5]바아바아는 전혀 아닌 척 하면서도 Frieza잔당에 대해서 나름대로의 소극적인 대응을 하고 있다. 그 예로 자신이 파파 본의 오두막까지 가는 길에 있는  Frieza잔당에 대한 견제를 하고 있다는 히스이. 하지만 절대적으로 인력이 부족하기 때문에 이 부분에 대해서는 언제나 도움이 필요하다. 특명 레진성인 스카우트와 각성 토스터성인 스카우트들이 길목을 배회하고 있어서 여러모로 곤란하다는 히스이 그들을 물리칠 필요가 있다.
table_quest_text_data.rdf	141011	[metatag = 5]0
table_quest_text_data.rdf	141012	[metatag = 5]708
table_quest_text_data.rdf	141103	[metatag = 5]3
table_quest_text_data.rdf	141106	[metatag = 5]반복 퀘스트
table_quest_text_data.rdf	141110	[metatag = 5]몇몇 RP군의 병사들은 Frieza잔당의 강제노동에 견디지 못하고 탈주하곤 한다. 그들이 이곳에 잠시 몸을 피하고는 않는데 이곳의 밖은 위험해서 함부로 나가지 못하고 있는 실정. User가 그들을 도와 부우 기념관 까지 데려다 준다면 좋은 공적이 될 것이다.부우 기념관  근처의 경비병까지만 가도 안심이다.
table_quest_text_data.rdf	141111	[metatag = 5]0
table_quest_text_data.rdf	141112	[metatag = 5]1007
table_quest_text_data.rdf	141203	[metatag = 5]2
table_quest_text_data.rdf	141210	[metatag = 5]위험한 장소에서 장사를 한다는 것은 짭짭한 이윤을 남긴다 하지만 갑자기 밀어 닥치는 도적떼를 상대 한다는 것은 사실상 무리. 장성 내벽 관소의 북쪽에 머무는 팬더 특공대가 얼마전에 밀고 들어와 자신의 봇짐에 담긴 물건들을 닥치는 대로 들고 가버렸다는 것이다. 물건을 찾지 못하면 당장 홧병으로 죽어 버릴 것 같다는 쭈리. 물건을 찾아주자.
table_quest_text_data.rdf	141211	[metatag = 5]0
table_quest_text_data.rdf	141212	[metatag = 5]1434
table_quest_text_data.rdf	141303	[metatag = 5]1
table_quest_text_data.rdf	141306	[metatag = 5]Quest룰 수락하면 트리거 아이템 봉인된 편지를 줍니다.
table_quest_text_data.rdf	141310	[metatag = 5]원래 하면 않되는 것이지만 자신은 Yahhoi East의 주민들을 대상으로 약간의 금융업을 겸하고 있다는 쭈리. 근데 꽤 오래 전에 자신에게서 돈을 빌려 갔던 런런이라는 이름의 전 RP군이 돈을 갚을 생각은 하지 않고 RP군의 잔당들이 우글 거리는  계곡 안으로 들어가 버렸다는 것. User가 그를 대신 좀 만나서 돈을 받아다 주지 않겠냐고 묻는다.
table_quest_text_data.rdf	141311	[metatag = 5]0
table_quest_text_data.rdf	141312	[metatag = 5]1142
table_quest_text_data.rdf	141403	[metatag = 5]2
table_quest_text_data.rdf	141410	[metatag = 5]가만히 생각해 보니 옛날에 자신이 돈을 빌린 듯한 기억이 나는 듯도 하다는 런런. 하지만 지금은 돈이 없어서 갚지 못한다고 베짱을 부린다. 다만, 자신이 이 외진 곳에 있는 이유가 있는데 그것은 이 근방에 싱글벙글의 보물이 숨겨져 있다는 것이다. 싱글벙글의 보물이 고분에서 이렇게 멀리 떨어진 곳에 왜 있느냐? 그건 자신도 잘 모른다는 것. 그 보물을 찾아 쭈리에게 가져다 주고 남는 차액만 쳐도 자신은 부자라는 것. 문제는 그 보물이 묻힌 곳의 지도를 이곳을 배회하는 흰 족제비냥의 뱃속에 있다는 것... 그건 또 왜인가? 자신도 역시 모른 다고 한다. 일단 흰 족제비냥을 잡아서 보물지도를 찾아 보자.
table_quest_text_data.rdf	141411	[metatag = 5]0
table_quest_text_data.rdf	141412	[metatag = 5]650
table_quest_text_data.rdf	141503	[metatag = 5]2
table_quest_text_data.rdf	141510	[metatag = 5]자신은 머쉬룸 록스 북부 에서 온 관광객이라고 한다. Yahhoi East 뿐 아니라 이곳저곳을 떠돌며 관광을 즐기는데 이번에는 Yahhoi East의 나메칸 사인은 구경하려고 왔는데 다른 곳이랑 별로 다를 것도 없고 무엇보다 계곡에 진을 치고 있는 RP군의 잔당들 때문에 돌아가지를 못하고 있다. 올때는 어떻게 온건지… 게다가 그 놈들이 자신이 가지고 있던 짐을 모두 약탈해 가서 도망을 가려고 해도 갈 수 없는 신세가되어 있다. 그들을 물리치고 짐을 좀 찾아 달라는 나무만
table_quest_text_data.rdf	141511	[metatag = 5]0
table_quest_text_data.rdf	141512	[metatag = 5]832
table_quest_text_data.rdf	141603	[metatag = 5]1
table_quest_text_data.rdf	141606	[metatag = 5]Quest를 수락하면 Quest Item으로 싱글벙글의 보물지도를 얻습니다. 다만, 이 보물지도는 별다른 기능이 없습니다.
table_quest_text_data.rdf	141610	[metatag = 5]드디어 보물의 위치를 알아 냈다는 런런. 자신이 다른 지도에 위치를 표시해 두었으니 User도 쉽개 찾아 갈 수 있을 거라고 한다. 
table_quest_text_data.rdf	141611	[metatag = 5]0
table_quest_text_data.rdf	141612	[metatag = 5]217
table_quest_text_data.rdf	141703	[metatag = 5]3
table_quest_text_data.rdf	141706	[metatag = 5]Quest를 수락하면 혼령이 스폰되어 user를 공격합니다. 
table_quest_text_data.rdf	141710	[metatag = 5]보물이 묻힌 장소를 파헤쳐 보면 갑자기 혼령이 튀어나와 User를 공격한다.
table_quest_text_data.rdf	141711	[metatag = 5]0
table_quest_text_data.rdf	141712	[metatag = 5]216
table_quest_text_data.rdf	141713	[metatag = 5]1
table_quest_text_data.rdf	141803	[metatag = 5]1
table_quest_text_data.rdf	141810	[metatag = 5]보물을 쭈리에게 가져다 주고 감별을 부탁하는 런런. 원래 부터 장물… 아니 골동품을 자주 취급하던 쭈리는 이 보물의 가치를 금방 알것이라고 한다.
table_quest_text_data.rdf	141811	[metatag = 5]0
table_quest_text_data.rdf	141812	[metatag = 5]1175
table_quest_text_data.rdf	141903	[metatag = 5]1
table_quest_text_data.rdf	141910	[metatag = 5]이 우물을 꽁꽁 얼어 버려서 물을 떠낼 수 없어 보인다.
table_quest_text_data.rdf	141911	[metatag = 5]0
table_quest_text_data.rdf	141912	[metatag = 5]169
table_quest_text_data.rdf	142003	[metatag = 5]3
table_quest_text_data.rdf	142006	[metatag = 5]반복용. Quest를 수락하면 뜨거운 물이 담긴 주전자를 얻습니다. 우물에 이 Item을 사용하면 냉동 집게 재배맨이 스폰 됩니다.
table_quest_text_data.rdf	142010	[metatag = 5]우물이 또 얼어 붙었냐고 말하는 엉클 본. 냉동 집게 재배맨이 또 나타난 것인가? 엉클 본은 user에게 뜨거운 물이 담긴 주전자를 준다. 그 물을 우물에 부우면 냉동 집게 재배맨이 나타날 것이니 그것을 잡아 달라는 엉클 본. 잡아도 잡아도 계속 나타나니 골치가 아프다. 그래도 달리 방법이 없으니 우물이 얼때마다 잡을 수 밖에
table_quest_text_data.rdf	142011	[metatag = 5]0
table_quest_text_data.rdf	142012	[metatag = 5]172
table_quest_text_data.rdf	142013	[metatag = 5]1
table_quest_text_data.rdf	142103	[metatag = 5]1
table_quest_text_data.rdf	142110	[metatag = 5]지난번 가져온 망가진 심장에 대한 조사가 끝났다. 체내의 혈류가 급격하게 역류하면서 심장의 판막을 심하게 손상시킨 흔적이 보인다는 것. 아마 이 심장의 주인이라는 그 곤충은 사실상 거의 죽기 일보직전이었을 거라는 것이 그녀의 의견. 기에 대한 것은 잘 모르겠지만 이 정도의 혈류 역루는 생물의 체내에서 일반적으로 일어 날 수 없는 것이니 당연히 무언가 외부의 간섭이 있었던 것이 분명하다. 생물의 기에 대해서 연구한 손오반의 연구에 따른 다면 분명 채네의 기가 역류하면 이 비슷한 현상이 일어 난다고 하니 이 경우도 기가 역류했던 흔적이라고 볼 수 있다는 파니. 자신이 알고 있는 한 이 망가진 심장에 대해서 가장 잘 알 수 있는 사람은 텐서 교수라는 여자 과학자이니 그녀를 찾아 보라고 한다.
table_quest_text_data.rdf	142111	[metatag = 5]0
table_quest_text_data.rdf	142112	[metatag = 5]3359
table_quest_text_data.rdf	142203	[metatag = 5]1
table_quest_text_data.rdf	142210	[metatag = 5]혹시 예전에 배달 했던 잃어버린 우편물 기억하냐고 물어 보는 깔끔. 그 물건을 원래의 주인에게 돌려주려고 호타리 도주병이 꽤 노력했지만 결국 물건은 반송이 되었고 호타리 도주병이 User에게 다시 좀 부탁한다며 자신에게 맡겼다는 것이다, 이 물건의 원래 주인은 인포메 통신원이며 지금은 야호이 요새 안에 있다는 것이다. 그러니 당연히 전달이 않될 수 밖에…
table_quest_text_data.rdf	142211	[metatag = 5]0
table_quest_text_data.rdf	142212	[metatag = 5]1453
table_quest_text_data.rdf	142303	[metatag = 5]3
table_quest_text_data.rdf	142310	[metatag = 5]자신은 꽤 오랬동안 이 자리를 지키고 있었다는 인포메. 원래의 목적은 RP군의 현황을 조사해서 언론 매체에 보고 하는 것이다. 그래서 일부러 RP군으로 분장까지 한 것이다. 하지만 RP군 잔당들에게 휩쓸리면서 외부와 비밀리에 통신하던 교신기를 잃어 버렸다. 그것을 좀 찾아 달라는 인포메. 꽤 비싼 물건이라 그런지  왈가닥 성인 사령관이 가지고 있다는 것. 본인은 신분을 숨기고 있으니 찾을 방법이 없다는 것
table_quest_text_data.rdf	142311	[metatag = 5]0
table_quest_text_data.rdf	142312	[metatag = 5]3218
table_quest_text_data.rdf	142313	[metatag = 5]2
table_quest_text_data.rdf	142403	[metatag = 5]3
table_quest_text_data.rdf	142410	[metatag = 5]이 야호이 요새의 어딘가에 프리더군 잔당의 통신 데이터가 있다는 인포메. 이 데이터를 분석하면 그들의 침략 상황을 알수가 있을 것이다. Userp에게 그것을 찾아 달라고 한다. 아마 프리더군 잔당의 통신병이가지고 있을 것이다.
table_quest_text_data.rdf	142411	[metatag = 5]0
table_quest_text_data.rdf	142412	[metatag = 5]3270
table_quest_text_data.rdf	142413	[metatag = 5]1
table_quest_text_data.rdf	142503	[metatag = 5]3
table_quest_text_data.rdf	142510	[metatag = 5]프리더군 잔당의 통신 데이터를 손에 넣었지만 안타깝게도 데이터는 모두 암호화 되어 있었다. 과연 Frieza잔당은 RP군과는 격이 다른다. 이 데이터를 분석하려면 그들의 암호를 푸는데 쓰이는 해독기가 필요하다. 인포메가 알고 있는 바로는 그 암호 해독기 힘이그만이란 이름을 가지고 있고 왈가닥 성인 사령관의 근처에 있다고 한다.
table_quest_text_data.rdf	142511	[metatag = 5]0
table_quest_text_data.rdf	142512	[metatag = 5]3270
table_quest_text_data.rdf	142603	[metatag = 5]1
table_quest_text_data.rdf	142610	[metatag = 5]모든 암호가 다 풀렸다는 인포메. user게게 마지막으로 해독된 통신 데이터를 주며 반드시 그것을 West Land의 CCB 보도부장인 라엘에게 전달해 달라고 한다.
table_quest_text_data.rdf	142611	[metatag = 5]0
table_quest_text_data.rdf	142612	[metatag = 5]1560
table_quest_text_data.rdf	142703	[metatag = 5]3
table_quest_text_data.rdf	142706	[metatag = 5]감시병 홀더를 물리치면 홀더의 키홀더라는 트리거 Item이 나옵니다.
table_quest_text_data.rdf	142710	[metatag = 5]일반적인 frieza잔당 보다 마음에 않드는 놈들은 자신들 RP군을 감시하는 놈들이다. 특히 감시병 홀더는 도저히 용서 못할 놈 User가 대신 복수해 주길 요청한다.
table_quest_text_data.rdf	142711	[metatag = 5]0
table_quest_text_data.rdf	142712	[metatag = 5]3362
table_quest_text_data.rdf	142713	[metatag = 5]1
table_quest_text_data.rdf	142803	[metatag = 5]2
table_quest_text_data.rdf	142806	[metatag = 5]단지 Item을 몇가지 얻어 내는 퀘스트 입니다. 완료 하면 홀더의 키홀더는 사라집니다.
table_quest_text_data.rdf	142807	[metatag = 5]…
table_quest_text_data.rdf	142809	[metatag = 5]…
table_quest_text_data.rdf	142810	[metatag = 5]구식 열쇠가 달려 있다. 열쇠에 숫자가 새겨져 있다. 같은 숫자의 장사를 열수 있는 얄쇠인지 모르겠다.
table_quest_text_data.rdf	142811	[metatag = 5]0
table_quest_text_data.rdf	142812	[metatag = 5]60
table_quest_text_data.rdf	142903	[metatag = 5]1
table_quest_text_data.rdf	142910	[metatag = 5]현재 Yahhoi East의 Freiza잔당은 전 RP군 출신의 수인들과 외계인들로 나뉘고 사이도 몹시 않좋다. 그 증거로 수인과 외계인 병사가 같이 있는 곳은 절대 없다. User는 이 점을 잘 파고 들어야 그들을 이길 수 있다는 것. 잘 이용하면 야호아 요새 안의 병력을 줄 일 수 있다. 요새 밖에 배치되어 있는 외계인 병사들이 브루클린 장군대행에 불만을 품고 반란을 일으킬 것이라는 소문을 내면 분명 요새 안의 병사들을 밖으로 돌려 결국 내부의 경비를 줄일 수 있을 것이다. 이 일은 자신의 친구 라이어에게 이야기 하면 그가 협조를 해 줄 것이다.
table_quest_text_data.rdf	142911	[metatag = 5]0
table_quest_text_data.rdf	142912	[metatag = 5]9
table_quest_text_data.rdf	143003	[metatag = 5]3
table_quest_text_data.rdf	143010	[metatag = 5]결국은 군 내부에 거짓 소문을 내는 것인데. 아무리 친구의 부탁이지만 자신도 목숨을 내 놓고 하는 일이니 조금은 보상이 있어야 하지 않겠냐는 라이어. 적어도 아이스 꼬마 재배맨이 가지고 있다는 녹지 않는 얼음을 좀 가져다 준다면 자신도 사례를 하겠다고 한다.
table_quest_text_data.rdf	143011	[metatag = 5]0
table_quest_text_data.rdf	143012	[metatag = 5]114
table_quest_text_data.rdf	143103	[metatag = 5]2
table_quest_text_data.rdf	143110	[metatag = 5]소문을 퍼트리는 일은 잘 진행 되었다. 하지만 다른 문제가 생겼다. Frieza잔당이 야호이 요새를 새로운 본부로 개수하려고 한다는 것. 이미 일이 시작이 된 듯하다. 아마 개수가 끝나면 전 RP군의 수인들은 지금보다 더 심한 대우를 받게 될 것이다. User가 나서서 이일을 좀 해결해 주엇으면 한다는 라이어. 먼저 요새 밖에 모여 있는 특명 레진성인 엘리트와 각성 토스터성인 엘리트를 물리쳐야 한다.
table_quest_text_data.rdf	143111	[metatag = 5]0
table_quest_text_data.rdf	143112	[metatag = 5]1016
table_quest_text_data.rdf	143203	[metatag = 5]2
table_quest_text_data.rdf	143210	[metatag = 5]소문을 내는 작전이 잘 되었다는 이야기를 들었다는 어택. 하지만 기지 개수에 대한 이야기는 자신도 유감이라고 말한다. 어찌 되었던 시간이 넉넉하지않게 되었다. 야오히 요새로 들어가 북극 노역병과 기리기리 노역병을 처리 해서 개수 작업에 필요한 노동력을 마비시키자.
table_quest_text_data.rdf	143211	[metatag = 5]0
table_quest_text_data.rdf	143212	[metatag = 5]4480
table_quest_text_data.rdf	143303	[metatag = 5]2
table_quest_text_data.rdf	143310	[metatag = 5]베어 노예병과 버팔로 노예병을 처리해서 노동력을 마비시키자.
table_quest_text_data.rdf	143311	[metatag = 5]0
table_quest_text_data.rdf	143312	[metatag = 5]6632
table_quest_text_data.rdf	143403	[metatag = 5]3
table_quest_text_data.rdf	143410	[metatag = 5]기지의 개수를 총 지휘하고 있는 것은  왈가닥 성인 사령관이다. 그를 처치하자.
table_quest_text_data.rdf	143411	[metatag = 5]0
table_quest_text_data.rdf	143412	[metatag = 5]7112
table_quest_text_data.rdf	143413	[metatag = 5]1
table_quest_text_data.rdf	143503	[metatag = 5]1
table_quest_text_data.rdf	143510	[metatag = 5]세상 사람들 중에서 철학자 게리노비치를 모르는 사람은 없을 것이다. 이곳Yahhoi east에도 게리노비치의 석상이 있으니 한번 찾아가보라는 라이어
table_quest_text_data.rdf	143511	[metatag = 5]0
table_quest_text_data.rdf	143512	[metatag = 5]295
table_quest_text_data.rdf	143602	"[metatag = 5][object = ""248""]"
table_quest_text_data.rdf	143603	[metatag = 5]1
table_quest_text_data.rdf	143610	[metatag = 5]좋은 일이 아닌 줄을 잘 알고 있지만 어차피 Frieza잔당에게 들어갈 거라면 자신이 조금이라도 삥땅을 치는게 좋지 않겠냐는 라이어.. 무슨 이야긴가 하면 Frieza잔당의 보급품에 대한 이야기이다. 지금은 마치 보급품이 아닌 것 처럼 자신이 잘 포장을 했으니 그것을 쭈리라는 이름의 상인에게 배달해 달라고 한다. 위장된 보급품은 자신의 근처에 있는 하얀 색으로 포장된 것이니 그걸 가져가면 된다.
table_quest_text_data.rdf	143611	[metatag = 5]0
table_quest_text_data.rdf	143612	[metatag = 5]7
table_quest_text_data.rdf	143703	[metatag = 5]1
table_quest_text_data.rdf	143706	[metatag = 5]반복용. 위장된 보급품을 클릭하면 같은 이름의 웨어 Item을 얻습니다. 그것을 배달 합니다. 위장된 보급품은 웨어 아이템입니다. 1436 퀘스틑 완료 하면 이 퀘스트는 계속 해서 반복용으로 쓸수 있습니다.
table_quest_text_data.rdf	143707	[metatag = 5]…
table_quest_text_data.rdf	143709	[metatag = 5]…
table_quest_text_data.rdf	143710	[metatag = 5]위장된 보급품을 쭈리에게 전달하자.
table_quest_text_data.rdf	143711	[metatag = 5]0
table_quest_text_data.rdf	143712	[metatag = 5]1011
table_quest_text_data.rdf	143803	[metatag = 5]1
table_quest_text_data.rdf	143810	[metatag = 5]아이스타베타인 박사에게 부탁했던 AI칩에 대한 조사가 끝났다는 소식이 왔다. 다시 West Cisy로 가서 박사의 조사 결과에 대해서 물어 보자.
table_quest_text_data.rdf	143811	[metatag = 5]0
table_quest_text_data.rdf	143812	[metatag = 5]147
table_quest_text_data.rdf	143903	[metatag = 5]1
table_quest_text_data.rdf	143910	[metatag = 5]문제는 로봇들의 AI를 이렇게 망가트리는 광범휘한 테러에 가까운 행동을 하려면 사람의 손으로 일일이 할 수는 없고 역시 전파나 음파와 같은 중간 매개가 필요 하다는 것이다. User 덕에 로봇의 폭주에 대한 구체적인 정보를 얻을 수 있었다는 것.  자신이 예상 하건데 아마 로봇들의 폭주를 일으키고 있는 원인은 West Land의 좀더 동쪽이 아닐까 한다는 박사.
table_quest_text_data.rdf	143911	[metatag = 5]0
table_quest_text_data.rdf	143912	[metatag = 5]751
table_quest_text_data.rdf	144003	[metatag = 5]2
table_quest_text_data.rdf	144010	[metatag = 5]결국 매운 걸 너무 먹더니 탈이 나고 만 아뜨아뜨. 그래도 매운 맛은 포기 할 수 없고 반들 재배맨 진액이 상한 위장을 보호 하는데 일품이라고 한다. 반들 재배맨 진액을 구해서 모모꼬 편으로 보내 주면 고맙겠다
table_quest_text_data.rdf	144011	[metatag = 5]0
table_quest_text_data.rdf	144012	[metatag = 5]2173
table_quest_text_data.rdf	144103	[metatag = 5]2
table_quest_text_data.rdf	144110	[metatag = 5]자신은 바아바아의 부탁으로 Frieza잔당을 견재하고 있는 용병 우사스 라고 소개한다. 바아바아아게는 여러모로 신세를 많이지었다는 우사스. 전쟁터를 따라 다니는 것은 언제나 짜릿짜릿한 흥분을 준다는 우사스. 특히 이곳은 Frieza잔당의 최전선이니 그 느낌이 더욱 짜릿하다. 하지만 안타깝게도 기대했던 싸움은 일어나지 않고 있다며 아쉬워 하는 우사스. 어찌 되었던 좀더 효율적으로 싸우려면 그들의 보급을 끊는 것이다. 특히 코티 스베일은 주변 Frieza잔당들의 식품과 의류를 충당하는데 한 몫을 하고 있다. User가 미리 그들을 잡아서 개체수를 줄여 놓는 다면 훌룡한 전략이 될 것이다. 단 죽이기만 해선 않된다. 모피를 모조리 벗겨와야 한다.
table_quest_text_data.rdf	144111	[metatag = 5]0
table_quest_text_data.rdf	144112	[metatag = 5]376
table_quest_text_data.rdf	144203	[metatag = 5]3
table_quest_text_data.rdf	144206	[metatag = 5]야호이 요새의 내부의 적당한 곳에 세개의 Object를 배치해 주세요. 가능한 입구 근처가 좋습니다.
table_quest_text_data.rdf	144210	[metatag = 5]이왕 시작한 일이니 적의 밥줄을 확실하게 끊어야 하지 않겠나? 야호이 요새 안에 있는 RP군의 보급상자들이 있을 테니 그걸 모조리 불질러 버리는 것이다. RP군의 보금상자는 모두 3개이다. user의 손에 기름 통을 쥐어주는 우사스. 이 일이 성공하면 본격적으로 야호이 요새의 내부로 들어 갈 수 있을 것이다.
table_quest_text_data.rdf	144211	[metatag = 5]0
table_quest_text_data.rdf	144212	[metatag = 5]2957
table_quest_text_data.rdf	144303	[metatag = 5]3
table_quest_text_data.rdf	144310	[metatag = 5]브루클린 장군대행이라는 보스를 잡으려면 브루클린의 호위병을 먼저 처리 해야 할 것이다. 다른 쫄병들과는 비교 할 수 없이 강하니 주의 하자
table_quest_text_data.rdf	144311	[metatag = 5]0
table_quest_text_data.rdf	144312	[metatag = 5]5983
table_quest_text_data.rdf	144313	[metatag = 5]2
table_quest_text_data.rdf	144403	[metatag = 5]3
table_quest_text_data.rdf	144410	[metatag = 5]Yahhoi East의 Frieza잔당은 모두 브루클린 장군대행의 지휘아래에 있다. 원래 RP군이었다가 지금은 Frieza잔당에 가세 했는데 RP군의 잔당들을 통째로 갖다 바친 공로 때문에 한번에 고속승진 한 것. 우리의 목표는 오직 그 뿐이라고 강조하는 우사스.
table_quest_text_data.rdf	144411	[metatag = 5]0
table_quest_text_data.rdf	144412	[metatag = 5]4242
table_quest_text_data.rdf	144413	[metatag = 5]2
table_quest_text_data.rdf	144503	[metatag = 5]3
table_quest_text_data.rdf	144510	[metatag = 5]Yahhoi East는 춥다. 특히 야호이 요새 동쪽 관소 주변은 더욱 그렇다. 야박한 Freiza잔당들은 전 RP군의 병사에게는 대재로 된 옷도 주지 않는다. 어차피 붉은 팬티밖에 않입지 않느냐는 User의 말에 발끈 화를 내는 라이어. 자신도 가끔은 멋진 옷이 입고 싶다며 설원 캘거루의 모피를 구해다 달라고 한다.
table_quest_text_data.rdf	144511	[metatag = 5]0
table_quest_text_data.rdf	144512	[metatag = 5]640
table_quest_text_data.rdf	144513	[metatag = 5]1
table_quest_text_data.rdf	144603	[metatag = 5]3
table_quest_text_data.rdf	144610	[metatag = 5]사람들은 RP군이 나쁘다 나쁘다 하지만 Freiza잔당보다 나쁠 수는 없다고 말하는 야호. 하지만 그들 보다 더 나쁜 이들이 있다면??  분명 야호이 요새안으로 들어가면 그 사실을 알 수 있을 것이다. User가 궁금해 한다면 자신이 그 비밀의 근처까지 갈 수 있게 가르쳐 주겠다고 한다. 일단 실력을 한번 보자며 브루클린 장군대행의 근처에 있는 기리기리 패잔병과 북극 도주병을 잡아 그들이 가지고 있는 붉은 팬티를 모아다 호이에게 가라고 한다.
table_quest_text_data.rdf	144611	[metatag = 5]0
table_quest_text_data.rdf	144612	[metatag = 5]1106
table_quest_text_data.rdf	144703	[metatag = 5]3
table_quest_text_data.rdf	144706	[metatag = 5]반복용
table_quest_text_data.rdf	144710	[metatag = 5]싸움을 좋아 하는 호이 아저씨. 지금도 야호이 요새를 더럽히는 놈들을 모조리 쓸어 버리고 싶어 한다. 일단 쓰러뜨릴 세종의 적중 두 종은 북극 패잔병과 기리기리 산적병이다.
table_quest_text_data.rdf	144711	[metatag = 5]0
table_quest_text_data.rdf	144712	[metatag = 5]3129
table_quest_text_data.rdf	144803	[metatag = 5]3
table_quest_text_data.rdf	144810	[metatag = 5]쓰려트려야 할 다른 한종은 버팔로 노동병이다. 이놈들은 RP군 출신인 주제에 Frieza잔당에 빌붙어 동족의 고혈을 빨아 먹는 악당들이다. 살 가치가 없다.
table_quest_text_data.rdf	144811	[metatag = 5]0
table_quest_text_data.rdf	144812	[metatag = 5]3192
table_quest_text_data.rdf	144813	[metatag = 5]1
table_quest_text_data.rdf	144903	[metatag = 5]2
table_quest_text_data.rdf	144910	[metatag = 5]과거 RP군이 주변을 약탈하는 방법만으로 군수품을 조달해 왔다고 생각하면 큰 오산이다. RP군의 뒤에는 정체를 알 수 없는 큰 세력이 있어서 RP군에 무기를 계속 공급해 왔다는 것. 그 무기들이 하나 같이 허접한 것이었지만 그래도 무기는 무기 아닌가?  그들에게서 얻은 무기들은 야호이 요새의 깊은 곳에 따로 보관하고 있다. 그것이 이제는 고스란히 Frieza잔당의 손에 넘어가 있으니 User가 Frieza잔당을 괴롭힐 생각이라면 그 군수품도 모조리 박살을 내야 할 것이다. 일단은 RP군의 폭탄상자를 찾아 그 폭탄을 다른 군수품 상자에 사용하는 방법을 취하면 된다. 일단은 폭탄 상자를 찾는 것이 먼저다
table_quest_text_data.rdf	144911	[metatag = 5]0
table_quest_text_data.rdf	144912	[metatag = 5]7112
table_quest_text_data.rdf	145003	[metatag = 5]3
table_quest_text_data.rdf	145006	[metatag = 5]미세스 본에 대한 것을 알아 내고 싶다면 역시 그녀의 배후에 도사리는 놈과 직접 이야기를 해보는 편이 좋겠지. 덤으로 세뇌 호위병도 같이 잡자. 하지만 창백한 남자는 아무런 말도 하지 않는다. 대신 그를 잡으면 팬티 세탁이라는 이름의 작전 명령서가 드롭된다. 이 명령서 안에는 본 부인이 스파이가 되어서 래드팬츠군에 잠입한다는 내용이 들어 있다. 이것을 호이 아저씨에게 전달하자.
table_quest_text_data.rdf	145010	[metatag = 5]미세스 본에 대한 것을 알아 내고 싶다면 역시 그녀의 배후에 도사리는 놈과 직접 이야기를 해보는 편이 좋겠지. 덤으로 세뇌 호위병도 같이 잡자. 하지만 창백한 남자는 아무런 말도 하지 않는다. 대신 그를 잡으면 팬티 세탁이라는 이름의 작전 명령서가 드롭된다. 이 명령서 안에는 본 부인이 스파이가 되어서 래드팬츠군에 잠입한다는 내용이 들어 있다. 이것을 호이 아저씨에게 전달하자.
table_quest_text_data.rdf	145011	[metatag = 5]0
table_quest_text_data.rdf	145012	[metatag = 5]3380
table_quest_text_data.rdf	145013	[metatag = 5]2
table_quest_text_data.rdf	145103	[metatag = 5]3
table_quest_text_data.rdf	145110	[metatag = 5]yahhoie East에 출몰하고 있는 혼령들에 대해서 연구하고  있다는 라벨 연구원. 남들은 오컬트다 뭐다 하고 자신을 놀리지만 자신은 연구를 위해서 이 위험한 야호이 요새에도 마다 하지 않고 왔다고 자부한다. 다른 고분 지역의 혼령들에 대한 조사는 모두 끝을 냈지만 야호이 요새에는 무서운 RP군들이 너무 많아 들어갈 엄두도 내지 못하고 있다. User가 자신을 위해서 필요한 데이터를 모아다 주길 요청한다. 자신의 플라즈마 채취기를 줄테니 이것을 활용하면 혼령의 샘플을 재취 할 수 있다는 라벨
table_quest_text_data.rdf	145111	[metatag = 5]0
table_quest_text_data.rdf	145112	[metatag = 5]2684
table_quest_text_data.rdf	145203	[metatag = 5]3
table_quest_text_data.rdf	145210	[metatag = 5]이왕 하는 김에 한번만 더 수고해 달라는 라벨 연구원
table_quest_text_data.rdf	145211	[metatag = 5]0
table_quest_text_data.rdf	145212	[metatag = 5]6290
table_quest_text_data.rdf	145213	[metatag = 5]1
table_quest_text_data.rdf	145303	[metatag = 5]2
table_quest_text_data.rdf	145306	[metatag = 5]미니 나레이션. 교신기 Item을 받아서 user가 야호이 요새로 들어가면 미니 나레이션으로 텐서의 교신내용이 옵니다. 일단 user가 야호이 요새의 안으로 들어가면 1차 교신이 옵니다. 교신의 내용은 야호이 요새 깊이 들어가 거대한 배터리를 찾으라는 것입니다. 거대한 배터리는 창백한 남자가 있는 곳의 부근에 있습니다. 2. 교신으로 키리 배터리의 근터로 다가가면 그 배터리를 조사해 보라는 말이 뜹니다. 3. 키리 배터리를 클릭하면 Quest 완료가 되고 이제 거대한 배터리를 자세히 살펴보고 작은 원반모양의 콘센트를 찾아 보라고 한다.
table_quest_text_data.rdf	145310	[metatag = 5]야호이 요새의 깊은 곳에 보통 사람은 정체를 알 수 없는 거대한 배터리가 있는데 그것이 대한 조사를 하고 싶다는 텐서. User가 이일을 도와준다면 크게 사례 하겠다고 한다. 이 거대한 배터리를 찾은 후 그 군처에 있는 창백한 남자를 처치한 후 소형 키리 배터리라는 찾아 베터리의 콘솔에 사용하라. 그 대형 배터리가 키리 에너지를 저장하는 장치가 맞다면 소형 키리 배터리는 금방 충전이 될 것이고 그것을 자신에데 가져다 달라고 하는 텐서. 일단은 거대한 배터리를 찾자.
table_quest_text_data.rdf	145311	[metatag = 5]0
table_quest_text_data.rdf	145312	[metatag = 5]3732
table_quest_text_data.rdf	145403	[metatag = 5]3
table_quest_text_data.rdf	145406	[metatag = 5]미니 나레이션. Quest를 수락하면 다시 교신이 들어 온다. 미니 나레이션의 일러스트가 들어가는 곳에 텐서의 얼굴 대신에 예의 콘센트의 모습이 보입니다. 그 거대한 배터리의 정체는 키리 배터리가 맞는 것 같다는 텐서. 이제 주변을 잘 찾아 창백한 얼굴의 남자를 찾아 그를 물리치라는 텐서. 그를 물리치면 그의 몸에서 그 콘센트에 딱 들어 갈 수 있는 소형 키리 배터리를 찾을 수 있을 것이다. 그것을 그 대형 배터리의 콘센트에 넣어 보라고 합니다. Quest를 완료 하면 다시 교신이 온다. 아무일도 없냐며 그렇다면  베터리를 뭐든 좀 작동시켜 보라고 합니다.
table_quest_text_data.rdf	145407	[metatag = 5]…
table_quest_text_data.rdf	145409	[metatag = 5]…
table_quest_text_data.rdf	145410	[metatag = 5]거대한 배터리의 콘솔에 작은 원반 모양의 무언가를 꼿아 넣는 콘센트를 발견했다. 이제 창백한 남자를 찾아서 쓰러트리고 소형 키리 배터리를 찾아내자.
table_quest_text_data.rdf	145411	[metatag = 5]0
table_quest_text_data.rdf	145412	[metatag = 5]60
table_quest_text_data.rdf	145413	[metatag = 5]3
table_quest_text_data.rdf	145503	[metatag = 5]1
table_quest_text_data.rdf	145506	[metatag = 5]연출. Quest를 수락하면 화면이 마구 진동 하면서 붉은 빛의 연기 같은 Kiri의 기운이 마구 폭주를 합니다. 굉음이 퍼지고 나서 User는 충전된 키리 배터리를 얻습니다(멘트 필요). 연출이 끝나면 다시 교신이 옵니다. User에게 잘했다며 이제 그 배터리를 자신에게 가져다 달라고 합니다. Quest를 완료 하면 교신기를 텐서에게 다시 반납합니다(멘트 필요).
table_quest_text_data.rdf	145510	[metatag = 5]콘센트의 주변에 보이는 붉은 색의 레베러를 잡아 당겨 보았다. 거대한 배터리가 가동 되는 것 처럼 보인다. 이제 그녀의 말대로 충전된 키리 배터리를 그녀에게 가져가기만 하면 된다.
table_quest_text_data.rdf	145511	[metatag = 5]0
table_quest_text_data.rdf	145512	[metatag = 5]4032
table_quest_text_data.rdf	145603	[metatag = 5]1
table_quest_text_data.rdf	145610	[metatag = 5]자신은 원래 평범한 CC의 연구원이 아니라 CC에서 파견된 비밀 요원이라는 이야기를 하는 텐서 교수. 야호이 요새에 대형 키리 베터리를 조사하려고 온 것이라고 이야기를 한다. 어차피 누구도 믿어 주지 않겠지만 이 사실은 다른 누구에게도 이야기 하지 말아 달라고 한다. User덕에 임무를 완수 했다며 고맙다고 한다. 하지만 덕분에 이 자리를 뜨지 못하고 다른 동료들의 지원을 기다려야 할 처지가 되었다며 지금 있었던 일을 야호이 동부의 입구에 있는 또 다른 동료 나마도라 연구원에게 전해 달라고 한다. 그는 정말 비밀요원이었단 말인가?? 그를 만나면 이 일을 도와준 대가로 몇가지 중요한 정보를 가르쳐 줄 것이라고 한다.
table_quest_text_data.rdf	145611	[metatag = 5]0
table_quest_text_data.rdf	145612	[metatag = 5]5411
table_quest_text_data.rdf	145703	[metatag = 5]2
table_quest_text_data.rdf	145706	[metatag = 5]Quest를 수락하면 트리거 아이템 RP폭탄을 얻습니다. 군수품 상자는 대체 가능한 object가 있을 경우 사용을 권장합니다.  군수품 상자를 클릭하면 멘트로 5~0까지 카운트 다운을 하고 이후 폭파됩니다. 폭탄 설치시 멘트 필요. 폭발 하고 나면 군수품 상자는 그 자리에서 사라졌다가 얼마후다시 스폰됩니다. 시간 여유가 있으면 군수품 상자에 폭탄이 부착된 모습도 만들어 주세요. 군수품 상자의 개수나 배치는 레벨 쪽에 일임합니다. Rp폭탄을 버리더라도 군수품 폭탄상자를 클릭하면 폭탄을 다시 얻을 수 있습니다.
table_quest_text_data.rdf	145710	[metatag = 5]이제 폭탄 상자에서 폭탄을 꺼내서 군수품 상자를 터트리면 된다.
table_quest_text_data.rdf	145711	[metatag = 5]0
table_quest_text_data.rdf	145712	[metatag = 5]4718
table_quest_text_data.rdf	145730	"[metatag = 5][object = ""239""]"
table_quest_text_data.rdf	145731	"[metatag = 5][object = ""239""]"
table_quest_text_data.rdf	145732	"[metatag = 5][object = ""239""]"
table_quest_text_data.rdf	145803	[metatag = 5]1
table_quest_text_data.rdf	145810	[metatag = 5]RP군의 군수품들이 다른 세력에서 원조를 받고 있다는 사실은 미세스 본과오직 자신밖에 몰랐다고 자랑하는 라이어. User는 자신 덕분에 큰 공을 세웠으니 그에 대한 보상은 당연히 해야 하지 않겠냐고 거들먹 거리기 시작한다. 이 사실을 조~기 있는 용병 우사스에게 대신 좀 말해 달라고 한다. 그러면 바아바아의 측근인 그가 무언가 포상을 해주지 않겠냐는 라이어.
table_quest_text_data.rdf	145811	[metatag = 5]0
table_quest_text_data.rdf	145812	[metatag = 5]10
table_quest_text_data.rdf	145903	[metatag = 5]1
table_quest_text_data.rdf	145910	[metatag = 5]라이어라는 수인의 정체가 의심이 간다는 우사스. 그를 추궁해보자
table_quest_text_data.rdf	145911	[metatag = 5]0
table_quest_text_data.rdf	145912	[metatag = 5]10
table_quest_text_data.rdf	146003	[metatag = 5]2
table_quest_text_data.rdf	146006	[metatag = 5]대결. 라이어는 폭탄을 던져 싸우는 기술을 가지고 있습니다. 폭탄은 광역 데미지를 주며 맞을 경우 상당한 데미지를 줍니다.
table_quest_text_data.rdf	146010	[metatag = 5]User가 자꾸 귀찮게 하자 화를 내며 매운 맛을 보여 주겟다고 하는 라이어.
table_quest_text_data.rdf	146011	[metatag = 5]0
table_quest_text_data.rdf	146012	[metatag = 5]0
table_quest_text_data.rdf	146013	[metatag = 5]1
table_quest_text_data.rdf	146103	[metatag = 5]1
table_quest_text_data.rdf	146110	[metatag = 5]브루클린 장군대행을 물리친 사실을 기념관의 바아바아에게 보고 하자. 그녀도 분명히 기뻐할 것이다.
table_quest_text_data.rdf	146111	[metatag = 5]0
table_quest_text_data.rdf	146112	[metatag = 5]1779
table_quest_text_data.rdf	146203	[metatag = 5]1
table_quest_text_data.rdf	146210	[metatag = 5]난데 없이 딸꾹질을 하는 뮤트. 원래 않그랬는데 요즘 갑자기 딸꾹질 증이 생겼다고 한다. 들리는 소문에 의하면 자신 말고도 딸뚝질증이 생신 사람이 몇이 더 있고 West Land에는 더 많다고 한다는 것. 어쩌면 이게 병이 아닐까~ 하고 걱정이 든다고 한다. User가 이 일에 대해서 관심이 있다면 West Land에 넘어가서 원인을 좀 조사해 달라고 한다.
table_quest_text_data.rdf	146211	[metatag = 5]0
table_quest_text_data.rdf	146212	[metatag = 5]1352
table_quest_text_data.rdf	146303	[metatag = 5]1
table_quest_text_data.rdf	146310	[metatag = 5]user가 잠깐 없는 사이에 부우 기념관에 몇 가지 문제가 생겼다고 하는 보우보우. 않그래도 낡아서 문제가 많은 기념관인데 어디서 온 건지 난폭한 로봇들이 나타나서는 좋은 연료를 내 놓지 않으면 기념관을 부수겠다고 행패를 부리고 있다는 것. 지금까지는 푸키치씨가 잘 막아 주었는데 앞으로가 문제라고 한다. 푸키치를 찾아가 보자
table_quest_text_data.rdf	146311	[metatag = 5]0
table_quest_text_data.rdf	146312	[metatag = 5]579
table_quest_text_data.rdf	146403	[metatag = 5]3
table_quest_text_data.rdf	146406	[metatag = 5]Quest를 수락하면 두대의 로봇이 스폰되어 다가 옵니다. 미니 나레이션으로 로봇의
table_quest_text_data.rdf	146410	[metatag = 5]이 난폭한 로봇들이 나타나면 이번에는 user가 본떼를 좀 보여 달라고 한다.
table_quest_text_data.rdf	146411	[metatag = 5]0
table_quest_text_data.rdf	146412	[metatag = 5]74
table_quest_text_data.rdf	146413	[metatag = 5]1
table_quest_text_data.rdf	146503	[metatag = 5]2
table_quest_text_data.rdf	146510	[metatag = 5]오랫동안 영혼으로 있어서 그런지 자신도 슬슬 성불하고 싶다는 야호. 그러나 RP군이 가지고 있다는 전설의 여성용 붉은 팬티를 보기 전에는 성불 할 수 없다고 한다. 그런 물건이 과연 있기나 하냐는 눈으로 자신을 보지 말라는 야호 아저씨. 붉은 색 레이스가 아름답게 수 놓아진 그 팬티를 구해 오라는 명령을 내린다. 일단 수소문 해보기 위해서 인포메를 찾아가 보자.
table_quest_text_data.rdf	146511	[metatag = 5]0
table_quest_text_data.rdf	146512	[metatag = 5]1245
table_quest_text_data.rdf	146603	[metatag = 5]3
table_quest_text_data.rdf	146610	[metatag = 5]지금은 없지만 RP군에도 여성이 있었던 적이 있다. 바로 미세스 본과 그녀의 친위대. 지금은 그녀들 모두 없지만 이곳 야호이 요새는 분명이 미세스 본이 머물렀던 곳이니 어딘가의 옛날 보급품을 잘 뒤지면 하나쯤 남아 있을 지도 모른다.
table_quest_text_data.rdf	146611	[metatag = 5]0
table_quest_text_data.rdf	146612	[metatag = 5]2691
table_quest_text_data.rdf	146703	[metatag = 5]2
table_quest_text_data.rdf	146710	[metatag = 5]User가 겪은 일들을 파파 본에게 소상하게 전해 주라는 호이 아저씨.
table_quest_text_data.rdf	146711	[metatag = 5]0
table_quest_text_data.rdf	146712	[metatag = 5]5763
table_quest_text_data.rdf	146803	[metatag = 5]2
table_quest_text_data.rdf	146810	[metatag = 5]갑자기 user와 한번 겨루어 보자는 모모꼬. 처음 보았을 때보다 강해 보이는 User와 대련해 보고 싶었다고 한다.
table_quest_text_data.rdf	146811	[metatag = 5]0
table_quest_text_data.rdf	146812	[metatag = 5]0
table_quest_text_data.rdf	146813	[metatag = 5]1
table_quest_text_data.rdf	146903	[metatag = 5]1
table_quest_text_data.rdf	146910	[metatag = 5]여성용 붉은 팬티를 누군가에게 한번 입혀 보기를 벼르고 있는 야호 아저씨. 갑자기 user를 불러서는 여성용 붉은 팬티를 건네 준다. 부우 기념관에 가챠코라는 엔지니어가 있는데 그녀까 꽤 삼삼하다며 그녀에게 이 팬티를 입히고 사진을 한장 찍어다 달라고 한다. 과연 가능할까~
table_quest_text_data.rdf	146911	[metatag = 5]0
table_quest_text_data.rdf	146912	[metatag = 5]2172
table_quest_text_data.rdf	147003	[metatag = 5]2
table_quest_text_data.rdf	147006	[metatag = 5]반복용
table_quest_text_data.rdf	147010	[metatag = 5]푸키치가 있는 장성문쪽으로 난폭한 로봇들을 물리쳐 주었다는 소식을 들었다는 판키치. 요즘은 자신이 있는 성문 쪽으로도 난폭한 로봇들이 오고 있는데 그게 막아도 막아도 끝이 없다는 것.
table_quest_text_data.rdf	147011	[metatag = 5]0
table_quest_text_data.rdf	147012	[metatag = 5]118
table_quest_text_data.rdf	147013	[metatag = 5]1
table_quest_text_data.rdf	147103	[metatag = 5]1
table_quest_text_data.rdf	147110	[metatag = 5]Frirza잔당을 막기 위해서 그렇게 힘을 썼는데 안타깝게도 Frieza잔당이 Frieza의 유전자를 찾아 내는데 성공했다는 소식을 들었다는 바아바아. 아마 그유전자는 곧바로 클론을 만들어 내기 위한 시설로 옮겨진 모양이다. 이 사실을 West Land의 CC 우주 연구원인 스모코에게 알려야 한다.
table_quest_text_data.rdf	147111	[metatag = 5]0
table_quest_text_data.rdf	147112	[metatag = 5]565
table_quest_text_data.rdf	147203	[metatag = 5]3
table_quest_text_data.rdf	147210	[metatag = 5]자신이 옛날에 사용했던 검이 있었는데 지금은 이 요새를 점령하는 것도 모자라 그 검을 마치 자기것인냥 가지고 다는 놈이 있다는 호이 아저씨. 적이 그 검을 가지고 다니는 것이 보이는 이상 절대 성불 할 수 없다고 한다.
table_quest_text_data.rdf	147211	[metatag = 5]0
table_quest_text_data.rdf	147212	[metatag = 5]2378
table_quest_text_data.rdf	147213	[metatag = 5]1
table_quest_text_data.rdf	147303	[metatag = 5]1
table_quest_text_data.rdf	147310	[metatag = 5]검을 찾은 것은 좋지만 자신은 유령이라서 이제는 물질로 된 검을 쓸수 없다고 한다. 그러니 이 검은 부우 기념관의  무기상인 스밧샤에게 전해 달라고 한다.
table_quest_text_data.rdf	147311	[metatag = 5]0
table_quest_text_data.rdf	147312	[metatag = 5]3536
table_quest_text_data.rdf	147403	[metatag = 5]1
table_quest_text_data.rdf	147410	[metatag = 5]들리는 말에 부케가 요즘 감기에 걸렸다고 하니 자신의 특제 감기약을 좀 배달해 달라는 바아바아.
table_quest_text_data.rdf	147411	[metatag = 5]0
table_quest_text_data.rdf	147412	[metatag = 5]1044
table_quest_text_data.rdf	147503	[metatag = 5]1
table_quest_text_data.rdf	147510	[metatag = 5]자신이 편지를 하나 써줄테니 그것을 쫄랑 시장에게 전해 달라고 부탁한다.
table_quest_text_data.rdf	147511	[metatag = 5]0
table_quest_text_data.rdf	147512	[metatag = 5]1732
table_quest_text_data.rdf	147603	[metatag = 5]2
table_quest_text_data.rdf	147610	[metatag = 5]User덕에 유령의 플라즈마를 잔뜩 모을 수 있었다는 라벨 연구원. 하지만 진짜는 짜로 있다. 바로 야호이 요새를 아직도 배회하고 있다고 전해지는 야호와 호이의 유령. 그들의 플라즈마를 얻을 수만 있다면~~
table_quest_text_data.rdf	147611	[metatag = 5]0
table_quest_text_data.rdf	147612	[metatag = 5]2197
table_quest_text_data.rdf	147703	[metatag = 5]3
table_quest_text_data.rdf	147706	[metatag = 5]대결.
table_quest_text_data.rdf	147710	[metatag = 5]지금 까지 잘 보아 왔는데 User는 꽤 강해 보인다는 말을 하는 야호 아저씨. 자신과 한번 대련해 보자고 한다. 만일 자신을 이기면 꼬리 하나 살짝 잘라서 자신의 플라즈마를 나누어 주겠다고 한다.
table_quest_text_data.rdf	147711	[metatag = 5]0
table_quest_text_data.rdf	147712	[metatag = 5]0
table_quest_text_data.rdf	147713	[metatag = 5]1
table_quest_text_data.rdf	147803	[metatag = 5]3
table_quest_text_data.rdf	147810	[metatag = 5]user가 야호를 이겼다는 이야기를 들었다는 호이. 옛날의 피가 불끈불끈 (유령이 왠 피?) 한다며 자신도 user와 한번 대련해 보고 싶어 졌다고 한다. 물론 자신도 지게 된다면 플라즈마를 나누어 주겠다고 한다.
table_quest_text_data.rdf	147811	[metatag = 5]0
table_quest_text_data.rdf	147812	[metatag = 5]0
table_quest_text_data.rdf	147813	[metatag = 5]1
table_quest_text_data.rdf	147903	[metatag = 5]2
table_quest_text_data.rdf	147910	[metatag = 5]플라즈마를 얻었을 테니 이제 그것을 가지고 가라는 호이. 살짝 자존심이 상한 듯해 보이긴 한다.
table_quest_text_data.rdf	147911	[metatag = 5]0
table_quest_text_data.rdf	147912	[metatag = 5]3317
table_quest_text_data.rdf	148003	[metatag = 5]2
table_quest_text_data.rdf	148006	[metatag = 5]레벨 쪽에서 적당히 좋은 장비를 주어 주세요
table_quest_text_data.rdf	148010	[metatag = 5]자신 둘을 모두 이겼다는 것을 수인 중에서는 누구도 User와는 대적할 수 없다는 것과 같다… 옛날에는 그랬었다 라고 말하는 야호 아저씨. 요새를 나가서 엉클 본을 만나라고 한다. 자신들 둘을 이겼다는 이야기를 들으면 그가 user에게 좋은 상을 줄 것이다.
table_quest_text_data.rdf	148011	[metatag = 5]0
table_quest_text_data.rdf	148012	[metatag = 5]4802
table_quest_text_data.rdf	148103	[metatag = 5]2
table_quest_text_data.rdf	148107	[metatag = 5]…
table_quest_text_data.rdf	148111	[metatag = 5]0
table_quest_text_data.rdf	148112	[metatag = 5]637
table_quest_text_data.rdf	148203	[metatag = 5]2
table_quest_text_data.rdf	148211	[metatag = 5]0
table_quest_text_data.rdf	148212	[metatag = 5]238
table_quest_text_data.rdf	148303	[metatag = 5]2
table_quest_text_data.rdf	148311	[metatag = 5]0
table_quest_text_data.rdf	148312	[metatag = 5]180
table_quest_text_data.rdf	148403	[metatag = 5]2
table_quest_text_data.rdf	148411	[metatag = 5]0
table_quest_text_data.rdf	148412	[metatag = 5]150
table_quest_text_data.rdf	148503	[metatag = 5]2
table_quest_text_data.rdf	148511	[metatag = 5]0
table_quest_text_data.rdf	148512	[metatag = 5]384
table_quest_text_data.rdf	148603	[metatag = 5]2
table_quest_text_data.rdf	148611	[metatag = 5]0
table_quest_text_data.rdf	148612	[metatag = 5]318
table_quest_text_data.rdf	148703	[metatag = 5]2
table_quest_text_data.rdf	148711	[metatag = 5]0
table_quest_text_data.rdf	148712	[metatag = 5]574
table_quest_text_data.rdf	150103	[metatag = 5]1
table_quest_text_data.rdf	150106	[metatag = 5]MushRoomNorth진입 Quest
table_quest_text_data.rdf	150110	"[metatag = 5]웨스트랜드의 로봇과 관련된 일련의 문제들에 대해서 자신이 세운 가설은 그것이 머쉬룸 록스에서 기원되고 있을 것이라는 것이다.
현재까지 입수된 로봇 고장이나 폭주에 따른 사건의 분포도가 점점 머쉬룸 록스 쪽에 가까울수록 빈번해지고 있으니 그런 결론을 내릴 수 밖에 없다고 하는 도우 연구원.
아무래도 본격적인 정보 조사를 위해서는 직접 머쉬룸 록스로 가보는 것이 좋을 것이며 자신의 짐작대로라면 분명 머쉬룸 록스 지방에도 이 로봇에 대한 문제를 연구하는 사람이 있을 것이라고 한다."
table_quest_text_data.rdf	150111	[metatag = 5]0
table_quest_text_data.rdf	150112	[metatag = 5]2200
table_quest_text_data.rdf	150203	[metatag = 5]2
table_quest_text_data.rdf	150210	"[metatag = 5]머쉬룸 지방의 버섯은 그 크기가 거대하여 목재로 사용되는 것들이 대부분이지만 그에 비해 크기가 작고 요리로 만들면 아주 맛있는 것들이 많다면서 유저에게 식용 팽이 버섯을 구해주길 기대한다.
"
table_quest_text_data.rdf	150211	[metatag = 5]0
table_quest_text_data.rdf	150212	[metatag = 5]950
table_quest_text_data.rdf	150303	[metatag = 5]2
table_quest_text_data.rdf	150310	"[metatag = 5]요리를 만들기 위해서는 당연히 물이 필요하다.
머쉬룸 록스 지방에서는 거대 버섯들이 자라나는데 많은 양의 수분을 빨아올리기 때문에 기본적으로 다른 지방에 비해 식수는 충분치 않은 편이다.
그렇게 물 부족 현상이 있는데도 이 주변에 서식하는 사막리오 슈퍼드라이라는 녀석들은 자신의 수통에 물을 저장하고 다닌다.
무슨 문제인지 다른 지방에 비해 훨씬 커다란 이 지역의 리오들은 그 자체로도 골치덩어리인 유저가 사막리오 드라이를 해치우고 그 수통을 가져와달라."
table_quest_text_data.rdf	150311	[metatag = 5]0
table_quest_text_data.rdf	150312	[metatag = 5]2000
table_quest_text_data.rdf	150403	[metatag = 5]2
table_quest_text_data.rdf	150410	"[metatag = 5]자신은 인생의 깨달음을 위해 고행을 찾아다니는 고행자라고 소개하며 버섯 포자로 인해 각종 유해 요소가 발생하는 이 머쉬룸 지방에 일부러 찾아왔다고 한다.
하지만 고행을 즐기는 자신이라고 해도 유독 참을 수 없는 것이 있는데 그것이 바로 리오들의 호루라기 소리라고 하면서 조용히 좌선을 하고 정신집중을 할 때 들려오는 리오들의 호루라기 소리 때문에 미칠 지경이라고 한다.
보통 사람은 듣기 힘들 정도의 초음파를 발산하는 리오의 호루라기를 빼앗아달라."
table_quest_text_data.rdf	150411	[metatag = 5]0
table_quest_text_data.rdf	150412	[metatag = 5]1950
table_quest_text_data.rdf	150503	[metatag = 5]2
table_quest_text_data.rdf	150510	"[metatag = 5]호루라기 소리는 잠잠해졌지만 이번엔 요란한 차림의 리오가 온갖 현란한 댄스를 추며 자신의 고행을 방해한다고 한다.(대체 고행을 하는건지 마는건지…)
그 알록달록한 빛과 구역질나는 춤이 꼴도 보기 싫으니 유저가 삼바리오 도밍고를 좀 처리해달라."
table_quest_text_data.rdf	150511	[metatag = 5]0
table_quest_text_data.rdf	150512	[metatag = 5]1950
table_quest_text_data.rdf	150603	[metatag = 5]2
table_quest_text_data.rdf	150610	"[metatag = 5]머쉬룸 록스 지역부터 퍼져 나가고 있는 로봇들의 이상 현상에 대해 자신은 바로 머쉬룸 지방의 특산인 버섯의 포자의 영향 때문이 아닐까하는 가설을 세웠다고 한다.
이에 대한 것은 아직 한창 연구 진행중으로 상당히 많은 실험 샘플이 필요하다.
이 주변에 돌아다니는 구형 일꾼로보를 파괴하고 메인 프로세서를 가져와달라."
table_quest_text_data.rdf	150611	[metatag = 5]0
table_quest_text_data.rdf	150612	[metatag = 5]3000
table_quest_text_data.rdf	150703	[metatag = 5]2
table_quest_text_data.rdf	150710	"[metatag = 5]자신은 버섯 나무를 깎아 목재로 만드는 일을 하는 목수로 얼마 전 잘 익은 적버섯 나무를 발견했는데 그 주변에 난데 없는 해충들이 그득하게 몰려들어 자신의 일을 방해하고 있다고 한다.
이 머쉬룸 록스에서는 버섯 나무의 가공 이외에는 살 길이 없다고 하며 자신을 도와 그 해충들을 내쫓아 주길 바란다."
table_quest_text_data.rdf	150711	[metatag = 5]0
table_quest_text_data.rdf	150712	[metatag = 5]2560
table_quest_text_data.rdf	150803	[metatag = 5]2
table_quest_text_data.rdf	150806	"[metatag = 5]퀘스트를 수락하면 거대 버섯 그루터기를 공격할 수 있게 됩니다.
(퀘스트 여부 관계없이 공격 가능)"
table_quest_text_data.rdf	150810	"[metatag = 5]목수로서 자신은 수많은 버섯 나무를 잘라내어 그것으로 가구나 농기구를 만들어 내다 팔고 있다.
하지만 사실 이 주변의 지역은 CC에서 모두 사들였기 때문에 허락없이 버섯 나무를 베어 생활하는 것은 엄연한 위법이다.
지금 그동안 베어 낸 버섯 나무들의 그루터기가 그대로 남아 있으니 CC에서 그것을 조사하기 위해 사람을 파견하기 전에 그루터기를 없애서 그 증거를 제거해야 한다.
자신은 나이가 많아 깊이 뿌리내린 버섯 나무의 그루터기를 제거하기 힘드니 유저가 좀 도와달라."
table_quest_text_data.rdf	150811	[metatag = 5]0
table_quest_text_data.rdf	150812	[metatag = 5]1740
table_quest_text_data.rdf	150903	[metatag = 5]3
table_quest_text_data.rdf	150910	"[metatag = 5]이 인근을 돌아보면 알겠지만 곤충류 동물들이 다른 지역 어느 곳보다 거대하게 성장해 있는 것을 알 수 있을 것이다.
다른 곤충들은 대략적인 조사가 끝났는데 퀸 블러디 침벌은 워낙에 위험한 녀석이라 이 주변의 거주민들은 손도 못대고 있다.
혹시 유저가 발전된 웨스트랜드에서 곤충을 상대할 좋은 기술을 알아왔다면 부디 블러디 퀸 카붕을 잡고 그 날개 조각을 구해달라."
table_quest_text_data.rdf	150911	[metatag = 5]0
table_quest_text_data.rdf	150912	[metatag = 5]960
table_quest_text_data.rdf	150913	[metatag = 5]1
table_quest_text_data.rdf	151003	[metatag = 5]2
table_quest_text_data.rdf	151010	"[metatag = 5]최근 이 지역의 수인들 중 마음을 삐뚤게 먹고 노략질을 일삼는 녀석들이 버섯의 위장 효과를 사용해 버섯 모자를 쓰고 지나가는 행인들을 공격하고 있다.
유저같은 신참도 언젠가는 녀석들에게 당할지 모른다며 버섯모자를 쓴 수인들을 보면 가차없이 먼저 쓰러뜨려도 좋다고 한다."
table_quest_text_data.rdf	151011	[metatag = 5]0
table_quest_text_data.rdf	151012	[metatag = 5]1110
table_quest_text_data.rdf	151103	[metatag = 5]2
table_quest_text_data.rdf	151110	"[metatag = 5]항상 명상과 고행을 하다보니 먹을 것을 구할 겨를도 없다고 푸념하는 세틱.
이 지역에 먹을 만한 버섯은 널려 있지만 모두 캡슐 코퍼레이션의 소유라고 들었으며 자신은 남의 것엔 손댈 수 없다고 한다.
하지만 요전엔 버섯과 비슷하게 생긴 재배맨을 보았다며 비슷하게 생겼을 뿐 버섯은 아니니까 괜찮지 않을까? 한다.
자신의 시장기를 달래기 위한 버섯 재배맨을 좀 구해다달라."
table_quest_text_data.rdf	151111	[metatag = 5]0
table_quest_text_data.rdf	151112	[metatag = 5]300
table_quest_text_data.rdf	151203	[metatag = 5]3
table_quest_text_data.rdf	151206	[metatag = 5]퀘스트를 수락하면 리오 브라보, 삼바리오 도밍고, 사막리오 슈퍼드라이들이 등장해서 노코의 아들을 공격합니다.
table_quest_text_data.rdf	151210	"[metatag = 5]오늘은 놀고 있는 자신의 아들에게 자그마한 버섯 채집 일을 맡겼으나 보다시피 이 근처는 거대화된 곤충 등으로 인해 위험하다.
유저가 아들이 버섯 채집을 하는 것을 보호해주길 바란다."
table_quest_text_data.rdf	151211	[metatag = 5]0
table_quest_text_data.rdf	151212	[metatag = 5]120
table_quest_text_data.rdf	151303	[metatag = 5]3
table_quest_text_data.rdf	151306	"[metatag = 5]퀘스트를 수락하면 유저의 등에 버섯을 실은 지게가 부착됩니다.
버섯 강탈 로봇을 쓰러뜨리면 전파 수신 안테나라는 아이템이 드랍됩니다."
table_quest_text_data.rdf	151310	"[metatag = 5]요즘 머쉬룸 록스와 웨스트랜드를 잇는 변경에서 험악한 도둑이 나타난다며 그로 인해 웨스트랜드에 버섯들을 내다 팔기가 힘들게 되어버렸다.
유저는 그동안의 일로도 충분히 강하다고 생각되니 그 버섯 도둑을 좀 잡아주지 않겠는가.
등에 가짜 버섯 작물을 지고 웨스트랜드쪽으로 이동하다보면 그 도둑이 반드시 나타날 것이다."
table_quest_text_data.rdf	151311	[metatag = 5]0
table_quest_text_data.rdf	151312	[metatag = 5]760
table_quest_text_data.rdf	151313	[metatag = 5]1
table_quest_text_data.rdf	151403	[metatag = 5]2
table_quest_text_data.rdf	151410	"[metatag = 5]다락다락 사사비란 놈은 버섯을 주식으로 하는 덩치 큰 다람쥐인데 문제는 이 녀석이 버섯 하나를 놓고 배불리 먹는 것이 아니라 모든 버섯을 왔다갔다 거리며 조금씩 야금야금 베어먹는다는게 문제다.
그래서 그렇게 된 버섯 나무는 가공하거나 어디에 내다 팔기에도 좋지 않는 모습이 되는 민폐를 만들어버리니 그 다락다락 사사비란 놈을 좀 잡아 주는 것이 이 곳의 사람들을 위해 좋을 것이다."
table_quest_text_data.rdf	151411	[metatag = 5]0
table_quest_text_data.rdf	151412	[metatag = 5]150
table_quest_text_data.rdf	151503	[metatag = 5]1
table_quest_text_data.rdf	151510	"[metatag = 5]무슨 용도로 부착된 안테나일까?
이 안테나에 대해 알만한 사람에게 물어보는 것이 좋겠다."
table_quest_text_data.rdf	151511	[metatag = 5]0
table_quest_text_data.rdf	151512	[metatag = 5]380
table_quest_text_data.rdf	151603	[metatag = 5]1
table_quest_text_data.rdf	151610	"[metatag = 5]그러고보니 이 전파 수신 안테나는 로봇의 메인 프로그램이 고장나거나 파괴되었을 때 CC의 일괄적인 명령 전파를 수신토록 해서 계속적으로 본 임무를 수행할 수 있게끔하기 위해 로봇에 달려있도록 한 것이다.
하지만 그것은 만일을 대비한 용도일 뿐이라서 지금껏 폐기되기 전까지 그 명령 전파를 받게끔 한 로봇의 신고는 없는 것으로 알고 있다.
하지만 이번에도 이상을 일으킨 로봇에게 달려있는 것을 보니 뭔가 그것과 연관이 있을지도 모르겠다는 생각이 들었다는 에릭 연구원.
하지만 이것에 대해 알아내기 위해서는 전파공학을 담당하는 사람이 필요할 것이다.
아무래도 웨스트랜드보다는 이 머쉬룸 북부의 남쪽으로 이동하며 전파공학을 연구한 사람을 찾아보는게 좋을 것이다."
table_quest_text_data.rdf	151611	[metatag = 5]0
table_quest_text_data.rdf	151612	[metatag = 5]2010
table_quest_text_data.rdf	151703	[metatag = 5]2
table_quest_text_data.rdf	151706	[metatag = 5]삿부는 곤충들의 거대화가 거대 버섯 때문이라는 것은 정말 말도 안되는 이야기다. 한평생 이 지역의 버섯을 맛봐 온 자신이라면 벌써 거인이 되어 있어야 하지 않은가? 라고 말한다.
table_quest_text_data.rdf	151710	"[metatag = 5]영향의 강약이 있긴 하지만 지금까지 채집된 곤충 세포들을 보면 모두 정상적인 곤충에게서는 볼 수 없는 다른 곳에서 주입된 화학 효과로 그렇게 거대화된 것이다.
그렇다면 과거 리조트가 만들어낸 유전자 개량으로 인해 변화된 이 지역의 거대 버섯을 먹은 영향 때문인지도 모른다.
그렇다면 버섯에 대해 가장 잘 알고 있는 인물에게 그런 버섯의 효과에 대해 한번 물어봐주는 게 좋을 거 같다."
table_quest_text_data.rdf	151711	[metatag = 5]0
table_quest_text_data.rdf	151712	[metatag = 5]1040
table_quest_text_data.rdf	151803	[metatag = 5]1
table_quest_text_data.rdf	151810	"[metatag = 5]더는 혼자서 고민해봐야 답이 나오지 않는다.
머쉬룸 록스 북부의 남쪽으로 더 진행하다보면 더 이상한 곤충과 또는 그런 곤충들의 원인을 알고 있는 사람이 있을지도 모른다.
자신이 지금껏 연구한 곤충 세포 샘플을 줄테니 만약 그런 사람이 있다면 도움이 되어줄 수 있을 것이다."
table_quest_text_data.rdf	151811	[metatag = 5]0
table_quest_text_data.rdf	151812	[metatag = 5]1280
table_quest_text_data.rdf	151903	[metatag = 5]1
table_quest_text_data.rdf	151910	"[metatag = 5]음… 자신은 기계나 로봇에 대해서는 자신있지만 생물학에 대해서는 깡통이라며 로봇의 각 기계부품 사이로 버섯 포자가 잔뜩 끼어 있는 것은 자신의 생각대로였지만 이것이 어떤 작용으로 기계에 부작용을 일으킬 수 있는지는 도무지 모르겠다고 한다.
여기서 동쪽의 캠프에는 생물학을 전공한 자신의 후배가 있다고 하니 그의 도움을 좀 받고 싶다는 에릭 연구원"
table_quest_text_data.rdf	151911	[metatag = 5]0
table_quest_text_data.rdf	151912	[metatag = 5]1280
table_quest_text_data.rdf	152003	[metatag = 5]2
table_quest_text_data.rdf	152006	[metatag = 5]포자가 쌓인 부분을 오브젝트로 만들고 그것을 클릭하면 포자 눈을 획득합니다.
table_quest_text_data.rdf	152010	"[metatag = 5]더운 지방에서 혼자 여행을 왔다는 리투는 하늘에서 내리는 눈을 꼭 보고 싶어서 이 머쉬룸 지방으로 왔다고 한다.
말 그대로 하늘에서 내리는 포자눈이 아주 멋진 곳이라고 하면서 자신이 그 포자 눈으로 포자 눈사람을 만들고 싶으니 유저가 포자 눈을 최대한 많이 모아 와달라.
진짜 눈이 아니기 때문에 녹지도 않으니 가능할 것이다."
table_quest_text_data.rdf	152011	[metatag = 5]0
table_quest_text_data.rdf	152012	[metatag = 5]780
table_quest_text_data.rdf	152103	[metatag = 5]1
table_quest_text_data.rdf	152110	"[metatag = 5]유저가 애써서 포자 눈을 모아줬는데 보통 눈처럼 뭉쳐지질 않아 눈사람을 만들 수가 없다.
뭔가 끈끈한 풀 같은게 필요하다고 생각한 리투.
유저에게 이 근처에서 끈끈한 풀을 구할 수 있는 방법을 아는 사람이 없을까 알아봐달라 한다."
table_quest_text_data.rdf	152111	[metatag = 5]0
table_quest_text_data.rdf	152112	[metatag = 5]750
table_quest_text_data.rdf	152203	[metatag = 5]2
table_quest_text_data.rdf	152206	[metatag = 5]보라색으로 끈적이는 포자액 오브젝트에서 포자액을 획득할 수 있습니다.
table_quest_text_data.rdf	152210	"[metatag = 5]거대 버섯 중에는 바람에 날리는 포자가루 이외에 끈끈한 수분과 함께 뿜어내는 포자액을 뿌리는 버섯도 있다면서 유저가 그것을 채집해서 리투에게 갖다주면 좋을 것이라고 알려준다.
"
table_quest_text_data.rdf	152211	[metatag = 5]0
table_quest_text_data.rdf	152212	[metatag = 5]1000
table_quest_text_data.rdf	152303	[metatag = 5]2
table_quest_text_data.rdf	152306	[metatag = 5]리투 주변에 만들다 만 포자 눈사람을 오브젝트로 배치
table_quest_text_data.rdf	152310	"[metatag = 5]겨우 포자 눈으로 만든 눈사람을 만들었는데 풀하우스 날쥐라는 놈들이 나타나서 다 뭉개뜨렸다고 한다.
외지에서 왔다고 자기를 너무 얕봤다고 화를 내며 유저가 풀하우스 날쥐를 혼내주었으면 좋겠다고 한다."
table_quest_text_data.rdf	152311	[metatag = 5]0
table_quest_text_data.rdf	152312	[metatag = 5]1670
table_quest_text_data.rdf	152403	[metatag = 5]2
table_quest_text_data.rdf	152410	"[metatag = 5]자신의 취미는 등산이라며 세계 각지에 유명한 산들은 안 다녀본 곳이 없을 정도이다.
하지만 이 머쉬룸 지역은 산보다 더 높은 거대 버섯에 오르는 재미가 특별하기 때문에 이미 오랫동안 이곳에 머물러 살고 있다고 한다.
그리고 얼마 전 또 거대 버섯에 오르려고 했는데 그 아래에 거대 곤충들이 득실거려 버섯에 접근하기도 힘이 들다며 드럼 땅강아스라 불리는 그 곤충들을 유저가 좀 쫓아주기를 요청한다."
table_quest_text_data.rdf	152411	[metatag = 5]0
table_quest_text_data.rdf	152412	[metatag = 5]940
table_quest_text_data.rdf	152503	[metatag = 5]2
table_quest_text_data.rdf	152506	"[metatag = 5]노코 캠프와 슐른 캠프 주변의 거대 버섯을 클릭하여 둔감한 거대 버섯을 찾아야 하며 조사할 수 있는 3개의 거대 버섯 중에서 항상 마지막의 버섯이 둔감한 거대 버섯입니다.
(순서 상관없이 visit로 함)"
table_quest_text_data.rdf	152510	"[metatag = 5]거대 버섯을 등반할 수는 있지만 그렇다고 아무 버섯이나 오를 수 있는 것은 아니다.
버섯 중에는 민감한 버섯과 둔감한 버섯이 있는데 이 민감한 버섯은 조금만 외부의 자극을 받기만 해도 사방으로 흔들려 도저히 올라탈 수가 없다.
그래서 둔감한 버섯만을 골라 올라야 하는데 둔감한 버섯은 민감한 버섯에 비해 그 수가 매우 적기 때문에 그것을 골라다니는 것도 한참이 걸린다.
유저는 왠지 시간이 남아도는 것 같다며 둔감한 버섯을 좀 찾아서 알려주지 않겠는가?"
table_quest_text_data.rdf	152511	[metatag = 5]0
table_quest_text_data.rdf	152512	[metatag = 5]1460
table_quest_text_data.rdf	152603	[metatag = 5]2
table_quest_text_data.rdf	152610	"[metatag = 5]자신은 이 머쉬룸 지역의 멋진 정취를 감상하기 위해 프랑프랑 지방에서 온 관광객이라고 한다.
프랑프랑과 비슷한 황무지같으면서도 알록달록 멋진 거대 버섯들이 이루는 풍경들이 정말 멋진 것 같다고 하는 두비두비.
하지만 이 곳에 여행오자마자 이쁜 버섯들을 구경하고 있었는데 갑자기 버섯모자를 쓴 도적떼가 나타나 자신의 짐과 여행비를 모두 빼앗아갔다고 한다.
돈 같은 건 잃어버려도 상관없지만 자신이 이 머쉬룸 지역의 버섯들을 보고 만들고 싶어하는 형형색색 점토까지 빼았겼으니 이 곳에서 할 일이 없어져버렸다는 두비두비.
어떻게든 그 버섯모자를 쓴 도적떼를 혼내주고 자신의 형형색색 점토를 되찾아달라고 부탁한다."
table_quest_text_data.rdf	152611	[metatag = 5]0
table_quest_text_data.rdf	152612	[metatag = 5]1070
table_quest_text_data.rdf	152703	[metatag = 5]1
table_quest_text_data.rdf	152710	"[metatag = 5]다락다락 사사비 녀석들이 야금야금 갉아먹은 것이 아니라 이번엔 거대 버섯 줄기가 통째로 싹둑싹둑 잘려나가고 있다며 다 자라지도 않는 나무들까지 잘려나가는 것을 자신으로선 보고만 있을 순 없다.
설마 목수인 노코가 술에 취해 일을 한답시고 한 짓일지 모르니 노코에게 한번 물어봐달라."
table_quest_text_data.rdf	152711	[metatag = 5]0
table_quest_text_data.rdf	152712	[metatag = 5]1100
table_quest_text_data.rdf	152803	[metatag = 5]1
table_quest_text_data.rdf	152810	"[metatag = 5]그러고보니 자신도 거대 버섯이 여기저기 잘려나간 모습을 보았었다며 그렇게 잘려나간 것은 절대 도끼나 다른 공구를 이용해서 할 수 있는 일이 아니다.
그렇다면 사람이 한 일이 아니라는 소리인데…
슐른 캠프의 빌리라는 청년이라면 뭔가 그것을 보고 알아낼 수 있지 않을까?"
table_quest_text_data.rdf	152811	[metatag = 5]0
table_quest_text_data.rdf	152812	[metatag = 5]1280
table_quest_text_data.rdf	152903	[metatag = 5]3
table_quest_text_data.rdf	152910	"[metatag = 5]거대 버섯이 잘려나간 흔적이라면 분명 싹뚜기과의 거대 곤충일 것이라고 하며 자신도 이 근방에 킹기리우스라는 싹뚜기과 곤충이 살고 있다는 소리를 들었다고 한다.
킹기리우스를 찾아 놈을 없애면 삿부의 걱정을 덜어줄 수 있을 것이다."
table_quest_text_data.rdf	152911	[metatag = 5]0
table_quest_text_data.rdf	152912	[metatag = 5]1150
table_quest_text_data.rdf	152913	[metatag = 5]1
table_quest_text_data.rdf	153003	[metatag = 5]2
table_quest_text_data.rdf	153010	"[metatag = 5]자신이 거대 곤충에 대해 조사를 열심히 펼치고 있는 와중에 방해꾼을 발견했다.
바로 거대 버섯 나무 사이에 생겨난 식충 식물인데 이 식충 식물이 먹어치우는 곤충의 양은 엄청나서 자신의 곤충 연구에도 방해가 되며 문제는 너무 거대하기 때문에 사람도 잡아먹기 위해 공격하기도 한다며 이것을 제거하지 못하면 자유롭게 조사를 펼치기도 힘들 것 같다."
table_quest_text_data.rdf	153011	[metatag = 5]0
table_quest_text_data.rdf	153012	[metatag = 5]1320
table_quest_text_data.rdf	153013	[metatag = 5]1
table_quest_text_data.rdf	153103	[metatag = 5]2
table_quest_text_data.rdf	153106	[metatag = 5]두비두비가 만든 거대 점토 버섯을 발견하면 그곳에 머쉬룸 갱 파괴자가 나타나 그 거대 점토 버섯을 파괴하고 유저를 공격합니다.
table_quest_text_data.rdf	153110	"[metatag = 5]자신이 형형색색 점토를 사용하여 멋들어진 인조 거대 버섯을 만들어 놓았다고 한다.
워낙에 잘 만들어 놓아 진짜와 구별하기 힘들테니 자신이 있으면 한번 찾아보라고 하는 두비두비
"
table_quest_text_data.rdf	153111	[metatag = 5]0
table_quest_text_data.rdf	153112	[metatag = 5]344
table_quest_text_data.rdf	153203	[metatag = 5]3
table_quest_text_data.rdf	153206	"[metatag = 5]퀘스트를 수락하며 남쪽 다리 부근에 마 친위대 피피가 등장하여 세계 정복을 위하여라는 등등의 말을 하며 유저를 발견하면 공격합니다.
(퀘스트를 수행중이지 않은 타 유저를 공격하지 않아야 함)"
table_quest_text_data.rdf	153210	"[metatag = 5]자신은 아주 어렸을 적 웨스트랜드에 가보고 한번도 가본 적이 없다며 요즘 웨스트랜드는 어떠냐고 유저에게 질문한다.
근데 유저가 이곳에 나타났을 때 왠 처음보는 로봇 하나가 남쪽으로 향하는 다리에 나타나 무엇인가 작업을 하고 있다며 대체 뭐하는 로봇인지 궁금해 죽겠다고 한다.
유저가 좀 알아 줄 수 없을까?"
table_quest_text_data.rdf	153211	[metatag = 5]0
table_quest_text_data.rdf	153212	[metatag = 5]260
table_quest_text_data.rdf	153213	[metatag = 5]1
table_quest_text_data.rdf	153303	[metatag = 5]1
table_quest_text_data.rdf	153310	"[metatag = 5]곤충의 거대화에 대해 연구가 지지부진하다.
마치 머리가 꽉 막힌 것만 같은데 마침 흥미로운 옛 전설을 알아냈다고 하며 과거 이 머쉬룸 록스 지역에 살았던 악당 집단인 토끼단에 대한 이야기를 한다.
전해내려오는 이야기에는 그들이 어떤 초자연적인 힘을 부렸다는데 대체 그 능력은 무엇이었을까? 어쩌면 곤충이 거대화된 것과도 연관이 있을지도 모른다.
토끼단에 대해 이 주변에서 가장 잘 알만한 사람이라면 나이가 많은 하쉬 영감 정도가 아닐까?"
table_quest_text_data.rdf	153311	[metatag = 5]0
table_quest_text_data.rdf	153312	[metatag = 5]20
table_quest_text_data.rdf	153403	[metatag = 5]3
table_quest_text_data.rdf	153406	[metatag = 5]가귀토는 유저를 발견하면 공격합니다.
table_quest_text_data.rdf	153410	"[metatag = 5]토끼단은 과거 이 머쉬룸 지역에서 악명 높았던 집단이라며 믿기진 않지만 그들은 인간을 당근으로 변화시키는 초자연적인 능력을 가지고 있었다고 전해내려 온다.
마침 이 근처에 토끼단의 후예로 짐작되는 사람이 나타난 것 같은데 그를 만나 이야기해보고 빌리에게 전해줘라."
table_quest_text_data.rdf	153411	[metatag = 5]0
table_quest_text_data.rdf	153412	[metatag = 5]1300
table_quest_text_data.rdf	153413	[metatag = 5]1
table_quest_text_data.rdf	153503	[metatag = 5]2
table_quest_text_data.rdf	153506	[metatag = 5]키에노는 가끔씩 딸꾹질을 하며 대사를 합니다. 퀘스트를 수락하면 유저 인벤에 버섯 포자가 들어오며 이것을 거대 버섯 주변에서 클릭으로 사용하면 조그마한 어린 버섯이 생겨납니다.
table_quest_text_data.rdf	153510	"[metatag = 5]자신은 캡슐 코퍼레이션의 임업부 직원이라고 하면서 이 주변 지역의 거대 버섯들을 총괄 관리하고 있다고 한다.
버섯의 재배에서부터 수확에까지 신경을 써야 하는 자신은 항상 일손이 부족하다면서 유저에게 버섯 재배를 도와줄 수 있겠느냐 묻는다.
버섯은 포자라는 씨가 땅에 스며들어 양분을 흡수해 자라나니 포자의 적절한 배양이 필요한데 보다시피 이 지역의 거대 버섯들은 포자를 맘대로 흩뿌리는 바람에 때때로 아무 지역에서나 버섯이 자라나기도 한다.
마침 자신이 모아놓은 버섯 포자가 있으니 유저가 이것을 가지고 적절한 위치에 뿌려 달라.
뿌릴 위치는 자신이 눈에 띄게 표시를 해놨다고 한다."
table_quest_text_data.rdf	153511	[metatag = 5]0
table_quest_text_data.rdf	153512	[metatag = 5]2320
table_quest_text_data.rdf	153603	[metatag = 5]1
table_quest_text_data.rdf	153610	"[metatag = 5]아무래도 진짜 토끼단의 후예를 만나려면 남서쪽에 있는 지카 캠프에 가봐야 할 것 같다며 유저에게 지카 캠프에 가서 그들의 능력과 거대 곤충의 관계에 대해 조사해 줄 것을 부탁한다.
"
table_quest_text_data.rdf	153611	[metatag = 5]0
table_quest_text_data.rdf	153612	[metatag = 5]1320
table_quest_text_data.rdf	153703	[metatag = 5]2
table_quest_text_data.rdf	153710	"[metatag = 5]어느 정도 자란 식용 느타리 버섯을 채집해야 하는데 일손이 너무 부족하다.
유저가 좀 아르바이트로 뛰어주지 않겠는가."
table_quest_text_data.rdf	153711	[metatag = 5]0
table_quest_text_data.rdf	153712	[metatag = 5]600
table_quest_text_data.rdf	153803	[metatag = 5]2
table_quest_text_data.rdf	153806	[metatag = 5]퀘스트를 수락하면 거대 버섯을 트리거하여 공격할 수 있게 됩니다. 거대 버섯의 생명력을 깎으면 해당 버섯은 꺾여 바닥에 쓰러집니다.
table_quest_text_data.rdf	153810	"[metatag = 5]이번엔 잘 익은 거대 버섯을 수확해야 한다. 
유저는 전사임이 틀림없다며 그렇다면 별 도구 없이도 거대 버섯을 잘라낼 수 있을 것이다.
거대 버섯을 잘라 놓으면 수확은 캡슐 코퍼레이션의 직원들이 알아서 할 것이다."
table_quest_text_data.rdf	153811	[metatag = 5]0
table_quest_text_data.rdf	153812	[metatag = 5]940
table_quest_text_data.rdf	153903	[metatag = 5]3
table_quest_text_data.rdf	153910	"[metatag = 5]나메크 성인의 전사인 자신은 우연히 이 머쉬룸 지방에 왔다가 곳곳에 창궐하는 위험요소를 보고 그것을 해결하겠다고 마음 먹었다.
우선 사람의 명령을 듣지 않고 거주민들을 괴롭히는 버섯 수확로보들이 있다.
문제는 이 수확로보들이 버섯의 수확을 위해 계속 충원되어지고 있다는 현실이니 당장 캡슐 코퍼레이션 소속인 키에노에게 공급을 중단하라는 요청을 했는데도 말을 듣지 않는다며 자신이 책임질테니 이 구형 수확로보를 파괴하여 적당히 수를 줄여달라."
table_quest_text_data.rdf	153911	[metatag = 5]0
table_quest_text_data.rdf	153912	[metatag = 5]1580
table_quest_text_data.rdf	153913	[metatag = 5]1
table_quest_text_data.rdf	154003	[metatag = 5]3
table_quest_text_data.rdf	154010	"[metatag = 5]자신도 위험하다는 온갖 동물들과 싸워봤지만 이 지역의 이상하리만큼 커다란 곤충들은 정말 위협적이다.
땅강아스라는 녀석들은 그 수도 많고 난폭해서 그 대상 중 일순위라고 하면서 마침 녀석들의 껍질을 사용해서 좋은 장신구를 만들 수도 있으니 유저가 크롬 땅강아스를 잡고 녀석들의 껍질을 가져와달라."
table_quest_text_data.rdf	154011	[metatag = 5]0
table_quest_text_data.rdf	154012	[metatag = 5]630
table_quest_text_data.rdf	154013	[metatag = 5]1
table_quest_text_data.rdf	154103	[metatag = 5]1
table_quest_text_data.rdf	154110	"[metatag = 5]병기의 센스없는 디자인으로 보아 이것은 분명 웨스트랜드의 물건이 아니다.
그렇다면 지리적 위치로 봤을 때 이것은 여기서 가까운 머쉬룸 지방에서 넘어왔을 가능성이 높다고 본다.
머쉬룸의 누군가에게 이 병기를 보여주면 좋지 않을까?"
table_quest_text_data.rdf	154111	[metatag = 5]0
table_quest_text_data.rdf	154112	[metatag = 5]3700
table_quest_text_data.rdf	154203	[metatag = 5]2
table_quest_text_data.rdf	154210	"[metatag = 5]오랜 버섯 채집의 경험으로 미루어 보아 딸국질의 원인은 이 지역의 거대 버섯의 포자 때문이라고 한다.
하지만 거대 버섯의 포자가 그 먼 야호이 지역까지 스스로 날아갈 리는 없다며 분명 그것은 이 지역의 곤충들의 날개에 들러붙어 곤충들이 다른 지역으로 이동할 때의 날개짓에 의해 퍼져나가는 것이라는 추측을 하는 삿부.
그렇지 않아도 이 지역의 거대해진 곤충들은 사람을 공격할 정도로 흉폭하니 유저가 그 곤충들을 잡고 날개를 떼어내 주길 바란다."
table_quest_text_data.rdf	154211	[metatag = 5]0
table_quest_text_data.rdf	154212	[metatag = 5]1200
table_quest_text_data.rdf	154213	[metatag = 5]1
table_quest_text_data.rdf	154303	[metatag = 5]1
table_quest_text_data.rdf	154310	[metatag = 5]자신의 맛있는 요리를 카린 숲의 친구에게 좀 보내고 싶다고 하는 자부자부
table_quest_text_data.rdf	154311	[metatag = 5]0
table_quest_text_data.rdf	154312	[metatag = 5]1560
table_quest_text_data.rdf	154403	[metatag = 5]1
table_quest_text_data.rdf	154410	"[metatag = 5]자신은 친구와 함께 여행 중인데, 야호이 지역으로 가기 위한 지름길로 이 곳 폭포 동굴로 친구가 들어가버렸다고 하는 아키나이
자신의 친구를 좀 찾아달라."
table_quest_text_data.rdf	154411	[metatag = 5]0
table_quest_text_data.rdf	154412	[metatag = 5]535
table_quest_text_data.rdf	154503	[metatag = 5]3
table_quest_text_data.rdf	154510	[metatag = 5]도데체가 무서워서 방법이 없다는 모쟈모쟈 조~짝에 있는 곤충들을 좀 처리해 달라고 부탁한다. 제발~~
table_quest_text_data.rdf	154511	[metatag = 5]0
table_quest_text_data.rdf	154512	[metatag = 5]150
table_quest_text_data.rdf	154513	[metatag = 5]1
table_quest_text_data.rdf	154603	[metatag = 5]1
table_quest_text_data.rdf	154606	[metatag = 5]퀘스트를 수락하면 지저분한 메모장은 같은 이름의 퀘스트아이템으로 바뀝니다.
table_quest_text_data.rdf	154607	[metatag = 5]1546
table_quest_text_data.rdf	154609	[metatag = 5]1546
table_quest_text_data.rdf	154610	[metatag = 5]이 메모장에는 다른 이야기는 없고 아리아가라 바이바르라고 쓰;여 있을 뿐이다. 아마 아리아가라의 동굴에 가면 무언가 단초가 있을 듯 싶다.
table_quest_text_data.rdf	154611	[metatag = 5]0
table_quest_text_data.rdf	154612	[metatag = 5]635
table_quest_text_data.rdf	154703	[metatag = 5]3
table_quest_text_data.rdf	154710	[metatag = 5]이 동굴은 옛날에 RP군과 파에리아라는 사람이 무기를 밀매하던 장소이다. 그 당시 자신은 그 밀매행위를 관리하던 일을 했었고 지금 RP군이 붕괴한 이후 미라군에게 잡혀 이곳의 문지기 일을 하고 있다는 것. 그나마 이 일은 다른 일에 비해 힘이 덜들고 곤충들에게 시달릴 일이 없어서 다행이다. 지금은 미라군이 점거해서 무언가 비밀스러운 실험을 하고 있는 듯이 보인다. 만일 User가 관심이 있다면 처종 처리 시설 근처를 배회하는 변절자 우라를 잡아 보라고 
table_quest_text_data.rdf	154711	[metatag = 5]0
table_quest_text_data.rdf	154712	[metatag = 5]1280
table_quest_text_data.rdf	154713	[metatag = 5]1
table_quest_text_data.rdf	154803	[metatag = 5]3
table_quest_text_data.rdf	154810	[metatag = 5]동굴 밖으로 도망치는 병사는 즉시 경비 땅강아스에게 다시 잡혀 온다. 그것은 문지기를 하고 있는 자신들도 예외는 어니다. User가 그들을 좀 처리해 주면 도망칠 기회를 노려 볼 수 있다는 바구잠.
table_quest_text_data.rdf	154811	[metatag = 5]0
table_quest_text_data.rdf	154812	[metatag = 5]520
table_quest_text_data.rdf	154903	[metatag = 5]1
table_quest_text_data.rdf	154910	[metatag = 5]예전에 이곳의 무기 밀매에 대해서 끈덕지게 추적을 하던 사람이 하나 있었다. 자신이 들었던 그에 대한 마지막 소식은 무기 밀매를 쫏아 머쉬룸 북부에 갔다는 것, 그의 이름은 훅스이며 그에게 폐기물 처리 대장을 가져다 주면 무언가 큰 도움이 될 것이다.
table_quest_text_data.rdf	154911	[metatag = 5]0
table_quest_text_data.rdf	154912	[metatag = 5]250
table_quest_text_data.rdf	155003	[metatag = 5]3
table_quest_text_data.rdf	155006	[metatag = 5]모쟈모쟈를 동굴의 입구 근처까지 데리고 가면 모쟈모쟈는 고맙다는 말풍선을 남기고 사라져 버립니다.
table_quest_text_data.rdf	155010	[metatag = 5]이제 동굴에서 도망치고 싶은데 입구 근처에 진을 치고 있는 놈들이나 옛 RP군의 병사들이 너무 무섭다는 모쟈모쟈. User가 자신을 도와주면  좋겠다고 한다.
table_quest_text_data.rdf	155011	[metatag = 5]0
table_quest_text_data.rdf	155012	[metatag = 5]305
table_quest_text_data.rdf	155103	[metatag = 5]1
table_quest_text_data.rdf	155110	"[metatag = 5]사실 자기가 오랫동안 노총각인 것은 다 이유가 있다면서 이루어질 수 없는 사랑을 하고 있기 때문이라고 한다.
그리고 그 대상인 아름다운 신시아가 바로 남쪽의 다리 건너편 신시아 캠프에 있지만 주변 사람들의 이목이 두려워 만나러 가지도 못하고 있다.
유저에게는 결코 신시아를 동경해도 그녀를 사랑하지는 말아달라고 요청한다."
table_quest_text_data.rdf	155111	[metatag = 5]0
table_quest_text_data.rdf	155112	[metatag = 5]450
table_quest_text_data.rdf	155203	[metatag = 5]2
table_quest_text_data.rdf	155210	"[metatag = 5]자신은 CC 역사박물관의 생물학관 직원이라고 하면서 우선 요 근래 이 지역에 새로이 생겨난 거대한 곤충류에 대한 조사를 위해 이곳에 나와 있다고 한다.
생물학관의 자료 수집과 전시에는 반드시 새로이 생겨나는 생물 종들이 있으면 그때그때 수집해야 하는 것이 원칙이기 때문.
그래서 자신은 캡슐 코퍼레이션에서 허가한 되도록 강력한 병기들을 사용해서 생물들을 제압하곤 했는데, 이 근처에 떠도는 거대화된 침벌들은 너무 강해서 아무리 좋은 병기를 써도 잡을 수가 없다.
어떻게든 침벌들을 잡지 않으면 CC 역사 박물관장인 얍삽 관장에게 추궁을 들을텐데 어쩌지...하며 걱정한다."
table_quest_text_data.rdf	155211	[metatag = 5]0
table_quest_text_data.rdf	155212	[metatag = 5]240
table_quest_text_data.rdf	155303	[metatag = 5]2
table_quest_text_data.rdf	155306	[metatag = 5]신시아 캠프의 뒤쪽에 부상당해 누워있는 사람 두어명을 배치
table_quest_text_data.rdf	155310	"[metatag = 5]요리와 약의 관계는 매우 깊다.
자신은 원래 요리사이지만 이 지역은 맛있는 요리를 필요로 하는 사람들보다 거대 곤충들에 의해 부상당한 사람을 위한 치료제가 더 중요하다.
외상을 당한 사람들의 상처를 감싸기 위해 그림자 꼬마 재배맨의 피부를, 내상을 당한 사람들의 기력을 돋구기  위해서 침벌의 벌꿀을 구해와야 한다."
table_quest_text_data.rdf	155311	[metatag = 5]0
table_quest_text_data.rdf	155312	[metatag = 5]240
table_quest_text_data.rdf	155403	[metatag = 5]2
table_quest_text_data.rdf	155410	"[metatag = 5]글쎄 얼마전에 우아하게 산책을 하던 중 왠 거대한 벌레가 자신에게 반했는지 다가와서 그 박력있는 입으로 자신에게 키스를 퍼부으려 했다는 것이다.
결국 자신의 연약한 팔로 뿌리치고 도망왔지만 언제 또 그런 일을 겪게 될지 모른다며 유저가 좀 해결해 줄 수 없는지를 묻는다."
table_quest_text_data.rdf	155411	[metatag = 5]0
table_quest_text_data.rdf	155412	[metatag = 5]1800
table_quest_text_data.rdf	155503	[metatag = 5]2
table_quest_text_data.rdf	155510	"[metatag = 5]이제 어느정도 부상자를 치료했으니 맛있는 요리를 만들어 부상자들에게 나눠줘야겠다.
그러보니 요리재료도 다 떨어졌다며 유저에게 재료를 가져와 달라고 한다.
떨어진 요리 재료는 박하버섯과 황 누룩 버섯이다."
table_quest_text_data.rdf	155511	[metatag = 5]0
table_quest_text_data.rdf	155512	[metatag = 5]240
table_quest_text_data.rdf	155603	[metatag = 5]3
table_quest_text_data.rdf	155606	[metatag = 5]앨리너가 버섯 가공장으로 향하는 동안 거대 곤충류 몬스터들이 스폰되어 앨리너와 유저를 공격합니다.
table_quest_text_data.rdf	155610	"[metatag = 5]포루포루의 정성스런 치료 덕에 원기를 되찾았다고 하는 앨리너.
자신은 버섯 가공장의 일꾼이라고 하면서 이제 공장으로 돌아가려 하는데 중간에 또 거대 곤충의 공격을 당할까봐 두렵기만 하다.
지금까지 유저의 활약을 누워서 듣고 있었다고 하며 자신이 버섯 가공장까지 가는 길을 좀 도와주지 않겠는가 한다."
table_quest_text_data.rdf	155611	[metatag = 5]0
table_quest_text_data.rdf	155612	[metatag = 5]630
table_quest_text_data.rdf	155703	[metatag = 5]1
table_quest_text_data.rdf	155710	"[metatag = 5]자신이 침벌의 시체를 수거해서 보관 자료를 만들어 놨다고 한다.
그리고 자신은 아직 여기서 할 일이 남았으니 CC 역사 박물관의 동료인 기룽가에게 이 보관 자료를 전해달라고 한다."
table_quest_text_data.rdf	155711	[metatag = 5]0
table_quest_text_data.rdf	155712	[metatag = 5]270
table_quest_text_data.rdf	155803	[metatag = 5]1
table_quest_text_data.rdf	155806	"[metatag = 5]쟝바라고 하는 전 레드팬츠군 소속의 수인이 돌아다닙니다.
퀘스트 수락 후 쟝바를 찾아가 말을 걸면 자기가 레드팬츠군일 때 가지고 있던 무기지만 이젠 그 시절을 잊고 싶다며 그냥 유저에게 줍니다."
table_quest_text_data.rdf	155810	"[metatag = 5]그러고보니 남쪽 다리 건너 지역에 쟝바라고 하는 왠 붉은 팬티를 입은 수인이 이것과 비슷한 디자인의 무기를 들고 있더라고 한다.
그에게 잘 말해서 무기를 받은 후 그걸 CC 역사 박물관의 연구원에게 보여주면 뭔가 알 수 있지 않을까?"
table_quest_text_data.rdf	155811	[metatag = 5]0
table_quest_text_data.rdf	155812	[metatag = 5]770
table_quest_text_data.rdf	155903	[metatag = 5]3
table_quest_text_data.rdf	155906	[metatag = 5]퀘스트 수락 후 일정시간이 지나면 박물관 건물(얍삽 관장이 서 있는 건물)쪽에 쓰러버려 일꾼로보가 나타나며 이것을 쓰러뜨리면 퀘스트가 완료됩니다.
table_quest_text_data.rdf	155910	"[metatag = 5]현재 CC 역사 박물관이 주변의 폭주된 일꾼로보에 의해 대파되었다.
다행히 울타리 벽과 기둥만 파괴된 상태에서 끝났는데 언제 로봇들이 다시 쳐들어와 박물관 건물을 파괴할지 모른다고 걱정하는 얍삽 관장.
유저가 박물관 건물을 파괴하려는 일꾼로보를 좀 막아주지 않겠는가?"
table_quest_text_data.rdf	155911	[metatag = 5]0
table_quest_text_data.rdf	155912	[metatag = 5]200
table_quest_text_data.rdf	156003	[metatag = 5]2
table_quest_text_data.rdf	156006	"[metatag = 5]퀘스트를 수락하면 박카의 무기 가 인벤에 들어오며 그것을 가진 채로(또는 장비한 채로) 그늘 꼬마 재배맨과 칠흑 꼬마 재배맨을 사냥하면 퀘스트가 완료됩니다.
퀘스트 보상을 받으면 박카의 무기는 사라짐."
table_quest_text_data.rdf	156010	"[metatag = 5]이곳에서 북서쪽에서 떠돌고 있는 쟝바라는 수인이 무기도 없이 재배맨들에게 시달리고 있다며 자신이 판매하는 무기를 살까 안살까 망설이고 있다고 한다.
유저가 자신이 판매하는 가장 좋은 무기를 착용하고 쟝바의 주변에 있는 재배맨을 사냥하면 분명 쟝바가 자신의 무기를 구입할 것이라 판단된다."
table_quest_text_data.rdf	156011	[metatag = 5]0
table_quest_text_data.rdf	156012	[metatag = 5]700
table_quest_text_data.rdf	156103	[metatag = 5]3
table_quest_text_data.rdf	156106	[metatag = 5]퀘스트를 수락하면 구형 감독로보가 맵에 스폰되며 유저를 발견하면 공격합니다.
table_quest_text_data.rdf	156110	"[metatag = 5]유저가 갖다 준 안테나는 캡슐 코퍼레이션에서 생산되는 로봇의 모델에 기본적으로 달려 있는 안테나라며 자신은 스스로 수행 프로그램에 이상함을 느껴 혼란스러운 행동을 하다가 사고로 안테나가 떨어져 나가고 나서는 멀쩡해졌다고 한다.
그리고 사라진 자신의 동료 로봇들이라면 그러한 이유를 알고 있을지 모른다면 유저가 동료 로봇들을 찾아주기를 요청한다.
첫번째 동료 로봇은 구형 감독로보다."
table_quest_text_data.rdf	156111	[metatag = 5]0
table_quest_text_data.rdf	156112	[metatag = 5]440
table_quest_text_data.rdf	156113	[metatag = 5]1
table_quest_text_data.rdf	156203	[metatag = 5]3
table_quest_text_data.rdf	156210	"[metatag = 5]아직 동료 두 녀석이 남았다며 제발 자신처럼 멀쩡하기를 바란다고 하는 밥바라.
이번에는 방랑 감독로보를 찾아달라."
table_quest_text_data.rdf	156211	[metatag = 5]0
table_quest_text_data.rdf	156212	[metatag = 5]190
table_quest_text_data.rdf	156213	[metatag = 5]1
table_quest_text_data.rdf	156303	[metatag = 5]3
table_quest_text_data.rdf	156309	[metatag = 5]…。
table_quest_text_data.rdf	156310	"[metatag = 5]마지막 동료인 덜그럭 감독로보를 찾아달라.
그리고 마지막 남은 동료라고 하면서 이번엔 제발 파괴시키지 말고 자신에게 데려다 달라고 부탁한다."
table_quest_text_data.rdf	156311	[metatag = 5]0
table_quest_text_data.rdf	156312	[metatag = 5]380
table_quest_text_data.rdf	156313	[metatag = 5]1
table_quest_text_data.rdf	156403	[metatag = 5]2
table_quest_text_data.rdf	156406	[metatag = 5]박물관 곳곳에 거대 곤충 둥지 오브젝트가 있으며 이것을 유저가 공격하여 파괴할 수 있습니다.
table_quest_text_data.rdf	156410	"[metatag = 5]폭주한 로봇들 덕분에 파괴된 박물관 외벽 안으로 곤충들까지 침입하여 정원 이곳저곳에 둥지를 틀고 알을 낳아 놓았다.
이대로 놔두다간 박물관이 곤충들 천지가 될 것이라며 둥지가 한 두군데가 아니어서 일손이 부족하니 유저도 좀 도와달라고 부탁한다.
곤충들의 둥지를 파괴해 달라."
table_quest_text_data.rdf	156411	[metatag = 5]0
table_quest_text_data.rdf	156412	[metatag = 5]200
table_quest_text_data.rdf	156503	[metatag = 5]3
table_quest_text_data.rdf	156510	"[metatag = 5]머쉬룸 지역의 버섯의 거대화는 이미 오래전부터 진행되어 온 일이지만 최근 곤충 뿐만 아니라 거대한 재배맨도 있는 것을 알아냈다.
다른 사람에게 부탁하기는 꽤 위험한 일이므로 타고난 전사의 도움이 필요하다.
유저가 자이언트 꼬마 재배맨을 제거하고 그 씨앗을 가져다 주지 않겠는가."
table_quest_text_data.rdf	156511	[metatag = 5]0
table_quest_text_data.rdf	156512	[metatag = 5]560
table_quest_text_data.rdf	156513	[metatag = 5]1
table_quest_text_data.rdf	156603	[metatag = 5]3
table_quest_text_data.rdf	156606	"[metatag = 5]퀘스트를 수락하면 로보 무기상에 맵에 스폰되며 북동쪽의 척척 캠프 쪽으로 이동합니다.
로보 무기상에게 유저가 발각되면 퀘스트 실패
로보 무기상을 따라 척척 캠프까지 이동하면 로보 무기상은 사라지며 그 지역이 불법 무기의 거래소임을 알게 됩니다."
table_quest_text_data.rdf	156610	"[metatag = 5]자신은 지금까지 세계의 모든 전쟁과 무기에 대한 자료들을 관리하고 있다면서 그렇지 않아도 요즘 어디선가 유통되고 있는 최신식 전투 병기에 대해서도 관심을 가지고 있던 참이었다고 한다.
그리고 분명 이러한 타입의 무기는 이 주변에 돌아다니는 로보 무기상이 암매하고 있다고 알고 있다며 로보 무기상의 뒤를 쫓아 어디서 이 물건을 공급받고 있는지 알아보라고 한다."
table_quest_text_data.rdf	156611	[metatag = 5]0
table_quest_text_data.rdf	156612	[metatag = 5]2240
table_quest_text_data.rdf	156613	[metatag = 5]1
table_quest_text_data.rdf	156703	[metatag = 5]1
table_quest_text_data.rdf	156710	"[metatag = 5]자신은 이 CC 역사 박물관의 파손 소식을 듣고 캡슐 코퍼레이션에 파견된 수리 기사라고 한다.
하지만 예상했던 것보다 피해 규모가 큰데다 정확하게 이전 상태로 수리하여 복원하는 것이 무척 힘들다.
그래서 원래 CC 역사 박물관의 건축을 담당했던 인물을 찾아가 좀 도움을 요청해달라고 하는 하겐.
CC 역사 박물관을 건축한 사람은 서쪽 도시의 호이포이 캡슐 부동산 소속의 건축 소장인 호울이다.
시피의 텔레포트를 이용하면 서쪽 도시까지 가기 쉬울 것이다."
table_quest_text_data.rdf	156711	[metatag = 5]0
table_quest_text_data.rdf	156712	[metatag = 5]230
table_quest_text_data.rdf	156803	[metatag = 5]1
table_quest_text_data.rdf	156810	"[metatag = 5]그렇지 않아도 전세계적으로 등장한 악의 무리들의 행동들로 인해 캡슐 주택의 피해가 이만저만이 아니라며 이미 호이포이 캡슐 부동산에서는 모든 피해 보수를 위한 수리 직원들을 파견한 상태라서 CC 역사 박물관에 파견해 줄 수 있는 잔여 인력이 없는 상태다.
그러며 무언가를 뒤적이더니 자신이 CC 역사 박물관을 건축했을 당시의 설계도를 주며 이것으로 밖에 도움을 주지 못해 미안하다는 말을 한다."
table_quest_text_data.rdf	156811	[metatag = 5]0
table_quest_text_data.rdf	156812	[metatag = 5]230
table_quest_text_data.rdf	156903	[metatag = 5]2
table_quest_text_data.rdf	156910	"[metatag = 5]파괴된 CC 역사 박물관의 전기를 유통하는 케이블들도 모두 끊어져 전력도 공급되지 않는 상태다.
새 케이블로 갈아서 연결해야 하는데 그러기 위해서는 비슷한 사이즈의 케이블이 많이 필요하다.
다툼 로보의 몸체 내부에 전력 케이블을 최대한 많이 구해오면 좋을 것이다."
table_quest_text_data.rdf	156911	[metatag = 5]0
table_quest_text_data.rdf	156912	[metatag = 5]2360
table_quest_text_data.rdf	157003	[metatag = 5]3
table_quest_text_data.rdf	157006	[metatag = 5]퀘스트를 수락하고 일정시간이 지나면 박물관의 세 개 건물 주위에 다쓰러버려 일꾼로보가 나타나며 이것들을 다 쓰러뜨리면 퀘스트가 해결됩니다.
table_quest_text_data.rdf	157010	"[metatag = 5]이번에는 로봇들이 좀 더 작정하고 밀어붙일 기세다.
이 CC 역사 박물관에 남은 3개의 건물에 나타나는 폭주 로봇들을 모두 처리해야만 한다."
table_quest_text_data.rdf	157011	[metatag = 5]0
table_quest_text_data.rdf	157012	[metatag = 5]1920
table_quest_text_data.rdf	157103	[metatag = 5]1
table_quest_text_data.rdf	157110	"[metatag = 5]보다시피 파손된 CC 역사 박물관의 보수와 주변에 몰려드는 위협요소에 대한 방어를 위해 자금조달이 시급한 실정이다.
들리는 소문에는 지카 캠프 근처의 무스탕이라는 토끼단의 후예가 관광수입으로 돈을 많이 벌어들였다고 들었다며 그 사람에게 박물관의 재건을 위한 자금협조를 부탁하고 싶다고 한다.
안 그래도 자신은 이곳에서 신경쓸 일이 한 두가지가 아니라며 인상 좋아보이는 유저가 그를 만나 부탁해달라고 한다."
table_quest_text_data.rdf	157111	[metatag = 5]0
table_quest_text_data.rdf	157112	[metatag = 5]930
table_quest_text_data.rdf	157203	[metatag = 5]3
table_quest_text_data.rdf	157206	"[metatag = 5]퀘스트를 수락하면 도금 땅강아스가 박물관 곳곳에 나타납니다.
이들을 모두 제거하면 퀘스트 완료."
table_quest_text_data.rdf	157210	"[metatag = 5]기껏 곤충의 둥지와 알을 제거하고 있는 중인데, 왠 로봇이 나타나 그 둥지에 이상한 약품을 뿌리고 달아났다며 그 약품 때문인지 이곳에 둥지를 틀려는 거대한 곤충들이 몰려오고 있다고 한다.
로봇은 나중에 쫓더라도 지금은 몰려오는 거대 곤충을 쫓아내는 것이 급선무다.
유저도 도와주겠지?"
table_quest_text_data.rdf	157211	[metatag = 5]0
table_quest_text_data.rdf	157212	[metatag = 5]250
table_quest_text_data.rdf	157213	[metatag = 5]1
table_quest_text_data.rdf	157303	[metatag = 5]2
table_quest_text_data.rdf	157310	"[metatag = 5]파괴된 CC 역사 박물관을 수리해야 하는데 자재가 부족하다.
이왕 이렇게 된 것 말 안듣는 로봇들도 폐기할 겸 유저가 주변의 이상해진 로봇들을 파괴하고 로봇들의 몸체를 이루는 금속 판넬을 모아다 주지 않겠는가?
주변에 돌아다니는 우장창 일꾼로보에게서 금속 판넬을 얻을 수 있을 것이다."
table_quest_text_data.rdf	157311	[metatag = 5]0
table_quest_text_data.rdf	157312	[metatag = 5]1740
table_quest_text_data.rdf	157403	[metatag = 5]2
table_quest_text_data.rdf	157410	"[metatag = 5]보다시피 파괴된 박물관 내부로 들어온 곤충들이 둥지까지 틀어 박물관이 난장판이다.
그냥 그 둥지만을 파괴하고 그만 둔다면 박물관 수리를 끝마칠 때까지 곤충들로 인해 괴로울 것이다.
유저가 우리를 도와 주변 곤충들의 박멸에 도움을 달라."
table_quest_text_data.rdf	157411	[metatag = 5]0
table_quest_text_data.rdf	157412	[metatag = 5]360
table_quest_text_data.rdf	157503	[metatag = 5]3
table_quest_text_data.rdf	157506	"[metatag = 5]퀘스트를 수락하면 마 친위대 푸푸가 등장해 버섯에 뭔가 이상한 약품을 살포하고 있습니다.
유저를 발견하면 파에리아님의 세계 정복을 위하여 등등의 이상한 말을 하며 유저를 공격합니다."
table_quest_text_data.rdf	157510	"[metatag = 5]박물관에 곤충을 끌어들이는 약품을 뿌린 로봇이 이번엔 박물관 남쪽에 나타나 거대 버섯에 무언가를 뿌리고 있다고 한다.
박물관에 해를 끼친 복수는 물론 지역의 특산인 버섯에도 문제를 끼치기 전에 유저가 그 로봇을 해결해 달라."
table_quest_text_data.rdf	157511	[metatag = 5]0
table_quest_text_data.rdf	157512	[metatag = 5]220
table_quest_text_data.rdf	157513	[metatag = 5]1
table_quest_text_data.rdf	157603	[metatag = 5]1
table_quest_text_data.rdf	157610	"[metatag = 5]자신은 어떤 옷이든 만드는 것에 자신이 있다며 이 곳 CC 역사 박물관의 의복에 관련된 자료들도 다 자신이 제작하여 복원해 놓은 것이라고 한다.
하지만 유독 과거 토끼단이 입었던 의상만큼은 자료도 없고 해서 만들지를 못하고 있다.
얍삽 관장이 어떻게든 그 의상의 복원을 욕심내고 있으니만큼 그것을 만들어내면 자신의 입지도 굳어질 것이라고 하는 가티
유저가 직접 지카 캠프로 가서 그곳의 주민에게 토끼단의 의상에 관한 정보를 알아봐 주지 않겠는가?"
table_quest_text_data.rdf	157611	[metatag = 5]0
table_quest_text_data.rdf	157612	[metatag = 5]960
table_quest_text_data.rdf	157703	[metatag = 5]2
table_quest_text_data.rdf	157710	"[metatag = 5]거대한 곤충에 대해서는 잘 모르지만 거대화된 토끼들이 이 근방에 나타나 자신들이 심어놓은 당근을 약탈하고 관광객까지도 공격하고 있다고 한다.
어쩌면 유저가 알고 싶어하는 곤충의 거대화와 연관이 있을지도 모르니 유저도 거대 토끼 퇴치에 협력해주지 않겠는가.
우선 가장 많은 수로 퍼져 있는 큰귀토, 아귀토, 마귀토를 최대한 쫓아내달라."
table_quest_text_data.rdf	157711	[metatag = 5]0
table_quest_text_data.rdf	157712	[metatag = 5]630
table_quest_text_data.rdf	157803	[metatag = 5]2
table_quest_text_data.rdf	157810	"[metatag = 5]자신들이야말로 과거 토끼단의 총수였던 당근토끼의 진정한 후예라고 하면서 보통 인간이 토끼단의 후예인 척 하는 것도 꼴사나운데 이제는 왠 커다란 토끼들까지 나타나 토끼단의 정체성을 흐리게 하고 있다고 한다.
게다가 자신들의 평생 식량으로 삼고자 재배한 당근을 얄밉게 베어먹고 있으니 유저가 그 녀석들을 혼내주고 그 증거로 녀석들의 이빨을 가져와달라고 한다."
table_quest_text_data.rdf	157811	[metatag = 5]0
table_quest_text_data.rdf	157812	[metatag = 5]350
table_quest_text_data.rdf	157903	[metatag = 5]2
table_quest_text_data.rdf	157910	"[metatag = 5]분명 거대화된 토끼들은 자신들이 토끼단의 후예라고 우기고 있는 인간 녀석들이 만들어낸 것이라고 생각하는 페펫.
이유는 바로 그들이 여기 정착한 이후부터 거대화된 당근을 재배할 수 있게 되었기 때문이다.
물론 거대화된 당근의 수확은 거주민들끼리 사이좋게 나누자고 하지만 자신은 그 말을 믿을 수 없다고 하는 페펫.
일단은 녀석들이 만들어낸 거대화된 토끼들은 만인의 고충이니 녀석들부터 제거해야 한다며 그 중에서도 가장 강한 왕 큰귀토, 왕 아귀토, 왕 마귀토 녀석들을 잡아달라고 한다."
table_quest_text_data.rdf	157911	[metatag = 5]0
table_quest_text_data.rdf	157912	[metatag = 5]1060
table_quest_text_data.rdf	158003	[metatag = 5]3
table_quest_text_data.rdf	158010	"[metatag = 5]드디어 완벽한 증거를 잡았다며 좋아하는 페펫.
자신이 어떤 거대 토끼들이 거대화된 당근을 먹는 것을 보았다며 분명 토끼 거대화의 원인이 거대화된 당근 때문일 것이라고 말한다.
하지만 증거가 없으니 유저가 그 거대화된 토끼들을 잡아서 어떻게든 거대 당근과 연관이 있을만한 물건을 찾아서 그것을 토니에게 가져가면 놀랄 것이다."
table_quest_text_data.rdf	158011	[metatag = 5]0
table_quest_text_data.rdf	158012	[metatag = 5]1160
table_quest_text_data.rdf	158013	[metatag = 5]1
table_quest_text_data.rdf	158103	[metatag = 5]3
table_quest_text_data.rdf	158106	[metatag = 5]퀘스트를 수락하면 나귀토와 호귀토가 나타나며 유저를 보면 두목이 요즘따라 먹을 걸 안줘서 맛없는 당근만 먹어야 한다느니 하는 말을 합니다.
table_quest_text_data.rdf	158110	"[metatag = 5]자신은 토끼인간들을 믿고 의지하며 함께 이 지카 캠프를 살기 좋은 곳으로 꾸며 나가고 싶었는데 유감이라고 말한는 토니.
그렇다면 자신이 거대화된 토끼와 거대 당근의 상관관계가 없다는 것을 밝혀야만 한다.
거대화된 토끼 중에는 사람 만큼은 아니지만 어느 정도 지능이 있고 말도 할 줄 아는 녀석들이 있는 걸로 알고 있다며 녀석들을 추궁하면 그 정체를 알 수 있지 않을까 한다."
table_quest_text_data.rdf	158111	[metatag = 5]0
table_quest_text_data.rdf	158112	[metatag = 5]1420
table_quest_text_data.rdf	158113	[metatag = 5]1
table_quest_text_data.rdf	158203	[metatag = 5]3
table_quest_text_data.rdf	158206	"[metatag = 5]퀘스트를 수락하면 보스 큰귀토가 등장하며 유저를 발견하면 대사를 합니다.
자신 역시 평범한 토끼였지만 개의 수인인 어떤 과학자에게 실험용으로 어떤 약품을 투여받았고 그 이후로 거대화되었다며 그리고 여분의 그것을 가지고 다른 토끼들에게 사용해 자신의 부하로 삼을 생각이었다는 등등의 말을 합니다."
table_quest_text_data.rdf	158210	"[metatag = 5]이제 거대 토끼들의 보스를 찾아내어 모든 오해의 해명을 할 차례다.
지금까지 중간에서 수고해 준 유저의 도움이 다시 필요하다."
table_quest_text_data.rdf	158211	[metatag = 5]0
table_quest_text_data.rdf	158212	[metatag = 5]20
table_quest_text_data.rdf	158213	[metatag = 5]1
table_quest_text_data.rdf	158303	[metatag = 5]3
table_quest_text_data.rdf	158310	"[metatag = 5]엥? CC 역사 박물관의 보수 자금을 지원해달라고? 
자기가 이 곳 지카 캠프의 관광 수익으로 돈을 많인 번 것은 사실이지만 함부로 돈을 낭비하지는 못하겠다고 하면서 자신의 부탁 하나만 들어준다면 지원금을 줄 수도 있다.
자신의 유일한 취미는 산책인데 요새 산책로에 왠 이상한 로봇 무리들이 나타나서 자신을 공격해댄다고 한다.
분명히 최근에 관광객들이 줄어들고 있는 것도 그 로봇들 때문일거라며 초감독 로보라 불리는 그 녀석들을 제거해준다면 박물관의 지원을 재고해보겠다고 하는 무스탕"
table_quest_text_data.rdf	158311	[metatag = 5]0
table_quest_text_data.rdf	158312	[metatag = 5]300
table_quest_text_data.rdf	158313	[metatag = 5]1
table_quest_text_data.rdf	158403	[metatag = 5]1
table_quest_text_data.rdf	158410	"[metatag = 5]부탁대로 지원금을 주겠으니 이것을 얍삽관장에게 전해달라고 하는 무스탕
"
table_quest_text_data.rdf	158411	[metatag = 5]0
table_quest_text_data.rdf	158412	[metatag = 5]930
table_quest_text_data.rdf	158503	[metatag = 5]2
table_quest_text_data.rdf	158510	"[metatag = 5]주변에 돌아다니는 거대화된 토끼들이 자신들의 일용할 양식인 당근을 훔쳐간다고 울부짖는 츄춥.
돌아다니는 거대 토끼들을 혼내주고 당근을 되찾아달라고 한다."
table_quest_text_data.rdf	158511	[metatag = 5]0
table_quest_text_data.rdf	158512	[metatag = 5]630
table_quest_text_data.rdf	158603	[metatag = 5]2
table_quest_text_data.rdf	158610	"[metatag = 5]캡슐 코퍼레이션의 지원을 받아 거대화된 당근 품종을 개발했지만 그 당근에 기생충이 생겼다며 그 기생충을 유저가 잡아주기를 바란다.
"
table_quest_text_data.rdf	158611	[metatag = 5]0
table_quest_text_data.rdf	158612	[metatag = 5]630
table_quest_text_data.rdf	158703	[metatag = 5]1
table_quest_text_data.rdf	158710	"[metatag = 5]마침 근처 푸고 캠프에 캡슐 코퍼레이션 출신의 연구원이 있다는 소릴 들었다는 페펫.
그에게 이 의문의 약품을 가져가보자."
table_quest_text_data.rdf	158711	[metatag = 5]0
table_quest_text_data.rdf	158712	[metatag = 5]1350
table_quest_text_data.rdf	158803	[metatag = 5]1
table_quest_text_data.rdf	158810	"[metatag = 5]자신은 남자친구와 함께 이 머쉬룸 지역에 관광을 왔다고 하면서 도중에 관광 일정에 대해 다투게 되었다고 한다.
다름이 아니라 자신은 이곳 지카 캠프를 남자친구는 버섯 가공장의 버섯 가공 현장을 구경하고 싶어해서 결국은 서로 갈라지게 되었다며, 가뜩이나 거대화된 토끼들이 돌아다녀 무서우니 남자친구에게 이곳으로 와주지 않겠느냐는 편지를 전해주었으면 한다."
table_quest_text_data.rdf	158811	[metatag = 5]0
table_quest_text_data.rdf	158812	[metatag = 5]1200
table_quest_text_data.rdf	158903	[metatag = 5]2
table_quest_text_data.rdf	158910	"[metatag = 5]자신은 이 버섯 가공장의 공장장이라며 현재 버섯 가공장은 일꾼 로보들의 대폭주 사태에 빠져 있다고 한다.
일꾼 로보들은 아무리 수리해도 소용이 없으니 유저가 폭주한 덜그럭 일꾼로보를 해결해달라.
"
table_quest_text_data.rdf	158911	[metatag = 5]0
table_quest_text_data.rdf	158912	[metatag = 5]230
table_quest_text_data.rdf	159003	[metatag = 5]1
table_quest_text_data.rdf	159010	"[metatag = 5]현재 통신장치까지 로봇들에게 파괴된 시점에서 사장인 마이타의 지시가 있어야 한다.
마이타는 현재 서쪽 도시의 지원을 받기 위해 그곳에 가 있는 상태이니 유저가 좀 대신 전달해주지 않겠는가."
table_quest_text_data.rdf	159011	[metatag = 5]0
table_quest_text_data.rdf	159012	[metatag = 5]1140
table_quest_text_data.rdf	159103	[metatag = 5]1
table_quest_text_data.rdf	159110	"[metatag = 5]서쪽도시에 있는 마이타는 버섯 가공은 머쉬룸 경제의 중요 요소라며 어떻게든 공장의 자동화 시스템을 운용할 수 있으면 하며 그러기 위해선 유저같은 전사의 도움이 필요하다고 한다.
자신은 이곳에서 계속 사태 수습에 매진할테니 유저가 공장장 켄을 좀 도와달라며 자신의 지시 사항을 그에게 전달해주길 부탁한다."
table_quest_text_data.rdf	159111	[metatag = 5]0
table_quest_text_data.rdf	159112	[metatag = 5]1140
table_quest_text_data.rdf	159203	[metatag = 5]2
table_quest_text_data.rdf	159210	"[metatag = 5]사장 마이타의 지시대로 버섯 가공장의 자동화 시스템을 작동시켜야 한다.
자동화 시스템 보드는 총 3개가 있으니 유저가 이것을 사용해 자동화 시스템을 가동시켜 달라."
table_quest_text_data.rdf	159211	[metatag = 5]0
table_quest_text_data.rdf	159212	[metatag = 5]1050
table_quest_text_data.rdf	159303	[metatag = 5]2
table_quest_text_data.rdf	159310	"[metatag = 5]자신의 이 버섯 가공장의 직원이라고 하면서 공장이 가동되었지만 버섯의 가공작업이 가능할 뿐 그것을 포장하여 상품화하는 작업은 현재로선 불가능하다고 한다. 하지만 이미 어떤 곳에 납입하기로 약속한 시점이 된 상태에서 폭주한 로봇들 때문에 상품을 운반하는 것이 불가능한 상태.
유저같은 강한 사람이라면 공장 내에 쌓여 있는 가공 버섯 상자를 좀 가져올 수 있을 것이다. 
가공 버섯 상자를 캡슐에 담아 웨스트랜드의 크레이터 폐광 지역에 있는 보크 쇼펭에게 갖다주길 바란다."
table_quest_text_data.rdf	159311	[metatag = 5]0
table_quest_text_data.rdf	159312	[metatag = 5]2000
table_quest_text_data.rdf	159403	[metatag = 5]2
table_quest_text_data.rdf	159410	"[metatag = 5]현재 로봇들 때문에 휴업 아닌 휴업을 하고 있는 중인데 버섯 가공장 창고 깊숙한 곳에 자신의 업무일지를 놓고 왔다.
그것이 없으면 지난 시간동안 일한 자신의 급료조차 제대로 받지 못하게 될 수도 있으니 어떻게든 찾아달라고 부탁하는 오카."
table_quest_text_data.rdf	159411	[metatag = 5]0
table_quest_text_data.rdf	159412	[metatag = 5]700
table_quest_text_data.rdf	159503	[metatag = 5]3
table_quest_text_data.rdf	159510	"[metatag = 5]최근 공장에서 함께 일하던 동료 직원의 모습이 오랫동안 보이지 않는다.
더 이상 작업을 할 수 없게 되자 휴가라도 떠난 걸까?
설마 폭주한 로봇들이 두려워 아직 공장 안에서 빠져 나오지 못하고 있는 건 아니겠지? 하며 혹시 모르니 유저가 공장에 들어가 그 동료를 좀 찾아봐 주기를 바란다."
table_quest_text_data.rdf	159511	[metatag = 5]0
table_quest_text_data.rdf	159512	[metatag = 5]520
table_quest_text_data.rdf	159603	[metatag = 5]1
table_quest_text_data.rdf	159610	"[metatag = 5]여자친구에게 빨리 가봐야 하지만 그래도 이곳까지 와서 그냥 갈 순 없다.
공장 안을 보고 싶지만 상황이 말이 아니라서 들어갈 수는 없고 애가 탄다는 슬로즈
지카 캠프에 머물고 있는 여자친구인 관광객 돈나가 가지고 있는 쌍안경을 가져다달라고 한다."
table_quest_text_data.rdf	159611	[metatag = 5]0
table_quest_text_data.rdf	159612	[metatag = 5]1200
table_quest_text_data.rdf	159703	[metatag = 5]2
table_quest_text_data.rdf	159710	"[metatag = 5]무사히 자동화 시스템이 작동하니 거대 버섯의 공급을 계속해야 한다.
북쪽의 슐른 캠프 근처의 키에노와 지카 캠프 근처에 있는 로만, 그리고 척척 캠프 근처에 있는 허든에게 가서 버섯 수확을 계속해 줄 것을 전달해달라고 한다."
table_quest_text_data.rdf	159711	[metatag = 5]0
table_quest_text_data.rdf	159712	[metatag = 5]5300
table_quest_text_data.rdf	159720	"[metatag = 5][npc = ""5061110""]"
table_quest_text_data.rdf	159722	"[metatag = 5][npc = ""7073108""]"
table_quest_text_data.rdf	159724	"[metatag = 5][npc = ""8511115""]"
table_quest_text_data.rdf	159803	[metatag = 5]2
table_quest_text_data.rdf	159806	[metatag = 5]버섯 가공장의 한켠에 세워져 있는 안테나를 조사하면 마 친위대 카카 가 등장해서 유저를 공격합니다.
table_quest_text_data.rdf	159810	"[metatag = 5]로봇들이 폭주한 원인이 괴전파 때문이라는 것을 유저에게 듣자 그러고보니 얼마 전 공장에 괴상한 전파 안테나가 세워졌다고 하는데… 설마 그것인가?
유저가 공장 안으로 들어가 그것을 확인 보겠느냐고 제의하는 오카"
table_quest_text_data.rdf	159811	[metatag = 5]0
table_quest_text_data.rdf	159812	[metatag = 5]720
table_quest_text_data.rdf	159903	[metatag = 5]1
table_quest_text_data.rdf	159910	"[metatag = 5]척척 캠프에 있는 척척이라면 그 로보 무기상이 왜 그 근처로 들어갔는지 알고 있지 않을까?
척척에게 가서 한번 물어보는 것이 좋겠다."
table_quest_text_data.rdf	159911	[metatag = 5]0
table_quest_text_data.rdf	159912	[metatag = 5]1270
table_quest_text_data.rdf	160003	[metatag = 5]2
table_quest_text_data.rdf	160006	[metatag = 5]가공 버섯 상자를 조사하여 찌리릿 다연발 총을 얻으면 주변에 로보 무기상이 등장하여 유저를 공격합니다.
table_quest_text_data.rdf	160010	"[metatag = 5]얼마 전부터 가공된 버섯을 운반하는 새로운 일꾼 로봇들이 들어와 가공된 버섯 상자들을 어딘가로 옮기는 일을 하는 것을 보았다.
공장 내 어딘가에 그렇게 쌓여진 버섯 상자들이 있을테니 유저가 한번 찾아보라."
table_quest_text_data.rdf	160011	[metatag = 5]0
table_quest_text_data.rdf	160012	[metatag = 5]380
table_quest_text_data.rdf	160103	[metatag = 5]3
table_quest_text_data.rdf	160106	"[metatag = 5]퀘스트를 수락하면  버섯 수송 로봇들이 등장하여 가공된 버섯 상자를 옮기고 있다가 유저를 발견하면 공격합니다.
(버섯 수송 로보를 필드 내 배치)"
table_quest_text_data.rdf	160110	[metatag = 5]버섯 상자를 옮기던 로봇들에 대해 자신은 폭주 로봇 사태에 의해 캡슐 코퍼레이션에서 임의로 보낸 새로운 로봇들인 줄 알았는데 캡슐 코퍼레이션에서 그러한 전갈은 없었다고 하며 그 녀석들을 한번 찾아보는 것이 어떨까라고 말한다.
table_quest_text_data.rdf	160111	[metatag = 5]0
table_quest_text_data.rdf	160112	[metatag = 5]380
table_quest_text_data.rdf	160203	[metatag = 5]3
table_quest_text_data.rdf	160206	[metatag = 5]암호가 적힌 메모를 가진 채로 전화기 오브젝트에 가서 클릭을 하면 전화기 주변에 무기 밀매 로보가 스폰됩니다.
table_quest_text_data.rdf	160210	"[metatag = 5]이 번호로 이루어진 암호는 분명 공장 내부의 내선 전화번호일거라고 하면서 공장 내에 있는 전화기를 사용해 이 번호로 전화를 걸어보는 것이 어떠냐고 한다.
"
table_quest_text_data.rdf	160211	[metatag = 5]0
table_quest_text_data.rdf	160212	[metatag = 5]420
table_quest_text_data.rdf	160303	[metatag = 5]2
table_quest_text_data.rdf	160306	"[metatag = 5]버섯 가공장 카드키를 공장 문에 사용하면 텔레포트하여 공장 내부로 이동합니다.(공장 내부 맵 필요)
공장 한켠에 불법 무기를 담은 상자가 잔뜩 쌓여 있고 무기 밀매 로보와 무기 수송 로보가 다수 등장하여 유저를 공격합니다.
(공장 문에 아이템을 사용하면 문 앞에 몬스터 스폰)"
table_quest_text_data.rdf	160310	"[metatag = 5]유저가 가져 온 카드키라면 공장 내부로 들어갈 수 있을 것이다.
공장 내부에 들어가서 무기 밀매에 관련된 나쁜 녀석들을 일망타진하자."
table_quest_text_data.rdf	160311	[metatag = 5]0
table_quest_text_data.rdf	160312	[metatag = 5]650
table_quest_text_data.rdf	160313	[metatag = 5]1
table_quest_text_data.rdf	160403	[metatag = 5]3
table_quest_text_data.rdf	160410	"[metatag = 5]자신은 이 곳 일꾼로보의 정비원으로써 로봇들의 이런 폭주 사태에 대한 제 1 책임자이지만 아무리 손을 써도 로봇들의 이상현상을 고칠 수 없었다.
대부분의 로봇들은 그동안 자신들을 정비해 준 고마움을 아는 것인지 자신에게 난폭함을 부리지 않는데 유독 녹초 일꾼로보라는 녀석 만은 자신을 공격해댄다고 하며 그 녀석을 유저가 대신 고장내 주기를 요청한다."
table_quest_text_data.rdf	160411	[metatag = 5]0
table_quest_text_data.rdf	160412	[metatag = 5]430
table_quest_text_data.rdf	160413	[metatag = 5]1
table_quest_text_data.rdf	160503	[metatag = 5]2
table_quest_text_data.rdf	160510	"[metatag = 5]부르릉 일꾼로보는 덜그럭 일꾼로보와 함께 버섯 가공장에 가장 많이 배치되어 있는 로봇이다.
덜그럭 로보와 마찬가지로 사람을 공격하고 공장 기물을 파손하고 있으니 유저가 그 수를 좀 줄여달라."
table_quest_text_data.rdf	160511	[metatag = 5]0
table_quest_text_data.rdf	160512	[metatag = 5]400
table_quest_text_data.rdf	160603	[metatag = 5]2
table_quest_text_data.rdf	160610	"[metatag = 5]거대 버섯이 아닌 작고 부서지기 쉬운 버섯들은 반드시 사람의 손으로 정성껏 수확해야 한다.
하지만 이 근처의 재배맨들이 방해하고 있다.
유저가 이 주변 버섯 근처에 돌아다닌 재배맨들을 좀 잡아달라."
table_quest_text_data.rdf	160611	[metatag = 5]0
table_quest_text_data.rdf	160612	[metatag = 5]2100
table_quest_text_data.rdf	160703	[metatag = 5]1
table_quest_text_data.rdf	160710	"[metatag = 5]남자친구와 한편이 된 듯한 유저를 질책하는 듯이 말하며 쌍안경을 그냥 줄 수는 없다고 자신의 부탁을 들어줄 것을 요청한다.
그 부탁은 토끼단 전설의 능력인 당근 변신술을 꼭 보고 싶다는 것.
들리는 말에 의하면 무스탕이라는 토끼 수인이 그 능력을 사용할 줄 안다고 들었다고 한다."
table_quest_text_data.rdf	160711	[metatag = 5]0
table_quest_text_data.rdf	160712	[metatag = 5]250
table_quest_text_data.rdf	160803	[metatag = 5]1
table_quest_text_data.rdf	160806	"[metatag = 5]퀘스트를 수락하면 자신의 하인으로 보이는 토끼 동물인간을 스폰하고 그를 당근으로 만들어버립니다.
그것을 보고 유저가 박수를 치자 당근은 다시 하인으로 돌아옵니다."
table_quest_text_data.rdf	160810	[metatag = 5]원래 당근 변신술을 관광객에데 보여주는데의 비용은 상당히 비싸지만 유저는 지난 번 자신을 도와주기도 했고 하니 보여주겠다고 하는 무스탕.
table_quest_text_data.rdf	160811	[metatag = 5]0
table_quest_text_data.rdf	160812	[metatag = 5]250
table_quest_text_data.rdf	160903	[metatag = 5]1
table_quest_text_data.rdf	160910	"[metatag = 5]이제 쌍안경은 필요없다며 남자친구에게 갖다주라고 하는 돈나.
"
table_quest_text_data.rdf	160911	[metatag = 5]0
table_quest_text_data.rdf	160912	[metatag = 5]1200
table_quest_text_data.rdf	161003	[metatag = 5]1
table_quest_text_data.rdf	161010	"[metatag = 5]남쪽의 글라이드 캠프에는 CC 소속의 경비원이 있다.
남쪽 역시 무기 밀매에 대한 어떤 정보가 모이고 있지 않을까?"
table_quest_text_data.rdf	161011	[metatag = 5]0
table_quest_text_data.rdf	161012	[metatag = 5]2900
table_quest_text_data.rdf	161103	[metatag = 5]3
table_quest_text_data.rdf	161110	"[metatag = 5]이 지역 역시 버섯 모양의 재배맨이 극성이라 버섯 수확에 해를 끼치고 있다.
이미 평범한 버섯이 될 포자를 빼앗은 건 어쩔 수 없지만 이미 자란 버섯조차 녀석들 때문에 수확이 곤란하니 녀석들을 해결해 달라는 느타리"
table_quest_text_data.rdf	161111	[metatag = 5]0
table_quest_text_data.rdf	161112	[metatag = 5]1040
table_quest_text_data.rdf	161203	[metatag = 5]2
table_quest_text_data.rdf	161210	"[metatag = 5]이 거친 거대 버섯들의 틈 사이에는 정말 구하기 힘든 귀한 버섯이 있는 경우가 많다면서 그것은 맛은 물론이고 몸에도 상당히 좋아 비싼 값에 팔 수 있으니 자신도 계속 그 버섯을 찾아다니고 있다고 한다.
그리고 관심 있다면 유저도 자신과 경쟁하지 않겠냐며 돌아다니다가 보이는 자양강장 버섯을 구하면 자신에게 가져와달라고 한다."
table_quest_text_data.rdf	161211	[metatag = 5]0
table_quest_text_data.rdf	161212	[metatag = 5]4300
table_quest_text_data.rdf	161303	[metatag = 5]1
table_quest_text_data.rdf	161310	"[metatag = 5]자신은 웨스턴 바에서 로봇 관련 연구 중인 도우 연구원의 친구라고 하면서 자신만의 연구를 위해 이 호이포이 스톤 폐광 입구까지 왔다.
하지만 폐광 안으로 들어가려면 캡슐 코퍼레이션 에너지즈의 허가가 있어야만 한다.
유저가 캡슐 코퍼레이션 에너지즈의 허가를 받아 오지 않겠는가."
table_quest_text_data.rdf	161311	[metatag = 5]0
table_quest_text_data.rdf	161312	[metatag = 5]40
table_quest_text_data.rdf	161403	[metatag = 5]1
table_quest_text_data.rdf	161410	[metatag = 5]마침 실력 있는 무도가를 모집하고 있는데 User가 도전해볼 자신이 있다면 특별히 막지는 않겠다는 네르기. 하지만 안으로 들어가 무슨 봉변을 당해도 자신은 책임을 지지 않겠다고 신신당부한다. 더불어 윈 연구원에 대한 것은 User가 확실히 보호만 해 준다면 역시 막지는 않겠다고 한다.
table_quest_text_data.rdf	161411	[metatag = 5]0
table_quest_text_data.rdf	161412	[metatag = 5]40
table_quest_text_data.rdf	161503	[metatag = 5]3
table_quest_text_data.rdf	161510	[metatag = 5]폐광에 들어와 보니 왠지 흥분이 된다는 윈 연구원. 연구에 필요한 것이 꽤 많은데 일단 근방에 보이는 가디언 로보들의 무기라고 말하는 윈 연구원. 그것을 좀 구해다 달라고 한다.
table_quest_text_data.rdf	161511	[metatag = 5]0
table_quest_text_data.rdf	161512	[metatag = 5]540
table_quest_text_data.rdf	161513	[metatag = 5]1
table_quest_text_data.rdf	161603	[metatag = 5]1
table_quest_text_data.rdf	161610	[metatag = 5]user가 폐광안으로 들오 가면 사람을 좀 찾아 달라고 한다. 조사차 폐광 안에 들어간 직원이 있는데 돌아오지 못하고 있다. 유저가 찾아달라는 네르기.
table_quest_text_data.rdf	161611	[metatag = 5]0
table_quest_text_data.rdf	161612	[metatag = 5]670
table_quest_text_data.rdf	161703	[metatag = 5]3
table_quest_text_data.rdf	161710	[metatag = 5]이곳은 지금 미라군의 손아귀에 떨어져 있다. 정확하게 무엇을 하는 지는 모르겠지만 많은 수의 거대 곤충들이 이곳으로 실려와서는 하나둘 사라진 다는 것.  근처에 있는 작업반장 인조인간이 여기 곤충들이 오고하는 현황에 대한 자료를 가진 것을 보았다고 한다. 
table_quest_text_data.rdf	161711	[metatag = 5]0
table_quest_text_data.rdf	161712	[metatag = 5]130
table_quest_text_data.rdf	161803	[metatag = 5]1
table_quest_text_data.rdf	161810	[metatag = 5]User가 가지고 온 곤충 수급 현황표를 밖에 있는 자신의 동료 네르기에게 전달해 달라고 한다. 자신이 그냥 보아서는 무슨 내용인지 도통 모르겠으니 본사로 보내서 정밀하게 해독해 봐야 겠다고 한다.
table_quest_text_data.rdf	161811	[metatag = 5]0
table_quest_text_data.rdf	161812	[metatag = 5]670
table_quest_text_data.rdf	161903	[metatag = 5]3
table_quest_text_data.rdf	161910	[metatag = 5]오랫동안 폐광안으로 조사하고 다니다보니 다른 건 다 좋은데 근처를 배회하고 있는 거대 곤충들이 제일 무섭다고 한다. 곤충들은 어차피 미라군에 이용당하고 있는 것이니 개체수를 줄인다고 해서 큰 문제가 될 것 같지는 않다.
table_quest_text_data.rdf	161911	[metatag = 5]0
table_quest_text_data.rdf	161912	[metatag = 5]890
table_quest_text_data.rdf	161913	[metatag = 5]1
table_quest_text_data.rdf	162003	[metatag = 5]2
table_quest_text_data.rdf	162011	[metatag = 5]0
table_quest_text_data.rdf	162012	[metatag = 5]275
table_quest_text_data.rdf	162103	[metatag = 5]3
table_quest_text_data.rdf	162111	[metatag = 5]0
table_quest_text_data.rdf	162112	[metatag = 5]275
table_quest_text_data.rdf	162203	[metatag = 5]3
table_quest_text_data.rdf	162211	[metatag = 5]0
table_quest_text_data.rdf	162212	[metatag = 5]1260
table_quest_text_data.rdf	162303	[metatag = 5]1
table_quest_text_data.rdf	162311	[metatag = 5]0
table_quest_text_data.rdf	162312	[metatag = 5]275
table_quest_text_data.rdf	162403	[metatag = 5]1
table_quest_text_data.rdf	162411	[metatag = 5]0
table_quest_text_data.rdf	162412	[metatag = 5]275
table_quest_text_data.rdf	162503	[metatag = 5]1
table_quest_text_data.rdf	162510	[metatag = 5]자 요리가 다 만들어졌으니 푸고에게 갖다주라고 하는 무치
table_quest_text_data.rdf	162511	[metatag = 5]0
table_quest_text_data.rdf	162512	[metatag = 5]1600
table_quest_text_data.rdf	162603	[metatag = 5]2
table_quest_text_data.rdf	162610	"[metatag = 5]거대 버섯 나무는 아주 좋은 목재로써의 기능을 가지고 있지만 그것이 아직 덜 자란 어린 거대 버섯은 식용으로 아주 맛이 좋다고 한다.
그리고 거대 버섯의 생장을 위해 함부로 수확해서는 안되는 것인데, 오늘이 푸고의 생일이라 조금만 채집하여 요리를 해야겠다고 한다.
어린 거대 버섯을 채집해서 그것을 파쇼 캠프의 무치에게 갖다주면 요리를 만들어 줄 것이다."
table_quest_text_data.rdf	162611	[metatag = 5]0
table_quest_text_data.rdf	162612	[metatag = 5]1930
table_quest_text_data.rdf	162703	[metatag = 5]2
table_quest_text_data.rdf	162706	[metatag = 5]버섯 돌이 대왕 버섯 근처를 돌아 다니다 보면 곤충의 알들이 놓여 있으며 그 알을 주어 푸고에게 가져다 주면 된다. 
table_quest_text_data.rdf	162710	"[metatag = 5]대왕 버섯은 과거 버섯이 거대화 된 이후 좋은 포자를 뿌려 사람들의 건강에 많은 도움을 줬던 버섯으로 머쉬룸 노스 주민들에게는 신앙과 같은 존재였다. 
 그렇지만 최근 버섯에서 나오는 포자들이 점차 변질 되는 것 같다고 이야기 하면서 대왕 버섯돌이 남서부와 남동부에 있는 버섯 돌이 대왕 버섯을 조사해보라고 한다. "
table_quest_text_data.rdf	162711	[metatag = 5]0
table_quest_text_data.rdf	162712	[metatag = 5]300
table_quest_text_data.rdf	162803	[metatag = 5]1
table_quest_text_data.rdf	162810	"[metatag = 5]머쉬룸 노스가 거대 버섯들로 뒤덮힌 이후 이상한 벌들이 생겼다고 이야기 한다. 
붕붕 침벌류라고 이야기한 푸고는 이놈들은 무리 생활을 하지 않고 독특하게 독립적인 생활을 한다고 이야기 한다. 
아무래도 버섯의 상태가 이상한 것은 그 붕붕 침벌들이 알을 낳기 때문이라고 이야기 한다. 
원래 이 벌들은 동굴 같은데 알을 낳는데 왜 버섯안에 알을 낳는지 모르겠다고 이야기한다. 
그리고 얍삽캠프의 야론에게 이 알들을 가져가 보라고 이야기 한다. "
table_quest_text_data.rdf	162811	[metatag = 5]0
table_quest_text_data.rdf	162812	[metatag = 5]660
table_quest_text_data.rdf	162903	[metatag = 5]2
table_quest_text_data.rdf	162910	"[metatag = 5]야론은 푸고에게 보낼 편지를 작성 하는 동안 대왕 버섯에 더 이상 피해를 입히는 것은 막아야 겠다고 이야기 한다. 
유저에게  대왕 버섯을 지키기 위해서는 벌레들을 최대한 잡아야 할 것 같다고 그들을 제거해 달라고 부탁한다.
붕붕 침벌,붕붕 독침벌, 바늘 독침벌을 잡아라."
table_quest_text_data.rdf	162911	[metatag = 5]0
table_quest_text_data.rdf	162912	[metatag = 5]350
table_quest_text_data.rdf	163003	[metatag = 5]1
table_quest_text_data.rdf	163010	"[metatag = 5]야론은 벌떼들의 피해는 어느정도 막을 수 있지만 곤충들을 대왕 버섯쪽으로 유인하는 근원을 막아야 한다고 이야기 한다. 
푸고에게 자신의 분석 결과를 편지에 적어 놨으니 이것을 푸고에게 전달해 달라고 이야기 한다. "
table_quest_text_data.rdf	163011	[metatag = 5]0
table_quest_text_data.rdf	163012	[metatag = 5]660
table_quest_text_data.rdf	163103	[metatag = 5]2
table_quest_text_data.rdf	163110	"[metatag = 5]푸고는 야론의 분석에 대왕 버섯 안에 알을 낳기 좋도록 환경을 조성하는 놈이 있다고 이야기 한다. 
그 놈은 원래 버섯에 작은 구멍을 파서 버섯을 먹는 녀석이 있는 데 그 곤충이 거대화 되면서 대왕 버섯에 구멍을 뚫어 붕붕 침벌들이 그곳에 알을 낳는 것 같다고 이야기 한다. 
삼바리오 돈후안을 잡아 대왕 버섯에 구멍이 더 이상 생기는 것을 막아야 한다. "
table_quest_text_data.rdf	163111	[metatag = 5]0
table_quest_text_data.rdf	163112	[metatag = 5]350
table_quest_text_data.rdf	163203	[metatag = 5]2
table_quest_text_data.rdf	163210	[metatag = 5]캠프 북쪽에서 달콤한 냄새가 나온다고 이야기를 들었다며 달콤한 냄새의 정체를 밝혀 달라고 이야기 한다. 
table_quest_text_data.rdf	163211	[metatag = 5]0
table_quest_text_data.rdf	163212	[metatag = 5]540
table_quest_text_data.rdf	163303	[metatag = 5]2
table_quest_text_data.rdf	163310	[metatag = 5]디구르는 이상하게 최근에 거대 곤충들이 근처로 몰려드는 것 같다고 이야기 하면서 남서쪽에 있는 대왕 버섯 근처에서 셀 카붕과 요이 땅강아스를 물리쳐 달라고 이야기 한다. 
table_quest_text_data.rdf	163311	[metatag = 5]0
table_quest_text_data.rdf	163312	[metatag = 5]1050
table_quest_text_data.rdf	163403	[metatag = 5]3
table_quest_text_data.rdf	163411	[metatag = 5]0
table_quest_text_data.rdf	163412	[metatag = 5]1100
table_quest_text_data.rdf	163413	[metatag = 5]1
table_quest_text_data.rdf	163503	[metatag = 5]1
table_quest_text_data.rdf	163510	[metatag = 5]디구르는 이 곤충 기관은 파쇼 캠프에 있는 인섹토 박사에게 전달을 좀 해달라고 이야기 한다. 
table_quest_text_data.rdf	163511	[metatag = 5]0
table_quest_text_data.rdf	163512	[metatag = 5]10
table_quest_text_data.rdf	163603	[metatag = 5]3
table_quest_text_data.rdf	163610	"[metatag = 5]유저가 가져온 기관이 신기한 것은 강제적인 작용 즉 수술이나 합성을 통하지 않고 자연스럽게 유전자가 조작된 형태라고 이야기 하면서 머쉬룸 북부에서 일어나고 있는 곤충의 흉폭화와 관계 된 일일 것 같다고 이야기 한다. 
인섹토 박사는 유저가 가져온 기관으로는 그정도 밖에 알아 낼 수 없었다고 이야기 하면서 좀더 연구를 하기 위해서 최근에 거대화 된 곤충 중에 하나인 쓱싹쓱 싹뚜기를 잡고 그 머리를 가져오라고 부탁 한다. "
table_quest_text_data.rdf	163611	[metatag = 5]0
table_quest_text_data.rdf	163612	[metatag = 5]700
table_quest_text_data.rdf	163613	[metatag = 5]1
table_quest_text_data.rdf	163703	[metatag = 5]3
table_quest_text_data.rdf	163706	[metatag = 5]그냥 조사하면 지휘 카붕이 스폰되도록 함.
table_quest_text_data.rdf	163710	"[metatag = 5]지휘 카붕이라는 거대 곤충이 근처의 버섯들에 모두 구멍을 뚫어 버섯 농업을 하는 사람들에게 큰 피해를 주고 있다면서 지휘 카붕을 잡으라고 한다. 그렇지만 지휘 카붕을 잡을 때 혼자서는 잡기 힘들 것이라고 이야기 한다. 지휘 카붕은 워낙 은밀히 움직이는 곤충이라서 일반적으로 보기 힘들기 때문에 지휘 카붕의 둥지로 가야 한다고 이야기 한다. 
지휘 카붕을 잡기 위한 방법으로는 둥자 양쪽에 숨구멍으로 뚫어놓은 구멍들이 있는데 이걸 양쪽에서 거의 동시에 막아 "
table_quest_text_data.rdf	163711	[metatag = 5]0
table_quest_text_data.rdf	163712	[metatag = 5]890
table_quest_text_data.rdf	163713	[metatag = 5]2
table_quest_text_data.rdf	163803	[metatag = 5]1
table_quest_text_data.rdf	163810	[metatag = 5]코콤보는 평소 무로누님에게 신세를 많이 져서 감사의 인사를 하고  싶다고 이야기 하면서 얼마전에 얻은 달콤한 향기가 나는 병을 선물하고 싶다고 이야기 한다. 
table_quest_text_data.rdf	163811	[metatag = 5]0
table_quest_text_data.rdf	163812	[metatag = 5]1600
table_quest_text_data.rdf	163903	[metatag = 5]2
table_quest_text_data.rdf	163910	[metatag = 5]푸고는 무슨일인지 모르겠지만 파쇼 캠프 근처에 재배맨들이 갑자기 생겨나서 골치를 썩고 있다고 이야기 하면서 파쇼 캠프 근처에서 덩굴 재배맨과 독덩굴 재배맨을 잡고 파쇼에게 보고해달라고 부탁한다.  
table_quest_text_data.rdf	163911	[metatag = 5]0
table_quest_text_data.rdf	163912	[metatag = 5]1570
table_quest_text_data.rdf	164003	[metatag = 5]1
table_quest_text_data.rdf	164010	[metatag = 5]프로스트는 이곳에는 CC에서 이번 곤충 문제때문에 특별히 연구소 하나를 만들었는데 CC 라이프 매터리얼이라는 요상한 이름으로 부르고 있다고 이야기 하면서 현재의 위기를 극복 할 수 있는 유일한 희망일 거라고 이야기 하며 관련자인 마마와 이야기를 해보라고 한다. 
table_quest_text_data.rdf	164011	[metatag = 5]0
table_quest_text_data.rdf	164012	[metatag = 5]20
table_quest_text_data.rdf	164103	[metatag = 5]2
table_quest_text_data.rdf	164106	[metatag = 5]프로스트를 제외하면 그런거 아무래도 상관업자나? 하는 반응을 보입니다.
table_quest_text_data.rdf	164110	[metatag = 5]CC라고 해서 모든 회사들이 다 유명한 것도 아니고 유명하다고 해도 회사 사옥이 어디에 있는지 잘 모르는 경우가 허다. CC 라이프 매테리얼도 마찬가지. 좀 수고 스럽겠지만 무지몽매한 촌동네 주민들에게 CC 라이프 매테리얼에 대한 광고를 좀 부탁한다는 리프리.
table_quest_text_data.rdf	164111	[metatag = 5]0
table_quest_text_data.rdf	164112	[metatag = 5]50
table_quest_text_data.rdf	164120	"[metatag = 5][npc = ""7134104""]"
table_quest_text_data.rdf	164122	"[metatag = 5][npc = ""7134102""]"
table_quest_text_data.rdf	164124	"[metatag = 5][npc = ""3242104""]"
table_quest_text_data.rdf	164203	[metatag = 5]3
table_quest_text_data.rdf	164210	[metatag = 5]CC 메테리얼에서 시험 가동중이었던 와이브 로보라는 로봇이 탈주를 해서 대왕 버섯의 근처를 배회하고 있으니 좀 수고스럽더라도 그 로봇을 회수해 달라는 것. 회수 할대는 반드시 로봇의 AI칩을 가지고 와야 한다.
table_quest_text_data.rdf	164211	[metatag = 5]0
table_quest_text_data.rdf	164212	[metatag = 5]4000
table_quest_text_data.rdf	164213	[metatag = 5]2
table_quest_text_data.rdf	164303	[metatag = 5]1
table_quest_text_data.rdf	164310	[metatag = 5]코콤보가 주었다는 달콤한 향기가 나는 병에 들어 있는 물질에서는 나메크의 기준으로 본 다면 마치 나라크들에게서 느껴지는 사악한 기운마저도 느껴진다는 무로뉴. 달콤한 향기가 나는 병은 자신이 가지고 잇는 것 보다는 케미카라는 CC의 직원이 있으니 그녀에게 가져다 달라고 한다.
table_quest_text_data.rdf	164311	[metatag = 5]0
table_quest_text_data.rdf	164312	[metatag = 5]220
table_quest_text_data.rdf	164403	[metatag = 5]3
table_quest_text_data.rdf	164410	[metatag = 5]렌스 모키는 이름 대로 양손에 창을 들고 있는 거대한 모기이다. 다른 종류의 곤충들도 손에 창같은 것을 들고 있지만 랜스 모키의 그것에는 미치니 못한다. 그래서 이곳의 사람들은 랜스 모키를 잡아 그 창으로 빨래 건조대를 만들거나 기타 유용한 물건을 만드는데 쓰인다. 그래서! 이번에도 랜스 모키의 창이 필요한 것이다.
table_quest_text_data.rdf	164411	[metatag = 5]0
table_quest_text_data.rdf	164412	[metatag = 5]1430
table_quest_text_data.rdf	164413	[metatag = 5]1
table_quest_text_data.rdf	164503	[metatag = 5]1
table_quest_text_data.rdf	164510	[metatag = 5]와이브 로보의 AI칩에 대해서 자세히 분석하기 위해서 마마라는 사람에게 전달하자.
table_quest_text_data.rdf	164511	[metatag = 5]0
table_quest_text_data.rdf	164512	[metatag = 5]220
table_quest_text_data.rdf	164603	[metatag = 5]3
table_quest_text_data.rdf	164610	[metatag = 5]아귀 독침벌의 독침은 굉장히 위험해서 주변 사람들에게 큰 위협이 되고 있다. 특히 이 근방에는 CC 라이프 매테리얼의 직원들이 많아고 골치가 아프다는 마마. 아귀 독침벌을 쓰러트리자.
table_quest_text_data.rdf	164611	[metatag = 5]0
table_quest_text_data.rdf	164612	[metatag = 5]850
table_quest_text_data.rdf	164613	[metatag = 5]2
table_quest_text_data.rdf	164703	[metatag = 5]2
table_quest_text_data.rdf	164710	[metatag = 5]글라이드는 여왕 해파리을 타고 하늘을 비행하는 일에 대한 계획을 세우고 있다. 세간의 관심과는 관계없이 일의 진행이 제대로 되지 않아서 무척 짜증 스러운 상황, 특히 싹뚜기, 버섯 싹뚜기, 독버섯 싹뚜기 세 종류의 거대 곤충들이 해파리 버섯이 땅에 가까워 지면 갉아 먹어 버리는 통에 일이 아주귀찮은 상황. 가능한 이 놈들의 개체를 줄여 두지 않으면 않된다.
table_quest_text_data.rdf	164711	[metatag = 5]0
table_quest_text_data.rdf	164712	[metatag = 5]810
table_quest_text_data.rdf	164803	[metatag = 5]2
table_quest_text_data.rdf	164810	[metatag = 5]User가 가지고온 달콤한 향기가 나는 병 안에 들어있는 달콤 한 술… 이 아닌 액체는 인간이 마시면 큰일… 이 날지 않날지 모르고 곤충이 섭취할 경우 거대하고 흉폭해지는 특징을 가지고 있다고 자신은 추측한다는 케미카. 하지만 이 가설에 대해서 실험을 해야 하는데 그러려면 user가 필요한 몹의 세포 샘플을 좀 채취해 줘야만 한다.
table_quest_text_data.rdf	164811	[metatag = 5]0
table_quest_text_data.rdf	164812	[metatag = 5]810
table_quest_text_data.rdf	164903	[metatag = 5]1
table_quest_text_data.rdf	164910	[metatag = 5]실험의 결과가 나왔다. 곤충의 세포들이 이 괴상한 물질을 주입받자 엄청나게 증식을 하는 모습을 보였고 심지어는 주변의 다른 미생물이나 바이러스 같은 것들을 모조리 잡아먹어 버리는 모습을 까지 보았다는 케미카. 세포 단계에서 부터 이런 모습을 보이는데 곤충 그 자체는 보지 않아도 뻔하다. 하지만 일전에 화학자들 사이에서 이런 물질에 대한 소문을 얼밋 들은 적이 있다는 케미카. 분명 론이라는 이름의 과학자가 곤충을 싫어해서 살충제의 연구를 하다가 실수로 활
table_quest_text_data.rdf	164911	[metatag = 5]0
table_quest_text_data.rdf	164912	[metatag = 5]20
table_quest_text_data.rdf	165003	[metatag = 5]3
table_quest_text_data.rdf	165010	[metatag = 5]몇몇 몰지각한 사람들이 CC에 자신들의 로봇에 대한 손해 배상을 청구하지만 CC는 자사의 제품에 대해서 확실하게 문제가없음을 증명하고 있다. 하지만 그렇다고 AS를 게을리 해서는 않되지 않은가?  문제는 AS기사를 보내고 싶지만 일대가 너무 위험해서 그것도 쉽지가 않다. User가 AS기사를 호위해서 AS요청이 온 곳까지 좀 갔으면 한다는 마마.
table_quest_text_data.rdf	165011	[metatag = 5]0
table_quest_text_data.rdf	165012	[metatag = 5]290
table_quest_text_data.rdf	165103	[metatag = 5]3
table_quest_text_data.rdf	165110	[metatag = 5]CC 라이프 매테리얼 사옥의 주변에는 이상한 형식번호를 가지고 있는 로봇들이 점거를 하고 있다. 경비원으로 그들을 막아야 하는 것이 당연한 임무지만. 전 RP군이었던 자신이 강력한 무기로 무장하고 있는 로봇을 상대로 싸운 다는 것은 역부족., User에게 도움을 요청한다.
table_quest_text_data.rdf	165111	[metatag = 5]0
table_quest_text_data.rdf	165112	[metatag = 5]410
table_quest_text_data.rdf	165113	[metatag = 5]1
table_quest_text_data.rdf	165115	[metatag = 5]MX...06J
table_quest_text_data.rdf	165116	[metatag = 5]MX...06F
table_quest_text_data.rdf	165203	[metatag = 5]3
table_quest_text_data.rdf	165210	[metatag = 5]지난 번 User가 잡운 MX로 시작하는 형식 번호를 가진 로봇들과 비슷한 놈이 등장했다. 놈의 이름은 MX-06S. 붉은 색의 로봇이다. 들리는 소문에 의하면 지난번 User가 잡은 놈들보다 3배 빠른 강적이라고 한다. 놈을 잡으면 무언가 단서가 될 만한 정보가 있을 것 같다.
table_quest_text_data.rdf	165211	[metatag = 5]0
table_quest_text_data.rdf	165212	[metatag = 5]130
table_quest_text_data.rdf	165213	[metatag = 5]1
table_quest_text_data.rdf	165215	[metatag = 5]MX...06S
table_quest_text_data.rdf	165303	[metatag = 5]1
table_quest_text_data.rdf	165310	[metatag = 5]잠시 잊고 있었는데 CC본사에 있었던 시절에 론이라는 연구원이 동물의 생장을 촉진시키는 약품을 개발했던 그 실험체 였던 토끼에 대한 이야기를 케미카에게 전달해야 한다는 인섹토. 그녀도 이 이야기를 들으면 흥미 있어 할 것이다.
table_quest_text_data.rdf	165311	[metatag = 5]0
table_quest_text_data.rdf	165312	[metatag = 5]1820
table_quest_text_data.rdf	165403	[metatag = 5]1
table_quest_text_data.rdf	165410	[metatag = 5]마 친위대 명부에 대한 이야기를 들었다는 마마. 이 명부에 따르자면 이 곳에서 남쪽에 위치한 듀오 캠프라는 곳에 친위대의 일원인 메리아스라는 이름의 로봇이 있으니 그를 찾아가 협박을 해서라도 마친위대의 우두머리가누구인지 알아 내라는 것. 
table_quest_text_data.rdf	165411	[metatag = 5]0
table_quest_text_data.rdf	165412	[metatag = 5]290
table_quest_text_data.rdf	165503	[metatag = 5]1
table_quest_text_data.rdf	165510	[metatag = 5]자신이 있는 곳에서 서쪽으로 더 가면 그곳에 파에리아와 이름이 비슷한 페에리아라는 로봇이 있는데 그가 마 친위대의 리더이니 그를 물리치라고 종용하는 메리아스
table_quest_text_data.rdf	165511	[metatag = 5]0
table_quest_text_data.rdf	165512	[metatag = 5]1470
table_quest_text_data.rdf	165603	[metatag = 5]1
table_quest_text_data.rdf	165610	[metatag = 5]머쉬룸의 부호인 파에리아는 자신의 조상 리조토의 덕을 톡톡히 보고 있는 사람이다. 그 때문에 사람들도 그의 온갖 악행을 눈감아 주지만 자신은 그게 어렵다는 글라이드. 특히 요즈음은 공개적으로 신부감을 찾는 다며 자신을 괴롭이기 까지 하고 있다면 자신의 원래 약혼자인 솔로에게 이 사실이 담긴 편지를 좀 전해 달라고 한다.
table_quest_text_data.rdf	165611	[metatag = 5]0
table_quest_text_data.rdf	165612	[metatag = 5]290
table_quest_text_data.rdf	165703	[metatag = 5]1
table_quest_text_data.rdf	165710	[metatag = 5]글라이스와 약혼관계에 있으면서도 남몰래 그 동생인 슬라이드를 좋아 하는 솔로. 남들에게 들키지 않게 자신의 편지를 슬라이드에세 좀 전해 달라고 부탁한다.
table_quest_text_data.rdf	165711	[metatag = 5]0
table_quest_text_data.rdf	165712	[metatag = 5]1970
table_quest_text_data.rdf	165803	[metatag = 5]2
table_quest_text_data.rdf	165810	[metatag = 5]사실 글라이드의 버섯 비행이 직접적으로 CC에 이득을 주는 것은 아니다. 하지만 인류 최초의 버섯 비행이라는 점에서 꽤 이목이 집중되어 있다. 그 점에서 CC의 라이프 메테리얼은 글라이드에게 상당한 투자를 하고 있는 모양이다. 하지만 이 일이 성사 되기 위해서는 비행을 위한 여왕 해파리 버섯이 필요한데 문제는 이 여왕 해파리 버섯이 땅에 내려앉아 다시 떠오를 기미가 보이지 않는 다는 것이다. 게다가 더 큰 문제는 이 버섯의 주변으로 곤충들이 들러붙어 뜯
table_quest_text_data.rdf	165811	[metatag = 5]0
table_quest_text_data.rdf	165812	[metatag = 5]1010
table_quest_text_data.rdf	165903	[metatag = 5]2
table_quest_text_data.rdf	165910	[metatag = 5]꺽뚜기 들은 참 난폭하다. 왠지 다른 싹뚜기 들보다 더 폭력적인 느낌이라는 토리오. 않그래도 근자에 기침이 잦아져서 짜증도 심하다. 들리는 말에 학자들은 깍뚜기 같은 곤충들의 흉폭한 성격에 대해새 연구를 한다고 하지만 자신은 단지 그들의 흉폭함에 화가 나기만 한다는 토리오. 빌어먹을 꺽뚜기 3종 세트를 잡아다 주면 속이 시원 하겟다.
table_quest_text_data.rdf	165911	[metatag = 5]0
table_quest_text_data.rdf	165912	[metatag = 5]1440
table_quest_text_data.rdf	166003	[metatag = 5]1
table_quest_text_data.rdf	166010	"[metatag = 5]그렇지 않아도 언니에게서 여왕 해파리 버섯이 공중에 뜨지 않아 난감해하고 있다는 소식을 들었다며 어떻게든 언니를 도와주고 싶다고 하는 슬라이드
북쪽의 버섯명인인 삿부라면 어떤 방법을 알고 있지 않을까?"
table_quest_text_data.rdf	166011	[metatag = 5]0
table_quest_text_data.rdf	166012	[metatag = 5]5950
table_quest_text_data.rdf	166103	[metatag = 5]2
table_quest_text_data.rdf	166110	[metatag = 5]유라유라 골짜기의 비행 버섯들은 모두 유전자 개량에 의해 각자의 독특한 공기주머니를 갖고 있다. 그리고 그 여왕 해파리의 빠진 공기주머니 때문이라면 인공적인 공기주머니를 구해 넣어줘야 한다며 유라유라 골짜기에 떠도는 아직 어린 해파리 버섯의 공기주머니를 구하는 수 밖에 없다.
table_quest_text_data.rdf	166111	[metatag = 5]0
table_quest_text_data.rdf	166112	[metatag = 5]3870
table_quest_text_data.rdf	166203	[metatag = 5]1
table_quest_text_data.rdf	166210	"[metatag = 5]자신의 동생인 슬라이드가 부탁한 일이라는 소리에, 쓸데없는 짓을 했지만 어쩔 수 없이 넘어가야겠다는 글라이드
자신이 편지를 하나 줄테니 동생에게 전해달라고 한다."
table_quest_text_data.rdf	166211	[metatag = 5]0
table_quest_text_data.rdf	166212	[metatag = 5]2250
table_quest_text_data.rdf	166303	[metatag = 5]2
table_quest_text_data.rdf	166306	"[metatag = 5]유저가 쓰러져 있는 여왕 해파리 버섯을 클릭하면 NPC [npc = ""5411101""]와 그의 로봇 친위대(Mob)들이 등장하여 유저를 공격."
table_quest_text_data.rdf	166311	[metatag = 5]0
table_quest_text_data.rdf	166312	[metatag = 5]700
table_quest_text_data.rdf	166403	[metatag = 5]1
table_quest_text_data.rdf	166410	"[metatag = 5]CC 라이프 매테리얼에서는 전 세계의 무도사와 도장에 제휴해 수행자를 파견받는 조건으로 그들이 필요로 하는 기본적인 무기와 방어구 등을 공급해 준다.
이번에도 머쉬룸 지역의 도장에 무기와 방어구를 보급해야 하는데, 때마침 거대 곤충이다, 폭주 로봇이다 해서 직원들이 모자란 상황.
유저가 도장까지 보급품을 운반해 달라."
table_quest_text_data.rdf	166411	[metatag = 5]0
table_quest_text_data.rdf	166412	[metatag = 5]4540
table_quest_text_data.rdf	166503	[metatag = 5]3
table_quest_text_data.rdf	166510	"[metatag = 5]배트 캠프에 폐기해야 할 고철 쓰레기를 운반해야 하는데 처리장의 경비 로보들이 위협적이다.
제거해달라."
table_quest_text_data.rdf	166511	[metatag = 5]0
table_quest_text_data.rdf	166512	[metatag = 5]3480
table_quest_text_data.rdf	166603	[metatag = 5]2
table_quest_text_data.rdf	166610	"[metatag = 5]카멜버드 레이싱에서는 기본적으로 레이싱장에 있는 카멜버드로만으로도 경주를 하기도 하지만, 신청자에 따라 자신의 카멜버드를 참가시켜 경주시킬 수도 있다.
카멜버드 레이싱에 필요한 카멜버드가 필요하다.
잘 달리는 놈으로 좀 잡아달라."
table_quest_text_data.rdf	166611	[metatag = 5]0
table_quest_text_data.rdf	166612	[metatag = 5]5780
table_quest_text_data.rdf	166703	[metatag = 5]3
table_quest_text_data.rdf	166710	"[metatag = 5]윽! 지난번에 유저가 잡아준 놈은 잘 달리긴 했지만 그래도 졌다면서 도저히 안되겠다! 그 누구도 손대지 못한 전설의 스피드를 가진 새 야성 로드런너 를 잡아달라고 한다.
"
table_quest_text_data.rdf	166711	[metatag = 5]0
table_quest_text_data.rdf	166712	[metatag = 5]2340
table_quest_text_data.rdf	166713	[metatag = 5]1
table_quest_text_data.rdf	166803	[metatag = 5]2
table_quest_text_data.rdf	166806	[metatag = 5]손님으로 visit하는 사람들의 대사는 마음대로 제작
table_quest_text_data.rdf	166810	"[metatag = 5]버섯촌의 가장 안쪽에 위치해 있어서 자신의 여인숙은 항상 손님들이 잘 오지 않는다.
유저가 버섯촌 밖에 있는 여행객들에게 자신의 여인숙을 광고해 달라."
table_quest_text_data.rdf	166811	[metatag = 5]0
table_quest_text_data.rdf	166812	[metatag = 5]8800
table_quest_text_data.rdf	166903	[metatag = 5]3
table_quest_text_data.rdf	166910	"[metatag = 5]자신은 버섯촌에서 야생 버섯을 수확하기 위해 이곳에 나와 있다면서 수확한 버섯들을 말려야 하는데 버섯 건조 바위 근처에 땅강아스타들이 몰려 있다.
유저가 해결해달라고 부탁한다."
table_quest_text_data.rdf	166911	[metatag = 5]0
table_quest_text_data.rdf	166912	[metatag = 5]1230
table_quest_text_data.rdf	166913	[metatag = 5]1
table_quest_text_data.rdf	167003	[metatag = 5]2
table_quest_text_data.rdf	167006	[metatag = 5]배치되어 있는 오브젝트인 벌레 건조 바위를 버섯 건조 바위로 수정해서 사용합니다.
table_quest_text_data.rdf	167010	[metatag = 5]이제 이 버섯들을 가서 건조 바위에 놓고 와다오.
table_quest_text_data.rdf	167011	[metatag = 5]0
table_quest_text_data.rdf	167012	[metatag = 5]620
table_quest_text_data.rdf	167020	"[metatag = 5][object = ""296""]"
table_quest_text_data.rdf	167103	[metatag = 5]3
table_quest_text_data.rdf	167110	"[metatag = 5]이럴수가! 누군가 건조 바위에 널어놓은 버섯들을 다 가져갔다.
버섯을 가져간 녀석이건 먹은 녀석이건 유저가 좀 찾아서 혼내다오."
table_quest_text_data.rdf	167111	[metatag = 5]0
table_quest_text_data.rdf	167112	[metatag = 5]330
table_quest_text_data.rdf	167113	[metatag = 5]1
table_quest_text_data.rdf	167203	[metatag = 5]1
table_quest_text_data.rdf	167210	"[metatag = 5]이럴수가! 최고의 카멜버드인 야성 로드런너조차 저 녀석의 카멜버드를 이기지 못했다.
이미 승부는 의미가 없다.
분명 저 녀석의 흉악한 차림새로 보아 뭔가 카멜버드에게 좋지 않은 조작을 하는 것 같다며 그것을 조사해 줄 것을 부탁한다."
table_quest_text_data.rdf	167211	[metatag = 5]0
table_quest_text_data.rdf	167212	[metatag = 5]50
table_quest_text_data.rdf	167303	[metatag = 5]3
table_quest_text_data.rdf	167310	"[metatag = 5]정말 내 카멜버드의 우승 비결을 알고 싶나?
안됐지만 그렇게 쉽게 알려줄 순 없다.
하지만 얼마 전 자신의 우승 상금을 훔쳐갔던 머쉬룸 갱을 처리해 준다면 알려줄 수도 있다고 하는 탄카"
table_quest_text_data.rdf	167311	[metatag = 5]0
table_quest_text_data.rdf	167312	[metatag = 5]540
table_quest_text_data.rdf	167313	[metatag = 5]1
table_quest_text_data.rdf	167403	[metatag = 5]1
table_quest_text_data.rdf	167410	"[metatag = 5]자신의 심부름을 들어준다면 자신의 카멜버드의 비결을 자연스럽게 알게 될 것이다.
듀오 캠프의 듀오에게 가봐라."
table_quest_text_data.rdf	167411	[metatag = 5]0
table_quest_text_data.rdf	167412	[metatag = 5]3680
table_quest_text_data.rdf	167503	[metatag = 5]2
table_quest_text_data.rdf	167510	"[metatag = 5]또 그 불한당의 요청이냐면서 정말 자신은 하고 싶지 않은데 탄카에게 큰 빚을 진 것이 있어 어쩔 수 없다고 하는 듀오
이 벌레벌레 크레이터의 변종 버섯을 따다가 탄카에게 보내줘라."
table_quest_text_data.rdf	167511	[metatag = 5]0
table_quest_text_data.rdf	167512	[metatag = 5]730
table_quest_text_data.rdf	167603	[metatag = 5]3
table_quest_text_data.rdf	167606	"[metatag = 5]탄카에게 가면 옆의 NPC 카멜버드가 사라지고 몬스터로 흉폭 카멜버드가 스폰되어 탄카와 유저를 공격합니다.
"
table_quest_text_data.rdf	167610	"[metatag = 5]뭐? 크레이터의 변종 버섯이라면 먹인 생물들에게 이상이 생긴다는 그 버섯이 아니냐며, 탄카의 우승 비결이 그것이라면 녀석은 정말 잔인한 녀석이라고 험담한다.
지금쯤 탄카의 카멜버드에 분명 이상이 생겼을테니 유저가 한번 가보라고 요청한다."
table_quest_text_data.rdf	167611	[metatag = 5]0
table_quest_text_data.rdf	167612	[metatag = 5]430
table_quest_text_data.rdf	167613	[metatag = 5]1
table_quest_text_data.rdf	167703	[metatag = 5]3
table_quest_text_data.rdf	167706	[metatag = 5]어린 거대 버섯을 푸고 캠프 주변 지역에 배치합니다.
table_quest_text_data.rdf	167710	"[metatag = 5]수출 목재로써 아주 중요한 거대 버섯의 성장은 꽤 오랜 세월이 필요하다. 
그렇기 때문에 아직 다 자라지 않은 어린 거대 버섯은 어떻게든 다 자랄때까지 관심과 보호를 기울여야만 한다.
그런데 거대해진 곤충들 중에 이 어린 거대 버섯만을 노리는 녀석들이 있다.
녀석들을 해치우거라."
table_quest_text_data.rdf	167711	[metatag = 5]0
table_quest_text_data.rdf	167712	[metatag = 5]530
table_quest_text_data.rdf	167713	[metatag = 5]1
table_quest_text_data.rdf	167803	[metatag = 5]3
table_quest_text_data.rdf	167806	[metatag = 5]삼바리오 카사노바 근처에 비슷한 삼바리오들을 많이 배치
table_quest_text_data.rdf	167810	"[metatag = 5]곤충들 중 리오라는 녀석들이 무섭게 번식하고 있다.
그것을 주도하는 것은 삼바리오 카사노바라는 변종 리오이니 녀석을 해치워 달라."
table_quest_text_data.rdf	167811	[metatag = 5]0
table_quest_text_data.rdf	167812	[metatag = 5]940
table_quest_text_data.rdf	167813	[metatag = 5]1
table_quest_text_data.rdf	167903	[metatag = 5]2
table_quest_text_data.rdf	167906	"[metatag = 5]볼락말락 버섯은 여러 개가 넓은 지역에 걸쳐 배치되어 있지만 그 중에 하나만 나타나고 그 다음 그 여러 개 중에 랜덤으로 나타났다 사라졌다를 반복합니다.
사라진 볼락말락 버섯은 gather를 할 수 없습니다.
그냥 일반 오브젝트 Gather로 변경하고 시간제한으로 갑시다."
table_quest_text_data.rdf	167910	"[metatag = 5]자신은 삿부의 제자로써 삿부에게 독립하여 이 남쪽에서 따로 버섯에 대한 연구를 하고 있다.
그런데 최근 돌연변이 버섯 중 아주 신기한 녀석들 발견했다며 녀석을 채집하고 싶다고 한다.
녀석들은 돌연변이적 특성 상 자주 사라졌다 나타났다를 반복하니 찾기가 쉽지 않을 것이다.
"
table_quest_text_data.rdf	167911	[metatag = 5]0
table_quest_text_data.rdf	167912	[metatag = 5]3250
table_quest_text_data.rdf	168003	[metatag = 5]1
table_quest_text_data.rdf	168010	"[metatag = 5]최근 CC 라이프 매테리얼의 매출이 급감했다.
조사해본 결과 이 머쉬룸 북부의 남쪽의 매출이다.
왜 그렇게 된 것인지 빨리 조사를 해야하는데 거대 곤충이나 로봇 폭주의 일이 더 중요하기 때문에 여력을 낼 수 없다고 하는 마마
유저가 남쪽의 버섯촌에 들려 상황을 조사해주겠는가?"
table_quest_text_data.rdf	168011	[metatag = 5]0
table_quest_text_data.rdf	168012	[metatag = 5]4500
table_quest_text_data.rdf	168103	[metatag = 5]1
table_quest_text_data.rdf	168110	"[metatag = 5]CC 라이프 매테리얼의 물건? 물론 그동안은 괜찮았지만 이젠 더 싼 가격에 좋은 물건들을 구입할 수 있으니 더 이상은 CC 라이프 매테리얼의 물건은 사지 않을 생각이라는 노미
유저도 관심이 있다면 고철 처리장의 뚝딱 아저씨에게 가봐라."
table_quest_text_data.rdf	168111	[metatag = 5]0
table_quest_text_data.rdf	168112	[metatag = 5]2850
table_quest_text_data.rdf	168203	[metatag = 5]2
table_quest_text_data.rdf	168210	"[metatag = 5]잉? 자네도 내 물건 하나 싸게 구입할텨?
그렇다면 고철이 필요하다구"
table_quest_text_data.rdf	168211	[metatag = 5]0
table_quest_text_data.rdf	168212	[metatag = 5]750
table_quest_text_data.rdf	168303	[metatag = 5]3
table_quest_text_data.rdf	168310	[metatag = 5]동물의 생장이나  곤충의 생장이나 화학적인 견지에서 보면 결국은 단백질 세포를 이상증식시키는 역할을 한다는 공통점이 있다. 구체적인 증식방법의 메커니즘을 연구하기 위해서는 역시 실험체가 필요하다. ㄷ자신은 이곳에 온지 얼마되지 않았고 곤충의 거대화에 대한 연구는 자료만 봤지 직접 실험을 해 본적이 없으니 이제 부터라도 해봐야 겠다는 케미카. 실험체로써 적당한 곤충이 필요하다.
table_quest_text_data.rdf	168311	[metatag = 5]0
table_quest_text_data.rdf	168312	[metatag = 5]810
table_quest_text_data.rdf	168313	[metatag = 5]1
table_quest_text_data.rdf	168403	[metatag = 5]1
table_quest_text_data.rdf	168410	[metatag = 5]땅강아스타의 세포 샘플를 조사해 보았지만 그 어디에도 약물에 의해서 세포가 이상 증식한 흔적을 발견하지 못했다는 케미카. 그렇다면 역시 인섹토 박사의 연구 대로 곤충의 뇌를 이상 변형시켜 단백질의 이상증식을 유도하는 것이 이 정체 모를 물질의 기능인듯 하다는 케미카.  하지만 일전에 인섹토 박사가 곤충의 머리를 조사했어도 약물의 흔적에 대한 이야기가 없었던 것으로 보아 이 일은 연구를 아무리 해도 해결책을 얻지 못할 것이라는 말을 한다. 흔적이 남지 않
table_quest_text_data.rdf	168411	[metatag = 5]0
table_quest_text_data.rdf	168412	[metatag = 5]20
table_quest_text_data.rdf	168503	[metatag = 5]1
table_quest_text_data.rdf	168510	[metatag = 5]파에리아라는 사람을 아느냐고 묻는 씨큐리. 이 지역을 장악하고 있는 대 갑부인 그가 의외로 이 지역의 혼란을 만들고 있는 원흉이라는 소문이 돌고 있다고 한다. 솔직히 그가 무얼 하든 상관할 바는 아니지만 CC의 경비원으로써 그가 하는 생동이 CC에 악영향을 미치고 있다는 생각이 확실히 든다는 씨큐리. 어디까지나 소문이라서 확실한 것은 아니지만 소문의 진원이 되고 있는 배트를 찾아가 보라는 씨큐리.
table_quest_text_data.rdf	168511	[metatag = 5]0
table_quest_text_data.rdf	168512	[metatag = 5]1790
table_quest_text_data.rdf	168603	[metatag = 5]1
table_quest_text_data.rdf	168610	[metatag = 5]론의 거취를 알아 냈다는 마마. 꽤 많은 돈이 들었지만 정보를 얻는 것 자체는 어렵지 않았다고 한다. 론은 현재 파에리아라는 이 지역 명사의 밑에서 정체를 알 수 없는 실험을 계속하고 있다는 것이다. 정보를 제공한 사람이 제리 캠프에 있으니 직접 이야기를 듣고 그를 저지하라는 이야기를 하는 마마. User가 찾아가면 분명 도움을 받을 수 있도록 모든 조치를 해 두었다고 한다.
table_quest_text_data.rdf	168611	[metatag = 5]0
table_quest_text_data.rdf	168612	[metatag = 5]2310
table_quest_text_data.rdf	168703	[metatag = 5]1
table_quest_text_data.rdf	168710	[metatag = 5]user는 혹시 알고 있을지 모르지만 아리아가라 폭포 뒤애 동굴이 하나 있다고 이야기 하는 마마. 얼마전 본사로 부터 들어온 정보에 그 동굴에서 정체를 알 수 없는 기묘한 실험이 이루어 지고 있다고 한다. 이에 CC의 요원들이 조사를 진행해서 그곳에서 이루어지는 실험의 정체가 거대곤충들에 대한 생체실험이라는 것을 알아 냈다고 한다. 이룰 가만히 두고 볼수는 없는 일. 지금 CC는 그곳에 갇혀 있는 듀 중령이라는 과거 RP군의 간부와 교섭을 한 상태이니 
table_quest_text_data.rdf	168711	[metatag = 5]0
table_quest_text_data.rdf	168712	[metatag = 5]5770
table_quest_text_data.rdf	168803	[metatag = 5]2
table_quest_text_data.rdf	168810	[metatag = 5]아리아가라 폭포는 카린 숲에 사는 카린가족이 신성하게 여기는 장소이다. 자신은 꽤 오랜 시간 동안 아리아가라 폭포가 어떤 이유로 아지사 나무를 키우기 적당한 수질과 토양을 만들어 내는 지애 대해서 조사를 해 왔다고 한다. 결국 도달한 것은 아리아가라 동굴 안 깊숙한 곳에 있는 나메크리스탈이라는 물질이 그런 일을 한다는 것이다. user가 수고를 해서 그 나메크리스탈의 샘플을 조금만 구해다 달라는 케미카. 최근 그곳이 나메크나 카린족의 영향권에서 많이 벗
table_quest_text_data.rdf	168811	[metatag = 5]0
table_quest_text_data.rdf	168812	[metatag = 5]3900
table_quest_text_data.rdf	168903	[metatag = 5]3
table_quest_text_data.rdf	168910	[metatag = 5]자신이 왜 여기에 있는지는 물어 보지 말라는 루딘. 상상해 보면 뻔한 것은 물어 보지 말라고 한다. 자신은 곧 여기서 탈출을 할 것인데 지금까지 당한 걸 생각하면 절대로 그냥을 못가겟다고 한다. 일단 복수를 좀 하고 챙길걸 챙겨야 한다며 User도 어차피 여기 놈들을 처치하려고 온것 아니냐고 한다. 복수가 먼저다. 우선은 저 앞을 지키고 있는 짜증나는 매수된 바우이다.
table_quest_text_data.rdf	168911	[metatag = 5]0
table_quest_text_data.rdf	168912	[metatag = 5]350
table_quest_text_data.rdf	168913	[metatag = 5]1
table_quest_text_data.rdf	169003	[metatag = 5]3
table_quest_text_data.rdf	169010	[metatag = 5]다음 복수의 대상은  자신을 이곳으로 잡아온 마론 노역 대장이다. 놈의 근처에는 마론로보가 두 대 있으니 같이 처리하자.
table_quest_text_data.rdf	169011	[metatag = 5]0
table_quest_text_data.rdf	169012	[metatag = 5]760
table_quest_text_data.rdf	169013	[metatag = 5]1
table_quest_text_data.rdf	169103	[metatag = 5]2
table_quest_text_data.rdf	169106	[metatag = 5]보급품 상자는 웨어 아이템입니다.
table_quest_text_data.rdf	169110	[metatag = 5]고액 연봉 노동자인 자신을 공짜로 부려먹은 죄는 크다고 하는 루딘. 지금가지의 일당을 생각하면 그냥은 못간다. 포트 섹션의 주변에는 많은 수의 보급상자들이 있으니 그 중 하나라도 들고와 달라는 루딘.
table_quest_text_data.rdf	169111	[metatag = 5]0
table_quest_text_data.rdf	169112	[metatag = 5]1280
table_quest_text_data.rdf	169203	[metatag = 5]3
table_quest_text_data.rdf	169210	[metatag = 5]자신은 일주일 동안 네차례에 걸쳐서 이상한 약물을 주입 당했다는 윌슨. 이제는 손가락 하나 움직일 힘도 남아 있지 않다. 다른 건 몰라도 자신을 실험용 동물 마냥 취급하는 닥터 스멜만큼은 절대로 용서 할 수 없다는 월슨. 그에게 복수를 해 달라고 한다.
table_quest_text_data.rdf	169211	[metatag = 5]0
table_quest_text_data.rdf	169212	[metatag = 5]1300
table_quest_text_data.rdf	169213	[metatag = 5]1
table_quest_text_data.rdf	169303	[metatag = 5]3
table_quest_text_data.rdf	169310	[metatag = 5]예전 자신이 이곳에서 무기 밀매를 했을대 자신의 곁에 있던 딜러 로보이 있었다는 바이바르. 하지만 미라군이 밀고 들어 올때 그 로보가 갑자기 폭주를 일으켜 자신을 배신 했다는 것. 그래서 자신은 도망도 치지 못하고 여기에 붙잡히는 신세가 되었다는 것이다. 지금 그 로봇은 미라군의 보급품을 관리 하면서 여유만만으로 지내고 있다고 한다. 그 로봇에게 배신의 대가를 치루게 하자.
table_quest_text_data.rdf	169311	[metatag = 5]0
table_quest_text_data.rdf	169312	[metatag = 5]2500
table_quest_text_data.rdf	169313	[metatag = 5]1
table_quest_text_data.rdf	169403	[metatag = 5]3
table_quest_text_data.rdf	169410	[metatag = 5]User를 보자마다 놀라면서 조용하라고 눈치를 주는 믹. 자신은 원래 갱도를 채굴하는 노역자인데 지금 도망쳐서 숨어 있는 중이라고 한다. 다행이 채굴 색션에는 감시하는 곤충이 없다며 단, 배신자 기리만 없으면 자신은 도망 칠수 있다고 한다. User에게 기리를 쓰려트려 줄것을 부탁한다.
table_quest_text_data.rdf	169411	[metatag = 5]0
table_quest_text_data.rdf	169412	[metatag = 5]360
table_quest_text_data.rdf	169413	[metatag = 5]1
table_quest_text_data.rdf	169503	[metatag = 5]2
table_quest_text_data.rdf	169510	[metatag = 5]실험에 필요한 보급용 잠수함을 침몰시키기 위해서 폭탄이 필요하다. 보급상자들 중에 폭약 상자를 찾아서 폭탄을 찾아오자.
table_quest_text_data.rdf	169511	[metatag = 5]0
table_quest_text_data.rdf	169512	[metatag = 5]270
table_quest_text_data.rdf	169603	[metatag = 5]2
table_quest_text_data.rdf	169606	[metatag = 5]퀘스르를 수락하면 듀 중령은 User에게 미라군 폭탄을 줍니다.  미라군 폭탄을 잠수함 외벽에 장치하고 5초 정도 지나면 폭파됩니다.
table_quest_text_data.rdf	169610	[metatag = 5]이 동굴에서 이루어지는 실험에는 많은 재원을 요구한다. 대부분은 미라군의 보급으로 충당이 되는데 포트 섹션에 있는 잠수함을 통해서 이루어진다. 잠수함이야 부수어 버려도 또 오겠지만 그렇다고 가만히 두고 볼수는 없는 일. 일단 부수어 버리면 당분간은 연구진행에 큰 차질을 빚을 것이다.
table_quest_text_data.rdf	169611	[metatag = 5]0
table_quest_text_data.rdf	169612	[metatag = 5]270
table_quest_text_data.rdf	169703	[metatag = 5]3
table_quest_text_data.rdf	169710	[metatag = 5]동굴에서 자행되고 있는 가장 주요한 실험은 거대화된 곤충들의 개조와 그 유전자를 이용한 새로운 인조 생명체의 제작인듯 싶다. 모든 일에 종지부를 찍고 싶다면 이 동굴의 전체를 책임지고 있는 책임자를 처치해야 한다. 그는 성능 실험 대기 섹션에 있는 세뇌된 브루클린 장군대행이다. 어차피 배신의 연속인 그의 삶이지만 이제는 세뇌되어 완벽한 미라의 심복이다. 어제는 프리저 잔당에게 이제는 미라군인가?
table_quest_text_data.rdf	169711	[metatag = 5]0
table_quest_text_data.rdf	169712	[metatag = 5]680
table_quest_text_data.rdf	169713	[metatag = 5]1
table_quest_text_data.rdf	169803	[metatag = 5]3
table_quest_text_data.rdf	169810	[metatag = 5]이 동굴에서는 거대한 곤충들을 대상으로 여러가지 실험을 하고 있다. 그리고 그 실험에 필요한 인력으로 전 RP군의 병사들이 강제 노동을 당하고 있다는 것. 자신도 지금은 그런 처지라고 한다. 미라군의 연구는 꽤 많은 진척을 맞이해서 성능실험장에는 생각만해도 소름이 돋을 정도로 무시무시한 곤충이 있다는 것. 아마 그 놈들이 그대로 지상에 내보내지는 날에는 많은 사람들이 피를 보게 될 것이다. 그 곤충에 대한 모든 실험이 완료 되기 전에 동굴안에서 숨통을 
table_quest_text_data.rdf	169811	[metatag = 5]0
table_quest_text_data.rdf	169812	[metatag = 5]2100
table_quest_text_data.rdf	169813	[metatag = 5]3
table_quest_text_data.rdf	169903	[metatag = 5]1
table_quest_text_data.rdf	169910	[metatag = 5]이 동굴의 일은 대강 정리가 되었으니 이제 남은 것은 자신이 아랑서 하겠다는 듀 중령. 마마에게 이 일을 보고 하라고 한다.. 무운을 빌겟다며 다시 만날 날이 있다면 그때도 다시 아군이었으면 좋겠다는 말을 남긴다.
table_quest_text_data.rdf	169911	[metatag = 5]0
table_quest_text_data.rdf	169912	[metatag = 5]5770
table_quest_text_data.rdf	170003	[metatag = 5]2
table_quest_text_data.rdf	170010	[metatag = 5]머쉬룸 록스 북부 지역에서 일어나는 여러가지 이상현상 등으로 관광객이 줄고 있는 마당에 카멜버드 레이스장의 길들여진 카멜버드마저 이성을 잃는다면 큰일이다. 그나마 운영되고 있는 관광상품을 지키기 위해 토리오는 야성 레이스 버드들이 길들여진 카멜버드를 꼬여내지 못하도록 토벌을 요청한다.
table_quest_text_data.rdf	170011	[metatag = 5]0
table_quest_text_data.rdf	170012	[metatag = 5]1500
table_quest_text_data.rdf	170103	[metatag = 5]2
table_quest_text_data.rdf	170111	[metatag = 5]0
table_quest_text_data.rdf	170112	[metatag = 5]680
table_quest_text_data.rdf	170203	[metatag = 5]2
table_quest_text_data.rdf	170211	[metatag = 5]0
table_quest_text_data.rdf	170212	[metatag = 5]680
table_quest_text_data.rdf	170303	[metatag = 5]3
table_quest_text_data.rdf	170310	[metatag = 5]도저히 뉘우침의 기색이 없는 페에리아. 급기야 User에게 무력을 행사하려고 까지 한다. 이제 혼내주는 수 밖에 방법이 없어 보인다.
table_quest_text_data.rdf	170311	[metatag = 5]0
table_quest_text_data.rdf	170312	[metatag = 5]10
table_quest_text_data.rdf	170313	[metatag = 5]1
table_quest_text_data.rdf	170403	[metatag = 5]1
table_quest_text_data.rdf	170410	[metatag = 5]론은 파에리아의 밑에서 곤충실험을 하고 있다. 그는 드데카민이라는 이름의 약품에 대해서 연구를 하고 있다는 것. 그 약품이 정확히 어떤 기능을 가지고 있는 지는 모르지만 그의 실험이 파에리아에게 큰 돈벌이가 되고 있다는 것 만은 확실하다는 이야기를 한다. User가 이 약품에 대해서 관심이 있다면 이곳에서 남쪽으로 내려간 곳에 그의 실험실이 있으니 가보라고 한다. 아마 그곳에 마 친위대 폴이라는 로봇이 지키고 있을 것이다.
table_quest_text_data.rdf	170411	[metatag = 5]0
table_quest_text_data.rdf	170412	[metatag = 5]490
table_quest_text_data.rdf	170503	[metatag = 5]2
table_quest_text_data.rdf	170510	[metatag = 5]User가 알고 싶어하는 것이 파에리아에 대한 정보냐고 묻는 배트. 그렇지 않아도 상부에서 User의 활동에 대해서 도움을 주라는 명령을 받았다는 배트. 하지만, 자신이 누구인지 궁금하겠지만 그건 절대 가르쳐 줄 수 없다고 한다. 무언가 앞뒤가 뒤죽박죽이다. 그러나 상부에서 하라고 하는대로 무조건 하지는 않는 것이 자신의 신조라며 user가 과연 세계평화에 일조할 정도의 능력이 되는지 알고 싶다며 다짜고짜 빈사뾰족 재배맨, 맹독뾰족 재배맨, 일각뾰족 재배맨의 뿔을 구해오라고 한다.
table_quest_text_data.rdf	170511	[metatag = 5]0
table_quest_text_data.rdf	170512	[metatag = 5]1520
table_quest_text_data.rdf	170603	[metatag = 5]1
table_quest_text_data.rdf	170610	[metatag = 5]마 친위대 폴이 입을 꽉 다물었다는 이야기를 들은 제리는. 그 곳이 확실하니 그 로봇의 말을 들을 필요도 없다는 제리. 자신은 마마에게 이미 돈을 받았고 그 만큼의 정보를 제공 했다며 저쪽에 있는 살벌한 볼레로 라는 이름의 살벌한 여자에게 가보라고 한다. 그녀가 앞으로의 지침을 이야기해 줄것이라는 것. 안타깝게도 론이 어디에 있는 지는 자신도 이제 알 길이 없다고 한다.
table_quest_text_data.rdf	170611	[metatag = 5]0
table_quest_text_data.rdf	170612	[metatag = 5]80
table_quest_text_data.rdf	170703	[metatag = 5]2
table_quest_text_data.rdf	170706	[metatag = 5]빈 드럼통 캡슐의 개수는 레벨에서 결정해 주세요. 빈 드럼통 캡슐을 드데카민 드럼통에 사용하면 드데카민 캡슐로 바뀝니다.
table_quest_text_data.rdf	170710	[metatag = 5]파에리아의 드데카민 실험실은 이곳에서 남쪽에 있다. 그 실험실 앞에는 실험용으로 사용하는 드데카민이 드럼통에 담겨서 마구 뒹굴고 있는데 그 자체로도 곤충들에게 큰 영향을 주고 있다. 그래서 그 물건을 당장 폐기 처분하는 것이 급선무. 하지만 양이 꽤 되는 편이니 호이포이 캡슐에 모두 담아 오자. 보레로는 user에게 빈 캡슐 n개를 준다.
table_quest_text_data.rdf	170711	[metatag = 5]0
table_quest_text_data.rdf	170712	[metatag = 5]1880
table_quest_text_data.rdf	170803	[metatag = 5]1
table_quest_text_data.rdf	170806	[metatag = 5]칭칭접착 캡슐을 론 실험실에 사용하면 거대한 칭칭껌 덩어리가 펑하고 날아가 론의 실험실을 가득 뒤덮습니다.
table_quest_text_data.rdf	170810	[metatag = 5]론의 실험실 따위 계속 있어 봐야 이 지역의 평화에 아무런 도움이 되지 않는 다는 볼레로. 그런 건물 따위는 당장 폭탄으로 날려 버리자~~ 라고 말하고 싶지만 섯불리 폭파 시키면 안에서 또 무슨 기이한 약품이 쏟아져 나올지 모를 일이다. 그러니 실험실 자체를 아무도 들어가지도 나오지도 못하고 봉쇄하자는 것이 그녀의 생각. User의 손에 캡슐 하나는 쥐어 준다. 그 캡슐안에는 기란족의 칭칭껌을 이용한 강력 접착제가 대량으로 들어 있으니 그 캡슐을 실험실에 던지라는 것.
table_quest_text_data.rdf	170811	[metatag = 5]0
table_quest_text_data.rdf	170812	[metatag = 5]1670
table_quest_text_data.rdf	170903	[metatag = 5]1
table_quest_text_data.rdf	170910	[metatag = 5]자신은 알고 있는 것이 더 이상 없다며 실제로 파에리아의 신임을 얻고 있는 것은 자신이 아니라 폴이라는 로봇이라며 그 로봇을 찾아가서 자신에게 했던 것 처럼 만 하면 이것저것 다 불 것이라고 한다.
table_quest_text_data.rdf	170911	[metatag = 5]0
table_quest_text_data.rdf	170912	[metatag = 5]1360
table_quest_text_data.rdf	171003	[metatag = 5]3
table_quest_text_data.rdf	171010	[metatag = 5]user가 다시 말을 걸자 자신은 해줄 이야기가 있어도 절대 해줄 수 없다며 덤벼온다.
table_quest_text_data.rdf	171011	[metatag = 5]0
table_quest_text_data.rdf	171012	[metatag = 5]10
table_quest_text_data.rdf	171013	[metatag = 5]1
table_quest_text_data.rdf	171103	[metatag = 5]2
table_quest_text_data.rdf	171110	[metatag = 5]혹시 로봇이 때문에 골치를 앓고 있느냐고 물어 보는 사기란. 재 아무리 난폭한 로봇이라도 고급 연료 앞에서는 순한 개가 된다며 User가 혹시 고급 휘발유를 얻고 싶으면 자신이 원하는 것을 좀 구해 주지 않겠냐고 묻는다. 자신은 저 건너편에서 User가 로봇 때문에 골치를 앓고 있는 것을 보았다며 웃는 사기란. 자신이 원하는 것은 이 근방을 돌아 다니는 큰 덩굴 재배맨, 맹독덩굴 재배맨, 점보아스파라덩굴 재배맨이 가지고 있는 덩굴이이라고 한다.
table_quest_text_data.rdf	171111	[metatag = 5]0
table_quest_text_data.rdf	171112	[metatag = 5]1600
table_quest_text_data.rdf	171203	[metatag = 5]1
table_quest_text_data.rdf	171210	[metatag = 5]약속한 고급연료를 주는 사기란. 원하는 물건을 얻었으니 귀하디 귀한 고급연료를 주겠다고 한다. 하지만 그 귀하디 귀한 물건을 덩굴 따위와 바꾸어 주냐는 질문에 자신은 덩굴이 필요한 것 뿐이라고 대강 얼버무린다.
table_quest_text_data.rdf	171211	[metatag = 5]0
table_quest_text_data.rdf	171212	[metatag = 5]580
table_quest_text_data.rdf	171303	[metatag = 5]1
table_quest_text_data.rdf	171310	[metatag = 5]혹시 User가 사기란의 의뢰로 맹독덩굴을 구해다 주지 않았냐고 물어 보는 제리. 다른 것은 문제가 되지 않는데 그 맹독덩굴은 카멜버드에게 마약과 같은 성분을 가지고 있어서 채취가 엄하게 금지 되어 있다는 이야기를 한다. 이 일은 CC나 정부에 알려지게 되면 적당한 벌금으로는 일이 끝나지 않을 것이라는 이야기를 한다. 하지만 자비심이 풍부한 자신에게 들킨걸 다행으로 여기라며 그 물건을 다시 찾아서 가져오면 아무도 모르게 피라후 샘에 그 물건을 쳐 넣고 없었던 일로 할 수 있다고 한다. 사기란에게 가보자.
table_quest_text_data.rdf	171311	[metatag = 5]0
table_quest_text_data.rdf	171312	[metatag = 5]85
table_quest_text_data.rdf	171403	[metatag = 5]2
table_quest_text_data.rdf	171410	[metatag = 5]이미 눈치를 채고 있겠지만 이제 자신이 원하는 물건은 맹독덩굴과는 비교 할 수 없을 정도로 구하기 어려운 물건이라는 말을 한다. 그것은 호이포이 스톤 폐광에 있다.
table_quest_text_data.rdf	171411	[metatag = 5]0
table_quest_text_data.rdf	171412	[metatag = 5]6800
table_quest_text_data.rdf	171503	[metatag = 5]1
table_quest_text_data.rdf	171510	[metatag = 5]User가 가지고 온 연료는 파에리아가 주었던 평소의 것 보다 훨씬 더 맛이 좋았다는 말을 하는 폴. 파에리아의 연료가 다른 것이랑 맛이 다르냐는 말에 그의 연료는 한번 주입을 받고 나면 또 주입받지 않고는 견디지 못할 정도로 맛이 좋다며 이게 인간들 가끔 독버섯을 먹고 중독된다는 말을 하는데 그 비슷한 것이 아니냐는 말을 한다. 그에게 계속 맛난 연료를 얻기 위해서 자신은 마친위대에 들어 온 것이라는 이야기를 한다. 무언가 수상한 기분이 든다. 일단 고급련료를 준 사기란과 상의를 해보자.
table_quest_text_data.rdf	171511	[metatag = 5]0
table_quest_text_data.rdf	171512	[metatag = 5]580
table_quest_text_data.rdf	171603	[metatag = 5]1
table_quest_text_data.rdf	171610	[metatag = 5]자신이 파에리아의 실험을 돕고 있기 때문에 피라후 샘의 바이오 연료라면 잘 알고 있다고 한다. 분명 자신이 들은 바로는 거대 곤충을 쥐어 짜던가? 어떻겐가 하면 키리라고 하는 것이 나오는데 이 피라후 샘에는 그 키리라는 것이 가득 함유가 되어 있다는 것. 왜 그렇게 되었는지는 자신도 잘 모른다고 한다. 하지만 확실한 것은 거대 곤충에서 키리라는 것을 얻고 있고 피라후 샘엔 그게 많고 결국 로봇들은 그 키리에 중독되고 그래서 파에리아의 말만 듣는 다는 것이다. 참 단순하고도 명쾌하지 않은가? 하지만 마 친위대들은 이 사실을 모르고 있기 때문에 그저 자신들이 첨청 좋은 맛난 연료를 얻고 있다고 믿고만 있다는 것. 이 사실을 마 친위대 폴에게 이야기 해주자 . 무언가 변화가 있을 듯 싶다.
table_quest_text_data.rdf	171611	[metatag = 5]0
table_quest_text_data.rdf	171612	[metatag = 5]490
table_quest_text_data.rdf	171703	[metatag = 5]1
table_quest_text_data.rdf	171710	[metatag = 5]자신은 단호하게 마 친위대에서 탈퇴하기로 마음 먹었다는 폴. 그리고 파에리아에게 복수를 하겠다고 한다. 그러기 위해서 제일 좋은 방법은 구형 로봇들을 미치게 만드는 괴전파 발생장치를 보란 듯이 부수어 버리는 것이라며 아마 그것은 그 장치를 직접 만든 쇼우라는 과학자가 분명 협조해 줄 것이라는 이야기를 한다. 그녀는 지금 카메오 캠프에 있다.
table_quest_text_data.rdf	171711	[metatag = 5]0
table_quest_text_data.rdf	171712	[metatag = 5]950
table_quest_text_data.rdf	171803	[metatag = 5]3
table_quest_text_data.rdf	171810	[metatag = 5]자신은 오직 로봇들이 인간의 지배에서 벗어나 독립하는 의지를 갖기만을 바랬었다며 한탄을 하는 쇼우. 자신의 그 순수한 열망이 파에리에게 이렇게 이용될 줄은 꿈에도 몰랐다고 한다. 그리고 바라건데 지금이 모습이 자신이 원하는 것은 결코 아니었다며 User가 직접 괴전파 발생장치를 파괴해 주길 요청한다. 방법은 아주 간단하다. 그저 그 장치를 파괴해 버리면 되는 것이다. 괴 전파 발생 장치는 원래 파에리아 성에 있었는데 프리저 잔당에게  성이 점령 당하면서 파에리아가 급하게 밖으로 가지고 나왔다고 한다. 그러니 지금은 그 근처에 있을 것이다.
table_quest_text_data.rdf	171811	[metatag = 5]0
table_quest_text_data.rdf	171812	[metatag = 5]1162
table_quest_text_data.rdf	171813	[metatag = 5]1
table_quest_text_data.rdf	171903	[metatag = 5]3
table_quest_text_data.rdf	171910	[metatag = 5]괴전파 로보는 괴전파 발생장치를 보호하고 만일에 대비해서 그 장치를 대신하기 위해 만들어진 것이다. 그래서 역시 적지만 괴전파를 발생 시킬 수 있는 능력이 있다. 이 로봇 역시 파괴해야 할 것이다.
table_quest_text_data.rdf	171911	[metatag = 5]0
table_quest_text_data.rdf	171912	[metatag = 5]1140
table_quest_text_data.rdf	171913	[metatag = 5]1
table_quest_text_data.rdf	172003	[metatag = 5]1
table_quest_text_data.rdf	172010	[metatag = 5]user는 이미 알고 있을 지도 모르지만 CC는 단순히 호이포이 캡슐이나 만들어서 팔고 있는 단순한 기업이 결코 아니다. 나름의 방법으로 세계의 평화에 기여하려고 노룍하고 있고 그 일환으로 이곳 머쉬룸록스의 파에리아라는 악당에 대해서도 많은 조사를 하고 있다는 것. 그 결과 파에리아는 세계정복이라는 말도 않되는 목적을 달성하기 위해서 거대 곤충을 만들어 내고 로봇을 폭주 시키는 등의 악행을 저지르고 있다는 것.  하지만 따지고 보면 파에리아 본인도 참 불쌍한 사람이다. 지금은 프리저 잔당에게 성을 빼앗기고 길거리에 나 앉아 있는 신세라는 것. 그를 직접 만나서 이 모든 일을 대화로 해결해 보도록 하라는 것이 상부에서 내려온 명령이라고 말하는 배트. user도 이일에 동참해 줄것이라고 믿는다고 말하는 배트. 하지만 어디까지나 그가 적이라는 것은 변함이 없는 사실이니 위험은 감수 해야 할 것이다.
table_quest_text_data.rdf	172011	[metatag = 5]0
table_quest_text_data.rdf	172012	[metatag = 5]2490
table_quest_text_data.rdf	172103	[metatag = 5]1
table_quest_text_data.rdf	172110	[metatag = 5]자신이 악행을 저질렀다면 그 증거를 가져와 보라고 한다. 아무래도 쇼우를 찾아가서 증거를 얻어 와야 겟다
table_quest_text_data.rdf	172111	[metatag = 5]0
table_quest_text_data.rdf	172112	[metatag = 5]1370
table_quest_text_data.rdf	172203	[metatag = 5]1
table_quest_text_data.rdf	172210	[metatag = 5]이곳에 파에리아가 로봇들에게 저지른 악행에 대한 증거가 담겨 있다며 작은 디스켓 한장을 user에게 주는 쇼우. 그것을 파에리아에게 가져가자.
table_quest_text_data.rdf	172211	[metatag = 5]0
table_quest_text_data.rdf	172212	[metatag = 5]1370
table_quest_text_data.rdf	172303	[metatag = 5]2
table_quest_text_data.rdf	172310	[metatag = 5]자신의 연구소를 칭칭껌으로 도배한 것이 User가 맞냐고 물어 보는 론. 잘 생각해 보면 user가 한 일은 잘한 일이라고 한다. 자신은 원래 곤충들이 싫어서 살충제를 연구하다 우연히 활충제를 만들어 보렸고 드데카민을 만들었지만 지금은 그 약에 희생되는 벌레들을 볼때마다 죄책감에 몸둘바를 모르겟다고 한다. 파에리아는 자신의 악행의 증거를 가져오라고 하지만 그 증거는 자신이 줄 수 있다는 이야기를 한다. 하지만 그 전에 파에리아를 비호 하고 잇는 강력한 로봇들을 처리 해야만 그의 악행에 증거릴 대고도 안전할 수 있을 것이라는 것.
table_quest_text_data.rdf	172311	[metatag = 5]0
table_quest_text_data.rdf	172312	[metatag = 5]490
table_quest_text_data.rdf	172403	[metatag = 5]3
table_quest_text_data.rdf	172410	[metatag = 5]현재 파에리아의 로봇중에는 파에리아 로보 2세가 가장 강력할 것이다. 그 로봇을 처리 해야 비로소 그의 악행을 폭로하고도 안전 할 수 있을 것이다.
table_quest_text_data.rdf	172411	[metatag = 5]0
table_quest_text_data.rdf	172412	[metatag = 5]490
table_quest_text_data.rdf	172413	[metatag = 5]2
table_quest_text_data.rdf	172503	[metatag = 5]1
table_quest_text_data.rdf	172510	[metatag = 5]론은 User에게 무언가 적혀 있는 서류를 준다. 그 것은 론이 개발한 초창기 활충제를 드데카민으로 만들어 생산하는 일에 대한 견적들이 적혀 있다. 이 서류를 그에게 제시하면 아마 아무말도 하지 못할 것이라는 것
table_quest_text_data.rdf	172511	[metatag = 5]0
table_quest_text_data.rdf	172512	[metatag = 5]20
table_quest_text_data.rdf	172603	[metatag = 5]3
table_quest_text_data.rdf	172606	[metatag = 5]연출. 파에리아가 호이포이 캡슐로 로봇을 꺼내면 파에리아는 사라지고 로봇과 전투를 벌입니다.
table_quest_text_data.rdf	172610	[metatag = 5]결국 user는 자신의 사업을 모두 알아 냈고 더 이상은 그냥 둘 수가 없다는 파에리아. 자신의 진정한 무서움이 무언지 가르쳐 주겠다며 호이포이로 로봇을 불러 싸운다.
table_quest_text_data.rdf	172611	[metatag = 5]0
table_quest_text_data.rdf	172612	[metatag = 5]10
table_quest_text_data.rdf	172613	[metatag = 5]2
table_quest_text_data.rdf	172703	[metatag = 5]3
table_quest_text_data.rdf	172710	"[metatag = 5]쓸만한 고철은 모두 로봇이 먼저 건져간다.
로봇을 해치우고 그것들을 빼앗와 와라."
table_quest_text_data.rdf	172711	[metatag = 5]0
table_quest_text_data.rdf	172712	[metatag = 5]290
table_quest_text_data.rdf	172713	[metatag = 5]1
table_quest_text_data.rdf	172803	[metatag = 5]1
table_quest_text_data.rdf	172810	"[metatag = 5]자 내가 만든 제품이다.
자네에게 줄테니 이걸 필요로 하는 사람한테 주든지 맘대로 하라구"
table_quest_text_data.rdf	172811	[metatag = 5]0
table_quest_text_data.rdf	172812	[metatag = 5]1790
table_quest_text_data.rdf	172903	[metatag = 5]1
table_quest_text_data.rdf	172910	"[metatag = 5]어떻게든 그의 기술을 CC와 제휴하고 싶다고 하는 마마
자신이 주는 문서를 그에게 전달해달라."
table_quest_text_data.rdf	172911	[metatag = 5]0
table_quest_text_data.rdf	172912	[metatag = 5]1790
table_quest_text_data.rdf	173003	[metatag = 5]3
table_quest_text_data.rdf	173010	"[metatag = 5]이곳 연료 탱크의 기름은 누구도 함부로 사용할 수 없다는 마 친위대 폴.
하지만 폭주한 로봇들이 이곳의 기름맛을 알고 함부로 연료탱크에서 기름을 흡입해댄다.
유저가 잡아서 기름을 다시 빼앗아달라."
table_quest_text_data.rdf	173011	[metatag = 5]0
table_quest_text_data.rdf	173012	[metatag = 5]370
table_quest_text_data.rdf	173013	[metatag = 5]1
table_quest_text_data.rdf	173103	[metatag = 5]2
table_quest_text_data.rdf	173110	[metatag = 5]로봇들이 자신이 여기에 도착하자마자 자신의 짐을 모두 빼앗아 쓰레기로 분류해서 나눠버렸다. 그 짐들을 찾아달라.
table_quest_text_data.rdf	173111	[metatag = 5]0
table_quest_text_data.rdf	173112	[metatag = 5]430
table_quest_text_data.rdf	173203	[metatag = 5]2
table_quest_text_data.rdf	173206	[metatag = 5]고철 쓰레기를 운반하여 각각에 놓인 고철 쓰레기 더미 오브젝트에 놓으면 주변에서 경비로봇들이 스폰되어 공격합니다.
table_quest_text_data.rdf	173210	[metatag = 5]배트 캠프에 폐기해야 할 고철 쓰레기를 운반해야 한다.
table_quest_text_data.rdf	173211	[metatag = 5]0
table_quest_text_data.rdf	173212	[metatag = 5]3480
table_quest_text_data.rdf	173220	"[metatag = 5][object = ""299""]"
table_quest_text_data.rdf	173303	[metatag = 5]3
table_quest_text_data.rdf	173306	[metatag = 5]라스트 레드팬츠는 레드팬츠군 괴멸 이후 서쪽 도시의 레드팬츠군 본부 해체 작업에 의해 이곳으로 이동되었는데 다른 로봇들에 의해 다시 조립된 것이라는 말을 합니다.
table_quest_text_data.rdf	173310	"[metatag = 5]너 레드팬츠군이라고 알고 있냐?
그 발전한 웨스트랜드마저 두려움에 떨게 한 테러집단이었지.
그런데 얼마 전 고철 처리장 근처에서 그 레드팬츠군을 보았다는 신고가 접수됐어.
유저가 함 알아보지 않을래?"
table_quest_text_data.rdf	173311	[metatag = 5]0
table_quest_text_data.rdf	173312	[metatag = 5]3320
table_quest_text_data.rdf	173313	[metatag = 5]1
table_quest_text_data.rdf	173403	[metatag = 5]2
table_quest_text_data.rdf	173406	[metatag = 5]연료 탱크에서 연료 탱크의 오일을 획득하면 연료 감시 로보가 등장해 유저를 공격합니다.
table_quest_text_data.rdf	173410	[metatag = 5]카멜버드 경주의 도박에 빠진 아버지 덕분에 빚더미에 쌓이고 있어 걱정이다. 어떻게든 살길을 터야겠으니 유저가 북서쪽의 연료 탱크에 가서 연료를 좀 훔쳐와 달라고 하는 우나나
table_quest_text_data.rdf	173411	[metatag = 5]0
table_quest_text_data.rdf	173412	[metatag = 5]2000
table_quest_text_data.rdf	173503	[metatag = 5]1
table_quest_text_data.rdf	173510	[metatag = 5]카멜버드 경주장에 있을 아버지가 걱정된다.아버지에게 좀 가봐라.
table_quest_text_data.rdf	173511	[metatag = 5]0
table_quest_text_data.rdf	173512	[metatag = 5]570
table_quest_text_data.rdf	173603	[metatag = 5]2
table_quest_text_data.rdf	173610	[metatag = 5]더 이상 배팅할 돈이 없다. 하지만 거미 재배맨의 거미줄를 구해온다면 상인에게 팔아서 돈을 벌 수도 있겠다. 그걸 좀 구해다오.
table_quest_text_data.rdf	173611	[metatag = 5]0
table_quest_text_data.rdf	173612	[metatag = 5]2660
table_quest_text_data.rdf	173703	[metatag = 5]2
table_quest_text_data.rdf	173706	"[metatag = 5]근처의 3명의 NPC에게 물어보면 모두 하나의 카멜버드를 지향하는 말을 합니다.
(이후 연결퀘스트의 카멜버드 이름 선택과 내용이 연결되어야 함)"
table_quest_text_data.rdf	173710	[metatag = 5]유저를 만난 것은 행운인 것 같으니 이왕이면 유저가 이번 경주의 카멜버드를 점지해달라고 하는 로핀이지만 그냥 고르면 실패율이 높을테니 유저가 알아볼 수 있을만큼 알아보고 오라고 한다.
table_quest_text_data.rdf	173711	[metatag = 5]0
table_quest_text_data.rdf	173712	[metatag = 5]135
table_quest_text_data.rdf	173803	[metatag = 5]3
table_quest_text_data.rdf	173810	"[metatag = 5]아주 귀여운 곤충들이 자주 피라후 샘에 스스로 빠져 죽는다.
자신이 그 모습을 보며 흐뭇해 하고 있는데 어떤 곤충이 자신을 밀치고 샘 안으로 들어갔다며 앞으로 그 곤충의 출입엄금을 명한다고 한다.
자신을 밀치고 들어갈 수 있을 정도로 힘이 세고 귀엽지 않은 곤충인 불도저 땅강아스를 해결해다오."
table_quest_text_data.rdf	173811	[metatag = 5]0
table_quest_text_data.rdf	173812	[metatag = 5]1780
table_quest_text_data.rdf	173813	[metatag = 5]1
table_quest_text_data.rdf	173903	[metatag = 5]2
table_quest_text_data.rdf	173910	"[metatag = 5]쓰레기장 틈새에서도 자라나는 재배맨들은 정말 극악한 놈들이다.
인류는 현재도 수많은 위험에 둘러싸여 있지만 언젠가는 재배맨들에 의해 멸망하지 않을까?
자신은 항상 이런 문제들에 민감하게 대처해야 하니 유저가 이 주변의 재배맨인 쥬시 꼬마 재배맨을 잡고 녀석의 오염된 체액을 수집해 와라."
table_quest_text_data.rdf	173911	[metatag = 5]0
table_quest_text_data.rdf	173912	[metatag = 5]560
table_quest_text_data.rdf	174003	[metatag = 5]1
table_quest_text_data.rdf	174006	[metatag = 5]3마리의 카멜버드 중에 선택
table_quest_text_data.rdf	174010	[metatag = 5]자! 이제 유저가 이번에 우승할 놈을 선택해 달라.
table_quest_text_data.rdf	174011	[metatag = 5]0
table_quest_text_data.rdf	174012	[metatag = 5]10
table_quest_text_data.rdf	174103	[metatag = 5]3
table_quest_text_data.rdf	174110	"[metatag = 5]오염된 쥬시 꼬마 재배맨에서 이제는 맹독성을 가진 돌연변이까지 등장했다.
맹독 꼬마 재배맨의 체액은 독극물 그 자체이므로 더욱 씨를 뿌리면 이 지역의 사람들에게도 해를 끼칠 수 있다.
유저가 해결해라."
table_quest_text_data.rdf	174111	[metatag = 5]0
table_quest_text_data.rdf	174112	[metatag = 5]1660
table_quest_text_data.rdf	174113	[metatag = 5]2
table_quest_text_data.rdf	174203	[metatag = 5]3
table_quest_text_data.rdf	174210	"[metatag = 5]자신은 이 레이스장의 관리인인데 지금 경기장 안에 왠 거대 곤충들이 나타나서 레이스 버드들을 괴롭히고 있다.
자신이 경기장 안으로 들여보내 줄테니 유저가 놈들을 좀 해결해 달라."
table_quest_text_data.rdf	174211	[metatag = 5]0
table_quest_text_data.rdf	174212	[metatag = 5]720
table_quest_text_data.rdf	174213	[metatag = 5]1
table_quest_text_data.rdf	174303	[metatag = 5]3
table_quest_text_data.rdf	174310	"[metatag = 5]이번엔 좀 더 강력한 두 대의 로봇이 작정하고 기름을 빼앗으러 올 것이다.
자신은 이런 정보를 모두 머쉬룸 지역에 퍼져 있는 마 친위대들로부터 얻고 있다.
녀석들을 제거해달라."
table_quest_text_data.rdf	174311	[metatag = 5]0
table_quest_text_data.rdf	174312	[metatag = 5]1150
table_quest_text_data.rdf	174313	[metatag = 5]1
table_quest_text_data.rdf	174403	[metatag = 5]2
table_quest_text_data.rdf	174410	"[metatag = 5]이리봬도 자신은 캡슐 코퍼레이션에서 파견되어 공익을 위해 일하는  요원이라며 조용히 기밀 업무를 하고 있는데 이곳의 로봇들이 가만두지 않는다.
로봇들 좀 잡아달라."
table_quest_text_data.rdf	174411	[metatag = 5]0
table_quest_text_data.rdf	174412	[metatag = 5]450
table_quest_text_data.rdf	174503	[metatag = 5]3
table_quest_text_data.rdf	174510	[metatag = 5]요정 제리가 아르바이트로 돕고 있는 파에리아의 실험이라는 것은 피라후 샘에서 얻어지는 바이오 연료를 정제해서 키리라는 물질을 추출해 내는 것. 그리고 그것은 다른 동물에게 시험해 보는 것이다. 하지만 이제 그 실험도 다 귀찮아 졌다며 귀염둥이 곤충들의 행복해 졌으면 좋겠다는 이야기를 한다. 헌데 썩을 독기 덩굴 재배맨들이 곤충들을 가만히 두지 않는 다는 것. 그래서 user가 그 몹쓸 재배맨들을 청소해 주었으면 한다.
table_quest_text_data.rdf	174511	[metatag = 5]0
table_quest_text_data.rdf	174512	[metatag = 5]710
table_quest_text_data.rdf	174513	[metatag = 5]1
table_quest_text_data.rdf	174603	[metatag = 5]2
table_quest_text_data.rdf	174610	[metatag = 5]파에리아가 명령한 다음 실험 내용은 재배맨을 거대화 하는 것에 대한 내용이다. 하지만 자신은 이제 이런 실험 따위는 다시는 하고 싶지 않다는 론. 지굼까지 그래서 실험 대상이 되어 온 도핑 꼬마 재배맨을 모두 없애 달라는 말을 한다. 그들은 지금 자신의 약물로 잔뜩 도핑이 되어 있기 때문에 조심을 해야 한다는 론. 실험을 샘플들이 자꾸 줄어 든다면 실험 진행에 문재가 있다는 변명이 될 수 있다. 더불어 이 일은 절대 파에리아에게는 비밀이다.
table_quest_text_data.rdf	174611	[metatag = 5]0
table_quest_text_data.rdf	174612	[metatag = 5]1080
table_quest_text_data.rdf	174703	[metatag = 5]3
table_quest_text_data.rdf	174710	[metatag = 5]갑자기 저자세로 나오는 페에리아. User를 형님이라고 부르면서 자신의 근처에 로보 감시인이라는 놈이 있는데 그놈이 파에리아가 자신을 감시하기 위해서 보낸 첩자라면서 어차피 처리해도 파에리이가 또 보내 겠지만 그래도 놈을 가만히 두는 것은 매우 거슬린다는 페에리아.
table_quest_text_data.rdf	174711	[metatag = 5]0
table_quest_text_data.rdf	174712	[metatag = 5]540
table_quest_text_data.rdf	174713	[metatag = 5]1
table_quest_text_data.rdf	174803	[metatag = 5]1
table_quest_text_data.rdf	174810	[metatag = 5]피라후 샘은 단지 파에리아에게만 중요한 의미가 있는 곳은 아닌 듯 싶다. 이 부근에 오래 머물다 보면 파에리아 말고도 정체를 알 수 없는 그림자의 존재를 자주 목격 할 수 있다는 것. 그들은 누구이며 어디서 나타는 것 일까? 정확한 정보가 없는 지라 볼레로는 아직 이 일에 대해서는 마마에게 보고하지는 않았다고 한다. 이 일에 대해서 파에리아를 직접 추궁해 보면 무언가 밝혀 낼 수 있을 듯하다.
table_quest_text_data.rdf	174811	[metatag = 5]0
table_quest_text_data.rdf	174812	[metatag = 5]1210
table_quest_text_data.rdf	174903	[metatag = 5]2
table_quest_text_data.rdf	174911	[metatag = 5]0
table_quest_text_data.rdf	174912	[metatag = 5]1080
table_quest_text_data.rdf	175003	[metatag = 5]2
table_quest_text_data.rdf	175011	[metatag = 5]0
table_quest_text_data.rdf	175012	[metatag = 5]2660
table_quest_text_data.rdf	175103	[metatag = 5]2
table_quest_text_data.rdf	175111	[metatag = 5]0
table_quest_text_data.rdf	175112	[metatag = 5]2660
table_quest_text_data.rdf	175203	[metatag = 5]2
table_quest_text_data.rdf	175211	[metatag = 5]0
table_quest_text_data.rdf	175212	[metatag = 5]3960
table_quest_text_data.rdf	175303	[metatag = 5]2
table_quest_text_data.rdf	175311	[metatag = 5]0
table_quest_text_data.rdf	175312	[metatag = 5]4410
table_quest_text_data.rdf	175403	[metatag = 5]2
table_quest_text_data.rdf	175411	[metatag = 5]0
table_quest_text_data.rdf	175412	[metatag = 5]3090
table_quest_text_data.rdf	175503	[metatag = 5]2
table_quest_text_data.rdf	175511	[metatag = 5]0
table_quest_text_data.rdf	175512	[metatag = 5]1470
table_quest_text_data.rdf	175603	[metatag = 5]1
table_quest_text_data.rdf	175610	[metatag = 5]user에게 혹시 호이포이 폐광에 다녀온적이 있냐고 묻는 볼레로.본사에서 최근 그 안으로 유입되고 있는 곤충들의 리스트를 해독해본 결과 무지막지한 사실이 밝혀 졌다고 한다. User가 이 일에 가담할 생각이 있다면 즉시, 호이포이 폐광으로 들어가서 오기란 이라는 사람을 만나보라고 한다.
table_quest_text_data.rdf	175611	[metatag = 5]0
table_quest_text_data.rdf	175612	[metatag = 5]3110
table_quest_text_data.rdf	175703	[metatag = 5]3
table_quest_text_data.rdf	175710	[metatag = 5]적과 싸움을 하는데 오래 질질 시간을 끌 이유가 없다. 중요인물 중심으로 핀포인트로 쓰러뜨리자. 목표는 순찰로보대장이다. 더불어 같이 붙어 다니는 순찰로보도 박살을 내자. 놈들은 2번 광구와 3번 광구를 오가며 순찰을 하지 잘 찾아야 한다.
table_quest_text_data.rdf	175711	[metatag = 5]0
table_quest_text_data.rdf	175712	[metatag = 5]250
table_quest_text_data.rdf	175713	[metatag = 5]1
table_quest_text_data.rdf	175803	[metatag = 5]3
table_quest_text_data.rdf	175810	[metatag = 5]유기물과 무기물을 접한하는 메커니즘은 연구자에 따라서는 많은 호기심을 자극한다. 미완성된 거대 곤충들을 잡고 그 심장을 가져오라는 윈. 분명 그 안에 기계곤충의 비밀이 담여 있을 것이다.
table_quest_text_data.rdf	175811	[metatag = 5]0
table_quest_text_data.rdf	175812	[metatag = 5]2950
table_quest_text_data.rdf	175903	[metatag = 5]1
table_quest_text_data.rdf	175910	[metatag = 5]User의 수고에 감사하는 론. 하지만 모든 일이 끝이 난 건 아니다. 이미 많은 수의 거대 곤충들이 키리 에너지를 추출하기 위해서 미라군의 호이포이 폐광을 끌려 갔다는 것. 그 안에는 자신의 연구를 도왔던 과학자가 하나 있다. 그를 만나보러 가자. 그의 이름은 펑. 1번 광구의 구석에 잘 숨어 있을 것이다.
table_quest_text_data.rdf	175911	[metatag = 5]0
table_quest_text_data.rdf	175912	[metatag = 5]2760
table_quest_text_data.rdf	176003	[metatag = 5]3
table_quest_text_data.rdf	176010	[metatag = 5]어차피 키리에너지로 쥐어 짜일 운명이라면 모두 고통업이 보내주는 것이 곤충들을 위하는 길이다.
table_quest_text_data.rdf	176011	[metatag = 5]0
table_quest_text_data.rdf	176012	[metatag = 5]300
table_quest_text_data.rdf	176013	[metatag = 5]1
table_quest_text_data.rdf	176103	[metatag = 5]3
table_quest_text_data.rdf	176110	[metatag = 5]호이포이 광천에서 흘러 나오는 가스는 주변의 곤충들을 흥분시켜 종당엔 미치게 만들어 버린다. 그들의 고통을 줄여 주자.
table_quest_text_data.rdf	176111	[metatag = 5]0
table_quest_text_data.rdf	176112	[metatag = 5]1620
table_quest_text_data.rdf	176203	[metatag = 5]1
table_quest_text_data.rdf	176210	[metatag = 5]결국 파에리아의 악행은 종지부를 찍었고 User는 끝끝내 로봇들의 독립을 인정하지 않겟지만 적어도 로봇들이 나쁜놈들에게 이용당하는 꼴은 두고 볼수 없다는 쇼우. 들리는 소뮨에 호이포이 폐광에 자신과 똑같은 모습의 여성이 나타나서는 로봇들에게 말도 않되는 명령을 하고 있다고 한다. 진상을 조사해볼 필요가 있다. 호이포이 폐광으로 가서 윈 연구원을 만나라는 쇼우
table_quest_text_data.rdf	176211	[metatag = 5]0
table_quest_text_data.rdf	176212	[metatag = 5]850
table_quest_text_data.rdf	176303	[metatag = 5]3
table_quest_text_data.rdf	176310	[metatag = 5]결국 조사를 해보니 이곳의 자칭 쇼유라는 자는 결국 가짜라는 것. 그가 무슨 목적으로 쇼우를 가장하고 있는지는 모르겠지만 역시 가만히 두어서는 않되는 존재라는 것은 명확하다. 자세한 물증을 잡으려면 그 가짜가 로봇들에게 어떤 명령을 내리고 있는지 조사를 해볼 필요가 있다는 윈. 가장 적당한 부서진 방랑 로보를 잡아 그 AI칩을 좀 구해 오라고 한다.
table_quest_text_data.rdf	176311	[metatag = 5]0
table_quest_text_data.rdf	176312	[metatag = 5]2280
table_quest_text_data.rdf	176313	[metatag = 5]1
table_quest_text_data.rdf	176403	[metatag = 5]3
table_quest_text_data.rdf	176410	[metatag = 5]이건 오래 지켜볼 것도 없었다는 윈. 내용은 로봇들이 다시 CC로 돌아 갈 수 있다는 것과 그렇게 하기를 촉구하는 것들. 결국 원래 쇼우가 로봇의 독립을 촉구하던 것과는 정반대의 것이라며 로봇들이 혼란을 겪고 있는 이유를 이제서야 알 것 같다고 한다. 하지만 이제 와서 다시 괴전파 발신장치를 세우는 것도 말도 않된다. 혼란을 겪고 있는 로봇들을 모조리 부수고 그 AI칩을 회수하면 얼마든지 재생이 가능하다. 그래서 로봇이 아닌가? 혼란한 경비로보과 대기 
table_quest_text_data.rdf	176411	[metatag = 5]0
table_quest_text_data.rdf	176412	[metatag = 5]2660
table_quest_text_data.rdf	176413	[metatag = 5]1
table_quest_text_data.rdf	176503	[metatag = 5]3
table_quest_text_data.rdf	176510	[metatag = 5]키리 에너지를 추출당하는 곤충이 있는가 하면 반대로 유출된 키리에 중독되어 버린 곤충들도 있다. 이들에게 안식을 주자.
table_quest_text_data.rdf	176511	[metatag = 5]0
table_quest_text_data.rdf	176512	[metatag = 5]1900
table_quest_text_data.rdf	176603	[metatag = 5]3
table_quest_text_data.rdf	176610	[metatag = 5]멘테넌스 베이스에 있는 로봇 기술자들은 모두 배신자들이다. 그들의 모습을 보면 알겟지만 모두가 파에리아에게 종사하던 자들인데 어느새 므라편에 가담해서 그들의 로봇을 수리하는데 일조를 하고 있다. 그들이 남아 있는 것은 수치스러운 일이다.
table_quest_text_data.rdf	176611	[metatag = 5]0
table_quest_text_data.rdf	176612	[metatag = 5]1110
table_quest_text_data.rdf	176703	[metatag = 5]3
table_quest_text_data.rdf	176710	[metatag = 5]호이포이 폐광에 들어올때 부터 계속 신경이 쓰이는 것이 있는데 시간만 되면 폐광안을 돌면서 고장난 로봇을 점검하는 점검로보가 있다. 문제는 이 정신나간 두 대의 로봇이 로봇을 고치는게 아니라 더 부수고 다닌다는 점. 좌우지간 이 놈들을 어떻게 처리하자. 놈들은 멘테넌스 베이스와 1번 광구, 2번 광구, 호이포이 광천 네 군데를 넓게 돌고 있다.
table_quest_text_data.rdf	176711	[metatag = 5]0
table_quest_text_data.rdf	176712	[metatag = 5]1660
table_quest_text_data.rdf	176713	[metatag = 5]1
table_quest_text_data.rdf	176803	[metatag = 5]2
table_quest_text_data.rdf	176806	[metatag = 5]소형 폭탄은 각 수송용 차량차량에 부착하면 폭파됩니다.
table_quest_text_data.rdf	176810	[metatag = 5]곤충들이 운송되어 오는 것은 모두 저 앞에 있는 수송용 차량에 의해서이다. 그 차량들을 부수어 버린다면 당분간 곤충의 수급에 차질을 빗을 것이다. 그러면서 이런 일이 있을줄 알고 미리 준비 했다며 소형 폭탄을 user에게 준다.
table_quest_text_data.rdf	176811	[metatag = 5]0
table_quest_text_data.rdf	176812	[metatag = 5]220
table_quest_text_data.rdf	176903	[metatag = 5]3
table_quest_text_data.rdf	176910	[metatag = 5]이곳에 있는 곤충들은 시간이 지나면 곤충 운송 차량에 의해서 어딘가로 운반된다. 그리고 나서 곤충들이 다시 돌아 오는 것을 본적은 한번도 없다. 분명 무언가 좋지 않을 일에 쓰이는 것이다. 곤충 운송 차량을 부수어 버리자.
table_quest_text_data.rdf	176911	[metatag = 5]0
table_quest_text_data.rdf	176912	[metatag = 5]250
table_quest_text_data.rdf	176913	[metatag = 5]1
table_quest_text_data.rdf	177003	[metatag = 5]3
table_quest_text_data.rdf	177006	[metatag = 5]키리 실험 연구원을 물리치면 키리 연구일지가 드롭됩니다.
table_quest_text_data.rdf	177010	[metatag = 5]3번 광구는 키리를 이용해서 이런저런 실험을 하는 곳이다. 물론 그곳에는 키리에 중독된 곤충들도 많이 있지만 무엇보다 실험을 주도하고 있는 키리 실험 연구원이 있다,. 그 연구원은 스스로의 몸에도 키리를 주입하고 있어서 전투력 또한 발군이다. 놈을 물리치고 키리 실험을 중단 시키자.
table_quest_text_data.rdf	177011	[metatag = 5]0
table_quest_text_data.rdf	177012	[metatag = 5]2000
table_quest_text_data.rdf	177013	[metatag = 5]1
table_quest_text_data.rdf	177103	[metatag = 5]1
table_quest_text_data.rdf	177110	[metatag = 5]이 연구일지는 미라군이 키리를 연구한 내용이 담겨 있을 덧 같다. 내용은 암호화 되어 있어 알아 볼 수가 없다. 이 연구일지를 오기란에게 가져가자.
table_quest_text_data.rdf	177111	[metatag = 5]0
table_quest_text_data.rdf	177112	[metatag = 5]1320
table_quest_text_data.rdf	177203	[metatag = 5]3
table_quest_text_data.rdf	177210	[metatag = 5]키리 플랜트까지 접근하려면 두 대의 베테랑 레이저 가드를 물리쳐야만 한다.
table_quest_text_data.rdf	177211	[metatag = 5]0
table_quest_text_data.rdf	177212	[metatag = 5]650
table_quest_text_data.rdf	177213	[metatag = 5]1
table_quest_text_data.rdf	177303	[metatag = 5]3
table_quest_text_data.rdf	177310	[metatag = 5]미라군이 개대 곤충에게서 키리를 추출해서 비축한 양이 상당하다. 이미 눈에 익숙할지 모르지만 대형 키리 배터리를 모두 없애야 한다. 다만 무작정 부수어 버리면 키리가 흘러나와 더 골치가 아플 수도 잇다. 일단은 배터리를 조작하는 콘솔만 부수어 쓸수 없게 만들어 놓자. 콘솔 정도라면 주먹으로 때려 부수어도 문제 없다.
table_quest_text_data.rdf	177311	[metatag = 5]0
table_quest_text_data.rdf	177312	[metatag = 5]1320
table_quest_text_data.rdf	177313	[metatag = 5]1
table_quest_text_data.rdf	177403	[metatag = 5]3
table_quest_text_data.rdf	177410	[metatag = 5]예전에 쇼우가 CC에 있던 시절 자신은 쇼우를 홀로 짝사랑 했던 적이 있다는 고백을 하는 윈. 하지만 잠시 동안 그녀를 잊고 있었지만. 누군가 그녀를 흉내내고 다닌다면 자신은 결코 용서 할 수 없다고 한다. 그러니 자기 대신에 그 가짜 쇼우에게 따끔한 맛을 보여 주라고 부탁한다.
table_quest_text_data.rdf	177411	[metatag = 5]0
table_quest_text_data.rdf	177412	[metatag = 5]1260
table_quest_text_data.rdf	177413	[metatag = 5]3
table_quest_text_data.rdf	177502	"[metatag = 5][object = ""310""]"
table_quest_text_data.rdf	177503	[metatag = 5]3
table_quest_text_data.rdf	177506	[metatag = 5]고성능 파괴탄은 키리 플랜트에 붙어 있는 각각 네개의 추출기에 붙여서 하나씩 터트립니다. 그리고 키리 플랜트도 폭탄을 설치해서 폭파합니다.
table_quest_text_data.rdf	177510	[metatag = 5]우물쭈룰 시간 끌거 없다. 대략의 전력을 소모시키는데 성공했다면 곧바로 적의 키리 플랜트를 부수어 버리자. CC에서 만들어낸 고성능 파괴탄을 꼭 쥐어 주는 오기란.
table_quest_text_data.rdf	177511	[metatag = 5]0
table_quest_text_data.rdf	177512	[metatag = 5]900
table_quest_text_data.rdf	177603	[metatag = 5]1
table_quest_text_data.rdf	177610	[metatag = 5]이곳에사 일어나는 일에 대해서는 대강 정리가 되었다. User가 줄라이 라는 이름의 적 보스를 물리친 것도 이미 알고 있다고 한다. 이제 자신은 이 일은 본부에 연락하 겠다는 오기란. User는 다시 머쉬룸으로 돌아가서 볼레로에게 이일을 보고하라고 한다.
table_quest_text_data.rdf	177611	[metatag = 5]0
table_quest_text_data.rdf	177612	[metatag = 5]3110
table_quest_text_data.rdf	177703	[metatag = 5]2
table_quest_text_data.rdf	177711	[metatag = 5]0
table_quest_text_data.rdf	177712	[metatag = 5]2260
table_quest_text_data.rdf	177803	[metatag = 5]2
table_quest_text_data.rdf	177806	"[metatag = 5]탄카의 상금을 뺏어 갔던 [mob = ""8471201""]이 복수를 하겠다며 탄카에게 도전장을 보내왔다.
탄카는 그 책임을 user에게 물으며 도움 아닌 도움을 청한다.
퀘스트를 수락하면 탄카와 탄카의 부하들이 몰려오며 공격을 한다."
table_quest_text_data.rdf	177811	[metatag = 5]0
table_quest_text_data.rdf	177812	[metatag = 5]520
table_quest_text_data.rdf	177903	[metatag = 5]2
table_quest_text_data.rdf	177911	[metatag = 5]0
table_quest_text_data.rdf	177912	[metatag = 5]740
table_quest_text_data.rdf	177915	[metatag = 5]MX...06F
table_quest_text_data.rdf	178003	[metatag = 5]2
table_quest_text_data.rdf	178011	[metatag = 5]0
table_quest_text_data.rdf	178012	[metatag = 5]740
table_quest_text_data.rdf	178103	[metatag = 5]2
table_quest_text_data.rdf	178106	"[metatag = 5]퀘슽트를 수락하면 버섯 깍뚜기가 한차례 몰려오고 버섯깍뚜기를 모두 물리치면 땅강아스타가 또 한차례 몰려 온다.
버섯 깍뚜기와 땅강아스타들을 모두 물리치고 듀오를 지켜내면 성공."
table_quest_text_data.rdf	178111	[metatag = 5]0
table_quest_text_data.rdf	178112	[metatag = 5]1480
table_quest_text_data.rdf	178203	[metatag = 5]1
table_quest_text_data.rdf	178206	[metatag = 5]진정한 적은 누구?
table_quest_text_data.rdf	178210	[metatag = 5]지금은 세계정복이고 뭐고 빼앗긴 성을 되찾는 것이 급선무 라고 하는 파에리아. 이대로는 자존심이 가만히 있지 못한다. 성을 빼앗은 것은 프리저 잔당의 불고킨 장군. User가 자신의 성을 되찾는데 협력한다는 자신도 더 이상 나쁜짓을 하지 않는 일에 대해서 심각하게 재고해 보겟다고 한다. 그의 말에 신용이 가지는 않지만 프리저 잔당을 물리쳐야 할 것 같다는 점에서 보면 그에게 협력해서 손해 볼 것은 없을 듯하다. 이제 무대는 머쉬룸 남부. XXX를 찾아가자.
table_quest_text_data.rdf	178211	[metatag = 5]0
table_quest_text_data.rdf	178212	[metatag = 5]20
table_quest_text_data.rdf	178303	[metatag = 5]2
table_quest_text_data.rdf	178311	[metatag = 5]0
table_quest_text_data.rdf	178312	[metatag = 5]1120
table_quest_text_data.rdf	178403	[metatag = 5]2
table_quest_text_data.rdf	178411	[metatag = 5]0
table_quest_text_data.rdf	178412	[metatag = 5]1740
table_quest_text_data.rdf	178503	[metatag = 5]2
table_quest_text_data.rdf	178511	[metatag = 5]0
table_quest_text_data.rdf	178512	[metatag = 5]2200
table_quest_text_data.rdf	178603	[metatag = 5]2
table_quest_text_data.rdf	178611	[metatag = 5]0
table_quest_text_data.rdf	178612	[metatag = 5]270
table_quest_text_data.rdf	178703	[metatag = 5]2
table_quest_text_data.rdf	178711	[metatag = 5]0
table_quest_text_data.rdf	178712	[metatag = 5]340
table_quest_text_data.rdf	178803	[metatag = 5]2
table_quest_text_data.rdf	178811	[metatag = 5]0
table_quest_text_data.rdf	178812	[metatag = 5]620
table_quest_text_data.rdf	178903	[metatag = 5]2
table_quest_text_data.rdf	178911	[metatag = 5]0
table_quest_text_data.rdf	178912	[metatag = 5]1100
table_quest_text_data.rdf	179003	[metatag = 5]2
table_quest_text_data.rdf	179011	[metatag = 5]0
table_quest_text_data.rdf	179012	[metatag = 5]950
table_quest_text_data.rdf	179103	[metatag = 5]2
table_quest_text_data.rdf	179111	[metatag = 5]0
table_quest_text_data.rdf	179112	[metatag = 5]1100
table_quest_text_data.rdf	179203	[metatag = 5]2
table_quest_text_data.rdf	179211	[metatag = 5]0
table_quest_text_data.rdf	179212	[metatag = 5]992
table_quest_text_data.rdf	179213	[metatag = 5]1
table_quest_text_data.rdf	179303	[metatag = 5]3
table_quest_text_data.rdf	179311	[metatag = 5]0
table_quest_text_data.rdf	179312	[metatag = 5]1100
table_quest_text_data.rdf	179313	[metatag = 5]1
table_quest_text_data.rdf	179403	[metatag = 5]2
table_quest_text_data.rdf	179411	[metatag = 5]0
table_quest_text_data.rdf	179412	[metatag = 5]1100
table_quest_text_data.rdf	179503	[metatag = 5]3
table_quest_text_data.rdf	179511	[metatag = 5]0
table_quest_text_data.rdf	179512	[metatag = 5]1140
table_quest_text_data.rdf	179603	[metatag = 5]2
table_quest_text_data.rdf	179611	[metatag = 5]0
table_quest_text_data.rdf	179612	[metatag = 5]1520
table_quest_text_data.rdf	179703	[metatag = 5]2
table_quest_text_data.rdf	179711	[metatag = 5]0
table_quest_text_data.rdf	179712	[metatag = 5]1520
table_quest_text_data.rdf	179803	[metatag = 5]3
table_quest_text_data.rdf	179811	[metatag = 5]0
table_quest_text_data.rdf	179812	[metatag = 5]200
table_quest_text_data.rdf	179903	[metatag = 5]2
table_quest_text_data.rdf	179911	[metatag = 5]0
table_quest_text_data.rdf	179912	[metatag = 5]1640
table_quest_text_data.rdf	180003	[metatag = 5]2
table_quest_text_data.rdf	180011	[metatag = 5]0
table_quest_text_data.rdf	180012	[metatag = 5]1640
table_quest_text_data.rdf	180101	"[metatag = 5][place = ""100108000""]"
table_quest_text_data.rdf	180103	[metatag = 5]2
table_quest_text_data.rdf	180111	[metatag = 5]0
table_quest_text_data.rdf	180112	[metatag = 5]518.04
table_quest_text_data.rdf	180201	"[metatag = 5][place = ""100108000""]"
table_quest_text_data.rdf	180203	[metatag = 5]2
table_quest_text_data.rdf	180211	[metatag = 5]0
table_quest_text_data.rdf	180212	[metatag = 5]1082.56
table_quest_text_data.rdf	180301	"[metatag = 5][place = ""100108000""]"
table_quest_text_data.rdf	180303	[metatag = 5]2
table_quest_text_data.rdf	180311	[metatag = 5]0
table_quest_text_data.rdf	180312	[metatag = 5]497.94
table_quest_text_data.rdf	180401	"[metatag = 5][place = ""100108000""]"
table_quest_text_data.rdf	180403	[metatag = 5]2
table_quest_text_data.rdf	180411	[metatag = 5]0
table_quest_text_data.rdf	180412	[metatag = 5]663.94
table_quest_text_data.rdf	180501	"[metatag = 5][place = ""100108000""]"
table_quest_text_data.rdf	180503	[metatag = 5]2
table_quest_text_data.rdf	180511	[metatag = 5]0
table_quest_text_data.rdf	180512	[metatag = 5]482.48
table_quest_text_data.rdf	180601	"[metatag = 5][place = ""100108000""]"
table_quest_text_data.rdf	180603	[metatag = 5]2
table_quest_text_data.rdf	180611	[metatag = 5]0
table_quest_text_data.rdf	180612	[metatag = 5]642.42
table_quest_text_data.rdf	180701	"[metatag = 5][place = ""100108000""]"
table_quest_text_data.rdf	180703	[metatag = 5]2
table_quest_text_data.rdf	180711	[metatag = 5]0
table_quest_text_data.rdf	180712	[metatag = 5]855.16
table_quest_text_data.rdf	180801	"[metatag = 5][place = ""100108000""]"
table_quest_text_data.rdf	180803	[metatag = 5]2
table_quest_text_data.rdf	180811	[metatag = 5]0
table_quest_text_data.rdf	180812	[metatag = 5]762.42
table_quest_text_data.rdf	180901	"[metatag = 5][place = ""100108000""]"
table_quest_text_data.rdf	180903	[metatag = 5]2
table_quest_text_data.rdf	180911	[metatag = 5]0
table_quest_text_data.rdf	180912	[metatag = 5]650.52
table_quest_text_data.rdf	181001	"[metatag = 5][place = ""100108000""]"
table_quest_text_data.rdf	181003	[metatag = 5]2
table_quest_text_data.rdf	181011	[metatag = 5]0
table_quest_text_data.rdf	181012	[metatag = 5]480.48
table_quest_text_data.rdf	181101	"[metatag = 5][place = ""100108000""]"
table_quest_text_data.rdf	181103	[metatag = 5]2
table_quest_text_data.rdf	181111	[metatag = 5]0
table_quest_text_data.rdf	181112	[metatag = 5]871.2
table_quest_text_data.rdf	181201	"[metatag = 5][place = ""100108000""]"
table_quest_text_data.rdf	181203	[metatag = 5]2
table_quest_text_data.rdf	181211	[metatag = 5]0
table_quest_text_data.rdf	181212	[metatag = 5]681.02
table_quest_text_data.rdf	181301	"[metatag = 5][place = ""100108000""]"
table_quest_text_data.rdf	181303	[metatag = 5]2
table_quest_text_data.rdf	181311	[metatag = 5]0
table_quest_text_data.rdf	181312	[metatag = 5]929.32
table_quest_text_data.rdf	181401	"[metatag = 5][place = ""100108000""]"
table_quest_text_data.rdf	181403	[metatag = 5]2
table_quest_text_data.rdf	181411	[metatag = 5]0
table_quest_text_data.rdf	181412	[metatag = 5]618.42
table_quest_text_data.rdf	181501	"[metatag = 5][place = ""100108000""]"
table_quest_text_data.rdf	181503	[metatag = 5]2
table_quest_text_data.rdf	181511	[metatag = 5]0
table_quest_text_data.rdf	181512	[metatag = 5]685.04
table_quest_text_data.rdf	181601	"[metatag = 5][place = ""100108000""]"
table_quest_text_data.rdf	181603	[metatag = 5]2
table_quest_text_data.rdf	181611	[metatag = 5]0
table_quest_text_data.rdf	181612	[metatag = 5]801.84
table_quest_text_data.rdf	181701	"[metatag = 5][place = ""100108000""]"
table_quest_text_data.rdf	181703	[metatag = 5]2
table_quest_text_data.rdf	181711	[metatag = 5]0
table_quest_text_data.rdf	181712	[metatag = 5]529.76
table_quest_text_data.rdf	181801	"[metatag = 5][place = ""100108000""]"
table_quest_text_data.rdf	181803	[metatag = 5]2
table_quest_text_data.rdf	181811	[metatag = 5]0
table_quest_text_data.rdf	181812	[metatag = 5]562.1
table_quest_text_data.rdf	181901	"[metatag = 5][place = ""100108000""]"
table_quest_text_data.rdf	181903	[metatag = 5]2
table_quest_text_data.rdf	181911	[metatag = 5]0
table_quest_text_data.rdf	181912	[metatag = 5]652.6
table_quest_text_data.rdf	182001	"[metatag = 5][place = ""100108000""]"
table_quest_text_data.rdf	182003	[metatag = 5]2
table_quest_text_data.rdf	182011	[metatag = 5]0
table_quest_text_data.rdf	182012	[metatag = 5]715.54
table_quest_text_data.rdf	182101	"[metatag = 5][place = ""100108000""]"
table_quest_text_data.rdf	182103	[metatag = 5]2
table_quest_text_data.rdf	182111	[metatag = 5]0
table_quest_text_data.rdf	182112	[metatag = 5]528.56
table_quest_text_data.rdf	182201	"[metatag = 5][place = ""100108000""]"
table_quest_text_data.rdf	182203	[metatag = 5]2
table_quest_text_data.rdf	182211	[metatag = 5]0
table_quest_text_data.rdf	182212	[metatag = 5]904.4
table_quest_text_data.rdf	182301	"[metatag = 5][place = ""100108000""]"
table_quest_text_data.rdf	182303	[metatag = 5]2
table_quest_text_data.rdf	182311	[metatag = 5]0
table_quest_text_data.rdf	182312	[metatag = 5]530.6
table_quest_text_data.rdf	182401	"[metatag = 5][place = ""100108000""]"
table_quest_text_data.rdf	182403	[metatag = 5]2
table_quest_text_data.rdf	182411	[metatag = 5]0
table_quest_text_data.rdf	182412	[metatag = 5]694.02
table_quest_text_data.rdf	182501	"[metatag = 5][place = ""100108000""]"
table_quest_text_data.rdf	182503	[metatag = 5]2
table_quest_text_data.rdf	182511	[metatag = 5]0
table_quest_text_data.rdf	182512	[metatag = 5]746.91
table_quest_text_data.rdf	182601	"[metatag = 5][place = ""100108000""]"
table_quest_text_data.rdf	182603	[metatag = 5]2
table_quest_text_data.rdf	182611	[metatag = 5]0
table_quest_text_data.rdf	182612	[metatag = 5]995.91
table_quest_text_data.rdf	182701	"[metatag = 5][place = ""100108000""]"
table_quest_text_data.rdf	182703	[metatag = 5]2
table_quest_text_data.rdf	182711	[metatag = 5]0
table_quest_text_data.rdf	182712	[metatag = 5]723.72
table_quest_text_data.rdf	182801	"[metatag = 5][place = ""100108000""]"
table_quest_text_data.rdf	182803	[metatag = 5]2
table_quest_text_data.rdf	182811	[metatag = 5]0
table_quest_text_data.rdf	182812	[metatag = 5]963.63
table_quest_text_data.rdf	182901	"[metatag = 5][place = ""100108000""]"
table_quest_text_data.rdf	182903	[metatag = 5]2
table_quest_text_data.rdf	182911	[metatag = 5]0
table_quest_text_data.rdf	182912	[metatag = 5]1282.74
table_quest_text_data.rdf	183001	"[metatag = 5][place = ""100108000""]"
table_quest_text_data.rdf	183003	[metatag = 5]2
table_quest_text_data.rdf	183011	[metatag = 5]0
table_quest_text_data.rdf	183012	[metatag = 5]1143.63
table_quest_text_data.rdf	183101	"[metatag = 5][place = ""100108000""]"
table_quest_text_data.rdf	183103	[metatag = 5]2
table_quest_text_data.rdf	183111	[metatag = 5]0
table_quest_text_data.rdf	183112	[metatag = 5]975.78
table_quest_text_data.rdf	183201	"[metatag = 5][place = ""100108000""]"
table_quest_text_data.rdf	183203	[metatag = 5]2
table_quest_text_data.rdf	183211	[metatag = 5]0
table_quest_text_data.rdf	183212	[metatag = 5]720.72
table_quest_text_data.rdf	183301	"[metatag = 5][place = ""100108000""]"
table_quest_text_data.rdf	183303	[metatag = 5]2
table_quest_text_data.rdf	183311	[metatag = 5]0
table_quest_text_data.rdf	183312	[metatag = 5]1306.8
table_quest_text_data.rdf	183401	"[metatag = 5][place = ""100108000""]"
table_quest_text_data.rdf	183403	[metatag = 5]2
table_quest_text_data.rdf	183411	[metatag = 5]0
table_quest_text_data.rdf	183412	[metatag = 5]1021.53
table_quest_text_data.rdf	183501	"[metatag = 5][place = ""100108000""]"
table_quest_text_data.rdf	183503	[metatag = 5]2
table_quest_text_data.rdf	183511	[metatag = 5]0
table_quest_text_data.rdf	183512	[metatag = 5]1029.81
table_quest_text_data.rdf	183601	"[metatag = 5][place = ""100108000""]"
table_quest_text_data.rdf	183603	[metatag = 5]2
table_quest_text_data.rdf	183611	[metatag = 5]0
table_quest_text_data.rdf	183612	[metatag = 5]1020.06
table_quest_text_data.rdf	183701	"[metatag = 5][place = ""100108000""]"
table_quest_text_data.rdf	183703	[metatag = 5]2
table_quest_text_data.rdf	183711	[metatag = 5]0
table_quest_text_data.rdf	183712	[metatag = 5]702.48
table_quest_text_data.rdf	183801	"[metatag = 5][place = ""100108000""]"
table_quest_text_data.rdf	183803	[metatag = 5]2
table_quest_text_data.rdf	183811	[metatag = 5]0
table_quest_text_data.rdf	183812	[metatag = 5]1236.96
table_quest_text_data.rdf	183901	"[metatag = 5][place = ""100108000""]"
table_quest_text_data.rdf	183903	[metatag = 5]2
table_quest_text_data.rdf	183911	[metatag = 5]0
table_quest_text_data.rdf	183912	[metatag = 5]1278.54
table_quest_text_data.rdf	184001	"[metatag = 5][place = ""100108000""]"
table_quest_text_data.rdf	184003	[metatag = 5]2
table_quest_text_data.rdf	184011	[metatag = 5]0
table_quest_text_data.rdf	184012	[metatag = 5]784.89
table_quest_text_data.rdf	184101	"[metatag = 5][place = ""100108000""]"
table_quest_text_data.rdf	184103	[metatag = 5]2
table_quest_text_data.rdf	184111	[metatag = 5]0
table_quest_text_data.rdf	184112	[metatag = 5]1148.49
table_quest_text_data.rdf	184201	"[metatag = 5][place = ""100108000""]"
table_quest_text_data.rdf	184203	[metatag = 5]2
table_quest_text_data.rdf	184211	[metatag = 5]0
table_quest_text_data.rdf	184212	[metatag = 5]783.84
table_quest_text_data.rdf	184301	"[metatag = 5][place = ""100108000""]"
table_quest_text_data.rdf	184303	[metatag = 5]2
table_quest_text_data.rdf	184311	[metatag = 5]0
table_quest_text_data.rdf	184312	[metatag = 5]383.79
table_quest_text_data.rdf	184401	"[metatag = 5][place = ""100108000""]"
table_quest_text_data.rdf	184403	[metatag = 5]2
table_quest_text_data.rdf	184411	[metatag = 5]0
table_quest_text_data.rdf	184412	[metatag = 5]746.82
table_quest_text_data.rdf	184501	"[metatag = 5][place = ""100108000""]"
table_quest_text_data.rdf	184503	[metatag = 5]2
table_quest_text_data.rdf	184511	[metatag = 5]0
table_quest_text_data.rdf	184512	[metatag = 5]414.96
table_quest_text_data.rdf	184601	"[metatag = 5][place = ""100108000""]"
table_quest_text_data.rdf	184603	[metatag = 5]2
table_quest_text_data.rdf	184611	[metatag = 5]0
table_quest_text_data.rdf	184612	[metatag = 5]650.61
table_quest_text_data.rdf	184701	"[metatag = 5][place = ""100108000""]"
table_quest_text_data.rdf	184703	[metatag = 5]2
table_quest_text_data.rdf	184711	[metatag = 5]0
table_quest_text_data.rdf	184712	[metatag = 5]1596.6
table_quest_text_data.rdf	184801	"[metatag = 5][place = ""100108000""]"
table_quest_text_data.rdf	184803	[metatag = 5]2
table_quest_text_data.rdf	184811	[metatag = 5]0
table_quest_text_data.rdf	184812	[metatag = 5]1305.75
table_quest_text_data.rdf	184901	"[metatag = 5][place = ""100108000""]"
table_quest_text_data.rdf	184903	[metatag = 5]2
table_quest_text_data.rdf	184911	[metatag = 5]0
table_quest_text_data.rdf	184912	[metatag = 5]973.17
table_quest_text_data.rdf	185001	"[metatag = 5][place = ""100108000""]"
table_quest_text_data.rdf	185003	[metatag = 5]2
table_quest_text_data.rdf	185011	[metatag = 5]0
table_quest_text_data.rdf	185012	[metatag = 5]777.06
table_quest_text_data.rdf	185101	"[metatag = 5][place = ""100108000""]"
table_quest_text_data.rdf	185103	[metatag = 5]2
table_quest_text_data.rdf	185111	[metatag = 5]0
table_quest_text_data.rdf	185112	[metatag = 5]1623.84
table_quest_text_data.rdf	185201	"[metatag = 5][place = ""100108000""]"
table_quest_text_data.rdf	185203	[metatag = 5]2
table_quest_text_data.rdf	185211	[metatag = 5]0
table_quest_text_data.rdf	185212	[metatag = 5]746.91
table_quest_text_data.rdf	185301	"[metatag = 5][place = ""100108000""]"
table_quest_text_data.rdf	185303	[metatag = 5]2
table_quest_text_data.rdf	185311	[metatag = 5]0
table_quest_text_data.rdf	185312	[metatag = 5]995.91
table_quest_text_data.rdf	185401	"[metatag = 5][place = ""100108000""]"
table_quest_text_data.rdf	185403	[metatag = 5]2
table_quest_text_data.rdf	185411	[metatag = 5]0
table_quest_text_data.rdf	185412	[metatag = 5]723.72
table_quest_text_data.rdf	185501	"[metatag = 5][place = ""100108000""]"
table_quest_text_data.rdf	185503	[metatag = 5]2
table_quest_text_data.rdf	185511	[metatag = 5]0
table_quest_text_data.rdf	185512	[metatag = 5]963.63
table_quest_text_data.rdf	185601	"[metatag = 5][place = ""100108000""]"
table_quest_text_data.rdf	185603	[metatag = 5]2
table_quest_text_data.rdf	185611	[metatag = 5]0
table_quest_text_data.rdf	185612	[metatag = 5]696.65
table_quest_text_data.rdf	185701	"[metatag = 5][place = ""100108000""]"
table_quest_text_data.rdf	185703	[metatag = 5]2
table_quest_text_data.rdf	185711	[metatag = 5]0
table_quest_text_data.rdf	185712	[metatag = 5]1038.9
table_quest_text_data.rdf	185801	"[metatag = 5][place = ""100108000""]"
table_quest_text_data.rdf	185803	[metatag = 5]2
table_quest_text_data.rdf	185811	[metatag = 5]0
table_quest_text_data.rdf	185812	[metatag = 5]949.425
table_quest_text_data.rdf	185901	"[metatag = 5][place = ""100108000""]"
table_quest_text_data.rdf	185903	[metatag = 5]2
table_quest_text_data.rdf	185911	[metatag = 5]0
table_quest_text_data.rdf	185912	[metatag = 5]762.15
table_quest_text_data.rdf	186001	"[metatag = 5][place = ""100108000""]"
table_quest_text_data.rdf	186003	[metatag = 5]2
table_quest_text_data.rdf	186011	[metatag = 5]0
table_quest_text_data.rdf	186012	[metatag = 5]543.85
table_quest_text_data.rdf	186101	"[metatag = 5][place = ""100108000""]"
table_quest_text_data.rdf	186103	[metatag = 5]2
table_quest_text_data.rdf	186111	[metatag = 5]0
table_quest_text_data.rdf	186112	[metatag = 5]1116.525
table_quest_text_data.rdf	186201	"[metatag = 5][place = ""100108000""]"
table_quest_text_data.rdf	186203	[metatag = 5]2
table_quest_text_data.rdf	186211	[metatag = 5]0
table_quest_text_data.rdf	186212	[metatag = 5]1125.05
table_quest_text_data.rdf	186303	[metatag = 5]2
table_quest_text_data.rdf	186311	[metatag = 5]0
table_quest_text_data.rdf	186312	[metatag = 5]1184.05
table_quest_text_data.rdf	186403	[metatag = 5]2
table_quest_text_data.rdf	186411	[metatag = 5]0
table_quest_text_data.rdf	186412	[metatag = 5]1043.025
table_quest_text_data.rdf	186503	[metatag = 5]2
table_quest_text_data.rdf	186511	[metatag = 5]0
table_quest_text_data.rdf	186512	[metatag = 5]843.8
table_quest_text_data.rdf	186603	[metatag = 5]2
table_quest_text_data.rdf	186611	[metatag = 5]0
table_quest_text_data.rdf	186612	[metatag = 5]1163.075
table_quest_text_data.rdf	186703	[metatag = 5]2
table_quest_text_data.rdf	186711	[metatag = 5]0
table_quest_text_data.rdf	186712	[metatag = 5]604.5
table_quest_text_data.rdf	186803	[metatag = 5]2
table_quest_text_data.rdf	186811	[metatag = 5]0
table_quest_text_data.rdf	186812	[metatag = 5]1054.275
table_quest_text_data.rdf	186903	[metatag = 5]2
table_quest_text_data.rdf	186911	[metatag = 5]0
table_quest_text_data.rdf	186912	[metatag = 5]539.125
table_quest_text_data.rdf	187003	[metatag = 5]2
table_quest_text_data.rdf	187011	[metatag = 5]0
table_quest_text_data.rdf	187012	[metatag = 5]793.1
table_quest_text_data.rdf	187103	[metatag = 5]2
table_quest_text_data.rdf	187111	[metatag = 5]0
table_quest_text_data.rdf	187112	[metatag = 5]1080.575
table_quest_text_data.rdf	187201	"[metatag = 5][place = ""100108000""]"
table_quest_text_data.rdf	187203	[metatag = 5]2
table_quest_text_data.rdf	187211	[metatag = 5]0
table_quest_text_data.rdf	187212	[metatag = 5]644.975
table_quest_text_data.rdf	187301	"[metatag = 5][place = ""100108000""]"
table_quest_text_data.rdf	187303	[metatag = 5]2
table_quest_text_data.rdf	187311	[metatag = 5]0
table_quest_text_data.rdf	187312	[metatag = 5]858.175
table_quest_text_data.rdf	187401	"[metatag = 5][place = ""100108000""]"
table_quest_text_data.rdf	187403	[metatag = 5]2
table_quest_text_data.rdf	187411	[metatag = 5]0
table_quest_text_data.rdf	187412	[metatag = 5]850.05
table_quest_text_data.rdf	187501	"[metatag = 5][place = ""100108000""]"
table_quest_text_data.rdf	187503	[metatag = 5]2
table_quest_text_data.rdf	187511	[metatag = 5]0
table_quest_text_data.rdf	187512	[metatag = 5]878.1
table_quest_text_data.rdf	187601	"[metatag = 5][place = ""100108000""]"
table_quest_text_data.rdf	187603	[metatag = 5]2
table_quest_text_data.rdf	187611	[metatag = 5]0
table_quest_text_data.rdf	187612	[metatag = 5]1030.8
table_quest_text_data.rdf	187701	"[metatag = 5][place = ""100108000""]"
table_quest_text_data.rdf	187703	[metatag = 5]2
table_quest_text_data.rdf	187711	[metatag = 5]0
table_quest_text_data.rdf	187712	[metatag = 5]578
table_quest_text_data.rdf	187801	"[metatag = 5][place = ""100108000""]"
table_quest_text_data.rdf	187803	[metatag = 5]2
table_quest_text_data.rdf	187811	[metatag = 5]0
table_quest_text_data.rdf	187812	[metatag = 5]654.075
table_quest_text_data.rdf	187901	"[metatag = 5][place = ""100108000""]"
table_quest_text_data.rdf	187903	[metatag = 5]3
table_quest_text_data.rdf	187906	"[metatag = 5]스벨버그의 말을 그레이트 브루스에게 전하면 유저가 자신을 재치고 그레이트 사이어맨 역을 맡으려고 거짓말을 한거라며 몬스터로 스폰되어 유저를 공격합니다.

연출 대사

스벨버그의 말을 믿을 수 없다는 그레이트 브루스의 대사
유저가 자신을 속였다는 듯이 말하는 그레이트 브루스의 대사
유저에게 패했을 때의 그레이트 브루스의 대사
유저에게 이겼을 때의 그레이트 브루스의 대사

퀘스트 수락 후"
table_quest_text_data.rdf	187910	"[metatag = 5]뭣? 빨간 팬티에 사납게 생긴 수인이 그레이트 사이어맨을? 웃기는 소리하지 말라고 하는 스벨버그.
그레이트 사이어맨에게 당하는 악역 엑스트라는 어떠냐고 묻는다."
table_quest_text_data.rdf	187911	[metatag = 5]0
table_quest_text_data.rdf	187912	[metatag = 5]957.075
table_quest_text_data.rdf	187913	[metatag = 5]1
table_quest_text_data.rdf	188001	"[metatag = 5][place = ""100108000""]"
table_quest_text_data.rdf	188003	[metatag = 5]3
table_quest_text_data.rdf	188006	"[metatag = 5]레드팬츠군 본부로 향하는 길목에 레드팬츠군들이 여러 번 등장합니다.
그리고 레드팬츠군 본부에 거의 다다를 즈음에 '그레이트 캡슐 로보 RP'와 다수의 레드팬츠군이 등장하고 자신은 파괴되었었던 그레이트 캡슐 로보를 베껴 만든 로봇이라고 하면서 뉴 그레이트 캡슐 로보와 유저를 공격합니다.
복제품을 쓰러뜨리면 뉴 그레이트 캡슐 로보는 그 싸움으로 인해 중요부분이 파괴되어 더 이상 움직일 수 없게 됩니다.

연출 대사

뉴 그레이트 캡슐 로보 출발 시의 대사
중간에 일반 몬스터가 등장했을 때 뉴 그레이트 캡슐 로보 대사
중간에 레드팬츠군이 등장했을 때 뉴 그레이트 캡슐 로보 대사
그레이트 캡슐 로보 RP가 등장했을 때 뉴 그레이트 캡슐 로보 대사
그레이트 캡슐 로보 RP 등장시 그레이트 캡슐 로보 RP의 대사
그레이트 캡슐 로보 RP가 공격을 시작할 때 그레이트 캡슐 로보 RP의 대사
그레이트 캡슐 로보 RP와 싸우는 도중의 뉴 그레이트 캡슐 로보의 대사
그레이트 캡슐 로보 RP와 싸우는 도중의 그레이트 캡슐 로보 RP의 대사
뉴 그레이트 캡슐 로보의 LP가 0이 되었을 때 뉴 그레이트 캡슐 로보의 대사
유저가 죽을 때 뉴 그레이트 캡슐 로보 대사
그레이트 캡슐 로보 RP와 레드팬츠군을 쓰러뜨렸을 때 뉴 그레이트 캡슐 로보 대사

퀘스트 수락 후"
table_quest_text_data.rdf	188010	"[metatag = 5]유저의 도움으로 그레이트 캡슐 로보가 완전히 정비되어 재탄생했다고 한다.
이제 뉴 그레이트 캡슐 로보와 함께 레드팬츠군 본부로 출발하여 그 야망을 무찔러 달라고 부탁하며 자신은 항상 이렇게 정의로운 캐릭터였음을 강조한다."
table_quest_text_data.rdf	188011	[metatag = 5]0
table_quest_text_data.rdf	188012	[metatag = 5]914.48
table_quest_text_data.rdf	188101	"[metatag = 5][place = ""100108000""]"
table_quest_text_data.rdf	188103	[metatag = 5]3
table_quest_text_data.rdf	188111	[metatag = 5]0
table_quest_text_data.rdf	188112	[metatag = 5]319.75
table_quest_text_data.rdf	188201	"[metatag = 5][place = ""100108000""]"
table_quest_text_data.rdf	188203	[metatag = 5]2
table_quest_text_data.rdf	188211	[metatag = 5]0
table_quest_text_data.rdf	188212	[metatag = 5]492.42
table_quest_text_data.rdf	188301	"[metatag = 5][place = ""100108000""]"
table_quest_text_data.rdf	188303	[metatag = 5]2
table_quest_text_data.rdf	188311	[metatag = 5]0
table_quest_text_data.rdf	188312	[metatag = 5]656.24
table_quest_text_data.rdf	188401	"[metatag = 5][place = ""100108000""]"
table_quest_text_data.rdf	188403	[metatag = 5]2
table_quest_text_data.rdf	188411	[metatag = 5]0
table_quest_text_data.rdf	188412	[metatag = 5]868.6
table_quest_text_data.rdf	188501	"[metatag = 5][place = ""100108000""]"
table_quest_text_data.rdf	188503	[metatag = 5]2
table_quest_text_data.rdf	188511	[metatag = 5]0
table_quest_text_data.rdf	188512	[metatag = 5]482.24
table_quest_text_data.rdf	188601	"[metatag = 5][place = ""100108000""]"
table_quest_text_data.rdf	188603	[metatag = 5]2
table_quest_text_data.rdf	188611	[metatag = 5]0
table_quest_text_data.rdf	188612	[metatag = 5]740.62
table_quest_text_data.rdf	188701	"[metatag = 5][place = ""100108000""]"
table_quest_text_data.rdf	188703	[metatag = 5]1
table_quest_text_data.rdf	188711	[metatag = 5]0
table_quest_text_data.rdf	188712	[metatag = 5]537.6
table_quest_text_data.rdf	188801	"[metatag = 5][place = ""100108000""]"
table_quest_text_data.rdf	188803	[metatag = 5]2
table_quest_text_data.rdf	188811	[metatag = 5]0
table_quest_text_data.rdf	188812	[metatag = 5]552.72
table_quest_text_data.rdf	188901	"[metatag = 5][place = ""100108000""]"
table_quest_text_data.rdf	188903	[metatag = 5]1
table_quest_text_data.rdf	188911	[metatag = 5]0
table_quest_text_data.rdf	188912	[metatag = 5]430.52
table_quest_text_data.rdf	189001	"[metatag = 5][place = ""100108000""]"
table_quest_text_data.rdf	189003	[metatag = 5]2
table_quest_text_data.rdf	189011	[metatag = 5]0
table_quest_text_data.rdf	189012	[metatag = 5]482.64
table_quest_text_data.rdf	189101	"[metatag = 5][place = ""100108000""]"
table_quest_text_data.rdf	189103	[metatag = 5]2
table_quest_text_data.rdf	189111	[metatag = 5]0
table_quest_text_data.rdf	189112	[metatag = 5]462.52
table_quest_text_data.rdf	189201	"[metatag = 5][place = ""100108000""]"
table_quest_text_data.rdf	189203	[metatag = 5]2
table_quest_text_data.rdf	189211	[metatag = 5]0
table_quest_text_data.rdf	189212	[metatag = 5]864.42
table_quest_text_data.rdf	189303	[metatag = 5]2
table_quest_text_data.rdf	189311	[metatag = 5]0
table_quest_text_data.rdf	189312	[metatag = 5]972.66
table_quest_text_data.rdf	189403	[metatag = 5]2
table_quest_text_data.rdf	189411	[metatag = 5]0
table_quest_text_data.rdf	189412	[metatag = 5]738.63
table_quest_text_data.rdf	189503	[metatag = 5]2
table_quest_text_data.rdf	189511	[metatag = 5]0
table_quest_text_data.rdf	189512	[metatag = 5]984.36
table_quest_text_data.rdf	189603	[metatag = 5]1
table_quest_text_data.rdf	189611	[metatag = 5]0
table_quest_text_data.rdf	189612	[metatag = 5]1302.9
table_quest_text_data.rdf	189703	[metatag = 5]1
table_quest_text_data.rdf	189711	[metatag = 5]0
table_quest_text_data.rdf	189712	[metatag = 5]723.36
table_quest_text_data.rdf	189803	[metatag = 5]3
table_quest_text_data.rdf	189811	[metatag = 5]0
table_quest_text_data.rdf	189812	[metatag = 5]1110.93
table_quest_text_data.rdf	189903	[metatag = 5]2
table_quest_text_data.rdf	189911	[metatag = 5]0
table_quest_text_data.rdf	189912	[metatag = 5]806.4
table_quest_text_data.rdf	190003	[metatag = 5]2
table_quest_text_data.rdf	190011	[metatag = 5]0
table_quest_text_data.rdf	190012	[metatag = 5]829.08
table_quest_text_data.rdf	190103	[metatag = 5]2
table_quest_text_data.rdf	190111	[metatag = 5]0
table_quest_text_data.rdf	190112	[metatag = 5]1840
table_quest_text_data.rdf	190203	[metatag = 5]2
table_quest_text_data.rdf	190211	[metatag = 5]0
table_quest_text_data.rdf	190212	[metatag = 5]1300
table_quest_text_data.rdf	190303	[metatag = 5]2
table_quest_text_data.rdf	190311	[metatag = 5]0
table_quest_text_data.rdf	190312	[metatag = 5]1300
table_quest_text_data.rdf	190403	[metatag = 5]2
table_quest_text_data.rdf	190411	[metatag = 5]0
table_quest_text_data.rdf	190412	[metatag = 5]1300
table_quest_text_data.rdf	190503	[metatag = 5]2
table_quest_text_data.rdf	190511	[metatag = 5]0
table_quest_text_data.rdf	190512	[metatag = 5]3420
table_quest_text_data.rdf	190603	[metatag = 5]2
table_quest_text_data.rdf	190611	[metatag = 5]0
table_quest_text_data.rdf	190612	[metatag = 5]1030
table_quest_text_data.rdf	190803	[metatag = 5]2
table_quest_text_data.rdf	190811	[metatag = 5]0
table_quest_text_data.rdf	190812	[metatag = 5]1030
table_quest_text_data.rdf	190903	[metatag = 5]2
table_quest_text_data.rdf	190911	[metatag = 5]0
table_quest_text_data.rdf	190912	[metatag = 5]1030
table_quest_text_data.rdf	191003	[metatag = 5]2
table_quest_text_data.rdf	191011	[metatag = 5]0
table_quest_text_data.rdf	191012	[metatag = 5]880
table_quest_text_data.rdf	191103	[metatag = 5]2
table_quest_text_data.rdf	191111	[metatag = 5]0
table_quest_text_data.rdf	191112	[metatag = 5]880
table_quest_text_data.rdf	191201	"[metatag = 5][place = ""100101000""]"
table_quest_text_data.rdf	191203	[metatag = 5]1
table_quest_text_data.rdf	191211	[metatag = 5]0
table_quest_text_data.rdf	191212	[metatag = 5]0
table_quest_text_data.rdf	191301	"[metatag = 5][place = ""100101000""]"
table_quest_text_data.rdf	191303	[metatag = 5]2
table_quest_text_data.rdf	191311	[metatag = 5]0
table_quest_text_data.rdf	191312	[metatag = 5]0
table_quest_text_data.rdf	191401	"[metatag = 5][place = ""100101000""]"
table_quest_text_data.rdf	191403	[metatag = 5]2
table_quest_text_data.rdf	191411	[metatag = 5]0
table_quest_text_data.rdf	191412	[metatag = 5]50
table_quest_text_data.rdf	191501	"[metatag = 5][place = ""100101000""]"
table_quest_text_data.rdf	191503	[metatag = 5]2
table_quest_text_data.rdf	191511	[metatag = 5]0
table_quest_text_data.rdf	191512	[metatag = 5]0
table_quest_text_data.rdf	191601	"[metatag = 5][place = ""100101000""]"
table_quest_text_data.rdf	191603	[metatag = 5]2
table_quest_text_data.rdf	191611	[metatag = 5]0
table_quest_text_data.rdf	191612	[metatag = 5]0
table_quest_text_data.rdf	191701	"[metatag = 5][place = ""100101000""]"
table_quest_text_data.rdf	191703	[metatag = 5]1
table_quest_text_data.rdf	191711	[metatag = 5]0
table_quest_text_data.rdf	191801	"[metatag = 5][place = ""100101000""]"
table_quest_text_data.rdf	191803	[metatag = 5]1
table_quest_text_data.rdf	191811	[metatag = 5]0
table_quest_text_data.rdf	191901	"[metatag = 5][place = ""100101000""]"
table_quest_text_data.rdf	191903	[metatag = 5]1
table_quest_text_data.rdf	191911	[metatag = 5]0
table_quest_text_data.rdf	192001	"[metatag = 5][place = ""100101000""]"
table_quest_text_data.rdf	192003	[metatag = 5]1
table_quest_text_data.rdf	192011	[metatag = 5]0
table_quest_text_data.rdf	192012	[metatag = 5]260
table_quest_text_data.rdf	192101	"[metatag = 5][place = ""100105000""]"
table_quest_text_data.rdf	192103	[metatag = 5]1
table_quest_text_data.rdf	192201	"[metatag = 5][place = ""100103000""]"
table_quest_text_data.rdf	192203	[metatag = 5]1
table_quest_text_data.rdf	192211	[metatag = 5]0
table_quest_text_data.rdf	192212	[metatag = 5]320
table_quest_text_data.rdf	192301	"[metatag = 5][place = ""100101000""]"
table_quest_text_data.rdf	192303	[metatag = 5]1
table_quest_text_data.rdf	192311	[metatag = 5]0
table_quest_text_data.rdf	192312	[metatag = 5]0
table_quest_text_data.rdf	192401	"[metatag = 5][place = ""100101000""]"
table_quest_text_data.rdf	192403	[metatag = 5]2
table_quest_text_data.rdf	192411	[metatag = 5]0
table_quest_text_data.rdf	192412	[metatag = 5]260
table_quest_text_data.rdf	192501	"[metatag = 5][place = ""100101000""]"
table_quest_text_data.rdf	192503	[metatag = 5]1
table_quest_text_data.rdf	192511	[metatag = 5]0
table_quest_text_data.rdf	192512	[metatag = 5]575
table_quest_text_data.rdf	192601	"[metatag = 5][place = ""100101000""]"
table_quest_text_data.rdf	192603	[metatag = 5]1
table_quest_text_data.rdf	192611	[metatag = 5]0
table_quest_text_data.rdf	192612	[metatag = 5]0
table_quest_text_data.rdf	192701	"[metatag = 5][place = ""100101000""]"
table_quest_text_data.rdf	192703	[metatag = 5]1
table_quest_text_data.rdf	192711	[metatag = 5]0
table_quest_text_data.rdf	192712	[metatag = 5]0
table_quest_text_data.rdf	192801	"[metatag = 5][place = ""100105000""]"
table_quest_text_data.rdf	192803	[metatag = 5]1
table_quest_text_data.rdf	192901	"[metatag = 5][place = ""100105000""]"
table_quest_text_data.rdf	192903	[metatag = 5]1
table_quest_text_data.rdf	193001	"[metatag = 5][place = ""100103000""]"
table_quest_text_data.rdf	193003	[metatag = 5]1
table_quest_text_data.rdf	193011	[metatag = 5]0
table_quest_text_data.rdf	193012	[metatag = 5]248
table_quest_text_data.rdf	193101	"[metatag = 5][place = ""100103000""]"
table_quest_text_data.rdf	193103	[metatag = 5]1
table_quest_text_data.rdf	193111	[metatag = 5]0
table_quest_text_data.rdf	193112	[metatag = 5]248
table_quest_text_data.rdf	193203	[metatag = 5]2
table_quest_text_data.rdf	193211	[metatag = 5]0
table_quest_text_data.rdf	193212	[metatag = 5]645.78
table_quest_text_data.rdf	193303	[metatag = 5]2
table_quest_text_data.rdf	193311	[metatag = 5]0
table_quest_text_data.rdf	193312	[metatag = 5]768.96
table_quest_text_data.rdf	193401	[metatag = 5]웨스트랜드
table_quest_text_data.rdf	193403	[metatag = 5]3
table_quest_text_data.rdf	193405	[metatag = 5]일반
table_quest_text_data.rdf	193406	[metatag = 5]외계에서 침입하는 모든 세력을 파악하기 위해서는 현재의 천문대 장비로 너무 부족한 실정이다. 천문장비를 증설하기 위해서는 특수한 금속이 필요한데 현재 그 금속은 웨스트랜드에서 거의 고갈된 상태이다. 들리는 말에는 카린 숲의 지하지대에는 아직 그 금속이 상당량 매장되어 있다고 한다. 어떻게든 그 금속을 최대한 많이 구해올수록 좋다.
table_quest_text_data.rdf	193407	[metatag = 5]…
table_quest_text_data.rdf	193409	[metatag = 5]…
table_quest_text_data.rdf	193410	[metatag = 5]UD 1 Hard
table_quest_text_data.rdf	193501	[metatag = 5]웨스트랜드
table_quest_text_data.rdf	193503	[metatag = 5]2
table_quest_text_data.rdf	193505	[metatag = 5]일반
table_quest_text_data.rdf	193506	[metatag = 5]요즘 모습을 보이고 있는 동물인간들 때문이건, 아님 바람 재배맨의 부채질 때문이건, 자꾸 농장에 수확해 놓은 작물들이 외곽 지역으로 흩어지고 있는 상황이다. 하지만 농부들은 현재 농작물을 수확, 관리하기에도 힘든 상황. 이 농작물들을 수거해서 가져오면 보상해 주겠다.
table_quest_text_data.rdf	193507	[metatag = 5]…
table_quest_text_data.rdf	193509	[metatag = 5]…
table_quest_text_data.rdf	193601	[metatag = 5]웨스트랜드
table_quest_text_data.rdf	193603	[metatag = 5]2
table_quest_text_data.rdf	193605	[metatag = 5]일반
table_quest_text_data.rdf	193606	[metatag = 5]자신이 천문대에 파견되어 주변 경치를 감상하다가 그만 귀한 수리 장비들을 모두 잃어버렸다. 이 지역의 Mob들이 가지고 있을 가능성이 크므로 그것을 되찾아달라.
table_quest_text_data.rdf	193607	[metatag = 5]…
table_quest_text_data.rdf	193609	[metatag = 5]…
table_quest_text_data.rdf	193701	[metatag = 5]웨스트랜드
table_quest_text_data.rdf	193703	[metatag = 5]3
table_quest_text_data.rdf	193705	[metatag = 5]일반
table_quest_text_data.rdf	193706	[metatag = 5]자신은 한때 이 가넷 농장에서 일했었는데, 너무 고된 노동에 지쳐 떠났던 사람이다. 그리고 레드팬츠군에 들어가고 싶어하는 동물인간들에게 이곳의 작물들을 훔치자고 제안한 것은 자신이라고 말하며, 생각해보니 너무 후회막심한 짓이었다며 동물인간 녀석들을 어떻게든 쫓아내 달라고 말한다.
table_quest_text_data.rdf	193707	[metatag = 5]…
table_quest_text_data.rdf	193709	[metatag = 5]…
table_quest_text_data.rdf	193801	[metatag = 5]웨스트랜드
table_quest_text_data.rdf	193803	[metatag = 5]2
table_quest_text_data.rdf	193805	[metatag = 5]일반
table_quest_text_data.rdf	193806	[metatag = 5]에메랄드 비치 주변에 침입한 모든 레드팬츠군을 잡고 그 증거를 구해오라.
table_quest_text_data.rdf	193807	[metatag = 5]…
table_quest_text_data.rdf	193809	[metatag = 5]…
table_quest_text_data.rdf	193901	[metatag = 5]웨스트랜드
table_quest_text_data.rdf	193903	[metatag = 5]3
table_quest_text_data.rdf	193905	[metatag = 5]일반
table_quest_text_data.rdf	193906	[metatag = 5]분명 탈주병들을 주동한 실제 리더들이 있다. 그 탈주병 패밀리 리더를 최대한 제거하는 것이 좋다.
table_quest_text_data.rdf	193907	[metatag = 5]…
table_quest_text_data.rdf	193909	[metatag = 5]…
table_quest_text_data.rdf	194001	[metatag = 5]웨스트랜드
table_quest_text_data.rdf	194003	[metatag = 5]2
table_quest_text_data.rdf	194005	[metatag = 5]일반
table_quest_text_data.rdf	194006	[metatag = 5]어마어마한 양의 아스팔트가 필요하기 때문에 많은 양의 석유가 필요하다. 이미 시에서 보급받은 건 다 썼기 때문에 레드팬츠군의 것이라도 써야 한다.
table_quest_text_data.rdf	194007	[metatag = 5]…
table_quest_text_data.rdf	194009	[metatag = 5]…
table_quest_text_data.rdf	194101	[metatag = 5]웨스트랜드
table_quest_text_data.rdf	194103	[metatag = 5]3
table_quest_text_data.rdf	194105	[metatag = 5]일반
table_quest_text_data.rdf	194106	[metatag = 5]자신의 친구 미자이 박사가 발견한 내용대로라면, 레드팬츠군의 지하연구소에 그 옛날 레드리본군의 게로박사가 연구하던 연구데이터들이 남아있을 것이라고 한다. 그것을 최대한 많이 수집해 달라.
table_quest_text_data.rdf	194107	[metatag = 5]…
table_quest_text_data.rdf	194109	[metatag = 5]…
table_quest_text_data.rdf	194110	[metatag = 5]UD 2 Normal
table_quest_text_data.rdf	194201	[metatag = 5]웨스트랜드
table_quest_text_data.rdf	194203	[metatag = 5]2
table_quest_text_data.rdf	194205	[metatag = 5]일반
table_quest_text_data.rdf	194206	[metatag = 5]자신은 나메크의 초거신술에 대해 연구중인 서쪽도시 대학의 학생 겸 무도 수행자이다. 하지만 실제 초거신술을 잘 보여주지도 않을 뿐더러, 연구자료도 구하기 힘드므로 어떻게든 포룽가 북부의 초거신의 발자취에 가서 초거신의 신발 화석을 구할 수 없을까 한다.
table_quest_text_data.rdf	194207	[metatag = 5]…
table_quest_text_data.rdf	194209	[metatag = 5]…
table_quest_text_data.rdf	194301	[metatag = 5]웨스트랜드
table_quest_text_data.rdf	194303	[metatag = 5]2
table_quest_text_data.rdf	194305	[metatag = 5]일반
table_quest_text_data.rdf	194306	[metatag = 5]맛나 물고기를 보급해서 우걱우걱 조리장에게 갖다줘라.
table_quest_text_data.rdf	194307	[metatag = 5]…
table_quest_text_data.rdf	194309	[metatag = 5]…
table_quest_text_data.rdf	194401	[metatag = 5]웨스트랜드
table_quest_text_data.rdf	194403	[metatag = 5]2
table_quest_text_data.rdf	194405	[metatag = 5]일반
table_quest_text_data.rdf	194406	[metatag = 5]프랑프랑을 오래 떠나있었던 자신은 이제는 기란족 고유의 기술 칭칭껌을 사용하는 방법까지 잊을 정도다. 그래서 항상 칭칭초를 구비해두고 씹으려고 하는데, 프랑프랑 사막 북부에서 칭칭껌을 얼마든지 공급해달라고 한다.
table_quest_text_data.rdf	194407	[metatag = 5]…
table_quest_text_data.rdf	194409	[metatag = 5]…
table_quest_text_data.rdf	194501	[metatag = 5]웨스트랜드
table_quest_text_data.rdf	194503	[metatag = 5]2
table_quest_text_data.rdf	194505	[metatag = 5]일반
table_quest_text_data.rdf	194506	[metatag = 5]레드팬츠군의 기강을 확립하기 위해 야호이 요새에 있는 동물인간의 비석에 새겨진 내용들을 수집해야 한다.
table_quest_text_data.rdf	194507	[metatag = 5]…
table_quest_text_data.rdf	194509	[metatag = 5]…
table_quest_text_data.rdf	194601	[metatag = 5]웨스트랜드
table_quest_text_data.rdf	194603	[metatag = 5]3
table_quest_text_data.rdf	194605	[metatag = 5]일반
table_quest_text_data.rdf	194606	[metatag = 5]레드팬츠군은 한때 자신들 CC의 로봇들을 훔쳐서 단순개조해 사용해왔지만, 이제는 무언가 자신들만의 특별한 기술을 확립한 모양이다. 녀석들의 로봇연구소에 가서 녀석들의 부품을 닥치는대로 구해달라.
table_quest_text_data.rdf	194607	[metatag = 5]…
table_quest_text_data.rdf	194609	[metatag = 5]…
table_quest_text_data.rdf	194610	[metatag = 5]UD 2 Normal
table_quest_text_data.rdf	194701	[metatag = 5]웨스트랜드
table_quest_text_data.rdf	194703	[metatag = 5]3
table_quest_text_data.rdf	194705	[metatag = 5]일반
table_quest_text_data.rdf	194706	[metatag = 5]자신은 프리더군 잔당의 전력에 도움이 될 강력한 생명체를 수집하고 있다. 지구의 수행자들은 이미 지구를 지키려는 골수분자이기 때문에 불가능하고, 다른 생명체를 찾아헤매고 있다는 싱클성인 기술사관. 아메시스트 공원 어딘가에 있는 괴생명체의 세포를 좀 구해달라.
table_quest_text_data.rdf	194707	[metatag = 5]…
table_quest_text_data.rdf	194709	[metatag = 5]…
table_quest_text_data.rdf	194710	[metatag = 5]UD 2 Hard
table_quest_text_data.rdf	194801	[metatag = 5]웨스트랜드
table_quest_text_data.rdf	194803	[metatag = 5]2
table_quest_text_data.rdf	194805	[metatag = 5]일반
table_quest_text_data.rdf	194806	[metatag = 5]문제를 일으키고 있는 CC 로봇들을 잡아서 프로세서를 닥치는대로 가져와라.
table_quest_text_data.rdf	194807	[metatag = 5]…
table_quest_text_data.rdf	194809	[metatag = 5]…
table_quest_text_data.rdf	194901	[metatag = 5]웨스트랜드
table_quest_text_data.rdf	194903	[metatag = 5]2
table_quest_text_data.rdf	194905	[metatag = 5]일반
table_quest_text_data.rdf	194906	[metatag = 5]곳곳에서 이 서쪽 도시와 쫄랑 시장을 노리고 있는 레드팬츠군의 전문 게릴라 요원이 모습을 보이고 있다. 되는대로 녀석들을 잡아달라.
table_quest_text_data.rdf	194907	[metatag = 5]…
table_quest_text_data.rdf	194909	[metatag = 5]…
table_quest_text_data.rdf	195001	[metatag = 5]야호이 동부
table_quest_text_data.rdf	195003	[metatag = 5]2
table_quest_text_data.rdf	195005	[metatag = 5]일반
table_quest_text_data.rdf	195006	[metatag = 5]자신이 이 야호이 동부에 있는 것은 스카우터를 팔기 위해서이기도 하지만, 원조 스카우터 기술을 가진 프리더군 잔당의 스카우터 기술을 어떻게든 손에 넣고 싶기 때문이다. 어떻게든 녀석들의 스카우터를 최대한 많이 구해달라.
table_quest_text_data.rdf	195007	[metatag = 5]…
table_quest_text_data.rdf	195009	[metatag = 5]…
table_quest_text_data.rdf	195101	[metatag = 5]야호이 동부
table_quest_text_data.rdf	195103	[metatag = 5]2
table_quest_text_data.rdf	195105	[metatag = 5]일반
table_quest_text_data.rdf	195106	[metatag = 5]야호이 동부의 고분을 지키기 위해 여기저기 부탁해놓았지만, 고분에서는 계속 출토품들이 유실되고 있다. 분명 레드팬츠군 녀석들이 어딘가로 빼돌리고 있으니 녀석들이 가진 상자에서 출토품들을 되찾아달라.
table_quest_text_data.rdf	195107	[metatag = 5]…
table_quest_text_data.rdf	195109	[metatag = 5]…
table_quest_text_data.rdf	195201	[metatag = 5]야호이 동부
table_quest_text_data.rdf	195203	[metatag = 5]3
table_quest_text_data.rdf	195205	[metatag = 5]일반
table_quest_text_data.rdf	195206	[metatag = 5]부우 기념관 주민들을 위협하는 레드팬츠군 잔당 녀석들의 리더를 제거하자.
table_quest_text_data.rdf	195207	[metatag = 5]…
table_quest_text_data.rdf	195209	[metatag = 5]…
table_quest_text_data.rdf	195301	[metatag = 5]야호이 동부
table_quest_text_data.rdf	195303	[metatag = 5]3
table_quest_text_data.rdf	195305	[metatag = 5]일반
table_quest_text_data.rdf	195306	[metatag = 5]아무래도 형인 미자이 박사와 과거 레드리본군의 겔로 박사 연구소를 찾아내는 내기에서 진것 같다. 하지만 자신은 형과의 내기보다 더 중요한 일이 있다. 바로 천재 과학자 게로 박사의 두뇌에 포함된 과학 기술을 손에 넣고 싶은 것. 어떻게든 게로 박사의 뇌조각을 수집해달라.
table_quest_text_data.rdf	195307	[metatag = 5]…
table_quest_text_data.rdf	195309	[metatag = 5]…
table_quest_text_data.rdf	195310	[metatag = 5]UD 2 Hard
table_quest_text_data.rdf	195401	[metatag = 5]야호이 동부
table_quest_text_data.rdf	195403	[metatag = 5]3
table_quest_text_data.rdf	195405	[metatag = 5]일반
table_quest_text_data.rdf	195407	[metatag = 5]…
table_quest_text_data.rdf	195409	[metatag = 5]…
table_quest_text_data.rdf	195410	[metatag = 5]UD 3 Normal
table_quest_text_data.rdf	195501	[metatag = 5]야호이 동부
table_quest_text_data.rdf	195503	[metatag = 5]2
table_quest_text_data.rdf	195505	[metatag = 5]일반
table_quest_text_data.rdf	195507	[metatag = 5]…
table_quest_text_data.rdf	195509	[metatag = 5]…
table_quest_text_data.rdf	195601	[metatag = 5]야호이 동부
table_quest_text_data.rdf	195603	[metatag = 5]2
table_quest_text_data.rdf	195605	[metatag = 5]일반
table_quest_text_data.rdf	195607	[metatag = 5]…
table_quest_text_data.rdf	195609	[metatag = 5]…
table_quest_text_data.rdf	195701	[metatag = 5]야호이 동부
table_quest_text_data.rdf	195703	[metatag = 5]2
table_quest_text_data.rdf	195705	[metatag = 5]일반
table_quest_text_data.rdf	195707	[metatag = 5]…
table_quest_text_data.rdf	195709	[metatag = 5]…
table_quest_text_data.rdf	195801	[metatag = 5]머쉬룸 북부
table_quest_text_data.rdf	195803	[metatag = 5]3
table_quest_text_data.rdf	195805	[metatag = 5]일반
table_quest_text_data.rdf	195807	[metatag = 5]…
table_quest_text_data.rdf	195809	[metatag = 5]…
table_quest_text_data.rdf	195810	[metatag = 5]UD 3 Normal
table_quest_text_data.rdf	195901	[metatag = 5]머쉬룸 북부
table_quest_text_data.rdf	195903	[metatag = 5]2
table_quest_text_data.rdf	195905	[metatag = 5]일반
table_quest_text_data.rdf	195907	[metatag = 5]…
table_quest_text_data.rdf	195909	[metatag = 5]…
table_quest_text_data.rdf	196001	[metatag = 5]머쉬룸 북부
table_quest_text_data.rdf	196003	[metatag = 5]2
table_quest_text_data.rdf	196005	[metatag = 5]일반
table_quest_text_data.rdf	196007	[metatag = 5]…
table_quest_text_data.rdf	196009	[metatag = 5]…
table_quest_text_data.rdf	196101	[metatag = 5]머쉬룸 북부
table_quest_text_data.rdf	196103	[metatag = 5]2
table_quest_text_data.rdf	196105	[metatag = 5]일반
table_quest_text_data.rdf	196107	[metatag = 5]…
table_quest_text_data.rdf	196109	[metatag = 5]…
table_quest_text_data.rdf	196201	[metatag = 5]머쉬룸 북부
table_quest_text_data.rdf	196203	[metatag = 5]3
table_quest_text_data.rdf	196205	[metatag = 5]일반
table_quest_text_data.rdf	196207	[metatag = 5]…
table_quest_text_data.rdf	196209	[metatag = 5]…
table_quest_text_data.rdf	196210	[metatag = 5]UD 3 Normal
table_quest_text_data.rdf	196301	[metatag = 5]머쉬룸 북부
table_quest_text_data.rdf	196303	[metatag = 5]3
table_quest_text_data.rdf	196305	[metatag = 5]일반
table_quest_text_data.rdf	196307	[metatag = 5]…
table_quest_text_data.rdf	196309	[metatag = 5]…
table_quest_text_data.rdf	196310	[metatag = 5]UD 1 Legend
table_quest_text_data.rdf	196401	[metatag = 5]머쉬룸 북부
table_quest_text_data.rdf	196403	[metatag = 5]3
table_quest_text_data.rdf	196405	[metatag = 5]일반
table_quest_text_data.rdf	196407	[metatag = 5]…
table_quest_text_data.rdf	196409	[metatag = 5]…
table_quest_text_data.rdf	196410	[metatag = 5]UD 2 Legend
table_quest_text_data.rdf	196501	[metatag = 5]머쉬룸 북부
table_quest_text_data.rdf	196503	[metatag = 5]3
table_quest_text_data.rdf	196505	[metatag = 5]일반
table_quest_text_data.rdf	196507	[metatag = 5]…
table_quest_text_data.rdf	196509	[metatag = 5]…
table_quest_text_data.rdf	196510	[metatag = 5]UD 3 Legend
table_quest_text_data.rdf	196601	[metatag = 5]머쉬룸 북부
table_quest_text_data.rdf	196603	[metatag = 5]2
table_quest_text_data.rdf	196605	[metatag = 5]일반
table_quest_text_data.rdf	196607	[metatag = 5]…
table_quest_text_data.rdf	196609	[metatag = 5]…
table_quest_text_data.rdf	196701	[metatag = 5]머쉬룸 북부
table_quest_text_data.rdf	196703	[metatag = 5]2
table_quest_text_data.rdf	196705	[metatag = 5]일반
table_quest_text_data.rdf	196707	[metatag = 5]…
table_quest_text_data.rdf	196709	[metatag = 5]…
table_quest_text_data.rdf	196801	[metatag = 5]머쉬룸 북부
table_quest_text_data.rdf	196803	[metatag = 5]2
table_quest_text_data.rdf	196805	[metatag = 5]일반
table_quest_text_data.rdf	196807	[metatag = 5]…
table_quest_text_data.rdf	196809	[metatag = 5]…
table_quest_text_data.rdf	196901	[metatag = 5]웨스트랜드
table_quest_text_data.rdf	196903	[metatag = 5]2
table_quest_text_data.rdf	196905	[metatag = 5]일반
table_quest_text_data.rdf	196907	[metatag = 5]…
table_quest_text_data.rdf	196909	[metatag = 5]…
table_quest_text_data.rdf	197001	[metatag = 5]웨스트랜드
table_quest_text_data.rdf	197003	[metatag = 5]2
table_quest_text_data.rdf	197005	[metatag = 5]일반
table_quest_text_data.rdf	197007	[metatag = 5]…
table_quest_text_data.rdf	197009	[metatag = 5]…
table_quest_text_data.rdf	197101	[metatag = 5]웨스트랜드
table_quest_text_data.rdf	197103	[metatag = 5]2
table_quest_text_data.rdf	197105	[metatag = 5]일반
table_quest_text_data.rdf	197107	[metatag = 5]…
table_quest_text_data.rdf	197109	[metatag = 5]…
table_quest_text_data.rdf	197201	[metatag = 5]야호이 동부
table_quest_text_data.rdf	197203	[metatag = 5]2
table_quest_text_data.rdf	197205	[metatag = 5]일반
table_quest_text_data.rdf	197207	[metatag = 5]…
table_quest_text_data.rdf	197209	[metatag = 5]…
table_quest_text_data.rdf	197301	[metatag = 5]머쉬룸 북부
table_quest_text_data.rdf	197303	[metatag = 5]2
table_quest_text_data.rdf	197305	[metatag = 5]일반
table_quest_text_data.rdf	197307	[metatag = 5]…
table_quest_text_data.rdf	197309	[metatag = 5]…
table_quest_text_data.rdf	197401	[metatag = 5]머쉬룸 남부
table_quest_text_data.rdf	197403	[metatag = 5]2
table_quest_text_data.rdf	197405	[metatag = 5]일반
table_quest_text_data.rdf	197407	[metatag = 5]…
table_quest_text_data.rdf	197409	[metatag = 5]…
table_quest_text_data.rdf	197501	[metatag = 5]겁나도
table_quest_text_data.rdf	197503	[metatag = 5]2
table_quest_text_data.rdf	197505	[metatag = 5]일반
table_quest_text_data.rdf	197507	[metatag = 5]…
table_quest_text_data.rdf	197509	[metatag = 5]…
table_quest_text_data.rdf	197601	[metatag = 5]머쉬룸 북부
table_quest_text_data.rdf	197603	[metatag = 5]2
table_quest_text_data.rdf	197605	[metatag = 5]일반
table_quest_text_data.rdf	197607	[metatag = 5]…
table_quest_text_data.rdf	197609	[metatag = 5]…
table_quest_text_data.rdf	200101	"[metatag = 5][place = ""100101000""]"
table_quest_text_data.rdf	200103	[metatag = 5]1
table_quest_text_data.rdf	200111	[metatag = 5]0
table_quest_text_data.rdf	200112	[metatag = 5]0
table_quest_text_data.rdf	200201	"[metatag = 5][place = ""100105000""]"
table_quest_text_data.rdf	200203	[metatag = 5]1
table_quest_text_data.rdf	200206	[metatag = 5]외로워~ 말아요~. 마스코트가~ 있잖아요~.
table_quest_text_data.rdf	200210	[metatag = 5]마스코트 캡슐 머신 사용
table_quest_text_data.rdf	200301	"[metatag = 5][place = ""100103000""]"
table_quest_text_data.rdf	200303	[metatag = 5]1
table_quest_text_data.rdf	200311	[metatag = 5]0
table_quest_text_data.rdf	200312	[metatag = 5]0
table_quest_text_data.rdf	200401	"[metatag = 5][place = ""100101000""]"
table_quest_text_data.rdf	200403	[metatag = 5]1
table_quest_text_data.rdf	200411	[metatag = 5]0
table_quest_text_data.rdf	200412	[metatag = 5]380
table_quest_text_data.rdf	200501	"[metatag = 5][place = ""100101000""]"
table_quest_text_data.rdf	200503	[metatag = 5]1
table_quest_text_data.rdf	200511	[metatag = 5]0
table_quest_text_data.rdf	200512	[metatag = 5]400
table_quest_text_data.rdf	200601	"[metatag = 5][place = ""100101000""]"
table_quest_text_data.rdf	200603	[metatag = 5]1
table_quest_text_data.rdf	200611	[metatag = 5]0
table_quest_text_data.rdf	200612	[metatag = 5]320
table_quest_text_data.rdf	200701	"[metatag = 5][place = ""100101000""]"
table_quest_text_data.rdf	200703	[metatag = 5]1
table_quest_text_data.rdf	200711	[metatag = 5]0
table_quest_text_data.rdf	200712	[metatag = 5]780
table_quest_text_data.rdf	200801	"[metatag = 5][place = ""100101000""]"
table_quest_text_data.rdf	200803	[metatag = 5]1
table_quest_text_data.rdf	200811	[metatag = 5]0
table_quest_text_data.rdf	200812	[metatag = 5]250
table_quest_text_data.rdf	200901	"[metatag = 5][place = ""100101000""]"
table_quest_text_data.rdf	200903	[metatag = 5]1
table_quest_text_data.rdf	200911	[metatag = 5]0
table_quest_text_data.rdf	200912	[metatag = 5]540
table_quest_text_data.rdf	201001	"[metatag = 5][place = ""100101000""]"
table_quest_text_data.rdf	201003	[metatag = 5]1
table_quest_text_data.rdf	201011	[metatag = 5]0
table_quest_text_data.rdf	201012	[metatag = 5]390
table_quest_text_data.rdf	201101	"[metatag = 5][place = ""100105000""]"
table_quest_text_data.rdf	201201	"[metatag = 5][place = ""100105000""]"
table_quest_text_data.rdf	201301	"[metatag = 5][place = ""100105000""]"
table_quest_text_data.rdf	201401	"[metatag = 5][place = ""100105000""]"
table_quest_text_data.rdf	201501	"[metatag = 5][place = ""100105000""]"
table_quest_text_data.rdf	201601	"[metatag = 5][place = ""100105000""]"
table_quest_text_data.rdf	201701	"[metatag = 5][place = ""100105000""]"
table_quest_text_data.rdf	201801	"[metatag = 5][place = ""100105000""]"
table_quest_text_data.rdf	201901	"[metatag = 5][place = ""100103000""]"
table_quest_text_data.rdf	201903	[metatag = 5]2
table_quest_text_data.rdf	201911	[metatag = 5]0
table_quest_text_data.rdf	201912	[metatag = 5]389
table_quest_text_data.rdf	202001	"[metatag = 5][place = ""100103000""]"
table_quest_text_data.rdf	202003	[metatag = 5]2
table_quest_text_data.rdf	202011	[metatag = 5]0
table_quest_text_data.rdf	202012	[metatag = 5]70
table_quest_text_data.rdf	202101	"[metatag = 5][place = ""100103000""]"
table_quest_text_data.rdf	202103	[metatag = 5]2
table_quest_text_data.rdf	202111	[metatag = 5]0
table_quest_text_data.rdf	202112	[metatag = 5]316
table_quest_text_data.rdf	202201	"[metatag = 5][place = ""100103000""]"
table_quest_text_data.rdf	202203	[metatag = 5]2
table_quest_text_data.rdf	202211	[metatag = 5]0
table_quest_text_data.rdf	202212	[metatag = 5]478
table_quest_text_data.rdf	202301	"[metatag = 5][place = ""100103000""]"
table_quest_text_data.rdf	202303	[metatag = 5]2
table_quest_text_data.rdf	202311	[metatag = 5]0
table_quest_text_data.rdf	202312	[metatag = 5]184
table_quest_text_data.rdf	202401	"[metatag = 5][place = ""100107000""]"
table_quest_text_data.rdf	202403	[metatag = 5]1
table_quest_text_data.rdf	202411	[metatag = 5]0
table_quest_text_data.rdf	202412	[metatag = 5]160
table_quest_text_data.rdf	202501	"[metatag = 5][place = ""100107000""]"
table_quest_text_data.rdf	202503	[metatag = 5]2
table_quest_text_data.rdf	202511	[metatag = 5]0
table_quest_text_data.rdf	202512	[metatag = 5]992
table_quest_text_data.rdf	202601	"[metatag = 5][place = ""100107000""]"
table_quest_text_data.rdf	202603	[metatag = 5]2
table_quest_text_data.rdf	202611	[metatag = 5]0
table_quest_text_data.rdf	202612	[metatag = 5]1694
table_quest_text_data.rdf	202701	"[metatag = 5][place = ""100107000""]"
table_quest_text_data.rdf	202703	[metatag = 5]3
table_quest_text_data.rdf	202711	[metatag = 5]0
table_quest_text_data.rdf	202712	[metatag = 5]30
table_quest_text_data.rdf	202801	"[metatag = 5][place = ""100107000""]"
table_quest_text_data.rdf	202803	[metatag = 5]3
table_quest_text_data.rdf	202811	[metatag = 5]0
table_quest_text_data.rdf	202812	[metatag = 5]306
table_quest_text_data.rdf	202901	"[metatag = 5][place = ""100107000""]"
table_quest_text_data.rdf	202903	[metatag = 5]2
table_quest_text_data.rdf	202911	[metatag = 5]0
table_quest_text_data.rdf	202912	[metatag = 5]100
table_quest_text_data.rdf	203001	"[metatag = 5][place = ""100107000""]"
table_quest_text_data.rdf	203003	[metatag = 5]3
table_quest_text_data.rdf	203011	[metatag = 5]0
table_quest_text_data.rdf	203012	[metatag = 5]1254
table_quest_text_data.rdf	203101	"[metatag = 5][place = ""100107000""]"
table_quest_text_data.rdf	203103	[metatag = 5]3
table_quest_text_data.rdf	203111	[metatag = 5]0
table_quest_text_data.rdf	203112	[metatag = 5]338
table_quest_text_data.rdf	203201	"[metatag = 5][place = ""100123000""]"
table_quest_text_data.rdf	203203	[metatag = 5]3
table_quest_text_data.rdf	203211	[metatag = 5]0
table_quest_text_data.rdf	203212	[metatag = 5]716
table_quest_text_data.rdf	203301	"[metatag = 5][place = ""100107000""]"
table_quest_text_data.rdf	203303	[metatag = 5]2
table_quest_text_data.rdf	203311	[metatag = 5]0
table_quest_text_data.rdf	203312	[metatag = 5]156
table_quest_text_data.rdf	203315	"[metatag = 5][object = ""463""]"
table_quest_text_data.rdf	203401	"[metatag = 5][place = ""100108000""]"
table_quest_text_data.rdf	203403	[metatag = 5]2
table_quest_text_data.rdf	203411	[metatag = 5]0
table_quest_text_data.rdf	203412	[metatag = 5]1494
table_quest_text_data.rdf	203501	"[metatag = 5][place = ""100108000""]"
table_quest_text_data.rdf	203503	[metatag = 5]2
table_quest_text_data.rdf	203511	[metatag = 5]0
table_quest_text_data.rdf	203512	[metatag = 5]622
table_quest_text_data.rdf	203601	"[metatag = 5][place = ""100108000""]"
table_quest_text_data.rdf	203603	[metatag = 5]2
table_quest_text_data.rdf	203611	[metatag = 5]0
table_quest_text_data.rdf	203612	[metatag = 5]914
table_quest_text_data.rdf	203703	[metatag = 5]3
table_quest_text_data.rdf	203711	[metatag = 5]0
table_quest_text_data.rdf	203712	[metatag = 5]341
table_quest_text_data.rdf	203803	[metatag = 5]1
table_quest_text_data.rdf	203811	[metatag = 5]0
table_quest_text_data.rdf	203812	[metatag = 5]343
table_quest_text_data.rdf	203903	[metatag = 5]2
table_quest_text_data.rdf	203911	[metatag = 5]0
table_quest_text_data.rdf	203912	[metatag = 5]961
table_quest_text_data.rdf	204003	[metatag = 5]2
table_quest_text_data.rdf	204011	[metatag = 5]0
table_quest_text_data.rdf	204012	[metatag = 5]986
table_quest_text_data.rdf	204103	[metatag = 5]2
table_quest_text_data.rdf	204111	[metatag = 5]0
table_quest_text_data.rdf	204112	[metatag = 5]1870
table_quest_text_data.rdf	204601	"[metatag = 5][place = ""100101000""]"
table_quest_text_data.rdf	204603	[metatag = 5]1
table_quest_text_data.rdf	204611	[metatag = 5]0
table_quest_text_data.rdf	204612	[metatag = 5]0
table_quest_text_data.rdf	204701	"[metatag = 5][place = ""100105000""]"
table_quest_text_data.rdf	204703	[metatag = 5]1
table_quest_text_data.rdf	204711	[metatag = 5]0
table_quest_text_data.rdf	204712	[metatag = 5]0
table_quest_text_data.rdf	204801	"[metatag = 5][place = ""100103000""]"
table_quest_text_data.rdf	204803	[metatag = 5]1
table_quest_text_data.rdf	204811	[metatag = 5]0
table_quest_text_data.rdf	204812	[metatag = 5]0
table_quest_text_data.rdf	210103	[metatag = 5]1
table_quest_text_data.rdf	210111	[metatag = 5]0
table_quest_text_data.rdf	210112	[metatag = 5]237
table_quest_text_data.rdf	210203	[metatag = 5]1
table_quest_text_data.rdf	210211	[metatag = 5]0
table_quest_text_data.rdf	210212	[metatag = 5]20
table_quest_text_data.rdf	210303	[metatag = 5]2
table_quest_text_data.rdf	210311	[metatag = 5]0
table_quest_text_data.rdf	210312	[metatag = 5]230
table_quest_text_data.rdf	210403	[metatag = 5]3
table_quest_text_data.rdf	210411	[metatag = 5]0
table_quest_text_data.rdf	210412	[metatag = 5]330
table_quest_text_data.rdf	210413	[metatag = 5]1
table_quest_text_data.rdf	210503	[metatag = 5]1
table_quest_text_data.rdf	210511	[metatag = 5]0
table_quest_text_data.rdf	210512	[metatag = 5]237
table_quest_text_data.rdf	210603	[metatag = 5]2
table_quest_text_data.rdf	210611	[metatag = 5]0
table_quest_text_data.rdf	210612	[metatag = 5]325
table_quest_text_data.rdf	210703	[metatag = 5]2
table_quest_text_data.rdf	210711	[metatag = 5]0
table_quest_text_data.rdf	210712	[metatag = 5]340
table_quest_text_data.rdf	210803	[metatag = 5]2
table_quest_text_data.rdf	210811	[metatag = 5]0
table_quest_text_data.rdf	210812	[metatag = 5]520
table_quest_text_data.rdf	210903	[metatag = 5]1
table_quest_text_data.rdf	210911	[metatag = 5]0
table_quest_text_data.rdf	210912	[metatag = 5]230
table_quest_text_data.rdf	211003	[metatag = 5]1
table_quest_text_data.rdf	211011	[metatag = 5]0
table_quest_text_data.rdf	211012	[metatag = 5]230
table_quest_text_data.rdf	211103	[metatag = 5]2
table_quest_text_data.rdf	211111	[metatag = 5]0
table_quest_text_data.rdf	211112	[metatag = 5]566
table_quest_text_data.rdf	211203	[metatag = 5]1
table_quest_text_data.rdf	211211	[metatag = 5]0
table_quest_text_data.rdf	211212	[metatag = 5]355
table_quest_text_data.rdf	211303	[metatag = 5]1
table_quest_text_data.rdf	211311	[metatag = 5]0
table_quest_text_data.rdf	211312	[metatag = 5]230
table_quest_text_data.rdf	211403	[metatag = 5]1
table_quest_text_data.rdf	211411	[metatag = 5]0
table_quest_text_data.rdf	211412	[metatag = 5]375
table_quest_text_data.rdf	211503	[metatag = 5]2
table_quest_text_data.rdf	211511	[metatag = 5]0
table_quest_text_data.rdf	211512	[metatag = 5]193
table_quest_text_data.rdf	211603	[metatag = 5]1
table_quest_text_data.rdf	211611	[metatag = 5]0
table_quest_text_data.rdf	211612	[metatag = 5]375
table_quest_text_data.rdf	211703	[metatag = 5]2
table_quest_text_data.rdf	211711	[metatag = 5]0
table_quest_text_data.rdf	211712	[metatag = 5]248
table_quest_text_data.rdf	211803	[metatag = 5]1
table_quest_text_data.rdf	211811	[metatag = 5]0
table_quest_text_data.rdf	211812	[metatag = 5]375
table_quest_text_data.rdf	211903	[metatag = 5]2
table_quest_text_data.rdf	211911	[metatag = 5]0
table_quest_text_data.rdf	211912	[metatag = 5]280
table_quest_text_data.rdf	212003	[metatag = 5]2
table_quest_text_data.rdf	212011	[metatag = 5]0
table_quest_text_data.rdf	212012	[metatag = 5]640
table_quest_text_data.rdf	212103	[metatag = 5]3
table_quest_text_data.rdf	212111	[metatag = 5]0
table_quest_text_data.rdf	212112	[metatag = 5]380
table_quest_text_data.rdf	212113	[metatag = 5]1
table_quest_text_data.rdf	212203	[metatag = 5]1
table_quest_text_data.rdf	212211	[metatag = 5]0
table_quest_text_data.rdf	212212	[metatag = 5]375
table_quest_text_data.rdf	212303	[metatag = 5]2
table_quest_text_data.rdf	212311	[metatag = 5]0
table_quest_text_data.rdf	212312	[metatag = 5]280
table_quest_text_data.rdf	212403	[metatag = 5]1
table_quest_text_data.rdf	212411	[metatag = 5]0
table_quest_text_data.rdf	212412	[metatag = 5]339
table_quest_text_data.rdf	212503	[metatag = 5]2
table_quest_text_data.rdf	212511	[metatag = 5]0
table_quest_text_data.rdf	212512	[metatag = 5]510
table_quest_text_data.rdf	212603	[metatag = 5]1
table_quest_text_data.rdf	212611	[metatag = 5]0
table_quest_text_data.rdf	212612	[metatag = 5]339
table_quest_text_data.rdf	212703	[metatag = 5]2
table_quest_text_data.rdf	212711	[metatag = 5]0
table_quest_text_data.rdf	212712	[metatag = 5]62
table_quest_text_data.rdf	212803	[metatag = 5]2
table_quest_text_data.rdf	212811	[metatag = 5]0
table_quest_text_data.rdf	212812	[metatag = 5]532
table_quest_text_data.rdf	212903	[metatag = 5]2
table_quest_text_data.rdf	212911	[metatag = 5]0
table_quest_text_data.rdf	212912	[metatag = 5]300
table_quest_text_data.rdf	213003	[metatag = 5]1
table_quest_text_data.rdf	213011	[metatag = 5]0
table_quest_text_data.rdf	213012	[metatag = 5]381
table_quest_text_data.rdf	213103	[metatag = 5]2
table_quest_text_data.rdf	213111	[metatag = 5]0
table_quest_text_data.rdf	213112	[metatag = 5]812
table_quest_text_data.rdf	213203	[metatag = 5]2
table_quest_text_data.rdf	213211	[metatag = 5]0
table_quest_text_data.rdf	213212	[metatag = 5]487
table_quest_text_data.rdf	213303	[metatag = 5]1
table_quest_text_data.rdf	213311	[metatag = 5]0
table_quest_text_data.rdf	213312	[metatag = 5]406
table_quest_text_data.rdf	213403	[metatag = 5]2
table_quest_text_data.rdf	213411	[metatag = 5]0
table_quest_text_data.rdf	213412	[metatag = 5]416
table_quest_text_data.rdf	213503	[metatag = 5]1
table_quest_text_data.rdf	213511	[metatag = 5]0
table_quest_text_data.rdf	213512	[metatag = 5]381
table_quest_text_data.rdf	213603	[metatag = 5]2
table_quest_text_data.rdf	213611	[metatag = 5]0
table_quest_text_data.rdf	213612	[metatag = 5]675
table_quest_text_data.rdf	213703	[metatag = 5]1
table_quest_text_data.rdf	213711	[metatag = 5]0
table_quest_text_data.rdf	213712	[metatag = 5]141
table_quest_text_data.rdf	213803	[metatag = 5]2
table_quest_text_data.rdf	213811	[metatag = 5]0
table_quest_text_data.rdf	213812	[metatag = 5]295
table_quest_text_data.rdf	213903	[metatag = 5]1
table_quest_text_data.rdf	213911	[metatag = 5]0
table_quest_text_data.rdf	213912	[metatag = 5]141
table_quest_text_data.rdf	214003	[metatag = 5]2
table_quest_text_data.rdf	214011	[metatag = 5]0
table_quest_text_data.rdf	214012	[metatag = 5]660
table_quest_text_data.rdf	214103	[metatag = 5]1
table_quest_text_data.rdf	214111	[metatag = 5]0
table_quest_text_data.rdf	214112	[metatag = 5]141
table_quest_text_data.rdf	214203	[metatag = 5]1
table_quest_text_data.rdf	214211	[metatag = 5]0
table_quest_text_data.rdf	214212	[metatag = 5]141
table_quest_text_data.rdf	214303	[metatag = 5]2
table_quest_text_data.rdf	214311	[metatag = 5]0
table_quest_text_data.rdf	214312	[metatag = 5]389
table_quest_text_data.rdf	214403	[metatag = 5]2
table_quest_text_data.rdf	214411	[metatag = 5]0
table_quest_text_data.rdf	214412	[metatag = 5]640
table_quest_text_data.rdf	214503	[metatag = 5]1
table_quest_text_data.rdf	214511	[metatag = 5]0
table_quest_text_data.rdf	214512	[metatag = 5]30
table_quest_text_data.rdf	214603	[metatag = 5]2
table_quest_text_data.rdf	214611	[metatag = 5]0
table_quest_text_data.rdf	214612	[metatag = 5]287
table_quest_text_data.rdf	214703	[metatag = 5]2
table_quest_text_data.rdf	214711	[metatag = 5]0
table_quest_text_data.rdf	214712	[metatag = 5]60
table_quest_text_data.rdf	214803	[metatag = 5]2
table_quest_text_data.rdf	214811	[metatag = 5]0
table_quest_text_data.rdf	214812	[metatag = 5]650
table_quest_text_data.rdf	214903	[metatag = 5]1
table_quest_text_data.rdf	214911	[metatag = 5]0
table_quest_text_data.rdf	214912	[metatag = 5]30
table_quest_text_data.rdf	215003	[metatag = 5]1
table_quest_text_data.rdf	215011	[metatag = 5]0
table_quest_text_data.rdf	215012	[metatag = 5]30
table_quest_text_data.rdf	215103	[metatag = 5]1
table_quest_text_data.rdf	215111	[metatag = 5]0
table_quest_text_data.rdf	215112	[metatag = 5]30
table_quest_text_data.rdf	215203	[metatag = 5]2
table_quest_text_data.rdf	215211	[metatag = 5]0
table_quest_text_data.rdf	215212	[metatag = 5]287
table_quest_text_data.rdf	215303	[metatag = 5]1
table_quest_text_data.rdf	215311	[metatag = 5]0
table_quest_text_data.rdf	215312	[metatag = 5]174
table_quest_text_data.rdf	215403	[metatag = 5]3
table_quest_text_data.rdf	215411	[metatag = 5]0
table_quest_text_data.rdf	215412	[metatag = 5]327
table_quest_text_data.rdf	215413	[metatag = 5]1
table_quest_text_data.rdf	215703	[metatag = 5]2
table_quest_text_data.rdf	215711	[metatag = 5]0
table_quest_text_data.rdf	215712	[metatag = 5]720
table_quest_text_data.rdf	215803	[metatag = 5]1
table_quest_text_data.rdf	215811	[metatag = 5]0
table_quest_text_data.rdf	215812	[metatag = 5]304
table_quest_text_data.rdf	215903	[metatag = 5]1
table_quest_text_data.rdf	215911	[metatag = 5]0
table_quest_text_data.rdf	215912	[metatag = 5]285
table_quest_text_data.rdf	216003	[metatag = 5]2
table_quest_text_data.rdf	216011	[metatag = 5]0
table_quest_text_data.rdf	216012	[metatag = 5]360
table_quest_text_data.rdf	216103	[metatag = 5]1
table_quest_text_data.rdf	216111	[metatag = 5]0
table_quest_text_data.rdf	216112	[metatag = 5]285
table_quest_text_data.rdf	216203	[metatag = 5]1
table_quest_text_data.rdf	216211	[metatag = 5]0
table_quest_text_data.rdf	216212	[metatag = 5]174
table_quest_text_data.rdf	216303	[metatag = 5]1
table_quest_text_data.rdf	216311	[metatag = 5]0
table_quest_text_data.rdf	216312	[metatag = 5]30
table_quest_text_data.rdf	216403	[metatag = 5]3
table_quest_text_data.rdf	216411	[metatag = 5]0
table_quest_text_data.rdf	216412	[metatag = 5]386
table_quest_text_data.rdf	216413	[metatag = 5]1
table_quest_text_data.rdf	216503	[metatag = 5]1
table_quest_text_data.rdf	216511	[metatag = 5]0
table_quest_text_data.rdf	216512	[metatag = 5]145
table_quest_text_data.rdf	216603	[metatag = 5]1
table_quest_text_data.rdf	216611	[metatag = 5]0
table_quest_text_data.rdf	216612	[metatag = 5]729
table_quest_text_data.rdf	216703	[metatag = 5]2
table_quest_text_data.rdf	216711	[metatag = 5]0
table_quest_text_data.rdf	216712	[metatag = 5]162
table_quest_text_data.rdf	216803	[metatag = 5]1
table_quest_text_data.rdf	216811	[metatag = 5]0
table_quest_text_data.rdf	216812	[metatag = 5]446
table_quest_text_data.rdf	216903	[metatag = 5]2
table_quest_text_data.rdf	216911	[metatag = 5]0
table_quest_text_data.rdf	216912	[metatag = 5]1140
table_quest_text_data.rdf	216920	"[metatag = 5][npc = ""3031305""]"
table_quest_text_data.rdf	217003	[metatag = 5]2
table_quest_text_data.rdf	217011	[metatag = 5]0
table_quest_text_data.rdf	217012	[metatag = 5]336
table_quest_text_data.rdf	217103	[metatag = 5]1
table_quest_text_data.rdf	217111	[metatag = 5]0
table_quest_text_data.rdf	217112	[metatag = 5]30
table_quest_text_data.rdf	217203	[metatag = 5]1
table_quest_text_data.rdf	217211	[metatag = 5]0
table_quest_text_data.rdf	217212	[metatag = 5]652
table_quest_text_data.rdf	217303	[metatag = 5]1
table_quest_text_data.rdf	217311	[metatag = 5]0
table_quest_text_data.rdf	217312	[metatag = 5]446
table_quest_text_data.rdf	217403	[metatag = 5]3
table_quest_text_data.rdf	217411	[metatag = 5]0
table_quest_text_data.rdf	217412	[metatag = 5]379
table_quest_text_data.rdf	217503	[metatag = 5]1
table_quest_text_data.rdf	217511	[metatag = 5]0
table_quest_text_data.rdf	217512	[metatag = 5]812
table_quest_text_data.rdf	217603	[metatag = 5]2
table_quest_text_data.rdf	217611	[metatag = 5]0
table_quest_text_data.rdf	217612	[metatag = 5]804
table_quest_text_data.rdf	217703	[metatag = 5]2
table_quest_text_data.rdf	217711	[metatag = 5]0
table_quest_text_data.rdf	217712	[metatag = 5]1480
table_quest_text_data.rdf	217803	[metatag = 5]1
table_quest_text_data.rdf	217811	[metatag = 5]0
table_quest_text_data.rdf	217812	[metatag = 5]30
table_quest_text_data.rdf	217903	[metatag = 5]1
table_quest_text_data.rdf	217911	[metatag = 5]0
table_quest_text_data.rdf	217912	[metatag = 5]812
table_quest_text_data.rdf	218003	[metatag = 5]3
table_quest_text_data.rdf	218011	[metatag = 5]0
table_quest_text_data.rdf	218012	[metatag = 5]450
table_quest_text_data.rdf	218013	[metatag = 5]1
table_quest_text_data.rdf	218103	[metatag = 5]1
table_quest_text_data.rdf	218111	[metatag = 5]0
table_quest_text_data.rdf	218112	[metatag = 5]686
table_quest_text_data.rdf	218203	[metatag = 5]2
table_quest_text_data.rdf	218211	[metatag = 5]0
table_quest_text_data.rdf	218212	[metatag = 5]665
table_quest_text_data.rdf	218303	[metatag = 5]1
table_quest_text_data.rdf	218311	[metatag = 5]0
table_quest_text_data.rdf	218312	[metatag = 5]446
table_quest_text_data.rdf	218403	[metatag = 5]1
table_quest_text_data.rdf	218411	[metatag = 5]0
table_quest_text_data.rdf	218412	[metatag = 5]963
table_quest_text_data.rdf	218503	[metatag = 5]2
table_quest_text_data.rdf	218511	[metatag = 5]0
table_quest_text_data.rdf	218512	[metatag = 5]844
table_quest_text_data.rdf	218603	[metatag = 5]1
table_quest_text_data.rdf	218611	[metatag = 5]0
table_quest_text_data.rdf	218612	[metatag = 5]139
table_quest_text_data.rdf	218703	[metatag = 5]1
table_quest_text_data.rdf	218711	[metatag = 5]0
table_quest_text_data.rdf	218712	[metatag = 5]963
table_quest_text_data.rdf	218803	[metatag = 5]3
table_quest_text_data.rdf	218811	[metatag = 5]0
table_quest_text_data.rdf	218812	[metatag = 5]400
table_quest_text_data.rdf	218813	[metatag = 5]1
table_quest_text_data.rdf	218903	[metatag = 5]1
table_quest_text_data.rdf	218911	[metatag = 5]0
table_quest_text_data.rdf	218912	[metatag = 5]124
table_quest_text_data.rdf	219003	[metatag = 5]1
table_quest_text_data.rdf	219011	[metatag = 5]0
table_quest_text_data.rdf	219012	[metatag = 5]124
table_quest_text_data.rdf	219103	[metatag = 5]1
table_quest_text_data.rdf	219111	[metatag = 5]0
table_quest_text_data.rdf	219112	[metatag = 5]124
table_quest_text_data.rdf	219203	[metatag = 5]2
table_quest_text_data.rdf	219211	[metatag = 5]0
table_quest_text_data.rdf	219212	[metatag = 5]128
table_quest_text_data.rdf	219220	"[metatag = 5][npc = ""4152116""]"
table_quest_text_data.rdf	219303	[metatag = 5]2
table_quest_text_data.rdf	219311	[metatag = 5]0
table_quest_text_data.rdf	219312	[metatag = 5]284
table_quest_text_data.rdf	219403	[metatag = 5]1
table_quest_text_data.rdf	219411	[metatag = 5]0
table_quest_text_data.rdf	219412	[metatag = 5]124
table_quest_text_data.rdf	219503	[metatag = 5]2
table_quest_text_data.rdf	219511	[metatag = 5]0
table_quest_text_data.rdf	219512	[metatag = 5]362
table_quest_text_data.rdf	219603	[metatag = 5]1
table_quest_text_data.rdf	219611	[metatag = 5]0
table_quest_text_data.rdf	219612	[metatag = 5]128
table_quest_text_data.rdf	219703	[metatag = 5]2
table_quest_text_data.rdf	219711	[metatag = 5]0
table_quest_text_data.rdf	219712	[metatag = 5]380
table_quest_text_data.rdf	219803	[metatag = 5]2
table_quest_text_data.rdf	219811	[metatag = 5]0
table_quest_text_data.rdf	219812	[metatag = 5]420
table_quest_text_data.rdf	219903	[metatag = 5]3
table_quest_text_data.rdf	219911	[metatag = 5]0
table_quest_text_data.rdf	219912	[metatag = 5]160
table_quest_text_data.rdf	220003	[metatag = 5]2
table_quest_text_data.rdf	220011	[metatag = 5]0
table_quest_text_data.rdf	220012	[metatag = 5]524
table_quest_text_data.rdf	220103	[metatag = 5]1
table_quest_text_data.rdf	220111	[metatag = 5]0
table_quest_text_data.rdf	220112	[metatag = 5]167
table_quest_text_data.rdf	220203	[metatag = 5]2
table_quest_text_data.rdf	220211	[metatag = 5]0
table_quest_text_data.rdf	220212	[metatag = 5]-1
table_quest_text_data.rdf	220303	[metatag = 5]1
table_quest_text_data.rdf	220311	[metatag = 5]0
table_quest_text_data.rdf	220312	[metatag = 5]-1
table_quest_text_data.rdf	220403	[metatag = 5]1
table_quest_text_data.rdf	220411	[metatag = 5]0
table_quest_text_data.rdf	220412	[metatag = 5]-1
table_quest_text_data.rdf	220503	[metatag = 5]1
table_quest_text_data.rdf	220511	[metatag = 5]0
table_quest_text_data.rdf	220512	[metatag = 5]-1
table_quest_text_data.rdf	220515	[metatag = 5]...
table_quest_text_data.rdf	220603	[metatag = 5]1
table_quest_text_data.rdf	220611	[metatag = 5]0
table_quest_text_data.rdf	220612	[metatag = 5]250
table_quest_text_data.rdf	220703	[metatag = 5]2
table_quest_text_data.rdf	220711	[metatag = 5]0
table_quest_text_data.rdf	220712	[metatag = 5]164
table_quest_text_data.rdf	220720	"[metatag = 5][npc = ""4511517""]"
table_quest_text_data.rdf	220803	[metatag = 5]2
table_quest_text_data.rdf	220811	[metatag = 5]0
table_quest_text_data.rdf	220812	[metatag = 5]288
table_quest_text_data.rdf	220903	[metatag = 5]1
table_quest_text_data.rdf	220911	[metatag = 5]0
table_quest_text_data.rdf	220912	[metatag = 5]126
table_quest_text_data.rdf	221003	[metatag = 5]2
table_quest_text_data.rdf	221011	[metatag = 5]0
table_quest_text_data.rdf	221012	[metatag = 5]483
table_quest_text_data.rdf	221103	[metatag = 5]1
table_quest_text_data.rdf	221111	[metatag = 5]0
table_quest_text_data.rdf	221112	[metatag = 5]235
table_quest_text_data.rdf	221203	[metatag = 5]1
table_quest_text_data.rdf	221211	[metatag = 5]0
table_quest_text_data.rdf	221212	[metatag = 5]235
table_quest_text_data.rdf	221303	[metatag = 5]1
table_quest_text_data.rdf	221311	[metatag = 5]0
table_quest_text_data.rdf	221312	[metatag = 5]522
table_quest_text_data.rdf	221403	[metatag = 5]2
table_quest_text_data.rdf	221411	[metatag = 5]0
table_quest_text_data.rdf	221412	[metatag = 5]30
table_quest_text_data.rdf	221503	[metatag = 5]2
table_quest_text_data.rdf	221511	[metatag = 5]0
table_quest_text_data.rdf	221512	[metatag = 5]630
table_quest_text_data.rdf	221603	[metatag = 5]1
table_quest_text_data.rdf	221611	[metatag = 5]0
table_quest_text_data.rdf	221612	[metatag = 5]-1
table_quest_text_data.rdf	221703	[metatag = 5]2
table_quest_text_data.rdf	221711	[metatag = 5]0
table_quest_text_data.rdf	221712	[metatag = 5]-1
table_quest_text_data.rdf	221803	[metatag = 5]1
table_quest_text_data.rdf	221811	[metatag = 5]0
table_quest_text_data.rdf	221812	[metatag = 5]-1
table_quest_text_data.rdf	221903	[metatag = 5]2
table_quest_text_data.rdf	221911	[metatag = 5]0
table_quest_text_data.rdf	221912	[metatag = 5]480
table_quest_text_data.rdf	222003	[metatag = 5]2
table_quest_text_data.rdf	222011	[metatag = 5]0
table_quest_text_data.rdf	222012	[metatag = 5]430
table_quest_text_data.rdf	222103	[metatag = 5]3
table_quest_text_data.rdf	222111	[metatag = 5]0
table_quest_text_data.rdf	222112	[metatag = 5]-1
table_quest_text_data.rdf	222203	[metatag = 5]2
table_quest_text_data.rdf	222211	[metatag = 5]0
table_quest_text_data.rdf	222212	[metatag = 5]-1
table_quest_text_data.rdf	222303	[metatag = 5]1
table_quest_text_data.rdf	222311	[metatag = 5]0
table_quest_text_data.rdf	222312	[metatag = 5]-1
table_quest_text_data.rdf	222403	[metatag = 5]2
table_quest_text_data.rdf	222411	[metatag = 5]0
table_quest_text_data.rdf	222412	[metatag = 5]-1
table_quest_text_data.rdf	222503	[metatag = 5]1
table_quest_text_data.rdf	222511	[metatag = 5]0
table_quest_text_data.rdf	222512	[metatag = 5]-1
table_quest_text_data.rdf	222603	[metatag = 5]1
table_quest_text_data.rdf	222611	[metatag = 5]0
table_quest_text_data.rdf	222612	[metatag = 5]-1
table_quest_text_data.rdf	222703	[metatag = 5]2
table_quest_text_data.rdf	222711	[metatag = 5]0
table_quest_text_data.rdf	222712	[metatag = 5]-1
table_quest_text_data.rdf	222803	[metatag = 5]1
table_quest_text_data.rdf	222811	[metatag = 5]0
table_quest_text_data.rdf	222812	[metatag = 5]-1
table_quest_text_data.rdf	222903	[metatag = 5]2
table_quest_text_data.rdf	222911	[metatag = 5]0
table_quest_text_data.rdf	222912	[metatag = 5]-1
table_quest_text_data.rdf	222921	[metatag = 5]…
table_quest_text_data.rdf	223003	[metatag = 5]2
table_quest_text_data.rdf	223011	[metatag = 5]0
table_quest_text_data.rdf	223012	[metatag = 5]-1
table_quest_text_data.rdf	223103	[metatag = 5]1
table_quest_text_data.rdf	223111	[metatag = 5]0
table_quest_text_data.rdf	223112	[metatag = 5]-1
table_quest_text_data.rdf	223203	[metatag = 5]2
table_quest_text_data.rdf	223211	[metatag = 5]0
table_quest_text_data.rdf	223212	[metatag = 5]-1
table_quest_text_data.rdf	223303	[metatag = 5]1
table_quest_text_data.rdf	223311	[metatag = 5]0
table_quest_text_data.rdf	223312	[metatag = 5]-1
table_quest_text_data.rdf	223403	[metatag = 5]2
table_quest_text_data.rdf	223411	[metatag = 5]0
table_quest_text_data.rdf	223412	[metatag = 5]512
table_quest_text_data.rdf	223503	[metatag = 5]1
table_quest_text_data.rdf	223511	[metatag = 5]0
table_quest_text_data.rdf	223512	[metatag = 5]955
table_quest_text_data.rdf	223603	[metatag = 5]2
table_quest_text_data.rdf	223611	[metatag = 5]0
table_quest_text_data.rdf	223612	[metatag = 5]708
table_quest_text_data.rdf	223703	[metatag = 5]1
table_quest_text_data.rdf	223711	[metatag = 5]0
table_quest_text_data.rdf	223712	[metatag = 5]189
table_quest_text_data.rdf	223803	[metatag = 5]2
table_quest_text_data.rdf	223811	[metatag = 5]0
table_quest_text_data.rdf	223812	[metatag = 5]955
table_quest_text_data.rdf	223903	[metatag = 5]2
table_quest_text_data.rdf	223911	[metatag = 5]0
table_quest_text_data.rdf	223912	[metatag = 5]684
table_quest_text_data.rdf	224003	[metatag = 5]1
table_quest_text_data.rdf	224011	[metatag = 5]0
table_quest_text_data.rdf	224012	[metatag = 5]897
table_quest_text_data.rdf	224103	[metatag = 5]2
table_quest_text_data.rdf	224111	[metatag = 5]0
table_quest_text_data.rdf	224112	[metatag = 5]2414
table_quest_text_data.rdf	224203	[metatag = 5]1
table_quest_text_data.rdf	224211	[metatag = 5]0
table_quest_text_data.rdf	224212	[metatag = 5]897
table_quest_text_data.rdf	224303	[metatag = 5]2
table_quest_text_data.rdf	224311	[metatag = 5]0
table_quest_text_data.rdf	224312	[metatag = 5]523
table_quest_text_data.rdf	224403	[metatag = 5]2
table_quest_text_data.rdf	224411	[metatag = 5]0
table_quest_text_data.rdf	224412	[metatag = 5]437
table_quest_text_data.rdf	224503	[metatag = 5]3
table_quest_text_data.rdf	224511	[metatag = 5]0
table_quest_text_data.rdf	224512	[metatag = 5]-1
table_quest_text_data.rdf	224603	[metatag = 5]2
table_quest_text_data.rdf	224611	[metatag = 5]0
table_quest_text_data.rdf	224612	[metatag = 5]-1
table_quest_text_data.rdf	224703	[metatag = 5]1
table_quest_text_data.rdf	224711	[metatag = 5]0
table_quest_text_data.rdf	224712	[metatag = 5]-1
table_quest_text_data.rdf	224803	[metatag = 5]1
table_quest_text_data.rdf	224811	[metatag = 5]0
table_quest_text_data.rdf	224812	[metatag = 5]-1
table_quest_text_data.rdf	224903	[metatag = 5]1
table_quest_text_data.rdf	224911	[metatag = 5]0
table_quest_text_data.rdf	224912	[metatag = 5]534
table_quest_text_data.rdf	225003	[metatag = 5]1
table_quest_text_data.rdf	225011	[metatag = 5]0
table_quest_text_data.rdf	225012	[metatag = 5]534
table_quest_text_data.rdf	225103	[metatag = 5]2
table_quest_text_data.rdf	225111	[metatag = 5]0
table_quest_text_data.rdf	225112	[metatag = 5]481
table_quest_text_data.rdf	225203	[metatag = 5]1
table_quest_text_data.rdf	225211	[metatag = 5]0
table_quest_text_data.rdf	225212	[metatag = 5]840
table_quest_text_data.rdf	225303	[metatag = 5]2
table_quest_text_data.rdf	225311	[metatag = 5]0
table_quest_text_data.rdf	225312	[metatag = 5]1670
table_quest_text_data.rdf	225403	[metatag = 5]1
table_quest_text_data.rdf	225411	[metatag = 5]0
table_quest_text_data.rdf	225412	[metatag = 5]350
table_quest_text_data.rdf	225503	[metatag = 5]1
table_quest_text_data.rdf	225511	[metatag = 5]0
table_quest_text_data.rdf	225512	[metatag = 5]600
table_quest_text_data.rdf	225603	[metatag = 5]1
table_quest_text_data.rdf	225611	[metatag = 5]0
table_quest_text_data.rdf	225612	[metatag = 5]50
table_quest_text_data.rdf	225703	[metatag = 5]1
table_quest_text_data.rdf	225711	[metatag = 5]0
table_quest_text_data.rdf	225712	[metatag = 5]307
table_quest_text_data.rdf	225803	[metatag = 5]2
table_quest_text_data.rdf	225811	[metatag = 5]0
table_quest_text_data.rdf	225812	[metatag = 5]614
table_quest_text_data.rdf	225903	[metatag = 5]2
table_quest_text_data.rdf	225911	[metatag = 5]0
table_quest_text_data.rdf	225912	[metatag = 5]890
table_quest_text_data.rdf	226003	[metatag = 5]1
table_quest_text_data.rdf	226011	[metatag = 5]0
table_quest_text_data.rdf	226012	[metatag = 5]415
table_quest_text_data.rdf	226103	[metatag = 5]1
table_quest_text_data.rdf	226111	[metatag = 5]0
table_quest_text_data.rdf	226112	[metatag = 5]260
table_quest_text_data.rdf	226203	[metatag = 5]1
table_quest_text_data.rdf	226211	[metatag = 5]0
table_quest_text_data.rdf	226212	[metatag = 5]113
table_quest_text_data.rdf	226303	[metatag = 5]2
table_quest_text_data.rdf	226311	[metatag = 5]0
table_quest_text_data.rdf	226312	[metatag = 5]1340
table_quest_text_data.rdf	226403	[metatag = 5]2
table_quest_text_data.rdf	226411	[metatag = 5]0
table_quest_text_data.rdf	226412	[metatag = 5]2476
table_quest_text_data.rdf	226503	[metatag = 5]1
table_quest_text_data.rdf	226511	[metatag = 5]0
table_quest_text_data.rdf	226512	[metatag = 5]100
table_quest_text_data.rdf	226603	[metatag = 5]1
table_quest_text_data.rdf	226611	[metatag = 5]0
table_quest_text_data.rdf	226612	[metatag = 5]206
table_quest_text_data.rdf	226703	[metatag = 5]1
table_quest_text_data.rdf	226711	[metatag = 5]0
table_quest_text_data.rdf	226712	[metatag = 5]350
table_quest_text_data.rdf	226803	[metatag = 5]2
table_quest_text_data.rdf	226811	[metatag = 5]0
table_quest_text_data.rdf	226812	[metatag = 5]620
table_quest_text_data.rdf	226903	[metatag = 5]3
table_quest_text_data.rdf	226911	[metatag = 5]0
table_quest_text_data.rdf	226912	[metatag = 5]660
table_quest_text_data.rdf	226913	[metatag = 5]1
table_quest_text_data.rdf	227003	[metatag = 5]1
table_quest_text_data.rdf	227011	[metatag = 5]0
table_quest_text_data.rdf	227012	[metatag = 5]369
table_quest_text_data.rdf	227103	[metatag = 5]2
table_quest_text_data.rdf	227111	[metatag = 5]0
table_quest_text_data.rdf	227112	[metatag = 5]1300
table_quest_text_data.rdf	227203	[metatag = 5]1
table_quest_text_data.rdf	227211	[metatag = 5]0
table_quest_text_data.rdf	227212	[metatag = 5]240
table_quest_text_data.rdf	227303	[metatag = 5]2
table_quest_text_data.rdf	227311	[metatag = 5]0
table_quest_text_data.rdf	227312	[metatag = 5]480
table_quest_text_data.rdf	227403	[metatag = 5]2
table_quest_text_data.rdf	227411	[metatag = 5]0
table_quest_text_data.rdf	227412	[metatag = 5]360
table_quest_text_data.rdf	227503	[metatag = 5]1
table_quest_text_data.rdf	227511	[metatag = 5]0
table_quest_text_data.rdf	227512	[metatag = 5]240
table_quest_text_data.rdf	227603	[metatag = 5]1
table_quest_text_data.rdf	227611	[metatag = 5]0
table_quest_text_data.rdf	227612	[metatag = 5]240
table_quest_text_data.rdf	227703	[metatag = 5]1
table_quest_text_data.rdf	227711	[metatag = 5]0
table_quest_text_data.rdf	227712	[metatag = 5]-1
table_quest_text_data.rdf	227803	[metatag = 5]2
table_quest_text_data.rdf	227811	[metatag = 5]0
table_quest_text_data.rdf	227812	[metatag = 5]-1
table_quest_text_data.rdf	227821	[metatag = 5]…
table_quest_text_data.rdf	227903	[metatag = 5]2
table_quest_text_data.rdf	227911	[metatag = 5]0
table_quest_text_data.rdf	227912	[metatag = 5]-1
table_quest_text_data.rdf	228003	[metatag = 5]1
table_quest_text_data.rdf	228011	[metatag = 5]0
table_quest_text_data.rdf	228012	[metatag = 5]-1
table_quest_text_data.rdf	228103	[metatag = 5]2
table_quest_text_data.rdf	228111	[metatag = 5]0
table_quest_text_data.rdf	228112	[metatag = 5]-1
table_quest_text_data.rdf	228203	[metatag = 5]1
table_quest_text_data.rdf	228211	[metatag = 5]0
table_quest_text_data.rdf	228212	[metatag = 5]-1
table_quest_text_data.rdf	228303	[metatag = 5]2
table_quest_text_data.rdf	228311	[metatag = 5]0
table_quest_text_data.rdf	228312	[metatag = 5]-1
table_quest_text_data.rdf	228403	[metatag = 5]3
table_quest_text_data.rdf	228411	[metatag = 5]0
table_quest_text_data.rdf	228412	[metatag = 5]-1
table_quest_text_data.rdf	228503	[metatag = 5]2
table_quest_text_data.rdf	228511	[metatag = 5]0
table_quest_text_data.rdf	228512	[metatag = 5]670
table_quest_text_data.rdf	228603	[metatag = 5]2
table_quest_text_data.rdf	228611	[metatag = 5]0
table_quest_text_data.rdf	228612	[metatag = 5]640
table_quest_text_data.rdf	228703	[metatag = 5]1
table_quest_text_data.rdf	228711	[metatag = 5]0
table_quest_text_data.rdf	228712	[metatag = 5]250
table_quest_text_data.rdf	228803	[metatag = 5]2
table_quest_text_data.rdf	228811	[metatag = 5]0
table_quest_text_data.rdf	228812	[metatag = 5]800
table_quest_text_data.rdf	228903	[metatag = 5]1
table_quest_text_data.rdf	228911	[metatag = 5]0
table_quest_text_data.rdf	228912	[metatag = 5]250
table_quest_text_data.rdf	229003	[metatag = 5]1
table_quest_text_data.rdf	229011	[metatag = 5]0
table_quest_text_data.rdf	229012	[metatag = 5]250
table_quest_text_data.rdf	229103	[metatag = 5]1
table_quest_text_data.rdf	229111	[metatag = 5]0
table_quest_text_data.rdf	229112	[metatag = 5]250
table_quest_text_data.rdf	229203	[metatag = 5]1
table_quest_text_data.rdf	229211	[metatag = 5]0
table_quest_text_data.rdf	229212	[metatag = 5]30
table_quest_text_data.rdf	229303	[metatag = 5]2
table_quest_text_data.rdf	229311	[metatag = 5]0
table_quest_text_data.rdf	229312	[metatag = 5]500
table_quest_text_data.rdf	229403	[metatag = 5]1
table_quest_text_data.rdf	229411	[metatag = 5]0
table_quest_text_data.rdf	229412	[metatag = 5]30
table_quest_text_data.rdf	229503	[metatag = 5]2
table_quest_text_data.rdf	229511	[metatag = 5]0
table_quest_text_data.rdf	229512	[metatag = 5]1180
table_quest_text_data.rdf	229603	[metatag = 5]2
table_quest_text_data.rdf	229611	[metatag = 5]0
table_quest_text_data.rdf	229612	[metatag = 5]640
table_quest_text_data.rdf	229703	[metatag = 5]1
table_quest_text_data.rdf	229711	[metatag = 5]0
table_quest_text_data.rdf	229712	[metatag = 5]660
table_quest_text_data.rdf	229803	[metatag = 5]2
table_quest_text_data.rdf	229811	[metatag = 5]0
table_quest_text_data.rdf	229812	[metatag = 5]1320
table_quest_text_data.rdf	229903	[metatag = 5]2
table_quest_text_data.rdf	229911	[metatag = 5]0
table_quest_text_data.rdf	229912	[metatag = 5]760
table_quest_text_data.rdf	230003	[metatag = 5]1
table_quest_text_data.rdf	230011	[metatag = 5]0
table_quest_text_data.rdf	230012	[metatag = 5]250
table_quest_text_data.rdf	230103	[metatag = 5]2
table_quest_text_data.rdf	230111	[metatag = 5]0
table_quest_text_data.rdf	230112	[metatag = 5]800
table_quest_text_data.rdf	230203	[metatag = 5]1
table_quest_text_data.rdf	230211	[metatag = 5]0
table_quest_text_data.rdf	230212	[metatag = 5]250
table_quest_text_data.rdf	230303	[metatag = 5]2
table_quest_text_data.rdf	230311	[metatag = 5]0
table_quest_text_data.rdf	230312	[metatag = 5]700
table_quest_text_data.rdf	230403	[metatag = 5]2
table_quest_text_data.rdf	230411	[metatag = 5]0
table_quest_text_data.rdf	230412	[metatag = 5]1260
table_quest_text_data.rdf	230503	[metatag = 5]3
table_quest_text_data.rdf	230511	[metatag = 5]0
table_quest_text_data.rdf	230512	[metatag = 5]750
table_quest_text_data.rdf	230513	[metatag = 5]1
table_quest_text_data.rdf	230603	[metatag = 5]1
table_quest_text_data.rdf	230611	[metatag = 5]0
table_quest_text_data.rdf	230612	[metatag = 5]25
table_quest_text_data.rdf	230703	[metatag = 5]1
table_quest_text_data.rdf	230711	[metatag = 5]0
table_quest_text_data.rdf	230712	[metatag = 5]300
table_quest_text_data.rdf	230803	[metatag = 5]2
table_quest_text_data.rdf	230811	[metatag = 5]0
table_quest_text_data.rdf	230812	[metatag = 5]190
table_quest_text_data.rdf	230903	[metatag = 5]1
table_quest_text_data.rdf	230911	[metatag = 5]0
table_quest_text_data.rdf	230912	[metatag = 5]300
table_quest_text_data.rdf	231003	[metatag = 5]1
table_quest_text_data.rdf	231011	[metatag = 5]0
table_quest_text_data.rdf	231012	[metatag = 5]747
table_quest_text_data.rdf	231103	[metatag = 5]2
table_quest_text_data.rdf	231111	[metatag = 5]0
table_quest_text_data.rdf	231112	[metatag = 5]1675
table_quest_text_data.rdf	231203	[metatag = 5]1
table_quest_text_data.rdf	231211	[metatag = 5]0
table_quest_text_data.rdf	231212	[metatag = 5]320
table_quest_text_data.rdf	231303	[metatag = 5]2
table_quest_text_data.rdf	231311	[metatag = 5]0
table_quest_text_data.rdf	231312	[metatag = 5]1820
table_quest_text_data.rdf	231403	[metatag = 5]1
table_quest_text_data.rdf	231411	[metatag = 5]0
table_quest_text_data.rdf	231412	[metatag = 5]195
table_quest_text_data.rdf	231503	[metatag = 5]1
table_quest_text_data.rdf	231511	[metatag = 5]0
table_quest_text_data.rdf	231512	[metatag = 5]255
table_quest_text_data.rdf	231603	[metatag = 5]1
table_quest_text_data.rdf	231611	[metatag = 5]0
table_quest_text_data.rdf	231612	[metatag = 5]350
table_quest_text_data.rdf	231703	[metatag = 5]1
table_quest_text_data.rdf	231711	[metatag = 5]0
table_quest_text_data.rdf	231712	[metatag = 5]350
table_quest_text_data.rdf	231803	[metatag = 5]2
table_quest_text_data.rdf	231811	[metatag = 5]0
table_quest_text_data.rdf	231812	[metatag = 5]880
table_quest_text_data.rdf	231903	[metatag = 5]1
table_quest_text_data.rdf	231911	[metatag = 5]0
table_quest_text_data.rdf	231912	[metatag = 5]106
table_quest_text_data.rdf	232003	[metatag = 5]2
table_quest_text_data.rdf	232011	[metatag = 5]0
table_quest_text_data.rdf	232012	[metatag = 5]720
table_quest_text_data.rdf	232103	[metatag = 5]2
table_quest_text_data.rdf	232111	[metatag = 5]0
table_quest_text_data.rdf	232112	[metatag = 5]530
table_quest_text_data.rdf	232203	[metatag = 5]1
table_quest_text_data.rdf	232211	[metatag = 5]0
table_quest_text_data.rdf	232212	[metatag = 5]-1
table_quest_text_data.rdf	232303	[metatag = 5]2
table_quest_text_data.rdf	232311	[metatag = 5]0
table_quest_text_data.rdf	232312	[metatag = 5]-1
table_quest_text_data.rdf	232403	[metatag = 5]2
table_quest_text_data.rdf	232411	[metatag = 5]0
table_quest_text_data.rdf	232412	[metatag = 5]-1
table_quest_text_data.rdf	232503	[metatag = 5]3
table_quest_text_data.rdf	232511	[metatag = 5]0
table_quest_text_data.rdf	232512	[metatag = 5]-1
table_quest_text_data.rdf	232603	[metatag = 5]2
table_quest_text_data.rdf	232611	[metatag = 5]0
table_quest_text_data.rdf	232612	[metatag = 5]-1
table_quest_text_data.rdf	232703	[metatag = 5]1
table_quest_text_data.rdf	232711	[metatag = 5]0
table_quest_text_data.rdf	232712	[metatag = 5]-1
table_quest_text_data.rdf	232803	[metatag = 5]2
table_quest_text_data.rdf	232811	[metatag = 5]0
table_quest_text_data.rdf	232812	[metatag = 5]205
table_quest_text_data.rdf	232903	[metatag = 5]1
table_quest_text_data.rdf	232911	[metatag = 5]0
table_quest_text_data.rdf	232912	[metatag = 5]805
table_quest_text_data.rdf	233003	[metatag = 5]1
table_quest_text_data.rdf	233011	[metatag = 5]0
table_quest_text_data.rdf	233012	[metatag = 5]330
table_quest_text_data.rdf	233103	[metatag = 5]2
table_quest_text_data.rdf	233111	[metatag = 5]0
table_quest_text_data.rdf	233112	[metatag = 5]710
table_quest_text_data.rdf	233203	[metatag = 5]1
table_quest_text_data.rdf	233211	[metatag = 5]0
table_quest_text_data.rdf	233212	[metatag = 5]865
table_quest_text_data.rdf	233303	[metatag = 5]2
table_quest_text_data.rdf	233311	[metatag = 5]0
table_quest_text_data.rdf	233312	[metatag = 5]600
table_quest_text_data.rdf	233403	[metatag = 5]2
table_quest_text_data.rdf	233411	[metatag = 5]0
table_quest_text_data.rdf	233412	[metatag = 5]1758
table_quest_text_data.rdf	233503	[metatag = 5]1
table_quest_text_data.rdf	233511	[metatag = 5]0
table_quest_text_data.rdf	233512	[metatag = 5]243
table_quest_text_data.rdf	233603	[metatag = 5]1
table_quest_text_data.rdf	233611	[metatag = 5]0
table_quest_text_data.rdf	233612	[metatag = 5]243
table_quest_text_data.rdf	233703	[metatag = 5]1
table_quest_text_data.rdf	233711	[metatag = 5]0
table_quest_text_data.rdf	233712	[metatag = 5]-1
table_quest_text_data.rdf	233803	[metatag = 5]1
table_quest_text_data.rdf	233811	[metatag = 5]0
table_quest_text_data.rdf	233812	[metatag = 5]-1
table_quest_text_data.rdf	233903	[metatag = 5]1
table_quest_text_data.rdf	233911	[metatag = 5]0
table_quest_text_data.rdf	233912	[metatag = 5]-1
table_quest_text_data.rdf	234003	[metatag = 5]2
table_quest_text_data.rdf	234011	[metatag = 5]0
table_quest_text_data.rdf	234012	[metatag = 5]-1
table_quest_text_data.rdf	234103	[metatag = 5]1
table_quest_text_data.rdf	234111	[metatag = 5]0
table_quest_text_data.rdf	234112	[metatag = 5]-1
table_quest_text_data.rdf	234203	[metatag = 5]2
table_quest_text_data.rdf	234211	[metatag = 5]0
table_quest_text_data.rdf	234212	[metatag = 5]-1
table_quest_text_data.rdf	234221	[metatag = 5]…
table_quest_text_data.rdf	234303	[metatag = 5]2
table_quest_text_data.rdf	234311	[metatag = 5]0
table_quest_text_data.rdf	234312	[metatag = 5]-1
table_quest_text_data.rdf	234403	[metatag = 5]1
table_quest_text_data.rdf	234411	[metatag = 5]0
table_quest_text_data.rdf	234412	[metatag = 5]590
table_quest_text_data.rdf	234503	[metatag = 5]2
table_quest_text_data.rdf	234511	[metatag = 5]0
table_quest_text_data.rdf	234512	[metatag = 5]2364
table_quest_text_data.rdf	234603	[metatag = 5]1
table_quest_text_data.rdf	234611	[metatag = 5]0
table_quest_text_data.rdf	234612	[metatag = 5]340
table_quest_text_data.rdf	234703	[metatag = 5]1
table_quest_text_data.rdf	234711	[metatag = 5]0
table_quest_text_data.rdf	234712	[metatag = 5]340
table_quest_text_data.rdf	234803	[metatag = 5]1
table_quest_text_data.rdf	234811	[metatag = 5]0
table_quest_text_data.rdf	234812	[metatag = 5]280
table_quest_text_data.rdf	234903	[metatag = 5]3
table_quest_text_data.rdf	234911	[metatag = 5]0
table_quest_text_data.rdf	234912	[metatag = 5]860
table_quest_text_data.rdf	234913	[metatag = 5]1
table_quest_text_data.rdf	235003	[metatag = 5]1
table_quest_text_data.rdf	235011	[metatag = 5]0
table_quest_text_data.rdf	235012	[metatag = 5]110
table_quest_text_data.rdf	235103	[metatag = 5]2
table_quest_text_data.rdf	235111	[metatag = 5]0
table_quest_text_data.rdf	235112	[metatag = 5]1515
table_quest_text_data.rdf	235203	[metatag = 5]2
table_quest_text_data.rdf	235211	[metatag = 5]0
table_quest_text_data.rdf	235212	[metatag = 5]1500
table_quest_text_data.rdf	235303	[metatag = 5]1
table_quest_text_data.rdf	235311	[metatag = 5]0
table_quest_text_data.rdf	235312	[metatag = 5]1605
table_quest_text_data.rdf	235403	[metatag = 5]3
table_quest_text_data.rdf	235411	[metatag = 5]0
table_quest_text_data.rdf	235412	[metatag = 5]0
table_quest_text_data.rdf	235503	[metatag = 5]2
table_quest_text_data.rdf	235511	[metatag = 5]0
table_quest_text_data.rdf	235512	[metatag = 5]1895
table_quest_text_data.rdf	235603	[metatag = 5]3
table_quest_text_data.rdf	235611	[metatag = 5]0
table_quest_text_data.rdf	235612	[metatag = 5]0
table_quest_text_data.rdf	235703	[metatag = 5]1
table_quest_text_data.rdf	235711	[metatag = 5]0
table_quest_text_data.rdf	235712	[metatag = 5]825
table_quest_text_data.rdf	235803	[metatag = 5]2
table_quest_text_data.rdf	235811	[metatag = 5]0
table_quest_text_data.rdf	235812	[metatag = 5]845
table_quest_text_data.rdf	235903	[metatag = 5]2
table_quest_text_data.rdf	235911	[metatag = 5]0
table_quest_text_data.rdf	235912	[metatag = 5]1550
table_quest_text_data.rdf	236003	[metatag = 5]3
table_quest_text_data.rdf	236011	[metatag = 5]0
table_quest_text_data.rdf	236012	[metatag = 5]2060
table_quest_text_data.rdf	236013	[metatag = 5]1
table_quest_text_data.rdf	236103	[metatag = 5]2
table_quest_text_data.rdf	236111	[metatag = 5]0
table_quest_text_data.rdf	236112	[metatag = 5]1550
table_quest_text_data.rdf	236203	[metatag = 5]1
table_quest_text_data.rdf	236211	[metatag = 5]0
table_quest_text_data.rdf	236212	[metatag = 5]-1
table_quest_text_data.rdf	236303	[metatag = 5]3
table_quest_text_data.rdf	236311	[metatag = 5]0
table_quest_text_data.rdf	236312	[metatag = 5]0
table_quest_text_data.rdf	236403	[metatag = 5]1
table_quest_text_data.rdf	236411	[metatag = 5]0
table_quest_text_data.rdf	236412	[metatag = 5]260
table_quest_text_data.rdf	236503	[metatag = 5]2
table_quest_text_data.rdf	236511	[metatag = 5]0
table_quest_text_data.rdf	236512	[metatag = 5]520
table_quest_text_data.rdf	236515	"[metatag = 5][npc = ""5731106""]。"
table_quest_text_data.rdf	236603	[metatag = 5]2
table_quest_text_data.rdf	236611	[metatag = 5]0
table_quest_text_data.rdf	236612	[metatag = 5]1150
table_quest_text_data.rdf	236703	[metatag = 5]2
table_quest_text_data.rdf	236711	[metatag = 5]0
table_quest_text_data.rdf	236712	[metatag = 5]1760
table_quest_text_data.rdf	236803	[metatag = 5]2
table_quest_text_data.rdf	236811	[metatag = 5]0
table_quest_text_data.rdf	236812	[metatag = 5]260
table_quest_text_data.rdf	236815	"[metatag = 5][npc = ""5731106""]。"
table_quest_text_data.rdf	236903	[metatag = 5]2
table_quest_text_data.rdf	236911	[metatag = 5]0
table_quest_text_data.rdf	236912	[metatag = 5]1632
table_quest_text_data.rdf	237003	[metatag = 5]2
table_quest_text_data.rdf	237011	[metatag = 5]0
table_quest_text_data.rdf	237012	[metatag = 5]960
table_quest_text_data.rdf	237103	[metatag = 5]1
table_quest_text_data.rdf	237111	[metatag = 5]0
table_quest_text_data.rdf	237112	[metatag = 5]-1
table_quest_text_data.rdf	237203	[metatag = 5]1
table_quest_text_data.rdf	237211	[metatag = 5]0
table_quest_text_data.rdf	237212	[metatag = 5]-1
table_quest_text_data.rdf	237303	[metatag = 5]2
table_quest_text_data.rdf	237311	[metatag = 5]0
table_quest_text_data.rdf	237312	[metatag = 5]-1
table_quest_text_data.rdf	237403	[metatag = 5]3
table_quest_text_data.rdf	237411	[metatag = 5]0
table_quest_text_data.rdf	237412	[metatag = 5]-1
table_quest_text_data.rdf	237503	[metatag = 5]2
table_quest_text_data.rdf	237511	[metatag = 5]0
table_quest_text_data.rdf	237512	[metatag = 5]-1
table_quest_text_data.rdf	237515	"[metatag = 5][object = ""393""] "
table_quest_text_data.rdf	237603	[metatag = 5]2
table_quest_text_data.rdf	237611	[metatag = 5]0
table_quest_text_data.rdf	237612	[metatag = 5]-1
table_quest_text_data.rdf	237703	[metatag = 5]2
table_quest_text_data.rdf	237711	[metatag = 5]0
table_quest_text_data.rdf	237712	[metatag = 5]852
table_quest_text_data.rdf	237803	[metatag = 5]2
table_quest_text_data.rdf	237811	[metatag = 5]0
table_quest_text_data.rdf	237812	[metatag = 5]1220
table_quest_text_data.rdf	237903	[metatag = 5]3
table_quest_text_data.rdf	237911	[metatag = 5]0
table_quest_text_data.rdf	237912	[metatag = 5]878
table_quest_text_data.rdf	237913	[metatag = 5]1
table_quest_text_data.rdf	238003	[metatag = 5]2
table_quest_text_data.rdf	238011	[metatag = 5]0
table_quest_text_data.rdf	238012	[metatag = 5]1235
table_quest_text_data.rdf	238103	[metatag = 5]2
table_quest_text_data.rdf	238111	[metatag = 5]0
table_quest_text_data.rdf	238112	[metatag = 5]1020
table_quest_text_data.rdf	238203	[metatag = 5]1
table_quest_text_data.rdf	238211	[metatag = 5]0
table_quest_text_data.rdf	238212	[metatag = 5]1207
table_quest_text_data.rdf	238303	[metatag = 5]2
table_quest_text_data.rdf	238311	[metatag = 5]0
table_quest_text_data.rdf	238312	[metatag = 5]1683
table_quest_text_data.rdf	238403	[metatag = 5]2
table_quest_text_data.rdf	238411	[metatag = 5]0
table_quest_text_data.rdf	238412	[metatag = 5]2200
table_quest_text_data.rdf	238503	[metatag = 5]2
table_quest_text_data.rdf	238511	[metatag = 5]0
table_quest_text_data.rdf	238512	[metatag = 5]970
table_quest_text_data.rdf	238603	[metatag = 5]2
table_quest_text_data.rdf	238611	[metatag = 5]0
table_quest_text_data.rdf	238612	[metatag = 5]1754
table_quest_text_data.rdf	238703	[metatag = 5]1
table_quest_text_data.rdf	238711	[metatag = 5]0
table_quest_text_data.rdf	238712	[metatag = 5]65
table_quest_text_data.rdf	238803	[metatag = 5]2
table_quest_text_data.rdf	238811	[metatag = 5]0
table_quest_text_data.rdf	238812	[metatag = 5]2050
table_quest_text_data.rdf	238903	[metatag = 5]2
table_quest_text_data.rdf	238911	[metatag = 5]0
table_quest_text_data.rdf	238912	[metatag = 5]2340
table_quest_text_data.rdf	239003	[metatag = 5]2
table_quest_text_data.rdf	239011	[metatag = 5]0
table_quest_text_data.rdf	239012	[metatag = 5]2200
table_quest_text_data.rdf	239103	[metatag = 5]2
table_quest_text_data.rdf	239111	[metatag = 5]0
table_quest_text_data.rdf	239112	[metatag = 5]912
table_quest_text_data.rdf	239203	[metatag = 5]3
table_quest_text_data.rdf	239211	[metatag = 5]0
table_quest_text_data.rdf	239212	[metatag = 5]516
table_quest_text_data.rdf	239303	[metatag = 5]1
table_quest_text_data.rdf	239311	[metatag = 5]0
table_quest_text_data.rdf	239312	[metatag = 5]1045
table_quest_text_data.rdf	239403	[metatag = 5]2
table_quest_text_data.rdf	239411	[metatag = 5]0
table_quest_text_data.rdf	239412	[metatag = 5]2300
table_quest_text_data.rdf	239503	[metatag = 5]2
table_quest_text_data.rdf	239511	[metatag = 5]0
table_quest_text_data.rdf	239512	[metatag = 5]4400
table_quest_text_data.rdf	239603	[metatag = 5]2
table_quest_text_data.rdf	239611	[metatag = 5]0
table_quest_text_data.rdf	239612	[metatag = 5]4400
table_quest_text_data.rdf	239703	[metatag = 5]1
table_quest_text_data.rdf	239711	[metatag = 5]0
table_quest_text_data.rdf	239712	[metatag = 5]2430
table_quest_text_data.rdf	239803	[metatag = 5]1
table_quest_text_data.rdf	239811	[metatag = 5]0
table_quest_text_data.rdf	239812	[metatag = 5]2430
table_quest_text_data.rdf	239903	[metatag = 5]2
table_quest_text_data.rdf	239911	[metatag = 5]0
table_quest_text_data.rdf	239912	[metatag = 5]1489
table_quest_text_data.rdf	240003	[metatag = 5]2
table_quest_text_data.rdf	240011	[metatag = 5]0
table_quest_text_data.rdf	240012	[metatag = 5]2343
table_quest_text_data.rdf	240103	[metatag = 5]3
table_quest_text_data.rdf	240111	[metatag = 5]0
table_quest_text_data.rdf	240112	[metatag = 5]3950
table_quest_text_data.rdf	240113	[metatag = 5]1
table_quest_text_data.rdf	240203	[metatag = 5]1
table_quest_text_data.rdf	240211	[metatag = 5]0
table_quest_text_data.rdf	240212	[metatag = 5]1105
table_quest_text_data.rdf	240303	[metatag = 5]1
table_quest_text_data.rdf	240311	[metatag = 5]0
table_quest_text_data.rdf	240312	[metatag = 5]1105
table_quest_text_data.rdf	240403	[metatag = 5]2
table_quest_text_data.rdf	240411	[metatag = 5]0
table_quest_text_data.rdf	240412	[metatag = 5]3200
table_quest_text_data.rdf	240503	[metatag = 5]2
table_quest_text_data.rdf	240511	[metatag = 5]0
table_quest_text_data.rdf	240512	[metatag = 5]1658
table_quest_text_data.rdf	240603	[metatag = 5]2
table_quest_text_data.rdf	240611	[metatag = 5]0
table_quest_text_data.rdf	240612	[metatag = 5]400
table_quest_text_data.rdf	240703	[metatag = 5]2
table_quest_text_data.rdf	240711	[metatag = 5]0
table_quest_text_data.rdf	240712	[metatag = 5]800
table_quest_text_data.rdf	240803	[metatag = 5]2
table_quest_text_data.rdf	240811	[metatag = 5]0
table_quest_text_data.rdf	240812	[metatag = 5]1070
table_quest_text_data.rdf	240903	[metatag = 5]3
table_quest_text_data.rdf	240911	[metatag = 5]0
table_quest_text_data.rdf	240912	[metatag = 5]320
table_quest_text_data.rdf	241003	[metatag = 5]3
table_quest_text_data.rdf	241011	[metatag = 5]0
table_quest_text_data.rdf	241012	[metatag = 5]760
table_quest_text_data.rdf	241103	[metatag = 5]1
table_quest_text_data.rdf	241111	[metatag = 5]0
table_quest_text_data.rdf	241112	[metatag = 5]705
table_quest_text_data.rdf	241203	[metatag = 5]2
table_quest_text_data.rdf	241211	[metatag = 5]0
table_quest_text_data.rdf	241212	[metatag = 5]1050
table_quest_text_data.rdf	241303	[metatag = 5]2
table_quest_text_data.rdf	241311	[metatag = 5]0
table_quest_text_data.rdf	241312	[metatag = 5]-1
table_quest_text_data.rdf	241403	[metatag = 5]3
table_quest_text_data.rdf	241411	[metatag = 5]0
table_quest_text_data.rdf	241412	[metatag = 5]1000
table_quest_text_data.rdf	241503	[metatag = 5]2
table_quest_text_data.rdf	241511	[metatag = 5]0
table_quest_text_data.rdf	241512	[metatag = 5]900
table_quest_text_data.rdf	241515	"[metatag = 5][object = ""400""]！！！！！"
table_quest_text_data.rdf	241603	[metatag = 5]1
table_quest_text_data.rdf	241611	[metatag = 5]0
table_quest_text_data.rdf	241612	[metatag = 5]980
table_quest_text_data.rdf	241703	[metatag = 5]3
table_quest_text_data.rdf	241711	[metatag = 5]0
table_quest_text_data.rdf	241712	[metatag = 5]2250
table_quest_text_data.rdf	241803	[metatag = 5]1
table_quest_text_data.rdf	241811	[metatag = 5]0
table_quest_text_data.rdf	241812	[metatag = 5]850
table_quest_text_data.rdf	241903	[metatag = 5]2
table_quest_text_data.rdf	241911	[metatag = 5]0
table_quest_text_data.rdf	241912	[metatag = 5]400
table_quest_text_data.rdf	242003	[metatag = 5]2
table_quest_text_data.rdf	242011	[metatag = 5]0
table_quest_text_data.rdf	242012	[metatag = 5]300
table_quest_text_data.rdf	242103	[metatag = 5]2
table_quest_text_data.rdf	242111	[metatag = 5]0
table_quest_text_data.rdf	242112	[metatag = 5]1400
table_quest_text_data.rdf	242203	[metatag = 5]2
table_quest_text_data.rdf	242211	[metatag = 5]0
table_quest_text_data.rdf	242212	[metatag = 5]600
table_quest_text_data.rdf	242303	[metatag = 5]2
table_quest_text_data.rdf	242311	[metatag = 5]0
table_quest_text_data.rdf	242312	[metatag = 5]600
table_quest_text_data.rdf	242403	[metatag = 5]2
table_quest_text_data.rdf	242411	[metatag = 5]0
table_quest_text_data.rdf	242412	[metatag = 5]900
table_quest_text_data.rdf	242503	[metatag = 5]2
table_quest_text_data.rdf	242511	[metatag = 5]0
table_quest_text_data.rdf	242512	[metatag = 5]900
table_quest_text_data.rdf	242603	[metatag = 5]2
table_quest_text_data.rdf	242611	[metatag = 5]0
table_quest_text_data.rdf	242612	[metatag = 5]-1
table_quest_text_data.rdf	242703	[metatag = 5]3
table_quest_text_data.rdf	242711	[metatag = 5]0
table_quest_text_data.rdf	242712	[metatag = 5]-1
table_quest_text_data.rdf	242803	[metatag = 5]3
table_quest_text_data.rdf	242811	[metatag = 5]0
table_quest_text_data.rdf	242812	[metatag = 5]2800
table_quest_text_data.rdf	242903	[metatag = 5]1
table_quest_text_data.rdf	242911	[metatag = 5]0
table_quest_text_data.rdf	242912	[metatag = 5]1580
table_quest_text_data.rdf	243003	[metatag = 5]2
table_quest_text_data.rdf	243011	[metatag = 5]0
table_quest_text_data.rdf	243012	[metatag = 5]570
table_quest_text_data.rdf	243103	[metatag = 5]2
table_quest_text_data.rdf	243111	[metatag = 5]0
table_quest_text_data.rdf	243112	[metatag = 5]500
table_quest_text_data.rdf	243203	[metatag = 5]2
table_quest_text_data.rdf	243211	[metatag = 5]0
table_quest_text_data.rdf	243212	[metatag = 5]1300
table_quest_text_data.rdf	243303	[metatag = 5]2
table_quest_text_data.rdf	243311	[metatag = 5]0
table_quest_text_data.rdf	243312	[metatag = 5]200
table_quest_text_data.rdf	243403	[metatag = 5]1
table_quest_text_data.rdf	243411	[metatag = 5]0
table_quest_text_data.rdf	243412	[metatag = 5]1190
table_quest_text_data.rdf	243503	[metatag = 5]3
table_quest_text_data.rdf	243511	[metatag = 5]0
table_quest_text_data.rdf	243512	[metatag = 5]525
table_quest_text_data.rdf	243603	[metatag = 5]1
table_quest_text_data.rdf	243611	[metatag = 5]0
table_quest_text_data.rdf	243612	[metatag = 5]420
table_quest_text_data.rdf	243703	[metatag = 5]3
table_quest_text_data.rdf	243711	[metatag = 5]0
table_quest_text_data.rdf	243712	[metatag = 5]420
table_quest_text_data.rdf	243713	[metatag = 5]1
table_quest_text_data.rdf	243803	[metatag = 5]1
table_quest_text_data.rdf	243811	[metatag = 5]0
table_quest_text_data.rdf	243812	[metatag = 5]840
table_quest_text_data.rdf	243903	[metatag = 5]1
table_quest_text_data.rdf	243911	[metatag = 5]0
table_quest_text_data.rdf	243912	[metatag = 5]840
table_quest_text_data.rdf	244003	[metatag = 5]2
table_quest_text_data.rdf	244011	[metatag = 5]0
table_quest_text_data.rdf	244012	[metatag = 5]1880
table_quest_text_data.rdf	244103	[metatag = 5]2
table_quest_text_data.rdf	244111	[metatag = 5]0
table_quest_text_data.rdf	244112	[metatag = 5]780
table_quest_text_data.rdf	244203	[metatag = 5]2
table_quest_text_data.rdf	244211	[metatag = 5]0
table_quest_text_data.rdf	244212	[metatag = 5]980
table_quest_text_data.rdf	244303	[metatag = 5]3
table_quest_text_data.rdf	244311	[metatag = 5]0
table_quest_text_data.rdf	244312	[metatag = 5]0
table_quest_text_data.rdf	244403	[metatag = 5]2
table_quest_text_data.rdf	244411	[metatag = 5]0
table_quest_text_data.rdf	244412	[metatag = 5]1840
table_quest_text_data.rdf	244503	[metatag = 5]2
table_quest_text_data.rdf	244511	[metatag = 5]0
table_quest_text_data.rdf	244512	[metatag = 5]100
table_quest_text_data.rdf	244603	[metatag = 5]1
table_quest_text_data.rdf	244611	[metatag = 5]0
table_quest_text_data.rdf	244612	[metatag = 5]1290
table_quest_text_data.rdf	244703	[metatag = 5]2
table_quest_text_data.rdf	244711	[metatag = 5]0
table_quest_text_data.rdf	244712	[metatag = 5]300
table_quest_text_data.rdf	244803	[metatag = 5]2
table_quest_text_data.rdf	244811	[metatag = 5]0
table_quest_text_data.rdf	244812	[metatag = 5]300
table_quest_text_data.rdf	244903	[metatag = 5]2
table_quest_text_data.rdf	244911	[metatag = 5]0
table_quest_text_data.rdf	244912	[metatag = 5]300
table_quest_text_data.rdf	245003	[metatag = 5]2
table_quest_text_data.rdf	245011	[metatag = 5]0
table_quest_text_data.rdf	245012	[metatag = 5]300
table_quest_text_data.rdf	245103	[metatag = 5]2
table_quest_text_data.rdf	245111	[metatag = 5]0
table_quest_text_data.rdf	245112	[metatag = 5]250
table_quest_text_data.rdf	245203	[metatag = 5]2
table_quest_text_data.rdf	245211	[metatag = 5]0
table_quest_text_data.rdf	245212	[metatag = 5]0
table_quest_text_data.rdf	245303	[metatag = 5]2
table_quest_text_data.rdf	245311	[metatag = 5]0
table_quest_text_data.rdf	245312	[metatag = 5]400
table_quest_text_data.rdf	245403	[metatag = 5]1
table_quest_text_data.rdf	245411	[metatag = 5]0
table_quest_text_data.rdf	245412	[metatag = 5]1290
table_quest_text_data.rdf	245503	[metatag = 5]2
table_quest_text_data.rdf	245511	[metatag = 5]0
table_quest_text_data.rdf	245512	[metatag = 5]1260
table_quest_text_data.rdf	245603	[metatag = 5]3
table_quest_text_data.rdf	245611	[metatag = 5]0
table_quest_text_data.rdf	245612	[metatag = 5]300
table_quest_text_data.rdf	245613	[metatag = 5]1
table_quest_text_data.rdf	245703	[metatag = 5]3
table_quest_text_data.rdf	245711	[metatag = 5]0
table_quest_text_data.rdf	245712	[metatag = 5]700
table_quest_text_data.rdf	245803	[metatag = 5]3
table_quest_text_data.rdf	245811	[metatag = 5]0
table_quest_text_data.rdf	245812	[metatag = 5]1480
table_quest_text_data.rdf	245903	[metatag = 5]3
table_quest_text_data.rdf	245911	[metatag = 5]0
table_quest_text_data.rdf	245912	[metatag = 5]400
table_quest_text_data.rdf	246003	[metatag = 5]3
table_quest_text_data.rdf	246011	[metatag = 5]0
table_quest_text_data.rdf	246012	[metatag = 5]850
table_quest_text_data.rdf	246013	[metatag = 5]1
table_quest_text_data.rdf	246103	[metatag = 5]1
table_quest_text_data.rdf	246111	[metatag = 5]0
table_quest_text_data.rdf	246112	[metatag = 5]1410
table_quest_text_data.rdf	246203	[metatag = 5]2
table_quest_text_data.rdf	246211	[metatag = 5]0
table_quest_text_data.rdf	246212	[metatag = 5]340
table_quest_text_data.rdf	246303	[metatag = 5]2
table_quest_text_data.rdf	246311	[metatag = 5]0
table_quest_text_data.rdf	246312	[metatag = 5]340
table_quest_text_data.rdf	246403	[metatag = 5]2
table_quest_text_data.rdf	246411	[metatag = 5]0
table_quest_text_data.rdf	246412	[metatag = 5]340
table_quest_text_data.rdf	246503	[metatag = 5]3
table_quest_text_data.rdf	246511	[metatag = 5]0
table_quest_text_data.rdf	246512	[metatag = 5]400
table_quest_text_data.rdf	246513	[metatag = 5]2
table_quest_text_data.rdf	246603	[metatag = 5]3
table_quest_text_data.rdf	246611	[metatag = 5]0
table_quest_text_data.rdf	246612	[metatag = 5]500
table_quest_text_data.rdf	246613	[metatag = 5]3
table_quest_text_data.rdf	246703	[metatag = 5]2
table_quest_text_data.rdf	246711	[metatag = 5]0
table_quest_text_data.rdf	246712	[metatag = 5]2680
table_quest_text_data.rdf	246803	[metatag = 5]1
table_quest_text_data.rdf	246811	[metatag = 5]0
table_quest_text_data.rdf	246812	[metatag = 5]1120
table_quest_text_data.rdf	246903	[metatag = 5]2
table_quest_text_data.rdf	246911	[metatag = 5]0
table_quest_text_data.rdf	246912	[metatag = 5]1800
table_quest_text_data.rdf	247003	[metatag = 5]2
table_quest_text_data.rdf	247011	[metatag = 5]0
table_quest_text_data.rdf	247012	[metatag = 5]3100
table_quest_text_data.rdf	247103	[metatag = 5]1
table_quest_text_data.rdf	247111	[metatag = 5]0
table_quest_text_data.rdf	247112	[metatag = 5]580
table_quest_text_data.rdf	247203	[metatag = 5]2
table_quest_text_data.rdf	247211	[metatag = 5]0
table_quest_text_data.rdf	247212	[metatag = 5]1158
table_quest_text_data.rdf	247303	[metatag = 5]2
table_quest_text_data.rdf	247311	[metatag = 5]0
table_quest_text_data.rdf	247312	[metatag = 5]324
table_quest_text_data.rdf	247403	[metatag = 5]2
table_quest_text_data.rdf	247411	[metatag = 5]0
table_quest_text_data.rdf	247412	[metatag = 5]1812
table_quest_text_data.rdf	247503	[metatag = 5]2
table_quest_text_data.rdf	247511	[metatag = 5]0
table_quest_text_data.rdf	247512	[metatag = 5]2100
table_quest_text_data.rdf	247603	[metatag = 5]2
table_quest_text_data.rdf	247611	[metatag = 5]0
table_quest_text_data.rdf	247612	[metatag = 5]1436
table_quest_text_data.rdf	247703	[metatag = 5]2
table_quest_text_data.rdf	247711	[metatag = 5]0
table_quest_text_data.rdf	247712	[metatag = 5]-1
table_quest_text_data.rdf	247803	[metatag = 5]2
table_quest_text_data.rdf	247811	[metatag = 5]0
table_quest_text_data.rdf	247812	[metatag = 5]-1
table_quest_text_data.rdf	247903	[metatag = 5]1
table_quest_text_data.rdf	247911	[metatag = 5]0
table_quest_text_data.rdf	247912	[metatag = 5]-1
table_quest_text_data.rdf	248003	[metatag = 5]1
table_quest_text_data.rdf	248011	[metatag = 5]0
table_quest_text_data.rdf	248012	[metatag = 5]-1
table_quest_text_data.rdf	248103	[metatag = 5]2
table_quest_text_data.rdf	248111	[metatag = 5]0
table_quest_text_data.rdf	248112	[metatag = 5]-1
table_quest_text_data.rdf	248203	[metatag = 5]3
table_quest_text_data.rdf	248211	[metatag = 5]0
table_quest_text_data.rdf	248212	[metatag = 5]-1
table_quest_text_data.rdf	248303	[metatag = 5]3
table_quest_text_data.rdf	248311	[metatag = 5]0
table_quest_text_data.rdf	248312	[metatag = 5]-1
table_quest_text_data.rdf	248403	[metatag = 5]2
table_quest_text_data.rdf	248411	[metatag = 5]0
table_quest_text_data.rdf	248412	[metatag = 5]1867
table_quest_text_data.rdf	248503	[metatag = 5]2
table_quest_text_data.rdf	248511	[metatag = 5]0
table_quest_text_data.rdf	248512	[metatag = 5]1748
table_quest_text_data.rdf	248603	[metatag = 5]1
table_quest_text_data.rdf	248611	[metatag = 5]0
table_quest_text_data.rdf	248612	[metatag = 5]529
table_quest_text_data.rdf	248703	[metatag = 5]2
table_quest_text_data.rdf	248711	[metatag = 5]0
table_quest_text_data.rdf	248712	[metatag = 5]1200
table_quest_text_data.rdf	248803	[metatag = 5]2
table_quest_text_data.rdf	248811	[metatag = 5]0
table_quest_text_data.rdf	248812	[metatag = 5]1121
table_quest_text_data.rdf	248903	[metatag = 5]1
table_quest_text_data.rdf	248911	[metatag = 5]0
table_quest_text_data.rdf	248912	[metatag = 5]498
table_quest_text_data.rdf	249003	[metatag = 5]2
table_quest_text_data.rdf	249011	[metatag = 5]0
table_quest_text_data.rdf	249012	[metatag = 5]768
table_quest_text_data.rdf	249103	[metatag = 5]1
table_quest_text_data.rdf	249111	[metatag = 5]0
table_quest_text_data.rdf	249112	[metatag = 5]1346
table_quest_text_data.rdf	249203	[metatag = 5]2
table_quest_text_data.rdf	249211	[metatag = 5]0
table_quest_text_data.rdf	249212	[metatag = 5]724
table_quest_text_data.rdf	249303	[metatag = 5]2
table_quest_text_data.rdf	249311	[metatag = 5]0
table_quest_text_data.rdf	249312	[metatag = 5]2823
table_quest_text_data.rdf	249403	[metatag = 5]2
table_quest_text_data.rdf	249411	[metatag = 5]0
table_quest_text_data.rdf	249412	[metatag = 5]670
table_quest_text_data.rdf	249503	[metatag = 5]3
table_quest_text_data.rdf	249511	[metatag = 5]0
table_quest_text_data.rdf	249512	[metatag = 5]724
table_quest_text_data.rdf	249513	[metatag = 5]1
table_quest_text_data.rdf	249603	[metatag = 5]1
table_quest_text_data.rdf	249611	[metatag = 5]0
table_quest_text_data.rdf	249612	[metatag = 5]-1
table_quest_text_data.rdf	249703	[metatag = 5]3
table_quest_text_data.rdf	249711	[metatag = 5]0
table_quest_text_data.rdf	249712	[metatag = 5]-1
table_quest_text_data.rdf	249803	[metatag = 5]2
table_quest_text_data.rdf	249811	[metatag = 5]0
table_quest_text_data.rdf	249812	[metatag = 5]-1
table_quest_text_data.rdf	249903	[metatag = 5]1
table_quest_text_data.rdf	249911	[metatag = 5]0
table_quest_text_data.rdf	249912	[metatag = 5]1213
table_quest_text_data.rdf	250003	[metatag = 5]2
table_quest_text_data.rdf	250011	[metatag = 5]0
table_quest_text_data.rdf	250012	[metatag = 5]624
table_quest_text_data.rdf	250103	[metatag = 5]2
table_quest_text_data.rdf	250111	[metatag = 5]0
table_quest_text_data.rdf	250112	[metatag = 5]619
table_quest_text_data.rdf	250203	[metatag = 5]2
table_quest_text_data.rdf	250211	[metatag = 5]0
table_quest_text_data.rdf	250212	[metatag = 5]608
table_quest_text_data.rdf	250303	[metatag = 5]2
table_quest_text_data.rdf	250311	[metatag = 5]0
table_quest_text_data.rdf	250312	[metatag = 5]712
table_quest_text_data.rdf	250403	[metatag = 5]1
table_quest_text_data.rdf	250411	[metatag = 5]0
table_quest_text_data.rdf	250412	[metatag = 5]-1
table_quest_text_data.rdf	250503	[metatag = 5]2
table_quest_text_data.rdf	250511	[metatag = 5]0
table_quest_text_data.rdf	250512	[metatag = 5]-1
table_quest_text_data.rdf	250603	[metatag = 5]2
table_quest_text_data.rdf	250611	[metatag = 5]0
table_quest_text_data.rdf	250612	[metatag = 5]-1
table_quest_text_data.rdf	250703	[metatag = 5]1
table_quest_text_data.rdf	250711	[metatag = 5]0
table_quest_text_data.rdf	250712	[metatag = 5]-1
table_quest_text_data.rdf	250803	[metatag = 5]1
table_quest_text_data.rdf	250811	[metatag = 5]0
table_quest_text_data.rdf	250812	[metatag = 5]-1
table_quest_text_data.rdf	250903	[metatag = 5]2
table_quest_text_data.rdf	250911	[metatag = 5]0
table_quest_text_data.rdf	250912	[metatag = 5]-1
table_quest_text_data.rdf	251003	[metatag = 5]2
table_quest_text_data.rdf	251011	[metatag = 5]0
table_quest_text_data.rdf	251012	[metatag = 5]-1
table_quest_text_data.rdf	251103	[metatag = 5]3
table_quest_text_data.rdf	251111	[metatag = 5]0
table_quest_text_data.rdf	251112	[metatag = 5]-1
table_quest_text_data.rdf	251203	[metatag = 5]3
table_quest_text_data.rdf	251211	[metatag = 5]0
table_quest_text_data.rdf	251212	[metatag = 5]-1
table_quest_text_data.rdf	251303	[metatag = 5]2
table_quest_text_data.rdf	251311	[metatag = 5]0
table_quest_text_data.rdf	251312	[metatag = 5]1558
table_quest_text_data.rdf	251403	[metatag = 5]3
table_quest_text_data.rdf	251411	[metatag = 5]0
table_quest_text_data.rdf	251412	[metatag = 5]2992
table_quest_text_data.rdf	251413	[metatag = 5]1
table_quest_text_data.rdf	251503	[metatag = 5]1
table_quest_text_data.rdf	251511	[metatag = 5]0
table_quest_text_data.rdf	251512	[metatag = 5]498
table_quest_text_data.rdf	251603	[metatag = 5]2
table_quest_text_data.rdf	251611	[metatag = 5]0
table_quest_text_data.rdf	251612	[metatag = 5]2280
table_quest_text_data.rdf	251703	[metatag = 5]2
table_quest_text_data.rdf	251711	[metatag = 5]0
table_quest_text_data.rdf	251712	[metatag = 5]2828
table_quest_text_data.rdf	251803	[metatag = 5]1
table_quest_text_data.rdf	251811	[metatag = 5]0
table_quest_text_data.rdf	251812	[metatag = 5]1265
table_quest_text_data.rdf	251903	[metatag = 5]2
table_quest_text_data.rdf	251911	[metatag = 5]0
table_quest_text_data.rdf	251912	[metatag = 5]588
table_quest_text_data.rdf	252003	[metatag = 5]1
table_quest_text_data.rdf	252011	[metatag = 5]0
table_quest_text_data.rdf	252012	[metatag = 5]1110
table_quest_text_data.rdf	252103	[metatag = 5]2
table_quest_text_data.rdf	252111	[metatag = 5]0
table_quest_text_data.rdf	252112	[metatag = 5]1553
table_quest_text_data.rdf	252203	[metatag = 5]2
table_quest_text_data.rdf	252211	[metatag = 5]0
table_quest_text_data.rdf	252212	[metatag = 5]3550
table_quest_text_data.rdf	252303	[metatag = 5]1
table_quest_text_data.rdf	252311	[metatag = 5]0
table_quest_text_data.rdf	252312	[metatag = 5]0
table_quest_text_data.rdf	252403	[metatag = 5]2
table_quest_text_data.rdf	252411	[metatag = 5]0
table_quest_text_data.rdf	252412	[metatag = 5]750
table_quest_text_data.rdf	252503	[metatag = 5]2
table_quest_text_data.rdf	252511	[metatag = 5]0
table_quest_text_data.rdf	252512	[metatag = 5]-1
table_quest_text_data.rdf	252603	[metatag = 5]3
table_quest_text_data.rdf	252611	[metatag = 5]0
table_quest_text_data.rdf	252612	[metatag = 5]2150
table_quest_text_data.rdf	252613	[metatag = 5]1
table_quest_text_data.rdf	252703	[metatag = 5]1
table_quest_text_data.rdf	252711	[metatag = 5]0
table_quest_text_data.rdf	252712	[metatag = 5]1250
table_quest_text_data.rdf	252803	[metatag = 5]1
table_quest_text_data.rdf	252811	[metatag = 5]0
table_quest_text_data.rdf	252812	[metatag = 5]1250
table_quest_text_data.rdf	252903	[metatag = 5]3
table_quest_text_data.rdf	252911	[metatag = 5]0
table_quest_text_data.rdf	252912	[metatag = 5]2500
table_quest_text_data.rdf	252913	[metatag = 5]1
table_quest_text_data.rdf	253003	[metatag = 5]2
table_quest_text_data.rdf	253011	[metatag = 5]0
table_quest_text_data.rdf	253012	[metatag = 5]1850
table_quest_text_data.rdf	253103	[metatag = 5]2
table_quest_text_data.rdf	253111	[metatag = 5]0
table_quest_text_data.rdf	253112	[metatag = 5]1500
table_quest_text_data.rdf	253203	[metatag = 5]1
table_quest_text_data.rdf	253211	[metatag = 5]0
table_quest_text_data.rdf	253212	[metatag = 5]1400
table_quest_text_data.rdf	253303	[metatag = 5]2
table_quest_text_data.rdf	253311	[metatag = 5]0
table_quest_text_data.rdf	253312	[metatag = 5]500
table_quest_text_data.rdf	253403	[metatag = 5]3
table_quest_text_data.rdf	253411	[metatag = 5]0
table_quest_text_data.rdf	253412	[metatag = 5]1500
table_quest_text_data.rdf	253413	[metatag = 5]2
table_quest_text_data.rdf	253503	[metatag = 5]3
table_quest_text_data.rdf	253511	[metatag = 5]0
table_quest_text_data.rdf	253512	[metatag = 5]1600
table_quest_text_data.rdf	253513	[metatag = 5]3
table_quest_text_data.rdf	253603	[metatag = 5]3
table_quest_text_data.rdf	253611	[metatag = 5]0
table_quest_text_data.rdf	253612	[metatag = 5]300
table_quest_text_data.rdf	253703	[metatag = 5]2
table_quest_text_data.rdf	253711	[metatag = 5]0
table_quest_text_data.rdf	253712	[metatag = 5]2100
table_quest_text_data.rdf	253803	[metatag = 5]2
table_quest_text_data.rdf	253811	[metatag = 5]0
table_quest_text_data.rdf	253812	[metatag = 5]-1
table_quest_text_data.rdf	253903	[metatag = 5]2
table_quest_text_data.rdf	253911	[metatag = 5]0
table_quest_text_data.rdf	253912	[metatag = 5]-1
table_quest_text_data.rdf	254003	[metatag = 5]1
table_quest_text_data.rdf	254011	[metatag = 5]0
table_quest_text_data.rdf	254012	[metatag = 5]-1
table_quest_text_data.rdf	254103	[metatag = 5]2
table_quest_text_data.rdf	254111	[metatag = 5]0
table_quest_text_data.rdf	254112	[metatag = 5]-1
table_quest_text_data.rdf	254203	[metatag = 5]3
table_quest_text_data.rdf	254211	[metatag = 5]0
table_quest_text_data.rdf	254212	[metatag = 5]-1
table_quest_text_data.rdf	254303	[metatag = 5]3
table_quest_text_data.rdf	254311	[metatag = 5]0
table_quest_text_data.rdf	254312	[metatag = 5]320
table_quest_text_data.rdf	254403	[metatag = 5]2
table_quest_text_data.rdf	254411	[metatag = 5]0
table_quest_text_data.rdf	254412	[metatag = 5]480
table_quest_text_data.rdf	254503	[metatag = 5]1
table_quest_text_data.rdf	254511	[metatag = 5]0
table_quest_text_data.rdf	254512	[metatag = 5]220
table_quest_text_data.rdf	254603	[metatag = 5]3
table_quest_text_data.rdf	254611	[metatag = 5]0
table_quest_text_data.rdf	254612	[metatag = 5]0
table_quest_text_data.rdf	254613	[metatag = 5]1
table_quest_text_data.rdf	254703	[metatag = 5]2
table_quest_text_data.rdf	254711	[metatag = 5]0
table_quest_text_data.rdf	254712	[metatag = 5]1750
table_quest_text_data.rdf	254803	[metatag = 5]3
table_quest_text_data.rdf	254811	[metatag = 5]0
table_quest_text_data.rdf	254812	[metatag = 5]0
table_quest_text_data.rdf	254903	[metatag = 5]2
table_quest_text_data.rdf	254907	[metatag = 5]…
table_quest_text_data.rdf	254909	[metatag = 5]…
table_quest_text_data.rdf	254911	[metatag = 5]0
table_quest_text_data.rdf	254912	[metatag = 5]2100
table_quest_text_data.rdf	255003	[metatag = 5]2
table_quest_text_data.rdf	255011	[metatag = 5]0
table_quest_text_data.rdf	255012	[metatag = 5]550
table_quest_text_data.rdf	255103	[metatag = 5]1
table_quest_text_data.rdf	255111	[metatag = 5]0
table_quest_text_data.rdf	255112	[metatag = 5]340
table_quest_text_data.rdf	255203	[metatag = 5]1
table_quest_text_data.rdf	255211	[metatag = 5]0
table_quest_text_data.rdf	255212	[metatag = 5]340
table_quest_text_data.rdf	255303	[metatag = 5]3
table_quest_text_data.rdf	255311	[metatag = 5]0
table_quest_text_data.rdf	255312	[metatag = 5]550
table_quest_text_data.rdf	255313	[metatag = 5]1
table_quest_text_data.rdf	255403	[metatag = 5]2
table_quest_text_data.rdf	255411	[metatag = 5]0
table_quest_text_data.rdf	255412	[metatag = 5]500
table_quest_text_data.rdf	255503	[metatag = 5]2
table_quest_text_data.rdf	255511	[metatag = 5]0
table_quest_text_data.rdf	255512	[metatag = 5]350
table_quest_text_data.rdf	255603	[metatag = 5]1
table_quest_text_data.rdf	255611	[metatag = 5]0
table_quest_text_data.rdf	255612	[metatag = 5]190
table_quest_text_data.rdf	255703	[metatag = 5]1
table_quest_text_data.rdf	255711	[metatag = 5]0
table_quest_text_data.rdf	255712	[metatag = 5]190
table_quest_text_data.rdf	255803	[metatag = 5]1
table_quest_text_data.rdf	255811	[metatag = 5]0
table_quest_text_data.rdf	255812	[metatag = 5]200
table_quest_text_data.rdf	255903	[metatag = 5]1
table_quest_text_data.rdf	255911	[metatag = 5]0
table_quest_text_data.rdf	255912	[metatag = 5]200
table_quest_text_data.rdf	256003	[metatag = 5]1
table_quest_text_data.rdf	256011	[metatag = 5]0
table_quest_text_data.rdf	256012	[metatag = 5]190
table_quest_text_data.rdf	256103	[metatag = 5]3
table_quest_text_data.rdf	256111	[metatag = 5]0
table_quest_text_data.rdf	256112	[metatag = 5]0
table_quest_text_data.rdf	256203	[metatag = 5]2
table_quest_text_data.rdf	256211	[metatag = 5]0
table_quest_text_data.rdf	256212	[metatag = 5]2000
table_quest_text_data.rdf	256303	[metatag = 5]1
table_quest_text_data.rdf	256311	[metatag = 5]0
table_quest_text_data.rdf	256312	[metatag = 5]1800
table_quest_text_data.rdf	256403	[metatag = 5]1
table_quest_text_data.rdf	256411	[metatag = 5]0
table_quest_text_data.rdf	256412	[metatag = 5]120
table_quest_text_data.rdf	256503	[metatag = 5]1
table_quest_text_data.rdf	256511	[metatag = 5]0
table_quest_text_data.rdf	256512	[metatag = 5]1550
table_quest_text_data.rdf	256603	[metatag = 5]2
table_quest_text_data.rdf	256611	[metatag = 5]0
table_quest_text_data.rdf	256612	[metatag = 5]660
table_quest_text_data.rdf	256703	[metatag = 5]2
table_quest_text_data.rdf	256711	[metatag = 5]0
table_quest_text_data.rdf	256712	[metatag = 5]3100
table_quest_text_data.rdf	256803	[metatag = 5]2
table_quest_text_data.rdf	256811	[metatag = 5]0
table_quest_text_data.rdf	256812	[metatag = 5]660
table_quest_text_data.rdf	256903	[metatag = 5]3
table_quest_text_data.rdf	256911	[metatag = 5]0
table_quest_text_data.rdf	256912	[metatag = 5]0
table_quest_text_data.rdf	257003	[metatag = 5]2
table_quest_text_data.rdf	257011	[metatag = 5]0
table_quest_text_data.rdf	257012	[metatag = 5]600
table_quest_text_data.rdf	257103	[metatag = 5]3
table_quest_text_data.rdf	257111	[metatag = 5]0
table_quest_text_data.rdf	257112	[metatag = 5]600
table_quest_text_data.rdf	257203	[metatag = 5]2
table_quest_text_data.rdf	257211	[metatag = 5]0
table_quest_text_data.rdf	257212	[metatag = 5]570
table_quest_text_data.rdf	257303	[metatag = 5]2
table_quest_text_data.rdf	257311	[metatag = 5]0
table_quest_text_data.rdf	257312	[metatag = 5]280
table_quest_text_data.rdf	257403	[metatag = 5]2
table_quest_text_data.rdf	257411	[metatag = 5]0
table_quest_text_data.rdf	257412	[metatag = 5]1450
table_quest_text_data.rdf	257503	[metatag = 5]2
table_quest_text_data.rdf	257511	[metatag = 5]0
table_quest_text_data.rdf	257512	[metatag = 5]1500
table_quest_text_data.rdf	257603	[metatag = 5]3
table_quest_text_data.rdf	257611	[metatag = 5]0
table_quest_text_data.rdf	257612	[metatag = 5]0
table_quest_text_data.rdf	257703	[metatag = 5]3
table_quest_text_data.rdf	257711	[metatag = 5]0
table_quest_text_data.rdf	257712	[metatag = 5]1150
table_quest_text_data.rdf	257713	[metatag = 5]1
table_quest_text_data.rdf	257803	[metatag = 5]2
table_quest_text_data.rdf	257811	[metatag = 5]0
table_quest_text_data.rdf	257812	[metatag = 5]300
table_quest_text_data.rdf	257903	[metatag = 5]1
table_quest_text_data.rdf	257911	[metatag = 5]0
table_quest_text_data.rdf	257912	[metatag = 5]440
table_quest_text_data.rdf	258003	[metatag = 5]3
table_quest_text_data.rdf	258011	[metatag = 5]0
table_quest_text_data.rdf	258012	[metatag = 5]-1
table_quest_text_data.rdf	258103	[metatag = 5]2
table_quest_text_data.rdf	258111	[metatag = 5]0
table_quest_text_data.rdf	258112	[metatag = 5]450
table_quest_text_data.rdf	258203	[metatag = 5]1
table_quest_text_data.rdf	258211	[metatag = 5]0
table_quest_text_data.rdf	258212	[metatag = 5]970
table_quest_text_data.rdf	258303	[metatag = 5]3
table_quest_text_data.rdf	258311	[metatag = 5]0
table_quest_text_data.rdf	258312	[metatag = 5]2350
table_quest_text_data.rdf	258313	[metatag = 5]1
table_quest_text_data.rdf	258403	[metatag = 5]2
table_quest_text_data.rdf	258411	[metatag = 5]0
table_quest_text_data.rdf	258412	[metatag = 5]2800
table_quest_text_data.rdf	258503	[metatag = 5]2
table_quest_text_data.rdf	258511	[metatag = 5]0
table_quest_text_data.rdf	258512	[metatag = 5]-1
table_quest_text_data.rdf	258520	"[metatag = 7][npc = ""2803102""]"
table_quest_text_data.rdf	258522	"[metatag = 7][mob = ""1662104""]"
table_quest_text_data.rdf	258603	[metatag = 5]2
table_quest_text_data.rdf	258611	[metatag = 5]0
table_quest_text_data.rdf	258612	[metatag = 5]870
table_quest_text_data.rdf	258703	[metatag = 5]2
table_quest_text_data.rdf	258711	[metatag = 5]0
table_quest_text_data.rdf	258712	[metatag = 5]650
table_quest_text_data.rdf	258803	[metatag = 5]1
table_quest_text_data.rdf	258811	[metatag = 5]0
table_quest_text_data.rdf	258812	[metatag = 5]-1
table_quest_text_data.rdf	258903	[metatag = 5]1
table_quest_text_data.rdf	258911	[metatag = 5]0
table_quest_text_data.rdf	258912	[metatag = 5]-1
table_quest_text_data.rdf	259003	[metatag = 5]2
table_quest_text_data.rdf	259011	[metatag = 5]0
table_quest_text_data.rdf	259012	[metatag = 5]-1
table_quest_text_data.rdf	259020	"[metatag = 7][npc = ""1353107""]"
table_quest_text_data.rdf	259022	"[metatag = 7][npc = ""4151211""]"
table_quest_text_data.rdf	259024	"[metatag = 7][npc = ""3143122""]"
table_quest_text_data.rdf	259103	[metatag = 5]2
table_quest_text_data.rdf	259111	[metatag = 5]0
table_quest_text_data.rdf	259112	[metatag = 5]-1
table_quest_text_data.rdf	259203	[metatag = 5]1
table_quest_text_data.rdf	259211	[metatag = 5]0
table_quest_text_data.rdf	259212	[metatag = 5]-1
table_quest_text_data.rdf	259303	[metatag = 5]1
table_quest_text_data.rdf	259311	[metatag = 5]0
table_quest_text_data.rdf	259312	[metatag = 5]-1
table_quest_text_data.rdf	259403	[metatag = 5]1
table_quest_text_data.rdf	259411	[metatag = 5]0
table_quest_text_data.rdf	259412	[metatag = 5]-1
table_quest_text_data.rdf	259503	[metatag = 5]3
table_quest_text_data.rdf	259511	[metatag = 5]0
table_quest_text_data.rdf	259512	[metatag = 5]-1
table_quest_text_data.rdf	259603	[metatag = 5]2
table_quest_text_data.rdf	259611	[metatag = 5]0
table_quest_text_data.rdf	259612	[metatag = 5]760
table_quest_text_data.rdf	259620	"[metatag = 5][npc = ""3172108""]"
table_quest_text_data.rdf	259622	"[metatag = 5][npc = ""3172206""]"
table_quest_text_data.rdf	259624	"[metatag = 5][npc = ""3172303""]"
table_quest_text_data.rdf	259703	[metatag = 5]1
table_quest_text_data.rdf	259711	[metatag = 5]0
table_quest_text_data.rdf	259712	[metatag = 5]375
table_quest_text_data.rdf	259803	[metatag = 5]1
table_quest_text_data.rdf	259811	[metatag = 5]0
table_quest_text_data.rdf	259812	[metatag = 5]375
table_quest_text_data.rdf	259903	[metatag = 5]3
table_quest_text_data.rdf	259911	[metatag = 5]0
table_quest_text_data.rdf	259912	[metatag = 5]0
table_quest_text_data.rdf	260003	[metatag = 5]1
table_quest_text_data.rdf	260011	[metatag = 5]0
table_quest_text_data.rdf	260012	[metatag = 5]500
table_quest_text_data.rdf	260103	[metatag = 5]2
table_quest_text_data.rdf	260111	[metatag = 5]0
table_quest_text_data.rdf	260112	[metatag = 5]400
table_quest_text_data.rdf	260203	[metatag = 5]1
table_quest_text_data.rdf	260211	[metatag = 5]0
table_quest_text_data.rdf	260212	[metatag = 5]400
table_quest_text_data.rdf	260303	[metatag = 5]2
table_quest_text_data.rdf	260311	[metatag = 5]0
table_quest_text_data.rdf	260312	[metatag = 5]5800
table_quest_text_data.rdf	260320	"[metatag = 5][npc = ""5411101""]"
table_quest_text_data.rdf	260403	[metatag = 5]2
table_quest_text_data.rdf	260411	[metatag = 5]0
table_quest_text_data.rdf	260412	[metatag = 5]600
table_quest_text_data.rdf	260503	[metatag = 5]2
table_quest_text_data.rdf	260511	[metatag = 5]0
table_quest_text_data.rdf	260512	[metatag = 5]8300
table_quest_text_data.rdf	260603	[metatag = 5]1
table_quest_text_data.rdf	260611	[metatag = 5]0
table_quest_text_data.rdf	260612	[metatag = 5]400
table_quest_text_data.rdf	260703	[metatag = 5]1
table_quest_text_data.rdf	260711	[metatag = 5]0
table_quest_text_data.rdf	260712	[metatag = 5]4150
table_quest_text_data.rdf	260803	[metatag = 5]2
table_quest_text_data.rdf	260811	[metatag = 5]0
table_quest_text_data.rdf	260812	[metatag = 5]650
table_quest_text_data.rdf	260903	[metatag = 5]2
table_quest_text_data.rdf	260911	[metatag = 5]0
table_quest_text_data.rdf	260912	[metatag = 5]-1
table_quest_text_data.rdf	261003	[metatag = 5]1
table_quest_text_data.rdf	261011	[metatag = 5]0
table_quest_text_data.rdf	261012	[metatag = 5]-1
table_quest_text_data.rdf	261103	[metatag = 5]2
table_quest_text_data.rdf	261111	[metatag = 5]0
table_quest_text_data.rdf	261112	[metatag = 5]-1
table_quest_text_data.rdf	261203	[metatag = 5]2
table_quest_text_data.rdf	261211	[metatag = 5]0
table_quest_text_data.rdf	261212	[metatag = 5]560
table_quest_text_data.rdf	261303	[metatag = 5]2
table_quest_text_data.rdf	261311	[metatag = 5]0
table_quest_text_data.rdf	261312	[metatag = 5]560
table_quest_text_data.rdf	261403	[metatag = 5]2
table_quest_text_data.rdf	261411	[metatag = 5]0
table_quest_text_data.rdf	261412	[metatag = 5]660
table_quest_text_data.rdf	261503	[metatag = 5]1
table_quest_text_data.rdf	261511	[metatag = 5]0
table_quest_text_data.rdf	261512	[metatag = 5]1350
table_quest_text_data.rdf	261603	[metatag = 5]1
table_quest_text_data.rdf	261611	[metatag = 5]0
table_quest_text_data.rdf	261612	[metatag = 5]750
table_quest_text_data.rdf	261703	[metatag = 5]1
table_quest_text_data.rdf	261711	[metatag = 5]0
table_quest_text_data.rdf	261712	[metatag = 5]1400
table_quest_text_data.rdf	261803	[metatag = 5]1
table_quest_text_data.rdf	261811	[metatag = 5]0
table_quest_text_data.rdf	261812	[metatag = 5]1950
table_quest_text_data.rdf	261903	[metatag = 5]1
table_quest_text_data.rdf	261911	[metatag = 5]0
table_quest_text_data.rdf	261912	[metatag = 5]1350
table_quest_text_data.rdf	262003	[metatag = 5]1
table_quest_text_data.rdf	262011	[metatag = 5]0
table_quest_text_data.rdf	262012	[metatag = 5]0
table_quest_text_data.rdf	262103	[metatag = 5]1
table_quest_text_data.rdf	262111	[metatag = 5]0
table_quest_text_data.rdf	262112	[metatag = 5]800
table_quest_text_data.rdf	262203	[metatag = 5]2
table_quest_text_data.rdf	262211	[metatag = 5]0
table_quest_text_data.rdf	262212	[metatag = 5]1650
table_quest_text_data.rdf	262303	[metatag = 5]1
table_quest_text_data.rdf	262311	[metatag = 5]0
table_quest_text_data.rdf	262312	[metatag = 5]950
table_quest_text_data.rdf	262403	[metatag = 5]2
table_quest_text_data.rdf	262411	[metatag = 5]0
table_quest_text_data.rdf	262412	[metatag = 5]1200
table_quest_text_data.rdf	262503	[metatag = 5]1
table_quest_text_data.rdf	262511	[metatag = 5]0
table_quest_text_data.rdf	262512	[metatag = 5]600
table_quest_text_data.rdf	262603	[metatag = 5]2
table_quest_text_data.rdf	262611	[metatag = 5]0
table_quest_text_data.rdf	262612	[metatag = 5]700
table_quest_text_data.rdf	262703	[metatag = 5]1
table_quest_text_data.rdf	262711	[metatag = 5]0
table_quest_text_data.rdf	262712	[metatag = 5]300
table_quest_text_data.rdf	262803	[metatag = 5]1
table_quest_text_data.rdf	262811	[metatag = 5]0
table_quest_text_data.rdf	262812	[metatag = 5]350
table_quest_text_data.rdf	262903	[metatag = 5]1
table_quest_text_data.rdf	262911	[metatag = 5]0
table_quest_text_data.rdf	262912	[metatag = 5]300
table_quest_text_data.rdf	263003	[metatag = 5]2
table_quest_text_data.rdf	263011	[metatag = 5]0
table_quest_text_data.rdf	263012	[metatag = 5]1400
table_quest_text_data.rdf	263103	[metatag = 5]3
table_quest_text_data.rdf	263111	[metatag = 5]0
table_quest_text_data.rdf	263112	[metatag = 5]1160
table_quest_text_data.rdf	263113	[metatag = 5]1
table_quest_text_data.rdf	263203	[metatag = 5]1
table_quest_text_data.rdf	263211	[metatag = 5]0
table_quest_text_data.rdf	263212	[metatag = 5]350
table_quest_text_data.rdf	263303	[metatag = 5]1
table_quest_text_data.rdf	263311	[metatag = 5]0
table_quest_text_data.rdf	263312	[metatag = 5]300
table_quest_text_data.rdf	263403	[metatag = 5]2
table_quest_text_data.rdf	263411	[metatag = 5]0
table_quest_text_data.rdf	263412	[metatag = 5]-1
table_quest_text_data.rdf	263503	[metatag = 5]1
table_quest_text_data.rdf	263511	[metatag = 5]0
table_quest_text_data.rdf	263512	[metatag = 5]-1
table_quest_text_data.rdf	263603	[metatag = 5]1
table_quest_text_data.rdf	263611	[metatag = 5]0
table_quest_text_data.rdf	263612	[metatag = 5]-1
table_quest_text_data.rdf	263703	[metatag = 5]2
table_quest_text_data.rdf	263711	[metatag = 5]0
table_quest_text_data.rdf	263712	[metatag = 5]1700
table_quest_text_data.rdf	263803	[metatag = 5]1
table_quest_text_data.rdf	263811	[metatag = 5]0
table_quest_text_data.rdf	263812	[metatag = 5]850
table_quest_text_data.rdf	263903	[metatag = 5]2
table_quest_text_data.rdf	263911	[metatag = 5]0
table_quest_text_data.rdf	263912	[metatag = 5]550
table_quest_text_data.rdf	263920	"[metatag = 5][npc = ""3242117""]"
table_quest_text_data.rdf	263922	"[metatag = 5][npc = ""5061402""]"
table_quest_text_data.rdf	263924	"[metatag = 5][npc = ""4481202""]"
table_quest_text_data.rdf	264003	[metatag = 5]2
table_quest_text_data.rdf	264011	[metatag = 5]0
table_quest_text_data.rdf	264012	[metatag = 5]1300
table_quest_text_data.rdf	264103	[metatag = 5]1
table_quest_text_data.rdf	264111	[metatag = 5]0
table_quest_text_data.rdf	264112	[metatag = 5]275
table_quest_text_data.rdf	264203	[metatag = 5]1
table_quest_text_data.rdf	264211	[metatag = 5]0
table_quest_text_data.rdf	264212	[metatag = 5]300
table_quest_text_data.rdf	264303	[metatag = 5]1
table_quest_text_data.rdf	264311	[metatag = 5]0
table_quest_text_data.rdf	264312	[metatag = 5]570
table_quest_text_data.rdf	264403	[metatag = 5]3
table_quest_text_data.rdf	264411	[metatag = 5]0
table_quest_text_data.rdf	264412	[metatag = 5]1300
table_quest_text_data.rdf	264503	[metatag = 5]1
table_quest_text_data.rdf	264511	[metatag = 5]0
table_quest_text_data.rdf	264512	[metatag = 5]2150
table_quest_text_data.rdf	264603	[metatag = 5]2
table_quest_text_data.rdf	264611	[metatag = 5]0
table_quest_text_data.rdf	264612	[metatag = 5]1700
table_quest_text_data.rdf	264703	[metatag = 5]2
table_quest_text_data.rdf	264711	[metatag = 5]0
table_quest_text_data.rdf	264712	[metatag = 5]1700
table_quest_text_data.rdf	264803	[metatag = 5]3
table_quest_text_data.rdf	264811	[metatag = 5]0
table_quest_text_data.rdf	264812	[metatag = 5]1700
table_quest_text_data.rdf	264813	[metatag = 5]1
table_quest_text_data.rdf	264903	[metatag = 5]1
table_quest_text_data.rdf	264911	[metatag = 5]0
table_quest_text_data.rdf	264912	[metatag = 5]1250
table_quest_text_data.rdf	265003	[metatag = 5]2
table_quest_text_data.rdf	265011	[metatag = 5]0
table_quest_text_data.rdf	265012	[metatag = 5]630
table_quest_text_data.rdf	265103	[metatag = 5]2
table_quest_text_data.rdf	265111	[metatag = 5]0
table_quest_text_data.rdf	265112	[metatag = 5]1230
table_quest_text_data.rdf	265120	"[metatag = 5][npc = ""8411120""]"
table_quest_text_data.rdf	265203	[metatag = 5]1
table_quest_text_data.rdf	265211	[metatag = 5]0
table_quest_text_data.rdf	265212	[metatag = 5]1865
table_quest_text_data.rdf	265303	[metatag = 5]1
table_quest_text_data.rdf	265311	[metatag = 5]0
table_quest_text_data.rdf	265312	[metatag = 5]2150
table_quest_text_data.rdf	265403	[metatag = 5]2
table_quest_text_data.rdf	265411	[metatag = 5]0
table_quest_text_data.rdf	265412	[metatag = 5]0
table_quest_text_data.rdf	265503	[metatag = 5]2
table_quest_text_data.rdf	265507	[metatag = 5]…
table_quest_text_data.rdf	265509	[metatag = 5]…
table_quest_text_data.rdf	265511	[metatag = 5]0
table_quest_text_data.rdf	265512	[metatag = 5]1600
table_quest_text_data.rdf	265603	[metatag = 5]2
table_quest_text_data.rdf	265607	[metatag = 5]…
table_quest_text_data.rdf	265609	[metatag = 5]…
table_quest_text_data.rdf	265611	[metatag = 5]0
table_quest_text_data.rdf	265612	[metatag = 5]1600
table_quest_text_data.rdf	265703	[metatag = 5]2
table_quest_text_data.rdf	265707	[metatag = 5]…
table_quest_text_data.rdf	265709	[metatag = 5]…
table_quest_text_data.rdf	265711	[metatag = 5]0
table_quest_text_data.rdf	265712	[metatag = 5]1600
table_quest_text_data.rdf	265803	[metatag = 5]2
table_quest_text_data.rdf	265811	[metatag = 5]0
table_quest_text_data.rdf	265812	[metatag = 5]900
table_quest_text_data.rdf	265903	[metatag = 5]1
table_quest_text_data.rdf	265911	[metatag = 5]0
table_quest_text_data.rdf	265912	[metatag = 5]240
table_quest_text_data.rdf	266003	[metatag = 5]2
table_quest_text_data.rdf	266011	[metatag = 5]0
table_quest_text_data.rdf	266012	[metatag = 5]400
table_quest_text_data.rdf	266103	[metatag = 5]2
table_quest_text_data.rdf	266111	[metatag = 5]0
table_quest_text_data.rdf	266112	[metatag = 5]400
table_quest_text_data.rdf	266203	[metatag = 5]1
table_quest_text_data.rdf	266211	[metatag = 5]0
table_quest_text_data.rdf	266212	[metatag = 5]100
table_quest_text_data.rdf	266303	[metatag = 5]2
table_quest_text_data.rdf	266311	[metatag = 5]0
table_quest_text_data.rdf	266312	[metatag = 5]400
table_quest_text_data.rdf	266403	[metatag = 5]1
table_quest_text_data.rdf	266411	[metatag = 5]0
table_quest_text_data.rdf	266412	[metatag = 5]100
table_quest_text_data.rdf	266503	[metatag = 5]2
table_quest_text_data.rdf	266511	[metatag = 5]0
table_quest_text_data.rdf	266512	[metatag = 5]400
table_quest_text_data.rdf	266603	[metatag = 5]1
table_quest_text_data.rdf	266611	[metatag = 5]0
table_quest_text_data.rdf	266612	[metatag = 5]240
table_quest_text_data.rdf	266703	[metatag = 5]2
table_quest_text_data.rdf	266711	[metatag = 5]0
table_quest_text_data.rdf	266712	[metatag = 5]400
table_quest_text_data.rdf	266803	[metatag = 5]2
table_quest_text_data.rdf	266811	[metatag = 5]0
table_quest_text_data.rdf	266812	[metatag = 5]400
table_quest_text_data.rdf	266903	[metatag = 5]3
table_quest_text_data.rdf	266911	[metatag = 5]0
table_quest_text_data.rdf	266912	[metatag = 5]400
table_quest_text_data.rdf	266913	[metatag = 5]1
table_quest_text_data.rdf	267003	[metatag = 5]2
table_quest_text_data.rdf	267011	[metatag = 5]0
table_quest_text_data.rdf	267012	[metatag = 5]500
table_quest_text_data.rdf	267103	[metatag = 5]1
table_quest_text_data.rdf	267111	[metatag = 5]0
table_quest_text_data.rdf	267112	[metatag = 5]180
table_quest_text_data.rdf	267203	[metatag = 5]3
table_quest_text_data.rdf	267211	[metatag = 5]0
table_quest_text_data.rdf	267212	[metatag = 5]0
table_quest_text_data.rdf	267213	[metatag = 5]1
table_quest_text_data.rdf	267303	[metatag = 5]2
table_quest_text_data.rdf	267311	[metatag = 5]0
table_quest_text_data.rdf	267312	[metatag = 5]180
table_quest_text_data.rdf	267403	[metatag = 5]2
table_quest_text_data.rdf	267411	[metatag = 5]0
table_quest_text_data.rdf	267412	[metatag = 5]740
table_quest_text_data.rdf	267503	[metatag = 5]2
table_quest_text_data.rdf	267511	[metatag = 5]0
table_quest_text_data.rdf	267512	[metatag = 5]1120
table_quest_text_data.rdf	267520	"[metatag = 5][npc = ""2793101""]"
table_quest_text_data.rdf	267603	[metatag = 5]2
table_quest_text_data.rdf	267611	[metatag = 5]0
table_quest_text_data.rdf	267612	[metatag = 5]1270
table_quest_text_data.rdf	267703	[metatag = 5]1
table_quest_text_data.rdf	267711	[metatag = 5]0
table_quest_text_data.rdf	267712	[metatag = 5]560
table_quest_text_data.rdf	267803	[metatag = 5]2
table_quest_text_data.rdf	267811	[metatag = 5]0
table_quest_text_data.rdf	267812	[metatag = 5]500
table_quest_text_data.rdf	267903	[metatag = 5]1
table_quest_text_data.rdf	267911	[metatag = 5]0
table_quest_text_data.rdf	267912	[metatag = 5]275
table_quest_text_data.rdf	268003	[metatag = 5]3
table_quest_text_data.rdf	268011	[metatag = 5]0
table_quest_text_data.rdf	268012	[metatag = 5]0
table_quest_text_data.rdf	268103	[metatag = 5]2
table_quest_text_data.rdf	268111	[metatag = 5]0
table_quest_text_data.rdf	268112	[metatag = 5]1450
table_quest_text_data.rdf	268203	[metatag = 5]2
table_quest_text_data.rdf	268211	[metatag = 5]0
table_quest_text_data.rdf	268212	[metatag = 5]750
table_quest_text_data.rdf	268220	"[metatag = 7][object = ""437""]"
table_quest_text_data.rdf	268222	"[metatag = 7][object = ""438""]"
table_quest_text_data.rdf	268224	"[metatag = 7][object = ""439""]"
table_quest_text_data.rdf	268303	[metatag = 5]1
table_quest_text_data.rdf	268311	[metatag = 5]0
table_quest_text_data.rdf	268312	[metatag = 5]750
table_quest_text_data.rdf	268403	[metatag = 5]3
table_quest_text_data.rdf	268411	[metatag = 5]0
table_quest_text_data.rdf	268412	[metatag = 5]750
table_quest_text_data.rdf	268503	[metatag = 5]2
table_quest_text_data.rdf	268511	[metatag = 5]0
table_quest_text_data.rdf	268512	[metatag = 5]620
table_quest_text_data.rdf	268603	[metatag = 5]2
table_quest_text_data.rdf	268611	[metatag = 5]0
table_quest_text_data.rdf	268612	[metatag = 5]620
table_quest_text_data.rdf	268703	[metatag = 5]3
table_quest_text_data.rdf	268711	[metatag = 5]0
table_quest_text_data.rdf	268712	[metatag = 5]0
table_quest_text_data.rdf	268803	[metatag = 5]3
table_quest_text_data.rdf	268811	[metatag = 5]0
table_quest_text_data.rdf	268812	[metatag = 5]150
table_quest_text_data.rdf	268813	[metatag = 5]3
table_quest_text_data.rdf	268903	[metatag = 5]3
table_quest_text_data.rdf	268911	[metatag = 5]0
table_quest_text_data.rdf	268912	[metatag = 5]300
table_quest_text_data.rdf	268913	[metatag = 5]3
table_quest_text_data.rdf	269003	[metatag = 5]2
table_quest_text_data.rdf	269011	[metatag = 5]0
table_quest_text_data.rdf	269012	[metatag = 5]1000
table_quest_text_data.rdf	269020	"[metatag = 5][npc = ""2793101""]"
table_quest_text_data.rdf	269103	[metatag = 5]2
table_quest_text_data.rdf	269111	[metatag = 5]0
table_quest_text_data.rdf	269112	[metatag = 5]2300
table_quest_text_data.rdf	269203	[metatag = 5]1
table_quest_text_data.rdf	269211	[metatag = 5]0
table_quest_text_data.rdf	269212	[metatag = 5]1150
table_quest_text_data.rdf	269303	[metatag = 5]3
table_quest_text_data.rdf	269311	[metatag = 5]0
table_quest_text_data.rdf	269312	[metatag = 5]0
table_quest_text_data.rdf	269313	[metatag = 5]2
table_quest_text_data.rdf	269403	[metatag = 5]2
table_quest_text_data.rdf	269411	[metatag = 5]0
table_quest_text_data.rdf	269412	[metatag = 5]400
table_quest_text_data.rdf	269503	[metatag = 5]2
table_quest_text_data.rdf	269511	[metatag = 5]0
table_quest_text_data.rdf	269512	[metatag = 5]-1
table_quest_text_data.rdf	269603	[metatag = 5]2
table_quest_text_data.rdf	269611	[metatag = 5]0
table_quest_text_data.rdf	269612	[metatag = 5]-1
table_quest_text_data.rdf	269703	[metatag = 5]3
table_quest_text_data.rdf	269711	[metatag = 5]0
table_quest_text_data.rdf	269712	[metatag = 5]-1
table_quest_text_data.rdf	269803	[metatag = 5]2
table_quest_text_data.rdf	269811	[metatag = 5]0
table_quest_text_data.rdf	269812	[metatag = 5]-1
table_quest_text_data.rdf	269903	[metatag = 5]2
table_quest_text_data.rdf	269911	[metatag = 5]0
table_quest_text_data.rdf	269912	[metatag = 5]-1
table_quest_text_data.rdf	270003	[metatag = 5]2
table_quest_text_data.rdf	270011	[metatag = 5]0
table_quest_text_data.rdf	270012	[metatag = 5]-1
table_quest_text_data.rdf	270103	[metatag = 5]3
table_quest_text_data.rdf	270111	[metatag = 5]0
table_quest_text_data.rdf	270112	[metatag = 5]-1
table_quest_text_data.rdf	270203	[metatag = 5]1
table_quest_text_data.rdf	270211	[metatag = 5]0
table_quest_text_data.rdf	270212	[metatag = 5]1600
table_quest_text_data.rdf	270303	[metatag = 5]2
table_quest_text_data.rdf	270311	[metatag = 5]0
table_quest_text_data.rdf	270312	[metatag = 5]400
table_quest_text_data.rdf	270403	[metatag = 5]1
table_quest_text_data.rdf	270411	[metatag = 5]0
table_quest_text_data.rdf	270412	[metatag = 5]150
table_quest_text_data.rdf	270503	[metatag = 5]2
table_quest_text_data.rdf	270511	[metatag = 5]0
table_quest_text_data.rdf	270512	[metatag = 5]400
table_quest_text_data.rdf	270603	[metatag = 5]1
table_quest_text_data.rdf	270611	[metatag = 5]0
table_quest_text_data.rdf	270612	[metatag = 5]3560
table_quest_text_data.rdf	270703	[metatag = 5]1
table_quest_text_data.rdf	270707	[metatag = 5]…
table_quest_text_data.rdf	270709	[metatag = 5]…
table_quest_text_data.rdf	270711	[metatag = 5]0
table_quest_text_data.rdf	270803	[metatag = 5]1
table_quest_text_data.rdf	270807	[metatag = 5]…
table_quest_text_data.rdf	270809	[metatag = 5]…
table_quest_text_data.rdf	270811	[metatag = 5]0
table_quest_text_data.rdf	290103	[metatag = 5]1
table_quest_text_data.rdf	290111	[metatag = 5]0
table_quest_text_data.rdf	290112	[metatag = 5]1969
table_quest_text_data.rdf	290203	[metatag = 5]1
table_quest_text_data.rdf	290211	[metatag = 5]0
table_quest_text_data.rdf	290212	[metatag = 5]910
table_quest_text_data.rdf	290303	[metatag = 5]2
table_quest_text_data.rdf	290311	[metatag = 5]18
table_quest_text_data.rdf	290312	[metatag = 5]1500
table_quest_text_data.rdf	290403	[metatag = 5]2
table_quest_text_data.rdf	290411	[metatag = 5]0
table_quest_text_data.rdf	290412	[metatag = 5]998
table_quest_text_data.rdf	290503	[metatag = 5]3
table_quest_text_data.rdf	290511	[metatag = 5]1
table_quest_text_data.rdf	290512	[metatag = 5]1324
table_quest_text_data.rdf	290513	[metatag = 5]1
table_quest_text_data.rdf	290603	[metatag = 5]1
table_quest_text_data.rdf	290611	[metatag = 5]0
table_quest_text_data.rdf	290612	[metatag = 5]341
table_quest_text_data.rdf	290703	[metatag = 5]2
table_quest_text_data.rdf	290711	[metatag = 5]0
table_quest_text_data.rdf	290712	[metatag = 5]880
table_quest_text_data.rdf	290803	[metatag = 5]1
table_quest_text_data.rdf	290811	[metatag = 5]0
table_quest_text_data.rdf	290812	[metatag = 5]347
table_quest_text_data.rdf	290903	[metatag = 5]1
table_quest_text_data.rdf	290911	[metatag = 5]0
table_quest_text_data.rdf	290912	[metatag = 5]347
table_quest_text_data.rdf	291003	[metatag = 5]2
table_quest_text_data.rdf	291011	[metatag = 5]2
table_quest_text_data.rdf	291012	[metatag = 5]0
table_quest_text_data.rdf	291103	[metatag = 5]2
table_quest_text_data.rdf	291111	[metatag = 5]10
table_quest_text_data.rdf	291112	[metatag = 5]0
table_quest_text_data.rdf	291203	[metatag = 5]3
table_quest_text_data.rdf	291211	[metatag = 5]1
table_quest_text_data.rdf	291212	[metatag = 5]0
table_quest_text_data.rdf	291213	[metatag = 5]1
table_quest_text_data.rdf	291303	[metatag = 5]1
table_quest_text_data.rdf	291311	[metatag = 5]0
table_quest_text_data.rdf	291312	[metatag = 5]1145
table_quest_text_data.rdf	291403	[metatag = 5]2
table_quest_text_data.rdf	291411	[metatag = 5]6
table_quest_text_data.rdf	291412	[metatag = 5]829
table_quest_text_data.rdf	291503	[metatag = 5]3
table_quest_text_data.rdf	291511	[metatag = 5]1
table_quest_text_data.rdf	291512	[metatag = 5]962
table_quest_text_data.rdf	291513	[metatag = 5]1
table_quest_text_data.rdf	291603	[metatag = 5]1
table_quest_text_data.rdf	291611	[metatag = 5]0
table_quest_text_data.rdf	291612	[metatag = 5]160
table_quest_text_data.rdf	291703	[metatag = 5]2
table_quest_text_data.rdf	291711	[metatag = 5]2
table_quest_text_data.rdf	291712	[metatag = 5]853
table_quest_text_data.rdf	291803	[metatag = 5]2
table_quest_text_data.rdf	291811	[metatag = 5]10
table_quest_text_data.rdf	291812	[metatag = 5]1139
table_quest_text_data.rdf	291903	[metatag = 5]1
table_quest_text_data.rdf	291911	[metatag = 5]0
table_quest_text_data.rdf	291912	[metatag = 5]573
table_quest_text_data.rdf	292003	[metatag = 5]1
table_quest_text_data.rdf	292011	[metatag = 5]0
table_quest_text_data.rdf	292012	[metatag = 5]475
table_quest_text_data.rdf	292103	[metatag = 5]2
table_quest_text_data.rdf	292111	[metatag = 5]16
table_quest_text_data.rdf	292112	[metatag = 5]924
table_quest_text_data.rdf	292203	[metatag = 5]2
table_quest_text_data.rdf	292211	[metatag = 5]10
table_quest_text_data.rdf	292212	[metatag = 5]706
table_quest_text_data.rdf	292303	[metatag = 5]3
table_quest_text_data.rdf	292311	[metatag = 5]1
table_quest_text_data.rdf	292312	[metatag = 5]500
table_quest_text_data.rdf	292313	[metatag = 5]1
table_quest_text_data.rdf	292403	[metatag = 5]2
table_quest_text_data.rdf	292407	[metatag = 5]…
table_quest_text_data.rdf	292409	[metatag = 5]…
table_quest_text_data.rdf	292411	[metatag = 5]0
table_quest_text_data.rdf	292412	[metatag = 5]577
table_quest_text_data.rdf	292503	[metatag = 5]2
table_quest_text_data.rdf	292511	[metatag = 5]0
table_quest_text_data.rdf	292512	[metatag = 5]1193
table_quest_text_data.rdf	292603	[metatag = 5]1
table_quest_text_data.rdf	292611	[metatag = 5]0
table_quest_text_data.rdf	292612	[metatag = 5]613
table_quest_text_data.rdf	292703	[metatag = 5]2
table_quest_text_data.rdf	292711	[metatag = 5]1
table_quest_text_data.rdf	292712	[metatag = 5]0
table_quest_text_data.rdf	292803	[metatag = 5]3
table_quest_text_data.rdf	292811	[metatag = 5]0
table_quest_text_data.rdf	292812	[metatag = 5]733
table_quest_text_data.rdf	292813	[metatag = 5]1
table_quest_text_data.rdf	292903	[metatag = 5]1
table_quest_text_data.rdf	292911	[metatag = 5]0
table_quest_text_data.rdf	292912	[metatag = 5]793
table_quest_text_data.rdf	293003	[metatag = 5]1
table_quest_text_data.rdf	293011	[metatag = 5]0
table_quest_text_data.rdf	293012	[metatag = 5]695
table_quest_text_data.rdf	293103	[metatag = 5]1
table_quest_text_data.rdf	293111	[metatag = 5]0
table_quest_text_data.rdf	293112	[metatag = 5]521
table_quest_text_data.rdf	293203	[metatag = 5]2
table_quest_text_data.rdf	293211	[metatag = 5]18
table_quest_text_data.rdf	293212	[metatag = 5]1336
table_quest_text_data.rdf	293303	[metatag = 5]2
table_quest_text_data.rdf	293311	[metatag = 5]17
table_quest_text_data.rdf	293312	[metatag = 5]1518
table_quest_text_data.rdf	293403	[metatag = 5]2
table_quest_text_data.rdf	293411	[metatag = 5]9
table_quest_text_data.rdf	293412	[metatag = 5]1548
table_quest_text_data.rdf	293503	[metatag = 5]3
table_quest_text_data.rdf	293511	[metatag = 5]1
table_quest_text_data.rdf	293512	[metatag = 5]1894
table_quest_text_data.rdf	293513	[metatag = 5]1
table_quest_text_data.rdf	293603	[metatag = 5]1
table_quest_text_data.rdf	293611	[metatag = 5]0
table_quest_text_data.rdf	293612	[metatag = 5]695
table_quest_text_data.rdf	293703	[metatag = 5]1
table_quest_text_data.rdf	293711	[metatag = 5]0
table_quest_text_data.rdf	293712	[metatag = 5]1882
table_quest_text_data.rdf	293803	[metatag = 5]2
table_quest_text_data.rdf	293811	[metatag = 5]15
table_quest_text_data.rdf	293812	[metatag = 5]1326
table_quest_text_data.rdf	293903	[metatag = 5]2
table_quest_text_data.rdf	293911	[metatag = 5]0
table_quest_text_data.rdf	293912	[metatag = 5]967
table_quest_text_data.rdf	294003	[metatag = 5]2
table_quest_text_data.rdf	294011	[metatag = 5]10
table_quest_text_data.rdf	294012	[metatag = 5]967
table_quest_text_data.rdf	294103	[metatag = 5]3
table_quest_text_data.rdf	294111	[metatag = 5]1
table_quest_text_data.rdf	294112	[metatag = 5]1016
table_quest_text_data.rdf	294113	[metatag = 5]1
table_quest_text_data.rdf	294203	[metatag = 5]1
table_quest_text_data.rdf	294211	[metatag = 5]0
table_quest_text_data.rdf	294212	[metatag = 5]10
table_quest_text_data.rdf	294303	[metatag = 5]1
table_quest_text_data.rdf	294311	[metatag = 5]0
table_quest_text_data.rdf	294312	[metatag = 5]1224
table_quest_text_data.rdf	294403	[metatag = 5]2
table_quest_text_data.rdf	294411	[metatag = 5]10
table_quest_text_data.rdf	294412	[metatag = 5]1008
table_quest_text_data.rdf	294503	[metatag = 5]1
table_quest_text_data.rdf	294511	[metatag = 5]0
table_quest_text_data.rdf	294512	[metatag = 5]13
table_quest_text_data.rdf	294603	[metatag = 5]1
table_quest_text_data.rdf	294611	[metatag = 5]0
table_quest_text_data.rdf	294612	[metatag = 5]564
table_quest_text_data.rdf	294703	[metatag = 5]2
table_quest_text_data.rdf	294711	[metatag = 5]15
table_quest_text_data.rdf	294712	[metatag = 5]694
table_quest_text_data.rdf	294803	[metatag = 5]3
table_quest_text_data.rdf	294811	[metatag = 5]0
table_quest_text_data.rdf	294812	[metatag = 5]817
table_quest_text_data.rdf	294903	[metatag = 5]2
table_quest_text_data.rdf	294911	[metatag = 5]0
table_quest_text_data.rdf	294912	[metatag = 5]1658
table_quest_text_data.rdf	295003	[metatag = 5]2
table_quest_text_data.rdf	295011	[metatag = 5]20
table_quest_text_data.rdf	295012	[metatag = 5]771
table_quest_text_data.rdf	295103	[metatag = 5]3
table_quest_text_data.rdf	295111	[metatag = 5]1
table_quest_text_data.rdf	295112	[metatag = 5]780
table_quest_text_data.rdf	295113	[metatag = 5]1
table_quest_text_data.rdf	295203	[metatag = 5]1
table_quest_text_data.rdf	295211	[metatag = 5]0
table_quest_text_data.rdf	295212	[metatag = 5]1624
table_quest_text_data.rdf	295303	[metatag = 5]3
table_quest_text_data.rdf	295311	[metatag = 5]1
table_quest_text_data.rdf	295312	[metatag = 5]1672
table_quest_text_data.rdf	295313	[metatag = 5]1
table_quest_text_data.rdf	295403	[metatag = 5]1
table_quest_text_data.rdf	295411	[metatag = 5]0
table_quest_text_data.rdf	295412	[metatag = 5]777
table_quest_text_data.rdf	295503	[metatag = 5]2
table_quest_text_data.rdf	295511	[metatag = 5]15
table_quest_text_data.rdf	295512	[metatag = 5]919
table_quest_text_data.rdf	295603	[metatag = 5]1
table_quest_text_data.rdf	295611	[metatag = 5]0
table_quest_text_data.rdf	295612	[metatag = 5]882
table_quest_text_data.rdf	295703	[metatag = 5]3
table_quest_text_data.rdf	295711	[metatag = 5]1
table_quest_text_data.rdf	295712	[metatag = 5]1824
table_quest_text_data.rdf	295713	[metatag = 5]2
table_quest_text_data.rdf	295803	[metatag = 5]2
table_quest_text_data.rdf	295811	[metatag = 5]0
table_quest_text_data.rdf	295812	[metatag = 5]550
table_quest_text_data.rdf	295903	[metatag = 5]1
table_quest_text_data.rdf	295911	[metatag = 5]0
table_quest_text_data.rdf	295912	[metatag = 5]959
table_quest_text_data.rdf	296003	[metatag = 5]1
table_quest_text_data.rdf	296011	[metatag = 5]0
table_quest_text_data.rdf	296012	[metatag = 5]1645
table_quest_text_data.rdf	296103	[metatag = 5]2
table_quest_text_data.rdf	296111	[metatag = 5]14
table_quest_text_data.rdf	296112	[metatag = 5]858
table_quest_text_data.rdf	296203	[metatag = 5]2
table_quest_text_data.rdf	296211	[metatag = 5]5
table_quest_text_data.rdf	296212	[metatag = 5]1055
table_quest_text_data.rdf	296303	[metatag = 5]2
table_quest_text_data.rdf	296311	[metatag = 5]0
table_quest_text_data.rdf	296312	[metatag = 5]712
table_quest_text_data.rdf	296403	[metatag = 5]2
table_quest_text_data.rdf	296411	[metatag = 5]15
table_quest_text_data.rdf	296412	[metatag = 5]1028
table_quest_text_data.rdf	296503	[metatag = 5]2
table_quest_text_data.rdf	296511	[metatag = 5]19
table_quest_text_data.rdf	296512	[metatag = 5]1726
table_quest_text_data.rdf	296603	[metatag = 5]3
table_quest_text_data.rdf	296611	[metatag = 5]0
table_quest_text_data.rdf	296612	[metatag = 5]578
table_quest_text_data.rdf	296703	[metatag = 5]1
table_quest_text_data.rdf	296711	[metatag = 5]0
table_quest_text_data.rdf	296712	[metatag = 5]116
table_quest_text_data.rdf	296803	[metatag = 5]2
table_quest_text_data.rdf	296811	[metatag = 5]12
table_quest_text_data.rdf	296812	[metatag = 5]956
table_quest_text_data.rdf	296903	[metatag = 5]1
table_quest_text_data.rdf	296911	[metatag = 5]0
table_quest_text_data.rdf	296912	[metatag = 5]1786
table_quest_text_data.rdf	297003	[metatag = 5]1
table_quest_text_data.rdf	297011	[metatag = 5]0
table_quest_text_data.rdf	297012	[metatag = 5]2022
table_quest_text_data.rdf	297103	[metatag = 5]2
table_quest_text_data.rdf	297111	[metatag = 5]8
table_quest_text_data.rdf	297112	[metatag = 5]1624
table_quest_text_data.rdf	297203	[metatag = 5]3
table_quest_text_data.rdf	297211	[metatag = 5]1
table_quest_text_data.rdf	297212	[metatag = 5]2022
table_quest_text_data.rdf	297303	[metatag = 5]2
table_quest_text_data.rdf	297311	[metatag = 5]30
table_quest_text_data.rdf	297312	[metatag = 5]2278
table_quest_text_data.rdf	297403	[metatag = 5]3
table_quest_text_data.rdf	297411	[metatag = 5]0
table_quest_text_data.rdf	297412	[metatag = 5]2094
table_quest_text_data.rdf	297503	[metatag = 5]2
table_quest_text_data.rdf	297511	[metatag = 5]0
table_quest_text_data.rdf	297512	[metatag = 5]2275
table_quest_text_data.rdf	297603	[metatag = 5]2
table_quest_text_data.rdf	297611	[metatag = 5]11
table_quest_text_data.rdf	297612	[metatag = 5]581
table_quest_text_data.rdf	297703	[metatag = 5]2
table_quest_text_data.rdf	297711	[metatag = 5]0
table_quest_text_data.rdf	297712	[metatag = 5]808
table_quest_text_data.rdf	297803	[metatag = 5]1
table_quest_text_data.rdf	297807	[metatag = 5]…
table_quest_text_data.rdf	297809	[metatag = 5]…
table_quest_text_data.rdf	297811	[metatag = 5]0
table_quest_text_data.rdf	297812	[metatag = 5]1254
table_quest_text_data.rdf	297901	"[metatag = 5][place = ""100106000""]"
table_quest_text_data.rdf	297903	[metatag = 5]2
table_quest_text_data.rdf	297911	[metatag = 5]0
table_quest_text_data.rdf	297912	[metatag = 5]276
table_quest_text_data.rdf	298001	"[metatag = 5][place = ""100106000""]"
table_quest_text_data.rdf	298003	[metatag = 5]3
table_quest_text_data.rdf	298011	[metatag = 5]1
table_quest_text_data.rdf	298012	[metatag = 5]719
table_quest_text_data.rdf	298013	[metatag = 5]1
table_quest_text_data.rdf	298101	"[metatag = 5][place = ""100106000""]"
table_quest_text_data.rdf	298103	[metatag = 5]3
table_quest_text_data.rdf	298111	[metatag = 5]3
table_quest_text_data.rdf	298112	[metatag = 5]771
table_quest_text_data.rdf	298201	"[metatag = 5][place = ""100106000""]"
table_quest_text_data.rdf	298203	[metatag = 5]2
table_quest_text_data.rdf	298211	[metatag = 5]0
table_quest_text_data.rdf	298212	[metatag = 5]826
table_quest_text_data.rdf	298301	"[metatag = 5][place = ""100106000""]"
table_quest_text_data.rdf	298303	[metatag = 5]1
table_quest_text_data.rdf	298311	[metatag = 5]0
table_quest_text_data.rdf	298312	[metatag = 5]13
table_quest_text_data.rdf	298401	"[metatag = 5][place = ""100106000""]"
table_quest_text_data.rdf	298403	[metatag = 5]2
table_quest_text_data.rdf	298411	[metatag = 5]1
table_quest_text_data.rdf	298412	[metatag = 5]270
table_quest_text_data.rdf	298501	"[metatag = 5][place = ""100106000""]"
table_quest_text_data.rdf	298503	[metatag = 5]1
table_quest_text_data.rdf	298511	[metatag = 5]0
table_quest_text_data.rdf	298512	[metatag = 5]130
table_quest_text_data.rdf	298601	"[metatag = 5][place = ""100106000""]"
table_quest_text_data.rdf	298603	[metatag = 5]2
table_quest_text_data.rdf	298611	[metatag = 5]12
table_quest_text_data.rdf	298612	[metatag = 5]938
table_quest_text_data.rdf	298701	"[metatag = 5][place = ""100106000""]"
table_quest_text_data.rdf	298703	[metatag = 5]1
table_quest_text_data.rdf	298711	[metatag = 5]0
table_quest_text_data.rdf	298712	[metatag = 5]254
table_quest_text_data.rdf	298801	"[metatag = 5][place = ""100106000""]"
table_quest_text_data.rdf	298803	[metatag = 5]3
table_quest_text_data.rdf	298811	[metatag = 5]0
table_quest_text_data.rdf	298812	[metatag = 5]389
table_quest_text_data.rdf	298901	"[metatag = 5][place = ""100106000""]"
table_quest_text_data.rdf	298903	[metatag = 5]1
table_quest_text_data.rdf	298911	[metatag = 5]0
table_quest_text_data.rdf	298912	[metatag = 5]119
table_quest_text_data.rdf	299001	"[metatag = 5][place = ""100106000""]"
table_quest_text_data.rdf	299003	[metatag = 5]2
table_quest_text_data.rdf	299011	[metatag = 5]0
table_quest_text_data.rdf	299012	[metatag = 5]488
table_quest_text_data.rdf	299101	"[metatag = 5][place = ""100106000""]"
table_quest_text_data.rdf	299103	[metatag = 5]2
table_quest_text_data.rdf	299111	[metatag = 5]0
table_quest_text_data.rdf	299112	[metatag = 5]608
table_quest_text_data.rdf	299201	"[metatag = 5][place = ""100106000""]"
table_quest_text_data.rdf	299203	[metatag = 5]1
table_quest_text_data.rdf	299211	[metatag = 5]0
table_quest_text_data.rdf	299212	[metatag = 5]218
table_quest_text_data.rdf	299301	"[metatag = 5][place = ""100106000""]"
table_quest_text_data.rdf	299303	[metatag = 5]2
table_quest_text_data.rdf	299311	[metatag = 5]0
table_quest_text_data.rdf	299312	[metatag = 5]4031
table_quest_text_data.rdf	299401	"[metatag = 5][place = ""100106000""]"
table_quest_text_data.rdf	299403	[metatag = 5]1
table_quest_text_data.rdf	299411	[metatag = 5]0
table_quest_text_data.rdf	299412	[metatag = 5]540
table_quest_text_data.rdf	299501	"[metatag = 5][place = ""100106000""]"
table_quest_text_data.rdf	299503	[metatag = 5]2
table_quest_text_data.rdf	299511	[metatag = 5]15
table_quest_text_data.rdf	299512	[metatag = 5]830
table_quest_text_data.rdf	299601	"[metatag = 5][etc = ""11013""]"
table_quest_text_data.rdf	299603	[metatag = 5]2
table_quest_text_data.rdf	299611	[metatag = 5]12
table_quest_text_data.rdf	299612	[metatag = 5]830
table_quest_text_data.rdf	299701	"[metatag = 5][etc = ""11013""]"
table_quest_text_data.rdf	299703	[metatag = 5]2
table_quest_text_data.rdf	299711	[metatag = 5]1
table_quest_text_data.rdf	299712	[metatag = 5]617
table_quest_text_data.rdf	299713	[metatag = 5]1
table_quest_text_data.rdf	299801	"[metatag = 5][etc = ""11013""]"
table_quest_text_data.rdf	299803	[metatag = 5]1
table_quest_text_data.rdf	299811	[metatag = 5]0
table_quest_text_data.rdf	299812	[metatag = 5]540
table_quest_text_data.rdf	299901	"[metatag = 5][etc = ""11013""]"
table_quest_text_data.rdf	299903	[metatag = 5]2
table_quest_text_data.rdf	299911	[metatag = 5]0
table_quest_text_data.rdf	299912	[metatag = 5]1286
table_quest_text_data.rdf	300001	"[metatag = 5][etc = ""11013""]"
table_quest_text_data.rdf	300003	[metatag = 5]3
table_quest_text_data.rdf	300011	[metatag = 5]0
table_quest_text_data.rdf	300012	[metatag = 5]1286
table_quest_text_data.rdf	300101	"[metatag = 5][etc = ""11013""]"
table_quest_text_data.rdf	300103	[metatag = 5]2
table_quest_text_data.rdf	300111	[metatag = 5]1
table_quest_text_data.rdf	300112	[metatag = 5]0
table_quest_text_data.rdf	300201	"[metatag = 5][etc = ""11013""]"
table_quest_text_data.rdf	300203	[metatag = 5]2
table_quest_text_data.rdf	300211	[metatag = 5]15
table_quest_text_data.rdf	300212	[metatag = 5]937
table_quest_text_data.rdf	300301	"[metatag = 5][etc = ""11013""]"
table_quest_text_data.rdf	300303	[metatag = 5]2
table_quest_text_data.rdf	300311	[metatag = 5]0
table_quest_text_data.rdf	300312	[metatag = 5]1020
table_quest_text_data.rdf	300401	"[metatag = 5][etc = ""11013""]"
table_quest_text_data.rdf	300403	[metatag = 5]2
table_quest_text_data.rdf	300411	[metatag = 5]15
table_quest_text_data.rdf	300412	[metatag = 5]950
table_quest_text_data.rdf	300501	"[metatag = 5][etc = ""11013""]"
table_quest_text_data.rdf	300503	[metatag = 5]3
table_quest_text_data.rdf	300511	[metatag = 5]1
table_quest_text_data.rdf	300512	[metatag = 5]130
table_quest_text_data.rdf	300513	[metatag = 5]1
table_quest_text_data.rdf	300601	"[metatag = 5][etc = ""11013""]"
table_quest_text_data.rdf	300603	[metatag = 5]3
table_quest_text_data.rdf	300611	[metatag = 5]0
table_quest_text_data.rdf	300612	[metatag = 5]783
table_quest_text_data.rdf	300701	"[metatag = 5][etc = ""11013""]"
table_quest_text_data.rdf	300703	[metatag = 5]2
table_quest_text_data.rdf	300711	[metatag = 5]0
table_quest_text_data.rdf	300712	[metatag = 5]319
table_quest_text_data.rdf	300801	"[metatag = 5][etc = ""11013""]"
table_quest_text_data.rdf	300803	[metatag = 5]2
table_quest_text_data.rdf	300811	[metatag = 5]20
table_quest_text_data.rdf	300812	[metatag = 5]632
table_quest_text_data.rdf	300901	"[metatag = 5][etc = ""11013""]"
table_quest_text_data.rdf	300903	[metatag = 5]1
table_quest_text_data.rdf	300911	[metatag = 5]0
table_quest_text_data.rdf	300912	[metatag = 5]1377
table_quest_text_data.rdf	301001	"[metatag = 5][etc = ""11013""]"
table_quest_text_data.rdf	301003	[metatag = 5]2
table_quest_text_data.rdf	301011	[metatag = 5]0
table_quest_text_data.rdf	301012	[metatag = 5]1377
table_quest_text_data.rdf	301101	"[metatag = 5][etc = ""11013""]"
table_quest_text_data.rdf	301103	[metatag = 5]3
table_quest_text_data.rdf	301111	[metatag = 5]1
table_quest_text_data.rdf	301112	[metatag = 5]840
table_quest_text_data.rdf	301113	[metatag = 5]3
table_quest_text_data.rdf	301201	"[metatag = 5][etc = ""11013""]"
table_quest_text_data.rdf	301203	[metatag = 5]2
table_quest_text_data.rdf	301211	[metatag = 5]0
table_quest_text_data.rdf	301212	[metatag = 5]532
table_quest_text_data.rdf	301301	"[metatag = 5][etc = ""11013""]"
table_quest_text_data.rdf	301303	[metatag = 5]3
table_quest_text_data.rdf	301311	[metatag = 5]0
table_quest_text_data.rdf	301312	[metatag = 5]1115
table_quest_text_data.rdf	301401	"[metatag = 5][place = ""100106000""]"
table_quest_text_data.rdf	301403	[metatag = 5]2
table_quest_text_data.rdf	301411	[metatag = 5]10
table_quest_text_data.rdf	301412	[metatag = 5]1036
table_quest_text_data.rdf	301501	"[metatag = 5][place = ""100106000""]"
table_quest_text_data.rdf	301503	[metatag = 5]1
table_quest_text_data.rdf	301511	[metatag = 5]0
table_quest_text_data.rdf	301512	[metatag = 5]657
table_quest_text_data.rdf	301601	"[metatag = 5][place = ""100106000""]"
table_quest_text_data.rdf	301603	[metatag = 5]3
table_quest_text_data.rdf	301611	[metatag = 5]0
table_quest_text_data.rdf	301612	[metatag = 5]525
table_quest_text_data.rdf	301701	"[metatag = 5][place = ""100106000""]"
table_quest_text_data.rdf	301703	[metatag = 5]1
table_quest_text_data.rdf	301711	[metatag = 5]0
table_quest_text_data.rdf	301712	[metatag = 5]637
table_quest_text_data.rdf	301801	"[metatag = 5][place = ""100106000""]"
table_quest_text_data.rdf	301803	[metatag = 5]2
table_quest_text_data.rdf	301811	[metatag = 5]10
table_quest_text_data.rdf	301812	[metatag = 5]1164
table_quest_text_data.rdf	301901	"[metatag = 5][place = ""100106000""]"
table_quest_text_data.rdf	301902	[metatag = 5]Ready？GO！
table_quest_text_data.rdf	301903	[metatag = 5]2
table_quest_text_data.rdf	301911	[metatag = 5]12
table_quest_text_data.rdf	301912	[metatag = 5]1027
table_quest_text_data.rdf	302001	"[metatag = 5][place = ""100106000""]"
table_quest_text_data.rdf	302003	[metatag = 5]1
table_quest_text_data.rdf	302011	[metatag = 5]0
table_quest_text_data.rdf	302012	[metatag = 5]278
table_quest_text_data.rdf	302101	"[metatag = 5][place = ""100106000""]"
table_quest_text_data.rdf	302103	[metatag = 5]1
table_quest_text_data.rdf	302111	[metatag = 5]0
table_quest_text_data.rdf	302112	[metatag = 5]623
table_quest_text_data.rdf	302201	"[metatag = 5][place = ""100106000""]"
table_quest_text_data.rdf	302203	[metatag = 5]3
table_quest_text_data.rdf	302211	[metatag = 5]1
table_quest_text_data.rdf	302212	[metatag = 5]298
table_quest_text_data.rdf	302213	[metatag = 5]1
table_quest_text_data.rdf	302301	"[metatag = 5][place = ""100106000""]"
table_quest_text_data.rdf	302303	[metatag = 5]3
table_quest_text_data.rdf	302311	[metatag = 5]0
table_quest_text_data.rdf	302312	[metatag = 5]278
table_quest_text_data.rdf	302401	"[metatag = 5][place = ""100106000""]"
table_quest_text_data.rdf	302403	[metatag = 5]1
table_quest_text_data.rdf	302411	[metatag = 5]0
table_quest_text_data.rdf	302412	[metatag = 5]17
table_quest_text_data.rdf	302501	"[metatag = 5][place = ""100106000""]"
table_quest_text_data.rdf	302503	[metatag = 5]2
table_quest_text_data.rdf	302511	[metatag = 5]15
table_quest_text_data.rdf	302512	[metatag = 5]881
table_quest_text_data.rdf	302601	"[metatag = 5][place = ""100106000""]"
table_quest_text_data.rdf	302603	[metatag = 5]2
table_quest_text_data.rdf	302611	[metatag = 5]0
table_quest_text_data.rdf	302612	[metatag = 5]782
table_quest_text_data.rdf	302701	"[metatag = 5][place = ""100106000""]"
table_quest_text_data.rdf	302703	[metatag = 5]2
table_quest_text_data.rdf	302711	[metatag = 5]0
table_quest_text_data.rdf	302712	[metatag = 5]287
table_quest_text_data.rdf	302801	"[metatag = 5][place = ""100106000""]"
table_quest_text_data.rdf	302803	[metatag = 5]3
table_quest_text_data.rdf	302811	[metatag = 5]1
table_quest_text_data.rdf	302812	[metatag = 5]15
table_quest_text_data.rdf	302813	[metatag = 5]1
table_quest_text_data.rdf	302901	"[metatag = 5][place = ""100106000""]"
table_quest_text_data.rdf	302903	[metatag = 5]1
table_quest_text_data.rdf	302911	[metatag = 5]0
table_quest_text_data.rdf	302912	[metatag = 5]12
table_quest_text_data.rdf	303001	"[metatag = 5][place = ""100106000""]"
table_quest_text_data.rdf	303003	[metatag = 5]2
table_quest_text_data.rdf	303011	[metatag = 5]12
table_quest_text_data.rdf	303012	[metatag = 5]628
table_quest_text_data.rdf	303101	"[metatag = 5][place = ""100106000""]"
table_quest_text_data.rdf	303103	[metatag = 5]2
table_quest_text_data.rdf	303111	[metatag = 5]0
table_quest_text_data.rdf	303112	[metatag = 5]543
table_quest_text_data.rdf	303201	"[metatag = 5][place = ""100106000""]"
table_quest_text_data.rdf	303203	[metatag = 5]2
table_quest_text_data.rdf	303211	[metatag = 5]0
table_quest_text_data.rdf	303212	[metatag = 5]356
table_quest_text_data.rdf	303301	"[metatag = 5][place = ""100106000""]"
table_quest_text_data.rdf	303303	[metatag = 5]2
table_quest_text_data.rdf	303311	[metatag = 5]10
table_quest_text_data.rdf	303312	[metatag = 5]624
table_quest_text_data.rdf	303401	"[metatag = 5][place = ""100106000""]"
table_quest_text_data.rdf	303403	[metatag = 5]2
table_quest_text_data.rdf	303411	[metatag = 5]0
table_quest_text_data.rdf	303412	[metatag = 5]634
table_quest_text_data.rdf	303501	"[metatag = 5][place = ""100106000""]"
table_quest_text_data.rdf	303503	[metatag = 5]2
table_quest_text_data.rdf	303511	[metatag = 5]8
table_quest_text_data.rdf	303512	[metatag = 5]546
table_quest_text_data.rdf	303601	"[metatag = 5][place = ""100106000""]"
table_quest_text_data.rdf	303603	[metatag = 5]3
table_quest_text_data.rdf	303611	[metatag = 5]1
table_quest_text_data.rdf	303612	[metatag = 5]610
table_quest_text_data.rdf	303613	[metatag = 5]1
table_quest_text_data.rdf	370101	"[metatag = 5][place = ""100112000""]"
table_quest_text_data.rdf	370103	[metatag = 5]1
table_quest_text_data.rdf	370111	[metatag = 5]0
table_quest_text_data.rdf	370112	[metatag = 5]252
table_quest_text_data.rdf	370201	"[metatag = 5][place = ""100112000""]"
table_quest_text_data.rdf	370203	[metatag = 5]3
table_quest_text_data.rdf	370211	[metatag = 5]80
table_quest_text_data.rdf	370212	[metatag = 5]326
table_quest_text_data.rdf	370301	"[metatag = 5][place = ""100112000""]"
table_quest_text_data.rdf	370303	[metatag = 5]1
table_quest_text_data.rdf	370311	[metatag = 5]0
table_quest_text_data.rdf	370312	[metatag = 5]242
table_quest_text_data.rdf	370401	"[metatag = 5][place = ""100112000""]"
table_quest_text_data.rdf	370403	[metatag = 5]1
table_quest_text_data.rdf	370411	[metatag = 5]0
table_quest_text_data.rdf	370412	[metatag = 5]854
table_quest_text_data.rdf	370501	"[metatag = 5][place = ""100112000""]"
table_quest_text_data.rdf	370503	[metatag = 5]1
table_quest_text_data.rdf	370511	[metatag = 5]0
table_quest_text_data.rdf	370512	[metatag = 5]249
table_quest_text_data.rdf	370601	"[metatag = 5][place = ""100112000""]"
table_quest_text_data.rdf	370603	[metatag = 5]3
table_quest_text_data.rdf	370611	[metatag = 5]80
table_quest_text_data.rdf	370612	[metatag = 5]369
table_quest_text_data.rdf	370701	"[metatag = 5][place = ""100112000""]"
table_quest_text_data.rdf	370703	[metatag = 5]1
table_quest_text_data.rdf	370711	[metatag = 5]0
table_quest_text_data.rdf	370712	[metatag = 5]461
table_quest_text_data.rdf	370801	"[metatag = 5][place = ""100112000""]"
table_quest_text_data.rdf	370803	[metatag = 5]1
table_quest_text_data.rdf	370811	[metatag = 5]0
table_quest_text_data.rdf	370812	[metatag = 5]306
table_quest_text_data.rdf	370901	"[metatag = 5][place = ""100112000""]"
table_quest_text_data.rdf	370903	[metatag = 5]3
table_quest_text_data.rdf	370911	[metatag = 5]1
table_quest_text_data.rdf	370912	[metatag = 5]2116
table_quest_text_data.rdf	371001	"[metatag = 5][place = ""100112000""]"
table_quest_text_data.rdf	371003	[metatag = 5]1
table_quest_text_data.rdf	371011	[metatag = 5]0
table_quest_text_data.rdf	371012	[metatag = 5]477
table_quest_text_data.rdf	371101	"[metatag = 5][place = ""100112000""]"
table_quest_text_data.rdf	371103	[metatag = 5]3
table_quest_text_data.rdf	371107	[metatag = 5]…
table_quest_text_data.rdf	371109	[metatag = 5]…
table_quest_text_data.rdf	371111	[metatag = 5]1
table_quest_text_data.rdf	371112	[metatag = 5]840
table_quest_text_data.rdf	371201	"[metatag = 5][place = ""100112000""]"
table_quest_text_data.rdf	371203	[metatag = 5]2
table_quest_text_data.rdf	371211	[metatag = 5]70
table_quest_text_data.rdf	371212	[metatag = 5]678
table_quest_text_data.rdf	371301	"[metatag = 5][place = ""100112000""]"
table_quest_text_data.rdf	371303	[metatag = 5]2
table_quest_text_data.rdf	371311	[metatag = 5]63
table_quest_text_data.rdf	371312	[metatag = 5]468
table_quest_text_data.rdf	371401	"[metatag = 5][place = ""100112000""]"
table_quest_text_data.rdf	371403	[metatag = 5]1
table_quest_text_data.rdf	371411	[metatag = 5]0
table_quest_text_data.rdf	371412	[metatag = 5]658
table_quest_text_data.rdf	371501	"[metatag = 5][place = ""100112000""]"
table_quest_text_data.rdf	371503	[metatag = 5]2
table_quest_text_data.rdf	371507	[metatag = 5]…
table_quest_text_data.rdf	371509	[metatag = 5]…
table_quest_text_data.rdf	371511	[metatag = 5]0
table_quest_text_data.rdf	371512	[metatag = 5]303
table_quest_text_data.rdf	371601	"[metatag = 5][place = ""100112000""]"
table_quest_text_data.rdf	371603	[metatag = 5]1
table_quest_text_data.rdf	371611	[metatag = 5]0
table_quest_text_data.rdf	371612	[metatag = 5]29
table_quest_text_data.rdf	371701	"[metatag = 5][place = ""100112000""]"
table_quest_text_data.rdf	371703	[metatag = 5]1
table_quest_text_data.rdf	371711	[metatag = 5]0
table_quest_text_data.rdf	371712	[metatag = 5]51
table_quest_text_data.rdf	371801	"[metatag = 5][place = ""100112000""]"
table_quest_text_data.rdf	371803	[metatag = 5]3
table_quest_text_data.rdf	371811	[metatag = 5]1
table_quest_text_data.rdf	371812	[metatag = 5]819
table_quest_text_data.rdf	371901	"[metatag = 5][place = ""100112000""]"
table_quest_text_data.rdf	371903	[metatag = 5]1
table_quest_text_data.rdf	371911	[metatag = 5]0
table_quest_text_data.rdf	371912	[metatag = 5]414
table_quest_text_data.rdf	372001	"[metatag = 5][place = ""100112000""]"
table_quest_text_data.rdf	372003	[metatag = 5]1
table_quest_text_data.rdf	372011	[metatag = 5]80
table_quest_text_data.rdf	372012	[metatag = 5]714
table_quest_text_data.rdf	372101	"[metatag = 5][place = ""100112000""]"
table_quest_text_data.rdf	372103	[metatag = 5]1
table_quest_text_data.rdf	372111	[metatag = 5]80
table_quest_text_data.rdf	372112	[metatag = 5]796
table_quest_text_data.rdf	372201	"[metatag = 5][place = ""100112000""]"
table_quest_text_data.rdf	372203	[metatag = 5]1
table_quest_text_data.rdf	372211	[metatag = 5]0
table_quest_text_data.rdf	372212	[metatag = 5]31
table_quest_text_data.rdf	372301	"[metatag = 5][place = ""100112000""]"
table_quest_text_data.rdf	372303	[metatag = 5]1
table_quest_text_data.rdf	372311	[metatag = 5]70
table_quest_text_data.rdf	372312	[metatag = 5]934
table_quest_text_data.rdf	372401	"[metatag = 5][place = ""100112000""]"
table_quest_text_data.rdf	372403	[metatag = 5]3
table_quest_text_data.rdf	372411	[metatag = 5]6
table_quest_text_data.rdf	372412	[metatag = 5]1341
table_quest_text_data.rdf	372501	"[metatag = 5][place = ""100112000""]"
table_quest_text_data.rdf	372503	[metatag = 5]1
table_quest_text_data.rdf	372511	[metatag = 5]80
table_quest_text_data.rdf	372512	[metatag = 5]710
table_quest_text_data.rdf	372601	"[metatag = 5][place = ""100112000""]"
table_quest_text_data.rdf	372603	[metatag = 5]2
table_quest_text_data.rdf	372611	[metatag = 5]70
table_quest_text_data.rdf	372612	[metatag = 5]544
table_quest_text_data.rdf	372701	"[metatag = 5][place = ""100112000""]"
table_quest_text_data.rdf	372703	[metatag = 5]1
table_quest_text_data.rdf	372711	[metatag = 5]0
table_quest_text_data.rdf	372712	[metatag = 5]300
table_quest_text_data.rdf	372801	"[metatag = 5][place = ""100112000""]"
table_quest_text_data.rdf	372803	[metatag = 5]2
table_quest_text_data.rdf	372811	[metatag = 5]80
table_quest_text_data.rdf	372812	[metatag = 5]1612
table_quest_text_data.rdf	372901	"[metatag = 5][place = ""100112000""]"
table_quest_text_data.rdf	372903	[metatag = 5]1
table_quest_text_data.rdf	372911	[metatag = 5]0
table_quest_text_data.rdf	372912	[metatag = 5]183
table_quest_text_data.rdf	373001	"[metatag = 5][place = ""100112000""]"
table_quest_text_data.rdf	373003	[metatag = 5]3
table_quest_text_data.rdf	373011	[metatag = 5]60
table_quest_text_data.rdf	373012	[metatag = 5]804
table_quest_text_data.rdf	373101	"[metatag = 5][place = ""100112000""]"
table_quest_text_data.rdf	373103	[metatag = 5]1
table_quest_text_data.rdf	373111	[metatag = 5]0
table_quest_text_data.rdf	373112	[metatag = 5]183
table_quest_text_data.rdf	373201	"[metatag = 5][place = ""100112000""]"
table_quest_text_data.rdf	373203	[metatag = 5]1
table_quest_text_data.rdf	373211	[metatag = 5]0
table_quest_text_data.rdf	373212	[metatag = 5]1309
table_quest_text_data.rdf	373301	"[metatag = 5][place = ""100112000""]"
table_quest_text_data.rdf	373303	[metatag = 5]1
table_quest_text_data.rdf	373311	[metatag = 5]63
table_quest_text_data.rdf	373312	[metatag = 5]544
table_quest_text_data.rdf	373401	"[metatag = 5][place = ""100112000""]"
table_quest_text_data.rdf	373403	[metatag = 5]2
table_quest_text_data.rdf	373411	[metatag = 5]63
table_quest_text_data.rdf	373412	[metatag = 5]670
table_quest_text_data.rdf	373501	"[metatag = 5][place = ""100112000""]"
table_quest_text_data.rdf	373503	[metatag = 5]1
table_quest_text_data.rdf	373511	[metatag = 5]0
table_quest_text_data.rdf	373512	[metatag = 5]381
table_quest_text_data.rdf	373601	"[metatag = 5][place = ""100112000""]"
table_quest_text_data.rdf	373603	[metatag = 5]1
table_quest_text_data.rdf	373611	[metatag = 5]0
table_quest_text_data.rdf	373612	[metatag = 5]625
table_quest_text_data.rdf	373701	"[metatag = 5][place = ""100112000""]"
table_quest_text_data.rdf	373703	[metatag = 5]1
table_quest_text_data.rdf	373711	[metatag = 5]70
table_quest_text_data.rdf	373712	[metatag = 5]992
table_quest_text_data.rdf	373801	"[metatag = 5][place = ""100112000""]"
table_quest_text_data.rdf	373803	[metatag = 5]1
table_quest_text_data.rdf	373811	[metatag = 5]0
table_quest_text_data.rdf	373812	[metatag = 5]310
table_quest_text_data.rdf	373901	"[metatag = 5][place = ""100112000""]"
table_quest_text_data.rdf	373903	[metatag = 5]1
table_quest_text_data.rdf	373911	[metatag = 5]70
table_quest_text_data.rdf	373912	[metatag = 5]978
table_quest_text_data.rdf	374001	"[metatag = 5][place = ""100112000""]"
table_quest_text_data.rdf	374003	[metatag = 5]1
table_quest_text_data.rdf	374011	[metatag = 5]0
table_quest_text_data.rdf	374012	[metatag = 5]275
table_quest_text_data.rdf	374101	"[metatag = 5][place = ""100112000""]"
table_quest_text_data.rdf	374103	[metatag = 5]2
table_quest_text_data.rdf	374111	[metatag = 5]63
table_quest_text_data.rdf	374112	[metatag = 5]310
table_quest_text_data.rdf	374201	"[metatag = 5][place = ""100112000""]"
table_quest_text_data.rdf	374203	[metatag = 5]3
table_quest_text_data.rdf	374211	[metatag = 5]80
table_quest_text_data.rdf	374212	[metatag = 5]526
table_quest_text_data.rdf	374301	"[metatag = 5][place = ""100112000""]"
table_quest_text_data.rdf	374303	[metatag = 5]2
table_quest_text_data.rdf	374311	[metatag = 5]3
table_quest_text_data.rdf	374312	[metatag = 5]336
table_quest_text_data.rdf	374401	"[metatag = 5][place = ""100112000""]"
table_quest_text_data.rdf	374403	[metatag = 5]1
table_quest_text_data.rdf	374411	[metatag = 5]60
table_quest_text_data.rdf	374412	[metatag = 5]807
table_quest_text_data.rdf	374501	"[metatag = 5][place = ""100112000""]"
table_quest_text_data.rdf	374503	[metatag = 5]1
table_quest_text_data.rdf	374511	[metatag = 5]0
table_quest_text_data.rdf	374512	[metatag = 5]19
table_quest_text_data.rdf	374601	"[metatag = 5][place = ""100112000""]"
table_quest_text_data.rdf	374603	[metatag = 5]1
table_quest_text_data.rdf	374611	[metatag = 5]0
table_quest_text_data.rdf	374612	[metatag = 5]1026
table_quest_text_data.rdf	374701	"[metatag = 5][place = ""100112000""]"
table_quest_text_data.rdf	374703	[metatag = 5]1
table_quest_text_data.rdf	374711	[metatag = 5]0
table_quest_text_data.rdf	374712	[metatag = 5]269
table_quest_text_data.rdf	374801	"[metatag = 5][place = ""100112000""]"
table_quest_text_data.rdf	374803	[metatag = 5]1
table_quest_text_data.rdf	374811	[metatag = 5]0
table_quest_text_data.rdf	374812	[metatag = 5]968
table_quest_text_data.rdf	374901	"[metatag = 5][place = ""100112000""]"
table_quest_text_data.rdf	374903	[metatag = 5]2
table_quest_text_data.rdf	374911	[metatag = 5]63
table_quest_text_data.rdf	374912	[metatag = 5]1107
table_quest_text_data.rdf	375001	"[metatag = 5][place = ""100112000""]"
table_quest_text_data.rdf	375003	[metatag = 5]2
table_quest_text_data.rdf	375011	[metatag = 5]80
table_quest_text_data.rdf	375012	[metatag = 5]1249
table_quest_text_data.rdf	375101	"[metatag = 5][place = ""100112000""]"
table_quest_text_data.rdf	375103	[metatag = 5]3
table_quest_text_data.rdf	375111	[metatag = 5]1
table_quest_text_data.rdf	375112	[metatag = 5]1030
table_quest_text_data.rdf	375201	"[metatag = 5][place = ""100112000""]"
table_quest_text_data.rdf	375203	[metatag = 5]2
table_quest_text_data.rdf	375211	[metatag = 5]8
table_quest_text_data.rdf	375212	[metatag = 5]14
table_quest_text_data.rdf	375301	"[metatag = 5][place = ""100112000""]"
table_quest_text_data.rdf	375303	[metatag = 5]2
table_quest_text_data.rdf	375311	[metatag = 5]63
table_quest_text_data.rdf	375312	[metatag = 5]590
table_quest_text_data.rdf	375401	"[metatag = 5][place = ""100112000""]"
table_quest_text_data.rdf	375403	[metatag = 5]1
table_quest_text_data.rdf	375411	[metatag = 5]0
table_quest_text_data.rdf	375412	[metatag = 5]640
table_quest_text_data.rdf	375501	"[metatag = 5][place = ""100112000""]"
table_quest_text_data.rdf	375503	[metatag = 5]1
table_quest_text_data.rdf	375511	[metatag = 5]0
table_quest_text_data.rdf	375512	[metatag = 5]22
table_quest_text_data.rdf	375601	"[metatag = 5][place = ""100112000""]"
table_quest_text_data.rdf	375603	[metatag = 5]2
table_quest_text_data.rdf	375611	[metatag = 5]0
table_quest_text_data.rdf	375612	[metatag = 5]522
table_quest_text_data.rdf	375701	"[metatag = 5][place = ""100112000""]"
table_quest_text_data.rdf	375703	[metatag = 5]3
table_quest_text_data.rdf	375711	[metatag = 5]1
table_quest_text_data.rdf	375712	[metatag = 5]716
table_quest_text_data.rdf	375801	"[metatag = 5][place = ""100112000""]"
table_quest_text_data.rdf	375803	[metatag = 5]1
table_quest_text_data.rdf	375811	[metatag = 5]0
table_quest_text_data.rdf	375812	[metatag = 5]458
table_quest_text_data.rdf	375901	"[metatag = 5][place = ""100112000""]"
table_quest_text_data.rdf	375903	[metatag = 5]1
table_quest_text_data.rdf	375911	[metatag = 5]0
table_quest_text_data.rdf	375912	[metatag = 5]456
table_quest_text_data.rdf	376001	"[metatag = 5][place = ""100112000""]"
table_quest_text_data.rdf	376003	[metatag = 5]2
table_quest_text_data.rdf	376011	[metatag = 5]50
table_quest_text_data.rdf	376012	[metatag = 5]592
table_quest_text_data.rdf	376101	"[metatag = 5][place = ""100112000""]"
table_quest_text_data.rdf	376103	[metatag = 5]2
table_quest_text_data.rdf	376111	[metatag = 5]1
table_quest_text_data.rdf	376112	[metatag = 5]240
table_quest_text_data.rdf	376201	"[metatag = 5][place = ""100112000""]"
table_quest_text_data.rdf	376203	[metatag = 5]1
table_quest_text_data.rdf	376211	[metatag = 5]0
table_quest_text_data.rdf	376212	[metatag = 5]652
table_quest_text_data.rdf	376301	"[metatag = 5][place = ""100112000""]"
table_quest_text_data.rdf	376303	[metatag = 5]2
table_quest_text_data.rdf	376311	[metatag = 5]1
table_quest_text_data.rdf	376312	[metatag = 5]0
table_quest_text_data.rdf	376401	"[metatag = 5][place = ""100112000""]"
table_quest_text_data.rdf	376403	[metatag = 5]1
table_quest_text_data.rdf	376411	[metatag = 5]0
table_quest_text_data.rdf	376412	[metatag = 5]419
table_quest_text_data.rdf	376501	"[metatag = 5][place = ""100112000""]"
table_quest_text_data.rdf	376503	[metatag = 5]2
table_quest_text_data.rdf	376511	[metatag = 5]63
table_quest_text_data.rdf	376512	[metatag = 5]1048
table_quest_text_data.rdf	376601	"[metatag = 5][place = ""100112000""]"
table_quest_text_data.rdf	376603	[metatag = 5]2
table_quest_text_data.rdf	376611	[metatag = 5]0
table_quest_text_data.rdf	376612	[metatag = 5]752
table_quest_text_data.rdf	376701	"[metatag = 5][place = ""100112000""]"
table_quest_text_data.rdf	376703	[metatag = 5]2
table_quest_text_data.rdf	376711	[metatag = 5]0
table_quest_text_data.rdf	376712	[metatag = 5]1688
table_quest_text_data.rdf	376801	"[metatag = 5][place = ""100112000""]"
table_quest_text_data.rdf	376803	[metatag = 5]3
table_quest_text_data.rdf	376811	[metatag = 5]80
table_quest_text_data.rdf	376812	[metatag = 5]797
table_quest_text_data.rdf	376901	"[metatag = 5][place = ""100112000""]"
table_quest_text_data.rdf	376903	[metatag = 5]3
table_quest_text_data.rdf	376911	[metatag = 5]1
table_quest_text_data.rdf	376912	[metatag = 5]1004
table_quest_text_data.rdf	377001	"[metatag = 5][place = ""100112000""]"
table_quest_text_data.rdf	377003	[metatag = 5]1
table_quest_text_data.rdf	377011	[metatag = 5]0
table_quest_text_data.rdf	377012	[metatag = 5]34
table_quest_text_data.rdf	377101	"[metatag = 5][place = ""100112000""]"
table_quest_text_data.rdf	377103	[metatag = 5]1
table_quest_text_data.rdf	377111	[metatag = 5]0
table_quest_text_data.rdf	377112	[metatag = 5]632
table_quest_text_data.rdf	377201	"[metatag = 5][place = ""100112000""]"
table_quest_text_data.rdf	377203	[metatag = 5]2
table_quest_text_data.rdf	377211	[metatag = 5]60
table_quest_text_data.rdf	377212	[metatag = 5]1443
table_quest_text_data.rdf	377301	"[metatag = 5][place = ""100112000""]"
table_quest_text_data.rdf	377303	[metatag = 5]2
table_quest_text_data.rdf	377311	[metatag = 5]95
table_quest_text_data.rdf	377312	[metatag = 5]1404
table_quest_text_data.rdf	377401	"[metatag = 5][place = ""100112000""]"
table_quest_text_data.rdf	377403	[metatag = 5]2
table_quest_text_data.rdf	377411	[metatag = 5]0
table_quest_text_data.rdf	377412	[metatag = 5]1543
table_quest_text_data.rdf	377501	"[metatag = 5][place = ""100112000""]"
table_quest_text_data.rdf	377503	[metatag = 5]2
table_quest_text_data.rdf	377511	[metatag = 5]0
table_quest_text_data.rdf	377512	[metatag = 5]770
table_quest_text_data.rdf	377601	"[metatag = 5][place = ""100112000""]"
table_quest_text_data.rdf	377603	[metatag = 5]2
table_quest_text_data.rdf	377611	[metatag = 5]0
table_quest_text_data.rdf	377612	[metatag = 5]1300
table_quest_text_data.rdf	377701	"[metatag = 5][place = ""100112000""]"
table_quest_text_data.rdf	377703	[metatag = 5]1
table_quest_text_data.rdf	377711	[metatag = 5]0
table_quest_text_data.rdf	377712	[metatag = 5]1442
table_quest_text_data.rdf	377801	"[metatag = 5][place = ""100112000""]"
table_quest_text_data.rdf	377803	[metatag = 5]1
table_quest_text_data.rdf	377811	[metatag = 5]0
table_quest_text_data.rdf	377812	[metatag = 5]782
table_quest_text_data.rdf	377901	"[metatag = 5][place = ""100112000""]"
table_quest_text_data.rdf	377903	[metatag = 5]2
table_quest_text_data.rdf	377911	[metatag = 5]80
table_quest_text_data.rdf	377912	[metatag = 5]1466
table_quest_text_data.rdf	378001	"[metatag = 5][place = ""100112000""]"
table_quest_text_data.rdf	378003	[metatag = 5]3
table_quest_text_data.rdf	378011	[metatag = 5]1
table_quest_text_data.rdf	378012	[metatag = 5]824
table_quest_text_data.rdf	378101	"[metatag = 5][place = ""100112000""]"
table_quest_text_data.rdf	378103	[metatag = 5]3
table_quest_text_data.rdf	378111	[metatag = 5]0
table_quest_text_data.rdf	378112	[metatag = 5]603
table_quest_text_data.rdf	378201	"[metatag = 5][place = ""100112000""]"
table_quest_text_data.rdf	378203	[metatag = 5]3
table_quest_text_data.rdf	378211	[metatag = 5]1
table_quest_text_data.rdf	378212	[metatag = 5]504
table_quest_text_data.rdf	378301	"[metatag = 5][place = ""100112000""]"
table_quest_text_data.rdf	378303	[metatag = 5]1
table_quest_text_data.rdf	378311	[metatag = 5]0
table_quest_text_data.rdf	378312	[metatag = 5]1424
table_quest_text_data.rdf	378401	"[metatag = 5][place = ""100112000""]"
table_quest_text_data.rdf	378403	[metatag = 5]3
table_quest_text_data.rdf	378411	[metatag = 5]1
table_quest_text_data.rdf	378412	[metatag = 5]1818
table_quest_text_data.rdf	378501	"[metatag = 5][place = ""100112000""]"
table_quest_text_data.rdf	378503	[metatag = 5]1
table_quest_text_data.rdf	378507	"[metatag = 5][npc = ""1791101""]…"
table_quest_text_data.rdf	378511	[metatag = 5]0
table_quest_text_data.rdf	378512	[metatag = 5]1382
table_quest_text_data.rdf	378601	"[metatag = 5][place = ""100112000""]"
table_quest_text_data.rdf	378603	[metatag = 5]1
table_quest_text_data.rdf	378611	[metatag = 5]0
table_quest_text_data.rdf	378612	[metatag = 5]49
table_quest_text_data.rdf	378701	"[metatag = 5][place = ""100112000""]"
table_quest_text_data.rdf	378703	[metatag = 5]1
table_quest_text_data.rdf	378711	[metatag = 5]0
table_quest_text_data.rdf	378712	[metatag = 5]18
table_quest_text_data.rdf	378801	"[metatag = 5][place = ""100112000""]"
table_quest_text_data.rdf	378803	[metatag = 5]1
table_quest_text_data.rdf	378811	[metatag = 5]0
table_quest_text_data.rdf	378812	[metatag = 5]0
table_quest_text_data.rdf	378901	"[metatag = 5][place = ""100112000""]"
table_quest_text_data.rdf	378903	[metatag = 5]2
table_quest_text_data.rdf	378911	[metatag = 5]30
table_quest_text_data.rdf	378912	[metatag = 5]0
table_quest_text_data.rdf	379001	"[metatag = 5][place = ""100112000""]"
table_quest_text_data.rdf	379003	[metatag = 5]2
table_quest_text_data.rdf	379011	[metatag = 5]63
table_quest_text_data.rdf	379012	[metatag = 5]0
table_quest_text_data.rdf	379101	"[metatag = 5][place = ""100112000""]"
table_quest_text_data.rdf	379103	[metatag = 5]2
table_quest_text_data.rdf	379111	[metatag = 5]30
table_quest_text_data.rdf	379112	[metatag = 5]0
table_quest_text_data.rdf	379201	"[metatag = 5][place = ""100112000""]"
table_quest_text_data.rdf	379203	[metatag = 5]2
table_quest_text_data.rdf	379211	[metatag = 5]63
table_quest_text_data.rdf	379212	[metatag = 5]0
table_quest_text_data.rdf	379301	"[metatag = 5][place = ""100112000""]"
table_quest_text_data.rdf	379303	[metatag = 5]2
table_quest_text_data.rdf	379311	[metatag = 5]63
table_quest_text_data.rdf	379312	[metatag = 5]0
table_quest_text_data.rdf	379401	"[metatag = 5][place = ""100112000""]"
table_quest_text_data.rdf	379403	[metatag = 5]2
table_quest_text_data.rdf	379411	[metatag = 5]40
table_quest_text_data.rdf	379412	[metatag = 5]0
table_quest_text_data.rdf	379501	"[metatag = 5][place = ""100112000""]"
table_quest_text_data.rdf	379503	[metatag = 5]2
table_quest_text_data.rdf	379511	[metatag = 5]63
table_quest_text_data.rdf	379512	[metatag = 5]0
table_quest_text_data.rdf	379601	"[metatag = 5][place = ""100112000""]"
table_quest_text_data.rdf	379603	[metatag = 5]2
table_quest_text_data.rdf	379611	[metatag = 5]40
table_quest_text_data.rdf	379612	[metatag = 5]0
table_quest_text_data.rdf	379701	"[metatag = 5][place = ""100112000""]"
table_quest_text_data.rdf	379703	[metatag = 5]2
table_quest_text_data.rdf	379711	[metatag = 5]63
table_quest_text_data.rdf	379712	[metatag = 5]0
table_quest_text_data.rdf	379801	"[metatag = 5][place = ""100112000""]"
table_quest_text_data.rdf	379803	[metatag = 5]2
table_quest_text_data.rdf	379811	[metatag = 5]30
table_quest_text_data.rdf	379812	[metatag = 5]0
table_quest_text_data.rdf	379901	"[metatag = 5][place = ""100112000""]"
table_quest_text_data.rdf	379903	[metatag = 5]2
table_quest_text_data.rdf	379911	[metatag = 5]63
table_quest_text_data.rdf	379912	[metatag = 5]0
table_quest_text_data.rdf	380001	"[metatag = 5][place = ""100112000""]"
table_quest_text_data.rdf	380003	[metatag = 5]2
table_quest_text_data.rdf	380011	[metatag = 5]63
table_quest_text_data.rdf	380012	[metatag = 5]0
table_quest_text_data.rdf	380101	"[metatag = 5][place = ""100112000""]"
table_quest_text_data.rdf	380103	[metatag = 5]2
table_quest_text_data.rdf	380111	[metatag = 5]63
table_quest_text_data.rdf	380112	[metatag = 5]0
table_quest_text_data.rdf	380201	"[metatag = 5][place = ""100112000""]"
table_quest_text_data.rdf	380203	[metatag = 5]2
table_quest_text_data.rdf	380211	[metatag = 5]63
table_quest_text_data.rdf	380212	[metatag = 5]0
table_quest_text_data.rdf	380301	"[metatag = 5][place = ""100112000""]"
table_quest_text_data.rdf	380303	[metatag = 5]2
table_quest_text_data.rdf	380311	[metatag = 5]63
table_quest_text_data.rdf	380312	[metatag = 5]0
table_quest_text_data.rdf	380401	"[metatag = 5][place = ""100112000""]"
table_quest_text_data.rdf	380403	[metatag = 5]2
table_quest_text_data.rdf	380411	[metatag = 5]63
table_quest_text_data.rdf	380412	[metatag = 5]0
table_quest_text_data.rdf	380501	"[metatag = 5][place = ""100112000""]"
table_quest_text_data.rdf	380503	[metatag = 5]2
table_quest_text_data.rdf	380511	[metatag = 5]63
table_quest_text_data.rdf	380512	[metatag = 5]0
table_quest_text_data.rdf	380601	"[metatag = 5][place = ""100112000""]"
table_quest_text_data.rdf	380603	[metatag = 5]2
table_quest_text_data.rdf	380611	[metatag = 5]63
table_quest_text_data.rdf	380612	[metatag = 5]0
table_quest_text_data.rdf	380701	"[metatag = 5][place = ""100112000""]"
table_quest_text_data.rdf	380703	[metatag = 5]2
table_quest_text_data.rdf	380711	[metatag = 5]63
table_quest_text_data.rdf	380712	[metatag = 5]0
table_quest_text_data.rdf	380801	"[metatag = 5][place = ""100112000""]"
table_quest_text_data.rdf	380803	[metatag = 5]2
table_quest_text_data.rdf	380811	[metatag = 5]30
table_quest_text_data.rdf	380812	[metatag = 5]0
table_quest_text_data.rdf	380901	"[metatag = 5][place = ""100112000""]"
table_quest_text_data.rdf	380903	[metatag = 5]2
table_quest_text_data.rdf	380911	[metatag = 5]30
table_quest_text_data.rdf	380912	[metatag = 5]0
table_quest_text_data.rdf	381001	"[metatag = 5][place = ""100112000""]"
table_quest_text_data.rdf	381003	[metatag = 5]2
table_quest_text_data.rdf	381011	[metatag = 5]60
table_quest_text_data.rdf	381012	[metatag = 5]0
table_quest_text_data.rdf	381101	"[metatag = 5][place = ""100112000""]"
table_quest_text_data.rdf	381103	[metatag = 5]2
table_quest_text_data.rdf	381111	[metatag = 5]30
table_quest_text_data.rdf	381112	[metatag = 5]0
table_quest_text_data.rdf	381201	"[metatag = 5][place = ""100112000""]"
table_quest_text_data.rdf	381203	[metatag = 5]2
table_quest_text_data.rdf	381211	[metatag = 5]63
table_quest_text_data.rdf	381212	[metatag = 5]0
table_quest_text_data.rdf	381301	"[metatag = 5][place = ""100112000""]"
table_quest_text_data.rdf	381303	[metatag = 5]2
table_quest_text_data.rdf	381311	[metatag = 5]63
table_quest_text_data.rdf	381312	[metatag = 5]0
table_quest_text_data.rdf	381401	"[metatag = 5][place = ""100112000""]"
table_quest_text_data.rdf	381403	[metatag = 5]2
table_quest_text_data.rdf	381411	[metatag = 5]63
table_quest_text_data.rdf	381412	[metatag = 5]0
table_quest_text_data.rdf	381501	"[metatag = 5][place = ""100112000""]"
table_quest_text_data.rdf	381503	[metatag = 5]2
table_quest_text_data.rdf	381511	[metatag = 5]70
table_quest_text_data.rdf	381512	[metatag = 5]0
table_quest_text_data.rdf	381601	"[metatag = 5][place = ""100112000""]"
table_quest_text_data.rdf	381603	[metatag = 5]2
table_quest_text_data.rdf	381611	[metatag = 5]63
table_quest_text_data.rdf	381612	[metatag = 5]0
table_quest_text_data.rdf	381701	"[metatag = 5][place = ""100112000""]"
table_quest_text_data.rdf	381703	[metatag = 5]2
table_quest_text_data.rdf	381711	[metatag = 5]40
table_quest_text_data.rdf	381712	[metatag = 5]0
table_quest_text_data.rdf	381801	"[metatag = 5][place = ""100112000""]"
table_quest_text_data.rdf	381803	[metatag = 5]2
table_quest_text_data.rdf	381811	[metatag = 5]63
table_quest_text_data.rdf	381812	[metatag = 5]0
table_quest_text_data.rdf	381901	"[metatag = 5][place = ""100112000""]"
table_quest_text_data.rdf	381903	[metatag = 5]2
table_quest_text_data.rdf	381911	[metatag = 5]30
table_quest_text_data.rdf	381912	[metatag = 5]0
table_quest_text_data.rdf	382001	"[metatag = 5][place = ""100112000""]"
table_quest_text_data.rdf	382003	[metatag = 5]2
table_quest_text_data.rdf	382011	[metatag = 5]63
table_quest_text_data.rdf	382012	[metatag = 5]0
table_quest_text_data.rdf	382101	"[metatag = 5][place = ""100112000""]"
table_quest_text_data.rdf	382103	[metatag = 5]2
table_quest_text_data.rdf	382111	[metatag = 5]30
table_quest_text_data.rdf	382112	[metatag = 5]0
table_quest_text_data.rdf	382201	"[metatag = 5][place = ""100112000""]"
table_quest_text_data.rdf	382203	[metatag = 5]2
table_quest_text_data.rdf	382211	[metatag = 5]63
table_quest_text_data.rdf	382212	[metatag = 5]0
table_quest_text_data.rdf	382301	"[metatag = 5][place = ""100112000""]"
table_quest_text_data.rdf	382303	[metatag = 5]2
table_quest_text_data.rdf	382311	[metatag = 5]50
table_quest_text_data.rdf	382312	[metatag = 5]0
table_quest_text_data.rdf	382401	"[metatag = 5][place = ""100112000""]"
table_quest_text_data.rdf	382403	[metatag = 5]2
table_quest_text_data.rdf	382411	[metatag = 5]30
table_quest_text_data.rdf	382412	[metatag = 5]0
table_quest_text_data.rdf	382501	"[metatag = 5][place = ""100112000""]"
table_quest_text_data.rdf	382503	[metatag = 5]2
table_quest_text_data.rdf	382511	[metatag = 5]63
table_quest_text_data.rdf	382512	[metatag = 5]0
table_quest_text_data.rdf	382601	"[metatag = 5][place = ""100112000""]"
table_quest_text_data.rdf	382603	[metatag = 5]2
table_quest_text_data.rdf	382611	[metatag = 5]70
table_quest_text_data.rdf	382612	[metatag = 5]0
table_quest_text_data.rdf	382701	"[metatag = 5][place = ""100112000""]"
table_quest_text_data.rdf	382703	[metatag = 5]2
table_quest_text_data.rdf	382711	[metatag = 5]63
table_quest_text_data.rdf	382712	[metatag = 5]0
table_quest_text_data.rdf	382801	"[metatag = 5][place = ""100112000""]"
table_quest_text_data.rdf	382803	[metatag = 5]2
table_quest_text_data.rdf	382811	[metatag = 5]30
table_quest_text_data.rdf	382812	[metatag = 5]0
table_quest_text_data.rdf	382901	"[metatag = 5][place = ""100112000""]"
table_quest_text_data.rdf	382903	[metatag = 5]2
table_quest_text_data.rdf	382911	[metatag = 5]63
table_quest_text_data.rdf	382912	[metatag = 5]0
table_quest_text_data.rdf	383001	"[metatag = 5][place = ""100112000""]"
table_quest_text_data.rdf	383003	[metatag = 5]2
table_quest_text_data.rdf	383011	[metatag = 5]63
table_quest_text_data.rdf	383012	[metatag = 5]0
table_quest_text_data.rdf	383101	"[metatag = 5][place = ""100112000""]"
table_quest_text_data.rdf	383103	[metatag = 5]2
table_quest_text_data.rdf	383111	[metatag = 5]30
table_quest_text_data.rdf	383112	[metatag = 5]0
table_quest_text_data.rdf	383201	"[metatag = 5][place = ""100112000""]"
table_quest_text_data.rdf	383203	[metatag = 5]2
table_quest_text_data.rdf	383211	[metatag = 5]63
table_quest_text_data.rdf	383212	[metatag = 5]0
table_quest_text_data.rdf	383301	"[metatag = 5][place = ""100112000""]"
table_quest_text_data.rdf	383303	[metatag = 5]2
table_quest_text_data.rdf	383311	[metatag = 5]63
table_quest_text_data.rdf	383312	[metatag = 5]0
table_quest_text_data.rdf	383401	"[metatag = 5][place = ""100112000""]"
table_quest_text_data.rdf	383403	[metatag = 5]2
table_quest_text_data.rdf	383411	[metatag = 5]40
table_quest_text_data.rdf	383412	[metatag = 5]0
table_quest_text_data.rdf	383501	"[metatag = 5][place = ""100112000""]"
table_quest_text_data.rdf	383503	[metatag = 5]2
table_quest_text_data.rdf	383511	[metatag = 5]63
table_quest_text_data.rdf	383512	[metatag = 5]0
table_quest_text_data.rdf	383601	"[metatag = 5][place = ""100112000""]"
table_quest_text_data.rdf	383603	[metatag = 5]2
table_quest_text_data.rdf	383611	[metatag = 5]40
table_quest_text_data.rdf	383612	[metatag = 5]0
table_quest_text_data.rdf	383701	"[metatag = 5][place = ""100112000""]"
table_quest_text_data.rdf	383703	[metatag = 5]2
table_quest_text_data.rdf	383711	[metatag = 5]63
table_quest_text_data.rdf	383712	[metatag = 5]0
table_quest_text_data.rdf	383801	"[metatag = 5][place = ""100112000""]"
table_quest_text_data.rdf	383803	[metatag = 5]2
table_quest_text_data.rdf	383811	[metatag = 5]40
table_quest_text_data.rdf	383812	[metatag = 5]0
table_quest_text_data.rdf	383901	"[metatag = 5][place = ""100112000""]"
table_quest_text_data.rdf	383903	[metatag = 5]2
table_quest_text_data.rdf	383911	[metatag = 5]63
table_quest_text_data.rdf	383912	[metatag = 5]0
table_quest_text_data.rdf	384001	"[metatag = 5][place = ""100112000""]"
table_quest_text_data.rdf	384003	[metatag = 5]2
table_quest_text_data.rdf	384011	[metatag = 5]1
table_quest_text_data.rdf	384012	[metatag = 5]0
table_quest_text_data.rdf	384101	"[metatag = 5][place = ""100112000""]"
table_quest_text_data.rdf	384103	[metatag = 5]2
table_quest_text_data.rdf	384111	[metatag = 5]2
table_quest_text_data.rdf	384112	[metatag = 5]0
table_quest_text_data.rdf	384201	"[metatag = 5][place = ""100112000""]"
table_quest_text_data.rdf	384203	[metatag = 5]2
table_quest_text_data.rdf	384211	[metatag = 5]1
table_quest_text_data.rdf	384212	[metatag = 5]0
table_quest_text_data.rdf	384301	"[metatag = 5][place = ""100112000""]"
table_quest_text_data.rdf	384303	[metatag = 5]2
table_quest_text_data.rdf	384311	[metatag = 5]1
table_quest_text_data.rdf	384312	[metatag = 5]0
table_quest_text_data.rdf	384401	"[metatag = 5][place = ""100112000""]"
table_quest_text_data.rdf	384403	[metatag = 5]2
table_quest_text_data.rdf	384411	[metatag = 5]2
table_quest_text_data.rdf	384412	[metatag = 5]0
table_quest_text_data.rdf	384501	"[metatag = 5][place = ""100112000""]"
table_quest_text_data.rdf	384503	[metatag = 5]2
table_quest_text_data.rdf	384511	[metatag = 5]1
table_quest_text_data.rdf	384512	[metatag = 5]0
table_quest_text_data.rdf	384601	"[metatag = 5][place = ""100112000""]"
table_quest_text_data.rdf	384603	[metatag = 5]2
table_quest_text_data.rdf	384611	[metatag = 5]1
table_quest_text_data.rdf	384612	[metatag = 5]0
table_quest_text_data.rdf	384701	"[metatag = 5][place = ""100112000""]"
table_quest_text_data.rdf	384703	[metatag = 5]2
table_quest_text_data.rdf	384711	[metatag = 5]2
table_quest_text_data.rdf	384712	[metatag = 5]0
table_quest_text_data.rdf	384801	"[metatag = 5][place = ""100112000""]"
table_quest_text_data.rdf	384803	[metatag = 5]2
table_quest_text_data.rdf	384811	[metatag = 5]1
table_quest_text_data.rdf	384812	[metatag = 5]0
table_quest_text_data.rdf	384901	"[metatag = 5][place = ""100112000""]"
table_quest_text_data.rdf	384903	[metatag = 5]2
table_quest_text_data.rdf	384911	[metatag = 5]0
table_quest_text_data.rdf	384912	[metatag = 5]1382
table_quest_text_data.rdf	385001	"[metatag = 5][place = ""100112000""]"
table_quest_text_data.rdf	385003	[metatag = 5]3
table_quest_text_data.rdf	385011	[metatag = 5]1
table_quest_text_data.rdf	385012	[metatag = 5]18
table_quest_text_data.rdf	600101	"[metatag = 5][place = ""100107000""]"
table_quest_text_data.rdf	600103	[metatag = 5]3
table_quest_text_data.rdf	600107	[metatag = 5]…。
table_quest_text_data.rdf	600109	[metatag = 5]…。
table_quest_text_data.rdf	600111	[metatag = 5]0
table_quest_text_data.rdf	600112	[metatag = 5]4608
table_quest_text_data.rdf	600201	"[metatag = 5][place = ""100107000""]"
table_quest_text_data.rdf	600203	[metatag = 5]2
table_quest_text_data.rdf	600211	[metatag = 5]2
table_quest_text_data.rdf	600212	[metatag = 5]0
table_quest_text_data.rdf	600301	"[metatag = 5][place = ""100107000""]"
table_quest_text_data.rdf	600303	[metatag = 5]1
table_quest_text_data.rdf	600311	[metatag = 5]0
table_quest_text_data.rdf	600312	[metatag = 5]768
table_quest_text_data.rdf	600401	"[metatag = 5][place = ""100107000""]"
table_quest_text_data.rdf	600403	[metatag = 5]3
table_quest_text_data.rdf	600411	[metatag = 5]3
table_quest_text_data.rdf	600412	[metatag = 5]0
table_quest_text_data.rdf	600501	"[metatag = 5][place = ""100107000""]"
table_quest_text_data.rdf	600503	[metatag = 5]1
table_quest_text_data.rdf	600511	[metatag = 5]0
table_quest_text_data.rdf	600512	[metatag = 5]768
table_quest_text_data.rdf	600601	"[metatag = 5][place = ""100107000""]"
table_quest_text_data.rdf	600603	[metatag = 5]3
table_quest_text_data.rdf	600607	[metatag = 5]…。
table_quest_text_data.rdf	600609	[metatag = 5]…。
table_quest_text_data.rdf	600611	[metatag = 5]1
table_quest_text_data.rdf	600612	[metatag = 5]1024
table_quest_text_data.rdf	600701	"[metatag = 5][place = ""100103000""]"
table_quest_text_data.rdf	600703	[metatag = 5]1
table_quest_text_data.rdf	600711	[metatag = 5]0
table_quest_text_data.rdf	600712	[metatag = 5]4608
table_quest_text_data.rdf	600801	"[metatag = 5][place = ""100103000""]"
table_quest_text_data.rdf	600803	[metatag = 5]1
table_quest_text_data.rdf	600811	[metatag = 5]0
table_quest_text_data.rdf	600812	[metatag = 5]1024
table_quest_text_data.rdf	600901	"[metatag = 5][place = ""100103000""]"
table_quest_text_data.rdf	600903	[metatag = 5]1
table_quest_text_data.rdf	600911	[metatag = 5]0
table_quest_text_data.rdf	600912	[metatag = 5]512
table_quest_text_data.rdf	601001	"[metatag = 5][place = ""100107000""]"
table_quest_text_data.rdf	601003	[metatag = 5]1
table_quest_text_data.rdf	601007	[metatag = 5]…。
table_quest_text_data.rdf	601009	[metatag = 5]…。
table_quest_text_data.rdf	601011	[metatag = 5]0
table_quest_text_data.rdf	601012	[metatag = 5]512
table_quest_text_data.rdf	601101	"[metatag = 5][place = ""100103000""]"
table_quest_text_data.rdf	601103	[metatag = 5]1
table_quest_text_data.rdf	601111	[metatag = 5]0
table_quest_text_data.rdf	601112	[metatag = 5]1024
table_quest_text_data.rdf	601201	"[metatag = 5][place = ""100103000""]"
table_quest_text_data.rdf	601203	[metatag = 5]1
table_quest_text_data.rdf	601211	[metatag = 5]2
table_quest_text_data.rdf	601212	[metatag = 5]0
table_quest_text_data.rdf	601301	"[metatag = 5][place = ""100103000""]"
table_quest_text_data.rdf	601303	[metatag = 5]2
table_quest_text_data.rdf	601311	[metatag = 5]0
table_quest_text_data.rdf	601312	[metatag = 5]4608
table_quest_text_data.rdf	601401	"[metatag = 5][place = ""100107000""]"
table_quest_text_data.rdf	601403	[metatag = 5]2
table_quest_text_data.rdf	601411	[metatag = 5]0
table_quest_text_data.rdf	601412	[metatag = 5]1536
table_quest_text_data.rdf	601501	"[metatag = 5][place = ""100107000""]"
table_quest_text_data.rdf	601503	[metatag = 5]1
table_quest_text_data.rdf	601511	[metatag = 5]0
table_quest_text_data.rdf	601512	[metatag = 5]4608
table_quest_text_data.rdf	601601	"[metatag = 5][place = ""100107000""]"
table_quest_text_data.rdf	601603	[metatag = 5]1
table_quest_text_data.rdf	601607	[metatag = 5]…。
table_quest_text_data.rdf	601609	[metatag = 5]…。
table_quest_text_data.rdf	601611	[metatag = 5]0
table_quest_text_data.rdf	601612	[metatag = 5]4608
table_quest_text_data.rdf	601701	"[metatag = 5][place = ""100103000""]"
table_quest_text_data.rdf	601703	[metatag = 5]1
table_quest_text_data.rdf	601711	[metatag = 5]0
table_quest_text_data.rdf	601712	[metatag = 5]512
table_quest_text_data.rdf	601801	"[metatag = 5][place = ""100103000""]"
table_quest_text_data.rdf	601803	[metatag = 5]1
table_quest_text_data.rdf	601811	[metatag = 5]0
table_quest_text_data.rdf	601812	[metatag = 5]4608
table_quest_text_data.rdf	601901	"[metatag = 5][place = ""100103000""]"
table_quest_text_data.rdf	601903	[metatag = 5]3
table_quest_text_data.rdf	601911	[metatag = 5]3
table_quest_text_data.rdf	601912	[metatag = 5]0
table_quest_text_data.rdf	602001	"[metatag = 5][place = ""100107000""]"
table_quest_text_data.rdf	602003	[metatag = 5]3
table_quest_text_data.rdf	602007	[metatag = 5]…。
table_quest_text_data.rdf	602009	[metatag = 5]…。
table_quest_text_data.rdf	602011	[metatag = 5]5
table_quest_text_data.rdf	602012	[metatag = 5]1024
table_quest_text_data.rdf	602101	"[metatag = 5][place = ""100103000""]"
table_quest_text_data.rdf	602103	[metatag = 5]1
table_quest_text_data.rdf	602111	[metatag = 5]0
table_quest_text_data.rdf	602112	[metatag = 5]0
table_quest_text_data.rdf	602201	"[metatag = 5][place = ""100103000""]"
table_quest_text_data.rdf	602203	[metatag = 5]2
table_quest_text_data.rdf	602211	[metatag = 5]1
table_quest_text_data.rdf	602212	[metatag = 5]2048
table_quest_text_data.rdf	602301	"[metatag = 5][place = ""100103000""]"
table_quest_text_data.rdf	602303	[metatag = 5]1
table_quest_text_data.rdf	602311	[metatag = 5]0
table_quest_text_data.rdf	602312	[metatag = 5]0
table_quest_text_data.rdf	602401	"[metatag = 5][place = ""100107000""]"
table_quest_text_data.rdf	602403	[metatag = 5]1
table_quest_text_data.rdf	602411	[metatag = 5]0
table_quest_text_data.rdf	602412	[metatag = 5]4608
table_quest_text_data.rdf	602501	"[metatag = 5][place = ""100107000""]"
table_quest_text_data.rdf	602503	[metatag = 5]1
table_quest_text_data.rdf	602511	[metatag = 5]0
table_quest_text_data.rdf	602512	[metatag = 5]1536
table_quest_text_data.rdf	602601	"[metatag = 5][place = ""100107000""]"
table_quest_text_data.rdf	602603	[metatag = 5]1
table_quest_text_data.rdf	602607	[metatag = 5]…。
table_quest_text_data.rdf	602609	[metatag = 5]…。
table_quest_text_data.rdf	602611	[metatag = 5]0
table_quest_text_data.rdf	602612	[metatag = 5]1024
table_quest_text_data.rdf	602701	"[metatag = 5][place = ""100101000""]"
table_quest_text_data.rdf	602703	[metatag = 5]1
table_quest_text_data.rdf	602711	[metatag = 5]0
table_quest_text_data.rdf	602712	[metatag = 5]0
table_quest_text_data.rdf	602801	"[metatag = 5][place = ""100101000""]"
table_quest_text_data.rdf	602803	[metatag = 5]1
table_quest_text_data.rdf	602811	[metatag = 5]0
table_quest_text_data.rdf	602812	[metatag = 5]512
table_quest_text_data.rdf	602901	"[metatag = 5][place = ""100101000""]"
table_quest_text_data.rdf	602903	[metatag = 5]1
table_quest_text_data.rdf	602911	[metatag = 5]0
table_quest_text_data.rdf	602912	[metatag = 5]1280
table_quest_text_data.rdf	603001	"[metatag = 5][place = ""100107000""]"
table_quest_text_data.rdf	603003	[metatag = 5]3
table_quest_text_data.rdf	603007	[metatag = 5]…。
table_quest_text_data.rdf	603009	[metatag = 5]…。
table_quest_text_data.rdf	603011	[metatag = 5]0
table_quest_text_data.rdf	603012	[metatag = 5]1536
table_quest_text_data.rdf	603101	"[metatag = 5][place = ""100101000""]"
table_quest_text_data.rdf	603103	[metatag = 5]3
table_quest_text_data.rdf	603111	[metatag = 5]2
table_quest_text_data.rdf	603112	[metatag = 5]4608
table_quest_text_data.rdf	603201	"[metatag = 5][place = ""100101000""]"
table_quest_text_data.rdf	603203	[metatag = 5]2
table_quest_text_data.rdf	603211	[metatag = 5]0
table_quest_text_data.rdf	603212	[metatag = 5]1024
table_quest_text_data.rdf	603301	"[metatag = 5][place = ""100101000""]"
table_quest_text_data.rdf	603303	[metatag = 5]1
table_quest_text_data.rdf	603311	[metatag = 5]0
table_quest_text_data.rdf	603312	[metatag = 5]4608
table_quest_text_data.rdf	603401	"[metatag = 5][place = ""100107000""]"
table_quest_text_data.rdf	603403	[metatag = 5]1
table_quest_text_data.rdf	603411	[metatag = 5]0
table_quest_text_data.rdf	603412	[metatag = 5]512
table_quest_text_data.rdf	603501	"[metatag = 5][place = ""100107000""]"
table_quest_text_data.rdf	603503	[metatag = 5]1
table_quest_text_data.rdf	603511	[metatag = 5]0
table_quest_text_data.rdf	603512	[metatag = 5]4608
table_quest_text_data.rdf	603601	"[metatag = 5][place = ""100107000""]"
table_quest_text_data.rdf	603603	[metatag = 5]2
table_quest_text_data.rdf	603607	[metatag = 5]…。
table_quest_text_data.rdf	603609	[metatag = 5]…。
table_quest_text_data.rdf	603611	[metatag = 5]0
table_quest_text_data.rdf	603612	[metatag = 5]512
table_quest_text_data.rdf	603701	"[metatag = 5][place = ""100101000""]"
table_quest_text_data.rdf	603703	[metatag = 5]1
table_quest_text_data.rdf	603711	[metatag = 5]0
table_quest_text_data.rdf	603712	[metatag = 5]512
table_quest_text_data.rdf	603801	"[metatag = 5][place = ""100101000""]"
table_quest_text_data.rdf	603803	[metatag = 5]2
table_quest_text_data.rdf	603811	[metatag = 5]0
table_quest_text_data.rdf	603812	[metatag = 5]1024
table_quest_text_data.rdf	603901	"[metatag = 5][place = ""100101000""]"
table_quest_text_data.rdf	603903	[metatag = 5]3
table_quest_text_data.rdf	603911	[metatag = 5]1
table_quest_text_data.rdf	603912	[metatag = 5]1024
table_quest_text_data.rdf	604001	"[metatag = 5][place = ""100107000""]"
table_quest_text_data.rdf	604003	[metatag = 5]1
table_quest_text_data.rdf	604007	[metatag = 5]…。
table_quest_text_data.rdf	604009	[metatag = 5]…。
table_quest_text_data.rdf	604011	[metatag = 5]0
table_quest_text_data.rdf	604012	[metatag = 5]4608
table_quest_text_data.rdf	604101	"[metatag = 5][place = ""100101000""]"
table_quest_text_data.rdf	604103	[metatag = 5]1
table_quest_text_data.rdf	604111	[metatag = 5]0
table_quest_text_data.rdf	604112	[metatag = 5]512
table_quest_text_data.rdf	604201	"[metatag = 5][place = ""100101000""]"
table_quest_text_data.rdf	604203	[metatag = 5]1
table_quest_text_data.rdf	604211	[metatag = 5]0
table_quest_text_data.rdf	604212	[metatag = 5]1024
table_quest_text_data.rdf	604301	"[metatag = 5][place = ""100101000""]"
table_quest_text_data.rdf	604303	[metatag = 5]3
table_quest_text_data.rdf	604311	[metatag = 5]1
table_quest_text_data.rdf	604312	[metatag = 5]1024
table_quest_text_data.rdf	604401	"[metatag = 5][place = ""100107000""]"
table_quest_text_data.rdf	604403	[metatag = 5]1
table_quest_text_data.rdf	604411	[metatag = 5]0
table_quest_text_data.rdf	604412	[metatag = 5]1024
table_quest_text_data.rdf	604501	"[metatag = 5][place = ""100107000""]"
table_quest_text_data.rdf	604503	[metatag = 5]1
table_quest_text_data.rdf	604511	[metatag = 5]0
table_quest_text_data.rdf	604512	[metatag = 5]4608
table_quest_text_data.rdf	604601	"[metatag = 5][place = ""100107000""]"
table_quest_text_data.rdf	604603	[metatag = 5]3
table_quest_text_data.rdf	604607	[metatag = 5]…。
table_quest_text_data.rdf	604609	[metatag = 5]…。
table_quest_text_data.rdf	604611	[metatag = 5]1
table_quest_text_data.rdf	604612	[metatag = 5]0
table_quest_text_data.rdf	604701	"[metatag = 5][place = ""100105000""]"
table_quest_text_data.rdf	604703	[metatag = 5]1
table_quest_text_data.rdf	604704	"[metatag = 5][questItem = ""1212""]！"
table_quest_text_data.rdf	604711	[metatag = 5]0
table_quest_text_data.rdf	604712	[metatag = 5]4608
table_quest_text_data.rdf	604801	"[metatag = 5][place = ""100105000""]"
table_quest_text_data.rdf	604803	[metatag = 5]1
table_quest_text_data.rdf	604811	[metatag = 5]0
table_quest_text_data.rdf	604812	[metatag = 5]1024
table_quest_text_data.rdf	604901	"[metatag = 5][place = ""100105000""]"
table_quest_text_data.rdf	604903	[metatag = 5]1
table_quest_text_data.rdf	604911	[metatag = 5]0
table_quest_text_data.rdf	604912	[metatag = 5]4608
table_quest_text_data.rdf	605001	"[metatag = 5][place = ""100107000""]"
table_quest_text_data.rdf	605003	[metatag = 5]3
table_quest_text_data.rdf	605007	[metatag = 5]…。
table_quest_text_data.rdf	605009	[metatag = 5]…。
table_quest_text_data.rdf	605011	[metatag = 5]1
table_quest_text_data.rdf	605012	[metatag = 5]0
table_quest_text_data.rdf	605101	"[metatag = 5][place = ""100105000""]"
table_quest_text_data.rdf	605103	[metatag = 5]1
table_quest_text_data.rdf	605111	[metatag = 5]0
table_quest_text_data.rdf	605112	[metatag = 5]4608
table_quest_text_data.rdf	605201	"[metatag = 5][place = ""100105000""]"
table_quest_text_data.rdf	605203	[metatag = 5]1
table_quest_text_data.rdf	605211	[metatag = 5]0
table_quest_text_data.rdf	605212	[metatag = 5]1024
table_quest_text_data.rdf	605301	"[metatag = 5][place = ""100105000""]"
table_quest_text_data.rdf	605303	[metatag = 5]1
table_quest_text_data.rdf	605311	[metatag = 5]0
table_quest_text_data.rdf	605312	[metatag = 5]4608
table_quest_text_data.rdf	605401	"[metatag = 5][place = ""100107000""]"
table_quest_text_data.rdf	605403	[metatag = 5]3
table_quest_text_data.rdf	605411	[metatag = 5]1
table_quest_text_data.rdf	605412	[metatag = 5]0
table_quest_text_data.rdf	605501	"[metatag = 5][place = ""100107000""]"
table_quest_text_data.rdf	605503	[metatag = 5]1
table_quest_text_data.rdf	605511	[metatag = 5]0
table_quest_text_data.rdf	605512	[metatag = 5]4608
table_quest_text_data.rdf	605601	"[metatag = 5][place = ""100107000""]"
table_quest_text_data.rdf	605603	[metatag = 5]1
table_quest_text_data.rdf	605607	[metatag = 5]…。
table_quest_text_data.rdf	605609	[metatag = 5]…。
table_quest_text_data.rdf	605611	[metatag = 5]0
table_quest_text_data.rdf	605612	[metatag = 5]1024
table_quest_text_data.rdf	605701	"[metatag = 5][place = ""100105000""]"
table_quest_text_data.rdf	605703	[metatag = 5]1
table_quest_text_data.rdf	605711	[metatag = 5]0
table_quest_text_data.rdf	605712	[metatag = 5]4608
table_quest_text_data.rdf	605801	"[metatag = 5][place = ""100105000""]"
table_quest_text_data.rdf	605803	[metatag = 5]3
table_quest_text_data.rdf	605811	[metatag = 5]1
table_quest_text_data.rdf	605812	[metatag = 5]0
table_quest_text_data.rdf	605901	"[metatag = 5][place = ""100105000""]"
table_quest_text_data.rdf	605903	[metatag = 5]1
table_quest_text_data.rdf	605911	[metatag = 5]0
table_quest_text_data.rdf	605912	[metatag = 5]4608
table_quest_text_data.rdf	606001	"[metatag = 5][place = ""100107000""]"
table_quest_text_data.rdf	606003	[metatag = 5]1
table_quest_text_data.rdf	606007	[metatag = 5]…。
table_quest_text_data.rdf	606009	[metatag = 5]…。
table_quest_text_data.rdf	606011	[metatag = 5]0
table_quest_text_data.rdf	606012	[metatag = 5]1024
table_quest_text_data.rdf	606101	"[metatag = 5][place = ""100105000""]"
table_quest_text_data.rdf	606103	[metatag = 5]1
table_quest_text_data.rdf	606111	[metatag = 5]0
table_quest_text_data.rdf	606112	[metatag = 5]4608
table_quest_text_data.rdf	606201	"[metatag = 5][place = ""100105000""]"
table_quest_text_data.rdf	606203	[metatag = 5]3
table_quest_text_data.rdf	606211	[metatag = 5]1
table_quest_text_data.rdf	606212	[metatag = 5]0
table_quest_text_data.rdf	606301	"[metatag = 5][place = ""100105000""]"
table_quest_text_data.rdf	606303	[metatag = 5]1
table_quest_text_data.rdf	606311	[metatag = 5]0
table_quest_text_data.rdf	606312	[metatag = 5]4608
table_quest_text_data.rdf	606401	"[metatag = 5][place = ""100107000""]"
table_quest_text_data.rdf	606403	[metatag = 5]1
table_quest_text_data.rdf	606411	[metatag = 5]0
table_quest_text_data.rdf	606412	[metatag = 5]768
table_quest_text_data.rdf	606501	"[metatag = 5][place = ""100107000""]"
table_quest_text_data.rdf	606503	[metatag = 5]1
table_quest_text_data.rdf	606511	[metatag = 5]0
table_quest_text_data.rdf	606512	[metatag = 5]768
table_quest_text_data.rdf	606601	"[metatag = 5][place = ""100107000""]"
table_quest_text_data.rdf	606603	[metatag = 5]1
table_quest_text_data.rdf	606611	[metatag = 5]0
table_quest_text_data.rdf	606612	[metatag = 5]768
table_quest_text_data.rdf	606701	"[metatag = 5][place = ""100107000""]"
table_quest_text_data.rdf	606703	[metatag = 5]1
table_quest_text_data.rdf	606711	[metatag = 5]0
table_quest_text_data.rdf	606712	[metatag = 5]768
table_quest_text_data.rdf	606801	"[metatag = 5][place = ""100107000""]"
table_quest_text_data.rdf	606803	[metatag = 5]1
table_quest_text_data.rdf	606811	[metatag = 5]0
table_quest_text_data.rdf	606812	[metatag = 5]768
table_quest_text_data.rdf	610103	[metatag = 5]1
table_quest_text_data.rdf	610110	[metatag = 5]none
table_quest_text_data.rdf	610111	[metatag = 5]none
table_quest_text_data.rdf	610112	[metatag = 5]none
table_quest_text_data.rdf	610113	[metatag = 5]none
table_quest_text_data.rdf	610203	[metatag = 5]1
table_quest_text_data.rdf	610210	[metatag = 5]none
table_quest_text_data.rdf	610211	[metatag = 5]none
table_quest_text_data.rdf	610212	[metatag = 5]none
table_quest_text_data.rdf	610213	[metatag = 5]none
table_quest_text_data.rdf	610303	[metatag = 5]1
table_quest_text_data.rdf	610310	[metatag = 5]none
table_quest_text_data.rdf	610311	[metatag = 5]none
table_quest_text_data.rdf	610312	[metatag = 5]none
table_quest_text_data.rdf	610313	[metatag = 5]none
table_quest_text_data.rdf	610403	[metatag = 5]1
table_quest_text_data.rdf	610410	[metatag = 5]none
table_quest_text_data.rdf	610411	[metatag = 5]none
table_quest_text_data.rdf	610412	[metatag = 5]none
table_quest_text_data.rdf	610413	[metatag = 5]none
table_quest_text_data.rdf	610503	[metatag = 5]1
table_quest_text_data.rdf	610510	[metatag = 5]none
table_quest_text_data.rdf	610511	[metatag = 5]none
table_quest_text_data.rdf	610512	[metatag = 5]none
table_quest_text_data.rdf	610513	[metatag = 5]none
table_quest_text_data.rdf	610603	[metatag = 5]1
table_quest_text_data.rdf	610610	[metatag = 5]none
table_quest_text_data.rdf	610611	[metatag = 5]none
table_quest_text_data.rdf	610612	[metatag = 5]none
table_quest_text_data.rdf	610613	[metatag = 5]none
table_quest_text_data.rdf	610703	[metatag = 5]1
table_quest_text_data.rdf	610710	[metatag = 5]none
table_quest_text_data.rdf	610711	[metatag = 5]none
table_quest_text_data.rdf	610712	[metatag = 5]none
table_quest_text_data.rdf	610713	[metatag = 5]none
table_quest_text_data.rdf	610803	[metatag = 5]1
table_quest_text_data.rdf	610810	[metatag = 5]none
table_quest_text_data.rdf	610811	[metatag = 5]none
table_quest_text_data.rdf	610812	[metatag = 5]none
table_quest_text_data.rdf	610813	[metatag = 5]none
table_quest_text_data.rdf	611003	[metatag = 5]1
table_quest_text_data.rdf	611010	[metatag = 5]none
table_quest_text_data.rdf	611011	[metatag = 5]none
table_quest_text_data.rdf	611012	[metatag = 5]none
table_quest_text_data.rdf	611013	[metatag = 5]none
table_quest_text_data.rdf	611103	[metatag = 5]1
table_quest_text_data.rdf	611110	[metatag = 5]none
table_quest_text_data.rdf	611111	[metatag = 5]none
table_quest_text_data.rdf	611112	[metatag = 5]none
table_quest_text_data.rdf	611113	[metatag = 5]none
table_quest_text_data.rdf	611203	[metatag = 5]1
table_quest_text_data.rdf	611210	[metatag = 5]none
table_quest_text_data.rdf	611211	[metatag = 5]none
table_quest_text_data.rdf	611212	[metatag = 5]none
table_quest_text_data.rdf	611213	[metatag = 5]none
table_quest_text_data.rdf	611303	[metatag = 5]1
table_quest_text_data.rdf	611310	[metatag = 5]none
table_quest_text_data.rdf	611311	[metatag = 5]none
table_quest_text_data.rdf	611312	[metatag = 5]none
table_quest_text_data.rdf	611313	[metatag = 5]none
table_quest_text_data.rdf	611403	[metatag = 5]1
table_quest_text_data.rdf	611410	[metatag = 5]none
table_quest_text_data.rdf	611411	[metatag = 5]none
table_quest_text_data.rdf	611412	[metatag = 5]none
table_quest_text_data.rdf	611413	[metatag = 5]none
table_quest_text_data.rdf	611503	[metatag = 5]1
table_quest_text_data.rdf	611510	[metatag = 5]none
table_quest_text_data.rdf	611511	[metatag = 5]none
table_quest_text_data.rdf	611512	[metatag = 5]none
table_quest_text_data.rdf	611513	[metatag = 5]none
table_quest_text_data.rdf	611603	[metatag = 5]1
table_quest_text_data.rdf	611610	[metatag = 5]none
table_quest_text_data.rdf	611611	[metatag = 5]none
table_quest_text_data.rdf	611612	[metatag = 5]none
table_quest_text_data.rdf	611613	[metatag = 5]none
table_quest_text_data.rdf	611703	[metatag = 5]1
table_quest_text_data.rdf	611710	[metatag = 5]none
table_quest_text_data.rdf	611711	[metatag = 5]none
table_quest_text_data.rdf	611712	[metatag = 5]none
table_quest_text_data.rdf	611713	[metatag = 5]none
table_quest_text_data.rdf	620103	[metatag = 5]1
table_quest_text_data.rdf	620112	[metatag = 5]400
table_quest_text_data.rdf	620203	[metatag = 5]1
table_quest_text_data.rdf	620212	[metatag = 5]400
table_quest_text_data.rdf	620303	[metatag = 5]1
table_quest_text_data.rdf	620306	[metatag = 5]UD 1 출입구를 중심으로 영역 좌표 내 캐릭터 들어서면 서치 클리어.
table_quest_text_data.rdf	620312	[metatag = 5]400
table_quest_text_data.rdf	620403	[metatag = 5]1
table_quest_text_data.rdf	620412	[metatag = 5]400
table_quest_text_data.rdf	620503	[metatag = 5]1
table_quest_text_data.rdf	620512	[metatag = 5]400
table_quest_text_data.rdf	620601	[metatag = 5]UD1
table_quest_text_data.rdf	620603	[metatag = 5]3
table_quest_text_data.rdf	620611	[metatag = 5]21
table_quest_text_data.rdf	620612	[metatag = 5]400
table_quest_text_data.rdf	620613	[metatag = 5]1
table_quest_text_data.rdf	620701	[metatag = 5]UD1
table_quest_text_data.rdf	620703	[metatag = 5]3
table_quest_text_data.rdf	620706	"[metatag = 5]Quest 보상으로 [questItem = ""1156""]을 주도록 함."
table_quest_text_data.rdf	620711	[metatag = 5]2
table_quest_text_data.rdf	620712	[metatag = 5]400
table_quest_text_data.rdf	620713	[metatag = 5]3
table_quest_text_data.rdf	620801	[metatag = 5]UD1
table_quest_text_data.rdf	620803	[metatag = 5]3
table_quest_text_data.rdf	620811	[metatag = 5]12
table_quest_text_data.rdf	620812	[metatag = 5]400
table_quest_text_data.rdf	620813	[metatag = 5]2
table_quest_text_data.rdf	620901	[metatag = 5]UD1
table_quest_text_data.rdf	620903	[metatag = 5]3
table_quest_text_data.rdf	620911	[metatag = 5]1
table_quest_text_data.rdf	620912	[metatag = 5]400
table_quest_text_data.rdf	620913	[metatag = 5]3
table_quest_text_data.rdf	621003	[metatag = 5]1
table_quest_text_data.rdf	621012	[metatag = 5]400
table_quest_text_data.rdf	621103	[metatag = 5]1
table_quest_text_data.rdf	621107	[metatag = 5]…。
table_quest_text_data.rdf	621109	[metatag = 5]…。
table_quest_text_data.rdf	621112	[metatag = 5]400
table_quest_text_data.rdf	621201	[metatag = 5]UD1
table_quest_text_data.rdf	621203	[metatag = 5]1
table_quest_text_data.rdf	621301	[metatag = 5]UD1
table_quest_text_data.rdf	621303	[metatag = 5]1
table_quest_text_data.rdf	621401	[metatag = 5]UD1
table_quest_text_data.rdf	621403	[metatag = 5]1
table_quest_text_data.rdf	621501	[metatag = 5]UD1
table_quest_text_data.rdf	621503	[metatag = 5]1
table_quest_text_data.rdf	621506	"[metatag = 5]해당 퀘스트를 수행하는 상태에서 [mob = ""8421101""]를 쓰러뜨리면, [mob = ""8421101""]가 다시 스폰되고 그것을 [npc = ""3251102""]가 쓰러뜨립니다."
table_quest_text_data.rdf	621601	[metatag = 5]UD1
table_quest_text_data.rdf	621603	[metatag = 5]1
table_quest_text_data.rdf	621701	[metatag = 5]UD1
table_quest_text_data.rdf	621703	[metatag = 5]1
table_quest_text_data.rdf	622103	[metatag = 5]1
table_quest_text_data.rdf	622112	[metatag = 5]400
table_quest_text_data.rdf	622201	[metatag = 5]UD2
table_quest_text_data.rdf	622203	[metatag = 5]3
table_quest_text_data.rdf	622211	[metatag = 5]14
table_quest_text_data.rdf	622212	[metatag = 5]400
table_quest_text_data.rdf	622301	[metatag = 5]UD2
table_quest_text_data.rdf	622303	[metatag = 5]3
table_quest_text_data.rdf	622311	[metatag = 5]1
table_quest_text_data.rdf	622312	[metatag = 5]400
table_quest_text_data.rdf	622313	[metatag = 5]2
table_quest_text_data.rdf	622401	[metatag = 5]UD2
table_quest_text_data.rdf	622403	[metatag = 5]3
table_quest_text_data.rdf	622411	[metatag = 5]8
table_quest_text_data.rdf	622412	[metatag = 5]400
table_quest_text_data.rdf	622413	[metatag = 5]1
table_quest_text_data.rdf	622501	[metatag = 5]UD2
table_quest_text_data.rdf	622503	[metatag = 5]3
table_quest_text_data.rdf	622511	[metatag = 5]1
table_quest_text_data.rdf	622512	[metatag = 5]400
table_quest_text_data.rdf	622513	[metatag = 5]2
table_quest_text_data.rdf	622601	[metatag = 5]UD2
table_quest_text_data.rdf	622603	[metatag = 5]3
table_quest_text_data.rdf	622611	[metatag = 5]1
table_quest_text_data.rdf	622612	[metatag = 5]400
table_quest_text_data.rdf	622613	[metatag = 5]3
table_quest_text_data.rdf	622701	[metatag = 5]UD2
table_quest_text_data.rdf	622703	[metatag = 5]3
table_quest_text_data.rdf	622706	"[metatag = 5][mob = ""1881104""]를 쓰러뜨린 이후 [npc = ""3011101""]이 그 자리에 서서 Quest 부여"
table_quest_text_data.rdf	622711	[metatag = 5]1
table_quest_text_data.rdf	622712	[metatag = 5]400
table_quest_text_data.rdf	622713	[metatag = 5]3
table_quest_text_data.rdf	624103	[metatag = 5]2
table_quest_text_data.rdf	624112	[metatag = 5]400
table_quest_text_data.rdf	624201	[metatag = 5]UD3
table_quest_text_data.rdf	624202	"[metatag = 5][place = ""100139020""]"
table_quest_text_data.rdf	624203	[metatag = 5]2
table_quest_text_data.rdf	624212	[metatag = 5]400
table_quest_text_data.rdf	624301	[metatag = 5]UD3
table_quest_text_data.rdf	624303	[metatag = 5]2
table_quest_text_data.rdf	624312	[metatag = 5]400
table_quest_text_data.rdf	624403	[metatag = 5]2
table_quest_text_data.rdf	624412	[metatag = 5]400
table_quest_text_data.rdf	624501	[metatag = 5]UD3
table_quest_text_data.rdf	624503	[metatag = 5]2
table_quest_text_data.rdf	624511	[metatag = 5]1
table_quest_text_data.rdf	624512	[metatag = 5]400
table_quest_text_data.rdf	624513	[metatag = 5]1
table_quest_text_data.rdf	624601	[metatag = 5]UD3
table_quest_text_data.rdf	624603	[metatag = 5]2
table_quest_text_data.rdf	624611	[metatag = 5]1
table_quest_text_data.rdf	624612	[metatag = 5]400
table_quest_text_data.rdf	624613	[metatag = 5]1
table_quest_text_data.rdf	624701	[metatag = 5]UD3
table_quest_text_data.rdf	624703	[metatag = 5]2
table_quest_text_data.rdf	624712	[metatag = 5]400
table_quest_text_data.rdf	624801	[metatag = 5]UD3
table_quest_text_data.rdf	624803	[metatag = 5]2
table_quest_text_data.rdf	624811	[metatag = 5]1
table_quest_text_data.rdf	624812	[metatag = 5]400
table_quest_text_data.rdf	624813	[metatag = 5]2
table_quest_text_data.rdf	624901	[metatag = 5]UD3
table_quest_text_data.rdf	624903	[metatag = 5]2
table_quest_text_data.rdf	624911	[metatag = 5]1
table_quest_text_data.rdf	624912	[metatag = 5]400
table_quest_text_data.rdf	624913	[metatag = 5]2
table_quest_text_data.rdf	625001	[metatag = 5]UD3
table_quest_text_data.rdf	625003	[metatag = 5]2
table_quest_text_data.rdf	625011	[metatag = 5]1
table_quest_text_data.rdf	625012	[metatag = 5]400
table_quest_text_data.rdf	625013	[metatag = 5]2
table_quest_text_data.rdf	625101	[metatag = 5]UD3
table_quest_text_data.rdf	625103	[metatag = 5]2
table_quest_text_data.rdf	625112	[metatag = 5]400
table_quest_text_data.rdf	625201	[metatag = 5]UD 4
table_quest_text_data.rdf	625203	[metatag = 5]1
table_quest_text_data.rdf	625301	[metatag = 5]UD 4
table_quest_text_data.rdf	625303	[metatag = 5]1
table_quest_text_data.rdf	625304	"[metatag = 5][mob = ""21712101""]"
table_quest_text_data.rdf	625401	[metatag = 5]UD 4
table_quest_text_data.rdf	625403	[metatag = 5]1
table_quest_text_data.rdf	625501	[metatag = 5]UD 4
table_quest_text_data.rdf	625503	[metatag = 5]1
table_quest_text_data.rdf	628101	[metatag = 5]UD 5
table_quest_text_data.rdf	628103	[metatag = 5]1
table_quest_text_data.rdf	628107	[metatag = 5]…。
table_quest_text_data.rdf	628109	[metatag = 5]….
table_quest_text_data.rdf	628201	[metatag = 5]UD 5
table_quest_text_data.rdf	628203	[metatag = 5]1
table_quest_text_data.rdf	628207	[metatag = 5]…。
table_quest_text_data.rdf	628209	[metatag = 5]….
table_quest_text_data.rdf	630101	[metatag = 5]UD 6
table_quest_text_data.rdf	630103	[metatag = 5]1
table_quest_text_data.rdf	630111	[metatag = 5]0
table_quest_text_data.rdf	630201	[metatag = 5]UD 6
table_quest_text_data.rdf	630203	[metatag = 5]3
table_quest_text_data.rdf	630211	[metatag = 5]0
table_quest_text_data.rdf	630301	[metatag = 5]UD 6
table_quest_text_data.rdf	630303	[metatag = 5]3
table_quest_text_data.rdf	630311	[metatag = 5]####
table_quest_text_data.rdf	630401	[metatag = 5]UD 6
table_quest_text_data.rdf	630403	[metatag = 5]3
table_quest_text_data.rdf	630411	[metatag = 5]####
table_quest_text_data.rdf	630501	[metatag = 5]UD 6
table_quest_text_data.rdf	630503	[metatag = 5]3
table_quest_text_data.rdf	630511	[metatag = 5]0
table_quest_text_data.rdf	630601	[metatag = 5]UD 6
table_quest_text_data.rdf	630603	[metatag = 5]3
table_quest_text_data.rdf	630611	[metatag = 5]####
table_quest_text_data.rdf	630701	[metatag = 5]UD 6
table_quest_text_data.rdf	630703	[metatag = 5]3
table_quest_text_data.rdf	630711	[metatag = 5]####
table_quest_text_data.rdf	630801	[metatag = 5]UD 6
table_quest_text_data.rdf	630803	[metatag = 5]2
table_quest_text_data.rdf	630811	[metatag = 5]0
table_quest_text_data.rdf	630901	[metatag = 5]UD 6
table_quest_text_data.rdf	630903	[metatag = 5]3
table_quest_text_data.rdf	630911	[metatag = 5]0
table_quest_text_data.rdf	631001	[metatag = 5]UD 6
table_quest_text_data.rdf	631003	[metatag = 5]3
table_quest_text_data.rdf	631011	[metatag = 5]####
table_quest_text_data.rdf	631101	[metatag = 5]UD 6
table_quest_text_data.rdf	631103	[metatag = 5]3
table_quest_text_data.rdf	631111	[metatag = 5]####
table_quest_text_data.rdf	631201	[metatag = 5]UD 6
table_quest_text_data.rdf	631203	[metatag = 5]2
table_quest_text_data.rdf	631207	[metatag = 5]…
table_quest_text_data.rdf	631209	[metatag = 5]…
table_quest_text_data.rdf	631211	[metatag = 5]0
table_quest_text_data.rdf	631301	[metatag = 5]UD 6
table_quest_text_data.rdf	631303	[metatag = 5]3
table_quest_text_data.rdf	631311	[metatag = 5]0
table_quest_text_data.rdf	631312	[metatag = 5]400
table_quest_text_data.rdf	631401	[metatag = 5]UD 6
table_quest_text_data.rdf	631403	[metatag = 5]3
table_quest_text_data.rdf	631411	[metatag = 5]0
table_quest_text_data.rdf	631412	[metatag = 5]400
table_quest_text_data.rdf	631501	[metatag = 5]UD 6
table_quest_text_data.rdf	631511	[metatag = 5]0
table_quest_text_data.rdf	631512	[metatag = 5]400
table_quest_text_data.rdf	680103	[metatag = 5]1
table_quest_text_data.rdf	680203	[metatag = 5]1
table_quest_text_data.rdf	684003	[metatag = 5]1
table_quest_text_data.rdf	684103	[metatag = 5]1
table_quest_text_data.rdf	684203	[metatag = 5]1
table_quest_text_data.rdf	684303	[metatag = 5]1
table_quest_text_data.rdf	684403	[metatag = 5]1
table_quest_text_data.rdf	685003	[metatag = 5]1
table_quest_text_data.rdf	685103	[metatag = 5]1
table_quest_text_data.rdf	685203	[metatag = 5]1
table_quest_text_data.rdf	685303	[metatag = 5]1
table_quest_text_data.rdf	685403	[metatag = 5]1
table_quest_text_data.rdf	685503	[metatag = 5]1
table_quest_text_data.rdf	685603	[metatag = 5]1
table_quest_text_data.rdf	685703	[metatag = 5]1
table_quest_text_data.rdf	686003	[metatag = 5]1
table_quest_text_data.rdf	686103	[metatag = 5]1
table_quest_text_data.rdf	687303	[metatag = 5]1
table_quest_text_data.rdf	687403	[metatag = 5]1
table_quest_text_data.rdf	687503	[metatag = 5]1
table_quest_text_data.rdf	687603	[metatag = 5]1
table_quest_text_data.rdf	687703	[metatag = 5]1
table_quest_text_data.rdf	687803	[metatag = 5]1
table_quest_text_data.rdf	687903	[metatag = 5]1
table_quest_text_data.rdf	688003	[metatag = 5]1
table_quest_text_data.rdf	688103	[metatag = 5]1
table_quest_text_data.rdf	688203	[metatag = 5]1
table_quest_text_data.rdf	688303	[metatag = 5]1
table_quest_text_data.rdf	688403	[metatag = 5]1
table_quest_text_data.rdf	688503	[metatag = 5]1
table_quest_text_data.rdf	688603	[metatag = 5]1
table_quest_text_data.rdf	688703	[metatag = 5]1
table_quest_text_data.rdf	688803	[metatag = 5]1
table_quest_text_data.rdf	688903	[metatag = 5]1
table_quest_text_data.rdf	689003	[metatag = 5]1
table_quest_text_data.rdf	689103	[metatag = 5]1
table_quest_text_data.rdf	689203	[metatag = 5]1
table_quest_text_data.rdf	689303	[metatag = 5]1
table_quest_text_data.rdf	689403	[metatag = 5]1
table_quest_text_data.rdf	689503	[metatag = 5]1
table_quest_text_data.rdf	689603	[metatag = 5]1
table_quest_text_data.rdf	689703	[metatag = 5]1
table_quest_text_data.rdf	690203	[metatag = 5]1
table_quest_text_data.rdf	690303	[metatag = 5]1
table_quest_text_data.rdf	690403	[metatag = 5]1
table_quest_text_data.rdf	690603	[metatag = 5]1
table_quest_text_data.rdf	690607	[metatag = 5]…
table_quest_text_data.rdf	690609	[metatag = 5]…
table_quest_text_data.rdf	690703	[metatag = 5]1
table_quest_text_data.rdf	690803	[metatag = 5]1
table_quest_text_data.rdf	700101	"[metatag = 5][place = ""100112000""]"
table_quest_text_data.rdf	700103	[metatag = 5]1
table_quest_text_data.rdf	700107	[metatag = 5]…
table_quest_text_data.rdf	700109	[metatag = 5]…
table_quest_text_data.rdf	700111	[metatag = 5]0
table_quest_text_data.rdf	700112	[metatag = 5]0
table_quest_text_data.rdf	1000112	[metatag = 3]…。
table_quest_text_data.rdf	1000156	"[metatag = 8][etc = ""3184""]？"
table_quest_text_data.rdf	1000158	"[metatag = 8][etc = ""3024""]？"
table_quest_text_data.rdf	1000160	"[metatag = 8][etc = ""3023""]？"
table_quest_text_data.rdf	1100021	"[metatag = 5][place = ""100130000""]"
table_quest_text_data.rdf	1100032	"[metatag = 5][place = ""100101000""]"
table_quest_text_data.rdf	1100052	"[metatag = 5][place = ""100131000""]"
table_quest_text_data.rdf	1100179	"[metatag = 5][etc = ""3183""]"
table_quest_text_data.rdf	1100215	[metatag = 8] ……。
table_quest_text_data.rdf	1100262	"[metatag = 5][place = ""100134000""]"
table_quest_text_data.rdf	1100373	"[metatag = 5][place = ""100135000""]"
table_quest_text_data.rdf	1100445	[metatag = 8]@
table_quest_text_data.rdf	1100722	"[metatag = 3][etc = ""3151""]…。"
table_quest_text_data.rdf	1100724	[metatag = 3]！！！！
table_quest_text_data.rdf	1100800	"[metatag = 5][place = ""100101000""]"
table_quest_text_data.rdf	1100801	"[metatag = 5][place = ""100105000""]"
table_quest_text_data.rdf	1100802	"[metatag = 5][place = ""100103000""]"
table_quest_text_data.rdf	1100815	"[metatag = 8][etc = ""17028""]？"
table_quest_text_data.rdf	1100930	"[metatag = 6][npc = ""3292101""]"
table_quest_text_data.rdf	1100972	"[metatag = 5][etc = ""3048""]"
table_quest_text_data.rdf	1100998	"[metatag = 5][mob = ""2641101""]"
table_quest_text_data.rdf	1101027	"[metatag = 5][mob = ""4541101""]"
table_quest_text_data.rdf	1101039	[metatag = 3]……
table_quest_text_data.rdf	1101077	[metatag = 3]……
table_quest_text_data.rdf	1101104	"[metatag = 5][etc = ""3048""]"
table_quest_text_data.rdf	2100305	[metatag = 5]　
table_quest_text_data.rdf	2100705	[metatag = 5]　
table_quest_text_data.rdf	2100805	[metatag = 5]　
table_quest_text_data.rdf	2100905	[metatag = 5]　
table_quest_text_data.rdf	800185	"[metatag = 5][place = ""100101000""]"
table_quest_text_data.rdf	800360	[metatag = 5]...
