row_no	action	file	old_id	new_id	source_text	translation	note
3	kept_wildcard	tbl0.pak	*	*	AzureRenegade	苍蓝叛逆者	hits=1
4	kept_wildcard	tbl0.pak	*	*	BurningRenegade	燃烧叛逆者	hits=1
5	kept_wildcard	tbl1.pak	*	*	Azure Renegade	苍蓝叛逆者	hits=2
6	kept_wildcard	tbl1.pak	*	*	Burning Renegade	燃烧叛逆者	hits=2
7	kept_wildcard	tbl1.pak	*	*	Shadow Sovereign Fan	暗影暴君扇	hits=3
8	kept_wildcard	tbl1.pak	*	*	Shadow Sovereign Stick	暗影暴君棒	hits=3
9	kept_wildcard	tbl1.pak	*	*	Shadow Sovereign Wand	暗影暴君短棍	hits=3
10	kept_wildcard	tbl1.pak	*	*	Shadow Sovereign Trumpet	暗影暴君号	hits=3
11	kept_wildcard	tbl1.pak	*	*	Shadow Sovereign Club	暗影暴君棍	hits=3
12	kept_wildcard	tbl1.pak	*	*	Shadow Sovereign Sword	暗影暴君剑	hits=3
13	kept_wildcard	tbl1.pak	*	*	Shadow Sovereign Scroll	暗影暴君卷轴	hits=3
14	kept_wildcard	tbl1.pak	*	*	Shadow Sovereign Axe	暗影暴君斧	hits=3
15	kept_wildcard	tbl1.pak	*	*	Shadow Sovereign Claws	暗影暴君爪	hits=3
16	kept_wildcard	tbl1.pak	*	*	Shadow Sovereign Drums	暗影暴君鼓	hits=1
17	kept_wildcard	tbl1.pak	*	*	Shadow Sovereign Mask	暗影暴君面具	hits=3
18	kept_wildcard	tbl1.pak	*	*	Shadow Sovereign Gems	暗影暴君宝石	hits=1
19	kept_wildcard	tbl1.pak	*	*	Shadow Sovereign Armor	暗影暴君盔甲	hits=7
20	kept_wildcard	tbl1.pak	*	*	Shadow Sovereign Pants	暗影暴君裤子	hits=7
21	kept_wildcard	tbl1.pak	*	*	Shadow Sovereign Shoes	暗影暴君鞋子	hits=7
22	kept_wildcard	tbl1.pak	*	*	Shadow Sovereign Staff	暗影暴君杖	hits=3
23	kept_wildcard	tbl1.pak	*	*	Shadow Mech Dragon Ring X Type A	暗影机械暴龙戒指X型A	hits=1
24	kept_wildcard	tbl1.pak	*	*	Shadow Mech Dragon Ring X Type B	暗影机械暴龙戒指X型B	hits=1
25	kept_wildcard	tbl1.pak	*	*	Shadow Mech Dragon Necklace X	暗影机械暴龙项链X	hits=1
26	kept_wildcard	tbl1.pak	*	*	Shadow Mech Dragon Earring X Type A	暗影机械暴龙耳环X型A	hits=1
27	kept_wildcard	tbl1.pak	*	*	Shadow Mech Dragon Earring X Type B	暗影机械暴龙耳环X型B	hits=1
28	kept_wildcard	tbl1.pak	*	*	(Energy)Shadow Sovereign Gloves	暗影暴君气功手套	hits=1
29	kept_wildcard	tbl1.pak	*	*	(Physical)Shadow Sovereign Gloves	暗影暴君物理手套	hits=1
30	kept_wildcard	tbl1.pak	*	*	Bardock's Fan	巴达克的粉丝	hits=1
33	kept_wildcard	tbl1.pak	*	*	Bright Red Dragon	奥西里斯之天空龙	hits=2
34	kept_wildcard	tbl1.pak	*	*	Shiny Blue Dragon	欧贝利斯克之巨神兵	hits=3
35	kept_wildcard	tbl1.pak	*	*	Legendary Super Saiyan (Super)	传说超级赛亚人(超)	hits=1
36	kept_wildcard	tbl1.pak	*	*	Golden Oozaru	黄金巨猿	hits=4
37	kept_wildcard	tbl1.pak	*	*	Tournament Bacterian	武道会细菌队长	hits=1
38	kept_wildcard	tbl1.pak	*	*	Tournament Giran	武道会基兰	hits=1
39	kept_wildcard	tbl1.pak	*	*	Tournament Chaos	武道会饺子	hits=1
40	kept_wildcard	tbl1.pak	*	*	Tournament King Chappa	武道会查帕王	hits=1
41	kept_wildcard	tbl1.pak	*	*	Tournament Tien	武道会天津饭	hits=1
42	kept_wildcard	tbl1.pak	*	*	Tournament Yamcha	武道会雅木茶	hits=1
43	kept_wildcard	tbl1.pak	*	*	Tournament Goku	武道会孙悟空	hits=1
44	kept_wildcard	tbl1.pak	*	*	Goku(Super)	孙悟空(超)	hits=2
45	kept_wildcard	tbl1.pak	*	*	Vegeta(Super)	贝吉塔(超)	hits=2
46	kept_wildcard	tbl1.pak	*	*	Increase Physical Defense Penetration %d%%	增加物理防御穿透%d%%	hits=2
47	kept_wildcard	tbl1.pak	*	*	Increase Energy Defense Penetration %d%%	增加气功防御穿透%d%%	hits=2
48	kept_wildcard	tbl1.pak	*	*	Increase Defense Penetration %d%%	增加防御穿透%d%%	hits=2
51	relocated_unique	tbl1.pak	0x017145A7	0x017146F3	Shadow Mech Dragon X	暗影机械暴龙X	utf16
52	relocated_unique	tbl1.pak	0x01713BC3	0x01713D0F	Ozaru Broly	巨猿布罗利	utf16
55	commented_ambiguous	tbl1.pak	0x0172CD3A		Goku's Fan	孙悟空的粉丝	hits=2
56	converted_wildcard	tbl1.pak	0x016F60C7	*	Raditz	拉蒂兹	hits=50
57	kept_valid	tbl1.pak	0x004860D9	0x004860D9	Vegeta	贝吉塔	ascii
58	commented_ambiguous	tbl1.pak	0x016E9E0D		Ozaru Vegeta	巨猿贝吉塔	hits=13
59	commented_ambiguous	tbl1.pak	0x016E9F93		Ozaru Raditz	巨猿拉蒂兹	hits=2
60	commented_ambiguous	tbl1.pak	0x016E9FB1		Ozaru Nappa	巨猿纳帕	hits=2
63	kept_valid	tbl0.pak	0x013B8579	0x013B8579	(Martial) Potion Super Saiyan 1	(武道家)超级赛亚人1药水	utf16
64	kept_valid	tbl0.pak	0x013B86F5	0x013B86F5	(Martial) Potion Super Saiyan 2	(武道家)超级赛亚人2药水	utf16
65	kept_valid	tbl0.pak	0x013B8871	0x013B8871	(Martial) Potion Super Saiyan 3	(武道家)超级赛亚人3药水	utf16
66	kept_valid	tbl0.pak	0x013B9159	0x013B9159	(Martial) Potion Super Saiyan 4	(武道家)超级赛亚人4药水	utf16
67	kept_valid	tbl0.pak	0x013BCB3D	0x013BCB3D	(Martial) Capsule Super Saiyan 1	(武道家)超级赛亚人1胶囊	utf16
68	kept_valid	tbl0.pak	0x013BCCB9	0x013BCCB9	(Martial) Capsule Super Saiyan 2	(武道家)超级赛亚人2胶囊	utf16
69	kept_valid	tbl0.pak	0x013BCE35	0x013BCE35	(Martial) Capsule Super Saiyan 3	(武道家)超级赛亚人3胶囊	utf16
70	kept_valid	tbl0.pak	0x013BD71D	0x013BD71D	(Martial) Capsule Super Saiyan 4	(武道家)超级赛亚人4胶囊	utf16
71	relocated_unique	tbl1.pak	0x012EACAF	0x012EAD5B	Skill! Power Up (Martial Artist)	技能!力量提升(武道家)	utf16
72	relocated_unique	tbl1.pak	0x012EAD67	0x012EAE13	Skill! Power Up (Spiritualist)	技能!力量提升(气功师)	utf16
73	relocated_unique	tbl1.pak	0x012EAEC5	0x012EAF71	Skill! Power Up (Dragon Clan)	技能!力量提升(那美克龙族)	utf16
74	relocated_unique	tbl1.pak	0x012EB02B	0x012EB0D7	Skill! Power Up (Wonder Majin)	技能!力量提升(意魔人)	utf16
75	relocated_unique	tbl1.pak	0x012EB0DF	0x012EB18B	Skill! Guard (Martial Artist)	技能!防御(武道家)	utf16
76	relocated_unique	tbl1.pak	0x012EB18B	0x012EB237	Skill! Guard (Spiritualist)	技能!防御(气功师)	utf16
77	relocated_unique	tbl1.pak	0x012EB2D1	0x012EB37D	Skill! Guard (Dragon Clan)	技能!防御(那美克龙族)	utf16
78	relocated_unique	tbl1.pak	0x012EB41F	0x012EB4CB	Skill! Guard (Wonder Majin)	技能!防御(意魔人)	utf16
79	relocated_unique	tbl1.pak	0x012EB4C7	0x012EB573	Skill! Dash (Martial Artist)	技能!冲刺(武道家)	utf16
80	relocated_unique	tbl1.pak	0x012EB56F	0x012EB61B	Skill! Dash (Spiritualist)	技能!冲刺(气功师)	utf16
81	relocated_unique	tbl1.pak	0x012EB6AD	0x012EB759	Skill! Dash (Dragon Clan)	技能!冲刺(那美克龙族)	utf16
82	relocated_unique	tbl1.pak	0x012EB7F3	0x012EB89F	Skill! Dash (Wonder Majin)	技能!冲刺(意魔人)	utf16
83	relocated_unique	tbl1.pak	0x012EB897	0x012EB943	Skill! Counter Attack (Martial Artist)	技能!反击(武道家)	utf16
84	relocated_unique	tbl1.pak	0x012EB967	0x012EBA13	Skill! Counter Attack (Spiritualist)	技能!反击(气功师)	utf16
85	relocated_unique	tbl1.pak	0x012EBAF5	0x012EBBA1	Skill! Counter Attack (Dragon Clan)	技能!反击(那美克龙族)	utf16
86	relocated_unique	tbl1.pak	0x012EBC8B	0x012EBD37	Acquired Counter Attack Skill! (Wonder Majin)	已习得反击技能!(意魔人)	utf16
87	relocated_unique	tbl1.pak	0x014B54FD	0x014B55A9	(Martial)Rainbow Shenron Buff	(武道家)彩虹神龙增益	utf16
88	relocated_unique	tbl1.pak	0x014B553D	0x014B55E9	(Spiritualist)Rainbow Shenron Buff	(气功师)彩虹神龙增益	utf16
89	relocated_unique	tbl1.pak	0x014B5587	0x014B5633	(Namek Warrior)Rainbow Shenron Buff	(那美克战士)彩虹神龙增益	utf16
90	relocated_unique	tbl1.pak	0x014B55D3	0x014B567F	(Dragon Clan)Rainbow Shenron Buff	(那美克龙族)彩虹神龙增益	utf16
91	relocated_unique	tbl1.pak	0x014B561B	0x014B56C7	(Might Majin)Rainbow Shenron Buff	(大魔人)彩虹神龙增益	utf16
92	relocated_unique	tbl1.pak	0x014B5663	0x014B570F	(Wonder Majin)Rainbow Shenron Buff	(意魔人)彩虹神龙增益	utf16
93	commented_ambiguous	tbl1.pak	0x015E285F		Flight Skill (Martial Art)	飞行技能(武道家)	hits=2
94	converted_wildcard	tbl1.pak	0x015E28F1	*	Flight Skill (Spiritualist)	飞行技能(气功师)	hits=2
95	converted_wildcard	tbl1.pak	0x015E2A0F	*	Flight Skill (Dragon Clan)	飞行技能(那美克龙族)	hits=2
96	converted_wildcard	tbl1.pak	0x015E2B35	*	Flight Skill (Wonder Majin)	飞行技能(意魔人)	hits=2
97	relocated_unique	tbl1.pak	0x0162AA4B	0x0162AAF7	Monkey Rock Throw (Martial)	大猿投石(武道家)	utf16
98	relocated_unique	tbl1.pak	0x0162AB7D	0x0162AC29	Tremor (Martial)	震地(武道家)	utf16
99	relocated_unique	tbl1.pak	0x0162ABA3	0x0162AC4F	Oozaru Beam (Martial)	大猿光束(武道家)	utf16
100	relocated_unique	tbl1.pak	0x0162AC49	0x0162ACF5	Oozaru Roar (Martial)	大猿咆哮(武道家)	utf16
101	relocated_unique	tbl1.pak	0x0162ACD5	0x0162AD81	Monkey Rock Throw (Spiritualist)	大猿投石(气功师)	utf16
102	relocated_unique	tbl1.pak	0x0162AD1B	0x0162ADC7	Tremor (Spiritualist)	震地(气功师)	utf16
103	relocated_unique	tbl1.pak	0x0162AD4B	0x0162ADF7	Oozaru Roar (Spiritualist)	大猿咆哮(气功师)	utf16
104	relocated_unique	tbl1.pak	0x0162AD85	0x0162AE31	Oozaru Beam (Spiritualist)	大猿光束(气功师)	utf16
105	relocated_unique	tbl1.pak	0x016B5D6D	0x016B5E19	(Martial)Moro Power Buff	(武道家)摩罗力量增益	utf16
106	relocated_unique	tbl1.pak	0x016B5E0B	0x016B5EB7	(Spiritualist)Moro Power Buff	(气功师)摩罗力量增益	utf16
107	relocated_unique	tbl1.pak	0x016B5E4B	0x016B5EF7	(Namek Warrior)Moro Power Buff	(那美克战士)摩罗力量增益	utf16
108	relocated_unique	tbl1.pak	0x016B5E8D	0x016B5F39	(Dragon Clan)Moro Power Buff	(那美克龙族)摩罗力量增益	utf16
109	relocated_unique	tbl1.pak	0x016B5ECB	0x016B5F77	(Might Majin)Moro Power Buff	(大魔人)摩罗力量增益	utf16
110	relocated_unique	tbl1.pak	0x016B5F09	0x016B5FB5	(Wonder Majin)Moro Power Buff	(意魔人)摩罗力量增益	utf16
111	relocated_unique	tbl1.pak	0x016B871F	0x016B87CB	(Martial)Legendary Super Saiyan(Super)	(武道家)传说超级赛亚人(超)	utf16
112	relocated_unique	tbl1.pak	0x016B87A1	0x016B884D	(Spiritualist)Legendary Super Saiyan(Super)	(气功师)传说超级赛亚人(超)	utf16
113	relocated_unique	tbl1.pak	0x016B8833	0x016B88DF	(Spiritualist)Imperator Namek	(那美克龙族)帝王那美克	utf16
114	relocated_unique	tbl1.pak	0x016B8873	0x016B891F	(Might Majin)Xeno Majin	(大魔人)异时空魔人	utf16
115	relocated_unique	tbl1.pak	0x016B88A7	0x016B8953	(Wonder Majin)Xeno Majin	(意魔人)异时空魔人	utf16
116	relocated_unique	tbl1.pak	0x016B89CD	0x016B8A79	(Martial) Potion Super Saiyan 1	(武道家)超级赛亚人1药水	utf16
117	relocated_unique	tbl1.pak	0x016B8A11	0x016B8ABD	(Martial) Potion Super Saiyan 2	(武道家)超级赛亚人2药水	utf16
118	relocated_unique	tbl1.pak	0x016B8A55	0x016B8B01	(Martial) Potion Super Saiyan 3	(武道家)超级赛亚人3药水	utf16
119	relocated_unique	tbl1.pak	0x016B8A99	0x016B8B45	(Martial) Potion Super Saiyan GOD	(武道家)超级赛亚人之神药水	utf16
120	relocated_unique	tbl1.pak	0x016B8AE1	0x016B8B8D	(Martial) Potion Super Saiyan Blue	(武道家)超级赛亚人蓝色药水	utf16
121	relocated_unique	tbl1.pak	0x016B8B2B	0x016B8BD7	(Martial) Potion Super Saiyan Rose	(武道家)超级赛亚人桃红药水	utf16
122	commented_ambiguous	tbl1.pak	0x016B8B75		(Martial) Potion Super Saiyan Legendary	(武道家)传说超级赛亚人药水	hits=2
123	relocated_unique	tbl1.pak	0x016B8C1F	0x016B8CCB	(Martial) Potion Super Saiyan 4	(武道家)超级赛亚人4药水	utf16
124	converted_wildcard	tbl1.pak	0x016B8C63	*	(Spiritualist) Potion Super Saiyan 1	(气功师)超级赛亚人1药水	hits=2
125	relocated_unique	tbl1.pak	0x016B8CFF	0x016B8DAB	(Spiritualist) Potion Super Saiyan 2	(气功师)超级赛亚人2药水	utf16
126	relocated_unique	tbl1.pak	0x016B8D4D	0x016B8DF9	(Spiritualist) Potion Super Saiyan 3	(气功师)超级赛亚人3药水	utf16
127	relocated_unique	tbl1.pak	0x016B8D9B	0x016B8E47	(Spiritualist) Potion Super Saiyan GOD	(气功师)超级赛亚人之神药水	utf16
128	relocated_unique	tbl1.pak	0x016B8DED	0x016B8E99	(Spiritualist) Potion Super Saiyan BLUE	(气功师)超级赛亚人蓝色药水	utf16
129	relocated_unique	tbl1.pak	0x016B8E41	0x016B8EED	(Spiritualist) Potion Super Saiyan Rose	(气功师)超级赛亚人桃红药水	utf16
130	commented_ambiguous	tbl1.pak	0x016B8E95		(Spiritualist) Potion Super Saiyan Legendary	(气功师)传说超级赛亚人药水	hits=2
131	relocated_unique	tbl1.pak	0x016B8F53	0x016B8FFF	(Spiritualist) Potion Super Saiyan 4	(气功师)超级赛亚人4药水	utf16
132	relocated_unique	tbl1.pak	0x016BE591	0x016BE63D	(Martial) (7 days) Super Saiyan 1	(武道家)(7天)超级赛亚人1	utf16
133	relocated_unique	tbl1.pak	0x016BE5D9	0x016BE685	(Martial) (7 days) Super Saiyan 2	(武道家)(7天)超级赛亚人2	utf16
134	relocated_unique	tbl1.pak	0x016BE621	0x016BE6CD	(Martial) (7 days) Super Saiyan 3	(武道家)(7天)超级赛亚人3	utf16
135	relocated_unique	tbl1.pak	0x016BE669	0x016BE715	(Martial) (7 days) Super Saiyan GOD	(武道家)(7天)超级赛亚人之神	utf16
136	relocated_unique	tbl1.pak	0x016BE6B5	0x016BE761	(Martial) (7 days) Super Saiyan Blue	(武道家)(7天)超级赛亚人蓝色	utf16
137	relocated_unique	tbl1.pak	0x016BE703	0x016BE7AF	(Martial) (7 days) Super Saiyan Rose	(武道家)(7天)超级赛亚人桃红	utf16
138	commented_ambiguous	tbl1.pak	0x016BE751		(Martial) (7 days) Super Saiyan Legendary	(武道家)(7天)传说超级赛亚人	hits=2
139	relocated_unique	tbl1.pak	0x016BE803	0x016BE8AF	(Martial) (7 days) Super Saiyan 4	(武道家)(7天)超级赛亚人4	utf16
140	converted_wildcard	tbl1.pak	0x016BE84B	*	(Spiritualist) (7 days) Super Saiyan 1	(气功师)(7天)超级赛亚人1	hits=2
141	relocated_unique	tbl1.pak	0x016BE8EF	0x016BE99B	(Spiritualist) (7 days) Super Saiyan 2	(气功师)(7天)超级赛亚人2	utf16
142	relocated_unique	tbl1.pak	0x016BE941	0x016BE9ED	(Spiritualist) (7 days) Super Saiyan 3	(气功师)(7天)超级赛亚人3	utf16
143	relocated_unique	tbl1.pak	0x016BE993	0x016BEA3F	(Spiritualist) (7 days) Super Saiyan GOD	(气功师)(7天)超级赛亚人之神	utf16
144	relocated_unique	tbl1.pak	0x016BE9E9	0x016BEA95	(Spiritualist) (7 days) Super Saiyan BLUE	(气功师)(7天)超级赛亚人蓝色	utf16
145	relocated_unique	tbl1.pak	0x016BEA41	0x016BEAED	(Spiritualist) (7 days) Super Saiyan Rose	(气功师)(7天)超级赛亚人桃红	utf16
146	commented_ambiguous	tbl1.pak	0x016BEA99		(Spiritualist) (7 days) Super Saiyan Legendary	(气功师)(7天)传说超级赛亚人	hits=2
147	relocated_unique	tbl1.pak	0x016BEAF9	0x016BEBA5	4(Spiritualist) (7 days) Super Saiyan Legendary Super	(气功师)(7天)传说超级赛亚人(超)	utf16
148	relocated_unique	tbl1.pak	0x016BEB69	0x016BEC15	(Spiritualist) (7 days) Super Saiyan 4	(气功师)(7天)超级赛亚人4	utf16
149	kept_valid	tbl0.pak	0x013BA1AD	0x013BA1AD	(Warrior) Potion Great Namek	(那美克战士)巨大那美克药水	utf16
150	kept_valid	tbl0.pak	0x013BA329	0x013BA329	(Warrior) Potion Kamiccolo	(那美克战士)卡米克洛药水	utf16
151	kept_valid	tbl0.pak	0x013BA4A5	0x013BA4A5	(Warrior) Potion Dark Namek	(那美克战士)黑暗那美克药水	utf16
152	kept_valid	tbl0.pak	0x013BA621	0x013BA621	(Warrior) Potion Great Orange	(那美克战士)巨大橙色药水	utf16
153	kept_valid	tbl0.pak	0x013BA79D	0x013BA79D	(Warrior) Potion Orange	(那美克战士)橙色药水	utf16
154	kept_valid	tbl0.pak	0x013BA919	0x013BA919	(Warrior) Potion Muscle Orange	(那美克战士)肌肉橙色药水	utf16
155	kept_valid	tbl0.pak	0x013BAA95	0x013BAA95	(Warrior) Potion Imperator	(那美克战士)帝王药水	utf16
156	kept_valid	tbl0.pak	0x013BE771	0x013BE771	(Warrior) Capsule Great Namek	(那美克战士)巨大那美克胶囊	utf16
157	kept_valid	tbl0.pak	0x013BE8ED	0x013BE8ED	(Warrior) Capsule Kamiccolo	(那美克战士)卡米克洛胶囊	utf16
158	kept_valid	tbl0.pak	0x013BEA69	0x013BEA69	(Warrior) Capsule Dark Namek	(那美克战士)黑暗那美克胶囊	utf16
159	kept_valid	tbl0.pak	0x013BEBE5	0x013BEBE5	(Warrior) Capsule Great Orange	(那美克战士)巨大橙色胶囊	utf16
160	kept_valid	tbl0.pak	0x013BED61	0x013BED61	(Warrior) Capsule Orange	(那美克战士)橙色胶囊	utf16
161	kept_valid	tbl0.pak	0x013BEEDD	0x013BEEDD	(Warrior) Capsule Muscle Orange	(那美克战士)肌肉橙色胶囊	utf16
162	kept_valid	tbl0.pak	0x013BF059	0x013BF059	(Warrior) Capsule Imperator	(那美克战士)帝王胶囊	utf16
163	relocated_unique	tbl1.pak	0x012EAE1B	0x012EAEC7	Skill! Power Up (Warrior)	技能!力量提升(那美克战士)	utf16
164	relocated_unique	tbl1.pak	0x012EB233	0x012EB2DF	Skill! Guard (Warrior)	技能!防御(那美克战士)	utf16
165	relocated_unique	tbl1.pak	0x012EB613	0x012EB6BF	Skill! Dash (Warrior)	技能!冲刺(那美克战士)	utf16
166	relocated_unique	tbl1.pak	0x012EBA33	0x012EBADF	Skill! Counter Attack (Warrior)	技能!反击(那美克战士)	utf16
167	converted_wildcard	tbl1.pak	0x015E2985	*	Flight Skill (Warrior)	飞行技能(那美克战士)	hits=2
168	relocated_unique	tbl1.pak	0x016B87FD	0x016B88A9	(Warrior)Imperator Namek	(那美克战士)帝王那美克	utf16
169	relocated_unique	tbl1.pak	0x016B8FA1	0x016B904D	(Warrior) Potion Great Namek	(那美克战士)巨大那美克药水	utf16
170	relocated_unique	tbl1.pak	0x016B8FDF	0x016B908B	(Warrior) Potion Kamiccolo	(那美克战士)卡米克洛药水	utf16
171	relocated_unique	tbl1.pak	0x016B9019	0x016B90C5	(Warrior) Potion Dark Namek	(那美克战士)黑暗那美克药水	utf16
172	relocated_unique	tbl1.pak	0x016B9055	0x016B9101	(Warrior) Potion Great Orange	(那美克战士)巨大橙色药水	utf16
173	relocated_unique	tbl1.pak	0x016B9095	0x016B9141	(Warrior) Potion Orange	(那美克战士)橙色药水	utf16
174	relocated_unique	tbl1.pak	0x016B90C9	0x016B9175	(Warrior) Potion Muscle Orange	(那美克战士)肌肉橙色药水	utf16
175	relocated_unique	tbl1.pak	0x016B910B	0x016B91B7	(Warrior) Potion Imperator	(那美克战士)帝王药水	utf16
176	relocated_unique	tbl1.pak	0x016BEBBB	0x016BEC67	(Warrior) (7 days) Great Namek	(那美克战士)(7天)巨大那美克	utf16
177	relocated_unique	tbl1.pak	0x016BEBFD	0x016BECA9	(Warrior) (7 days) Kamiccolo	(那美克战士)(7天)卡米克洛	utf16
178	relocated_unique	tbl1.pak	0x016BEC3B	0x016BECE7	(Warrior) (7 days) Dark Namek	(那美克战士)(7天)黑暗那美克	utf16
179	relocated_unique	tbl1.pak	0x016BEC7B	0x016BED27	(Warrior) (7 days) Great Orange	(那美克战士)(7天)巨大橙色	utf16
180	relocated_unique	tbl1.pak	0x016BECBF	0x016BED6B	(Warrior) (7 days) Orange	(那美克战士)(7天)橙色	utf16
181	relocated_unique	tbl1.pak	0x016BECF7	0x016BEDA3	(Warrior) (7 days) Muscle Orange	(那美克战士)(7天)肌肉橙色	utf16
182	relocated_unique	tbl1.pak	0x016BED3D	0x016BEDE9	(Warrior) (7 days) Imperator	(那美克战士)(7天)帝王	utf16
183	relocated_unique	tbl1.pak	0x017F1239	0x017F1385	Solo Dungeon Support	单人副本增益	utf16
184	relocated_unique	tbl1.pak	0x017F1267	0x017F13B3	Party Dungeon Support	组队副本增益	utf16
185	relocated_unique	tbl1.pak	0x0177897E	0x01778ACA	BID-4 Dungeon Manager	BID-4副本入场管理机	utf16
186	relocated_unique	tbl1.pak	0x01778A60	0x01778BAC	BID-5 Dungeon Manager	BID-5副本入场管理机	utf16
189	relocated_unique	tbl0.pak	0x01441F34	0x014420B0	HM 85 SEMI 2P	人类85半套2P	utf16
190	relocated_unique	tbl0.pak	0x01442038	0x014421B4	HM 85 FULL 3P	人类85全套3P	utf16
191	relocated_unique	tbl0.pak	0x0144213E	0x014422BA	AMEK 2P SEMI	那美克2P半套	utf16
192	commented_ambiguous	tbl0.pak	0x01442242		AMEK 3P FULL	那美克3P全套	hits=2
193	relocated_unique	tbl0.pak	0x01442346	0x014424C2	AJIN SEMI 2P	魔人半套2P	utf16
194	commented_ambiguous	tbl0.pak	0x0144244A		AJIN FULL 3P	魔人全套3P	hits=2
195	relocated_unique	tbl0.pak	0x01443280	0x014433FC	HM FULL 3P 90	人类全套3P90	utf16
196	relocated_unique	tbl0.pak	0x01443386	0x01443502	AMEK 3P FULL 90	那美克3P全套90	utf16
197	relocated_unique	tbl0.pak	0x0144348A	0x01443606	AJIN FULL 3P 90	魔人全套3P90	utf16
198	commented_ambiguous	tbl0.pak	0x0144358C		CHIP CON	芯片耐力	hits=3
199	commented_ambiguous	tbl0.pak	0x01443690		CHIP CD	芯片冷却	hits=3
200	commented_ambiguous	tbl0.pak	0x01443794		CHIP PROP	芯片属性	hits=3
201	relocated_unique	tbl0.pak	0x01443BA4	0x01443D20	CHIP FL PY	芯片飞行物理	utf16
202	relocated_unique	tbl0.pak	0x01443EB0	0x0144402C	HM 90 SEMI 2P	人类90半套2P	utf16
203	relocated_unique	tbl0.pak	0x01443FB4	0x01444130	HM 90 FULL 3P	人类90全套3P	utf16
204	relocated_unique	tbl0.pak	0x014440B8	0x01444234	MJ 90 SEMI 2P	魔人90半套2P	utf16
205	relocated_unique	tbl0.pak	0x014441BC	0x01444338	MJ 90 FULL 3P	魔人90全套3P	utf16
206	relocated_unique	tbl0.pak	0x014442C0	0x0144443C	NM 90 SEMI 2P	那美克90半套2P	utf16
207	relocated_unique	tbl0.pak	0x014443C4	0x01444540	NM 90 FULL 3P	那美克90全套3P	utf16
208	commented_ambiguous	tbl0.pak	0x014444C8		RING FULY	戒指全套	hits=2
209	relocated_unique	tbl0.pak	0x014445CC	0x01444748	EARN FULY	耳环全套	utf16
210	relocated_unique	tbl0.pak	0x014446D0	0x0144484C	EARN SEM	耳环半套	utf16
211	commented_ambiguous	tbl0.pak	0x01444BE4		Soul Force Diference	灵魂力量差异	hits=4
212	commented_ambiguous	tbl0.pak	0x01444CE8		Soul Force Agility	灵魂力量敏捷	hits=4
213	commented_ambiguous	tbl0.pak	0x01444DEC		Soul Force Recovery	灵魂力量恢复	hits=4
214	commented_ambiguous	tbl0.pak	0x0179324C		TYPE-A	A型	hits=392
215	commented_ambiguous	tbl0.pak	0x0179630C		TYPE-B	B型	hits=396
216	commented_ambiguous	tbl0.pak	0x017993CC		TYPE-C	C型	hits=386
217	commented_ambiguous	tbl0.pak	0x017AF850		Type-A	A型	hits=7
218	commented_ambiguous	tbl0.pak	0x017AFA58		Type-C	C型	hits=7
219	commented_ambiguous	tbl0.pak	0x017B96B8		TYPE-A(P2)	A型(P2)	hits=14
220	commented_ambiguous	tbl0.pak	0x017B97BC		TYPE-A(P3)	A型(P3)	hits=14
221	commented_ambiguous	tbl0.pak	0x017BB738		TYPE-B(P2)	B型(P2)	hits=14
222	commented_ambiguous	tbl0.pak	0x017BB83C		TYPE-B(P3)	B型(P3)	hits=14
223	commented_ambiguous	tbl0.pak	0x017BD7B8		TYPE-C(P2)	C型(P2)	hits=14
224	commented_ambiguous	tbl0.pak	0x017BD8BC		TYPE-C(P3)	C型(P3)	hits=14
225	commented_ambiguous	tbl0.pak	0x017BF83C		TYPE-A (2P)	A型(2P)	hits=41
226	commented_ambiguous	tbl0.pak	0x017BF940		TYPE-B (2P)	B型(2P)	hits=39
227	commented_ambiguous	tbl0.pak	0x017BFA44		TYPE-C (2P)	C型(2P)	hits=39
228	relocated_unique	tbl0.pak	0x017CBA24	0x017CBBA0	Hakai Rings	破坏戒指	utf16
229	relocated_unique	tbl0.pak	0x017F7154	0x017F72D0	Red Puar Egg	红色普尔蛋	utf16
230	commented_ambiguous	tbl0.pak	0x017F71DC		Red Puar 2	红色普尔2	hits=2
231	commented_ambiguous	tbl0.pak	0x017F7264		Red Puar 3	红色普尔3	hits=2
232	commented_ambiguous	tbl0.pak	0x017F72EC		Red Puar 4	红色普尔4	hits=2
233	relocated_unique	tbl0.pak	0x017F7374	0x017F74F0	White Underwear Egg	白色内衣蛋	utf16
234	relocated_unique	tbl0.pak	0x017F73FC	0x017F7578	White Underwear 2	白色内衣2	utf16
235	relocated_unique	tbl0.pak	0x017F7484	0x017F7600	White Underwear 3	白色内衣3	utf16
236	relocated_unique	tbl0.pak	0x017F750C	0x017F7688	White Underwear 4	白色内衣4	utf16
237	relocated_unique	tbl0.pak	0x017F7594	0x017F7710	Pink Underwear Egg	粉色内衣蛋	utf16
238	relocated_unique	tbl0.pak	0x017F761C	0x017F7798	Pink Underwear 2	粉色内衣2	utf16
239	relocated_unique	tbl0.pak	0x017F76A4	0x017F7820	Pink Underwear 3	粉色内衣3	utf16
240	relocated_unique	tbl0.pak	0x017F772C	0x017F78A8	Pink Underwear 4	粉色内衣4	utf16
241	relocated_unique	tbl0.pak	0x017F77B4	0x017F7930	Cat Pet Egg	猫宠物蛋	utf16
242	relocated_unique	tbl0.pak	0x017F783C	0x017F79B8	Cat Pet 2	猫宠物2	utf16
243	relocated_unique	tbl0.pak	0x017F78C4	0x017F7A40	Cat Pet 3	猫宠物3	utf16
244	relocated_unique	tbl0.pak	0x017F794C	0x017F7AC8	Cat Pet 4	猫宠物4	utf16
245	relocated_unique	tbl0.pak	0x017F79D4	0x017F7B50	Ghost Pet Egg	幽灵宠物蛋	utf16
246	relocated_unique	tbl0.pak	0x017F7A5C	0x017F7BD8	Ghost Pet 2	幽灵宠物2	utf16
247	relocated_unique	tbl0.pak	0x017F7AE4	0x017F7C60	Ghost Pet 3	幽灵宠物3	utf16
248	relocated_unique	tbl0.pak	0x017F7B6C	0x017F7CE8	Ghost Pet 4	幽灵宠物4	utf16
251	commented_ambiguous	tbl0.pak	0x017F7C7C		Broly Normal Form	布罗利普通形态	hits=3
252	commented_ambiguous	tbl0.pak	0x017F7E14		Flexarot Lv1	弗莱克萨罗特Lv1	hits=3
253	commented_ambiguous	tbl0.pak	0x017F7E9C		Flexarot Lv2	弗莱克萨罗特Lv2	hits=3
254	commented_ambiguous	tbl0.pak	0x017F7F24		Flexarot Lv3	弗莱克萨罗特Lv3	hits=3
255	commented_ambiguous	tbl0.pak	0x017F7FAC		Flexarot Lv4	弗莱克萨罗特Lv4	hits=3
258	kept_valid	tbl0.pak	0x012591A1	0x012591A1	Smile Pattern Underwear	笑脸图案内衣	utf16
259	kept_valid	tbl0.pak	0x0125990D	0x0125990D	Red Puar 1	红色普尔1	utf16
260	kept_valid	tbl0.pak	0x0125C88D	0x0125C88D	Broly Pet Egg	布罗利宠物蛋	utf16
261	kept_valid	tbl0.pak	0x0126FEC9	0x0126FEC9	LP Majin	LP魔人	utf16
262	kept_valid	tbl0.pak	0x01270045	0x01270045	LP Namek	LP那美克	utf16
263	kept_valid	tbl0.pak	0x012701C1	0x012701C1	LP Human	LP人类	utf16
264	kept_valid	tbl0.pak	0x012732BD	0x012732BD	Trumpet	号角	utf16
271	kept_valid	tbl0.pak	0x01279F19	0x01279F19	Gohan Time Chamber Hair	孙悟饭精神时光屋发型	utf16
272	kept_valid	tbl0.pak	0x0127AAF9	0x0127AAF9	IS Hair	IS发型	utf16
273	kept_valid	tbl0.pak	0x0127AC75	0x0127AC75	Death Axe SK Transmog	死亡之斧SK幻化	utf16
274	kept_valid	tbl0.pak	0x0127ADF1	0x0127ADF1	Two Handed Sword SK	双手剑SK	utf16
275	kept_valid	tbl0.pak	0x0127C8A9	0x0127C8A9	Oozaru Martial	大猿武道家	utf16
276	kept_valid	tbl0.pak	0x0127CA25	0x0127CA25	Oozaru Spirit	大猿精神	utf16
277	kept_valid	tbl0.pak	0x0127F0BD	0x0127F0BD	Hallowen Box	万圣节盒	utf16
278	kept_valid	tbl0.pak	0x012809F9	0x012809F9	Halloween Title	万圣节称号	utf16
279	kept_valid	tbl0.pak	0x01280B75	0x01280B75	Golden Oozaru Martial	黄金大猿武道家	utf16
280	kept_valid	tbl0.pak	0x01281165	0x01281165	Natal Box	圣诞盒	utf16
281	kept_valid	tbl0.pak	0x0128320D	0x0128320D	Saiyan Tail F	赛亚人尾巴F	utf16
282	kept_valid	tbl0.pak	0x012874D9	0x012874D9	Event Sample	活动样品	utf16
283	kept_valid	tbl0.pak	0x01287C45	0x01287C45	BMO Backpack	BMO背包	utf16
284	kept_valid	tbl0.pak	0x012BCED1	0x012BCED1	CC Blessed Ruby 2	CC祝福红宝石2	utf16
285	kept_valid	tbl0.pak	0x012BD04D	0x012BD04D	CC Blessed Ruby 3	CC祝福红宝石3	utf16
286	kept_valid	tbl0.pak	0x012BD1C9	0x012BD1C9	Fancy Intense Yellow 1	华丽浓烈黄色1	utf16
287	kept_valid	tbl0.pak	0x012BD345	0x012BD345	Fancy Intense Yellow 2	华丽浓烈黄色2	utf16
288	kept_valid	tbl0.pak	0x012BD4C1	0x012BD4C1	Fancy Intense Yellow 3	华丽浓烈黄色3	utf16
289	kept_valid	tbl0.pak	0x012BD63D	0x012BD63D	New Stone 1	新石1	utf16
290	kept_valid	tbl0.pak	0x012BD7B9	0x012BD7B9	New Stone 2	新石2	utf16
291	kept_valid	tbl0.pak	0x012BD935	0x012BD935	New Stone 3	新石3	utf16
292	kept_valid	tbl0.pak	0x012BDAB1	0x012BDAB1	New Stone 4	新石4	utf16
293	kept_valid	tbl0.pak	0x012BDC2D	0x012BDC2D	New Stone 5	新石5	utf16
294	kept_valid	tbl0.pak	0x012BDDA9	0x012BDDA9	New Stone 6	新石6	utf16
295	kept_valid	tbl0.pak	0x012D5F99	0x012D5F99	Sky Dungeon Material 1	天空副本材料1	utf16
296	kept_valid	tbl0.pak	0x012D6115	0x012D6115	Sky Dungeon Material 2	天空副本材料2	utf16
297	kept_valid	tbl0.pak	0x012D6291	0x012D6291	Sky Dungeon Material 3	天空副本材料3	utf16
300	kept_valid	tbl0.pak	0x01359CE5	0x01359CE5	Halloween Wings	万圣节翅膀	utf16
301	kept_valid	tbl0.pak	0x01359E61	0x01359E61	Fairy Wings	仙女翅膀	utf16
302	kept_valid	tbl0.pak	0x0135CDE1	0x0135CDE1	Buu Costume	布欧服装	utf16
303	kept_valid	tbl0.pak	0x0135D0D9	0x0135D0D9	Xeno Goku Outfit	异次元孙悟空套装	utf16
304	kept_valid	tbl0.pak	0x01361F85	0x01361F85	Hellfire Sword	地狱火剑	utf16
305	kept_valid	tbl0.pak	0x0136DF01	0x0136DF01	GM Weapon Upgrade Stone U75	GM武器升级石U75	utf16
306	kept_valid	tbl0.pak	0x0136F545	0x0136F545	Akeno Hat	朱乃帽子	utf16
307	kept_valid	tbl0.pak	0x0136F6C1	0x0136F6C1	Sabo Hat	萨博帽子	utf16
308	kept_valid	tbl0.pak	0x0136FCB1	0x0136FCB1	Whitebeard Mustache	白胡子胡子	utf16
309	kept_valid	tbl0.pak	0x01370125	0x01370125	Custom Hat	定制帽子	utf16
310	kept_valid	tbl0.pak	0x01371ED5	0x01371ED5	UD1 Shard	UD1碎片	utf16
311	kept_valid	tbl0.pak	0x01372051	0x01372051	UD2 Shard	UD2碎片	utf16
312	kept_valid	tbl0.pak	0x013721CD	0x013721CD	UD3 Shard	UD3碎片	utf16
313	kept_valid	tbl0.pak	0x01372349	0x01372349	UD4 Shard	UD4碎片	utf16
314	kept_valid	tbl0.pak	0x013724C5	0x013724C5	UD5 Shard	UD5碎片	utf16
315	kept_valid	tbl0.pak	0x01372641	0x01372641	UD6 Shard	UD6碎片	utf16
316	kept_valid	tbl0.pak	0x0137B63D	0x0137B63D	Liquid Fuel S4	液体燃料S4	utf16
317	kept_valid	tbl0.pak	0x0137B7B9	0x0137B7B9	Liquid Fuel S5	液体燃料S5	utf16
318	kept_valid	tbl0.pak	0x0137DE51	0x0137DE51	Bardock Outfit	巴达克套装	utf16
319	kept_valid	tbl0.pak	0x0137E739	0x0137E739	Gogeta Outfit	悟吉塔套装	utf16
324	kept_valid	tbl0.pak	0x01398B4D	0x01398B4D	Might Majin form	大魔人 form	utf16
325	kept_valid	tbl0.pak	0x01398CC9	0x01398CC9	Wonder Majin Form	意魔人形态	utf16
328	kept_valid	tbl0.pak	0x01399A25	0x01399A25	Legendary Martial	传说武道家	utf16
329	kept_valid	tbl0.pak	0x013A6581	0x013A6581	A Upgrade Stone U85	A升级石U85	utf16
330	kept_valid	tbl0.pak	0x013A66FD	0x013A66FD	White Stone U85	白色石U85	utf16
331	kept_valid	tbl0.pak	0x013A6CED	0x013A6CED	UD1 Coin	UD1硬币	utf16
332	kept_valid	tbl0.pak	0x013A6E69	0x013A6E69	UD2 Coin	UD2硬币	utf16
333	kept_valid	tbl0.pak	0x013A6FE5	0x013A6FE5	UD3 Coin	UD3硬币	utf16
334	kept_valid	tbl0.pak	0x013AFFE1	0x013AFFE1	Downgrade Weapon 85	降级武器85	utf16
335	kept_valid	tbl0.pak	0x013B05D1	0x013B05D1	Moro Coin	摩罗硬币	utf16
336	kept_valid	tbl0.pak	0x013BAC11	0x013BAC11	(Dragon) Potion Great Namek	(龙族)巨大那美克药水	utf16
337	kept_valid	tbl0.pak	0x013BAD8D	0x013BAD8D	(Dragon) Potion Kamiccolo	(龙族)卡米克洛药水	utf16
338	kept_valid	tbl0.pak	0x013BAF09	0x013BAF09	(Dragon) Potion Dark Namek	(龙族)黑暗那美克药水	utf16
339	kept_valid	tbl0.pak	0x013BB085	0x013BB085	(Dragon) Potion Great Orange	(龙族) Potion Great Orange	utf16
340	kept_valid	tbl0.pak	0x013BB201	0x013BB201	(Dragon) Potion Orange	(龙族) Potion Orange	utf16
341	kept_valid	tbl0.pak	0x013BB37D	0x013BB37D	(Dragon) Potion Muscle Orange	(龙族) Potion Muscle Orange	utf16
342	kept_valid	tbl0.pak	0x013BB4F9	0x013BB4F9	(Dragon) Potion Imperator	(龙族)帝王药水	utf16
343	kept_valid	tbl0.pak	0x013BB675	0x013BB675	(Might) Potion Pure Majin	(大魔人)纯粹魔人药水	utf16
344	kept_valid	tbl0.pak	0x013BB96D	0x013BB96D	(Might) Potion Super Boo	(大魔人)超级布欧药水	utf16
345	kept_valid	tbl0.pak	0x013BBAE9	0x013BBAE9	(Might) Potion Bootenks	(大魔人)布欧悟天克斯药水	utf16
346	kept_valid	tbl0.pak	0x013BBC65	0x013BBC65	(Might) Potion Buuhan	(大魔人)布欧悟饭药水	utf16
347	kept_valid	tbl0.pak	0x013BBDE1	0x013BBDE1	(Might) Potion SS3	(大魔人)超级赛亚人3药水	utf16
348	kept_valid	tbl0.pak	0x013BBF5D	0x013BBF5D	(Might) Potion Xeno	(大魔人)异次元药水	utf16
349	kept_valid	tbl0.pak	0x013BC0D9	0x013BC0D9	(Wonder) Potion Pure Majin	(意魔人)纯粹魔人药水	utf16
350	kept_valid	tbl0.pak	0x013BC3D1	0x013BC3D1	(Wonder) Potion Super Boo	(意魔人)超级布欧药水	utf16
351	kept_valid	tbl0.pak	0x013BC54D	0x013BC54D	(Wonder) Potion Bootenks	(意魔人)布欧悟天克斯药水	utf16
352	kept_valid	tbl0.pak	0x013BC6C9	0x013BC6C9	(Wonder) Potion Buuhan	(意魔人)布欧悟饭药水	utf16
353	kept_valid	tbl0.pak	0x013BC845	0x013BC845	(Wonder) Potion SS3	(意魔人)超级赛亚人3药水	utf16
354	kept_valid	tbl0.pak	0x013BC9C1	0x013BC9C1	(Wonder) Potion Xeno	(意魔人)异次元药水	utf16
355	kept_valid	tbl0.pak	0x013BF1D5	0x013BF1D5	(Dragon) Capsule Great Namek	(龙族)巨大那美克胶囊	utf16
356	kept_valid	tbl0.pak	0x013BF351	0x013BF351	(Dragon) Capsule Kamiccolo	(龙族)卡米克洛胶囊	utf16
357	kept_valid	tbl0.pak	0x013BF4CD	0x013BF4CD	(Dragon) Capsule Dark Namek	(龙族)黑暗那美克胶囊	utf16
358	kept_valid	tbl0.pak	0x013BF649	0x013BF649	(Dragon) Capsule Great Orange	(龙族) Capsule Great Orange	utf16
359	kept_valid	tbl0.pak	0x013BF7C5	0x013BF7C5	(Dragon) Capsule Orange	(龙族) Capsule Orange	utf16
360	kept_valid	tbl0.pak	0x013BF941	0x013BF941	(Dragon) Capsule Muscle Orange	(龙族) Capsule Muscle Orange	utf16
361	kept_valid	tbl0.pak	0x013BFABD	0x013BFABD	(Dragon) Capsule Imperator	(龙族)帝王胶囊	utf16
362	kept_valid	tbl0.pak	0x013BFC39	0x013BFC39	(Might) Capsule Pure Majin	(大魔人)纯粹魔人胶囊	utf16
363	kept_valid	tbl0.pak	0x013BFF31	0x013BFF31	(Might) Capsule Super Boo	(大魔人)超级布欧胶囊	utf16
364	kept_valid	tbl0.pak	0x013C00AD	0x013C00AD	(Might) Capsule Bootenks	(大魔人)布欧悟天克斯胶囊	utf16
365	kept_valid	tbl0.pak	0x013C0229	0x013C0229	(Might) Capsule Buuhan	(大魔人)布欧悟饭胶囊	utf16
366	kept_valid	tbl0.pak	0x013C03A5	0x013C03A5	(Might) Capsule SS3	(大魔人)超级赛亚人3胶囊	utf16
367	kept_valid	tbl0.pak	0x013C0521	0x013C0521	(Might) Capsule Xeno	(大魔人)异次元胶囊	utf16
368	kept_valid	tbl0.pak	0x013C069D	0x013C069D	(Wonder) Capsule Pure Majin	(意魔人)纯粹魔人胶囊	utf16
369	kept_valid	tbl0.pak	0x013C0995	0x013C0995	(Wonder) Capsule Super Boo	(意魔人)超级布欧胶囊	utf16
370	kept_valid	tbl0.pak	0x013C0B11	0x013C0B11	(Wonder) Capsule Bootenks	(意魔人)布欧悟天克斯胶囊	utf16
371	kept_valid	tbl0.pak	0x013C0C8D	0x013C0C8D	(Wonder) Capsule Buuhan	(意魔人)布欧悟饭胶囊	utf16
372	kept_valid	tbl0.pak	0x013C0E09	0x013C0E09	(Wonder) Capsule SS3	(意魔人)超级赛亚人3胶囊	utf16
373	kept_valid	tbl0.pak	0x013C0F85	0x013C0F85	(Wonder) Capsule Xeno	(意魔人)异次元胶囊	utf16
374	kept_valid	tbl0.pak	0x013C13F9	0x013C13F9	(Martial) Potion Super Saiyan 1	(武道家)超级赛亚人1药水	utf16
375	kept_valid	tbl0.pak	0x013C1575	0x013C1575	(Martial) Potion Super Saiyan 2	(武道家)超级赛亚人2药水	utf16
376	kept_valid	tbl0.pak	0x013C16F1	0x013C16F1	(Martial) Potion Super Saiyan 3	(武道家)超级赛亚人3药水	utf16
377	kept_valid	tbl0.pak	0x013C1FD9	0x013C1FD9	(Martial) Potion Super Saiyan 4	(武道家)超级赛亚人4药水	utf16
378	kept_valid	tbl0.pak	0x013C302D	0x013C302D	(Warrior) Potion Great Namek	(那美克战士)巨大那美克药水	utf16
379	kept_valid	tbl0.pak	0x013C31A9	0x013C31A9	(Warrior) Potion Kamiccolo	(那美克战士)卡米克洛药水	utf16
380	kept_valid	tbl0.pak	0x013C3325	0x013C3325	(Warrior) Potion Dark Namek	(那美克战士)黑暗那美克药水	utf16
381	kept_valid	tbl0.pak	0x013C34A1	0x013C34A1	(Warrior) Potion Great Orange	(那美克战士)巨大橙色药水	utf16
382	kept_valid	tbl0.pak	0x013C361D	0x013C361D	(Warrior) Potion Orange	(那美克战士)橙色药水	utf16
383	kept_valid	tbl0.pak	0x013C3799	0x013C3799	(Warrior) Potion Muscle Orange	(那美克战士)肌肉橙色药水	utf16
384	kept_valid	tbl0.pak	0x013C3915	0x013C3915	(Warrior) Potion Imperator	(那美克战士)帝王药水	utf16
385	kept_valid	tbl0.pak	0x013C3A91	0x013C3A91	(Dragon) Potion Great Namek	(龙族)巨大那美克药水	utf16
386	kept_valid	tbl0.pak	0x013C3C0D	0x013C3C0D	(Dragon) Potion Kamiccolo	(龙族)卡米克洛药水	utf16
387	kept_valid	tbl0.pak	0x013C3D89	0x013C3D89	(Dragon) Potion Dark Namek	(龙族)黑暗那美克药水	utf16
388	kept_valid	tbl0.pak	0x013C3F05	0x013C3F05	(Dragon) Potion Great Orange	(龙族) Potion Great Orange	utf16
389	kept_valid	tbl0.pak	0x013C4081	0x013C4081	(Dragon) Potion Orange	(龙族) Potion Orange	utf16
390	kept_valid	tbl0.pak	0x013C41FD	0x013C41FD	(Dragon) Potion Muscle Orange	(龙族) Potion Muscle Orange	utf16
391	kept_valid	tbl0.pak	0x013C4379	0x013C4379	(Dragon) Potion Imperator	(龙族)帝王药水	utf16
392	kept_valid	tbl0.pak	0x013C44F5	0x013C44F5	(Might) Potion Pure Majin	(大魔人)纯粹魔人药水	utf16
393	kept_valid	tbl0.pak	0x013C47ED	0x013C47ED	(Might) Potion Super Boo	(大魔人)超级布欧药水	utf16
394	kept_valid	tbl0.pak	0x013C4969	0x013C4969	(Might) Potion Bootenks	(大魔人)布欧悟天克斯药水	utf16
395	kept_valid	tbl0.pak	0x013C4AE5	0x013C4AE5	(Might) Potion Buuhan	(大魔人)布欧悟饭药水	utf16
396	kept_valid	tbl0.pak	0x013C4C61	0x013C4C61	(Might) Potion SS3	(大魔人)超级赛亚人3药水	utf16
397	kept_valid	tbl0.pak	0x013C4DDD	0x013C4DDD	(Might) Potion Xeno	(大魔人)异次元药水	utf16
398	kept_valid	tbl0.pak	0x013C4F59	0x013C4F59	(Wonder) Potion Pure Majin	(意魔人)纯粹魔人药水	utf16
399	kept_valid	tbl0.pak	0x013C5251	0x013C5251	(Wonder) Potion Super Boo	(意魔人)超级布欧药水	utf16
400	kept_valid	tbl0.pak	0x013C53CD	0x013C53CD	(Wonder) Potion Bootenks	(意魔人)布欧悟天克斯药水	utf16
401	kept_valid	tbl0.pak	0x013C5549	0x013C5549	(Wonder) Potion Buuhan	(意魔人)布欧悟饭药水	utf16
402	kept_valid	tbl0.pak	0x013C56C5	0x013C56C5	(Wonder) Potion SS3	(意魔人)超级赛亚人3药水	utf16
403	kept_valid	tbl0.pak	0x013C5841	0x013C5841	(Wonder) Potion Xeno	(意魔人)异次元药水	utf16
404	relocated_unique	tbl0.pak	0x01438ED1	0x0143904D	Field Boss 01	野外首领01	utf16
405	relocated_unique	tbl0.pak	0x01438FF9	0x01439175	Field Boss 02	野外首领02	utf16
406	relocated_unique	tbl0.pak	0x01439121	0x0143929D	Field Boss 03	野外首领03	utf16
407	relocated_unique	tbl0.pak	0x01439249	0x014393C5	Field Boss 04	野外首领04	utf16
408	relocated_unique	tbl0.pak	0x01439371	0x014394ED	Field Boss 05	野外首领05	utf16
409	relocated_unique	tbl0.pak	0x01439499	0x01439615	Field Boss 06	野外首领06	utf16
410	relocated_unique	tbl0.pak	0x014395C1	0x0143973D	Field Boss 07	野外首领07	utf16
411	relocated_unique	tbl0.pak	0x014396E9	0x01439865	Field Boss 08	野外首领08	utf16
412	relocated_unique	tbl0.pak	0x01439811	0x0143998D	Field Boss 09	野外首领09	utf16
413	relocated_unique	tbl0.pak	0x01439939	0x01439AB5	Field Boss 10	野外首领10	utf16
414	relocated_unique	tbl0.pak	0x01439A61	0x01439BDD	Field Boss 11	野外首领11	utf16
415	relocated_unique	tbl0.pak	0x01439B89	0x01439D05	Field Boss 12	野外首领12	utf16
416	relocated_unique	tbl0.pak	0x01439CB1	0x01439E2D	Field Boss 13	野外首领13	utf16
417	relocated_unique	tbl0.pak	0x01439DD9	0x01439F55	Field Boss 14	野外首领14	utf16
418	relocated_unique	tbl0.pak	0x01439F01	0x0143A07D	Field Boss 15	野外首领15	utf16
419	relocated_unique	tbl0.pak	0x0143A029	0x0143A1A5	Field Boss 16	野外首领16	utf16
420	relocated_unique	tbl0.pak	0x0143A151	0x0143A2CD	Field Boss 17	野外首领17	utf16
421	relocated_unique	tbl0.pak	0x0143A279	0x0143A3F5	Field Boss 18	野外首领18	utf16
422	kept_valid	tbl1.pak	0x009EF340	0x009EF340	[br]It is said that said he was a Dragon Clan.	[br]It is said that said he was a 那美克龙族.	utf16
423	kept_valid	tbl1.pak	0x011A8572	0x011A8572	Stage 3 Target	阶段3目标	utf16
424	kept_valid	tbl1.pak	0x011A8840	0x011A8840	Stage 4 Target	阶段4目标	utf16
425	kept_valid	tbl1.pak	0x011A8E38	0x011A8E38	Stage 1 Target	阶段1目标	utf16
426	kept_valid	tbl1.pak	0x011A907C	0x011A907C	Stage 2 Target	阶段2目标	utf16
427	kept_valid	tbl1.pak	0x011A9FEE	0x011A9FEE	To the Hyperbolic Time Chamber	前往精神时光屋	utf16
428	commented_ambiguous	tbl1.pak	0x012D0766		Dragon Power!!	龙之力!!	hits=6
429	commented_ambiguous	tbl1.pak	0x012D085A		Dragon Spirit!!	龙之魂!!	hits=6
430	converted_wildcard	tbl1.pak	0x012D087C	*	KThe Spiritualist master pummels his\nenemy with a barrage of energy blasts.	KThe 气功师 master pummels his\nenemy with a barrage of energy blasts.	hits=6
431	commented_ambiguous	tbl1.pak	0x012D0952		Devil's Fury!!	魔鬼狂怒!!	hits=7
432	commented_ambiguous	tbl1.pak	0x012D0A48		Kami's Judgment!!	天神审判!!	hits=5
433	relocated_unique	tbl1.pak	0x012D0A6C	0x012D0B18	ANThe Namekian of the Dragon Clan attacks\nwith a stream of energy-based spells.	ANThe Namekian of the 那美克龙族 attacks\nwith a stream of energy-based spells.	utf16
434	commented_ambiguous	tbl1.pak	0x012D0B4A		Firepower!!	火力!!	hits=7
435	commented_ambiguous	tbl1.pak	0x012D0C1A		Wonderful Crash!!	精彩冲击!!	hits=5
436	commented_ambiguous	tbl1.pak	0x012D0CEA		Infinity Blow!!	无限打击!!	hits=7
437	commented_ambiguous	tbl1.pak	0x012D0D76		Unlimited Slash!!	无限斩击!!	hits=7
438	commented_ambiguous	tbl1.pak	0x012D0DF6		Crane Spirit!!	鹤仙流精神!!	hits=6
439	commented_ambiguous	tbl1.pak	0x012D0E86		Turtle Spirit!!	龟仙流精神!!	hits=7
440	commented_ambiguous	tbl1.pak	0x012D0F1C		Dragon's Law!!	龙的法则!!	hits=6
441	commented_ambiguous	tbl1.pak	0x012D1136		Pleasant Sound Shower!!	悦耳音波!!	hits=6
442	commented_ambiguous	tbl1.pak	0x012D11DC		Cooking Delight Combo!!	料理连击!!	hits=7
443	commented_ambiguous	tbl1.pak	0x012D1266		Shocking Smooth Beat!!	震撼节拍!!	hits=5
444	commented_ambiguous	tbl1.pak	0x012D1300		Happy Carnival Sensation!!	快乐嘉年华!!	hits=5
451	converted_wildcard	tbl1.pak	0x016C2EC2	*	Martial Artist Buff	武道家增益	hits=3
456	converted_wildcard	tbl1.pak	0x016C2F44	*	Spiritualist Buff	气功师增益	hits=3
461	commented_ambiguous	tbl1.pak	0x016C2FC2		Martial Artist Buff	武道家增益	hits=3
466	commented_ambiguous	tbl1.pak	0x016C3044		Spiritualist Buff	气功师增益	hits=3
469	relocated_unique	tbl1.pak	0x016C3092	0x016C31DE	Martial Artist Master Class	武道家大师职业	utf16
470	relocated_unique	tbl1.pak	0x016C30CE	0x016C321A	Spiritualist Master Class	气功师大师职业	utf16
471	commented_ambiguous	tbl1.pak	0x016C3106		Gauntlets	臂甲	hits=706
472	converted_wildcard	tbl1.pak	0x016C3130	*	Martial Artists	武道家武道家	hits=5
475	commented_ambiguous	tbl1.pak	0x016C32CA		Martial Artists	武道家武道家	hits=5
478	commented_ambiguous	tbl1.pak	0x016C3374		General 1	将军1	hits=5
479	commented_ambiguous	tbl1.pak	0x016C338C		General 2	将军2	hits=5
484	commented_ambiguous	tbl1.pak	0x016C34D0		Costume	服装	hits=58
553	commented_ambiguous	tbl1.pak	0x016C78AC		Crane / Turtle	鹤/龟	hits=2
558	commented_ambiguous	tbl1.pak	0x016C859E		Transmog	幻化	hits=51
561	commented_ambiguous	tbl1.pak	0x016C8626		Limited	限定	hits=693
562	relocated_unique	tbl1.pak	0x016C86F8	0x016C8844	Event Machine	活动机器	utf16
574	commented_ambiguous	tbl1.pak	0x016C9980		U Stone	U石	hits=13
575	relocated_unique	tbl1.pak	0x016C9994	0x016C9AE0	General Stone	将军石	utf16
576	relocated_unique	tbl1.pak	0x016C99B4	0x016C9B00	Core Stone	核心石	utf16
581	relocated_unique	tbl1.pak	0x016CA244	0x016CA390	Soul Upgrade	灵魂升级	utf16
582	relocated_unique	tbl1.pak	0x01714A12	0x01714B5E	Spiritualist Skill Master	气功师 Skill Master	utf16
583	relocated_unique	tbl1.pak	0x01714AA8	0x01714BF4	Dragon Clan Skill Master	那美克龙族 Skill Master	utf16
584	relocated_unique	tbl1.pak	0x01714B16	0x01714C62	Wonder Majin Skill Master	意魔人 Skill Master	utf16
585	relocated_unique	tbl1.pak	0x01714D16	0x01714E62	Spiritualist Advanced Skill Master	气功师 Advanced Skill Master	utf16
586	relocated_unique	tbl1.pak	0x01714DE2	0x01714F2E	Dragon Clan Advanced Skill Master	那美克龙族 Advanced Skill Master	utf16
587	relocated_unique	tbl1.pak	0x01714E74	0x01714FC0	Wonder Majin Advanced Skill Master	意魔人 Advanced Skill Master	utf16
590	relocated_unique	tbl1.pak	0x01714F20	0x0171506C	Time Machine Manager!	时光机管理员!	utf16
591	relocated_unique	tbl1.pak	0x01715218	0x01715364	Alien Engineer	异星工程师	utf16
592	commented_ambiguous	tbl1.pak	0x01721A94		Citizen 1	市民1	hits=11
593	converted_wildcard	tbl1.pak	0x01721B56	*	Wild	狂野	hits=202
600	commented_ambiguous	tbl1.pak	0x0172208E		Citizen 2	市民2	hits=10
601	commented_ambiguous	tbl1.pak	0x01722140		Citizen 3	市民3	hits=11
602	commented_ambiguous	tbl1.pak	0x017221B2		New Super Capsule Robot	新超级胶囊机器人	hits=5
603	commented_ambiguous	tbl1.pak	0x01722454		White Tiger	白色老虎	hits=6
604	commented_ambiguous	tbl1.pak	0x01722A54		Citizen 5	市民5	hits=11
605	commented_ambiguous	tbl1.pak	0x01723636		Korin Village Bus	卡林村巴士	hits=27
606	commented_ambiguous	tbl1.pak	0x0172374E		Axe Rock Bus	斧岩石巴士	hits=7
607	commented_ambiguous	tbl1.pak	0x01725AE6		Black Cat	黑色猫	hits=4
610	commented_ambiguous	tbl1.pak	0x017260E6		Citizen 6	市民6	hits=2
611	relocated_unique	tbl1.pak	0x01726248	0x01726394	Citizen 7	市民7	utf16
612	commented_ambiguous	tbl1.pak	0x0172702E		Namekian Frog	那美克星人青蛙	hits=20
613	commented_ambiguous	tbl1.pak	0x0172776C		Pet Machine	宠物机器	hits=9
616	commented_ambiguous	tbl1.pak	0x01729180		Captain Ginyu	队长基纽	hits=11
617	relocated_unique	tbl1.pak	0x01729240	0x0172938C	Pilaf Machine 1	皮拉夫机器1	utf16
618	relocated_unique	tbl1.pak	0x01729284	0x017293D0	Pilaf Machine 2	皮拉夫机器2	utf16
619	relocated_unique	tbl1.pak	0x01729352	0x0172949E	Pilaf Machine 3	皮拉夫机器3	utf16
620	relocated_unique	tbl1.pak	0x01729B3C	0x01729C88	Citizen 8	市民8	utf16
621	relocated_unique	tbl1.pak	0x01729BE6	0x01729D32	Citizen 9	市民9	utf16
622	relocated_unique	tbl1.pak	0x01729D30	0x01729E7C	Citizen 10	市民10	utf16
623	relocated_unique	tbl1.pak	0x01729D4A	0x01729E96	Citizen 11	市民11	utf16
624	relocated_unique	tbl1.pak	0x01729E16	0x01729F62	Citizen 12	市民12	utf16
625	relocated_unique	tbl1.pak	0x01729E30	0x01729F7C	Citizen 13	市民13	utf16
626	relocated_unique	tbl1.pak	0x01729EF4	0x0172A040	Citizen 14	市民14	utf16
627	relocated_unique	tbl1.pak	0x0172A306	0x0172A452	Citizen 15	市民15	utf16
628	relocated_unique	tbl1.pak	0x0172A34A	0x0172A496	Citizen 16	市民16	utf16
629	relocated_unique	tbl1.pak	0x0172A364	0x0172A4B0	Citizen 17	市民17	utf16
630	relocated_unique	tbl1.pak	0x0172A480	0x0172A5CC	Citizen 18	市民18	utf16
631	commented_ambiguous	tbl1.pak	0x0172A9D8		Super Capsule Robot Head	超级胶囊机器人头	hits=4
632	relocated_unique	tbl1.pak	0x0172AB20	0x0172AC6C	Citizen 19	市民19	utf16
633	commented_ambiguous	tbl1.pak	0x0172AD5C		Capsule Corp Staff	胶囊公司杖	hits=2
634	commented_ambiguous	tbl1.pak	0x0172AE78		Flight Manager	飞行管理员	hits=2
635	relocated_unique	tbl1.pak	0x0172AE9A	0x0172AFE6	Flight Manager 2	飞行管理员2	utf16
636	relocated_unique	tbl1.pak	0x0172AF70	0x0172B0BC	Citizen 20	市民20	utf16
637	commented_ambiguous	tbl1.pak	0x0172B7A0		Adventurer	冒险家	hits=78
638	relocated_unique	tbl1.pak	0x0172BC14	0x0172BD60	Citizen 22	市民22	utf16
639	relocated_unique	tbl1.pak	0x0172BC94	0x0172BDE0	Citizen 23	市民23	utf16
640	relocated_unique	tbl1.pak	0x0172BDA4	0x0172BEF0	Fainting Martial Artist	昏迷武道家	utf16
641	relocated_unique	tbl1.pak	0x0172BE54	0x0172BFA0	Citizen 24	市民24	utf16
642	relocated_unique	tbl1.pak	0x0172BEEE	0x0172C03A	Citizen 25	市民25	utf16
643	relocated_unique	tbl1.pak	0x0172C040	0x0172C18C	Citizen 26	市民26	utf16
644	relocated_unique	tbl1.pak	0x0172C24E	0x0172C39A	Citizen 27	市民27	utf16
645	relocated_unique	tbl1.pak	0x0172C3A0	0x0172C4EC	Wounded Martial Artists	受伤武道家武道家	utf16
646	relocated_unique	tbl1.pak	0x0172CB6A	0x0172CCB6	Citizen 28	市民28	utf16
647	commented_ambiguous	tbl1.pak	0x0172CCE4		Villain	反派	hits=9
648	relocated_unique	tbl1.pak	0x0172CCF8	0x0172CE44	Villain Spiritualist	反派气功师	utf16
649	commented_ambiguous	tbl1.pak	0x0172CF38		Android 8000	人造人8000	hits=56
650	relocated_unique	tbl1.pak	0x0172CF56	0x0172D0A2	Head of Defense Android	防御人造人的头	utf16
651	relocated_unique	tbl1.pak	0x0172D14A	0x0172D296	Citizen 29	市民29	utf16
652	relocated_unique	tbl1.pak	0x0172D2AC	0x0172D3F8	Citizen 30	市民30	utf16
653	relocated_unique	tbl1.pak	0x0172D31C	0x0172D468	Citizen 31	市民31	utf16
654	relocated_unique	tbl1.pak	0x0172D3C8	0x0172D514	Citizen 32	市民32	utf16
655	relocated_unique	tbl1.pak	0x0172DADC	0x0172DC28	UD-1 Dungeon Manager	UD-1副本管理员	utf16
656	relocated_unique	tbl1.pak	0x0172DB0A	0x0172DC56	UD-2 Dungeon Manager	UD-2副本管理员	utf16
657	relocated_unique	tbl1.pak	0x0172DB38	0x0172DC84	UD-3 Dungeon Manager	UD-3副本管理员	utf16
658	relocated_unique	tbl1.pak	0x0172DB66	0x0172DCB2	UD-4 Dungeon Manager	UD-4副本管理员	utf16
659	relocated_unique	tbl1.pak	0x0172DB94	0x0172DCE0	UD-5 Dungeon Manager	UD-5副本管理员	utf16
660	relocated_unique	tbl1.pak	0x0172DBC2	0x0172DD0E	UD-6 Dungeon Manager	UD-6副本管理员	utf16
661	commented_ambiguous	tbl1.pak	0x0172DBF0		Dungeon Manager	副本管理员	hits=12
668	relocated_unique	tbl1.pak	0x0172DDAA	0x0172DEF6	Citizen 33	市民33	utf16
669	relocated_unique	tbl1.pak	0x0172DE26	0x0172DF72	Citizen 34	市民34	utf16
670	relocated_unique	tbl1.pak	0x0172DED8	0x0172E024	Citizen 35	市民35	utf16
671	relocated_unique	tbl1.pak	0x0172E028	0x0172E174	Pilaf Engineer	皮拉夫工程师	utf16
672	relocated_unique	tbl1.pak	0x0172E86A	0x0172E9B6	Citizen 36	市民36	utf16
673	relocated_unique	tbl1.pak	0x0172E8B2	0x0172E9FE	Citizen 37	市民37	utf16
674	relocated_unique	tbl1.pak	0x0172E91A	0x0172EA66	Citizen 38	市民38	utf16
675	commented_ambiguous	tbl1.pak	0x0172EA60		Giant Rabbit Chief	巨大兔子首领	hits=2
676	relocated_unique	tbl1.pak	0x0172EBC6	0x0172ED12	Citizen 39	市民39	utf16
677	relocated_unique	tbl1.pak	0x0172ECD6	0x0172EE22	Citizen 41	市民41	utf16
678	relocated_unique	tbl1.pak	0x0172EE96	0x0172EFE2	Citizen 42	市民42	utf16
679	relocated_unique	tbl1.pak	0x0172EEE0	0x0172F02C	Citizen 43	市民43	utf16
680	converted_wildcard	tbl1.pak	0x0172EF64	*	Majin Warrior B	魔人战士B	hits=2
681	commented_ambiguous	tbl1.pak	0x0172EF88		Majin Warrior B	魔人战士B	hits=2
682	relocated_unique	tbl1.pak	0x0172EFFE	0x0172F14A	Citizen 44	市民44	utf16
683	relocated_unique	tbl1.pak	0x0172F4B4	0x0172F600	Citizen 45	市民45	utf16
686	relocated_unique	tbl1.pak	0x0172F712	0x0172F85E	Citizen 46	市民46	utf16
687	commented_ambiguous	tbl1.pak	0x0172F984		Adventurer Cuckoo	冒险家咕咕鸡	hits=5
688	relocated_unique	tbl1.pak	0x0172FB3C	0x0172FC88	Citizen 48	市民48	utf16
689	relocated_unique	tbl1.pak	0x0172FEA8	0x0172FFF4	Namekian Artist	那美克星人武道家	utf16
690	relocated_unique	tbl1.pak	0x0172FF78	0x017300C4	Citizen 49	市民49	utf16
691	relocated_unique	tbl1.pak	0x0173022C	0x01730378	Wounded Namekian	受伤那美克星人	utf16
692	relocated_unique	tbl1.pak	0x017302B4	0x01730400	Citizen 50	市民50	utf16
693	relocated_unique	tbl1.pak	0x01730414	0x01730560	Citizen 51	市民51	utf16
694	commented_ambiguous	tbl1.pak	0x017304BE		Wounded Soldier	受伤士兵	hits=2
695	relocated_unique	tbl1.pak	0x01730518	0x01730664	Citizen 52	市民52	utf16
696	relocated_unique	tbl1.pak	0x01730652	0x0173079E	Dragon Clan Magic	那美克龙族魔法	utf16
697	relocated_unique	tbl1.pak	0x0173068C	0x017307D8	Old Adventurer	老旧冒险家	utf16
698	relocated_unique	tbl1.pak	0x0173071A	0x01730866	Citizen 53	市民53	utf16
699	relocated_unique	tbl1.pak	0x0173085A	0x017309A6	Namekian Adventurer	那美克星人冒险家	utf16
700	relocated_unique	tbl1.pak	0x01730886	0x017309D2	Citizen 54	市民54	utf16
701	relocated_unique	tbl1.pak	0x017309E0	0x01730B2C	Citizen 55	市民55	utf16
702	relocated_unique	tbl1.pak	0x01730C26	0x01730D72	Citizen 56	市民56	utf16
703	relocated_unique	tbl1.pak	0x01730D9C	0x01730EE8	Citizen 57	市民57	utf16
704	relocated_unique	tbl1.pak	0x01730EB0	0x01730FFC	Citizen 58	市民58	utf16
705	relocated_unique	tbl1.pak	0x01730FE4	0x01731130	Dragon Clan Mentor Nuws	那美克龙族 Mentor Nuws	utf16
706	commented_ambiguous	tbl1.pak	0x01731018		Dragon Clan Laden	那美克龙族 Laden	hits=2
707	relocated_unique	tbl1.pak	0x01731078	0x017311C4	Dragon Clan Yila	那美克龙族 Yila	utf16
708	relocated_unique	tbl1.pak	0x017310E4	0x01731230	Citizen 59	市民59	utf16
709	relocated_unique	tbl1.pak	0x0173116C	0x017312B8	Dragon Clan Gula	那美克龙族 Gula	utf16
710	relocated_unique	tbl1.pak	0x017311A2	0x017312EE	Citizen 60	市民60	utf16
711	relocated_unique	tbl1.pak	0x01731200	0x0173134C	Dragon Clan Mo	那美克龙族 Mo	utf16
712	relocated_unique	tbl1.pak	0x01731230	0x0173137C	Dragon Clan Shi Pining	那美克龙族 Shi Pining	utf16
713	relocated_unique	tbl1.pak	0x0173129E	0x017313EA	Dragon Clan Parker	那美克龙族 Parker	utf16
714	relocated_unique	tbl1.pak	0x0173131C	0x01731468	Citizen 018	市民018	utf16
715	relocated_unique	tbl1.pak	0x017313A4	0x017314F0	Dragon Clan Trainee Balinda	那美克龙族 Trainee Balinda	utf16
716	relocated_unique	tbl1.pak	0x0173164C	0x01731798	Citizen 019	市民019	utf16
717	commented_ambiguous	tbl1.pak	0x0173250E		New Defense Unit	新防御部队	hits=2
718	relocated_unique	tbl1.pak	0x01732C22	0x01732D6E	Citizen 020	市民020	utf16
719	commented_ambiguous	tbl1.pak	0x01732DC2		Paella	皮拉夫	hits=200
720	commented_ambiguous	tbl1.pak	0x01732F60		Poko Sky Dragon	波可天空龙	hits=5
723	commented_ambiguous	tbl1.pak	0x01733640		Demon King Piccolo	恶魔王比克	hits=7
724	relocated_unique	tbl1.pak	0x017336D0	0x0173381C	Citizen 021	市民021	utf16
725	commented_ambiguous	tbl1.pak	0x01733728		Boo Boo	布欧布欧	hits=2
726	relocated_unique	tbl1.pak	0x0173384C	0x01733998	Citizen 004	市民004	utf16
727	relocated_unique	tbl1.pak	0x01733868	0x017339B4	Citizen 005	市民005	utf16
728	commented_ambiguous	tbl1.pak	0x017338DE		Raditz	拉蒂兹	hits=50
729	relocated_unique	tbl1.pak	0x01733C62	0x01733DAE	Pilaf Robot-001	皮拉夫机器人-001	utf16
730	commented_ambiguous	tbl1.pak	0x01733C86		Pilaf Robot-002	皮拉夫机器人-002	hits=3
731	commented_ambiguous	tbl1.pak	0x01733CAA		Pilaf Robot-003	皮拉夫机器人-003	hits=3
732	commented_ambiguous	tbl1.pak	0x01733E08		King Saibaman	王栽培人	hits=4
733	commented_ambiguous	tbl1.pak	0x0173400E		Brainwashed Soldier	被洗脑士兵	hits=11
734	relocated_unique	tbl1.pak	0x017346F6	0x01734842	Citizen 006	市民006	utf16
737	relocated_unique	tbl1.pak	0x0173498A	0x01734AD6	Pilaf Machine Manager	皮拉夫机器管理员	utf16
738	relocated_unique	tbl1.pak	0x01734C1C	0x01734D68	Kiri Robot Manager	基里机器人管理员	utf16
739	relocated_unique	tbl1.pak	0x017351E8	0x01735334	Citizen 007	市民007	utf16
740	relocated_unique	tbl1.pak	0x0173554A	0x01735696	Citizen 008	市民008	utf16
741	relocated_unique	tbl1.pak	0x0173564A	0x01735796	Citizen 009	市民009	utf16
742	relocated_unique	tbl1.pak	0x01735882	0x017359CE	Citizen 010	市民010	utf16
743	relocated_unique	tbl1.pak	0x0173589E	0x017359EA	Citizen 011	市民011	utf16
744	relocated_unique	tbl1.pak	0x01735BA0	0x01735CEC	Citizen 012	市民012	utf16
745	relocated_unique	tbl1.pak	0x01735FE4	0x01736130	Old Turtle	老旧龟	utf16
746	relocated_unique	tbl1.pak	0x01736318	0x01736464	Citizen 013	市民013	utf16
747	relocated_unique	tbl1.pak	0x01736334	0x01736480	Citizen 014	市民014	utf16
748	relocated_unique	tbl1.pak	0x01736414	0x01736560	Citizen 015	市民015	utf16
749	relocated_unique	tbl1.pak	0x01736430	0x0173657C	Citizen 016	市民016	utf16
750	relocated_unique	tbl1.pak	0x017364AE	0x017365FA	Citizen 017	市民017	utf16
751	relocated_unique	tbl1.pak	0x017364CA	0x01736616	Citizen 001	市民001	utf16
752	relocated_unique	tbl1.pak	0x01736730	0x0173687C	CC Martial Artist Item Trader	CC 武道家 Item Trader	utf16
753	relocated_unique	tbl1.pak	0x01736770	0x017368BC	CC Spiritualist Item Trader	CC 气功师 Item Trader	utf16
754	relocated_unique	tbl1.pak	0x017367AC	0x017368F8	CC Dragon Clan Item Trader	CC 那美克龙族 Item Trader	utf16
755	relocated_unique	tbl1.pak	0x01736854	0x017369A0	CC Wonder Majin Item Trader	CC 意魔人 Item Trader	utf16
756	relocated_unique	tbl1.pak	0x01736A9E	0x01736BEA	Citizen 002	市民002	utf16
757	commented_ambiguous	tbl1.pak	0x017379B0		Legendary Wolf	传说狼	hits=3
758	relocated_unique	tbl1.pak	0x01737B3A	0x01737C86	Citizen 003	市民003	utf16
759	commented_ambiguous	tbl1.pak	0x01737CB2		Yamcha	雅木茶	hits=10
760	relocated_unique	tbl1.pak	0x01737DC2	0x01737F0E	UD-Secret	UD-秘密	utf16
761	relocated_unique	tbl1.pak	0x0174978E	0x017498DA	Warriors use Ax or Claws and Dragon Clan use Scroll and Gems.	Warriors use Ax or Claws and 那美克龙族 use Scroll and Gems.	utf16
762	relocated_unique	tbl1.pak	0x01756154	0x017562A0	HHey, practicing Spiritualist, can I reach the measurements of ten girls?	HHey, practicing 气功师, can I reach the measurements of ten girls?	utf16
767	relocated_unique	tbl1.pak	0x017F2AC0	0x017F2C0C	Giant Namek	巨大那美克	utf16
768	commented_ambiguous	tbl1.pak	0x0180845E		Korin Village	卡林村	hits=47
769	commented_ambiguous	tbl1.pak	0x0180859C		Cell Ring	沙鲁戒指	hits=14
770	commented_ambiguous	tbl1.pak	0x018085B4		Buu Memorial	布欧纪念	hits=68
771	commented_ambiguous	tbl1.pak	0x018085F2		Mushroom Village	蘑菇村	hits=12
772	commented_ambiguous	tbl1.pak	0x01808AF6		Fairy Village	仙女村	hits=7
773	commented_ambiguous	tbl1.pak	0x0180A39E		Yahoi Secret Area	雅霍伊秘密区域	hits=6
774	commented_ambiguous	tbl1.pak	0x0180B000		Axe Rock	斧岩石	hits=16
775	commented_ambiguous	tbl1.pak	0x0180B56E		Diamond Area	钻石区域	hits=5
776	commented_ambiguous	tbl1.pak	0x0180B5E6		Crystal Area	水晶区域	hits=6
777	commented_ambiguous	tbl1.pak	0x0180BBBA		Wild Mushroom Area	狂野蘑菇区域	hits=3
778	commented_ambiguous	tbl1.pak	0x0180BC26		Mushroom Gang Area	蘑菇刚区域	hits=4
779	commented_ambiguous	tbl1.pak	0x0180BCA4		Mysterious Area	神秘区域	hits=6
780	commented_ambiguous	tbl1.pak	0x0180D1D6		Paella's Memorial	皮拉夫的纪念	hits=4
781	commented_ambiguous	tbl1.pak	0x0180D6BC		CC Battle Dungeon	CC战斗副本	hits=62
782	commented_ambiguous	tbl1.pak	0x0180D91C		Pirate Treasure Area	海盗宝藏区域	hits=2
785	relocated_unique	tbl1.pak	0x0181EAE6	0x0181ECBE	Ghost Tail	幽灵尾巴	utf16
788	relocated_unique	tbl1.pak	0x0181EC26	0x0181EDFE	Dragon Frog Skin	龙青蛙皮肤	utf16
789	relocated_unique	tbl1.pak	0x018200C0	0x01820298	Shadow Crystal Wand	暗影水晶短杖	utf16
790	relocated_unique	tbl1.pak	0x01820486	0x0182065E	Golden Axe Head	黄金斧头	utf16
791	relocated_unique	tbl1.pak	0x01820C4A	0x01820E22	Golden Saibaman Skin	黄金栽培人皮肤	utf16
792	relocated_unique	tbl1.pak	0x01821200	0x018213D8	Steel Metal	钢金属	utf16
793	relocated_unique	tbl1.pak	0x018213D8	0x018215B0	Rainbow Mushroom	彩虹蘑菇	utf16
794	relocated_unique	tbl1.pak	0x0182146C	0x01821644	Black Mole Cricket Skin	黑色鼹鼠蟋蟀皮肤	utf16
795	commented_ambiguous	tbl1.pak	0x018215F4		Pilaf Bomb	皮拉夫炸弹	hits=2
796	commented_ambiguous	tbl1.pak	0x01821634		Magic Dragon Egg	魔法龙蛋	hits=2
797	relocated_unique	tbl1.pak	0x018225F6	0x018227CE	Space Machine Parts	空间机器零件	utf16
798	relocated_unique	tbl1.pak	0x01822C84	0x01822E5C	Metal Needle	金属针	utf16
801	relocated_unique	tbl1.pak	0x018233A6	0x0182357E	Ice Saibaman Sample	冰栽培人样品	utf16
802	commented_ambiguous	tbl1.pak	0x0182359E		Tool Box	工具盒	hits=3
803	commented_ambiguous	tbl1.pak	0x0182368A		Red Underwear	红色内衣	hits=4
804	commented_ambiguous	tbl1.pak	0x018237C0		5 Star Dragon Ball	5星龙珠	hits=5
805	relocated_unique	tbl1.pak	0x01823A9E	0x01823C76	Frog Hat	青蛙帽子	utf16
808	relocated_unique	tbl1.pak	0x018240E6	0x018242BE	Saibaman Big Fan	栽培人大扇	utf16
809	relocated_unique	tbl1.pak	0x01824ACE	0x01824CA6	Paella Weapon	皮拉夫武器	utf16
810	relocated_unique	tbl1.pak	0x01824AEE	0x01824CC6	Paella Tool	皮拉夫工具	utf16
811	relocated_unique	tbl1.pak	0x01824C8A	0x01824E62	Robot Wreckage Photo	机器人残骸照片	utf16
812	commented_ambiguous	tbl1.pak	0x01824CFE		Wolf Leather	狼皮革	hits=3
813	relocated_unique	tbl1.pak	0x01824D90	0x01824F68	General's Secret Letter	将军的秘密信	utf16
814	relocated_unique	tbl1.pak	0x018251B4	0x0182538C	Dark Frog Meat	黑暗青蛙肉	utf16
815	relocated_unique	tbl1.pak	0x0182565C	0x01825834	Saibaman Claws	栽培人爪	utf16
816	relocated_unique	tbl1.pak	0x01825B7A	0x01825D52	Chocolate Namekian	巧克力那美克星人	utf16
817	relocated_unique	tbl1.pak	0x01825BF6	0x01825DCE	Elder's Staff	长老的杖	utf16
818	relocated_unique	tbl1.pak	0x01825C16	0x01825DEE	Elder's Fan	长老的扇	utf16
819	relocated_unique	tbl1.pak	0x01825C32	0x01825E0A	Old Namekian Elder	老旧那美克星人长老	utf16
820	relocated_unique	tbl1.pak	0x0182629C	0x01826474	CPU Core	CPU核心	utf16
821	relocated_unique	tbl1.pak	0x01826442	0x0182661A	Robot Dashboard	机器人仪表盘	utf16
822	commented_ambiguous	tbl1.pak	0x018267B2		Wolf Hair	狼发型	hits=3
823	relocated_unique	tbl1.pak	0x018268B6	0x01826A8E	Robot Controller	机器人控制器	utf16
824	relocated_unique	tbl1.pak	0x0182695A	0x01826B32	Fuel Bomb	燃料炸弹	utf16
827	relocated_unique	tbl1.pak	0x01826F2E	0x01827106	Ghost Spirit Soul	幽灵精神灵魂	utf16
828	relocated_unique	tbl1.pak	0x01826F56	0x0182712E	Evil Spirit Soul	邪恶精神灵魂	utf16
829	commented_ambiguous	tbl1.pak	0x0182707C		AI Chip	AI芯片	hits=10
830	relocated_unique	tbl1.pak	0x01827538	0x01827710	Yahoi Treasure	雅霍伊宝藏	utf16
831	commented_ambiguous	tbl1.pak	0x018275B4		Beetle Cell Sample	甲虫沙鲁样品	hits=3
832	commented_ambiguous	tbl1.pak	0x0182764C		Machine Gun	机器枪	hits=6
833	relocated_unique	tbl1.pak	0x01827668	0x01827840	Hot Axe	火辣斧	utf16
834	relocated_unique	tbl1.pak	0x01827912	0x01827AEA	Sweet Liquid	甜液体	utf16
835	relocated_unique	tbl1.pak	0x018279CA	0x01827BA2	Robot Power Generator	机器人力量发生器	utf16
836	relocated_unique	tbl1.pak	0x01827B42	0x01827D1A	Needle Saibaman Skin	针栽培人皮肤	utf16
837	relocated_unique	tbl1.pak	0x01827CAA	0x01827E82	Needle Saibaman Needle	针栽培人针	utf16
840	commented_ambiguous	tbl1.pak	0x0182883A		Robot's Gun	机器人的枪	hits=2
841	commented_ambiguous	tbl1.pak	0x01828960		Robot AI Chip	机器人AI芯片	hits=6
842	relocated_unique	tbl1.pak	0x01828980	0x01828B58	Kiri-Robot AI Chip	基里-机器人AI芯片	utf16
843	commented_ambiguous	tbl1.pak	0x01828C56		Guard Robot AI Chip	守卫机器人AI芯片	hits=2
844	commented_ambiguous	tbl1.pak	0x01829174		Supply Box	补给盒	hits=19
845	commented_ambiguous	tbl1.pak	0x018292BC		Blue Liquid	蓝色液体	hits=2
846	commented_ambiguous	tbl1.pak	0x01829548		Robot's Memory	机器人的存储器	hits=3
847	relocated_unique	tbl1.pak	0x018296B0	0x01829888	Helmet Material	头盔材料	utf16
848	commented_ambiguous	tbl1.pak	0x0182990A		Wind Saibaman Fan	风栽培人扇	hits=2
849	relocated_unique	tbl1.pak	0x01829A32	0x01829C0A	Steel Club	钢棒	utf16
850	relocated_unique	tbl1.pak	0x01829A4C	0x01829C24	Tiger Skin	老虎皮肤	utf16
851	commented_ambiguous	tbl1.pak	0x01829B8E		Robot Parts	机器人零件	hits=8
854	relocated_unique	tbl1.pak	0x01829C62	0x01829E3A	White Saibaman Skin	白色栽培人皮肤	utf16
855	relocated_unique	tbl1.pak	0x01829CB8	0x01829E90	Head-Wind Saibaman Fan	头-风栽培人扇	utf16
856	relocated_unique	tbl1.pak	0x0182A04E	0x0182A226	Combat Memory	战斗存储器	utf16
857	commented_ambiguous	tbl1.pak	0x0182A0B0		Power Chip	力量芯片	hits=2
860	relocated_unique	tbl1.pak	0x0182A454	0x0182A62C	Pilaf Machine Wreckage	皮拉夫机器残骸	utf16
861	relocated_unique	tbl1.pak	0x0182A486	0x0182A65E	Wild Herbs	狂野药草	utf16
862	relocated_unique	tbl1.pak	0x0182A4A0	0x0182A678	Iron Box	铁盒	utf16
863	relocated_unique	tbl1.pak	0x0182A5B4	0x0182A78C	Short Circuit Chip	短电路芯片	utf16
864	relocated_unique	tbl1.pak	0x0182A5FC	0x0182A7D4	New Power Chip	新力量芯片	utf16
865	commented_ambiguous	tbl1.pak	0x0182A656		Mole Cricket Cell Sample	鼹鼠蟋蟀沙鲁样品	hits=2
866	relocated_unique	tbl1.pak	0x0182A68C	0x0182A864	Beetle's Cell Sample	甲虫的沙鲁样品	utf16
867	relocated_unique	tbl1.pak	0x0182B75C	0x0182B934	Mira Military Robot Parts	米拉军用机器人零件	utf16
868	relocated_unique	tbl1.pak	0x0182B8DA	0x0182BAB2	Narak's Magic	那拉克的魔法	utf16
871	commented_ambiguous	tbl1.pak	0x0182BB20		Yellow Dye	黄色染色	hits=2
872	relocated_unique	tbl1.pak	0x0182BF72	0x0182C14A	Saibaman Extract	栽培人萃取物	utf16
873	relocated_unique	tbl1.pak	0x0182BFC4	0x0182C19C	Scarlet Dye	绯红染色	utf16
874	relocated_unique	tbl1.pak	0x0182BFE0	0x0182C1B8	Black Dye	黑色染色	utf16
875	commented_ambiguous	tbl1.pak	0x0182C220		High-Class Robot Part	高级-职业机器人零件	hits=3
876	relocated_unique	tbl1.pak	0x0182C46A	0x0182C642	Capsule Corp Machine	胶囊公司机器	utf16
877	relocated_unique	tbl1.pak	0x0182C5A4	0x0182C77C	Android Power Device	人造人力量装置	utf16
878	relocated_unique	tbl1.pak	0x0182C8BA	0x0182CA92	Alien Detoxification Kit	异星解毒工具包	utf16
879	commented_ambiguous	tbl1.pak	0x0182C938		Black Box	黑色盒	hits=6
880	commented_ambiguous	tbl1.pak	0x0182CB54		Mushroom Box	蘑菇盒	hits=4
881	commented_ambiguous	tbl1.pak	0x0182CC46		Sparkling Water	闪耀水	hits=2
884	relocated_unique	tbl1.pak	0x0182D252	0x0182D42A	Popo Pound Cell	波波重击沙鲁	utf16
887	commented_ambiguous	tbl1.pak	0x0182D78A		Wild Mushroom	狂野蘑菇	hits=6
888	commented_ambiguous	tbl1.pak	0x0182D7C4		Dragon Stone	龙石	hits=2
889	relocated_unique	tbl1.pak	0x0182DD54	0x0182DF2C	Paella Chest	皮拉夫胸甲	utf16
890	commented_ambiguous	tbl1.pak	0x0182DFEE		Dragon Egg	龙蛋	hits=6
891	relocated_unique	tbl1.pak	0x0182E272	0x0182E44A	Dragon's Claws	龙的爪	utf16
892	converted_wildcard	tbl1.pak	0x0182E6F0	*	Broken Dragon Clan Staff	Broken 那美克龙族 Staff	hits=2
893	relocated_unique	tbl1.pak	0x0182EBE4	0x0182EDBC	Family Necklace Photo	家族项链照片	utf16
894	relocated_unique	tbl1.pak	0x0182F052	0x0182F22A	King's Letter	王的信	utf16
895	commented_ambiguous	tbl1.pak	0x0182F5EE		Octopus Skin	章鱼皮肤	hits=2
896	relocated_unique	tbl1.pak	0x0183104C	0x01831224	Namek Warrior Caleb's very heavy bag.	那美克战士 Caleb's very heavy bag.	utf16
897	relocated_unique	tbl1.pak	0x0183109C	0x01831274	Namek Warrior Cleru's delicious pineapple.	那美克战士 Cleru's delicious pineapple.	utf16
898	relocated_unique	tbl1.pak	0x01831A70	0x01831C48	Namek Warrior Howe's entrusted letter.	那美克战士 Howe's entrusted letter.	utf16
899	relocated_unique	tbl1.pak	0x018347FA	0x018349D2	Red Crystal	红色水晶	utf16
900	relocated_unique	tbl1.pak	0x0183751A	0x018376F2	Big Metal Bucket	大金属桶	utf16
901	relocated_unique	tbl1.pak	0x0183DE7C	0x0183E054	CCloak, handed over from  legendary\nNamek Warrior Mr. P. to Gullah.	CCloak, handed over from  legendary\n那美克战士 Mr. P. to Gullah.	utf16
902	relocated_unique	tbl1.pak	0x0185DF82	0x0185E15A	Very old Dragon Clan Staff.	Very old 那美克龙族 Staff.	utf16
903	commented_ambiguous	tbl1.pak	0x0186B754		Capsule Box	盒胶囊	hits=99
904	relocated_unique	tbl1.pak	0x0186B850	0x0186BA28	Alternate Key	异色钥匙	utf16
915	relocated_unique	tbl1.pak	0x01879110	0x018792E8	Old Cell Ring	老旧沙鲁戒指	utf16
916	relocated_unique	tbl1.pak	0x01879130	0x01879308	New Cell Ring	新沙鲁戒指	utf16
917	relocated_unique	tbl1.pak	0x0187972E	0x01879906	CC Life Material	CC生命材料	utf16
920	commented_ambiguous	tbl1.pak	0x018C9AE0		Soul King	灵魂王	hits=4
921	relocated_unique	tbl1.pak	0x018C9D2A	0x018C9F02	Red Fury	红色狂怒	utf16
922	commented_ambiguous	tbl1.pak	0x018C9F8C		Dragon Fury	龙狂怒	hits=3
923	commented_ambiguous	tbl1.pak	0x018CA0FA		Noble Soul	贵族灵魂	hits=2
924	relocated_unique	tbl1.pak	0x018CA29A	0x018CA472	Ultimate Combo	终极连击	utf16
925	commented_ambiguous	tbl1.pak	0x018CA388		Happy Halloween	快乐万圣节	hits=6
928	kept_valid	tbl1.pak	0x012109CD	0x012109CD	HEN Buff 50400 Lv1	HEN增益50400Lv1	utf16
929	kept_valid	tbl1.pak	0x01210B29	0x01210B29	HEN Buff 50400 Lv2	HEN增益50400Lv2	utf16
930	kept_valid	tbl1.pak	0x01210C85	0x01210C85	HEN Buff 50400 Lv3	HEN增益50400Lv3	utf16
931	kept_valid	tbl1.pak	0x01210DE1	0x01210DE1	HEN Buff 50400 Lv4	HEN增益50400Lv4	utf16
932	kept_valid	tbl1.pak	0x01210F3D	0x01210F3D	HEN Buff 50410 Lv1	HEN增益50410Lv1	utf16
933	kept_valid	tbl1.pak	0x01211099	0x01211099	HEN Buff 50410 Lv2	HEN增益50410Lv2	utf16
934	kept_valid	tbl1.pak	0x012111F5	0x012111F5	HEN Buff 50410 Lv3	HEN增益50410Lv3	utf16
935	kept_valid	tbl1.pak	0x01211351	0x01211351	HEN Buff 50410 Lv4	HEN增益50410Lv4	utf16
936	kept_valid	tbl1.pak	0x012114AD	0x012114AD	HEN Buff 50420 Lv1	HEN增益50420Lv1	utf16
937	kept_valid	tbl1.pak	0x01211609	0x01211609	HEN Buff 50420 Lv2	HEN增益50420Lv2	utf16
938	kept_valid	tbl1.pak	0x01211765	0x01211765	HEN Buff 50420 Lv3	HEN增益50420Lv3	utf16
939	kept_valid	tbl1.pak	0x012118C1	0x012118C1	HEN Buff 50420 Lv4	HEN增益50420Lv4	utf16
940	kept_valid	tbl1.pak	0x01211A1D	0x01211A1D	HEN Buff 50430 Lv1	HEN增益50430Lv1	utf16
941	kept_valid	tbl1.pak	0x01211B79	0x01211B79	HEN Buff 50430 Lv2	HEN增益50430Lv2	utf16
942	kept_valid	tbl1.pak	0x01211CD5	0x01211CD5	HEN Buff 50430 Lv3	HEN增益50430Lv3	utf16
943	kept_valid	tbl1.pak	0x01211E31	0x01211E31	HEN Buff 50430 Lv4	HEN增益50430Lv4	utf16
944	kept_valid	tbl1.pak	0x01211F8D	0x01211F8D	HEN Buff 50440 Lv1	HEN增益50440Lv1	utf16
945	kept_valid	tbl1.pak	0x012120E9	0x012120E9	HEN Buff 50440 Lv2	HEN增益50440Lv2	utf16
946	kept_valid	tbl1.pak	0x01212245	0x01212245	HEN Buff 50440 Lv3	HEN增益50440Lv3	utf16
947	kept_valid	tbl1.pak	0x012123A1	0x012123A1	HEN Buff 50440 Lv4	HEN增益50440Lv4	utf16
948	kept_valid	tbl1.pak	0x0121459D	0x0121459D	Dragon Clan Transformation	那美克龙族 Transformation	utf16
949	kept_valid	tbl1.pak	0x012149B1	0x012149B1	SSJ GOD Spiritualist	SSJ GOD 气功师	utf16
950	kept_valid	tbl1.pak	0x01214DC5	0x01214DC5	SSJ2 Spiritualist	SSJ2 气功师	utf16
951	kept_valid	tbl1.pak	0x0121507D	0x0121507D	SSJ4 Spiritualist	SSJ4 气功师	utf16
952	kept_valid	tbl1.pak	0x012151D9	0x012151D9	Super Buu Might	超级布欧大	utf16
953	kept_valid	tbl1.pak	0x01215491	0x01215491	Ozaru Spiritualist	大猿气功师	utf16
954	kept_valid	tbl1.pak	0x01215749	0x01215749	Super Buu Wonder	超级布欧意	utf16
955	kept_valid	tbl1.pak	0x01215A01	0x01215A01	Gotenks Buu Might	悟天克斯布欧大	utf16
956	kept_valid	tbl1.pak	0x01215B5D	0x01215B5D	Gotenks Buu Wonder	悟天克斯布欧意	utf16
957	kept_valid	tbl1.pak	0x01215CB9	0x01215CB9	Dark Namek Warrior	黑暗那美克战士	utf16
958	kept_valid	tbl1.pak	0x01215E15	0x01215E15	Dark Namek Dragon Clan	黑暗那美克龙族	utf16
959	kept_valid	tbl1.pak	0x01225169	0x01225169	SSJ Blue Spiritualist	SSJ Blue 气功师	utf16
960	kept_valid	tbl1.pak	0x01238B6D	0x01238B6D	SS3 Might	超级赛亚人3大	utf16
961	kept_valid	tbl1.pak	0x01238CC9	0x01238CC9	SS3 Wonder	超级赛亚人3意	utf16
962	kept_valid	tbl1.pak	0x0123B021	0x0123B021	Orange Muscle Dragon Clan	Orange Muscle 那美克龙族	utf16
963	kept_valid	tbl1.pak	0x0125A9D1	0x0125A9D1	Daima SS4 Spiritualist	Daima SS4 气功师	utf16
964	kept_valid	tbl1.pak	0x0125AB2D	0x0125AB2D	Imperator Namek Warrior	帝王那美克战士	utf16
965	kept_valid	tbl1.pak	0x0125AC89	0x0125AC89	Imperator Namek Dragon Clan	帝王那美克龙族	utf16
966	kept_valid	tbl1.pak	0x0125ADE5	0x0125ADE5	Xeno Majin Might	异次元魔人大	utf16
967	kept_valid	tbl1.pak	0x0125AF41	0x0125AF41	Xeno Majin Wonder	异次元魔人意	utf16
968	kept_valid	tbl1.pak	0x01262429	0x01262429	SSJ3 Spiritualist	SSJ3 气功师	utf16
969	kept_valid	tbl1.pak	0x01272671	0x01272671	Turtle	龟	utf16
970	kept_valid	tbl1.pak	0x012843E9	0x012843E9	Buff SK 85	增益SK85	utf16
973	kept_valid	tbl1.pak	0x012B6CBD	0x012B6CBD	Golden Ozaru	黄金大猿	utf16
974	kept_valid	tbl1.pak	0x012B6E19	0x012B6E19	Golden Ozaru Spiritualist	黄金大猿气功师	utf16
975	relocated_unique	tbl1.pak	0x012D5DC7	0x012D5E73	Dark Devil's Silver Coin	黑暗魔鬼的银色硬币	utf16
976	relocated_unique	tbl1.pak	0x012D5EE1	0x012D5F8D	Dark Devil's Gold Coin	黑暗魔鬼的黄金硬币	utf16
977	relocated_unique	tbl1.pak	0x012D5FEF	0x012D609B	Dark Devil Silver Coin Title	黑暗魔鬼银色硬币称号	utf16
978	relocated_unique	tbl1.pak	0x012D8805	0x012D88B1	Blessed Chest	祝福胸甲	utf16
979	relocated_unique	tbl1.pak	0x012D888F	0x012D893B	Wind Chest	风胸甲	utf16
980	relocated_unique	tbl1.pak	0x012D890D	0x012D89B9	Hot Chest A	火辣胸甲A	utf16
981	relocated_unique	tbl1.pak	0x012D898D	0x012D8A39	Hot Chest B	火辣胸甲B	utf16
984	relocated_unique	tbl1.pak	0x012D96E1	0x012D978D	Powerful Treasure Chest A	强力宝箱A	utf16
985	relocated_unique	tbl1.pak	0x012D9785	0x012D9831	Kami's Chest A	天神的胸甲A	utf16
986	relocated_unique	tbl1.pak	0x012D97A7	0x012D9853	Old Chest	老旧胸甲	utf16
987	relocated_unique	tbl1.pak	0x012D9805	0x012D98B1	Powerful Treasure Chest B	强力宝箱B	utf16
988	relocated_unique	tbl1.pak	0x012D983D	0x012D98E9	Powerful Treasure Chest C	强力宝箱C	utf16
989	commented_ambiguous	tbl1.pak	0x012D9951		Mysterious Treasure Chest B	神秘宝箱B	hits=2
990	commented_ambiguous	tbl1.pak	0x012D998D		Mysterious Treasure Chest C	神秘宝箱C	hits=2
991	relocated_unique	tbl1.pak	0x012D99C9	0x012D9A75	Powerful Treasure Chest D	强力宝箱D	utf16
992	commented_ambiguous	tbl1.pak	0x012D9A6F		Mysterious Treasure Chest D	神秘宝箱D	hits=2
993	relocated_unique	tbl1.pak	0x012DA26D	0x012DA319	Red Dye	红色染色	utf16
994	relocated_unique	tbl1.pak	0x012DA3DD	0x012DA489	Green Dye	绿色染色	utf16
995	commented_ambiguous	tbl1.pak	0x012DA43D		Blue Dye	蓝色染色	hits=2
996	relocated_unique	tbl1.pak	0x012DA4D9	0x012DA585	Purple Dye	紫色染色	utf16
997	relocated_unique	tbl1.pak	0x012DBCB1	0x012DBD5D	Korin Ring	卡林戒指	utf16
1004	commented_ambiguous	tbl1.pak	0x012DC675		CC Magic Pill S	CC魔法药丸S	hits=4
1005	commented_ambiguous	tbl1.pak	0x012DC7F9		CC Magic Pill M	CC魔法药丸M	hits=5
1006	commented_ambiguous	tbl1.pak	0x012DC8EF		CC Magic Pill L	CC魔法药丸L	hits=9
1007	commented_ambiguous	tbl1.pak	0x012DC9AB		CC Magic Pill X	CC魔法药丸X	hits=2
1008	commented_ambiguous	tbl1.pak	0x012DCC95		Smoked Tilapia	烟熏罗非鱼	hits=4
1009	relocated_unique	tbl1.pak	0x012DD14B	0x012DD1F7	Medicinal Herbs	药用药草	utf16
1010	commented_ambiguous	tbl1.pak	0x012DD8D9		Plump Chocolate	饱满巧克力	hits=4
1011	commented_ambiguous	tbl1.pak	0x012DDC1D		Sparkling Pudding	闪耀布丁	hits=4
1012	commented_ambiguous	tbl1.pak	0x012DDF8B		Energy Drink	气功饮料	hits=4
1013	commented_ambiguous	tbl1.pak	0x012DE06B		Mineral Drink	矿石饮料	hits=5
1014	commented_ambiguous	tbl1.pak	0x012DE151		Cosmo Drink	宇宙饮料	hits=4
1015	commented_ambiguous	tbl1.pak	0x012DE235		Green Bull	绿色公牛	hits=2
1018	relocated_unique	tbl1.pak	0x012DE533	0x012DE5DF	Energy Club Drink	气功棒饮料	utf16
1019	commented_ambiguous	tbl1.pak	0x012DE617		Medicinal Water	药用水	hits=4
1020	commented_ambiguous	tbl1.pak	0x012DE6EB		Leaf Water	叶水	hits=4
1021	commented_ambiguous	tbl1.pak	0x012DE7B7		Ice Water	冰水	hits=4
1022	commented_ambiguous	tbl1.pak	0x012DE9F3		Pure Water	纯粹水	hits=2
1023	commented_ambiguous	tbl1.pak	0x012DEEE1		Cream Soda	奶油苏打	hits=4
1026	commented_ambiguous	tbl1.pak	0x012DF34D		Great Detoxification Capsule	巨大解毒胶囊	hits=2
1029	commented_ambiguous	tbl1.pak	0x012E1359		HL Life Pill X	HL生命药丸X	hits=17
1030	commented_ambiguous	tbl1.pak	0x012E13FF		HL Life Pill Y	HL生命药丸Y	hits=6
1031	commented_ambiguous	tbl1.pak	0x012E14BF		HL Magic Pill X	HL魔法药丸X	hits=21
1032	commented_ambiguous	tbl1.pak	0x012E1569		HL Magic Pill Y	HL魔法药丸Y	hits=5
1033	commented_ambiguous	tbl1.pak	0x012E1921		HL Life Pill X-S	HL生命药丸X-S	hits=5
1034	commented_ambiguous	tbl1.pak	0x012E19BF		HL Life Pill Y-S	HL生命药丸Y-S	hits=3
1035	commented_ambiguous	tbl1.pak	0x012E1A83		HL Magic Pill X-S	HL魔法药丸X-S	hits=5
1036	commented_ambiguous	tbl1.pak	0x012E1B25		HL Magic Pill Y-S	HL魔法药丸Y-S	hits=3
1037	commented_ambiguous	tbl1.pak	0x012E1D2B		HL Detoxification Pill S	HL解毒药丸S	hits=3
1038	commented_ambiguous	tbl1.pak	0x012E1DA5		HL Pain Treatment Pill S	HL疼痛治疗药丸S	hits=3
1039	commented_ambiguous	tbl1.pak	0x012E20F9		Energy Potion	气功药水	hits=33
1040	commented_ambiguous	tbl1.pak	0x012E216F		Soul Potion	灵魂药水	hits=10
1043	commented_ambiguous	tbl1.pak	0x012E3031		HL Life Pill Z	HL生命药丸Z	hits=12
1044	commented_ambiguous	tbl1.pak	0x012E30DB		HL Life Pill Z-S	HL生命药丸Z-S	hits=4
1045	commented_ambiguous	tbl1.pak	0x012E3189		HL Magic Pill Z	HL魔法药丸Z	hits=10
1046	commented_ambiguous	tbl1.pak	0x012E3237		HL Magic Pill Z-S	HL魔法药丸Z-S	hits=3
1047	relocated_unique	tbl1.pak	0x012EBD69	0x012EBE15	Basic Capsule Kit	基础胶囊工具包	utf16
1048	relocated_unique	tbl1.pak	0x012EC1C3	0x012EC26F	Red Capsule Box N4	红色胶囊盒N4	utf16
1049	commented_ambiguous	tbl1.pak	0x012EC7E3		Upgrade Stone U15	升级石U15	hits=2
1050	relocated_unique	tbl1.pak	0x012EC917	0x012EC9C3	Pure Upgrade Stone U15	纯粹升级石U15	utf16
1051	relocated_unique	tbl1.pak	0x012ECA59	0x012ECB05	Black Downgrade Stone U15	黑色降级石U15	utf16
1054	commented_ambiguous	tbl1.pak	0x012ECBFD		Pure Upgrade Stone	纯粹升级石	hits=2
1055	commented_ambiguous	tbl1.pak	0x012ECCCF		Black Downgrade Stone	黑色降级石	hits=2
1056	commented_ambiguous	tbl1.pak	0x012ECDA7		Special Upgrade Stone	特殊升级石	hits=2
1057	commented_ambiguous	tbl1.pak	0x012ED3B3		Life Spirit Stone	生命精神石	hits=2
1058	commented_ambiguous	tbl1.pak	0x012ED45B		Energy Spirit Stone	气功精神石	hits=2
1059	relocated_unique	tbl1.pak	0x012ED6D3	0x012ED77F	Upgrade Stone U25	升级石U25	utf16
1060	commented_ambiguous	tbl1.pak	0x012ED885		1 Star Dragon Ball	1星龙珠	hits=3
1061	commented_ambiguous	tbl1.pak	0x012ED971		2 Star Dragon Ball	2星龙珠	hits=4
1062	commented_ambiguous	tbl1.pak	0x012EDA5D		3 Star Dragon Ball	3星龙珠	hits=4
1063	commented_ambiguous	tbl1.pak	0x012EDB49		4 Star Dragon Ball	4星龙珠	hits=11
1064	commented_ambiguous	tbl1.pak	0x012EDD21		6 Star Dragon Ball	6星龙珠	hits=4
1065	commented_ambiguous	tbl1.pak	0x012EDE0D		7 Star Dragon Ball	7星龙珠	hits=3
1066	relocated_unique	tbl1.pak	0x012EFD63	0x012EFE0F	Ancient Staff	古代杖	utf16
1069	commented_ambiguous	tbl1.pak	0x012F0215		Purple Crystal Staff	紫色水晶杖	hits=2
1070	commented_ambiguous	tbl1.pak	0x012F0981		Red Flame Scroll	红色火焰卷轴	hits=2
1071	commented_ambiguous	tbl1.pak	0x012F0BA5		Red Magic Flame Gem	红色魔法火焰宝石	hits=2
1072	converted_wildcard	tbl1.pak	0x012F108D	*	Warrior Sword	那美克战士剑	hits=2
1073	commented_ambiguous	tbl1.pak	0x012F1247		Green Jade Wand	绿色翡翠短杖	hits=3
1074	commented_ambiguous	tbl1.pak	0x012F12B9		Turtle Wand	龟短杖	hits=4
1092	relocated_unique	tbl1.pak	0x012F69BD	0x012F6A69	Black Frog Meat	黑色青蛙肉	utf16
1093	relocated_unique	tbl1.pak	0x012FD40D	0x012FD4B9	HCostume provided for kids at the\nbeginnings of Martial Artist training.	HCostume provided for kids at the\nbeginnings of 武道家 training.	utf16
1094	converted_wildcard	tbl1.pak	0x012FE319	*	ZMartial Artist tops made with human made\nfibre copied from firm skin tissues of namekian.	Z武道家 tops made with human made\nfibre copied from firm skin tissues of namekian.	hits=3
1095	commented_ambiguous	tbl1.pak	0x012FE3FD		ZMartial Artist tops made with human made\nfibre copied from firm skin tissues of namekian.	Z武道家 tops made with human made\nfibre copied from firm skin tissues of namekian.	hits=3
1096	commented_ambiguous	tbl1.pak	0x012FE4E1		ZMartial Artist tops made with human made\nfibre copied from firm skin tissues of namekian.	Z武道家 tops made with human made\nfibre copied from firm skin tissues of namekian.	hits=3
1097	relocated_unique	tbl1.pak	0x0130A767	0x0130A813	Yamcha's Outfit	雅木茶的套装	utf16
1098	relocated_unique	tbl1.pak	0x0130A85B	0x0130A907	Kami's Outfit	天神的套装	utf16
1099	commented_ambiguous	tbl1.pak	0x0130AAE7		Android 16 Outfit	人造人16套装	hits=5
1124	relocated_unique	tbl1.pak	0x0130FE8B	0x0130FF37	Z-Warrior Outfit	Z-战士套装	utf16
1125	commented_ambiguous	tbl1.pak	0x013108C5		Chocolate Namek	巧克力那美克	hits=2
1126	commented_ambiguous	tbl1.pak	0x01311F1B		Treasure Chest A	宝箱A	hits=7
1127	relocated_unique	tbl1.pak	0x01311FF7	0x013120A3	Fancy Treasure Chest A	华丽宝箱A	utf16
1128	relocated_unique	tbl1.pak	0x01312067	0x01312113	Mysterious Treasure Chest A	神秘宝箱A	utf16
1131	commented_ambiguous	tbl1.pak	0x01312133		Treasure Key	宝藏钥匙	hits=2
1132	relocated_unique	tbl1.pak	0x013121C7	0x01312273	General Key	将军钥匙	utf16
1133	commented_ambiguous	tbl1.pak	0x0131222D		Treasure Chest B	宝箱B	hits=8
1134	commented_ambiguous	tbl1.pak	0x01312285		Treasure Chest C	宝箱C	hits=8
1135	relocated_unique	tbl1.pak	0x013123E5	0x01312491	Fancy Treasure Chest B	华丽宝箱B	utf16
1136	relocated_unique	tbl1.pak	0x0131245D	0x01312509	Fancy Treasure Chest C	华丽宝箱C	utf16
1137	commented_ambiguous	tbl1.pak	0x013125C5		Treasure Chest D	宝箱D	hits=9
1138	relocated_unique	tbl1.pak	0x01312681	0x0131272D	Fancy Treasure Chest D	华丽宝箱D	utf16
1139	relocated_unique	tbl1.pak	0x01312B2F	0x01312BDB	GM Mask	GM面具	utf16
1146	relocated_unique	tbl1.pak	0x0131A41B	0x0131A4C7	Short Circuit Device	短电路装置	utf16
1153	commented_ambiguous	tbl1.pak	0x01328F01		Pirate Treasure Chest	海盗宝箱	hits=2
1154	commented_ambiguous	tbl1.pak	0x01329071		Gold Chest	黄金胸甲	hits=18
1157	commented_ambiguous	tbl1.pak	0x01329615		Ring Capsule	戒指胶囊	hits=2
1158	commented_ambiguous	tbl1.pak	0x0132A093		BD Capsule	BD胶囊	hits=2
1159	relocated_unique	tbl1.pak	0x0132AFF5	0x0132B0A1	God's Dragon Clan Gift	God's 那美克龙族 Gift	utf16
1160	relocated_unique	tbl1.pak	0x0132B1E1	0x0132B28D	God's Spiritualist Gift	God's 气功师 Gift	utf16
1161	relocated_unique	tbl1.pak	0x0132B3D1	0x0132B47D	God's Wonder Majin Gift	God's 意魔人 Gift	utf16
1162	commented_ambiguous	tbl1.pak	0x0133D92D		Weapon Upgrade Stone	武器升级石	hits=180
1165	commented_ambiguous	tbl1.pak	0x0133DCB7		Weapon Upgrade Stone U6	武器升级石U6	hits=37
1166	commented_ambiguous	tbl1.pak	0x0133DE1D		Weapon Upgrade Stone U11	武器升级石U11	hits=2
1167	commented_ambiguous	tbl1.pak	0x0133DF87		Weapon Upgrade Stone U16	武器升级石U16	hits=6
1168	commented_ambiguous	tbl1.pak	0x0133E0F1		Weapon Upgrade Stone U21	武器升级石U21	hits=6
1169	commented_ambiguous	tbl1.pak	0x0133E25B		Weapon Upgrade Stone U26	武器升级石U26	hits=6
1170	commented_ambiguous	tbl1.pak	0x0133E3C5		Weapon Upgrade Stone U30	武器升级石U30	hits=12
1171	commented_ambiguous	tbl1.pak	0x0133E52F		Weapon Upgrade Stone U34	武器升级石U34	hits=4
1172	commented_ambiguous	tbl1.pak	0x0133E699		Weapon Upgrade Stone U38	武器升级石U38	hits=4
1173	commented_ambiguous	tbl1.pak	0x0133E803		Weapon Upgrade Stone U42	武器升级石U42	hits=7
1174	commented_ambiguous	tbl1.pak	0x0133E96D		Weapon Upgrade Stone U46	武器升级石U46	hits=7
1175	commented_ambiguous	tbl1.pak	0x0133EAD7		Weapon Upgrade Stone U50	武器升级石U50	hits=17
1176	commented_ambiguous	tbl1.pak	0x0133EC41		Weapon Upgrade Stone U53	武器升级石U53	hits=15
1177	commented_ambiguous	tbl1.pak	0x0133EDAB		Weapon Upgrade Stone U55	武器升级石U55	hits=16
1178	commented_ambiguous	tbl1.pak	0x0133EF15		Weapon Upgrade Stone U58	武器升级石U58	hits=2
1179	commented_ambiguous	tbl1.pak	0x0133F07F		Weapon Upgrade Stone U60	武器升级石U60	hits=31
1180	commented_ambiguous	tbl1.pak	0x0133F1E9		Weapon Upgrade Stone U65	武器升级石U65	hits=4
1181	commented_ambiguous	tbl1.pak	0x0133F353		Weapon Upgrade Stone U70	武器升级石U70	hits=22
1182	commented_ambiguous	tbl1.pak	0x01340F2B		Advanced Weapon Upgrade Stone U6	高级武器升级石U6	hits=27
1183	relocated_unique	tbl1.pak	0x01341053	0x013410FF	Advanced Weapon Upgrade Stone U11	高级武器升级石U11	utf16
1184	commented_ambiguous	tbl1.pak	0x0134117F		Advanced Weapon Upgrade Stone U16	高级武器升级石U16	hits=3
1185	commented_ambiguous	tbl1.pak	0x013412AB		Advanced Weapon Upgrade Stone U21	高级武器升级石U21	hits=3
1186	commented_ambiguous	tbl1.pak	0x013413D7		Advanced Weapon Upgrade Stone U26	高级武器升级石U26	hits=3
1187	commented_ambiguous	tbl1.pak	0x01341503		Advanced Weapon Upgrade Stone U30	高级武器升级石U30	hits=5
1188	commented_ambiguous	tbl1.pak	0x0134162F		Advanced Weapon Upgrade Stone U34	高级武器升级石U34	hits=2
1189	commented_ambiguous	tbl1.pak	0x0134175B		Advanced Weapon Upgrade Stone U38	高级武器升级石U38	hits=2
1190	commented_ambiguous	tbl1.pak	0x01341887		Advanced Weapon Upgrade Stone U42	高级武器升级石U42	hits=5
1191	commented_ambiguous	tbl1.pak	0x013419B3		Advanced Weapon Upgrade Stone U46	高级武器升级石U46	hits=5
1192	commented_ambiguous	tbl1.pak	0x01341ADF		Advanced Weapon Upgrade Stone U50	高级武器升级石U50	hits=12
1193	commented_ambiguous	tbl1.pak	0x01341C0B		Advanced Weapon Upgrade Stone U53	高级武器升级石U53	hits=11
1194	commented_ambiguous	tbl1.pak	0x01341D37		Advanced Weapon Upgrade Stone U55	高级武器升级石U55	hits=12
1195	relocated_unique	tbl1.pak	0x01341E63	0x01341F0F	Advanced Weapon Upgrade Stone U58	高级武器升级石U58	utf16
1196	commented_ambiguous	tbl1.pak	0x01341F8F		Advanced Weapon Upgrade Stone U60	高级武器升级石U60	hits=24
1197	commented_ambiguous	tbl1.pak	0x013420BB		Advanced Weapon Upgrade Stone U65	高级武器升级石U65	hits=2
1198	commented_ambiguous	tbl1.pak	0x013421E7		Advanced Weapon Upgrade Stone U70	高级武器升级石U70	hits=17
1199	commented_ambiguous	tbl1.pak	0x013436B7		Weapon Downgrade Stone U6	武器降级石U6	hits=3
1200	relocated_unique	tbl1.pak	0x01343821	0x013438CD	Weapon Downgrade Stone U11	武器降级石U11	utf16
1201	commented_ambiguous	tbl1.pak	0x0134398F		Weapon Downgrade Stone U16	武器降级石U16	hits=2
1202	commented_ambiguous	tbl1.pak	0x01343AFD		Weapon Downgrade Stone U21	武器降级石U21	hits=2
1203	commented_ambiguous	tbl1.pak	0x01343C6B		Weapon Downgrade Stone U26	武器降级石U26	hits=2
1204	commented_ambiguous	tbl1.pak	0x01343DD9		Weapon Downgrade Stone U30	武器降级石U30	hits=2
1205	relocated_unique	tbl1.pak	0x01343F47	0x01343FF3	Weapon Downgrade Stone U34	武器降级石U34	utf16
1206	relocated_unique	tbl1.pak	0x013440B5	0x01344161	Weapon Downgrade Stone U38	武器降级石U38	utf16
1207	relocated_unique	tbl1.pak	0x01344223	0x013442CF	Weapon Downgrade Stone U42	武器降级石U42	utf16
1208	relocated_unique	tbl1.pak	0x01344391	0x0134443D	Weapon Downgrade Stone U46	武器降级石U46	utf16
1209	relocated_unique	tbl1.pak	0x013444FF	0x013445AB	Weapon Downgrade Stone U50	武器降级石U50	utf16
1210	relocated_unique	tbl1.pak	0x0134466D	0x01344719	Weapon Downgrade Stone U53	武器降级石U53	utf16
1211	relocated_unique	tbl1.pak	0x013447DB	0x01344887	Weapon Downgrade Stone U55	武器降级石U55	utf16
1212	relocated_unique	tbl1.pak	0x01344949	0x013449F5	Weapon Downgrade Stone U58	武器降级石U58	utf16
1213	relocated_unique	tbl1.pak	0x01344AB7	0x01344B63	Weapon Downgrade Stone U60	武器降级石U60	utf16
1214	relocated_unique	tbl1.pak	0x01344C25	0x01344CD1	Weapon Downgrade Stone U65	武器降级石U65	utf16
1215	relocated_unique	tbl1.pak	0x01344D93	0x01344E3F	Weapon Downgrade Stone U70	武器降级石U70	utf16
1216	commented_ambiguous	tbl1.pak	0x0134657F		8 Weapon Coupon	8武器券	hits=8
1217	commented_ambiguous	tbl1.pak	0x013467A9		10 Weapon Coupon	10武器券	hits=12
1218	relocated_unique	tbl1.pak	0x01348221	0x013482CD	1 Star Event Dragon Ball	1星活动龙珠	utf16
1219	relocated_unique	tbl1.pak	0x013482D9	0x01348385	2 Star Event Dragon Ball	2星活动龙珠	utf16
1220	relocated_unique	tbl1.pak	0x01348391	0x0134843D	3 Star Event Dragon Ball	3星活动龙珠	utf16
1221	relocated_unique	tbl1.pak	0x01348449	0x013484F5	4 Star Event Dragon Ball	4星活动龙珠	utf16
1222	relocated_unique	tbl1.pak	0x01348501	0x013485AD	5 Star Event Dragon Ball	5星活动龙珠	utf16
1223	relocated_unique	tbl1.pak	0x013485B9	0x01348665	6 Star Event Dragon Ball	6星活动龙珠	utf16
1224	relocated_unique	tbl1.pak	0x01348671	0x0134871D	7 Star Event Dragon Ball	7星活动龙珠	utf16
1227	converted_wildcard	tbl1.pak	0x01348EED	*	Super Saiyan Potion [Martial Artist]	超级赛亚人药水[武道家]	hits=8
1228	commented_ambiguous	tbl1.pak	0x013490DB		Great Namek Potion	巨大那美克药水	hits=10
1229	commented_ambiguous	tbl1.pak	0x0134928D		Pure Majin Potion	纯粹魔人药水	hits=10
1230	converted_wildcard	tbl1.pak	0x013493F7	*	Super Saiyan Potion [Spiritualist]	超级赛亚人药水[气功师]	hits=10
1231	commented_ambiguous	tbl1.pak	0x013495E1		Super Saiyan Potion [Martial Artist]	超级赛亚人药水[武道家]	hits=8
1232	commented_ambiguous	tbl1.pak	0x01349AEB		Super Saiyan Potion [Spiritualist]	超级赛亚人药水[气功师]	hits=10
1233	commented_ambiguous	tbl1.pak	0x0134E08B		Party Popo	组队波波	hits=6
1240	relocated_unique	tbl1.pak	0x0134F78B	0x0134F837	Energy Potion (X)	气功药水(X)	utf16
1243	commented_ambiguous	tbl1.pak	0x013523DD		HL Capsule Box Z24	HL胶囊盒Z24	hits=9
1244	commented_ambiguous	tbl1.pak	0x01352681		HL Capsule Box Z28	HL胶囊盒Z28	hits=31
1245	commented_ambiguous	tbl1.pak	0x01352925		HL Capsule Box Z32	HL胶囊盒Z32	hits=10
1246	converted_wildcard	tbl1.pak	0x013531EF	*	Advanced Warrior Awakening	高级战士觉醒	hits=2
1247	commented_ambiguous	tbl1.pak	0x01354BCB		HL Detoxification Pill	HL解毒药丸	hits=5
1248	commented_ambiguous	tbl1.pak	0x01354C85		HL Pain Treatment Pill	HL疼痛治疗药丸	hits=5
1249	commented_ambiguous	tbl1.pak	0x0135715B		Advanced Warrior Awakening	高级战士觉醒	hits=2
1250	commented_ambiguous	tbl1.pak	0x0135FFB3		P Iron Gauntlets	P铁臂甲	hits=4
1251	commented_ambiguous	tbl1.pak	0x013600D3		P Metal Gauntlets	P金属臂甲	hits=4
1252	commented_ambiguous	tbl1.pak	0x0136048D		P Namekian Gauntlets	P那美克星人臂甲	hits=4
1253	commented_ambiguous	tbl1.pak	0x013605A5		P Elder Gauntlets	P长老臂甲	hits=4
1254	commented_ambiguous	tbl1.pak	0x013608CD		P Lotus Dragon Gauntlets	P莲花龙臂甲	hits=4
1255	commented_ambiguous	tbl1.pak	0x013610A9		Iron Gauntlets	铁臂甲	hits=24
1256	commented_ambiguous	tbl1.pak	0x013611C5		Metal Gauntlets	金属臂甲	hits=23
1257	commented_ambiguous	tbl1.pak	0x0136156F		Namekian Gauntlets	那美克星人臂甲	hits=18
1258	commented_ambiguous	tbl1.pak	0x01361683		Elder Gauntlets	长老臂甲	hits=21
1259	commented_ambiguous	tbl1.pak	0x0136199B		Lotus Dragon Gauntlets	莲花龙臂甲	hits=24
1260	commented_ambiguous	tbl1.pak	0x01362217		E Iron Gauntlets	E铁臂甲	hits=12
1261	commented_ambiguous	tbl1.pak	0x01362337		E Metal Gauntlets	E金属臂甲	hits=11
1262	commented_ambiguous	tbl1.pak	0x013626F1		E Namekian Gauntlets	E那美克星人臂甲	hits=9
1263	commented_ambiguous	tbl1.pak	0x01362809		E Elder Gauntlets	E长老臂甲	hits=11
1264	commented_ambiguous	tbl1.pak	0x01362B31		E Lotus Dragon Gauntlets	E莲花龙臂甲	hits=7
1265	commented_ambiguous	tbl1.pak	0x013630BB		Namek Staff	那美克杖	hits=7
1266	commented_ambiguous	tbl1.pak	0x01363225		Elder Staff	长老杖	hits=14
1267	commented_ambiguous	tbl1.pak	0x01363585		CC Elite Staff	CC精英杖	hits=4
1270	commented_ambiguous	tbl1.pak	0x01363749		Capsule Staff	杖胶囊	hits=14
1271	commented_ambiguous	tbl1.pak	0x01363921		Lizard Staff	蜥蜴杖	hits=11
1272	relocated_unique	tbl1.pak	0x01364751	0x013647FD	Devil's Claws	魔鬼的爪	utf16
1273	commented_ambiguous	tbl1.pak	0x013648C3		Steel Claws	钢爪	hits=11
1276	commented_ambiguous	tbl1.pak	0x01364AA3		Silver Soul Claws	银色灵魂爪	hits=11
1279	relocated_unique	tbl1.pak	0x01364E29	0x01364ED5	Absolute Claws	绝对爪	utf16
1280	relocated_unique	tbl1.pak	0x01364FEF	0x0136509B	Namekian Claws	那美克星人爪	utf16
1281	relocated_unique	tbl1.pak	0x013650B5	0x01365161	Magic Axe	魔法斧	utf16
1282	commented_ambiguous	tbl1.pak	0x01365201		Steel Axe	钢斧	hits=13
1283	commented_ambiguous	tbl1.pak	0x013653E1		Silver Soul Axe	银色灵魂斧	hits=11
1286	relocated_unique	tbl1.pak	0x01365635	0x013656E1	Light Axe	光斧	utf16
1287	commented_ambiguous	tbl1.pak	0x01365A43		Wind Scroll	风卷轴	hits=2
1288	commented_ambiguous	tbl1.pak	0x01365B7D		Scroll of Honor	荣耀的卷轴	hits=24
1289	commented_ambiguous	tbl1.pak	0x01365E27		Star Core Scroll	星核心卷轴	hits=7
1292	commented_ambiguous	tbl1.pak	0x01366253		Diamond	钻石	hits=487
1293	commented_ambiguous	tbl1.pak	0x01366495		Black Crystal	黑色水晶	hits=8
1294	commented_ambiguous	tbl1.pak	0x013666A3		Black Gem	黑色宝石	hits=7
1295	relocated_unique	tbl1.pak	0x01366739	0x013667E5	Light Demon Stone	光恶魔石	utf16
1296	relocated_unique	tbl1.pak	0x013667F7	0x013668A3	Golden Demon Stone	黄金恶魔石	utf16
1297	relocated_unique	tbl1.pak	0x013668AD	0x01366959	Dark Demon Stone	黑暗恶魔石	utf16
1298	relocated_unique	tbl1.pak	0x0136695F	0x01366A0B	Legendary Demon Stone	传说恶魔石	utf16
1299	relocated_unique	tbl1.pak	0x01366A39	0x01366AE5	Sapphire Demon Stone	蓝宝石恶魔石	utf16
1300	commented_ambiguous	tbl1.pak	0x01366B91		Korin Stick	卡林棍	hits=13
1301	commented_ambiguous	tbl1.pak	0x01366C81		Steel Stick	钢棍	hits=11
1302	commented_ambiguous	tbl1.pak	0x01366D41		Tiger Stick	老虎棍	hits=11
1305	commented_ambiguous	tbl1.pak	0x01366F1F		Injection Stick	注射棍	hits=4
1308	commented_ambiguous	tbl1.pak	0x01367015		Diamond Stick	钻石棍	hits=4
1309	commented_ambiguous	tbl1.pak	0x013670CB		Z Awakening Stick	Z觉醒棍	hits=10
1310	commented_ambiguous	tbl1.pak	0x013673D9		White Wolf Sword	白色狼剑	hits=7
1311	commented_ambiguous	tbl1.pak	0x01367573		Willow Sword	柳木剑	hits=13
1312	commented_ambiguous	tbl1.pak	0x013676AB		Star Sword	星剑	hits=9
1313	commented_ambiguous	tbl1.pak	0x01367723		Soul Sword	灵魂剑	hits=22
1314	commented_ambiguous	tbl1.pak	0x0136784F		Thunder Sword	雷霆剑	hits=11
1315	relocated_unique	tbl1.pak	0x01367973	0x01367A1F	Z Thunder Sword	Z雷霆剑	utf16
1316	commented_ambiguous	tbl1.pak	0x01367B0D		Crystal Wand	水晶短杖	hits=19
1317	commented_ambiguous	tbl1.pak	0x01367B6D		Diamond Wand	钻石短杖	hits=13
1318	commented_ambiguous	tbl1.pak	0x01367C07		Green Wand	绿色短杖	hits=4
1319	commented_ambiguous	tbl1.pak	0x01367D5F		Comet Wand	彗星短杖	hits=8
1320	commented_ambiguous	tbl1.pak	0x01367DEF		Z Wand	Z短杖	hits=5
1321	commented_ambiguous	tbl1.pak	0x01367F11		Thunder Wand	雷霆短杖	hits=10
1322	commented_ambiguous	tbl1.pak	0x01367FC5		Awakening Wand	觉醒短杖	hits=17
1325	commented_ambiguous	tbl1.pak	0x01368397		Eye Fan	眼扇	hits=18
1330	commented_ambiguous	tbl1.pak	0x01368C05		Cannon Fire	炮火	hits=3
1331	commented_ambiguous	tbl1.pak	0x01368C29		Trumpet	号角	hits=222
1332	commented_ambiguous	tbl1.pak	0x01368E0F		Super Trumpet	超级号角	hits=11
1333	commented_ambiguous	tbl1.pak	0x01368F51		Injection Trumpet	注射号角	hits=4
1334	commented_ambiguous	tbl1.pak	0x01369077		Light Speed Trumpet	光速度号角	hits=4
1335	commented_ambiguous	tbl1.pak	0x013691DD		Dark Trumpet	黑暗号角	hits=5
1336	relocated_unique	tbl1.pak	0x01369263	0x0136930F	Sparkling Trumpet	闪耀号角	utf16
1337	commented_ambiguous	tbl1.pak	0x013695C1		Corn Club	玉米棒	hits=7
1338	commented_ambiguous	tbl1.pak	0x013696EB		Red Corn	红色玉米	hits=7
1339	commented_ambiguous	tbl1.pak	0x01369AEF		Pound Drum	重击鼓	hits=16
1340	commented_ambiguous	tbl1.pak	0x0136A179		Sky Drum	天空鼓	hits=2
1341	relocated_unique	tbl1.pak	0x0136A1FF	0x0136A2AB	Big Devil Drum	大魔鬼鼓	utf16
1342	converted_wildcard	tbl1.pak	0x0137014B	*	O6Skilled Spiritualist beginners practice in this equip.	O6Skilled 气功师 beginners practice in this equip.	hits=3
1343	commented_ambiguous	tbl1.pak	0x01370207		O6Skilled Spiritualist beginners practice in this equip.	O6Skilled 气功师 beginners practice in this equip.	hits=3
1344	commented_ambiguous	tbl1.pak	0x013702C3		O6Skilled Spiritualist beginners practice in this equip.	O6Skilled 气功师 beginners practice in this equip.	hits=3
1345	converted_wildcard	tbl1.pak	0x01370379	*	OSEarly on the road to become a Spiritualist\nmaster, must wear these hermit clothes.	OSEarly on the road to become a 气功师\nmaster, must wear these hermit clothes.	hits=3
1346	commented_ambiguous	tbl1.pak	0x0137046D		OSEarly on the road to become a Spiritualist\nmaster, must wear these hermit clothes.	OSEarly on the road to become a 气功师\nmaster, must wear these hermit clothes.	hits=3
1347	commented_ambiguous	tbl1.pak	0x01370561		OSEarly on the road to become a Spiritualist\nmaster, must wear these hermit clothes.	OSEarly on the road to become a 气功师\nmaster, must wear these hermit clothes.	hits=3
1348	converted_wildcard	tbl1.pak	0x01370A27	*	ORGenuine Spiritualist masters, worked hard\nto make this high quality hermit equip.	ORGenuine 气功师 masters, worked hard\nto make this high quality hermit equip.	hits=3
1349	commented_ambiguous	tbl1.pak	0x01370B09		ORGenuine Spiritualist masters, worked hard\nto make this high quality hermit equip.	ORGenuine 气功师 masters, worked hard\nto make this high quality hermit equip.	hits=3
1350	commented_ambiguous	tbl1.pak	0x01370BEB		ORGenuine Spiritualist masters, worked hard\nto make this high quality hermit equip.	ORGenuine 气功师 masters, worked hard\nto make this high quality hermit equip.	hits=3
1351	converted_wildcard	tbl1.pak	0x01370ECB	*	OBSpiritualist master who used to practice most often wearing these.	OB气功师 master who used to practice most often wearing these.	hits=3
1352	commented_ambiguous	tbl1.pak	0x01370F83		OBSpiritualist master who used to practice most often wearing these.	OB气功师 master who used to practice most often wearing these.	hits=3
1353	commented_ambiguous	tbl1.pak	0x0137103B		OBSpiritualist master who used to practice most often wearing these.	OB气功师 master who used to practice most often wearing these.	hits=3
1354	converted_wildcard	tbl1.pak	0x0137192B	*	Spiritualist classic costume. Despite the costs\nof material, has a high quality manufacturing.	气功师 classic costume. Despite the costs\nof material, has a high quality manufacturing.	hits=3
1355	commented_ambiguous	tbl1.pak	0x01371A3F		Spiritualist classic costume. Despite the costs\nof material, has a high quality manufacturing.	气功师 classic costume. Despite the costs\nof material, has a high quality manufacturing.	hits=3
1356	commented_ambiguous	tbl1.pak	0x01371B53		Spiritualist classic costume. Despite the costs\nof material, has a high quality manufacturing.	气功师 classic costume. Despite the costs\nof material, has a high quality manufacturing.	hits=3
1357	relocated_unique	tbl1.pak	0x013789C9	0x01378A75	Shadow Warrior Equip (Top)	暗影战士装备(上衣)	utf16
1358	relocated_unique	tbl1.pak	0x01378A87	0x01378B33	Shadow Warrior Equip (Pants)	暗影战士装备(裤子)	utf16
1359	relocated_unique	tbl1.pak	0x01378B49	0x01378BF5	Shadow Warrior Equip (Shoes)	暗影战士装备(鞋子)	utf16
1360	converted_wildcard	tbl1.pak	0x0137C319	*	PZWhen you begin the Dragon Clan training wear this equip.\nLightweight and easy to move in.	PZWhen you begin the 那美克龙族 training wear this equip.\nLightweight and easy to move in.	hits=3
1361	commented_ambiguous	tbl1.pak	0x0137C413		PZWhen you begin the Dragon Clan training wear this equip.\nLightweight and easy to move in.	PZWhen you begin the 那美克龙族 training wear this equip.\nLightweight and easy to move in.	hits=3
1362	commented_ambiguous	tbl1.pak	0x0137C50D		PZWhen you begin the Dragon Clan training wear this equip.\nLightweight and easy to move in.	PZWhen you begin the 那美克龙族 training wear this equip.\nLightweight and easy to move in.	hits=3
1363	converted_wildcard	tbl1.pak	0x0137D10F	*	PONamekians from Dragon Clan used to\npractice most often wearing this in battle.	PONamekians from 那美克龙族 used to\npractice most often wearing this in battle.	hits=3
1364	commented_ambiguous	tbl1.pak	0x0137D1F1		PONamekians from Dragon Clan used to\npractice most often wearing this in battle.	PONamekians from 那美克龙族 used to\npractice most often wearing this in battle.	hits=3
1365	commented_ambiguous	tbl1.pak	0x0137D2D3		PONamekians from Dragon Clan used to\npractice most often wearing this in battle.	PONamekians from 那美克龙族 used to\npractice most often wearing this in battle.	hits=3
1366	converted_wildcard	tbl1.pak	0x0137D3BB	*	P3Ceremonial suit for the Namekians from Dragon Clan.	P3Ceremonial suit for the Namekians from 那美克龙族.	hits=3
1367	commented_ambiguous	tbl1.pak	0x0137D46F		P3Ceremonial suit for the Namekians from Dragon Clan.	P3Ceremonial suit for the Namekians from 那美克龙族.	hits=3
1368	commented_ambiguous	tbl1.pak	0x0137D523		P3Ceremonial suit for the Namekians from Dragon Clan.	P3Ceremonial suit for the Namekians from 那美克龙族.	hits=3
1369	commented_ambiguous	tbl1.pak	0x0138C41F		Pleasant Wind Necklace	愉快风项链	hits=64
1370	converted_wildcard	tbl1.pak	0x0138C78B	*	PUSpiritualists love this necklace.\nIt's said that the symbol engraved is mysteriouse.	PU气功师 love this necklace.\nIt's said that the symbol engraved is mysteriouse.	hits=16
1371	commented_ambiguous	tbl1.pak	0x0138C86D		PUSpiritualists love this necklace.\nIt's said that the symbol engraved is mysteriouse.	PU气功师 love this necklace.\nIt's said that the symbol engraved is mysteriouse.	hits=16
1372	commented_ambiguous	tbl1.pak	0x0138C94F		PUSpiritualists love this necklace.\nIt's said that the symbol engraved is mysteriouse.	PU气功师 love this necklace.\nIt's said that the symbol engraved is mysteriouse.	hits=16
1373	commented_ambiguous	tbl1.pak	0x0138CA31		PUSpiritualists love this necklace.\nIt's said that the symbol engraved is mysteriouse.	PU气功师 love this necklace.\nIt's said that the symbol engraved is mysteriouse.	hits=16
1374	commented_ambiguous	tbl1.pak	0x0138CB13		PUSpiritualists love this necklace.\nIt's said that the symbol engraved is mysteriouse.	PU气功师 love this necklace.\nIt's said that the symbol engraved is mysteriouse.	hits=16
1375	commented_ambiguous	tbl1.pak	0x0138CBF5		PUSpiritualists love this necklace.\nIt's said that the symbol engraved is mysteriouse.	PU气功师 love this necklace.\nIt's said that the symbol engraved is mysteriouse.	hits=16
1376	commented_ambiguous	tbl1.pak	0x0138CCD7		PUSpiritualists love this necklace.\nIt's said that the symbol engraved is mysteriouse.	PU气功师 love this necklace.\nIt's said that the symbol engraved is mysteriouse.	hits=16
1377	commented_ambiguous	tbl1.pak	0x0138CDB9		PUSpiritualists love this necklace.\nIt's said that the symbol engraved is mysteriouse.	PU气功师 love this necklace.\nIt's said that the symbol engraved is mysteriouse.	hits=16
1378	commented_ambiguous	tbl1.pak	0x0138CE9B		PUSpiritualists love this necklace.\nIt's said that the symbol engraved is mysteriouse.	PU气功师 love this necklace.\nIt's said that the symbol engraved is mysteriouse.	hits=16
1379	commented_ambiguous	tbl1.pak	0x0138CF7D		PUSpiritualists love this necklace.\nIt's said that the symbol engraved is mysteriouse.	PU气功师 love this necklace.\nIt's said that the symbol engraved is mysteriouse.	hits=16
1380	commented_ambiguous	tbl1.pak	0x0138D05F		PUSpiritualists love this necklace.\nIt's said that the symbol engraved is mysteriouse.	PU气功师 love this necklace.\nIt's said that the symbol engraved is mysteriouse.	hits=16
1381	commented_ambiguous	tbl1.pak	0x0138D133		PUSpiritualists love this necklace.\nIt's said that the symbol engraved is mysteriouse.	PU气功师 love this necklace.\nIt's said that the symbol engraved is mysteriouse.	hits=16
1382	commented_ambiguous	tbl1.pak	0x0138D207		PUSpiritualists love this necklace.\nIt's said that the symbol engraved is mysteriouse.	PU气功师 love this necklace.\nIt's said that the symbol engraved is mysteriouse.	hits=16
1383	commented_ambiguous	tbl1.pak	0x0138D2DB		PUSpiritualists love this necklace.\nIt's said that the symbol engraved is mysteriouse.	PU气功师 love this necklace.\nIt's said that the symbol engraved is mysteriouse.	hits=16
1384	commented_ambiguous	tbl1.pak	0x0138D3AF		PUSpiritualists love this necklace.\nIt's said that the symbol engraved is mysteriouse.	PU气功师 love this necklace.\nIt's said that the symbol engraved is mysteriouse.	hits=16
1385	commented_ambiguous	tbl1.pak	0x0138D483		PUSpiritualists love this necklace.\nIt's said that the symbol engraved is mysteriouse.	PU气功师 love this necklace.\nIt's said that the symbol engraved is mysteriouse.	hits=16
1386	commented_ambiguous	tbl1.pak	0x0138E3F1		Fire Necklace	火项链	hits=27
1387	commented_ambiguous	tbl1.pak	0x0138EC49		Strong Necklace	强力项链	hits=6
1388	commented_ambiguous	tbl1.pak	0x01391277		Double Ring	双戒指	hits=209
1389	commented_ambiguous	tbl1.pak	0x01391BF3		Ancient Ring	古代戒指	hits=48
1394	commented_ambiguous	tbl1.pak	0x013A520F		New Scouter	新探测器	hits=6
1398	commented_ambiguous	tbl1.pak	0x013A587B		New Scouter SP	新探测器SP	hits=3
1399	commented_ambiguous	tbl1.pak	0x013A5A3D		CC Scouter SP	CC探测器SP	hits=3
1400	commented_ambiguous	tbl1.pak	0x013A5C3F		Long Scouter SP	长探测器SP	hits=2
1401	commented_ambiguous	tbl1.pak	0x013A5F1B		Z Scouter	Z探测器	hits=13
1402	commented_ambiguous	tbl1.pak	0x013A5FB9		Z Scouter SP	Z探测器SP	hits=3
1403	commented_ambiguous	tbl1.pak	0x013A6425		Practitioner Scouter Chip	修行者探测器芯片	hits=16
1404	commented_ambiguous	tbl1.pak	0x013A67D5		Basic Scouter Chip	基础探测器芯片	hits=16
1405	commented_ambiguous	tbl1.pak	0x013A6C85		Blessed Scouter Chip	祝福探测器芯片	hits=16
1406	commented_ambiguous	tbl1.pak	0x013A75F5		Dungeon Chip	副本芯片	hits=16
1407	commented_ambiguous	tbl1.pak	0x013A8595		Battle Chip	战斗芯片	hits=16
1408	commented_ambiguous	tbl1.pak	0x013A8A85		Light Speed Scouter Chip	光速度探测器芯片	hits=16
1409	relocated_unique	tbl1.pak	0x013A8E91	0x013A8F3D	Defense Chip 1	防御芯片1	utf16
1410	relocated_unique	tbl1.pak	0x013A8ED9	0x013A8F85	Defense Chip 3	防御芯片3	utf16
1411	relocated_unique	tbl1.pak	0x013A8F21	0x013A8FCD	Defense Chip 5	防御芯片5	utf16
1412	relocated_unique	tbl1.pak	0x013A8F69	0x013A9015	Defense Chip 7	防御芯片7	utf16
1413	relocated_unique	tbl1.pak	0x013A8FB1	0x013A905D	Defense Chip 9	防御芯片9	utf16
1414	commented_ambiguous	tbl1.pak	0x013A938F		Dragon Ball Scouter Chip	龙珠探测器芯片	hits=2
1415	commented_ambiguous	tbl1.pak	0x013AE61D		Comet Award Gauntlets	彗星奖励臂甲	hits=6
1416	commented_ambiguous	tbl1.pak	0x013AE6DD		Prestige Dragon Gauntlets	威望龙臂甲	hits=6
1417	commented_ambiguous	tbl1.pak	0x013AE775		Energy Ejection Gauntlets	气功喷射臂甲	hits=2
1418	commented_ambiguous	tbl1.pak	0x013AE821		Soul Gauntlets	灵魂臂甲	hits=25
1419	relocated_unique	tbl1.pak	0x013AFE0D	0x013AFEB9	P Iron Gauntlets EX	P铁臂甲EX	utf16
1420	relocated_unique	tbl1.pak	0x013AFF33	0x013AFFDF	P Metal Gauntlets EX	P金属臂甲EX	utf16
1421	relocated_unique	tbl1.pak	0x013B0303	0x013B03AF	P Namekian Gauntlets EX	P那美克星人臂甲EX	utf16
1422	relocated_unique	tbl1.pak	0x013B0421	0x013B04CD	P Elder Gauntlets EX	P长老臂甲EX	utf16
1423	relocated_unique	tbl1.pak	0x013B0761	0x013B080D	P Lotus Dragon Gauntlets EX	P莲花龙臂甲EX	utf16
1424	commented_ambiguous	tbl1.pak	0x013B177F		E Iron Gauntlets EX	E铁臂甲EX	hits=8
1425	commented_ambiguous	tbl1.pak	0x013B18A5		E Metal Gauntlets EX	E金属臂甲EX	hits=8
1426	relocated_unique	tbl1.pak	0x013B1C77	0x013B1D23	E Namek Gauntlets EX	E那美克臂甲EX	utf16
1427	commented_ambiguous	tbl1.pak	0x013B1D8F		E Elder Gauntlets EX	E长老臂甲EX	hits=8
1428	commented_ambiguous	tbl1.pak	0x013B21B1		High Grade Gauntlets	高级臂甲	hits=6
1429	relocated_unique	tbl1.pak	0x013B2269	0x013B2315	Ultimate Gauntlets	终极臂甲	utf16
1430	commented_ambiguous	tbl1.pak	0x013B2679		Advanced Gauntlets	高级臂甲	hits=4
1431	commented_ambiguous	tbl1.pak	0x013B2707		Power Gauntlets	力量臂甲	hits=4
1432	commented_ambiguous	tbl1.pak	0x013B2841		Namek Staff EX	那美克杖EX	hits=2
1433	commented_ambiguous	tbl1.pak	0x013B29B7		Elder Staff EX	长老杖EX	hits=8
1434	relocated_unique	tbl1.pak	0x013B2D2D	0x013B2DD9	CC Elite Staff EX	CC精英杖EX	utf16
1437	commented_ambiguous	tbl1.pak	0x013B2EFD		Capsule Staff EX	杖EX胶囊	hits=8
1438	commented_ambiguous	tbl1.pak	0x013B30E1		Lizard Staff EX	蜥蜴杖EX	hits=8
1439	commented_ambiguous	tbl1.pak	0x013B3585		Battle Staff	战斗杖	hits=8
1440	commented_ambiguous	tbl1.pak	0x013B3677		Light Staff	光杖	hits=6
1441	commented_ambiguous	tbl1.pak	0x013B36D3		Dragon King's Staff	龙王的杖	hits=6
1442	commented_ambiguous	tbl1.pak	0x013B3827		Valkyrie Staff	女武神杖	hits=6
1445	commented_ambiguous	tbl1.pak	0x013B3FFD		Devil Claws EX	魔鬼爪EX	hits=6
1446	commented_ambiguous	tbl1.pak	0x013B411B		Steel Claws EX	钢爪EX	hits=8
1449	commented_ambiguous	tbl1.pak	0x013B425D		Silver Soul Claws EX	银色灵魂爪EX	hits=8
1452	commented_ambiguous	tbl1.pak	0x013B437F		Injection Claws	注射爪	hits=3
1453	relocated_unique	tbl1.pak	0x013B44E1	0x013B458D	Absolute Shadow EX	绝对暗影EX	utf16
1454	commented_ambiguous	tbl1.pak	0x013B4535		Strong Claws	强力爪	hits=6
1455	commented_ambiguous	tbl1.pak	0x013B4587		Dragon Claws	龙爪	hits=11
1456	commented_ambiguous	tbl1.pak	0x013B45EB		Nimbus Claws	筋斗云爪	hits=6
1457	commented_ambiguous	tbl1.pak	0x013B4659		Absolute Light Claws	绝对光爪	hits=6
1458	converted_wildcard	tbl1.pak	0x013B46F3	*	Strong Warrior Claws	强力战士爪	hits=6
1459	commented_ambiguous	tbl1.pak	0x013B4771		Mysterious Claws	神秘爪	hits=6
1460	relocated_unique	tbl1.pak	0x013B4867	0x013B4913	Magic Head Axe EX	魔法头斧EX	utf16
1461	commented_ambiguous	tbl1.pak	0x013B48CF		Namek Axe EX	那美克斧EX	hits=8
1462	commented_ambiguous	tbl1.pak	0x013B4991		Steel Axe EX	钢斧EX	hits=8
1463	commented_ambiguous	tbl1.pak	0x013B4AF3		Silver Soul Axe EX	银色灵魂斧EX	hits=8
1466	relocated_unique	tbl1.pak	0x013B4CE9	0x013B4D95	Light Speed Axe EX	光速度斧EX	utf16
1467	commented_ambiguous	tbl1.pak	0x013B4D6B		Comodo Battle Axe	科莫多战斗斧	hits=6
1468	commented_ambiguous	tbl1.pak	0x013B4DF9		Strong Battle Axe	强力战斗斧	hits=6
1469	commented_ambiguous	tbl1.pak	0x013B4E8D		Light Cut Axe	光切割斧	hits=6
1470	commented_ambiguous	tbl1.pak	0x013B4F1B		Dragon Battle Axe	龙战斗斧	hits=6
1471	commented_ambiguous	tbl1.pak	0x013B4FE7		Halberd Axe	戟斧	hits=6
1472	commented_ambiguous	tbl1.pak	0x013B503F		Death Axe	死亡之斧	hits=7
1473	commented_ambiguous	tbl1.pak	0x013B50C7		Killer Axe	杀手斧	hits=6
1474	commented_ambiguous	tbl1.pak	0x013B5121		Scroll of Honor EX	荣耀EX的卷轴	hits=11
1475	commented_ambiguous	tbl1.pak	0x013B568D		Bao Yan Scroll	鲍岩卷轴	hits=6
1478	commented_ambiguous	tbl1.pak	0x013B584B		Yellow Dragon Scroll	黄色龙卷轴	hits=6
1481	commented_ambiguous	tbl1.pak	0x013B59AF		Dragon Scroll	龙卷轴	hits=14
1482	commented_ambiguous	tbl1.pak	0x013B5A21		Crystal Gem EX	水晶宝石EX	hits=12
1483	commented_ambiguous	tbl1.pak	0x013B5A85		Diamond Gem EX	钻石宝石EX	hits=4
1484	commented_ambiguous	tbl1.pak	0x013B5D5D		Black Crystal Gem EX	黑色水晶宝石EX	hits=4
1485	commented_ambiguous	tbl1.pak	0x013B5DFB		Rainbow Light Gem	彩虹光宝石	hits=3
1486	relocated_unique	tbl1.pak	0x013B5F6F	0x013B601B	Dark Crystal Gem EX	黑暗水晶宝石EX	utf16
1487	commented_ambiguous	tbl1.pak	0x013B5FA3		Huang Gang Gem	黄刚宝石	hits=6
1488	commented_ambiguous	tbl1.pak	0x013B6053		Purple Stone	紫色石	hits=8
1489	commented_ambiguous	tbl1.pak	0x013B60D7		Green Stone	绿色石	hits=6
1490	commented_ambiguous	tbl1.pak	0x013B6167		Black Stone	黑色石	hits=13
1491	commented_ambiguous	tbl1.pak	0x013B61E1		Rainbow Gem	彩虹宝石	hits=6
1492	commented_ambiguous	tbl1.pak	0x013B6261		Rock Stone Gem	岩石石宝石	hits=6
1493	commented_ambiguous	tbl1.pak	0x013B62F7		Popo Gem	波波宝石	hits=6
1494	commented_ambiguous	tbl1.pak	0x013B63E9		Korin Stick EX	卡林棍EX	hits=9
1495	commented_ambiguous	tbl1.pak	0x013B64DF		Steel Stick EX	钢棍EX	hits=8
1496	commented_ambiguous	tbl1.pak	0x013B65A5		Tiger Stick EX	老虎棍EX	hits=8
1499	relocated_unique	tbl1.pak	0x013B688B	0x013B6937	Diamond Stick EX	钻石棍EX	utf16
1500	commented_ambiguous	tbl1.pak	0x013B68B9		Z Awakening Stick EX	Z觉醒棍EX	hits=5
1501	commented_ambiguous	tbl1.pak	0x013B6919		Hardcore Stick	硬核棍	hits=6
1502	commented_ambiguous	tbl1.pak	0x013B69A1		Nova Stick	新星棍	hits=2
1505	commented_ambiguous	tbl1.pak	0x013B6AAB		New Grid Stick	新格纹棍	hits=6
1506	commented_ambiguous	tbl1.pak	0x013B6D33		White Wolf Sword EX	白色狼剑EX	hits=3
1507	commented_ambiguous	tbl1.pak	0x013B6ED9		Willow Sword EX	柳木剑EX	hits=9
1508	commented_ambiguous	tbl1.pak	0x013B701D		Star Sword EX	星剑EX	hits=4
1509	commented_ambiguous	tbl1.pak	0x013B71C7		Thunder Sword EX	雷霆剑EX	hits=2
1510	commented_ambiguous	tbl1.pak	0x013B72ED		Plasma Sword	等离子剑	hits=2
1511	commented_ambiguous	tbl1.pak	0x013B7669		Crystal Wand EX	水晶短杖EX	hits=7
1512	commented_ambiguous	tbl1.pak	0x013B76CF		Diamond Wand EX	钻石短杖EX	hits=9
1513	relocated_unique	tbl1.pak	0x013B776F	0x013B781B	Green Wand EX	绿色短杖EX	utf16
1514	commented_ambiguous	tbl1.pak	0x013B78D9		Comet Wand EX	彗星短杖EX	hits=4
1515	relocated_unique	tbl1.pak	0x013B7A91	0x013B7B3D	Thunder Wand EX	雷霆短杖EX	utf16
1516	commented_ambiguous	tbl1.pak	0x013B7ABD		Awakening Wand EX	觉醒短杖EX	hits=8
1517	commented_ambiguous	tbl1.pak	0x013B7B15		Huang Gang Wand	黄刚短杖	hits=6
1518	commented_ambiguous	tbl1.pak	0x013B7BC5		Sapphire Wand	蓝宝石短杖	hits=6
1519	commented_ambiguous	tbl1.pak	0x013B7C47		Dragon Energy Wand	龙气功短杖	hits=2
1520	commented_ambiguous	tbl1.pak	0x013B7D9B		Plasma Wand	等离子短杖	hits=6
1521	commented_ambiguous	tbl1.pak	0x013B7E13		Valkyrie Wand	女武神短杖	hits=6
1522	commented_ambiguous	tbl1.pak	0x013B7E7D		Black Steel Wand	黑色钢短杖	hits=6
1525	commented_ambiguous	tbl1.pak	0x013B80FB		3 Eye Fan EX	3眼扇EX	hits=4
1530	commented_ambiguous	tbl1.pak	0x013B8421		God Eye Fan	神眼扇	hits=6
1531	commented_ambiguous	tbl1.pak	0x013B8557		Wheel of Light Fan	光扇的轮	hits=6
1532	commented_ambiguous	tbl1.pak	0x013B8667		Long Hit Fan	长希特扇	hits=6
1533	commented_ambiguous	tbl1.pak	0x013B86F1		Electro-Optic Fan	电光-光学扇	hits=6
1534	commented_ambiguous	tbl1.pak	0x013B879B		Dragon Roar Fan	龙咆哮扇	hits=7
1535	relocated_unique	tbl1.pak	0x013B8B93	0x013B8C3F	Cannon Fire EX	炮火EX	utf16
1536	commented_ambiguous	tbl1.pak	0x013B8BBD		Trumpet EX	号角EX	hits=59
1537	commented_ambiguous	tbl1.pak	0x013B8DBB		Super Trumpet EX	超级号角EX	hits=8
1538	relocated_unique	tbl1.pak	0x013B902F	0x013B90DB	Light Speed Trumpet EX	光速度号角EX	utf16
1539	relocated_unique	tbl1.pak	0x013B90AF	0x013B915B	Dark Trumpet EX	黑暗号角EX	utf16
1540	commented_ambiguous	tbl1.pak	0x013B90DB		Remembrance Trumpet	纪念号角	hits=6
1541	commented_ambiguous	tbl1.pak	0x013B9187		Meteor Trumpet	流星号角	hits=6
1544	commented_ambiguous	tbl1.pak	0x013B92D1		Legend Long Trumpet	传说长号角	hits=6
1545	commented_ambiguous	tbl1.pak	0x013B9347		Light Trumpet	光号角	hits=6
1546	commented_ambiguous	tbl1.pak	0x013B97AF		Corn Club EX	玉米棒EX	hits=3
1547	commented_ambiguous	tbl1.pak	0x013B9A49		Red Hot Chili Corn	红色火辣辣椒玉米	hits=6
1548	commented_ambiguous	tbl1.pak	0x013B9AE1		Smoked Fish	烟熏鱼	hits=7
1549	commented_ambiguous	tbl1.pak	0x013B9D53		Pound Drum EX	重击鼓EX	hits=7
1550	commented_ambiguous	tbl1.pak	0x013BA341		Frame Drum	框架鼓	hits=6
1551	commented_ambiguous	tbl1.pak	0x013BA395		Dragon Drum	龙鼓	hits=8
1552	commented_ambiguous	tbl1.pak	0x013BAAD1		Enraged Mask	狂怒面具	hits=6
1553	commented_ambiguous	tbl1.pak	0x013BAC33		Dragon Mask	龙面具	hits=8
1554	converted_wildcard	tbl1.pak	0x013C02BD	*	U7Spiritualist beginner clothes.\nLight and easy to move.	U7气功师 beginner clothes.\nLight and easy to move.	hits=3
1555	commented_ambiguous	tbl1.pak	0x013C0383		U7Spiritualist beginner clothes.\nLight and easy to move.	U7气功师 beginner clothes.\nLight and easy to move.	hits=3
1556	commented_ambiguous	tbl1.pak	0x013C0449		U7Spiritualist beginner clothes.\nLight and easy to move.	U7气功师 beginner clothes.\nLight and easy to move.	hits=3
1557	commented_ambiguous	tbl1.pak	0x013D95AB		Pleasant Wind Necklace EX	愉快风项链EX	hits=14
1558	converted_wildcard	tbl1.pak	0x013D99E1	*	VUSpiritualists love this necklace.\nIt's said that the symbol engraved is mysteriouse.	VU气功师 love this necklace.\nIt's said that the symbol engraved is mysteriouse.	hits=16
1559	commented_ambiguous	tbl1.pak	0x013D9AC3		VUSpiritualists love this necklace.\nIt's said that the symbol engraved is mysteriouse.	VU气功师 love this necklace.\nIt's said that the symbol engraved is mysteriouse.	hits=16
1560	commented_ambiguous	tbl1.pak	0x013D9BA5		VUSpiritualists love this necklace.\nIt's said that the symbol engraved is mysteriouse.	VU气功师 love this necklace.\nIt's said that the symbol engraved is mysteriouse.	hits=16
1561	commented_ambiguous	tbl1.pak	0x013D9C87		VUSpiritualists love this necklace.\nIt's said that the symbol engraved is mysteriouse.	VU气功师 love this necklace.\nIt's said that the symbol engraved is mysteriouse.	hits=16
1562	commented_ambiguous	tbl1.pak	0x013D9D69		VUSpiritualists love this necklace.\nIt's said that the symbol engraved is mysteriouse.	VU气功师 love this necklace.\nIt's said that the symbol engraved is mysteriouse.	hits=16
1563	commented_ambiguous	tbl1.pak	0x013D9E4B		VUSpiritualists love this necklace.\nIt's said that the symbol engraved is mysteriouse.	VU气功师 love this necklace.\nIt's said that the symbol engraved is mysteriouse.	hits=16
1564	commented_ambiguous	tbl1.pak	0x013D9F2D		VUSpiritualists love this necklace.\nIt's said that the symbol engraved is mysteriouse.	VU气功师 love this necklace.\nIt's said that the symbol engraved is mysteriouse.	hits=16
1565	commented_ambiguous	tbl1.pak	0x013DA00F		VUSpiritualists love this necklace.\nIt's said that the symbol engraved is mysteriouse.	VU气功师 love this necklace.\nIt's said that the symbol engraved is mysteriouse.	hits=16
1566	commented_ambiguous	tbl1.pak	0x013DA0E3		VUSpiritualists love this necklace.\nIt's said that the symbol engraved is mysteriouse.	VU气功师 love this necklace.\nIt's said that the symbol engraved is mysteriouse.	hits=16
1567	commented_ambiguous	tbl1.pak	0x013DA1B7		VUSpiritualists love this necklace.\nIt's said that the symbol engraved is mysteriouse.	VU气功师 love this necklace.\nIt's said that the symbol engraved is mysteriouse.	hits=16
1568	commented_ambiguous	tbl1.pak	0x013DA291		VUSpiritualists love this necklace.\nIt's said that the symbol engraved is mysteriouse.	VU气功师 love this necklace.\nIt's said that the symbol engraved is mysteriouse.	hits=16
1569	commented_ambiguous	tbl1.pak	0x013DA36B		VUSpiritualists love this necklace.\nIt's said that the symbol engraved is mysteriouse.	VU气功师 love this necklace.\nIt's said that the symbol engraved is mysteriouse.	hits=16
1570	commented_ambiguous	tbl1.pak	0x013DA445		VUSpiritualists love this necklace.\nIt's said that the symbol engraved is mysteriouse.	VU气功师 love this necklace.\nIt's said that the symbol engraved is mysteriouse.	hits=16
1571	commented_ambiguous	tbl1.pak	0x013DA51F		VUSpiritualists love this necklace.\nIt's said that the symbol engraved is mysteriouse.	VU气功师 love this necklace.\nIt's said that the symbol engraved is mysteriouse.	hits=16
1572	commented_ambiguous	tbl1.pak	0x013DA5F9		VUSpiritualists love this necklace.\nIt's said that the symbol engraved is mysteriouse.	VU气功师 love this necklace.\nIt's said that the symbol engraved is mysteriouse.	hits=16
1573	commented_ambiguous	tbl1.pak	0x013DA6D3		VUSpiritualists love this necklace.\nIt's said that the symbol engraved is mysteriouse.	VU气功师 love this necklace.\nIt's said that the symbol engraved is mysteriouse.	hits=16
1577	commented_ambiguous	tbl1.pak	0x013EF3BB		CC Scouter S	CC探测器S	hits=5
1578	relocated_unique	tbl1.pak	0x013EF491	0x013EF53D	Super CC Scouter S	超级CC探测器S	utf16
1579	commented_ambiguous	tbl1.pak	0x013EF557		Long Scouter S	长探测器S	hits=3
1580	commented_ambiguous	tbl1.pak	0x013EF719		Z Scouter S	Z探测器S	hits=4
1581	commented_ambiguous	tbl1.pak	0x013EF7BB		Super Z Scouter	超级Z探测器	hits=3
1582	commented_ambiguous	tbl1.pak	0x013F1C55		Crystal Spirit Circuit 3	水晶精神电路3	hits=3
1583	commented_ambiguous	tbl1.pak	0x013F1CCB		Crystal Spirit Circuit 5	水晶精神电路5	hits=3
1584	commented_ambiguous	tbl1.pak	0x013F1D41		Crystal Spirit Circuit 10	水晶精神电路10	hits=2
1585	relocated_unique	tbl1.pak	0x013F1DB9	0x013F1E65	Crystal Spirit Circuit 15	水晶精神电路15	utf16
1586	relocated_unique	tbl1.pak	0x013F1E31	0x013F1EDD	Crystal Spirit Circuit 20	水晶精神电路20	utf16
1587	relocated_unique	tbl1.pak	0x013F1EA9	0x013F1F55	Crystal Spirit Circuit 25	水晶精神电路25	utf16
1588	relocated_unique	tbl1.pak	0x013F1F21	0x013F1FCD	Crystal Spirit Circuit 30	水晶精神电路30	utf16
1589	relocated_unique	tbl1.pak	0x013F1F99	0x013F2045	Crystal Spirit Circuit 35	水晶精神电路35	utf16
1590	relocated_unique	tbl1.pak	0x013F2011	0x013F20BD	Crystal Spirit Circuit 40	水晶精神电路40	utf16
1591	relocated_unique	tbl1.pak	0x013F2089	0x013F2135	Crystal Spirit Circuit 45	水晶精神电路45	utf16
1592	relocated_unique	tbl1.pak	0x013F2101	0x013F21AD	Crystal Spirit Circuit 50	水晶精神电路50	utf16
1593	relocated_unique	tbl1.pak	0x013F2179	0x013F2225	Crystal Spirit Circuit 55	水晶精神电路55	utf16
1594	relocated_unique	tbl1.pak	0x013F21F1	0x013F229D	Crystal Spirit Circuit 60	水晶精神电路60	utf16
1595	relocated_unique	tbl1.pak	0x013F2269	0x013F2315	Crystal Spirit Circuit 65	水晶精神电路65	utf16
1596	relocated_unique	tbl1.pak	0x013F22E1	0x013F238D	Crystal Spirit Circuit 70	水晶精神电路70	utf16
1597	relocated_unique	tbl1.pak	0x013F2359	0x013F2405	Crystal Spirit Circuit 75	水晶精神电路75	utf16
1598	relocated_unique	tbl1.pak	0x013F23D1	0x013F247D	Crystal Spirit Circuit 80	水晶精神电路80	utf16
1599	relocated_unique	tbl1.pak	0x013F2449	0x013F24F5	Crystal Spirit Circuit 85	水晶精神电路85	utf16
1600	relocated_unique	tbl1.pak	0x013F24C1	0x013F256D	Crystal Spirit Circuit 90	水晶精神电路90	utf16
1601	relocated_unique	tbl1.pak	0x013F2539	0x013F25E5	Crystal Spirit Circuit 95	水晶精神电路95	utf16
1602	relocated_unique	tbl1.pak	0x013F25B1	0x013F265D	Crystal Spirit Circuit 100	水晶精神电路100	utf16
1603	relocated_unique	tbl1.pak	0x013F8EA3	0x013F8F4F	P Iron Gauntlets R	P铁臂甲R	utf16
1604	relocated_unique	tbl1.pak	0x013F8FC7	0x013F9073	P Metal Gauntlets R	P金属臂甲R	utf16
1605	relocated_unique	tbl1.pak	0x013F9391	0x013F943D	P Namekian Gauntlets R	P那美克星人臂甲R	utf16
1606	relocated_unique	tbl1.pak	0x013F94AD	0x013F9559	P Elder Gauntlets R	P长老臂甲R	utf16
1607	commented_ambiguous	tbl1.pak	0x013F9B79		Iron Gauntlets R	铁臂甲R	hits=3
1608	commented_ambiguous	tbl1.pak	0x013F9C99		Metal Gauntlets R	金属臂甲R	hits=3
1609	commented_ambiguous	tbl1.pak	0x013FA057		Namekian Gauntlets R	那美克星人臂甲R	hits=3
1610	commented_ambiguous	tbl1.pak	0x013FA16F		Elder Gauntlets R	长老臂甲R	hits=3
1611	relocated_unique	tbl1.pak	0x013FA82F	0x013FA8DB	E Iron Gauntlets R	E铁臂甲R	utf16
1612	relocated_unique	tbl1.pak	0x013FA953	0x013FA9FF	E Metal Gauntlets R	E金属臂甲R	utf16
1613	relocated_unique	tbl1.pak	0x013FAD1D	0x013FADC9	E Namekian Gauntlets R	E那美克星人臂甲R	utf16
1614	relocated_unique	tbl1.pak	0x013FAE39	0x013FAEE5	E Elder Gauntlets R	E长老臂甲R	utf16
1615	relocated_unique	tbl1.pak	0x013FB169	0x013FB215	E Lotus Dragon Gauntlets R	E莲花龙臂甲R	utf16
1616	commented_ambiguous	tbl1.pak	0x013FB3F5		Blast Gauntlets	爆破臂甲	hits=5
1617	relocated_unique	tbl1.pak	0x013FB90F	0x013FB9BB	Namek Staff R	那美克杖R	utf16
1618	relocated_unique	tbl1.pak	0x013FBA81	0x013FBB2D	Elder Staff R	长老杖R	utf16
1619	relocated_unique	tbl1.pak	0x013FBDEF	0x013FBE9B	CC Elite Staff R	CC精英杖R	utf16
1622	relocated_unique	tbl1.pak	0x013FBFBB	0x013FC067	Capsule Staff R	杖R胶囊	utf16
1623	relocated_unique	tbl1.pak	0x013FC19B	0x013FC247	Lizard Staff R	蜥蜴杖R	utf16
1626	relocated_unique	tbl1.pak	0x013FD099	0x013FD145	Devil Claws R	魔鬼爪R	utf16
1627	relocated_unique	tbl1.pak	0x013FD1B3	0x013FD25F	Steel Claws R	钢爪R	utf16
1630	relocated_unique	tbl1.pak	0x013FD2F1	0x013FD39D	Silver Soul Claws R	银色灵魂爪R	utf16
1633	commented_ambiguous	tbl1.pak	0x013FD77B		Strong Warrior Claws	强力战士爪	hits=6
1634	relocated_unique	tbl1.pak	0x013FD8EF	0x013FD99B	Magic Head Axe R	魔法头斧R	utf16
1635	relocated_unique	tbl1.pak	0x013FD955	0x013FDA01	Namek Axe R	那美克斧R	utf16
1636	relocated_unique	tbl1.pak	0x013FDA15	0x013FDAC1	Steel Axe R	钢斧R	utf16
1637	relocated_unique	tbl1.pak	0x013FDB73	0x013FDC1F	Silver Soul Axe R	银色灵魂斧R	utf16
1640	relocated_unique	tbl1.pak	0x013FDD65	0x013FDE11	Light Speed Axe R	光速度斧R	utf16
1641	commented_ambiguous	tbl1.pak	0x013FE191		Scroll of Honor R	荣耀R的卷轴	hits=2
1642	commented_ambiguous	tbl1.pak	0x013FEA97		Crystal Gem R	水晶宝石R	hits=5
1643	relocated_unique	tbl1.pak	0x013FEAF9	0x013FEBA5	Diamond Gem R	钻石宝石R	utf16
1644	relocated_unique	tbl1.pak	0x013FEDC9	0x013FEE75	Black Crystal Gem R	黑色水晶宝石R	utf16
1645	relocated_unique	tbl1.pak	0x013FEFD5	0x013FF081	Dark Crystal Gem R	黑暗水晶宝石R	utf16
1646	commented_ambiguous	tbl1.pak	0x013FF0B7		Purple Stone Gem	紫色石宝石	hits=6
1647	commented_ambiguous	tbl1.pak	0x013FF143		Green Stone Gem	绿色石宝石	hits=5
1648	commented_ambiguous	tbl1.pak	0x013FF1E3		Black Stone Gem	黑色石宝石	hits=5
1649	relocated_unique	tbl1.pak	0x013FF46B	0x013FF517	Korin Stick R	卡林棍R	utf16
1650	relocated_unique	tbl1.pak	0x013FF55F	0x013FF60B	Steel Stick R	钢棍R	utf16
1651	relocated_unique	tbl1.pak	0x013FF623	0x013FF6CF	Tiger Stick R	老虎棍R	utf16
1654	relocated_unique	tbl1.pak	0x013FF903	0x013FF9AF	Diamond Stick R	钻石棍R	utf16
1655	relocated_unique	tbl1.pak	0x013FF92F	0x013FF9DB	Z Awakening Stick R	Z觉醒棍R	utf16
1656	relocated_unique	tbl1.pak	0x013FFDAB	0x013FFE57	White Wolf Sword R	白色狼剑R	utf16
1657	relocated_unique	tbl1.pak	0x013FFF4D	0x013FFFF9	Willow Sword R	柳木剑R	utf16
1658	relocated_unique	tbl1.pak	0x0140008D	0x01400139	Star Sword R	星剑R	utf16
1659	commented_ambiguous	tbl1.pak	0x01400235		Thunder Sword R	雷霆剑R	hits=3
1660	relocated_unique	tbl1.pak	0x014006CF	0x0140077B	Crystal Wand R	水晶短杖R	utf16
1661	relocated_unique	tbl1.pak	0x01400733	0x014007DF	Diamond Wand R	钻石短杖R	utf16
1662	relocated_unique	tbl1.pak	0x014007D1	0x0140087D	Green Wand R	绿色短杖R	utf16
1663	relocated_unique	tbl1.pak	0x01400935	0x014009E1	Comet Wand R	彗星短杖R	utf16
1664	commented_ambiguous	tbl1.pak	0x01400AEB		Thunder Wand R	雷霆短杖R	hits=4
1665	commented_ambiguous	tbl1.pak	0x01400B15		Awakening Wand R	觉醒短杖R	hits=2
1668	relocated_unique	tbl1.pak	0x01401149	0x014011F5	3 Eye Fan R	3眼扇R	utf16
1673	relocated_unique	tbl1.pak	0x01401BB7	0x01401C63	Flame Cannon R	火焰炮R	utf16
1674	commented_ambiguous	tbl1.pak	0x01401BE1		Trumpet R	号角R	hits=37
1675	relocated_unique	tbl1.pak	0x01401DD7	0x01401E83	Super Trumpet R	超级号角R	utf16
1676	relocated_unique	tbl1.pak	0x0140204F	0x014020FB	Light Speed Trumpet R	光速度号角R	utf16
1677	relocated_unique	tbl1.pak	0x014020CB	0x01402177	Dark Trumpet R	黑暗号角R	utf16
1678	relocated_unique	tbl1.pak	0x014027BF	0x0140286B	Corn Club R	玉米棒R	utf16
1679	commented_ambiguous	tbl1.pak	0x01402D5B		Pound Drum R	重击鼓R	hits=4
1680	relocated_unique	tbl1.pak	0x01403263	0x0140330F	Ultimate Gohan Pet	终极孙悟饭宠物	utf16
1681	relocated_unique	tbl1.pak	0x01403413	0x014034BF	SS3 Bardock	超级赛亚人3巴达克	utf16
1682	converted_wildcard	tbl1.pak	0x014093A3	*	7Spiritualist beginner clothes.\nLight and easy to move.	7气功师 beginner clothes.\nLight and easy to move.	hits=9
1683	commented_ambiguous	tbl1.pak	0x01409467		7Spiritualist beginner clothes.\nLight and easy to move.	7气功师 beginner clothes.\nLight and easy to move.	hits=9
1684	commented_ambiguous	tbl1.pak	0x0140952B		7Spiritualist beginner clothes.\nLight and easy to move.	7气功师 beginner clothes.\nLight and easy to move.	hits=9
1685	commented_ambiguous	tbl1.pak	0x01422303		Pleasant Wind Necklace R	愉快风项链R	hits=14
1686	converted_wildcard	tbl1.pak	0x01422733	*	USpiritualists love this necklace.\nIt's said that the symbol engraved is mysteriouse.	U气功师 love this necklace.\nIt's said that the symbol engraved is mysteriouse.	hits=64
1687	commented_ambiguous	tbl1.pak	0x01422819		USpiritualists love this necklace.\nIt's said that the symbol engraved is mysteriouse.	U气功师 love this necklace.\nIt's said that the symbol engraved is mysteriouse.	hits=64
1688	commented_ambiguous	tbl1.pak	0x014228FF		USpiritualists love this necklace.\nIt's said that the symbol engraved is mysteriouse.	U气功师 love this necklace.\nIt's said that the symbol engraved is mysteriouse.	hits=64
1689	commented_ambiguous	tbl1.pak	0x014229E5		USpiritualists love this necklace.\nIt's said that the symbol engraved is mysteriouse.	U气功师 love this necklace.\nIt's said that the symbol engraved is mysteriouse.	hits=64
1690	commented_ambiguous	tbl1.pak	0x01422ACB		USpiritualists love this necklace.\nIt's said that the symbol engraved is mysteriouse.	U气功师 love this necklace.\nIt's said that the symbol engraved is mysteriouse.	hits=64
1691	commented_ambiguous	tbl1.pak	0x01422BB1		USpiritualists love this necklace.\nIt's said that the symbol engraved is mysteriouse.	U气功师 love this necklace.\nIt's said that the symbol engraved is mysteriouse.	hits=64
1692	commented_ambiguous	tbl1.pak	0x01422C97		USpiritualists love this necklace.\nIt's said that the symbol engraved is mysteriouse.	U气功师 love this necklace.\nIt's said that the symbol engraved is mysteriouse.	hits=64
1693	commented_ambiguous	tbl1.pak	0x01422D7D		USpiritualists love this necklace.\nIt's said that the symbol engraved is mysteriouse.	U气功师 love this necklace.\nIt's said that the symbol engraved is mysteriouse.	hits=64
1694	commented_ambiguous	tbl1.pak	0x01422E5F		USpiritualists love this necklace.\nIt's said that the symbol engraved is mysteriouse.	U气功师 love this necklace.\nIt's said that the symbol engraved is mysteriouse.	hits=64
1695	commented_ambiguous	tbl1.pak	0x01422F41		USpiritualists love this necklace.\nIt's said that the symbol engraved is mysteriouse.	U气功师 love this necklace.\nIt's said that the symbol engraved is mysteriouse.	hits=64
1696	commented_ambiguous	tbl1.pak	0x01423019		USpiritualists love this necklace.\nIt's said that the symbol engraved is mysteriouse.	U气功师 love this necklace.\nIt's said that the symbol engraved is mysteriouse.	hits=64
1697	commented_ambiguous	tbl1.pak	0x014230F1		USpiritualists love this necklace.\nIt's said that the symbol engraved is mysteriouse.	U气功师 love this necklace.\nIt's said that the symbol engraved is mysteriouse.	hits=64
1698	commented_ambiguous	tbl1.pak	0x014231C9		USpiritualists love this necklace.\nIt's said that the symbol engraved is mysteriouse.	U气功师 love this necklace.\nIt's said that the symbol engraved is mysteriouse.	hits=64
1699	commented_ambiguous	tbl1.pak	0x014232A1		USpiritualists love this necklace.\nIt's said that the symbol engraved is mysteriouse.	U气功师 love this necklace.\nIt's said that the symbol engraved is mysteriouse.	hits=64
1700	commented_ambiguous	tbl1.pak	0x01423379		USpiritualists love this necklace.\nIt's said that the symbol engraved is mysteriouse.	U气功师 love this necklace.\nIt's said that the symbol engraved is mysteriouse.	hits=64
1701	commented_ambiguous	tbl1.pak	0x01423451		USpiritualists love this necklace.\nIt's said that the symbol engraved is mysteriouse.	U气功师 love this necklace.\nIt's said that the symbol engraved is mysteriouse.	hits=64
1705	relocated_unique	tbl1.pak	0x01438987	0x01438A33	Super Z Scouter SP	超级Z探测器SP	utf16
1706	relocated_unique	tbl1.pak	0x014399BD	0x01439A69	Crystal Spirit Chip 20	水晶精神芯片20	utf16
1707	relocated_unique	tbl1.pak	0x01439A2F	0x01439ADB	Crystal Spirit Chip 25	水晶精神芯片25	utf16
1708	relocated_unique	tbl1.pak	0x01439AA1	0x01439B4D	Crystal Spirit Chip 30	水晶精神芯片30	utf16
1709	relocated_unique	tbl1.pak	0x01439B13	0x01439BBF	Crystal Spirit Chip 35	水晶精神芯片35	utf16
1710	relocated_unique	tbl1.pak	0x01439B85	0x01439C31	Crystal Spirit Chip 40	水晶精神芯片40	utf16
1711	relocated_unique	tbl1.pak	0x01439BF7	0x01439CA3	Crystal Spirit Chip 45	水晶精神芯片45	utf16
1712	relocated_unique	tbl1.pak	0x01439C69	0x01439D15	Crystal Spirit Chip 50	水晶精神芯片50	utf16
1713	relocated_unique	tbl1.pak	0x01439CDB	0x01439D87	Crystal Spirit Chip 55	水晶精神芯片55	utf16
1714	relocated_unique	tbl1.pak	0x01439D4D	0x01439DF9	Crystal Spirit Chip 60	水晶精神芯片60	utf16
1715	relocated_unique	tbl1.pak	0x01439DBF	0x01439E6B	Crystal Spirit Chip 65	水晶精神芯片65	utf16
1716	relocated_unique	tbl1.pak	0x01439E31	0x01439EDD	Crystal Spirit Chip 70	水晶精神芯片70	utf16
1717	relocated_unique	tbl1.pak	0x01439EA3	0x01439F4F	Crystal Spirit Chip 75	水晶精神芯片75	utf16
1718	relocated_unique	tbl1.pak	0x01439F15	0x01439FC1	Crystal Spirit Chip 80	水晶精神芯片80	utf16
1719	relocated_unique	tbl1.pak	0x01439F87	0x0143A033	Crystal Spirit Chip 85	水晶精神芯片85	utf16
1720	relocated_unique	tbl1.pak	0x01439FF9	0x0143A0A5	Crystal Spirit Chip 90	水晶精神芯片90	utf16
1721	relocated_unique	tbl1.pak	0x0143A06B	0x0143A117	Crystal Spirit Chip 95	水晶精神芯片95	utf16
1722	relocated_unique	tbl1.pak	0x0143A0DD	0x0143A189	Crystal Spirit Chip 100	水晶精神芯片100	utf16
1723	relocated_unique	tbl1.pak	0x0143E87F	0x0143E92B	Injection  Gauntlets L	注射臂甲L	utf16
1724	relocated_unique	tbl1.pak	0x0143FA41	0x0143FAED	P Iron Gauntlets L	P铁臂甲L	utf16
1725	relocated_unique	tbl1.pak	0x0143FB65	0x0143FC11	P Metal Gauntlets L	P金属臂甲L	utf16
1726	relocated_unique	tbl1.pak	0x0143FF2F	0x0143FFDB	P Namekian Gauntlets L	P那美克星人臂甲L	utf16
1727	relocated_unique	tbl1.pak	0x0144004B	0x014400F7	P Elder Gauntlets L	P长老臂甲L	utf16
1728	commented_ambiguous	tbl1.pak	0x01440717		Iron Gauntlets L	铁臂甲L	hits=3
1729	commented_ambiguous	tbl1.pak	0x01440837		Metal Gauntlets L	金属臂甲L	hits=3
1730	commented_ambiguous	tbl1.pak	0x01440BF1		Namekian Gauntlets L	那美克星人臂甲L	hits=3
1731	commented_ambiguous	tbl1.pak	0x01440D09		Elder Gauntlets L	长老臂甲L	hits=3
1732	relocated_unique	tbl1.pak	0x014413C9	0x01441475	E Iron Gauntlets L	E铁臂甲L	utf16
1733	relocated_unique	tbl1.pak	0x014414ED	0x01441599	E Metal Gauntlets L	E金属臂甲L	utf16
1734	relocated_unique	tbl1.pak	0x014418B5	0x01441961	E Namekian Gauntlets L	E那美克星人臂甲L	utf16
1735	relocated_unique	tbl1.pak	0x014419D1	0x01441A7D	E Elder Gauntlets L	E长老臂甲L	utf16
1736	relocated_unique	tbl1.pak	0x01441E89	0x01441F35	Namek Staff L	那美克杖L	utf16
1737	relocated_unique	tbl1.pak	0x01441FFB	0x014420A7	Elder Staff L	长老杖L	utf16
1738	relocated_unique	tbl1.pak	0x01442369	0x01442415	CC Elite Staff L	CC精英杖L	utf16
1741	relocated_unique	tbl1.pak	0x01442535	0x014425E1	Capsule Staff L	杖L胶囊	utf16
1742	relocated_unique	tbl1.pak	0x01442715	0x014427C1	Lizard Staff L	蜥蜴杖L	utf16
1745	relocated_unique	tbl1.pak	0x014430D1	0x0144317D	Devil Claws L	魔鬼爪L	utf16
1746	relocated_unique	tbl1.pak	0x014431EB	0x01443297	Steel Claws L	钢爪L	utf16
1749	relocated_unique	tbl1.pak	0x01443329	0x014433D5	Silver Soul Claws L	银色灵魂爪L	utf16
1752	relocated_unique	tbl1.pak	0x014435F5	0x014436A1	Magic Head Axe L	魔法头斧L	utf16
1753	relocated_unique	tbl1.pak	0x0144365B	0x01443707	Namek Axe L	那美克斧L	utf16
1754	relocated_unique	tbl1.pak	0x0144371B	0x014437C7	Steel Axe L	钢斧L	utf16
1755	relocated_unique	tbl1.pak	0x01443879	0x01443925	Silver Soul Axe L	银色灵魂斧L	utf16
1758	relocated_unique	tbl1.pak	0x01443A6B	0x01443B17	Light Speed Axe L	光速度斧L	utf16
1759	commented_ambiguous	tbl1.pak	0x01443AE7		Scroll of Honor L	荣耀L的卷轴	hits=2
1760	commented_ambiguous	tbl1.pak	0x01444053		Crystal Gem L	水晶宝石L	hits=3
1761	relocated_unique	tbl1.pak	0x014440B5	0x01444161	Diamond Gem L	钻石宝石L	utf16
1762	relocated_unique	tbl1.pak	0x01444385	0x01444431	Black Crystal Gem L	黑色水晶宝石L	utf16
1763	relocated_unique	tbl1.pak	0x01444591	0x0144463D	Dark Crystal Gem L	黑暗水晶宝石L	utf16
1764	relocated_unique	tbl1.pak	0x01444651	0x014446FD	Korin Stick L	卡林棍L	utf16
1765	relocated_unique	tbl1.pak	0x01444745	0x014447F1	Steel Stick L	钢棍L	utf16
1766	relocated_unique	tbl1.pak	0x01444809	0x014448B5	Tiger  Stick L	老虎棍L	utf16
1769	relocated_unique	tbl1.pak	0x01444AEB	0x01444B97	Diamond Stick L	钻石棍L	utf16
1770	relocated_unique	tbl1.pak	0x01444B17	0x01444BC3	Z Awakening Stick L	Z觉醒棍L	utf16
1771	relocated_unique	tbl1.pak	0x01444BE5	0x01444C91	White Wolf Sword L	白色狼剑L	utf16
1772	relocated_unique	tbl1.pak	0x01444D87	0x01444E33	Willow Sword L	柳木剑L	utf16
1773	relocated_unique	tbl1.pak	0x01444EC7	0x01444F73	Star Sword L	星剑L	utf16
1774	commented_ambiguous	tbl1.pak	0x0144506F		Thunder Sword L	雷霆剑L	hits=2
1775	relocated_unique	tbl1.pak	0x014450FB	0x014451A7	Crystal Wand L	水晶短杖L	utf16
1776	relocated_unique	tbl1.pak	0x0144515F	0x0144520B	Diamond Wand L	钻石短杖L	utf16
1777	relocated_unique	tbl1.pak	0x014451FD	0x014452A9	Green Wand L	绿色短杖L	utf16
1778	relocated_unique	tbl1.pak	0x01445361	0x0144540D	Comet Wand L	彗星短杖L	utf16
1779	relocated_unique	tbl1.pak	0x01445517	0x014455C3	Thunder Wand L	雷霆短杖L	utf16
1780	relocated_unique	tbl1.pak	0x01445541	0x014455ED	Awakening Wand L	觉醒短杖L	utf16
1783	relocated_unique	tbl1.pak	0x0144575F	0x0144580B	3 Eye Fan L	3眼扇L	utf16
1788	relocated_unique	tbl1.pak	0x01445E21	0x01445ECD	Flame Cannon L	火焰炮L	utf16
1789	commented_ambiguous	tbl1.pak	0x01445E4B		Trumpet L	号角L	hits=9
1790	relocated_unique	tbl1.pak	0x01446041	0x014460ED	Super Trumpet L	超级号角L	utf16
1791	relocated_unique	tbl1.pak	0x014462B1	0x0144635D	Light Speed Trumpet L	光速度号角L	utf16
1792	relocated_unique	tbl1.pak	0x0144632D	0x014463D9	Dark Trumpet L	黑暗号角L	utf16
1793	relocated_unique	tbl1.pak	0x014465D5	0x01446681	Corn Club L	玉米棒L	utf16
1794	relocated_unique	tbl1.pak	0x014467DD	0x01446889	Pound Drum L	重击鼓L	utf16
1795	commented_ambiguous	tbl1.pak	0x0144B163		7Spiritualist beginner clothes.\nLight and easy to move.	7气功师 beginner clothes.\nLight and easy to move.	hits=9
1796	commented_ambiguous	tbl1.pak	0x0144B227		7Spiritualist beginner clothes.\nLight and easy to move.	7气功师 beginner clothes.\nLight and easy to move.	hits=9
1797	commented_ambiguous	tbl1.pak	0x0144B2EB		7Spiritualist beginner clothes.\nLight and easy to move.	7气功师 beginner clothes.\nLight and easy to move.	hits=9
1798	commented_ambiguous	tbl1.pak	0x014610C7		Pleasant Wind Necklace L	愉快风项链L	hits=14
1799	commented_ambiguous	tbl1.pak	0x01461B85		USpiritualists love this necklace.\nIt's said that the symbol engraved is mysteriouse.	U气功师 love this necklace.\nIt's said that the symbol engraved is mysteriouse.	hits=64
1800	commented_ambiguous	tbl1.pak	0x01461C5D		USpiritualists love this necklace.\nIt's said that the symbol engraved is mysteriouse.	U气功师 love this necklace.\nIt's said that the symbol engraved is mysteriouse.	hits=64
1801	commented_ambiguous	tbl1.pak	0x01461D35		USpiritualists love this necklace.\nIt's said that the symbol engraved is mysteriouse.	U气功师 love this necklace.\nIt's said that the symbol engraved is mysteriouse.	hits=64
1802	commented_ambiguous	tbl1.pak	0x01461E0D		USpiritualists love this necklace.\nIt's said that the symbol engraved is mysteriouse.	U气功师 love this necklace.\nIt's said that the symbol engraved is mysteriouse.	hits=64
1803	commented_ambiguous	tbl1.pak	0x01461EE5		USpiritualists love this necklace.\nIt's said that the symbol engraved is mysteriouse.	U气功师 love this necklace.\nIt's said that the symbol engraved is mysteriouse.	hits=64
1804	commented_ambiguous	tbl1.pak	0x01461FBD		USpiritualists love this necklace.\nIt's said that the symbol engraved is mysteriouse.	U气功师 love this necklace.\nIt's said that the symbol engraved is mysteriouse.	hits=64
1805	commented_ambiguous	tbl1.pak	0x01462095		USpiritualists love this necklace.\nIt's said that the symbol engraved is mysteriouse.	U气功师 love this necklace.\nIt's said that the symbol engraved is mysteriouse.	hits=64
1806	commented_ambiguous	tbl1.pak	0x0146216D		USpiritualists love this necklace.\nIt's said that the symbol engraved is mysteriouse.	U气功师 love this necklace.\nIt's said that the symbol engraved is mysteriouse.	hits=64
1807	commented_ambiguous	tbl1.pak	0x01462241		USpiritualists love this necklace.\nIt's said that the symbol engraved is mysteriouse.	U气功师 love this necklace.\nIt's said that the symbol engraved is mysteriouse.	hits=64
1808	commented_ambiguous	tbl1.pak	0x01462315		USpiritualists love this necklace.\nIt's said that the symbol engraved is mysteriouse.	U气功师 love this necklace.\nIt's said that the symbol engraved is mysteriouse.	hits=64
1809	commented_ambiguous	tbl1.pak	0x014623ED		USpiritualists love this necklace.\nIt's said that the symbol engraved is mysteriouse.	U气功师 love this necklace.\nIt's said that the symbol engraved is mysteriouse.	hits=64
1810	commented_ambiguous	tbl1.pak	0x014624C5		USpiritualists love this necklace.\nIt's said that the symbol engraved is mysteriouse.	U气功师 love this necklace.\nIt's said that the symbol engraved is mysteriouse.	hits=64
1811	commented_ambiguous	tbl1.pak	0x0146259D		USpiritualists love this necklace.\nIt's said that the symbol engraved is mysteriouse.	U气功师 love this necklace.\nIt's said that the symbol engraved is mysteriouse.	hits=64
1812	commented_ambiguous	tbl1.pak	0x01462675		USpiritualists love this necklace.\nIt's said that the symbol engraved is mysteriouse.	U气功师 love this necklace.\nIt's said that the symbol engraved is mysteriouse.	hits=64
1813	commented_ambiguous	tbl1.pak	0x0146274D		USpiritualists love this necklace.\nIt's said that the symbol engraved is mysteriouse.	U气功师 love this necklace.\nIt's said that the symbol engraved is mysteriouse.	hits=64
1814	commented_ambiguous	tbl1.pak	0x01462825		USpiritualists love this necklace.\nIt's said that the symbol engraved is mysteriouse.	U气功师 love this necklace.\nIt's said that the symbol engraved is mysteriouse.	hits=64
1822	relocated_unique	tbl1.pak	0x01476C1D	0x01476CC9	Super Saiyan Scouter	超级赛亚人探测器	utf16
1823	relocated_unique	tbl1.pak	0x0147746D	0x01477519	Crystal Spirit Gem Chip 40	水晶精神宝石芯片40	utf16
1824	relocated_unique	tbl1.pak	0x014774E7	0x01477593	Crystal Spirit Gem Chip 50	水晶精神宝石芯片50	utf16
1825	relocated_unique	tbl1.pak	0x01477561	0x0147760D	Crystal Spirit Gem Chip 60	水晶精神宝石芯片60	utf16
1826	relocated_unique	tbl1.pak	0x014775DB	0x01477687	Crystal Spirit Gem Chip 70	水晶精神宝石芯片70	utf16
1827	relocated_unique	tbl1.pak	0x01477655	0x01477701	Crystal Spirit Gem Chip 80	水晶精神宝石芯片80	utf16
1828	relocated_unique	tbl1.pak	0x014776CF	0x0147777B	Crystal Spirit Gem Chip 90	水晶精神宝石芯片90	utf16
1829	relocated_unique	tbl1.pak	0x01477749	0x014777F5	Crystal Spirit Gem Chip 100	水晶精神宝石芯片100	utf16
1830	relocated_unique	tbl1.pak	0x014777C5	0x01477871	Crystal Spirit Gem Chip 110	水晶精神宝石芯片110	utf16
1831	relocated_unique	tbl1.pak	0x0147A98D	0x0147AA39	P Red Dragon Gauntlets	P红色龙臂甲	utf16
1832	relocated_unique	tbl1.pak	0x0147F3CB	0x0147F477	CC Energy Gauntlets	CC气功臂甲	utf16
1833	relocated_unique	tbl1.pak	0x01480453	0x014804FF	E Red Dragon Gauntlets	E红色龙臂甲	utf16
1834	relocated_unique	tbl1.pak	0x01482511	0x014825BD	E Lightning Gauntlets	E闪电臂甲	utf16
1835	commented_ambiguous	tbl1.pak	0x014826D9		Metal Gauntlets EX	金属臂甲EX	hits=13
1836	relocated_unique	tbl1.pak	0x01482A3B	0x01482AE7	E Cricket Gauntlets	E蟋蟀臂甲	utf16
1837	relocated_unique	tbl1.pak	0x01482D6B	0x01482E17	E Chaos Gauntlets	E混沌臂甲	utf16
1838	commented_ambiguous	tbl1.pak	0x01482DD7		Namekian Gauntlets EX	那美克星人臂甲EX	hits=8
1839	relocated_unique	tbl1.pak	0x01484739	0x014847E5	Limited Injection Staff	限定注射杖	utf16
1840	relocated_unique	tbl1.pak	0x01484D99	0x01484E45	Palm Staff	棕榈杖	utf16
1841	relocated_unique	tbl1.pak	0x01484E0D	0x01484EB9	Dragon Soul Staff	龙灵魂杖	utf16
1842	relocated_unique	tbl1.pak	0x01484FA5	0x01485051	Old Dragon Staff	老旧龙杖	utf16
1843	relocated_unique	tbl1.pak	0x014850B5	0x01485161	Magic Power Staff	魔法力量杖	utf16
1844	relocated_unique	tbl1.pak	0x014852E1	0x0148538D	Evil Dragon Staff	邪恶龙杖	utf16
1845	relocated_unique	tbl1.pak	0x0148540B	0x014854B7	Iron Staff	铁杖	utf16
1848	relocated_unique	tbl1.pak	0x01486079	0x01486125	Invincible Damage Claws	无敌伤害爪	utf16
1849	relocated_unique	tbl1.pak	0x01486403	0x014864AF	Magic Dragon Claws	魔法龙爪	utf16
1850	relocated_unique	tbl1.pak	0x014873A7	0x01487453	Magic Power Axe	魔法力量斧	utf16
1851	relocated_unique	tbl1.pak	0x01487441	0x014874ED	CC New Metal Axe	CC新金属斧	utf16
1856	relocated_unique	tbl1.pak	0x01487F4B	0x01487FF7	Dragon Roar Scroll	龙咆哮卷轴	utf16
1857	relocated_unique	tbl1.pak	0x014883C7	0x01488473	Crystal Gem Scroll	水晶宝石卷轴	utf16
1858	commented_ambiguous	tbl1.pak	0x0148848B		Dark Scroll	黑暗卷轴	hits=2
1859	commented_ambiguous	tbl1.pak	0x01488BC5		Dark Crystal Gem	黑暗水晶宝石	hits=4
1860	relocated_unique	tbl1.pak	0x014891FB	0x014892A7	Dragon Magic Gem	龙魔法宝石	utf16
1861	commented_ambiguous	tbl1.pak	0x01489841		Awakening Stick	觉醒棍	hits=15
1862	relocated_unique	tbl1.pak	0x01489C41	0x01489CED	Phoenix Magic Stick	凤凰魔法棍	utf16
1865	commented_ambiguous	tbl1.pak	0x0148A6BD		Warrior Sword	那美克战士剑	hits=2
1868	relocated_unique	tbl1.pak	0x0148AE19	0x0148AEC5	King Lightning Sword	王闪电剑	utf16
1871	relocated_unique	tbl1.pak	0x0148B047	0x0148B0F3	Magic Soul Sword	魔法灵魂剑	utf16
1872	relocated_unique	tbl1.pak	0x0148B2B5	0x0148B361	Red Star Sword	红色星剑	utf16
1873	relocated_unique	tbl1.pak	0x0148B3A7	0x0148B453	Green Jade Wand EX	绿色翡翠短杖EX	utf16
1874	relocated_unique	tbl1.pak	0x0148B61B	0x0148B6C7	Long Life Wand	长生命短杖	utf16
1875	relocated_unique	tbl1.pak	0x0148B741	0x0148B7ED	Space Turtle Wand	空间龟短杖	utf16
1876	relocated_unique	tbl1.pak	0x0148BA35	0x0148BAE1	Lightning Wand	闪电短杖	utf16
1877	relocated_unique	tbl1.pak	0x0148BAAD	0x0148BB59	King of Magic Wand	魔法短杖的王	utf16
1878	relocated_unique	tbl1.pak	0x0148BC31	0x0148BCDD	Sound Wand	声音短杖	utf16
1879	relocated_unique	tbl1.pak	0x0148BED5	0x0148BF81	Magic Soul Wand	魔法灵魂短杖	utf16
1880	relocated_unique	tbl1.pak	0x0148C117	0x0148C1C3	Z Awakening Wand	Z觉醒短杖	utf16
1881	relocated_unique	tbl1.pak	0x0148C1C7	0x0148C273	Magic Meteor Wand	魔法流星短杖	utf16
1882	relocated_unique	tbl1.pak	0x0148CB6D	0x0148CC19	Purple Wind Fan	紫色风扇	utf16
1883	relocated_unique	tbl1.pak	0x0148CE8F	0x0148CF3B	Dragon Scales Fan	龙鳞片扇	utf16
1884	relocated_unique	tbl1.pak	0x0148CF43	0x0148CFEF	Gale Fan	疾风扇	utf16
1885	relocated_unique	tbl1.pak	0x0148D0AF	0x0148D15B	Red Flame Fan	红色火焰扇	utf16
1886	relocated_unique	tbl1.pak	0x0148E7D3	0x0148E87F	Magic Popsicle	魔法冰棒	utf16
1887	relocated_unique	tbl1.pak	0x0148EC43	0x0148ECEF	Super Magic Club	超级魔法棒	utf16
1888	relocated_unique	tbl1.pak	0x0148F047	0x0148F0F3	Sweet Magic Club	甜魔法棒	utf16
1889	relocated_unique	tbl1.pak	0x0148FB97	0x0148FC43	Unlimited Drum	无限鼓	utf16
1890	commented_ambiguous	tbl1.pak	0x0149055D		Thunder Drum	雷霆鼓	hits=4
1891	relocated_unique	tbl1.pak	0x01490821	0x014908CD	Ultra-Pure Mask	极限-纯粹面具	utf16
1892	relocated_unique	tbl1.pak	0x01490C93	0x01490D3F	Super Majin Mask	超级魔人面具	utf16
1893	relocated_unique	tbl1.pak	0x01490D49	0x01490DF5	Super Magic Majin Mask	超级魔法魔人面具	utf16
1894	relocated_unique	tbl1.pak	0x01491429	0x014914D5	Mechanical Star Mask	机械星面具	utf16
1895	relocated_unique	tbl1.pak	0x014966F1	0x0149679D	Original Spiritualist Shirt	Original 气功师 Shirt	utf16
1896	relocated_unique	tbl1.pak	0x014A1321	0x014A13CD	Combat Dragon Clan Equip	战斗龙族装备	utf16
1897	relocated_unique	tbl1.pak	0x014A14E7	0x014A1593	Dragon Clan's general practice clothes. At the\nclothes are everywhere traces of insect bites.	那美克龙族's general practice clothes. At the\nclothes are everywhere traces of insect bites.	utf16
1898	relocated_unique	tbl1.pak	0x014A5BD7	0x014A5C83	Legendary Suit (Top)	传说套装(上衣)	utf16
1899	relocated_unique	tbl1.pak	0x014A5CA3	0x014A5D4F	Legendary Suit (Pants)	传说套装(裤子)	utf16
1900	relocated_unique	tbl1.pak	0x014A5D73	0x014A5E1F	Legendary Suit (Shoes)	传说套装(鞋子)	utf16
1901	relocated_unique	tbl1.pak	0x014B0801	0x014B08AD	Warrior Necklace	那美克战士项链	utf16
1902	relocated_unique	tbl1.pak	0x014B0A57	0x014B0B03	Light Necklace	光项链	utf16
1905	relocated_unique	tbl1.pak	0x014B0BCB	0x014B0C77	Combat Necklace	战斗项链	utf16
1908	relocated_unique	tbl1.pak	0x014B0E71	0x014B0F1D	Silver Soul Necklace	银色灵魂项链	utf16
1911	relocated_unique	tbl1.pak	0x014B13B7	0x014B1463	Green Necklace	绿色项链	utf16
1912	relocated_unique	tbl1.pak	0x014B14E5	0x014B1591	Dragon Roar Necklace	龙咆哮项链	utf16
1913	commented_ambiguous	tbl1.pak	0x014B154B		Spirit Necklace	精神项链	hits=2
1914	relocated_unique	tbl1.pak	0x014B1631	0x014B16DD	Blue Sky Necklace	蓝色天空项链	utf16
1915	relocated_unique	tbl1.pak	0x014B175D	0x014B1809	Double Soul Necklace	双灵魂项链	utf16
1916	commented_ambiguous	tbl1.pak	0x014B17DB		New Necklace 9	新项链9	hits=2
1917	commented_ambiguous	tbl1.pak	0x014B181F		New Necklace 10	新项链10	hits=3
1918	relocated_unique	tbl1.pak	0x014B188B	0x014B1937	New Necklace 11	新项链11	utf16
1919	commented_ambiguous	tbl1.pak	0x014B18AF		New Necklace 12	新项链12	hits=2
1920	commented_ambiguous	tbl1.pak	0x014B18F7		New Necklace 13	新项链13	hits=2
1921	commented_ambiguous	tbl1.pak	0x014B193F		New Necklace 14	新项链14	hits=2
1922	commented_ambiguous	tbl1.pak	0x014B1987		New Necklace 15	新项链15	hits=2
1923	commented_ambiguous	tbl1.pak	0x014B19CF		New Necklace 16	新项链16	hits=2
1926	relocated_unique	tbl1.pak	0x014B1C73	0x014B1D1F	Red Rock Necklace	红色岩石项链	utf16
1927	commented_ambiguous	tbl1.pak	0x014B1D73		Warrior Ring	那美克战士戒指	hits=9
1928	relocated_unique	tbl1.pak	0x014B1F89	0x014B2035	Light Ring	光戒指	utf16
1931	relocated_unique	tbl1.pak	0x014B20CB	0x014B2177	Combat Ring	战斗戒指	utf16
1932	commented_ambiguous	tbl1.pak	0x014B2177		Crystal Ring	水晶戒指	hits=3
1933	relocated_unique	tbl1.pak	0x014B2341	0x014B23ED	Silver Soul Ring	银色灵魂戒指	utf16
1934	relocated_unique	tbl1.pak	0x014B23A7	0x014B2453	Meteor Ring	流星戒指	utf16
1943	relocated_unique	tbl1.pak	0x014B2A2B	0x014B2AD7	Awakening Ring	觉醒戒指	utf16
1944	relocated_unique	tbl1.pak	0x014B2AA3	0x014B2B4F	Strong Ring	强力戒指	utf16
1945	commented_ambiguous	tbl1.pak	0x014B2B55		Devil Ring	魔鬼戒指	hits=3
1946	relocated_unique	tbl1.pak	0x014B2BAF	0x014B2C5B	Dark Devil Ring	黑暗魔鬼戒指	utf16
1947	relocated_unique	tbl1.pak	0x014B2C13	0x014B2CBF	Warrior Earring	那美克战士耳环	utf16
1948	relocated_unique	tbl1.pak	0x014B2E59	0x014B2F05	Light Earring	光耳环	utf16
1951	relocated_unique	tbl1.pak	0x014B2FBF	0x014B306B	Combat Earring	战斗耳环	utf16
1954	relocated_unique	tbl1.pak	0x014B3259	0x014B3305	Silver Soul Earring	银色灵魂耳环	utf16
1959	relocated_unique	tbl1.pak	0x014B38A5	0x014B3951	Red Ghost Earring	红色幽灵耳环	utf16
1960	relocated_unique	tbl1.pak	0x014B3AED	0x014B3B99	Red-Purple Earring	红色-紫色耳环	utf16
1961	relocated_unique	tbl1.pak	0x014B3B77	0x014B3C23	Green Ghost Earring	绿色幽灵耳环	utf16
1962	commented_ambiguous	tbl1.pak	0x014B3DC3		New Earring 9	新耳环9	hits=2
1963	commented_ambiguous	tbl1.pak	0x014B3E03		New Earring 10	新耳环10	hits=2
1964	commented_ambiguous	tbl1.pak	0x014B3E47		New Earring 11	新耳环11	hits=2
1965	commented_ambiguous	tbl1.pak	0x014B3E8B		New Earring 12	新耳环12	hits=2
1966	relocated_unique	tbl1.pak	0x014B443D	0x014B44E9	Prototype Scouter Chip	原型探测器芯片	utf16
1979	relocated_unique	tbl1.pak	0x014B4E75	0x014B4F21	Death Axe Transmog	死亡之斧幻化	utf16
1980	relocated_unique	tbl1.pak	0x014B4E9F	0x014B4F4B	Two Handed Sword	双手剑	utf16
1981	relocated_unique	tbl1.pak	0x014B50F9	0x014B51A5	Oozaru Coin	大猿硬币	utf16
1982	relocated_unique	tbl1.pak	0x014B5115	0x014B51C1	Martial Oozaru	武道家大猿	utf16
1983	relocated_unique	tbl1.pak	0x014B5137	0x014B51E3	Spiritualist Oozaru	气功师大猿	utf16
1985	relocated_unique	tbl1.pak	0x014B544B	0x014B54F7	Super Saiyan 4 Outfit	超级赛亚人4套装	utf16
1986	relocated_unique	tbl1.pak	0x014B547B	0x014B5527	Super Saiyan 4 Hair	超级赛亚人4发型	utf16
1987	relocated_unique	tbl1.pak	0x014B54DD	0x014B5589	Halloween Box	万圣节盒	utf16
1988	commented_ambiguous	tbl1.pak	0x014B56AD		Halloween Title	万圣节称号	hits=2
1989	relocated_unique	tbl1.pak	0x014B56D1	0x014B577D	Martial Golden Oozaru	武道家黄金大猿	utf16
1990	relocated_unique	tbl1.pak	0x014B5701	0x014B57AD	Spiritualist Golden Oozaru	气功师黄金大猿	utf16
1991	commented_ambiguous	tbl1.pak	0x014B57FD		Weapon Lv 80 Stone	武器Lv80石	hits=2
1992	commented_ambiguous	tbl1.pak	0x014B5827		White Lv 80 Stone	白色Lv80石	hits=2
1993	relocated_unique	tbl1.pak	0x014B58F5	0x014B59A1	EV Capsule Box Z56	EV胶囊盒Z56	utf16
1994	commented_ambiguous	tbl1.pak	0x014B5DF9		Ruby Dragon Soul	红宝石龙灵魂	hits=3
1995	commented_ambiguous	tbl1.pak	0x014B5E1F		Ice Dragon Soul	冰龙灵魂	hits=3
1996	commented_ambiguous	tbl1.pak	0x014B5E71		Cosmic Dragon Soul	宇宙龙灵魂	hits=2
1997	commented_ambiguous	tbl1.pak	0x014B5E9B		Leaf Dragon Soul	叶龙灵魂	hits=4
1998	relocated_unique	tbl1.pak	0x014B5FCD	0x014B6079	Event Sample	活动样品	utf16
1999	relocated_unique	tbl1.pak	0x014B605F	0x014B610B	BMO Backpack	BMO背包	utf16
2000	relocated_unique	tbl1.pak	0x014B6389	0x014B6435	Battle Z Coin	战斗Z硬币	utf16
2001	relocated_unique	tbl1.pak	0x014B64C3	0x014B656F	Blue Sky Claws	蓝色天空爪	utf16
2002	relocated_unique	tbl1.pak	0x014B6637	0x014B66E3	Dark Claws	黑暗爪	utf16
2003	relocated_unique	tbl1.pak	0x014B67A7	0x014B6853	Phoenix Claws	凤凰爪	utf16
2004	relocated_unique	tbl1.pak	0x014B6947	0x014B69F3	King Claws	王爪	utf16
2005	relocated_unique	tbl1.pak	0x014B69B3	0x014B6A5F	Ginyu Soul Claws	基纽灵魂爪	utf16
2006	relocated_unique	tbl1.pak	0x014B6CD9	0x014B6D85	Blue Sky Axe	蓝色天空斧	utf16
2007	relocated_unique	tbl1.pak	0x014B6E41	0x014B6EED	Dark Axe	黑暗斧	utf16
2008	relocated_unique	tbl1.pak	0x014B6FA1	0x014B704D	Phoenix Axe	凤凰斧	utf16
2009	relocated_unique	tbl1.pak	0x014B7135	0x014B71E1	King Axe	王斧	utf16
2010	relocated_unique	tbl1.pak	0x014B719D	0x014B7249	Ginyu Soul Axe	基纽灵魂斧	utf16
2011	relocated_unique	tbl1.pak	0x014B74CD	0x014B7579	Blue Sky Scroll	蓝色天空卷轴	utf16
2012	relocated_unique	tbl1.pak	0x014B77BF	0x014B786B	Phoenix Scroll	凤凰卷轴	utf16
2013	commented_ambiguous	tbl1.pak	0x014B7965		King Scroll	王卷轴	hits=4
2014	relocated_unique	tbl1.pak	0x014B79D3	0x014B7A7F	Ginyu Soul Scroll	基纽灵魂卷轴	utf16
2015	relocated_unique	tbl1.pak	0x014B7CED	0x014B7D99	Blue Sky Gem	蓝色天空宝石	utf16
2016	commented_ambiguous	tbl1.pak	0x014B7E51		Dark Gem	黑暗宝石	hits=4
2017	relocated_unique	tbl1.pak	0x014B7FA1	0x014B804D	Phoenix Gem	凤凰宝石	utf16
2018	relocated_unique	tbl1.pak	0x014B8135	0x014B81E1	King Gem	王宝石	utf16
2019	relocated_unique	tbl1.pak	0x014B819D	0x014B8249	Ginyu Soul Gem	基纽灵魂宝石	utf16
2020	relocated_unique	tbl1.pak	0x014B850B	0x014B85B7	Blue Sky Stick	蓝色天空棍	utf16
2021	relocated_unique	tbl1.pak	0x014B867F	0x014B872B	Dark Stick	黑暗棍	utf16
2022	relocated_unique	tbl1.pak	0x014B87EF	0x014B889B	Phoenix Stick	凤凰棍	utf16
2023	relocated_unique	tbl1.pak	0x014B898F	0x014B8A3B	King Stick	王棍	utf16
2024	relocated_unique	tbl1.pak	0x014B89FB	0x014B8AA7	Ginyu Soul Stick	基纽灵魂棍	utf16
2025	relocated_unique	tbl1.pak	0x014B8D3D	0x014B8DE9	Blue Sky Sword	蓝色天空剑	utf16
2026	commented_ambiguous	tbl1.pak	0x014B8EB1		Dark Sword	黑暗剑	hits=10
2027	relocated_unique	tbl1.pak	0x014B91C1	0x014B926D	King Sword	王剑	utf16
2028	relocated_unique	tbl1.pak	0x014B922D	0x014B92D9	Ginyu Soul Sword	基纽灵魂剑	utf16
2029	relocated_unique	tbl1.pak	0x014B9569	0x014B9615	Sky Blue Wand	天空蓝色短杖	utf16
2030	relocated_unique	tbl1.pak	0x014B96D7	0x014B9783	Dark Wand	黑暗短杖	utf16
2031	relocated_unique	tbl1.pak	0x014B983F	0x014B98EB	Phoenix Wand	凤凰短杖	utf16
2032	commented_ambiguous	tbl1.pak	0x014B99D9		King Wand	王短杖	hits=3
2033	relocated_unique	tbl1.pak	0x014B9A43	0x014B9AEF	Ginyu Soul Wand	基纽灵魂短杖	utf16
2034	relocated_unique	tbl1.pak	0x014B9D6D	0x014B9E19	Blue Sky Fan	蓝色天空扇	utf16
2035	commented_ambiguous	tbl1.pak	0x014B9ED5		Dark Fan	黑暗扇	hits=5
2036	commented_ambiguous	tbl1.pak	0x014BA1D1		King Fan	王扇	hits=10
2037	relocated_unique	tbl1.pak	0x014BA239	0x014BA2E5	Ginyu Soul Fan	基纽灵魂扇	utf16
2038	relocated_unique	tbl1.pak	0x014BA56D	0x014BA619	Blue Sky Trumpet	蓝色天空号角	utf16
2039	relocated_unique	tbl1.pak	0x014BA879	0x014BA925	Phoenix Trumpet	凤凰号角	utf16
2040	relocated_unique	tbl1.pak	0x014BAA25	0x014BAAD1	King Trumpet	王号角	utf16
2041	relocated_unique	tbl1.pak	0x014BAA95	0x014BAB41	Ginyu Soul Trumpet	基纽灵魂号角	utf16
2042	relocated_unique	tbl1.pak	0x014BADEF	0x014BAE9B	Blue Sky Club	蓝色天空棒	utf16
2043	relocated_unique	tbl1.pak	0x014BAF5D	0x014BB009	Dark Club	黑暗棒	utf16
2044	relocated_unique	tbl1.pak	0x014BB0C5	0x014BB171	Phoenix Club	凤凰棒	utf16
2045	relocated_unique	tbl1.pak	0x014BB25F	0x014BB30B	King Club	王棒	utf16
2046	relocated_unique	tbl1.pak	0x014BB2C9	0x014BB375	Ginyu Soul Club	基纽灵魂棒	utf16
2047	relocated_unique	tbl1.pak	0x014BB5F9	0x014BB6A5	Blue Sky Drum	蓝色天空鼓	utf16
2048	relocated_unique	tbl1.pak	0x014BB767	0x014BB813	Dark Drum	黑暗鼓	utf16
2049	commented_ambiguous	tbl1.pak	0x014BB8CF		Phoenix Drum	凤凰鼓	hits=2
2050	relocated_unique	tbl1.pak	0x014BBA69	0x014BBB15	King Drum	王鼓	utf16
2051	relocated_unique	tbl1.pak	0x014BBAD3	0x014BBB7F	Ginyu Soul Drum	基纽灵魂鼓	utf16
2052	relocated_unique	tbl1.pak	0x014BBE03	0x014BBEAF	Blue Sky Mask	蓝色天空面具	utf16
2053	relocated_unique	tbl1.pak	0x014BBF71	0x014BC01D	Dark Mask	黑暗面具	utf16
2054	relocated_unique	tbl1.pak	0x014BC0D9	0x014BC185	Phoenix Mask	凤凰面具	utf16
2055	commented_ambiguous	tbl1.pak	0x014BC273		King Mask	王面具	hits=2
2056	relocated_unique	tbl1.pak	0x014BC2DD	0x014BC389	Ginyu Soul Mask	基纽灵魂面具	utf16
2057	relocated_unique	tbl1.pak	0x014F5FE7	0x014F6093	Invincible Battle Gauntlets	无敌战斗臂甲	utf16
2058	commented_ambiguous	tbl1.pak	0x014F730D		Steel Power Staff	钢力量杖	hits=3
2059	commented_ambiguous	tbl1.pak	0x014F74E9		True Staff	真杖	hits=3
2060	relocated_unique	tbl1.pak	0x014F75B7	0x014F7663	Invincible Battle Staff	无敌战斗杖	utf16
2061	relocated_unique	tbl1.pak	0x014F773F	0x014F77EB	Intense Fire Staff	浓烈火杖	utf16
2062	relocated_unique	tbl1.pak	0x014F7DD1	0x014F7E7D	Big Surprise Battle Staff	大惊喜战斗杖	utf16
2063	commented_ambiguous	tbl1.pak	0x014F8EB5		Red Claws Axe	红色爪斧	hits=3
2064	commented_ambiguous	tbl1.pak	0x014F9AC5		Eye of Tiamat	提亚马特的眼	hits=3
2065	commented_ambiguous	tbl1.pak	0x014FA0F7		Dragon Stick EX	龙棍EX	hits=3
2066	commented_ambiguous	tbl1.pak	0x014FB739		Energy Damage	气功伤害	hits=6
2067	commented_ambiguous	tbl1.pak	0x014FBD5B		Magic Dragon Trumpet EX	魔法龙号角EX	hits=3
2068	commented_ambiguous	tbl1.pak	0x014FC2B3		Spicy Meat	辛辣肉	hits=5
2069	commented_ambiguous	tbl1.pak	0x014FCD5F		Demon Mask EX	恶魔面具EX	hits=3
2070	commented_ambiguous	tbl1.pak	0x014FCE3F		Iron Mask	铁面具	hits=3
2071	commented_ambiguous	tbl1.pak	0x01506855		Elder Gauntlets EX	长老臂甲EX	hits=11
2072	commented_ambiguous	tbl1.pak	0x01506B13		Lotus Dragon Gauntlets EX	莲花龙臂甲EX	hits=7
2073	relocated_unique	tbl1.pak	0x0150814D	0x015081F9	JHigh properties manufactured staff,\nonly for the glory of Namek Warriors.	JHigh properties manufactured staff,\nonly for the glory of 那美克战士s.	utf16
2074	relocated_unique	tbl1.pak	0x015081E9	0x01508295	Fire-Water Staff	火-水杖	utf16
2075	relocated_unique	tbl1.pak	0x015087F1	0x0150889D	Evil Magic Staff	邪恶魔法杖	utf16
2076	relocated_unique	tbl1.pak	0x01508E89	0x01508F35	Dragon Beat Claws R	龙节拍爪R	utf16
2077	relocated_unique	tbl1.pak	0x01509457	0x01509503	Dragon Fury Axe R	龙狂怒斧R	utf16
2078	relocated_unique	tbl1.pak	0x015094BD	0x01509569	Dragon Cut Axe R	龙切割斧R	utf16
2079	relocated_unique	tbl1.pak	0x01509A4F	0x01509AFB	Dragon Law Scroll R	龙法则卷轴R	utf16
2082	relocated_unique	tbl1.pak	0x0150A179	0x0150A225	Dragon Crystal Gem R	龙水晶宝石R	utf16
2083	commented_ambiguous	tbl1.pak	0x0150A28B		Tiamat Eye R	提亚马特眼R	hits=2
2084	relocated_unique	tbl1.pak	0x0150A797	0x0150A843	Dragon Force Stick R	龙力量棍R	utf16
2085	commented_ambiguous	tbl1.pak	0x0150A8E5		Dragon Fire Stick R	龙火棍R	hits=2
2088	relocated_unique	tbl1.pak	0x0150AF27	0x0150AFD3	Star Stone Sword	星石剑	utf16
2091	relocated_unique	tbl1.pak	0x0150B3BF	0x0150B46B	Dragon King Wand R	龙王短杖R	utf16
2092	commented_ambiguous	tbl1.pak	0x0150B42F		Dragon King Wand	龙王短杖	hits=2
2093	relocated_unique	tbl1.pak	0x0150B5A5	0x0150B651	Magic Law Wand	魔法法则短杖	utf16
2094	commented_ambiguous	tbl1.pak	0x0150B891		Steel Wand	钢短杖	hits=7
2097	relocated_unique	tbl1.pak	0x0150BE19	0x0150BEC5	Steel Fan	钢扇	utf16
2104	commented_ambiguous	tbl1.pak	0x0150CAB3		Spicy Meat R	辛辣肉R	hits=2
2105	relocated_unique	tbl1.pak	0x0150CF13	0x0150CFBF	Sound Drum R	声音鼓R	utf16
2108	relocated_unique	tbl1.pak	0x0150D48B	0x0150D537	Tiamat Mask R	提亚马特面具R	utf16
2111	commented_ambiguous	tbl1.pak	0x0150D5D5		Dragon Mask R	龙面具R	hits=5
2112	relocated_unique	tbl1.pak	0x0150D651	0x0150D6FD	Buu Mask	布欧面具	utf16
2113	converted_wildcard	tbl1.pak	0x0151B1F5	*	CEach Dragon Clan are waiting for this suit, contain mystery powers.	CEach 那美克龙族 are waiting for this suit, contain mystery powers.	hits=9
2114	commented_ambiguous	tbl1.pak	0x0151B2C9		CEach Dragon Clan are waiting for this suit, contain mystery powers.	CEach 那美克龙族 are waiting for this suit, contain mystery powers.	hits=9
2115	commented_ambiguous	tbl1.pak	0x0151B39D		CEach Dragon Clan are waiting for this suit, contain mystery powers.	CEach 那美克龙族 are waiting for this suit, contain mystery powers.	hits=9
2116	commented_ambiguous	tbl1.pak	0x01525239		Special Scouter Chip	特殊探测器芯片	hits=60
2117	commented_ambiguous	tbl1.pak	0x01526CBD		P Red Comet Gauntlets	P红色彗星臂甲	hits=2
2118	commented_ambiguous	tbl1.pak	0x01526FCD		Capsule Machine 70	机器70胶囊	hits=16
2119	commented_ambiguous	tbl1.pak	0x01527CCD		Red Comet Gauntlets	红色彗星臂甲	hits=6
2120	commented_ambiguous	tbl1.pak	0x015284EF		Red Comet Gauntlets EX	红色彗星臂甲EX	hits=2
2121	commented_ambiguous	tbl1.pak	0x015288EB		Capsule Machine 70 EX	机器70EX胶囊	hits=7
2122	commented_ambiguous	tbl1.pak	0x01528DB7		E Red Comet Gauntlets	E红色彗星臂甲	hits=2
2123	relocated_unique	tbl1.pak	0x0152966F	0x0152971B	E Red Comet Gauntlets EX	E红色彗星臂甲EX	utf16
2124	commented_ambiguous	tbl1.pak	0x01529D93		Practitioner Injection Gauntlets	修行者注射臂甲	hits=4
2125	commented_ambiguous	tbl1.pak	0x01529E8F		Namek Soul Gauntlets	那美克灵魂臂甲	hits=4
2126	commented_ambiguous	tbl1.pak	0x01529F17		Steel Beetle Gauntlets	钢甲虫臂甲	hits=4
2127	commented_ambiguous	tbl1.pak	0x0152A46D		Iron Gauntlets EX	铁臂甲EX	hits=11
2128	commented_ambiguous	tbl1.pak	0x0152A68B		Practitioner Injection Gauntlets EX	修行者注射臂甲EX	hits=2
2129	commented_ambiguous	tbl1.pak	0x0152A78D		Namek Soul Gauntlets EX	那美克灵魂臂甲EX	hits=2
2130	commented_ambiguous	tbl1.pak	0x0152A81B		Steel Beetle Gauntlets EX	钢甲虫臂甲EX	hits=2
2131	commented_ambiguous	tbl1.pak	0x0152C0DD		E Practitioner Z Gauntlets	E修行者Z臂甲	hits=2
2132	commented_ambiguous	tbl1.pak	0x0152C1CD		E Namek Spirit Gauntlets	E那美克精神臂甲	hits=2
2133	relocated_unique	tbl1.pak	0x0152C997	0x0152CA43	E Practitioner Z Gauntlets EX	E修行者Z臂甲EX	utf16
2134	relocated_unique	tbl1.pak	0x0152CA8D	0x0152CB39	E Namek Spirit Gauntlets EX	E那美克精神臂甲EX	utf16
2137	relocated_unique	tbl1.pak	0x0152DE1B	0x0152DEC7	Earth Magic Staff	大地魔法杖	utf16
2138	commented_ambiguous	tbl1.pak	0x0152E0E1		Capsule Machine 60	机器60胶囊	hits=2
2139	commented_ambiguous	tbl1.pak	0x0152E113		Capsule Machine 65	机器65胶囊	hits=2
2140	relocated_unique	tbl1.pak	0x0152E37F	0x0152E42B	Capsule Machine 60 EX	机器60EX胶囊	utf16
2141	relocated_unique	tbl1.pak	0x0152E3B7	0x0152E463	Capsule Machine 65 EX	机器65EX胶囊	utf16
2142	commented_ambiguous	tbl1.pak	0x0152EBF7		Namek Axe	那美克斧	hits=11
2143	commented_ambiguous	tbl1.pak	0x0152EF0F		Absolute Soul Axe	绝对灵魂斧	hits=2
2144	commented_ambiguous	tbl1.pak	0x0152FBAB		Diamond Gem	钻石宝石	hits=15
2145	commented_ambiguous	tbl1.pak	0x0152FCC3		Black Crystal Gem	黑色水晶宝石	hits=7
2146	commented_ambiguous	tbl1.pak	0x01530153		God Eye	神眼	hits=8
2147	commented_ambiguous	tbl1.pak	0x015305E9		Devil Stick	魔鬼棍	hits=2
2148	commented_ambiguous	tbl1.pak	0x01531A51		3 Eye Fan	3眼扇	hits=7
2151	relocated_unique	tbl1.pak	0x015341D1	0x0153427D	Chaos Mask	混沌面具	utf16
2152	commented_ambiguous	tbl1.pak	0x01545141		CEach Dragon Clan are waiting for this suit, contain mystery powers.	CEach 那美克龙族 are waiting for this suit, contain mystery powers.	hits=9
2153	commented_ambiguous	tbl1.pak	0x0154520F		CEach Dragon Clan are waiting for this suit, contain mystery powers.	CEach 那美克龙族 are waiting for this suit, contain mystery powers.	hits=9
2154	commented_ambiguous	tbl1.pak	0x015452DD		CEach Dragon Clan are waiting for this suit, contain mystery powers.	CEach 那美克龙族 are waiting for this suit, contain mystery powers.	hits=9
2155	commented_ambiguous	tbl1.pak	0x01547221		CEach Dragon Clan are waiting for this suit, contain mystery powers.	CEach 那美克龙族 are waiting for this suit, contain mystery powers.	hits=9
2156	commented_ambiguous	tbl1.pak	0x015472F5		CEach Dragon Clan are waiting for this suit, contain mystery powers.	CEach 那美克龙族 are waiting for this suit, contain mystery powers.	hits=9
2157	commented_ambiguous	tbl1.pak	0x015473C9		CEach Dragon Clan are waiting for this suit, contain mystery powers.	CEach 那美克龙族 are waiting for this suit, contain mystery powers.	hits=9
2158	commented_ambiguous	tbl1.pak	0x01551F1D		Capsule Machine Advanced Necklace S	机器高级项链S胶囊	hits=90
2159	commented_ambiguous	tbl1.pak	0x0155467D		Capsule Machine Advanced Necklace	机器高级项链胶囊	hits=100
2160	commented_ambiguous	tbl1.pak	0x01556095		Capsule Machine Special Necklace EX	机器特殊项链EX胶囊	hits=90
2161	commented_ambiguous	tbl1.pak	0x015587F5		Capsule Machine Special Necklace	机器特殊项链胶囊	hits=100
2162	commented_ambiguous	tbl1.pak	0x0155CD91		Capsule Machine Advanced Ring S	机器高级戒指S胶囊	hits=90
2163	commented_ambiguous	tbl1.pak	0x0155EFC9		Capsule Machine Advanced Ring	机器高级戒指胶囊	hits=100
2164	commented_ambiguous	tbl1.pak	0x01560671		Capsule Machine Super Ring EX	机器超级戒指EX胶囊	hits=90
2165	commented_ambiguous	tbl1.pak	0x015627B9		Capsule Machine Super Ring	机器超级戒指胶囊	hits=100
2166	commented_ambiguous	tbl1.pak	0x01566341		Capsule Machine Advanced Earring S	机器高级耳环S胶囊	hits=90
2167	commented_ambiguous	tbl1.pak	0x01568759		Capsule Machine Advanced Earring	机器高级耳环胶囊	hits=100
2168	commented_ambiguous	tbl1.pak	0x01569F41		Capsule Machine Extra Earring EX	机器特级耳环EX胶囊	hits=90
2169	commented_ambiguous	tbl1.pak	0x0156C269		Capsule Machine Extra Earring	机器特级耳环胶囊	hits=100
2170	commented_ambiguous	tbl1.pak	0x01570161		Basic Scouter	基础探测器	hits=26
2171	commented_ambiguous	tbl1.pak	0x01570765		Super Scouter EX	超级探测器EX	hits=9
2172	commented_ambiguous	tbl1.pak	0x015711E5		Advanced Scouter Chip	高级探测器芯片	hits=100
2173	commented_ambiguous	tbl1.pak	0x0157418D		Capsule Machine Premium Scouter Chip EX	机器高级探测器芯片EX胶囊	hits=88
2174	commented_ambiguous	tbl1.pak	0x01574D15		Capsule Machine Premium Scouter Chip	机器高级探测器芯片胶囊	hits=100
2175	relocated_unique	tbl1.pak	0x01581AD9	0x01581B85	Every Staff R	全杖R	utf16
2180	relocated_unique	tbl1.pak	0x01581F7D	0x01582029	Spiritual Cut Claws R	精神切割爪R	utf16
2185	relocated_unique	tbl1.pak	0x01582439	0x015824E5	Ice Axe	冰斧	utf16
2186	relocated_unique	tbl1.pak	0x01582B8F	0x01582C3B	Double Stick	双棍	utf16
2187	relocated_unique	tbl1.pak	0x01582D05	0x01582DB1	Prototype Injection Sword R	原型注射剑R	utf16
2188	commented_ambiguous	tbl1.pak	0x01582DC7		Korin Sword R	卡林剑R	hits=2
2189	commented_ambiguous	tbl1.pak	0x0158308B		Korin Wand R	卡林短杖R	hits=2
2190	commented_ambiguous	tbl1.pak	0x01583417		Fan R	扇R	hits=40
2191	relocated_unique	tbl1.pak	0x015836DB	0x01583787	King of Battle R	战斗R的王	utf16
2196	commented_ambiguous	tbl1.pak	0x01589115		Dragon Necklace	龙项链	hits=6
2197	commented_ambiguous	tbl1.pak	0x0158931B		Dragon Ring	龙戒指	hits=14
2198	commented_ambiguous	tbl1.pak	0x01589B05		Dragon Earring	龙耳环	hits=14
2205	relocated_unique	tbl1.pak	0x015903E7	0x01590493	Dragon Stick L	龙棍L	utf16
2206	relocated_unique	tbl1.pak	0x01590EDD	0x01590F89	Dragon Wand L	龙短杖L	utf16
2209	converted_wildcard	tbl1.pak	0x015B0C63	*	Strong Warrior Claws premium recipe	高级强力战士爪配方	hits=2
2210	relocated_unique	tbl1.pak	0x015B3C71	0x015B3D1D	Warrior Gloves premium recipe.	高级那美克战士手套配方	utf16
2211	commented_ambiguous	tbl1.pak	0x015B751F		Strong Warrior Claws premium recipe	高级强力战士爪配方	hits=2
2212	relocated_unique	tbl1.pak	0x015B97AF	0x015B985B	M Capsule Box	M胶囊盒	utf16
2213	commented_ambiguous	tbl1.pak	0x015BC115		White Stone Capsule	白色石胶囊	hits=4
2214	relocated_unique	tbl1.pak	0x015BCB7B	0x015BCC27	Android 19 Set Capsule	人造人19套装胶囊	utf16
2215	commented_ambiguous	tbl1.pak	0x015C0F43		Silver Chest Key	银色胸甲钥匙	hits=10
2216	commented_ambiguous	tbl1.pak	0x015C1ADF		Gold Chest Key	黄金胸甲钥匙	hits=14
2217	relocated_unique	tbl1.pak	0x015C71FD	0x015C72A9	HL Capsule Box Z20 Combo	HL胶囊盒Z20连击	utf16
2218	relocated_unique	tbl1.pak	0x015C7279	0x015C7325	HL Capsule Box Z24 Combo	HL胶囊盒Z24连击	utf16
2219	relocated_unique	tbl1.pak	0x015C72F5	0x015C73A1	HL Capsule Box Z28 Combo	HL胶囊盒Z28连击	utf16
2220	relocated_unique	tbl1.pak	0x015C7371	0x015C741D	HL Capsule Box Z32 Combo	HL胶囊盒Z32连击	utf16
2225	commented_ambiguous	tbl1.pak	0x015C91F1		Popo Stone Capsule	波波石胶囊	hits=2
2226	commented_ambiguous	tbl1.pak	0x015C9281		Upgrade Capsule U30	升级胶囊U30	hits=2
2229	commented_ambiguous	tbl1.pak	0x015C9AD5		Detoxification Pill	解毒药丸	hits=15
2230	commented_ambiguous	tbl1.pak	0x015C9BC7		Pain Treatment Pill	疼痛治疗药丸	hits=14
2231	commented_ambiguous	tbl1.pak	0x015CBE27		Super Saiyan Potion [Spiritualist]	超级赛亚人药水[气功师]	hits=10
2232	commented_ambiguous	tbl1.pak	0x015CE0FB		Silver Treasure Chest	银色宝箱	hits=2
2233	commented_ambiguous	tbl1.pak	0x015CE1BF		Silver Powerful Chest	银色强力胸甲	hits=4
2236	commented_ambiguous	tbl1.pak	0x015CE403		Gold Powerful Chest	黄金强力胸甲	hits=4
2237	commented_ambiguous	tbl1.pak	0x015D0B9D		Android 18 Outfit	人造人18套装	hits=3
2238	commented_ambiguous	tbl1.pak	0x015D12B5		Devil's Wings	魔鬼的翅膀	hits=2
2239	commented_ambiguous	tbl1.pak	0x015D13B5		Bulma Outfit	布尔玛套装	hits=3
2240	commented_ambiguous	tbl1.pak	0x015D1413		Great Pain Treatment Pill	巨大疼痛治疗药丸	hits=3
2241	converted_wildcard	tbl1.pak	0x015D31C9	*	9Arrogant Rabbit Boss made through the Martial Artist top.	9Arrogant Rabbit Boss made through the 武道家 top.	hits=6
2242	commented_ambiguous	tbl1.pak	0x015D327D		9Arrogant Rabbit Boss made through the Martial Artist top.	9Arrogant Rabbit Boss made through the 武道家 top.	hits=6
2243	commented_ambiguous	tbl1.pak	0x015D3331		9Arrogant Rabbit Boss made through the Martial Artist top.	9Arrogant Rabbit Boss made through the 武道家 top.	hits=6
2244	commented_ambiguous	tbl1.pak	0x015D4AE7		Vegito Outfit	贝吉特套装	hits=2
2245	commented_ambiguous	tbl1.pak	0x015D516D		Bulma Space Outfit	布尔玛空间套装	hits=2
2246	commented_ambiguous	tbl1.pak	0x015D5D7F		Devil Set Capsule	魔鬼套装胶囊	hits=2
2247	commented_ambiguous	tbl1.pak	0x015D6699		EV Energy Potion	EV气功药水	hits=4
2248	commented_ambiguous	tbl1.pak	0x015D6715		EV Soul Potion	EV灵魂药水	hits=4
2249	commented_ambiguous	tbl1.pak	0x015D6795		EV Speed Potion	EV速度药水	hits=4
2250	commented_ambiguous	tbl1.pak	0x015D709F		EV Weapon Upgrade Stone U50	EV武器升级石U50	hits=2
2251	commented_ambiguous	tbl1.pak	0x015D720F		EV Weapon Upgrade Stone U53	EV武器升级石U53	hits=2
2252	commented_ambiguous	tbl1.pak	0x015D737F		EV Weapon Upgrade Stone U55	EV武器升级石U55	hits=2
2253	commented_ambiguous	tbl1.pak	0x015D792D		EV Advanced Weapon Upgrade Stone U50	EV高级武器升级石U50	hits=2
2254	commented_ambiguous	tbl1.pak	0x015D7A5F		EV Advanced Weapon Upgrade Stone U53	EV高级武器升级石U53	hits=2
2255	commented_ambiguous	tbl1.pak	0x015D7B91		EV Advanced Weapon Upgrade Stone U55	EV高级武器升级石U55	hits=2
2256	commented_ambiguous	tbl1.pak	0x015D855B		EV Party Popo	EV组队波波	hits=2
2257	commented_ambiguous	tbl1.pak	0x015D9447		EV Life Pill X	EV生命药丸X	hits=3
2258	commented_ambiguous	tbl1.pak	0x015D94ED		EV Magic Pill X	EV魔法药丸X	hits=3
2259	commented_ambiguous	tbl1.pak	0x015D993F		EV Great Namek Potion	EV巨大那美克药水	hits=2
2260	commented_ambiguous	tbl1.pak	0x015D9AF7		EV Pure Majin Potion	EV纯粹魔人药水	hits=2
2261	converted_wildcard	tbl1.pak	0x015D9C67	*	EV Super Saiyan Potion [Spiritualist]	EV超级赛亚人药水[气功师]	hits=2
2262	relocated_unique	tbl1.pak	0x015DD2A9	0x015DD355	U38 Upgrade Capsule	U38升级胶囊	utf16
2263	relocated_unique	tbl1.pak	0x015DD343	0x015DD3EF	U42 Upgrade Capsule	U42升级胶囊	utf16
2264	relocated_unique	tbl1.pak	0x015DD3DD	0x015DD489	U46 Upgrade Capsule	U46升级胶囊	utf16
2265	commented_ambiguous	tbl1.pak	0x015DD477		U50 Upgrade Capsule	U50升级胶囊	hits=2
2266	commented_ambiguous	tbl1.pak	0x015DD511		U53 Upgrade Capsule	U53升级胶囊	hits=2
2267	commented_ambiguous	tbl1.pak	0x015DD5AB		U55 Upgrade Capsule	U55升级胶囊	hits=2
2268	commented_ambiguous	tbl1.pak	0x015DD645		White Stone U55	白色石U55	hits=4
2269	relocated_unique	tbl1.pak	0x015DD8F3	0x015DD99F	EV Potion Capsule	EV药水胶囊	utf16
2270	commented_ambiguous	tbl1.pak	0x015DD96D		Potion Capsule	胶囊药水	hits=4
2271	commented_ambiguous	tbl1.pak	0x015DD9E1		EV White Stone U55	EV白色石U55	hits=2
2272	commented_ambiguous	tbl1.pak	0x015E0AB3		EV Weapon Upgrade Stone U60	EV武器升级石U60	hits=3
2273	commented_ambiguous	tbl1.pak	0x015E0D8D		EV Advanced Weapon Upgrade Stone U60	EV高级武器升级石U60	hits=2
2274	converted_wildcard	tbl1.pak	0x015E1B6D	*	[Spiritualist] LV UP 30! Cookie	[气功师] LV UP 30! Cookie	hits=3
2275	commented_ambiguous	tbl1.pak	0x015E1BB1		[Spiritualist] LV UP 30! Cookie	[气功师] LV UP 30! Cookie	hits=3
2276	converted_wildcard	tbl1.pak	0x015E1C69	*	[Dragon Clan] LV UP 30! Cookie	[那美克龙族] LV UP 30! Cookie	hits=3
2277	commented_ambiguous	tbl1.pak	0x015E1CAB		[Dragon Clan] LV UP 30! Cookie	[那美克龙族] LV UP 30! Cookie	hits=3
2278	converted_wildcard	tbl1.pak	0x015E1D75	*	[Wonder Majin] LV UP 30! Cookie	[意魔人] LV UP 30! Cookie	hits=3
2279	commented_ambiguous	tbl1.pak	0x015E1DB9		[Wonder Majin] LV UP 30! Cookie	[意魔人] LV UP 30! Cookie	hits=3
2280	commented_ambiguous	tbl1.pak	0x015E31E7		Pilaf Outfit	皮拉夫套装	hits=2
2281	commented_ambiguous	tbl1.pak	0x015E3691		Pilot Outfit	驾驶员套装	hits=2
2284	commented_ambiguous	tbl1.pak	0x015E38CB		Pilaf Set Capsule	皮拉夫套装胶囊	hits=2
2285	commented_ambiguous	tbl1.pak	0x015E39B3		Pilot Set Capsule	驾驶员套装胶囊	hits=2
2286	commented_ambiguous	tbl1.pak	0x015E3A8F		White Stone U60	白色石U60	hits=4
2287	commented_ambiguous	tbl1.pak	0x015E4D33		General White Outfit Type A	将军白色套装A型	hits=2
2288	commented_ambiguous	tbl1.pak	0x015E4E39		General White Outfit Type B	将军白色套装B型	hits=2
2289	commented_ambiguous	tbl1.pak	0x015E4F3F		General White Outfit Type C	将军白色套装C型	hits=2
2290	commented_ambiguous	tbl1.pak	0x015E64A7		LV70 Treasure Chest	LV70宝箱	hits=2
2291	commented_ambiguous	tbl1.pak	0x015E6F97		White Stone U70	白色石U70	hits=3
2292	commented_ambiguous	tbl1.pak	0x015E70DF		EV Dragon Ball Chest	EV龙珠胸甲	hits=6
2293	commented_ambiguous	tbl1.pak	0x015E7335		EV Supply Box	EV补给盒	hits=2
2294	commented_ambiguous	tbl1.pak	0x015E73B3		Popo's Outfit Type A	波波的套装A型	hits=2
2295	commented_ambiguous	tbl1.pak	0x015E74A1		Popo's Outfit Type B	波波的套装B型	hits=2
2296	commented_ambiguous	tbl1.pak	0x015E7591		Popo's Outfit Type C	波波的套装C型	hits=2
2297	commented_ambiguous	tbl1.pak	0x015E79DD		Popo's Outfit A Set Capsule	波波的套装A套装胶囊	hits=2
2298	commented_ambiguous	tbl1.pak	0x015E7A69		Popo's Outfit B Set Capsule	波波的套装B套装胶囊	hits=2
2299	commented_ambiguous	tbl1.pak	0x015E7AF5		Popo's Outfit C Set Capsule	波波的套装C套装胶囊	hits=2
2300	commented_ambiguous	tbl1.pak	0x015E99AB		Black Pet Capsule	黑色宠物胶囊	hits=21
2303	commented_ambiguous	tbl1.pak	0x015E9E31		Gotenks Outfit	悟天克斯套装	hits=2
2304	commented_ambiguous	tbl1.pak	0x015EA5DF		Towa's Outfit	托娃的套装	hits=2
2305	commented_ambiguous	tbl1.pak	0x015EA6BB		Krillin's Outfit	克林的套装	hits=2
2306	commented_ambiguous	tbl1.pak	0x015EA7EF		Ozaru Outfit	大猿套装	hits=2
2307	commented_ambiguous	tbl1.pak	0x015EA8BD		Ozaru's Head	大猿的头	hits=2
2308	relocated_unique	tbl1.pak	0x015EAA4B	0x015EAAF7	Pet Support Capsule	宠物支援胶囊	utf16
2311	commented_ambiguous	tbl1.pak	0x015EACC9		Legendary Scouter Coupon	传说探测器券	hits=2
2312	commented_ambiguous	tbl1.pak	0x015EB7AD		Scouter Reward E-1	探测器奖励E-1	hits=2
2313	commented_ambiguous	tbl1.pak	0x015EB825		Scouter Reward E-2	探测器奖励E-2	hits=2
2314	commented_ambiguous	tbl1.pak	0x015EB89D		Scouter Reward E-3	探测器奖励E-3	hits=2
2315	commented_ambiguous	tbl1.pak	0x015EB915		Scouter Reward E-4	探测器奖励E-4	hits=2
2316	commented_ambiguous	tbl1.pak	0x015EBB09		Silver Chest	银色胸甲	hits=12
2317	commented_ambiguous	tbl1.pak	0x015ECAF3		CC Special Battle Coin	CC特殊战斗硬币	hits=2
2318	relocated_unique	tbl1.pak	0x015ED3BB	0x015ED467	CC Engineer Outfit	CC工程师套装	utf16
2319	commented_ambiguous	tbl1.pak	0x015ED48B		CC Field Engineer Trainee Outfit	CC野外工程师见习套装	hits=2
2320	commented_ambiguous	tbl1.pak	0x015ED5D3		Fairy Wings	仙女翅膀	hits=2
2321	commented_ambiguous	tbl1.pak	0x015EE027		Frieza	弗利萨	hits=954
2322	converted_wildcard	tbl1.pak	0x015EE105	*	Mysterious Warrior Mask	神秘战士面具	hits=2
2325	commented_ambiguous	tbl1.pak	0x015EE7FD		Dinosaur Head	恐龙头	hits=2
2326	commented_ambiguous	tbl1.pak	0x015EEE2D		Frieza Head (Normal)	弗利萨头(普通)	hits=2
2327	commented_ambiguous	tbl1.pak	0x015F0445		Frieza Dogi (Normal)	弗利萨时装(普通)	hits=2
2328	commented_ambiguous	tbl1.pak	0x015F1389		CC Staff Outfit (Yellow)	CC杖套装(黄色)	hits=2
2329	commented_ambiguous	tbl1.pak	0x015F13BF		CC Staff Outfit (Green)	CC杖套装(绿色)	hits=2
2330	commented_ambiguous	tbl1.pak	0x015F13F3		CC Space Outfit	CC空间套装	hits=2
2333	commented_ambiguous	tbl1.pak	0x015F1F97		Lizard Skin	蜥蜴皮肤	hits=4
2334	commented_ambiguous	tbl1.pak	0x015F2055		Frog Skin	青蛙皮肤	hits=2
2335	relocated_unique	tbl1.pak	0x015F2185	0x015F2231	Cuckoo Skin	咕咕鸡皮肤	utf16
2336	commented_ambiguous	tbl1.pak	0x015F2335		Silver	银色	hits=124
2337	relocated_unique	tbl1.pak	0x015F2A79	0x015F2B25	Cuckoo Meat	咕咕鸡肉	utf16
2338	relocated_unique	tbl1.pak	0x015F2BC7	0x015F2C73	Wolf Meat	狼肉	utf16
2341	relocated_unique	tbl1.pak	0x015F4117	0x015F41C3	Mole Cricket Leather	鼹鼠蟋蟀皮革	utf16
2342	relocated_unique	tbl1.pak	0x015F41C3	0x015F426F	Kiri Skin	基里皮肤	utf16
2345	relocated_unique	tbl1.pak	0x015F4517	0x015F45C3	Special Steel	特殊钢	utf16
2346	commented_ambiguous	tbl1.pak	0x015F50A5		Purple Crystal Gem	紫色水晶宝石	hits=2
2347	relocated_unique	tbl1.pak	0x015F57D3	0x015F587F	Black Mask	黑色面具	utf16
2348	relocated_unique	tbl1.pak	0x015F59A9	0x015F5A55	Alien Skin	异星皮肤	utf16
2349	relocated_unique	tbl1.pak	0x015F5D89	0x015F5E35	Space Metal	空间金属	utf16
2350	relocated_unique	tbl1.pak	0x015F68FD	0x015F69A9	Spirit King Stone	精神王石	utf16
2351	relocated_unique	tbl1.pak	0x015F6CFD	0x015F6DA9	Energy Hair	气功发型	utf16
2352	relocated_unique	tbl1.pak	0x015F70CD	0x015F7179	Magic Skin	魔法皮肤	utf16
2353	relocated_unique	tbl1.pak	0x015F747B	0x015F7527	Frieza Metal	弗利萨金属	utf16
2354	relocated_unique	tbl1.pak	0x015F7B17	0x015F7BC3	Tiamat Meat	提亚马特肉	utf16
2355	relocated_unique	tbl1.pak	0x0161F715	0x0161F7C1	Rabbit Robot T-002	兔子机器人T-002	utf16
2356	relocated_unique	tbl1.pak	0x0161F7AB	0x0161F857	Rabbit Robot T-003	兔子机器人T-003	utf16
2357	relocated_unique	tbl1.pak	0x0161F841	0x0161F8ED	Rabbit Robot T-004	兔子机器人T-004	utf16
2358	commented_ambiguous	tbl1.pak	0x016203CB		Red Puar	红色普尔	hits=2
2359	commented_ambiguous	tbl1.pak	0x01621105		Cat Pet	猫宠物	hits=4
2364	relocated_unique	tbl1.pak	0x01621373	0x0162141F	Broly Pet (Normal)	布罗利宠物(普通)	utf16
2365	relocated_unique	tbl1.pak	0x01621417	0x016214C3	Broly Pet (Super Saiyan)	布罗利宠物(超级赛亚人)	utf16
2366	relocated_unique	tbl1.pak	0x016214D1	0x0162157D	Broly Pet (Legendary Super Saiyan)	布罗利宠物(传说超级赛亚人)	utf16
2367	relocated_unique	tbl1.pak	0x01621573	0x0162161F	Flexarot (Normal)	弗莱克萨罗特(普通)	utf16
2368	relocated_unique	tbl1.pak	0x01621671	0x0162171D	Flexarot (Super Saiyan)	弗莱克萨罗特(超级赛亚人)	utf16
2369	relocated_unique	tbl1.pak	0x01621783	0x0162182F	Flexarot (Super Saiyan God)	弗莱克萨罗特(超级赛亚人之神)	utf16
2370	relocated_unique	tbl1.pak	0x01621859	0x01621905	Flexarot (Super Saiyan God Blue)	弗莱克萨罗特(超级赛亚人之神蓝色)	utf16
2373	relocated_unique	tbl1.pak	0x01621ABF	0x01621B6B	Ultimate Gohan LV4	终极孙悟饭Lv4	utf16
2376	commented_ambiguous	tbl1.pak	0x01625341		Material Arts Capsule Lv1	材料武道胶囊Lv1	hits=2
2377	relocated_unique	tbl1.pak	0x016253DF	0x0162548B	Material Arts Capsule Lv2	材料武道胶囊Lv2	utf16
2378	relocated_unique	tbl1.pak	0x0162547D	0x01625529	Material Arts Capsule Lv3	材料武道胶囊Lv3	utf16
2379	relocated_unique	tbl1.pak	0x0162551B	0x016255C7	Material Arts Capsule Lv4	材料武道胶囊Lv4	utf16
2380	relocated_unique	tbl1.pak	0x016255B9	0x01625665	Material Arts Capsule Lv5	材料武道胶囊Lv5	utf16
2381	relocated_unique	tbl1.pak	0x01625657	0x01625703	Material Arts Capsule Lv6	材料武道胶囊Lv6	utf16
2382	relocated_unique	tbl1.pak	0x016256F5	0x016257A1	Material Arts Capsule Lv7	材料武道胶囊Lv7	utf16
2383	relocated_unique	tbl1.pak	0x01625793	0x0162583F	Material Arts Capsule Lv8	材料武道胶囊Lv8	utf16
2384	relocated_unique	tbl1.pak	0x01625831	0x016258DD	Material Arts Capsule Lv9	材料武道胶囊Lv9	utf16
2385	relocated_unique	tbl1.pak	0x016258CF	0x0162597B	Material Arts Capsule Lv10	材料武道胶囊Lv10	utf16
2386	commented_ambiguous	tbl1.pak	0x01625F89		Warrior Capsule Lv1	那美克战士胶囊Lv1	hits=2
2387	relocated_unique	tbl1.pak	0x0162601B	0x016260C7	Warrior Capsule Lv2	那美克战士胶囊Lv2	utf16
2388	relocated_unique	tbl1.pak	0x016260AD	0x01626159	Warrior Capsule Lv3	那美克战士胶囊Lv3	utf16
2389	relocated_unique	tbl1.pak	0x0162613F	0x016261EB	Warrior Capsule Lv4	那美克战士胶囊Lv4	utf16
2390	relocated_unique	tbl1.pak	0x016261D1	0x0162627D	Warrior Capsule Lv5	那美克战士胶囊Lv5	utf16
2391	relocated_unique	tbl1.pak	0x01626263	0x0162630F	Warrior Capsule Lv6	那美克战士胶囊Lv6	utf16
2392	relocated_unique	tbl1.pak	0x016262F5	0x016263A1	Warrior Capsule Lv7	那美克战士胶囊Lv7	utf16
2393	relocated_unique	tbl1.pak	0x01626387	0x01626433	Warrior Capsule Lv8	那美克战士胶囊Lv8	utf16
2394	relocated_unique	tbl1.pak	0x01626419	0x016264C5	Warrior Capsule Lv9	那美克战士胶囊Lv9	utf16
2395	relocated_unique	tbl1.pak	0x016264AB	0x01626557	Warrior Capsule Lv10	那美克战士胶囊Lv10	utf16
2396	commented_ambiguous	tbl1.pak	0x01626B31		Might Majin Capsule Lv1	大魔人胶囊Lv1	hits=2
2397	relocated_unique	tbl1.pak	0x01626BCB	0x01626C77	Might Majin Capsule Lv2	大魔人胶囊Lv2	utf16
2398	relocated_unique	tbl1.pak	0x01626C65	0x01626D11	Might Majin Capsule Lv3	大魔人胶囊Lv3	utf16
2399	relocated_unique	tbl1.pak	0x01626CFF	0x01626DAB	Might Majin Capsule Lv4	大魔人胶囊Lv4	utf16
2400	relocated_unique	tbl1.pak	0x01626D99	0x01626E45	Might Majin Capsule Lv5	大魔人胶囊Lv5	utf16
2401	relocated_unique	tbl1.pak	0x01626E33	0x01626EDF	Might Majin Capsule Lv6	大魔人胶囊Lv6	utf16
2402	relocated_unique	tbl1.pak	0x01626ECD	0x01626F79	Might Majin Capsule Lv7	大魔人胶囊Lv7	utf16
2403	relocated_unique	tbl1.pak	0x01626F67	0x01627013	Might Majin Capsule Lv8	大魔人胶囊Lv8	utf16
2404	relocated_unique	tbl1.pak	0x01627001	0x016270AD	Might Majin Capsule Lv9	大魔人胶囊Lv9	utf16
2405	relocated_unique	tbl1.pak	0x0162709B	0x01627147	Might Majin Capsule Lv10	大魔人胶囊Lv10	utf16
2406	commented_ambiguous	tbl1.pak	0x01627137		Wonder Majin Capsule Lv1	意魔人胶囊Lv1	hits=2
2407	relocated_unique	tbl1.pak	0x016271D3	0x0162727F	Wonder Majin Capsule Lv2	意魔人胶囊Lv2	utf16
2408	relocated_unique	tbl1.pak	0x0162726F	0x0162731B	Wonder Majin Capsule Lv3	意魔人胶囊Lv3	utf16
2409	relocated_unique	tbl1.pak	0x0162730B	0x016273B7	Wonder Majin Capsule Lv4	意魔人胶囊Lv4	utf16
2410	relocated_unique	tbl1.pak	0x016273A7	0x01627453	Wonder Majin Capsule Lv5	意魔人胶囊Lv5	utf16
2411	relocated_unique	tbl1.pak	0x01627443	0x016274EF	Wonder Majin Capsule Lv6	意魔人胶囊Lv6	utf16
2412	relocated_unique	tbl1.pak	0x016274DF	0x0162758B	Wonder Majin Capsule Lv7	意魔人胶囊Lv7	utf16
2413	relocated_unique	tbl1.pak	0x0162757B	0x01627627	Wonder Majin Capsule Lv8	意魔人胶囊Lv8	utf16
2414	relocated_unique	tbl1.pak	0x01627617	0x016276C3	Wonder Majin Capsule Lv9	意魔人胶囊Lv9	utf16
2415	relocated_unique	tbl1.pak	0x016276B3	0x0162775F	Wonder Majin Capsule Lv10	意魔人胶囊Lv10	utf16
2416	relocated_unique	tbl1.pak	0x016288F5	0x016289A1	Special Weapon Material Box	特殊武器材料盒	utf16
2417	commented_ambiguous	tbl1.pak	0x0163CDDB		Super Powerful Shadow Claws	超级强力暗影爪	hits=3
2418	commented_ambiguous	tbl1.pak	0x0163CFF9		Super Powerful Dark Gem	超级强力黑暗宝石	hits=3
2419	commented_ambiguous	tbl1.pak	0x0163D09F		Super Powerful Awakening Stick	超级强力觉醒棍	hits=3
2420	commented_ambiguous	tbl1.pak	0x0163D153		Super Powerful Thunder Sword	超级强力雷霆剑	hits=3
2421	commented_ambiguous	tbl1.pak	0x0163D2B1		Super Powerful Awakening Wand	超级强力觉醒短杖	hits=3
2422	commented_ambiguous	tbl1.pak	0x0163D565		Super Powerful Mysterious Mask	超级强力神秘面具	hits=3
2423	commented_ambiguous	tbl1.pak	0x0164070B		Dark Soul Claws	黑暗灵魂爪	hits=3
2424	commented_ambiguous	tbl1.pak	0x016407E1		Dark Soul Axe	黑暗灵魂斧	hits=3
2425	commented_ambiguous	tbl1.pak	0x01640863		Dark Soul Scroll	黑暗灵魂卷轴	hits=3
2426	commented_ambiguous	tbl1.pak	0x01640929		Dark Soul Gem	黑暗灵魂宝石	hits=3
2427	commented_ambiguous	tbl1.pak	0x016409BD		Dark Soul Stick	黑暗灵魂棍	hits=3
2428	commented_ambiguous	tbl1.pak	0x01640A57		Dark Soul Sword	黑暗灵魂剑	hits=3
2429	commented_ambiguous	tbl1.pak	0x01640AED		Dark Soul Fan	黑暗灵魂扇	hits=3
2430	commented_ambiguous	tbl1.pak	0x01640B91		Dark Soul Wand	黑暗灵魂短杖	hits=3
2431	commented_ambiguous	tbl1.pak	0x01640C31		Dark Soul Trumpet	黑暗灵魂号角	hits=3
2432	commented_ambiguous	tbl1.pak	0x01640CCF		Dark Soul Club	黑暗灵魂棒	hits=3
2433	commented_ambiguous	tbl1.pak	0x01640D73		Dark Soul Drum	黑暗灵魂鼓	hits=3
2434	commented_ambiguous	tbl1.pak	0x01640E13		Dark Soul Mask	黑暗灵魂面具	hits=3
2435	commented_ambiguous	tbl1.pak	0x01641F3F		Staff of Blazing Wings (Poko Master)	炽热翅膀的杖(波可大师)	hits=2
2436	commented_ambiguous	tbl1.pak	0x016430FD		Blazing Blade Claws (Dark Warrior)	炽热刃爪(黑暗战士)	hits=2
2437	relocated_unique	tbl1.pak	0x01643C3D	0x01643CE9	Blazing Thunder Drum (Plasma Majin)	炽热雷霆鼓(等离子魔人)	utf16
2438	commented_ambiguous	tbl1.pak	0x016467F1		LP Awakening Lv1	LP觉醒Lv1	hits=2
2439	commented_ambiguous	tbl1.pak	0x01646863		EP Awakening Lv1	EP觉醒Lv1	hits=2
2440	relocated_unique	tbl1.pak	0x016468D7	0x01646983	LP Awakening Lv2	LP觉醒Lv2	utf16
2441	relocated_unique	tbl1.pak	0x01646949	0x016469F5	EP Awakening Lv2	EP觉醒Lv2	utf16
2442	relocated_unique	tbl1.pak	0x016469BD	0x01646A69	LP Awakening Lv3	LP觉醒Lv3	utf16
2443	relocated_unique	tbl1.pak	0x01646A2F	0x01646ADB	EP Awakening Lv3	EP觉醒Lv3	utf16
2444	relocated_unique	tbl1.pak	0x01646AA3	0x01646B4F	LP Awakening Lv4	LP觉醒Lv4	utf16
2445	relocated_unique	tbl1.pak	0x01646B15	0x01646BC1	EP Awakening Lv4	EP觉醒Lv4	utf16
2446	relocated_unique	tbl1.pak	0x01646B89	0x01646C35	LP Awakening Lv5	LP觉醒Lv5	utf16
2447	relocated_unique	tbl1.pak	0x01646BFB	0x01646CA7	EP Awakening Lv5	EP觉醒Lv5	utf16
2448	relocated_unique	tbl1.pak	0x01646C6F	0x01646D1B	LP Awakening Lv6	LP觉醒Lv6	utf16
2449	relocated_unique	tbl1.pak	0x01646CE1	0x01646D8D	EP Awakening Lv6	EP觉醒Lv6	utf16
2450	relocated_unique	tbl1.pak	0x01646D55	0x01646E01	LP Awakening Lv7	LP觉醒Lv7	utf16
2451	relocated_unique	tbl1.pak	0x01646DC7	0x01646E73	EP Awakening Lv7	EP觉醒Lv7	utf16
2452	relocated_unique	tbl1.pak	0x01646E3B	0x01646EE7	LP Awakening Lv8	LP觉醒Lv8	utf16
2453	relocated_unique	tbl1.pak	0x01646EAD	0x01646F59	EP Awakening Lv8	EP觉醒Lv8	utf16
2454	relocated_unique	tbl1.pak	0x01646F21	0x01646FCD	LP Awakening Lv9	LP觉醒Lv9	utf16
2455	relocated_unique	tbl1.pak	0x01646F93	0x0164703F	EP Awakening Lv9	EP觉醒Lv9	utf16
2456	relocated_unique	tbl1.pak	0x01647007	0x016470B3	LP Awakening Lv10	LP觉醒Lv10	utf16
2457	relocated_unique	tbl1.pak	0x0164707B	0x01647127	EP Awakening Lv10	EP觉醒Lv10	utf16
2458	relocated_unique	tbl1.pak	0x01647219	0x016472C5	CC Battle Coin	CC战斗硬币	utf16
2461	relocated_unique	tbl1.pak	0x01647A11	0x01647ABD	CC Blessed Blue Ruby	CC祝福蓝色红宝石	utf16
2464	relocated_unique	tbl1.pak	0x01654825	0x016548D1	Dragon Scroll Transmog	龙卷轴幻化	utf16
2465	relocated_unique	tbl1.pak	0x016548F1	0x0165499D	Android 21 Hair	人造人21发型	utf16
2466	relocated_unique	tbl1.pak	0x01654EC9	0x01654F75	Popo Gem Transmog (Poko)	波波宝石幻化(波可)	utf16
2467	relocated_unique	tbl1.pak	0x01654FBB	0x01655067	Magic Stick Transmog (Fighter)	魔法棍幻化(战士)	utf16
2468	relocated_unique	tbl1.pak	0x01654FFD	0x016550A9	Trunks Sword Transmog (Sword)	特兰克斯剑幻化(剑)	utf16
2469	relocated_unique	tbl1.pak	0x016550FD	0x016551A9	Popo Drum Transmog (Plasma)	波波鼓幻化(等离子)	utf16
2474	relocated_unique	tbl1.pak	0x01655385	0x01655431	Martial Super Saiyan 3	武道家超级赛亚人3	utf16
2475	relocated_unique	tbl1.pak	0x016553B7	0x01655463	Spiritualist Super Saiyan 3	气功师超级赛亚人3	utf16
2476	relocated_unique	tbl1.pak	0x016553F3	0x0165549F	Might Bootenks	大魔人布欧悟天克斯	utf16
2477	relocated_unique	tbl1.pak	0x01655415	0x016554C1	Wonder Bootenks	意魔人布欧悟天克斯	utf16
2478	relocated_unique	tbl1.pak	0x01655439	0x016554E5	Warrior Dark Namek	那美克战士黑暗那美克	utf16
2479	relocated_unique	tbl1.pak	0x01655463	0x0165550F	Dragon Dark Namek	龙黑暗那美克	utf16
2480	relocated_unique	tbl1.pak	0x0165548B	0x01655537	Martial Legendary Super Saiyan	武道家传说超级赛亚人	utf16
2481	relocated_unique	tbl1.pak	0x016554CD	0x01655579	Spiritualist Legendary Super Saiyan	气功师传说超级赛亚人	utf16
2488	commented_ambiguous	tbl1.pak	0x016558F9		Manufacturing Extract 01	制造萃取物01	hits=4
2489	relocated_unique	tbl1.pak	0x01655965	0x01655A11	Special Parts 01	特殊零件01	utf16
2490	relocated_unique	tbl1.pak	0x01655A11	0x01655ABD	Legendary Gem 01	传说宝石01	utf16
2491	commented_ambiguous	tbl1.pak	0x01655DEF		EV Life Potion	EV生命药水	hits=2
2492	commented_ambiguous	tbl1.pak	0x01655E6F		EV Magic Potion	EV魔法药水	hits=2
2493	commented_ambiguous	tbl1.pak	0x01656151		EV Life Pill Y	EV生命药丸Y	hits=2
2494	commented_ambiguous	tbl1.pak	0x016562BB		EV Magic Pill Y	EV魔法药丸Y	hits=2
2495	relocated_unique	tbl1.pak	0x01656E35	0x01656EE1	EV Detoxification Pill S	EV解毒药丸S	utf16
2496	relocated_unique	tbl1.pak	0x01656EB1	0x01656F5D	EV Pain Treatment Pill S	EV疼痛治疗药丸S	utf16
2497	relocated_unique	tbl1.pak	0x01658505	0x016585B1	[VIP] Spiritualist Integrated Package	[VIP] 气功师 Integrated Package	utf16
2498	relocated_unique	tbl1.pak	0x016585BB	0x01658667	[VIP] Dragon Clan Integrated Package	[VIP] 那美克龙族 Integrated Package	utf16
2499	relocated_unique	tbl1.pak	0x01658679	0x01658725	[VIP] Wonder Majin Integrated Package	[VIP] 意魔人 Integrated Package	utf16
2500	relocated_unique	tbl1.pak	0x01658737	0x016587E3	[CBT] Spiritualist Integrated Package	[CBT] 气功师 Integrated Package	utf16
2501	relocated_unique	tbl1.pak	0x016587ED	0x01658899	[CBT] Dragon Clan Integrated Package	[CBT] 那美克龙族 Integrated Package	utf16
2502	relocated_unique	tbl1.pak	0x016588AB	0x01658957	[CBT] Wonder Majin Integrated Package	[CBT] 意魔人 Integrated Package	utf16
2503	commented_ambiguous	tbl1.pak	0x0165F121		Golden Chest Key	黄金胸甲钥匙	hits=3
2504	commented_ambiguous	tbl1.pak	0x0165F8FF		Super Saiyan Potion [Martial Artist]	超级赛亚人药水[武道家]	hits=8
2505	commented_ambiguous	tbl1.pak	0x0165FE09		Super Saiyan Potion [Spiritualist]	超级赛亚人药水[气功师]	hits=10
2506	relocated_unique	tbl1.pak	0x01662D9B	0x01662E47	EV Super Saiyan Potion [Martial Artist]	EV超级赛亚人药水[武道家]	utf16
2507	commented_ambiguous	tbl1.pak	0x016632B7		EV Super Saiyan Potion [Spiritualist]	EV超级赛亚人药水[气功师]	hits=2
2508	relocated_unique	tbl1.pak	0x0166517F	0x0166522B	3The acquisition of skills!\nPower UP (Spiritualist)	3The acquisition of skills!\nPower UP (气功师)	utf16
2509	relocated_unique	tbl1.pak	0x0166522B	0x016652D7	The acquisition of skills!\nPower UP (Warrior)	The acquisition of skills!\nPower UP (那美克战士)	utf16
2510	relocated_unique	tbl1.pak	0x016652C9	0x01665375	2The acquisition of skills!\nPower UP (Dragon Clan)	2The acquisition of skills!\nPower UP (那美克龙族)	utf16
2511	relocated_unique	tbl1.pak	0x0166541B	0x016654C7	3The acquisition of skills!\nPower UP (Wonder Majin)	3The acquisition of skills!\nPower UP (意魔人)	utf16
2512	relocated_unique	tbl1.pak	0x01665595	0x01665641	0The acquisition of skills!\nGuard (Spiritualist)	0The acquisition of skills!\nGuard (气功师)	utf16
2513	relocated_unique	tbl1.pak	0x01665669	0x01665715	The acquisition of skills!\nGuard (Warrior)	The acquisition of skills!\nGuard (那美克战士)	utf16
2514	relocated_unique	tbl1.pak	0x01665731	0x016657DD	The acquisition of skills!\nGuard (Dragon Clan)	The acquisition of skills!\nGuard (那美克龙族)	utf16
2515	relocated_unique	tbl1.pak	0x016658D1	0x0166597D	0The acquisition of skills!\nGuard (Wonder Majin)	0The acquisition of skills!\nGuard (意魔人)	utf16
2516	relocated_unique	tbl1.pak	0x01665B3F	0x01665BEB	The acquisition of skills!\nDash (Warrior)	The acquisition of skills!\nDash (那美克战士)	utf16
2517	relocated_unique	tbl1.pak	0x01665C03	0x01665CAF	The acquisition of skills!\nDash (Dragon Clan)	The acquisition of skills!\nDash (那美克龙族)	utf16
2518	relocated_unique	tbl1.pak	0x01665D9D	0x01665E49	The acquisition of skills!\nDash (Wonder Majin)	The acquisition of skills!\nDash (意魔人)	utf16
2519	relocated_unique	tbl1.pak	0x01666053	0x016660FF	4The acquisition of skills!\nCounter Attack (Warrior)	4The acquisition of skills!\nCounter Attack (那美克战士)	utf16
2520	relocated_unique	tbl1.pak	0x0166613F	0x016661EB	8The acquisition of skills!\nCounter Attack (Dragon Clan)	8The acquisition of skills!\nCounter Attack (那美克龙族)	utf16
2521	relocated_unique	tbl1.pak	0x01666329	0x016663D5	9The acquisition of skills!\nCounter Attack (Wonder Majin)	9The acquisition of skills!\nCounter Attack (意魔人)	utf16
2522	commented_ambiguous	tbl1.pak	0x016664B3		Flight Skill (Spiritualist)	飞行技能(气功师)	hits=2
2523	commented_ambiguous	tbl1.pak	0x01666547		Flight Skill (Warrior)	飞行技能(那美克战士)	hits=2
2524	commented_ambiguous	tbl1.pak	0x016665D1		Flight Skill (Dragon Clan)	飞行技能(那美克龙族)	hits=2
2525	commented_ambiguous	tbl1.pak	0x016666F7		Flight Skill (Wonder Majin)	飞行技能(意魔人)	hits=2
2526	relocated_unique	tbl1.pak	0x01668293	0x0166833F	EV White Stone U60	EV白色石U60	utf16
2527	relocated_unique	tbl1.pak	0x0166A05B	0x0166A107	Popo Ring Lv70	波波戒指Lv70	utf16
2528	relocated_unique	tbl1.pak	0x0166B7E5	0x0166B891	White Stone U75	白色石U75	utf16
2529	relocated_unique	tbl1.pak	0x0166B833	0x0166B8DF	EV Legendary Dogi Ball	EV传说时装球	utf16
2530	relocated_unique	tbl1.pak	0x0166C085	0x0166C131	EV Super Magic Pill 30	EV超级魔法药丸30	utf16
2531	relocated_unique	tbl1.pak	0x0166C0F7	0x0166C1A3	EV Super Life Pill 30	EV超级生命药丸30	utf16
2532	relocated_unique	tbl1.pak	0x0166C599	0x0166C645	EV White Stone U70	EV白色石U70	utf16
2533	relocated_unique	tbl1.pak	0x01670085	0x01670131	[VIP] Spiritualist Capsule Box	[VIP] 气功师 Capsule Box	utf16
2534	converted_wildcard	tbl1.pak	0x016701AD	*	Spiritualist Equipment Capsule	气功师 Equipment Capsule	hits=2
2535	relocated_unique	tbl1.pak	0x0167040D	0x016704B9	[VIP] Dragon Clan Capsule Box	[VIP] 那美克龙族 Capsule Box	utf16
2536	converted_wildcard	tbl1.pak	0x01670531	*	Dragon Clan Equipment Capsule	那美克龙族 Equipment Capsule	hits=2
2537	relocated_unique	tbl1.pak	0x016707B5	0x01670861	[VIP] Wonder Majin Capsule Box	[VIP] 意魔人 Capsule Box	utf16
2538	converted_wildcard	tbl1.pak	0x016708DD	*	Wonder Majin Equipment Capsule	意魔人 Equipment Capsule	hits=2
2539	relocated_unique	tbl1.pak	0x01670B6D	0x01670C19	[CBT] Spiritualist Capsule Box	[CBT] 气功师 Capsule Box	utf16
2540	commented_ambiguous	tbl1.pak	0x01670C95		Spiritualist Equipment Capsule	气功师 Equipment Capsule	hits=2
2541	relocated_unique	tbl1.pak	0x01670EF5	0x01670FA1	[CBT] Dragon Clan Capsule Box	[CBT] 那美克龙族 Capsule Box	utf16
2542	commented_ambiguous	tbl1.pak	0x01671019		Dragon Clan Equipment Capsule	那美克龙族 Equipment Capsule	hits=2
2543	relocated_unique	tbl1.pak	0x0167129B	0x01671347	[CBT] Wonder Majin Capsule Box	[CBT] 意魔人 Capsule Box	utf16
2544	commented_ambiguous	tbl1.pak	0x016713C3		Wonder Majin Equipment Capsule	意魔人 Equipment Capsule	hits=2
2545	relocated_unique	tbl1.pak	0x01671473	0x0167151F	Martial Artist Skills Capsule	武道家 Skills Capsule	utf16
2546	relocated_unique	tbl1.pak	0x01671543	0x016715EF	Spiritualist Skills Capsule	气功师 Skills Capsule	utf16
2547	relocated_unique	tbl1.pak	0x016716D1	0x0167177D	Dragon Clan Skills Capsule	那美克龙族 Skills Capsule	utf16
2548	relocated_unique	tbl1.pak	0x01671867	0x01671913	Wonder Majin Skills Capsule	意魔人 Skills Capsule	utf16
2549	commented_ambiguous	tbl1.pak	0x01672DA5		Namekian Gift Box Lv2	那美克星人礼物盒Lv2	hits=5
2550	relocated_unique	tbl1.pak	0x01672E69	0x01672F15	Namekian Gift Box Lv7	那美克星人礼物盒Lv7	utf16
2551	relocated_unique	tbl1.pak	0x01672F2D	0x01672FD9	Namekian Gift Box Lv12	那美克星人礼物盒Lv12	utf16
2552	relocated_unique	tbl1.pak	0x01672FF3	0x0167309F	Namekian Gift Box Lv15	那美克星人礼物盒Lv15	utf16
2553	relocated_unique	tbl1.pak	0x016730B9	0x01673165	Namekian Gift Box Lv18	那美克星人礼物盒Lv18	utf16
2554	relocated_unique	tbl1.pak	0x0167317F	0x0167322B	Namekian Gift Box Lv21	那美克星人礼物盒Lv21	utf16
2555	relocated_unique	tbl1.pak	0x01673245	0x016732F1	Namekian Gift Box Lv23	那美克星人礼物盒Lv23	utf16
2556	relocated_unique	tbl1.pak	0x0167330B	0x016733B7	Namekian Gift Box Lv25	那美克星人礼物盒Lv25	utf16
2557	relocated_unique	tbl1.pak	0x016733D1	0x0167347D	Namekian Gift Box Lv27	那美克星人礼物盒Lv27	utf16
2558	relocated_unique	tbl1.pak	0x01673497	0x01673543	Namekian Gift Box Lv30	那美克星人礼物盒Lv30	utf16
2559	relocated_unique	tbl1.pak	0x01674835	0x016748E1	U30 Upgrade Stone Capsule	U30升级石胶囊	utf16
2562	relocated_unique	tbl1.pak	0x0167608F	0x0167613B	Key Capsule (Gold)	钥匙胶囊(黄金)	utf16
2563	commented_ambiguous	tbl1.pak	0x0167C02B		[Spiritualist] LV UP 30! Cookie	[气功师] LV UP 30! Cookie	hits=3
2564	commented_ambiguous	tbl1.pak	0x0167C101		[Dragon Clan] LV UP 30! Cookie	[那美克龙族] LV UP 30! Cookie	hits=3
2565	commented_ambiguous	tbl1.pak	0x0167C1DF		[Wonder Majin] LV UP 30! Cookie	[意魔人] LV UP 30! Cookie	hits=3
2566	relocated_unique	tbl1.pak	0x0167C2FD	0x0167C3A9	[Spiritualist] Skill Set	[气功师] Skill Set	utf16
2567	relocated_unique	tbl1.pak	0x0167C453	0x0167C4FF	[Dragon Clan] Skill Set	[那美克龙族] Skill Set	utf16
2568	relocated_unique	tbl1.pak	0x0167C5B1	0x0167C65D	[Wonder Majin] Skill Set	[意魔人] Skill Set	utf16
2569	relocated_unique	tbl1.pak	0x0167C6D1	0x0167C77D	[Spiritualist] Item Set	[气功师] Item Set	utf16
2570	relocated_unique	tbl1.pak	0x0167C7AB	0x0167C857	[Dragon Clan] Item Set	[那美克龙族] Item Set	utf16
2571	relocated_unique	tbl1.pak	0x0167C88D	0x0167C939	[Wonder Majin] Item Set	[意魔人] Item Set	utf16
2572	commented_ambiguous	tbl1.pak	0x0167CBFF		Popo Gift Box LV2	波波礼物盒Lv2	hits=5
2573	commented_ambiguous	tbl1.pak	0x0167CD2F		Popo Gift Box LV6	波波礼物盒Lv6	hits=4
2574	relocated_unique	tbl1.pak	0x0167CE5F	0x0167CF0B	Popo Gift Box LV8	波波礼物盒Lv8	utf16
2575	relocated_unique	tbl1.pak	0x0167CF8F	0x0167D03B	Popo Gift Box LV11	波波礼物盒Lv11	utf16
2576	relocated_unique	tbl1.pak	0x0167D0C1	0x0167D16D	Popo Gift Box LV13	波波礼物盒Lv13	utf16
2577	relocated_unique	tbl1.pak	0x0167D1F3	0x0167D29F	Popo Gift Box LV16	波波礼物盒Lv16	utf16
2578	relocated_unique	tbl1.pak	0x0167D325	0x0167D3D1	Popo Gift Box LV21	波波礼物盒Lv21	utf16
2579	relocated_unique	tbl1.pak	0x0167D457	0x0167D503	Popo Gift Box LV26	波波礼物盒Lv26	utf16
2580	relocated_unique	tbl1.pak	0x0167D589	0x0167D635	Popo Gift Box LV30	波波礼物盒Lv30	utf16
2581	relocated_unique	tbl1.pak	0x0167D6BB	0x0167D767	Popo Gift Box LV34	波波礼物盒Lv34	utf16
2582	relocated_unique	tbl1.pak	0x0167D7ED	0x0167D899	Popo Gift Box LV38	波波礼物盒Lv38	utf16
2583	relocated_unique	tbl1.pak	0x0167D91F	0x0167D9CB	Popo Gift Box LV42	波波礼物盒Lv42	utf16
2584	commented_ambiguous	tbl1.pak	0x0167E0FB		Popo Gift Box LV4	波波礼物盒Lv4	hits=4
2585	relocated_unique	tbl1.pak	0x0167E22B	0x0167E2D7	Popo Gift Box LV10	波波礼物盒Lv10	utf16
2586	relocated_unique	tbl1.pak	0x0167E35D	0x0167E409	Popo Gift Box LV17	波波礼物盒Lv17	utf16
2587	relocated_unique	tbl1.pak	0x0167E48F	0x0167E53B	Popo Gift Box LV22	波波礼物盒Lv22	utf16
2588	relocated_unique	tbl1.pak	0x0167E5C1	0x0167E66D	Popo Gift Box LV27	波波礼物盒Lv27	utf16
2589	relocated_unique	tbl1.pak	0x0167E6F3	0x0167E79F	Popo Gift Box LV44	波波礼物盒Lv44	utf16
2590	relocated_unique	tbl1.pak	0x0167E825	0x0167E8D1	Popo Gift Box LV45	波波礼物盒Lv45	utf16
2591	relocated_unique	tbl1.pak	0x0167E957	0x0167EA03	Popo Gift Box LV50	波波礼物盒Lv50	utf16
2592	relocated_unique	tbl1.pak	0x0167EA89	0x0167EB35	Popo Gift Box LV55	波波礼物盒Lv55	utf16
2593	relocated_unique	tbl1.pak	0x0167EBBB	0x0167EC67	Popo Gift Box LV60	波波礼物盒Lv60	utf16
2594	relocated_unique	tbl1.pak	0x0167ECED	0x0167ED99	Popo Gift Box LV61	波波礼物盒Lv61	utf16
2595	relocated_unique	tbl1.pak	0x0167EE1F	0x0167EECB	Popo Gift Box LV65	波波礼物盒Lv65	utf16
2596	relocated_unique	tbl1.pak	0x0167EF51	0x0167EFFD	Popo Gift Box LV70	波波礼物盒Lv70	utf16
2597	relocated_unique	tbl1.pak	0x01681C4B	0x01681CF7	Krillin Costume Capsule	克林服装胶囊	utf16
2598	relocated_unique	tbl1.pak	0x01681D89	0x01681E35	EV Power Potion Treasure Chest	EV力量药水宝箱	utf16
2599	commented_ambiguous	tbl1.pak	0x016842FD		Event Coin	活动硬币	hits=7
2600	commented_ambiguous	tbl1.pak	0x0168496B		Mysterious Liquid A	神秘液体A	hits=3
2601	commented_ambiguous	tbl1.pak	0x01684A01		Mysterious Liquid B	神秘液体B	hits=3
2602	commented_ambiguous	tbl1.pak	0x01684A9B		Mysterious Liquid C	神秘液体C	hits=3
2603	commented_ambiguous	tbl1.pak	0x01684B37		Mysterious Liquid D	神秘液体D	hits=3
2604	commented_ambiguous	tbl1.pak	0x01684BD1		Mysterious Tool	神秘工具	hits=3
2607	commented_ambiguous	tbl1.pak	0x016851C1		EV Event Coin	EV活动硬币	hits=2
2608	relocated_unique	tbl1.pak	0x016855F7	0x016856A3	Popo Chest Coupon	波波胸甲券	utf16
2609	commented_ambiguous	tbl1.pak	0x01686565		Weapon Upgrade Stone U75	武器升级石U75	hits=2
2610	relocated_unique	tbl1.pak	0x01686833	0x016868DF	Advanced Weapon Upgrade Stone U80	高级武器升级石U80	utf16
2611	relocated_unique	tbl1.pak	0x01686A87	0x01686B33	White Stone U80	白色石U80	utf16
2612	relocated_unique	tbl1.pak	0x01687FBF	0x0168806B	Android 18 Set 1	人造人18套装1	utf16
2613	relocated_unique	tbl1.pak	0x01688061	0x0168810D	Android 18 Set 2	人造人18套装2	utf16
2614	relocated_unique	tbl1.pak	0x01688103	0x016881AF	Android 18 Set 3	人造人18套装3	utf16
2615	converted_wildcard	tbl1.pak	0x0168994D	*	QArrogant Rabbit Boss clothing made\nthrough the Martial Artist clothing material.	QArrogant Rabbit Boss clothing made\nthrough the 武道家 clothing material.	hits=3
2616	commented_ambiguous	tbl1.pak	0x01689A37		QArrogant Rabbit Boss clothing made\nthrough the Martial Artist clothing material.	QArrogant Rabbit Boss clothing made\nthrough the 武道家 clothing material.	hits=3
2617	commented_ambiguous	tbl1.pak	0x01689B21		QArrogant Rabbit Boss clothing made\nthrough the Martial Artist clothing material.	QArrogant Rabbit Boss clothing made\nthrough the 武道家 clothing material.	hits=3
2618	relocated_unique	tbl1.pak	0x0168DD6D	0x0168DE19	Ancient Dragon Ball Outfit A	古代龙珠套装A	utf16
2619	relocated_unique	tbl1.pak	0x0168DE79	0x0168DF25	Ancient Dragon Ball Outfit B	古代龙珠套装B	utf16
2620	relocated_unique	tbl1.pak	0x0168E1C5	0x0168E271	Ancient Soldier's Outfit A	古代士兵的套装A	utf16
2621	relocated_unique	tbl1.pak	0x0168E295	0x0168E341	Ancient Soldier's Outfit B	古代士兵的套装B	utf16
2630	relocated_unique	tbl1.pak	0x016931A5	0x01693251	Skilled Martial Artist Outfit	Skilled 武道家 Outfit	utf16
2631	relocated_unique	tbl1.pak	0x016931E5	0x01693291	This Outfit were worn by a Very\n Well Skilled Martial Artist	This Outfit were worn by a Very\n Well Skilled 武道家	utf16
2632	relocated_unique	tbl1.pak	0x016935AB	0x01693657	Fairy King Wings	仙女王翅膀	utf16
2635	relocated_unique	tbl1.pak	0x01693FA1	0x0169404D	Buu Costume	布欧服装	utf16
2636	relocated_unique	tbl1.pak	0x01693FFD	0x016940A9	Xeno Goku Outfit	异次元孙悟空套装	utf16
2655	relocated_unique	tbl1.pak	0x01694347	0x016943F3	Human Hair-9	人类发型-9	utf16
2658	relocated_unique	tbl1.pak	0x016943F9	0x016944A5	Human Hair Super Saiyan-01	人类发型超级赛亚人-01	utf16
2659	relocated_unique	tbl1.pak	0x0169446D	0x01694519	Human Hair Super Saiyan-02	人类发型超级赛亚人-02	utf16
2660	relocated_unique	tbl1.pak	0x016944E1	0x0169458D	Human Hair Super Saiyan-03	人类发型超级赛亚人-03	utf16
2661	relocated_unique	tbl1.pak	0x01694555	0x01694601	Human Hair Super Saiyan-04	人类发型超级赛亚人-04	utf16
2662	relocated_unique	tbl1.pak	0x016945C9	0x01694675	Human Hair Super Saiyan-05	人类发型超级赛亚人-05	utf16
2663	relocated_unique	tbl1.pak	0x0169463D	0x016946E9	Human Hair Super Saiyan-06	人类发型超级赛亚人-06	utf16
2664	relocated_unique	tbl1.pak	0x016946B1	0x0169475D	Human Hair Super Saiyan-07	人类发型超级赛亚人-07	utf16
2665	relocated_unique	tbl1.pak	0x01694725	0x016947D1	Human Hair Super Saiyan-08	人类发型超级赛亚人-08	utf16
2666	relocated_unique	tbl1.pak	0x01694799	0x01694845	Human Hair Super Saiyan-09	人类发型超级赛亚人-09	utf16
2667	relocated_unique	tbl1.pak	0x0169480D	0x016948B9	Human Hair Super Saiyan-10	人类发型超级赛亚人-10	utf16
2708	relocated_unique	tbl1.pak	0x016951A5	0x01695251	Soul King Title	灵魂王称号	utf16
2709	relocated_unique	tbl1.pak	0x0169520B	0x016952B7	Strong Soul Title	强力灵魂称号	utf16
2710	relocated_unique	tbl1.pak	0x016953B3	0x0169545F	Broly Outfit	布罗利套装	utf16
2711	commented_ambiguous	tbl1.pak	0x01696D09		Legendary Super Saiyan Title	传说超级赛亚人称号	hits=2
2716	relocated_unique	tbl1.pak	0x01696FDD	0x01697089	Demon Dragon Wings	恶魔龙翅膀	utf16
2717	relocated_unique	tbl1.pak	0x016971A9	0x01697255	Majin Buu Outfit	魔人布欧套装	utf16
2718	relocated_unique	tbl1.pak	0x0169737D	0x01697429	Whitebeard's Outfit	白胡子的套装	utf16
2719	relocated_unique	tbl1.pak	0x01697555	0x01697601	Epic Weapon Upgrade Stone U75	史诗武器升级石U75	utf16
2720	relocated_unique	tbl1.pak	0x01697B97	0x01697C43	Nappa's Saiyan Outfit	那巴的赛亚人套装	utf16
2723	relocated_unique	tbl1.pak	0x0169852F	0x016985DB	Whitebeard's Hat	白胡子的帽子	utf16
2724	relocated_unique	tbl1.pak	0x016985CD	0x01698679	Whitebeard's Staff	白胡子的杖	utf16
2725	relocated_unique	tbl1.pak	0x0169866F	0x0169871B	Fairy Speed Wings	仙女速度翅膀	utf16
2726	relocated_unique	tbl1.pak	0x0169870F	0x016987BB	Black Axe Transmog	黑色斧幻化	utf16
2727	relocated_unique	tbl1.pak	0x01698A29	0x01698AD5	Beerus Outfit	比鲁斯套装	utf16
2728	relocated_unique	tbl1.pak	0x01698A95	0x01698B41	Goku Black Outfit	孙悟空黑色套装	utf16
2729	relocated_unique	tbl1.pak	0x01699013	0x016990BF	Shenron Wings (Golden)	神龙翅膀(黄金)	utf16
2730	relocated_unique	tbl1.pak	0x01699607	0x016996B3	Vegeta Buu's Outfit	贝吉塔布欧的套装	utf16
2731	relocated_unique	tbl1.pak	0x01699A45	0x01699AF1	Pride Outfit	骄傲套装	utf16
2732	relocated_unique	tbl1.pak	0x01699C19	0x01699CC5	Popo Ring LV11	波波戒指Lv11	utf16
2733	relocated_unique	tbl1.pak	0x01699C99	0x01699D45	Popo Earring LV11	波波耳环Lv11	utf16
2734	relocated_unique	tbl1.pak	0x01699D1F	0x01699DCB	Popo Necklace LV11	波波项链Lv11	utf16
2735	relocated_unique	tbl1.pak	0x01699DA7	0x01699E53	Popo Ring LV21	波波戒指Lv21	utf16
2736	relocated_unique	tbl1.pak	0x01699E27	0x01699ED3	Popo Earring LV21	波波耳环Lv21	utf16
2737	relocated_unique	tbl1.pak	0x01699EAD	0x01699F59	Popo Necklace LV21	波波项链Lv21	utf16
2738	relocated_unique	tbl1.pak	0x01699F35	0x01699FE1	Popo Ring LV30	波波戒指Lv30	utf16
2739	relocated_unique	tbl1.pak	0x01699FB5	0x0169A061	Popo Earring LV30	波波耳环Lv30	utf16
2740	relocated_unique	tbl1.pak	0x0169A03B	0x0169A0E7	Popo Necklace LV30	波波项链Lv30	utf16
2741	relocated_unique	tbl1.pak	0x0169A0C3	0x0169A16F	Popo Ring LV38	波波戒指Lv38	utf16
2742	relocated_unique	tbl1.pak	0x0169A143	0x0169A1EF	Popo Earring LV38	波波耳环Lv38	utf16
2743	relocated_unique	tbl1.pak	0x0169A1C9	0x0169A275	Popo Necklace LV38	波波项链Lv38	utf16
2744	commented_ambiguous	tbl1.pak	0x0169B45D		Mysterious Warrior Mask	神秘战士面具	hits=2
2745	relocated_unique	tbl1.pak	0x0169E30D	0x0169E3B9	CC Red Outfit	CC红色套装	utf16
2746	relocated_unique	tbl1.pak	0x0169E361	0x0169E40D	CC Yellow Outfit	CC黄色套装	utf16
2747	relocated_unique	tbl1.pak	0x0169E387	0x0169E433	CC Blue Outfit	CC蓝色套装	utf16
2748	relocated_unique	tbl1.pak	0x0169E3A9	0x0169E455	CC White Outfit	CC白色套装	utf16
2749	relocated_unique	tbl1.pak	0x0169E447	0x0169E4F3	CC New Outfit	CC新套装	utf16
2750	relocated_unique	tbl1.pak	0x0169E467	0x0169E513	CC Purple Outfit	CC紫色套装	utf16
2751	relocated_unique	tbl1.pak	0x0169E671	0x0169E71D	Warrior's Outfit(type A)	那美克战士的套装(A型)	utf16
2752	relocated_unique	tbl1.pak	0x0169E6AF	0x0169E75B	Warrior's Outfit(type B)	那美克战士的套装(B型)	utf16
2753	commented_ambiguous	tbl1.pak	0x0169EB47		Manufacturing Extract 02	制造萃取物02	hits=2
2754	commented_ambiguous	tbl1.pak	0x0169EBB3		Special Parts 02	特殊零件02	hits=2
2755	commented_ambiguous	tbl1.pak	0x0169EC5F		Legendary Gem 02	传说宝石02	hits=2
2756	commented_ambiguous	tbl1.pak	0x016A05E7		UD Coin	UD硬币	hits=3
2757	relocated_unique	tbl1.pak	0x016A0813	0x016A08BF	Epic Weapon Upgrade Stone U70	史诗武器升级石U70	utf16
2758	relocated_unique	tbl1.pak	0x016A0C37	0x016A0CE3	Vegeta Outfit (Super)	贝吉塔套装(超级)	utf16
2759	relocated_unique	tbl1.pak	0x016A0C67	0x016A0D13	Goku Outfit (Super)	孙悟空套装(超级)	utf16
2760	commented_ambiguous	tbl1.pak	0x016A0D11		Manufacturing Extract 03	制造萃取物03	hits=2
2761	commented_ambiguous	tbl1.pak	0x016A0D7D		Special Parts 03	特殊零件03	hits=2
2762	commented_ambiguous	tbl1.pak	0x016A0E29		Legendary Gem 03	传说宝石03	hits=2
2763	relocated_unique	tbl1.pak	0x016A1313	0x016A13BF	Octopus Earring	章鱼耳环	utf16
2764	relocated_unique	tbl1.pak	0x016A13C7	0x016A1473	Octopus Necklace	章鱼项链	utf16
2765	commented_ambiguous	tbl1.pak	0x016AA7C7		Manufacturing Extract 04	制造萃取物04	hits=2
2766	commented_ambiguous	tbl1.pak	0x016AA833		Special Parts 04	特殊零件04	hits=2
2767	commented_ambiguous	tbl1.pak	0x016AA8DF		Legendary Gem 04	传说宝石04	hits=2
2768	commented_ambiguous	tbl1.pak	0x016AC037		Manufacturing Extract 05	制造萃取物05	hits=2
2769	commented_ambiguous	tbl1.pak	0x016AC0A3		Special Parts 05	特殊零件05	hits=2
2770	commented_ambiguous	tbl1.pak	0x016AC14F		Legendary Gem 05	传说宝石05	hits=2
2771	relocated_unique	tbl1.pak	0x016ACC61	0x016ACD0D	Z-Scouter	Z-探测器	utf16
2772	commented_ambiguous	tbl1.pak	0x016ACCFF		Power Scouter	力量探测器	hits=2
2773	relocated_unique	tbl1.pak	0x016ACEBD	0x016ACF69	Normal Scouter A	普通探测器A	utf16
2774	relocated_unique	tbl1.pak	0x016ACFED	0x016AD099	Normal Scouter B	普通探测器B	utf16
2775	commented_ambiguous	tbl1.pak	0x016ADC93		Crystal Scouter	水晶探测器	hits=3
2776	commented_ambiguous	tbl1.pak	0x016ADD1D		Diamond Scouter	钻石探测器	hits=3
2777	commented_ambiguous	tbl1.pak	0x016AE145		Manufacturing Extract 06	制造萃取物06	hits=2
2778	commented_ambiguous	tbl1.pak	0x016AE1B1		Special Parts 06	特殊零件06	hits=2
2779	commented_ambiguous	tbl1.pak	0x016AE25D		Legendary Gem 06	传说宝石06	hits=2
2780	commented_ambiguous	tbl1.pak	0x016AE42B		Manufacturing Extract 07	制造萃取物07	hits=2
2781	commented_ambiguous	tbl1.pak	0x016AE497		Special Parts 07	特殊零件07	hits=2
2782	commented_ambiguous	tbl1.pak	0x016AE543		Legendary Gem 07	传说宝石07	hits=2
2783	relocated_unique	tbl1.pak	0x016AE5AF	0x016AE65B	Manufacturing Extract 08	制造萃取物08	utf16
2784	relocated_unique	tbl1.pak	0x016AE61B	0x016AE6C7	Special Parts 08	特殊零件08	utf16
2785	relocated_unique	tbl1.pak	0x016AE6C7	0x016AE773	Legendary Gem 08	传说宝石08	utf16
2786	relocated_unique	tbl1.pak	0x016AE879	0x016AE925	Manufacturing Extract 09	制造萃取物09	utf16
2787	relocated_unique	tbl1.pak	0x016AE8E5	0x016AE991	Special Parts 09	特殊零件09	utf16
2788	relocated_unique	tbl1.pak	0x016AE991	0x016AEA3D	Legendary Gem 09	传说宝石09	utf16
2789	relocated_unique	tbl1.pak	0x016AF75B	0x016AF807	Legendary Super Saiyan Martial	传说超级赛亚人武道家	utf16
2790	relocated_unique	tbl1.pak	0x016AF7A9	0x016AF855	Legendary Super Saiyan Spiritualist	传说超级赛亚人气功师	utf16
2791	relocated_unique	tbl1.pak	0x016AF835	0x016AF8E1	Ultra Ego Spiritualist	Ultra Ego 气功师	utf16
2792	relocated_unique	tbl1.pak	0x016AF8B5	0x016AF961	Kamicollo-Sama Dragon Clan	Kamicollo-Sama 那美克龙族	utf16
2793	relocated_unique	tbl1.pak	0x016AF935	0x016AF9E1	Saiyan Beast Spiritualist	Saiyan Beast 气功师	utf16
2794	relocated_unique	tbl1.pak	0x016AF9CF	0x016AFA7B	(Super Saiyan Blue Evolution Spiritualist	(Super Saiyan Blue Evolution 气功师	utf16
2795	converted_wildcard	tbl1.pak	0x016AFA33	*	Super Saiyan Blue Spiritualist	超级赛亚人蓝气功师	hits=2
2796	relocated_unique	tbl1.pak	0x016AFA81	0x016AFB2D	Fake Super Saiyan Spiritualist	Fake Super Saiyan 气功师	utf16
2797	relocated_unique	tbl1.pak	0x016AFB99	0x016AFC45	Super Saiyan 2 Martial	超级赛亚人2武道家	utf16
2798	relocated_unique	tbl1.pak	0x016AFBD7	0x016AFC83	Super Saiyan 2 Spiritualist	超级赛亚人2气功师	utf16
2799	relocated_unique	tbl1.pak	0x016AFC1F	0x016AFCCB	Super Saiyan Blue Martial	超级赛亚人蓝武道家	utf16
2800	commented_ambiguous	tbl1.pak	0x016AFC63		Super Saiyan Blue Spiritualist	超级赛亚人蓝气功师	hits=2
2801	relocated_unique	tbl1.pak	0x016AFD23	0x016AFDCF	Super Saiyan 4 Spiritualist	超级赛亚人4气功师	utf16
2802	relocated_unique	tbl1.pak	0x016AFD95	0x016AFE41	Super Saiyan 4 Martial	超级赛亚人4武道家	utf16
2803	relocated_unique	tbl1.pak	0x016AFE6D	0x016AFF19	Spiritualist SSRose	气功师 SSRose	utf16
2804	relocated_unique	tbl1.pak	0x016B0703	0x016B07AF	Natsu Hair	纳兹发型	utf16
2805	relocated_unique	tbl1.pak	0x016B10F1	0x016B119D	Special Shadow Part	特殊暗影零件	utf16
2806	relocated_unique	tbl1.pak	0x016B11A3	0x016B124F	Manufacturing Extract Shadow	制造萃取物暗影	utf16
2807	relocated_unique	tbl1.pak	0x016B11E1	0x016B128D	Shadow Star Material	暗影星材料	utf16
2808	relocated_unique	tbl1.pak	0x016B1251	0x016B12FD	Shadow Steel	暗影钢	utf16
2809	relocated_unique	tbl1.pak	0x016B34ED	0x016B3599	Ruby Box	红宝石盒	utf16
2810	relocated_unique	tbl1.pak	0x016B3857	0x016B3903	UD 1 Coin	UD1硬币	utf16
2811	relocated_unique	tbl1.pak	0x016B38BB	0x016B3967	UD 2 Coin	UD2硬币	utf16
2812	relocated_unique	tbl1.pak	0x016B391F	0x016B39CB	UD 3 Coin	UD3硬币	utf16
2813	relocated_unique	tbl1.pak	0x016B3983	0x016B3A2F	Shadow Coin	暗影硬币	utf16
2814	relocated_unique	tbl1.pak	0x016B4801	0x016B48AD	BID Bardock Coin	BID巴达克硬币	utf16
2815	commented_ambiguous	tbl1.pak	0x016B4905		Bardock Pet	巴达克宠物	hits=4
2816	relocated_unique	tbl1.pak	0x016B4971	0x016B4A1D	Bardock Pet (Super Saiyan)	巴达克宠物(超级赛亚人)	utf16
2817	relocated_unique	tbl1.pak	0x016B49FB	0x016B4AA7	Bardock Pet (Super Saiyan 3)	巴达克宠物(超级赛亚人3)	utf16
2818	relocated_unique	tbl1.pak	0x016B5591	0x016B563D	Weapon Downgrade Stone U85	武器降级石U85	utf16
2819	relocated_unique	tbl1.pak	0x016B5CB5	0x016B5D61	Moro Coin	摩罗硬币	utf16
2820	commented_ambiguous	tbl1.pak	0x016B5F49		Android 18	人造人18	hits=32
2821	relocated_unique	tbl1.pak	0x016B8BC9	0x016B8C75	(Martial) Potion Super Saiyan LegendaryS	(武道家) Potion Super Saiyan LegendaryS	utf16
2822	commented_ambiguous	tbl1.pak	0x016B8CB1		(Spiritualist) Potion Super Saiyan 1	(气功师)超级赛亚人1药水	hits=2
2823	relocated_unique	tbl1.pak	0x016B8EF3	0x016B8F9F	(Spiritualist) Potion Super Saiyan LegendaryS	(气功师) Potion Super Saiyan LegendaryS	utf16
2824	relocated_unique	tbl1.pak	0x016B9145	0x016B91F1	(Dragon) Potion Great Namek	(龙族)巨大那美克药水	utf16
2825	relocated_unique	tbl1.pak	0x016B9181	0x016B922D	(Dragon) Potion Kamiccolo	(龙族)卡米克洛药水	utf16
2826	relocated_unique	tbl1.pak	0x016B91B9	0x016B9265	(Dragon) Potion Dark Namek	(龙族)黑暗那美克药水	utf16
2827	relocated_unique	tbl1.pak	0x016B91F3	0x016B929F	(Dragon) Potion Great Orange	(龙族) Potion Great Orange	utf16
2828	relocated_unique	tbl1.pak	0x016B9231	0x016B92DD	(Dragon) Potion Orange	(龙族) Potion Orange	utf16
2829	relocated_unique	tbl1.pak	0x016B9263	0x016B930F	(Dragon) Potion Muscle Orange	(龙族) Potion Muscle Orange	utf16
2830	relocated_unique	tbl1.pak	0x016B92A3	0x016B934F	(Dragon) Potion Imperator	(龙族)帝王药水	utf16
2831	relocated_unique	tbl1.pak	0x016B92DB	0x016B9387	(Might) Potion Pure Majin	(大魔人)纯粹魔人药水	utf16
2832	relocated_unique	tbl1.pak	0x016B9313	0x016B93BF	(Might) Potion Unleashed Potential	(大魔人) Potion Unleashed Potential	utf16
2833	relocated_unique	tbl1.pak	0x016B935D	0x016B9409	(Might) Potion Super Boo	(大魔人)超级布欧药水	utf16
2834	relocated_unique	tbl1.pak	0x016B9393	0x016B943F	(Might) Potion Bootenks	(大魔人)布欧悟天克斯药水	utf16
2835	relocated_unique	tbl1.pak	0x016B93C7	0x016B9473	(Might) Potion Buuhan	(大魔人)布欧悟饭药水	utf16
2836	relocated_unique	tbl1.pak	0x016B93F7	0x016B94A3	(Might) Potion SS3	(大魔人)超级赛亚人3药水	utf16
2837	relocated_unique	tbl1.pak	0x016B9421	0x016B94CD	(Might) Potion Xeno	(大魔人)异次元药水	utf16
2838	relocated_unique	tbl1.pak	0x016B944D	0x016B94F9	(Wonder) Potion Pure Majin	(意魔人)纯粹魔人药水	utf16
2839	relocated_unique	tbl1.pak	0x016B9487	0x016B9533	(Wonder) Potion Unleashed Potential	(意魔人) Potion Unleashed Potential	utf16
2840	relocated_unique	tbl1.pak	0x016B94D3	0x016B957F	(Wonder) Potion Super Boo	(意魔人)超级布欧药水	utf16
2841	relocated_unique	tbl1.pak	0x016B950B	0x016B95B7	(Wonder) Potion Bootenks	(意魔人)布欧悟天克斯药水	utf16
2842	relocated_unique	tbl1.pak	0x016B9541	0x016B95ED	(Wonder) Potion Buuhan	(意魔人)布欧悟饭药水	utf16
2843	relocated_unique	tbl1.pak	0x016B9573	0x016B961F	(Wonder) Potion SS3	(意魔人)超级赛亚人3药水	utf16
2844	relocated_unique	tbl1.pak	0x016B959F	0x016B964B	(Wonder) Potion Xeno	(意魔人)异次元药水	utf16
2845	relocated_unique	tbl1.pak	0x016BE7A9	0x016BE855	(Martial) (7 days) Super Saiyan LegendaryS	(武道家) (7 days) Super Saiyan LegendaryS	utf16
2846	commented_ambiguous	tbl1.pak	0x016BE89D		(Spiritualist) (7 days) Super Saiyan 1	(气功师)(7天)超级赛亚人1	hits=2
2847	relocated_unique	tbl1.pak	0x016BED7B	0x016BEE27	(Dragon) (7 days) Great Namek	(龙族) (7 days) Great Namek	utf16
2848	relocated_unique	tbl1.pak	0x016BEDBB	0x016BEE67	(Dragon) (7 days) Kamiccolo	(龙族) (7 days) Kamiccolo	utf16
2849	relocated_unique	tbl1.pak	0x016BEDF7	0x016BEEA3	(Dragon) (7 days) Dark Namek	(龙族) (7 days) Dark Namek	utf16
2850	relocated_unique	tbl1.pak	0x016BEE35	0x016BEEE1	(Dragon) (7 days) Great Orange	(龙族) (7 days) Great Orange	utf16
2851	relocated_unique	tbl1.pak	0x016BEE77	0x016BEF23	(Dragon) (7 days) Orange	(龙族) (7 days) Orange	utf16
2852	relocated_unique	tbl1.pak	0x016BEEAD	0x016BEF59	(Dragon) (7 days) Muscle Orange	(龙族) (7 days) Muscle Orange	utf16
2853	relocated_unique	tbl1.pak	0x016BEEF1	0x016BEF9D	(Dragon) (7 days) Imperator	(龙族) (7 days) Imperator	utf16
2854	relocated_unique	tbl1.pak	0x016BEF2D	0x016BEFD9	(Might) (7 days) Pure Majin	(大魔人) (7 days) Pure Majin	utf16
2855	relocated_unique	tbl1.pak	0x016BEF69	0x016BF015	(Might) (7 days) Unleashed Potential	(大魔人) (7 days) Unleashed Potential	utf16
2856	relocated_unique	tbl1.pak	0x016BEFB7	0x016BF063	(Might) (7 days) Super Boo	(大魔人) (7 days) Super Boo	utf16
2857	relocated_unique	tbl1.pak	0x016BEFF1	0x016BF09D	(Might) (7 days) Bootenks	(大魔人) (7 days) Bootenks	utf16
2858	relocated_unique	tbl1.pak	0x016BF029	0x016BF0D5	(Might) (7 days) Buuhan	(大魔人) (7 days) Buuhan	utf16
2859	relocated_unique	tbl1.pak	0x016BF05D	0x016BF109	(Might) (7 days) SS3	(大魔人) (7 days) SS3	utf16
2860	relocated_unique	tbl1.pak	0x016BF08B	0x016BF137	(Might) (7 days) Xeno	(大魔人) (7 days) Xeno	utf16
2861	relocated_unique	tbl1.pak	0x016BF0BB	0x016BF167	(Wonder) (7 days) Pure Majin	(意魔人) (7 days) Pure Majin	utf16
2862	relocated_unique	tbl1.pak	0x016BF0F9	0x016BF1A5	(Wonder) (7 days) Unleashed Potential	(意魔人) (7 days) Unleashed Potential	utf16
2863	relocated_unique	tbl1.pak	0x016BF149	0x016BF1F5	(Wonder) (7 days) Super Boo	(意魔人) (7 days) Super Boo	utf16
2864	relocated_unique	tbl1.pak	0x016BF185	0x016BF231	(Wonder) (7 days) Bootenks	(意魔人) (7 days) Bootenks	utf16
2865	relocated_unique	tbl1.pak	0x016BF1BF	0x016BF26B	(Wonder) (7 days) Buuhan	(意魔人) (7 days) Buuhan	utf16
2866	relocated_unique	tbl1.pak	0x016BF1F5	0x016BF2A1	(Wonder) (7 days) SS3	(意魔人) (7 days) SS3	utf16
2867	relocated_unique	tbl1.pak	0x016BF225	0x016BF2D1	(Wonder) (7 days) Xeno	(意魔人) (7 days) Xeno	utf16
2868	relocated_unique	tbl1.pak	0x016C29BD	0x016C2A69	Vegeta Black Outfit	贝吉塔黑色套装	utf16
2869	relocated_unique	tbl1.pak	0x016C2A87	0x016C2B33	Super Box	超级盒	utf16
2870	commented_ambiguous	tbl1.pak	0x016CC7B1		Ultra Devil	极限魔鬼	hits=3
2871	commented_ambiguous	tbl1.pak	0x016CD051		Iron Saibaman	铁栽培人	hits=3
2872	relocated_unique	tbl1.pak	0x016CED9D	0x016CEEE9	Mushroom Gang Guard	蘑菇刚守卫	utf16
2873	commented_ambiguous	tbl1.pak	0x016CEDC9		Mushroom Gang Pilot	蘑菇刚驾驶员	hits=2
2874	commented_ambiguous	tbl1.pak	0x016CF72D		Paella Robot	皮拉夫机器人	hits=21
2875	commented_ambiguous	tbl1.pak	0x016CFEE3		Super Capsule Robot RP	超级胶囊机器人RP	hits=5
2876	relocated_unique	tbl1.pak	0x016D0159	0x016D02A5	Advanced Robot	高级机器人	utf16
2877	commented_ambiguous	tbl1.pak	0x016D0FAF		Red Captain	红色队长	hits=3
2878	relocated_unique	tbl1.pak	0x016D2979	0x016D2AC5	Ancient Shenron Chest	古代神龙胸甲	utf16
2879	commented_ambiguous	tbl1.pak	0x016D3D19		Field Saibaman	野外栽培人	hits=3
2880	commented_ambiguous	tbl1.pak	0x016D3D7F		Light Saibaman	光栽培人	hits=7
2881	commented_ambiguous	tbl1.pak	0x016D3DE5		Golden Saibaman	黄金栽培人	hits=15
2882	commented_ambiguous	tbl1.pak	0x016D3E51		Golden Light Saibaman	黄金光栽培人	hits=4
2883	commented_ambiguous	tbl1.pak	0x016D3EE1		Pure Golden Saibaman	纯粹黄金栽培人	hits=5
2884	commented_ambiguous	tbl1.pak	0x016D5433		Metal Energy Pudding	金属气功布丁	hits=7
2887	commented_ambiguous	tbl1.pak	0x016D785B		Rock Lizard	岩石蜥蜴	hits=16
2888	commented_ambiguous	tbl1.pak	0x016D78AF		Ghost Rock Lizard	幽灵岩石蜥蜴	hits=5
2889	commented_ambiguous	tbl1.pak	0x016D7CB9		Kiri Power Controller	基里力量控制器	hits=3
2892	commented_ambiguous	tbl1.pak	0x016D977B		Dodoria	多多利亚	hits=20
2893	commented_ambiguous	tbl1.pak	0x016D982F		Brainwashed Dodoria	被洗脑多多利亚	hits=4
2896	commented_ambiguous	tbl1.pak	0x016D9C03		Eye of Darkness	达克妮斯的眼	hits=39
2897	commented_ambiguous	tbl1.pak	0x016DA31D		Dark Eye	黑暗眼	hits=13
2898	commented_ambiguous	tbl1.pak	0x016DA59B		Dragon Frog	龙青蛙	hits=47
2899	commented_ambiguous	tbl1.pak	0x016DA6DF		King Dragon Frog	王龙青蛙	hits=3
2900	commented_ambiguous	tbl1.pak	0x016DA8C5		Strong Dragon Frog	强力龙青蛙	hits=3
2901	commented_ambiguous	tbl1.pak	0x016DA99D		RP Special Frog	RP特殊青蛙	hits=3
2902	commented_ambiguous	tbl1.pak	0x016DAA8D		Rock Frog	岩石青蛙	hits=3
2903	commented_ambiguous	tbl1.pak	0x016DAAD5		Water Frog	水青蛙	hits=3
2904	commented_ambiguous	tbl1.pak	0x016DAB8F		Pet Frog	宠物青蛙	hits=4
2905	commented_ambiguous	tbl1.pak	0x016DAC03		Brainwashed Frog	被洗脑青蛙	hits=6
2906	commented_ambiguous	tbl1.pak	0x016DAC29		King Frog	王青蛙	hits=3
2907	commented_ambiguous	tbl1.pak	0x016DAD85		Black Frog	黑色青蛙	hits=4
2908	commented_ambiguous	tbl1.pak	0x016DB9D3		Brainwashed Ginyu Frog	被洗脑基纽青蛙	hits=3
2911	commented_ambiguous	tbl1.pak	0x016DBF95		Iron Beetle	铁甲虫	hits=3
2912	commented_ambiguous	tbl1.pak	0x016DC26D		Brainwashed Beetle	被洗脑甲虫	hits=3
2913	commented_ambiguous	tbl1.pak	0x016DCA31		Pure Majin Guard	纯粹魔人守卫	hits=4
2914	converted_wildcard	tbl1.pak	0x016DEDA7	*	Delinquent Martial Artist	Delinquent 武道家	hits=3
2915	commented_ambiguous	tbl1.pak	0x016DEDDF		Delinquent Martial Artist	Delinquent 武道家	hits=3
2916	commented_ambiguous	tbl1.pak	0x016DEE17		Delinquent Martial Artist	Delinquent 武道家	hits=3
2917	converted_wildcard	tbl1.pak	0x016DEECD	*	Delinquent Spiritualist	Delinquent 气功师	hits=3
2918	commented_ambiguous	tbl1.pak	0x016DEF01		Delinquent Spiritualist	Delinquent 气功师	hits=3
2919	commented_ambiguous	tbl1.pak	0x016DEF35		Delinquent Spiritualist	Delinquent 气功师	hits=3
2920	commented_ambiguous	tbl1.pak	0x016DFA0F		Zarbon	萨博	hits=21
2921	commented_ambiguous	tbl1.pak	0x016E1667		Brainwashed Zarbon	被洗脑萨博	hits=7
2922	commented_ambiguous	tbl1.pak	0x016E16E5		Android 9	人造人9	hits=8
2923	commented_ambiguous	tbl1.pak	0x016E1763		Strong Brainwashed Zarbon	强力被洗脑萨博	hits=3
2924	commented_ambiguous	tbl1.pak	0x016E182D		Android 19000 SP	人造人19000SP	hits=7
2925	relocated_unique	tbl1.pak	0x016E1B9B	0x016E1CE7	Android Soldier	人造人士兵	utf16
2926	commented_ambiguous	tbl1.pak	0x016E1F8D		Mira's Military Captain	米拉军队长	hits=6
2927	commented_ambiguous	tbl1.pak	0x016E282D		Android 16	人造人16	hits=21
2928	commented_ambiguous	tbl1.pak	0x016E48B1		Classic Kiri Scouter	经典基里探测器	hits=3
2929	relocated_unique	tbl1.pak	0x016E51A1	0x016E52ED	Ancient Magic Dragon	古代魔法龙	utf16
2934	commented_ambiguous	tbl1.pak	0x016E597D		Dark Fan Saibaman	黑暗扇栽培人	hits=4
2935	commented_ambiguous	tbl1.pak	0x016E5A31		Big Fan Saibaman	大扇栽培人	hits=8
2936	commented_ambiguous	tbl1.pak	0x016E5AA3		Giant Fan Saibaman	巨大扇栽培人	hits=8
2937	commented_ambiguous	tbl1.pak	0x016E5B21		Head-Wind Saibaman	头-风栽培人	hits=5
2938	commented_ambiguous	tbl1.pak	0x016E5CA1		King Fan Saibaman	王扇栽培人	hits=8
2941	commented_ambiguous	tbl1.pak	0x016E5F11		Needle-Fan Saibaman	针-扇栽培人	hits=3
2942	commented_ambiguous	tbl1.pak	0x016E5F95		Brainwashed Fan Saibaman	被洗脑扇栽培人	hits=9
2943	commented_ambiguous	tbl1.pak	0x016E6667		Helmet Soldier	头盔士兵	hits=4
2944	commented_ambiguous	tbl1.pak	0x016E6AF9		Wild Helmet Fighter	狂野头盔战士	hits=3
2945	commented_ambiguous	tbl1.pak	0x016E7C41		Helmet Defense Unit	头盔防御部队	hits=3
2946	commented_ambiguous	tbl1.pak	0x016E8407		Helmet Military Engineer	头盔军用工程师	hits=3
2947	commented_ambiguous	tbl1.pak	0x016E86FF		Helmet Scouter	头盔探测器	hits=3
2948	commented_ambiguous	tbl1.pak	0x016E888B		Honor Guard	荣耀守卫	hits=3
2949	commented_ambiguous	tbl1.pak	0x016E8F0B		Mushroom Gang Warrior	蘑菇刚战士	hits=2
2950	commented_ambiguous	tbl1.pak	0x016EA14D		Sky Mushroom	天空蘑菇	hits=4
2953	commented_ambiguous	tbl1.pak	0x016EAAA7		Narak Devil Practitioner	那拉克魔鬼修行者	hits=3
2954	commented_ambiguous	tbl1.pak	0x016EAB49		Narak Warrior	那拉克战士	hits=3
2955	relocated_unique	tbl1.pak	0x016EAB69	0x016EACB5	Black Warrior	黑色战士	utf16
2958	commented_ambiguous	tbl1.pak	0x016EBC79		Time Breaker Saibaman	时空破坏者栽培人	hits=3
2961	relocated_unique	tbl1.pak	0x016EC33B	0x016EC487	Warrior of Chaos	混沌的那美克战士	utf16
2962	relocated_unique	tbl1.pak	0x016EC38B	0x016EC4D7	Narak Special Force	那拉克特殊力量	utf16
2963	relocated_unique	tbl1.pak	0x016EC4F1	0x016EC63D	Dark Devil Warrior	黑暗魔鬼战士	utf16
2964	commented_ambiguous	tbl1.pak	0x016EC52B		Narak Defense Warrior	那拉克防御战士	hits=2
2965	commented_ambiguous	tbl1.pak	0x016ED777		Robot Guard	机器人守卫	hits=7
2966	commented_ambiguous	tbl1.pak	0x016EDEFD		Mushroom Robot	蘑菇机器人	hits=5
2967	commented_ambiguous	tbl1.pak	0x016EE221		New Kiri Robot	新基里机器人	hits=2
2968	commented_ambiguous	tbl1.pak	0x016EE651		Kiri-Robot	基里-机器人	hits=6
2971	commented_ambiguous	tbl1.pak	0x016EF305		Mole Cricket	鼹鼠蟋蟀	hits=178
2972	commented_ambiguous	tbl1.pak	0x016EF48F		Drum Mole Cricket	鼓鼹鼠蟋蟀	hits=4
2973	commented_ambiguous	tbl1.pak	0x016EF699		Great Mole Cricket	巨大鼹鼠蟋蟀	hits=4
2974	commented_ambiguous	tbl1.pak	0x016EF795		Metal Mole Cricket	金属鼹鼠蟋蟀	hits=6
2975	commented_ambiguous	tbl1.pak	0x016EF9EB		King Mole Cricket	王鼹鼠蟋蟀	hits=4
2976	commented_ambiguous	tbl1.pak	0x016EFCA3		Chaos Mole Cricket	混沌鼹鼠蟋蟀	hits=3
2977	commented_ambiguous	tbl1.pak	0x016EFF85		Star Mole Cricket	星鼹鼠蟋蟀	hits=6
2978	commented_ambiguous	tbl1.pak	0x016F061F		Mushroom Mole Cricket	蘑菇鼹鼠蟋蟀	hits=3
2979	commented_ambiguous	tbl1.pak	0x016F175D		Special Force	特殊力量	hits=23
2980	commented_ambiguous	tbl1.pak	0x016F25D5		Helmet Supply Manager	头盔补给管理员	hits=3
2981	commented_ambiguous	tbl1.pak	0x016F3FA7		Mushroom Gang Fighter	蘑菇刚战士	hits=2
2982	commented_ambiguous	tbl1.pak	0x016F4031		Devil Dragon	魔鬼龙	hits=38
2983	commented_ambiguous	tbl1.pak	0x016F40FD		Narak Devil Dragon	那拉克魔鬼龙	hits=2
2984	commented_ambiguous	tbl1.pak	0x016F47ED		Weapon Master Robot	武器大师机器人	hits=3
2987	commented_ambiguous	tbl1.pak	0x016F5155		Advanced Original Saibaman	高级原始栽培人	hits=3
2988	commented_ambiguous	tbl1.pak	0x016F576D		Tiger Saibaman	老虎栽培人	hits=4
2989	commented_ambiguous	tbl1.pak	0x016F5FEF		Brainwashed Cui	被洗脑丘夷	hits=7
2990	commented_ambiguous	tbl1.pak	0x016F622F		Suspicious Alien	可疑异星	hits=3
2991	commented_ambiguous	tbl1.pak	0x016F9D71		Brainwashed Kiri Manager	被洗脑基里管理员	hits=2
2992	converted_wildcard	tbl1.pak	0x016FA439	*	Guard Unit Warrior	守卫部队战士	hits=3
2993	commented_ambiguous	tbl1.pak	0x016FA463		Guard Unit Warrior	守卫部队战士	hits=3
2994	commented_ambiguous	tbl1.pak	0x016FA48D		Guard Unit Warrior	守卫部队战士	hits=3
2995	commented_ambiguous	tbl1.pak	0x016FC991		Mira's Advanced Unit	米拉的高级部队	hits=3
2996	commented_ambiguous	tbl1.pak	0x016FCF33		Brainwashed Defense Unit	被洗脑防御部队	hits=3
2997	commented_ambiguous	tbl1.pak	0x016FD0AD		Recoome	利库姆	hits=12
2998	commented_ambiguous	tbl1.pak	0x016FD125		Brainwashed Recoome	被洗脑利库姆	hits=4
3001	commented_ambiguous	tbl1.pak	0x016FE12B		Special Force Saibaman	特殊力量栽培人	hits=3
3002	commented_ambiguous	tbl1.pak	0x016FE15D		Shadow Saibaman	暗影栽培人	hits=5
3003	commented_ambiguous	tbl1.pak	0x016FE1C9		Evil Saibaman	邪恶栽培人	hits=4
3004	commented_ambiguous	tbl1.pak	0x016FE229		Brainwashed Saibaman	被洗脑栽培人	hits=22
3005	converted_wildcard	tbl1.pak	0x016FE9BF	*	Martial Artist Examiner	武道家 Examiner	hits=3
3006	commented_ambiguous	tbl1.pak	0x016FE9F3		Martial Artist Examiner	武道家 Examiner	hits=3
3007	commented_ambiguous	tbl1.pak	0x016FEA27		Martial Artist Examiner	武道家 Examiner	hits=3
3008	relocated_unique	tbl1.pak	0x016FF315	0x016FF461	M - Boss Robot	M-首领机器人	utf16
3009	commented_ambiguous	tbl1.pak	0x016FF337		Mira Military Robot	米拉军用机器人	hits=2
3010	relocated_unique	tbl1.pak	0x016FF601	0x016FF74D	M - Dark Robot	M-黑暗机器人	utf16
3011	commented_ambiguous	tbl1.pak	0x016FF6FD		Mira's Army Fighter	米拉军战士	hits=2
3012	relocated_unique	tbl1.pak	0x016FF729	0x016FF875	M - Combat Robot	M-战斗机器人	utf16
3013	commented_ambiguous	tbl1.pak	0x01700113		Big Evil	大邪恶	hits=12
3014	commented_ambiguous	tbl1.pak	0x01700485		Evil Spirit	邪恶精神	hits=11
3015	commented_ambiguous	tbl1.pak	0x017004D9		Big Evil Spirit	大邪恶精神	hits=4
3016	commented_ambiguous	tbl1.pak	0x017006E9		Sparkling Spirit	闪耀精神	hits=3
3017	commented_ambiguous	tbl1.pak	0x017015D1		Mushroom Saibaman	蘑菇栽培人	hits=8
3018	commented_ambiguous	tbl1.pak	0x01701717		Needle Saibaman	针栽培人	hits=58
3019	commented_ambiguous	tbl1.pak	0x01701A89		Great Needle Saibaman	巨大针栽培人	hits=5
3020	commented_ambiguous	tbl1.pak	0x01701B19		Hot Needle Saibaman	火辣针栽培人	hits=6
3021	commented_ambiguous	tbl1.pak	0x01703943		Mushroom Gang General	蘑菇刚将军	hits=5
3022	commented_ambiguous	tbl1.pak	0x01703B45		Mushroom Gang Captain	蘑菇刚队长	hits=2
3023	commented_ambiguous	tbl1.pak	0x01703D6F		Bomb Guard Soldier	炸弹守卫士兵	hits=5
3024	commented_ambiguous	tbl1.pak	0x017040A1		Practitioner Saibaman	修行者栽培人	hits=3
3025	commented_ambiguous	tbl1.pak	0x01704C0F		Wild Wolf	狂野狼	hits=12
3026	commented_ambiguous	tbl1.pak	0x01704DF5		Korin Wolf	卡林狼	hits=3
3027	commented_ambiguous	tbl1.pak	0x01704E43		Shadow Army Wolf	暗影军狼	hits=4
3028	commented_ambiguous	tbl1.pak	0x01704F09		Brainwashed Mira Wolf	被洗脑米拉狼	hits=3
3029	commented_ambiguous	tbl1.pak	0x0170546F		Dark Wolf	黑暗狼	hits=5
3030	relocated_unique	tbl1.pak	0x01705A57	0x01705BA3	White Gang Wolf	白色刚狼	utf16
3031	commented_ambiguous	tbl1.pak	0x0170753F		Guard Unit Bull	守卫部队公牛	hits=6
3032	commented_ambiguous	tbl1.pak	0x01707DE3		Bull Guard	公牛守卫	hits=3
3033	commented_ambiguous	tbl1.pak	0x017096B3		General Red	将军红色	hits=3
3034	relocated_unique	tbl1.pak	0x017098BD	0x01709A09	Majin Android	魔人人造人	utf16
3035	relocated_unique	tbl1.pak	0x0170A037	0x0170A183	Giant Bomb	巨大炸弹	utf16
3036	relocated_unique	tbl1.pak	0x0170A3FF	0x0170A54B	Pink Dragon	粉色龙	utf16
3037	commented_ambiguous	tbl1.pak	0x0170A46F		Popo's Chest	波波的胸甲	hits=6
3038	relocated_unique	tbl1.pak	0x0170ABE9	0x0170AD35	Black Space Cat	黑色空间猫	utf16
3039	relocated_unique	tbl1.pak	0x0170AC0D	0x0170AD59	White Space Cat	白色空间猫	utf16
3040	relocated_unique	tbl1.pak	0x0170B1F1	0x0170B33D	Combat Pure-Cell	战斗纯粹-沙鲁	utf16
3041	relocated_unique	tbl1.pak	0x0170B217	0x0170B363	Spiritualist Cell	气功师沙鲁	utf16
3042	relocated_unique	tbl1.pak	0x0170B2B7	0x0170B403	Soldier Cell	士兵沙鲁	utf16
3043	commented_ambiguous	tbl1.pak	0x0170B2D5		Cell-X	沙鲁-X	hits=7
3044	relocated_unique	tbl1.pak	0x0170B353	0x0170B49F	Ghost Lizard	幽灵蜥蜴	utf16
3045	relocated_unique	tbl1.pak	0x0170B371	0x0170B4BD	Evil Lizard	邪恶蜥蜴	utf16
3046	commented_ambiguous	tbl1.pak	0x0170B3C7		Pure Majin-X	纯粹魔人-X	hits=4
3047	relocated_unique	tbl1.pak	0x0170B5AF	0x0170B6FB	Healing Egg	治疗蛋	utf16
3050	commented_ambiguous	tbl1.pak	0x0170B867		Demon Pirate	恶魔海盗	hits=8
3051	relocated_unique	tbl1.pak	0x0170BAF7	0x0170BC43	Ancient Dragon Frog	古代龙青蛙	utf16
3052	relocated_unique	tbl1.pak	0x0170BEC1	0x0170C00D	Frieza Combat Robot	弗利萨战斗机器人	utf16
3053	relocated_unique	tbl1.pak	0x0170C0BD	0x0170C209	Super Machine Gun	超级机器枪	utf16
3054	relocated_unique	tbl1.pak	0x0170C0E5	0x0170C231	Supply Machine Gun	补给机器枪	utf16
3055	relocated_unique	tbl1.pak	0x0170C51F	0x0170C66B	Swordsman Stick	剑术家棍	utf16
3056	relocated_unique	tbl1.pak	0x0170CD23	0x0170CE6F	Daily Mushroom	每日蘑菇	utf16
3057	converted_wildcard	tbl1.pak	0x0170CDA5	*	Narak Spiritualist	那拉克气功师	hits=2
3058	commented_ambiguous	tbl1.pak	0x0170CDCF		Narak Spiritualist	那拉克气功师	hits=2
3059	relocated_unique	tbl1.pak	0x0170CE39	0x0170CF85	Evil Narak Warrior	邪恶那拉克战士	utf16
3060	relocated_unique	tbl1.pak	0x0170CFB3	0x0170D0FF	Narak Giant Warrior	那拉克巨大战士	utf16
3061	relocated_unique	tbl1.pak	0x0170D0ED	0x0170D239	Narak Dark Warrior	那拉克黑暗战士	utf16
3062	commented_ambiguous	tbl1.pak	0x0170D1E5		Narak Shadow Warrior	那拉克暗影战士	hits=2
3063	relocated_unique	tbl1.pak	0x0170D2A3	0x0170D3EF	Narak Guard	那拉克守卫	utf16
3064	relocated_unique	tbl1.pak	0x0170D353	0x0170D49F	Narak Axe Warrior	那拉克斧战士	utf16
3065	relocated_unique	tbl1.pak	0x0170D5A5	0x0170D6F1	Narak Secret Warrior	那拉克秘密战士	utf16
3066	relocated_unique	tbl1.pak	0x0170D8CB	0x0170DA17	Narak Alchemist Master	那拉克炼金大师	utf16
3067	relocated_unique	tbl1.pak	0x0170D92F	0x0170DA7B	Narak Defense Unit	那拉克防御部队	utf16
3068	relocated_unique	tbl1.pak	0x0170D959	0x0170DAA5	Narak Dark-Magic Master	那拉克黑暗-魔法大师	utf16
3069	commented_ambiguous	tbl1.pak	0x0170DB9B		Narak Combat Master	那拉克战斗大师	hits=2
3070	commented_ambiguous	tbl1.pak	0x0170DBE9		Machine Octopus	机器章鱼	hits=5
3071	commented_ambiguous	tbl1.pak	0x0170DC0D		Invincible Machine Octopus	无敌机器章鱼	hits=2
3072	commented_ambiguous	tbl1.pak	0x0170E225		Pink Fairy	粉色仙女	hits=5
3073	relocated_unique	tbl1.pak	0x0170E839	0x0170E985	Bomb-King	炸弹-王	utf16
3074	relocated_unique	tbl1.pak	0x0170E8DD	0x0170EA29	Head-Axe Saibaman	头-斧栽培人	utf16
3075	commented_ambiguous	tbl1.pak	0x0170E905		Giant Saibaman	巨大栽培人	hits=4
3076	relocated_unique	tbl1.pak	0x0170EAD1	0x0170EC1D	Brainwashed Mira's Manager	被洗脑米拉的管理员	utf16
3077	relocated_unique	tbl1.pak	0x0170ED83	0x0170EECF	Bomb Manager	炸弹管理员	utf16
3078	relocated_unique	tbl1.pak	0x0170EFFB	0x0170F147	Saibaman Shadow	栽培人暗影	utf16
3079	commented_ambiguous	tbl1.pak	0x0170F06F		Saibaman Dragon	栽培人龙	hits=2
3084	relocated_unique	tbl1.pak	0x0170FCC1	0x0170FE0D	Frieza's Army Soldier	弗利萨军士兵	utf16
3085	relocated_unique	tbl1.pak	0x0171027B	0x017103C7	Narak Dark Wolf	那拉克黑暗狼	utf16
3086	commented_ambiguous	tbl1.pak	0x01710345		Evil White Wolf	邪恶白色狼	hits=3
3087	relocated_unique	tbl1.pak	0x01710395	0x017104E1	Giant Red Eye Wolf	巨大红色眼狼	utf16
3088	relocated_unique	tbl1.pak	0x017103BF	0x0171050B	Giant Captain Wolf	巨大队长狼	utf16
3089	commented_ambiguous	tbl1.pak	0x01710453		Ghost Wolf	幽灵狼	hits=3
3090	relocated_unique	tbl1.pak	0x017104DB	0x01710627	Demon Pirate Wolf	恶魔海盗狼	utf16
3091	relocated_unique	tbl1.pak	0x01710503	0x0171064F	Shadow Wolf	暗影狼	utf16
3092	commented_ambiguous	tbl1.pak	0x0171061B		Bull Head Devil Pirate	公牛头魔鬼海盗	hits=2
3093	relocated_unique	tbl1.pak	0x01710C43	0x01710D8F	Ghost Power Devil Pirate	幽灵力量魔鬼海盗	utf16
3094	relocated_unique	tbl1.pak	0x01711623	0x0171176F	Spirit of Namekian	那美克星人的精神	utf16
3095	relocated_unique	tbl1.pak	0x017117D9	0x01711925	Narak Axe Master	那拉克斧大师	utf16
3096	relocated_unique	tbl1.pak	0x017118D7	0x01711A23	Spiritualist Tanta	气功师 Tanta	utf16
3097	relocated_unique	tbl1.pak	0x01711935	0x01711A81	Narak Spiritual Master	那拉克精神大师	utf16
3098	relocated_unique	tbl1.pak	0x017119E1	0x01711B2D	Narak Poko Master	那拉克波可大师	utf16
3099	relocated_unique	tbl1.pak	0x017121D3	0x0171231F	Brainwashed Advanced Guard	被洗脑高级守卫	utf16
3100	relocated_unique	tbl1.pak	0x0171220D	0x01712359	Brainwashed Special Guard	被洗脑特殊守卫	utf16
3101	commented_ambiguous	tbl1.pak	0x01712301		Time Crystal	时间水晶	hits=7
3102	relocated_unique	tbl1.pak	0x0171252D	0x01712679	Healing Eye	治疗眼	utf16
3103	commented_ambiguous	tbl1.pak	0x01712665		Ginyu Frog	基纽青蛙	hits=11
3104	relocated_unique	tbl1.pak	0x017126B3	0x017127FF	Giant Ginyu Frog	巨大基纽青蛙	utf16
3105	relocated_unique	tbl1.pak	0x017126D9	0x01712825	Ginyu Goku	基纽孙悟空	utf16
3106	commented_ambiguous	tbl1.pak	0x017127DF		Mira Soldier	米拉士兵	hits=3
3107	commented_ambiguous	tbl1.pak	0x01713295		Devil King Piccolo	魔鬼王比克	hits=2
3108	relocated_unique	tbl1.pak	0x0171351F	0x0171366B	Frieza's Field Battle Soldier	弗利萨的野外战斗士兵	utf16
3109	relocated_unique	tbl1.pak	0x01713719	0x01713865	Frieza's Field Robot	弗利萨的野外机器人	utf16
3112	commented_ambiguous	tbl1.pak	0x01713BEF		3 Star Dragon	3星龙	hits=5
3113	commented_ambiguous	tbl1.pak	0x01713C0F		4 Star Dragon	4星龙	hits=12
3114	commented_ambiguous	tbl1.pak	0x01713C2F		1 Star Dragon	1星龙	hits=4
3115	commented_ambiguous	tbl1.pak	0x01713EAF		King Piccolo	王比克	hits=17
3116	relocated_unique	tbl1.pak	0x0171401D	0x01714169	Vegeta Blue	贝吉塔蓝色	utf16
3117	relocated_unique	tbl1.pak	0x01714055	0x017141A1	Goku Blue	孙悟空蓝色	utf16
3118	commented_ambiguous	tbl1.pak	0x0171408D		Majin Buu	魔人布欧	hits=7
3119	relocated_unique	tbl1.pak	0x017140C5	0x01714211	Towa Soldier	托娃士兵	utf16
3120	relocated_unique	tbl1.pak	0x01714169	0x017142B5	Towa Saibaman Green	托娃栽培人绿色	utf16
3121	relocated_unique	tbl1.pak	0x01714195	0x017142E1	Towa Saibaman Rock	托娃栽培人岩石	utf16
3122	relocated_unique	tbl1.pak	0x017141BF	0x0171430B	Towa Xeno Saibaman	托娃异次元栽培人	utf16
3123	relocated_unique	tbl1.pak	0x017141E9	0x01714335	Towa Saibaman Aqua	托娃栽培人阿库娅	utf16
3124	relocated_unique	tbl1.pak	0x01714213	0x0171435F	Towa Saibaman Black	托娃栽培人黑色	utf16
3125	relocated_unique	tbl1.pak	0x017142CD	0x01714419	King Wolf	王狼	utf16
3130	relocated_unique	tbl1.pak	0x01714451	0x0171459D	Giant Boss Bull	巨大首领公牛	utf16
3131	relocated_unique	tbl1.pak	0x01714475	0x017145C1	Strong Machine	强力机器	utf16
3132	commented_ambiguous	tbl1.pak	0x017145D5		Evil Bardock	邪恶巴达克	hits=2
3133	relocated_unique	tbl1.pak	0x0171460F	0x0171475B	Bardock SS3	巴达克超级赛亚人3	utf16
3134	commented_ambiguous	tbl1.pak	0x0177B133		Super Devil Cannon	超级魔鬼炮	hits=4
3135	relocated_unique	tbl1.pak	0x0177B15D	0x0177B2A9	Super Devil Cannon - Vegeta	超级魔鬼炮-贝吉塔	utf16
3138	relocated_unique	tbl1.pak	0x0177BA1F	0x0177BB6B	Energy Cannon-Piccolo	气功炮-比克	utf16
3139	commented_ambiguous	tbl1.pak	0x0177BBBD		Spirit Ball	精神球	hits=6
3142	commented_ambiguous	tbl1.pak	0x0177CEDF		Double Blow	双打击	hits=2
3143	commented_ambiguous	tbl1.pak	0x0177D377		Double Spirit Gun	双精神枪	hits=2
3144	commented_ambiguous	tbl1.pak	0x0177D7BF		Eye Beam	眼光束	hits=2
3145	commented_ambiguous	tbl1.pak	0x0177EA47		Spiritual Recovery	精神恢复	hits=2
3146	commented_ambiguous	tbl1.pak	0x0177EC6F		Spiritual Gun	精神枪	hits=8
3147	commented_ambiguous	tbl1.pak	0x0177ECEB		Super Spiritual Gun	超级精神枪	hits=4
3148	commented_ambiguous	tbl1.pak	0x0177F107		Ball Blast	球爆破	hits=2
3151	commented_ambiguous	tbl1.pak	0x0177F343		Energy Ball	气功球	hits=2
3152	commented_ambiguous	tbl1.pak	0x0177F4DF		Sky Claws	天空爪	hits=3
3153	commented_ambiguous	tbl1.pak	0x017801F3		Double Slash	双斩击	hits=4
3154	commented_ambiguous	tbl1.pak	0x01780741		Ultimate Magic Gun	终极魔法枪	hits=2
3155	commented_ambiguous	tbl1.pak	0x01780D1F		Wild Memory	狂野存储器	hits=2
3156	commented_ambiguous	tbl1.pak	0x0178106F		X-Cut	X-切割	hits=2
3157	commented_ambiguous	tbl1.pak	0x01781133		Long Wind	长风	hits=2
3158	commented_ambiguous	tbl1.pak	0x0178121F		Chaos Wings	混沌翅膀	hits=2
3159	commented_ambiguous	tbl1.pak	0x017813AB		Magic Gun	魔法枪	hits=4
3160	commented_ambiguous	tbl1.pak	0x017815A7		Area Attack	区域攻击	hits=2
3161	commented_ambiguous	tbl1.pak	0x0178164F		Wild Healing	狂野治疗	hits=2
3162	commented_ambiguous	tbl1.pak	0x0178177F		Halberd Hit	戟希特	hits=2
3163	commented_ambiguous	tbl1.pak	0x017817B7		Dragon Healing	龙治疗	hits=4
3164	commented_ambiguous	tbl1.pak	0x017817FB		Light of Healing	治疗的光	hits=2
3165	commented_ambiguous	tbl1.pak	0x0178210B		Healing Water	治疗水	hits=2
3166	commented_ambiguous	tbl1.pak	0x01782867		Magic Defense	魔法防御	hits=4
3167	commented_ambiguous	tbl1.pak	0x01782A4F		Healing Magic	治疗魔法	hits=11
3170	commented_ambiguous	tbl1.pak	0x0178401B		Energy Roar	气功咆哮	hits=2
3173	commented_ambiguous	tbl1.pak	0x01784D4B		Double Gun	双枪	hits=2
3174	commented_ambiguous	tbl1.pak	0x01784D7F		Power Supply	力量补给	hits=2
3175	commented_ambiguous	tbl1.pak	0x01784E67		Double Attack	双攻击	hits=2
3176	commented_ambiguous	tbl1.pak	0x0178599F		Dragon Fire	龙火	hits=4
3177	commented_ambiguous	tbl1.pak	0x017859D7		Dragon Roar	龙咆哮	hits=13
3178	commented_ambiguous	tbl1.pak	0x01785A0F		Dragon Blade	龙刃	hits=2
3179	commented_ambiguous	tbl1.pak	0x0178687F		Cell Light 2	沙鲁光2	hits=2
3180	relocated_unique	tbl1.pak	0x01786CB1	0x01786DFD	Healing Hit	治疗希特	utf16
3181	relocated_unique	tbl1.pak	0x01786DDB	0x01786F27	Powerful Head	强力头	utf16
3182	relocated_unique	tbl1.pak	0x01786FC1	0x0178710D	Powerful Blow	强力打击	utf16
3183	commented_ambiguous	tbl1.pak	0x01787FE3		Ultimate Blow Attack	终极打击攻击	hits=2
3184	relocated_unique	tbl1.pak	0x0178D1F7	0x0178D343	Ultimate Might	终极大	utf16
3185	relocated_unique	tbl1.pak	0x0178D437	0x0178D583	Ultimate Roar	终极咆哮	utf16
3186	commented_ambiguous	tbl1.pak	0x0178D95B		Flight	飞行	hits=40
3187	commented_ambiguous	tbl1.pak	0x0178E0EF		Tremor	震地	hits=3
3188	commented_ambiguous	tbl1.pak	0x0178E101		Oozaru Beam	大猿光束	hits=3
3189	commented_ambiguous	tbl1.pak	0x0178E11D		Oozaru Roar	大猿咆哮	hits=3
3190	relocated_unique	tbl1.pak	0x0178E17B	0x0178E2C7	Rainbow Dragon Buff	彩虹龙增益	utf16
3201	commented_ambiguous	tbl1.pak	0x0178F6A7		Dark Namek	黑暗那美克	hits=27
3202	relocated_unique	tbl1.pak	0x0178F81F	0x0178F96B	Warrior Spirit	那美克战士精神	utf16
3203	commented_ambiguous	tbl1.pak	0x0178FAB3		Shadow Slash	暗影斩击	hits=2
3204	relocated_unique	tbl1.pak	0x0179061F	0x0179076B	Namekian Awakening	那美克星人觉醒	utf16
3205	relocated_unique	tbl1.pak	0x01790DAB	0x01790EF7	Pet Battle Fury	宠物战斗狂怒	utf16
3206	relocated_unique	tbl1.pak	0x01791335	0x01791481	Drum Fury!	鼓狂怒!	utf16
3209	commented_ambiguous	tbl1.pak	0x01793543		Dragon King's Soul	龙王的灵魂	hits=7
3210	commented_ambiguous	tbl1.pak	0x01793C0B		Dragon King's Energy	龙王的气功	hits=7
3211	relocated_unique	tbl1.pak	0x01796751	0x0179689D	Ultimate Spirit Ball	终极精神球	utf16
3212	commented_ambiguous	tbl1.pak	0x017970AF		EP Recovery	EP恢复	hits=11
3213	relocated_unique	tbl1.pak	0x017972D1	0x0179741D	Ultimate EP Recovery	终极EP恢复	utf16
3214	commented_ambiguous	tbl1.pak	0x01797BF1		Spiritual Damage Cut	精神伤害切割	hits=4
3215	relocated_unique	tbl1.pak	0x01797E01	0x01797F4D	Ultimate Spiritual Damage Cut	终极精神伤害切割	utf16
3218	commented_ambiguous	tbl1.pak	0x0179866B		Ultimate Healing	终极治疗	hits=3
3219	commented_ambiguous	tbl1.pak	0x01798699		Super Healing	超级治疗	hits=7
3220	commented_ambiguous	tbl1.pak	0x017986E9		Ultimate Super Healing	终极超级治疗	hits=2
3221	commented_ambiguous	tbl1.pak	0x01798A03		Detoxification	解毒	hits=31
3222	relocated_unique	tbl1.pak	0x01798A81	0x01798BCD	Ultimate Detoxification	终极解毒	utf16
3223	commented_ambiguous	tbl1.pak	0x0179937F		KThe Spiritualist master pummels his\nenemy with a barrage of energy blasts.	KThe 气功师 master pummels his\nenemy with a barrage of energy blasts.	hits=6
3224	commented_ambiguous	tbl1.pak	0x0179943F		KThe Spiritualist master pummels his\nenemy with a barrage of energy blasts.	KThe 气功师 master pummels his\nenemy with a barrage of energy blasts.	hits=6
3225	commented_ambiguous	tbl1.pak	0x017994FF		KThe Spiritualist master pummels his\nenemy with a barrage of energy blasts.	KThe 气功师 master pummels his\nenemy with a barrage of energy blasts.	hits=6
3226	commented_ambiguous	tbl1.pak	0x017995BF		KThe Spiritualist master pummels his\nenemy with a barrage of energy blasts.	KThe 气功师 master pummels his\nenemy with a barrage of energy blasts.	hits=6
3227	commented_ambiguous	tbl1.pak	0x0179967F		KThe Spiritualist master pummels his\nenemy with a barrage of energy blasts.	KThe 气功师 master pummels his\nenemy with a barrage of energy blasts.	hits=6
3228	commented_ambiguous	tbl1.pak	0x0179B307		Special Beam Cannon	特殊光束炮	hits=7
3229	relocated_unique	tbl1.pak	0x0179B7CF	0x0179B91B	Ultimate Special Beam Cannon	终极特殊光束炮	utf16
3230	commented_ambiguous	tbl1.pak	0x0179FC95		Great Namek	巨大那美克	hits=32
3231	relocated_unique	tbl1.pak	0x017A093B	0x017A0A87	Ultimate Energy Cannon	终极气功炮	utf16
3232	relocated_unique	tbl1.pak	0x017A219F	0x017A22EB	Staff Slash	杖斩击	utf16
3233	commented_ambiguous	tbl1.pak	0x017A3231		Kami's Light	天神的光	hits=4
3234	relocated_unique	tbl1.pak	0x017A3481	0x017A35CD	Ultimate Kami's Light	终极天神的光	utf16
3235	converted_wildcard	tbl1.pak	0x017A5383	*	ANNamekians of the Dragon Clan attack with/na succession of energy-based spells.	ANNamekians of the 那美克龙族 attack with/na succession of energy-based spells.	hits=4
3236	commented_ambiguous	tbl1.pak	0x017A544D		ANNamekians of the Dragon Clan attack with/na succession of energy-based spells.	ANNamekians of the 那美克龙族 attack with/na succession of energy-based spells.	hits=4
3237	commented_ambiguous	tbl1.pak	0x017A5517		ANNamekians of the Dragon Clan attack with/na succession of energy-based spells.	ANNamekians of the 那美克龙族 attack with/na succession of energy-based spells.	hits=4
3238	commented_ambiguous	tbl1.pak	0x017A55E1		ANNamekians of the Dragon Clan attack with/na succession of energy-based spells.	ANNamekians of the 那美克龙族 attack with/na succession of energy-based spells.	hits=4
3239	commented_ambiguous	tbl1.pak	0x017A79FF		Ultra Speed Attack	极限速度攻击	hits=6
3240	relocated_unique	tbl1.pak	0x017A7D1F	0x017A7E6B	Ultimate Ultra Speed Attack	终极极限速度攻击	utf16
3241	commented_ambiguous	tbl1.pak	0x017A9453		Spiritual Resistance	精神抗性	hits=2
3242	relocated_unique	tbl1.pak	0x017A94F7	0x017A9643	Ultimate Spiritual Resistance	终极精神抗性	utf16
3243	commented_ambiguous	tbl1.pak	0x017B26A1		High Speed Needle	高级速度针	hits=16
3244	relocated_unique	tbl1.pak	0x017B285D	0x017B29A9	Ultimate High Speed Needle	终极高级速度针	utf16
3245	commented_ambiguous	tbl1.pak	0x017B2903		Super High Speed Needle	超级高级速度针	hits=6
3246	commented_ambiguous	tbl1.pak	0x017B2CAB		Ultimate Super High Speed Needle	终极超级高级速度针	hits=2
3247	commented_ambiguous	tbl1.pak	0x017B55B7		Thunder	雷霆	hits=68
3248	relocated_unique	tbl1.pak	0x017B5C47	0x017B5D93	Ultimate Thunder	终极雷霆	utf16
3249	commented_ambiguous	tbl1.pak	0x017B710F		Sword Slash	剑斩击	hits=14
3250	relocated_unique	tbl1.pak	0x017B729B	0x017B73E7	Ultimate Sword Slash	终极剑斩击	utf16
3251	commented_ambiguous	tbl1.pak	0x017B976B		Master's Agility	大师的敏捷	hits=10
3252	commented_ambiguous	tbl1.pak	0x017BA945		Energy Recovery	气功恢复	hits=7
3253	relocated_unique	tbl1.pak	0x017BAB89	0x017BACD5	Ultimate Energy Recovery	终极气功恢复	utf16
3254	commented_ambiguous	tbl1.pak	0x017BEB7B		Spiritual Sensation	精神感受	hits=5
3255	relocated_unique	tbl1.pak	0x017BF003	0x017BF14F	Ultimate Spiritual Sensation	终极精神感受	utf16
3258	relocated_unique	tbl1.pak	0x017C7595	0x017C76E1	Ultimate Recovery	终极恢复	utf16
3259	commented_ambiguous	tbl1.pak	0x017CB2ED		Great Defense	巨大防御	hits=6
3260	commented_ambiguous	tbl1.pak	0x017CB4A9		Ultimate Great Defense	终极巨大防御	hits=2
3261	commented_ambiguous	tbl1.pak	0x017CB8AD		Powerful Roar	强力咆哮	hits=4
3262	relocated_unique	tbl1.pak	0x017CB9CD	0x017CBB19	Ultimate Powerful Roar	终极强力咆哮	utf16
3263	relocated_unique	tbl1.pak	0x017CDFE7	0x017CE133	Ultimate Slash	终极斩击	utf16
3264	relocated_unique	tbl1.pak	0x017CE697	0x017CE7E3	Ultimate Beam Cannon	终极光束炮	utf16
3265	commented_ambiguous	tbl1.pak	0x017D2043		Chaos Magic!!	混沌魔法!!	hits=4
3266	commented_ambiguous	tbl1.pak	0x017D3EC5		Kami's Energy	天神的气功	hits=4
3267	relocated_unique	tbl1.pak	0x017D4071	0x017D41BD	Ultimate Kami's Energy	终极天神的气功	utf16
3268	commented_ambiguous	tbl1.pak	0x017D98AD		Kami's Awakening	天神的觉醒	hits=4
3269	commented_ambiguous	tbl1.pak	0x017E2A99		Spiritual Power	精神力量	hits=8
3270	commented_ambiguous	tbl1.pak	0x017E2D69		Ultimate Spiritual Power	终极精神力量	hits=2
3271	commented_ambiguous	tbl1.pak	0x017E4739		Spirit Power	精神力量	hits=6
3272	commented_ambiguous	tbl1.pak	0x017EB891		Mask Light	面具光	hits=6
3273	relocated_unique	tbl1.pak	0x017EBAF3	0x017EBC3F	Ultimate Mask Light	终极面具光	utf16
3274	relocated_unique	tbl1.pak	0x017F0ED3	0x017F101F	Spirit Bomb!	精神炸弹!	utf16
3275	commented_ambiguous	tbl1.pak	0x017F1029		Super Saiyan 1	超级赛亚人1	hits=13
3276	relocated_unique	tbl1.pak	0x017F104B	0x017F1197	Ultra Super Saiyan	极限超级赛亚人	utf16
3277	commented_ambiguous	tbl1.pak	0x017F1135		Moro Power Buff	摩罗力量增益	hits=7
3278	commented_ambiguous	tbl1.pak	0x017F11CD		Imperator Namek	帝王那美克	hits=5
3279	commented_ambiguous	tbl1.pak	0x017F11F1		Xeno Majin	异次元魔人	hits=5
3280	relocated_unique	tbl1.pak	0x01818BCD	0x01818DA5	Majin Cooking Hat	魔人料理帽子	utf16
3283	commented_ambiguous	tbl1.pak	0x018194C5		Army Supply Box	军补给盒	hits=4
3284	relocated_unique	tbl1.pak	0x0181986F	0x01819A47	RP Weapon Box	RP武器盒	utf16
3285	commented_ambiguous	tbl1.pak	0x0181A6BB		Namek Crystal	那美克水晶	hits=3
3286	relocated_unique	tbl1.pak	0x0181AE87	0x0181B05F	Frieza's Army Supply Box A	弗利萨军补给盒A	utf16
3287	relocated_unique	tbl1.pak	0x0181AEC1	0x0181B099	Frieza's Army Supply Box B	弗利萨军补给盒B	utf16
3288	relocated_unique	tbl1.pak	0x0181AEFB	0x0181B0D3	Frieza's Army Supply Box C	弗利萨军补给盒C	utf16
3289	commented_ambiguous	tbl1.pak	0x0181BEDF		RP New Supply Box	RP新补给盒	hits=2
3290	relocated_unique	tbl1.pak	0x0181C091	0x0181C269	Devil Dragon's Egg	魔鬼龙的蛋	utf16
3291	commented_ambiguous	tbl1.pak	0x0181C12D		Broken Dragon Clan Staff	Broken 那美克龙族 Staff	hits=2
3292	commented_ambiguous	tbl1.pak	0x0181C499		Treasure Box	宝藏盒	hits=3
3293	commented_ambiguous	tbl1.pak	0x0181C849		Popo Stone	波波石	hits=32
3296	commented_ambiguous	tbl1.pak	0x018601B5		Wild	狂野	hits=202
3297	commented_ambiguous	tbl1.pak	0x018602DF		Physical Attack	物理攻击	hits=15
3298	commented_ambiguous	tbl1.pak	0x01860303		Physical Defense	物理防御	hits=25
3299	commented_ambiguous	tbl1.pak	0x01860329		Energy Attack	气功攻击	hits=20
3300	commented_ambiguous	tbl1.pak	0x01860349		Energy Defense	气功防御	hits=21
3309	relocated_unique	tbl1.pak	0x01860DF5	0x01860FCD	Korin Soldier	卡林士兵	utf16
3310	relocated_unique	tbl1.pak	0x01860E15	0x01860FED	New Namek	新那美克	utf16
3311	commented_ambiguous	tbl1.pak	0x01860F0D		Frieza's Army	弗利萨军	hits=308
3312	commented_ambiguous	tbl1.pak	0x01860FC7		Beanstalk	豆茎	hits=10
3313	relocated_unique	tbl1.pak	0x018610C7	0x0186129F	Strongest Namek Warrior	Strongest 那美克战士	utf16
3314	commented_ambiguous	tbl1.pak	0x01861147		Porunga	波伦加	hits=201
3315	commented_ambiguous	tbl1.pak	0x01861785		Golden Axe	黄金斧	hits=4
3318	relocated_unique	tbl1.pak	0x01861895	0x01861A6D	Mushroom Fuel	蘑菇燃料	utf16
3319	commented_ambiguous	tbl1.pak	0x018619C9		Giant Mushroom	巨大蘑菇	hits=28
3320	commented_ambiguous	tbl1.pak	0x01861A05		Defense Unit	防御部队	hits=38
3321	relocated_unique	tbl1.pak	0x01861A45	0x01861C1D	Life Energy	生命气功	utf16
3322	relocated_unique	tbl1.pak	0x01861AAB	0x01861C83	Rabbit Family	兔子家族	utf16
3325	commented_ambiguous	tbl1.pak	0x01861C45		CC Magic Pill	CC魔法药丸	hits=23
3326	commented_ambiguous	tbl1.pak	0x01861CD5		Dark Devil	黑暗魔鬼	hits=39
3327	commented_ambiguous	tbl1.pak	0x01861F35		Android	人造人	hits=224
3330	relocated_unique	tbl1.pak	0x01861F5D	0x01862135	F1 Key	F1钥匙	utf16
3331	relocated_unique	tbl1.pak	0x01861F6F	0x01862147	T Key	T钥匙	utf16
3334	relocated_unique	tbl1.pak	0x0186248F	0x01862667	H Key	H钥匙	utf16
3335	commented_ambiguous	tbl1.pak	0x01862575		Master	大师	hits=472
3336	commented_ambiguous	tbl1.pak	0x0186259B		Trainee	见习	hits=33
3339	relocated_unique	tbl1.pak	0x018629C7	0x01862B9F	Solo Battle	单人战斗	utf16
3340	relocated_unique	tbl1.pak	0x01862C87	0x01862E5F	Normal Class	普通职业	utf16
3353	commented_ambiguous	tbl1.pak	0x01862D67		Master Class	大师职业	hits=123
3354	commented_ambiguous	tbl1.pak	0x01862D85		Dark Warrior	黑暗战士	hits=48
3357	commented_ambiguous	tbl1.pak	0x01862E9D		Ultimate Majin	终极魔人	hits=40
3358	commented_ambiguous	tbl1.pak	0x01862EE5		Plasma Majin	等离子魔人	hits=37
3359	commented_ambiguous	tbl1.pak	0x01862F03		Karma Majin	卡尔玛魔人	hits=39
3368	commented_ambiguous	tbl1.pak	0x01863209		Scouter Parts	探测器零件	hits=2
3371	commented_ambiguous	tbl1.pak	0x0186358F		Cooldown	冷却	hits=14
3372	relocated_unique	tbl1.pak	0x0186413F	0x01864317	Paella Gang	皮拉夫刚	utf16
3373	relocated_unique	tbl1.pak	0x0186415B	0x01864333	New Frieza's Army	新弗利萨军	utf16
3374	relocated_unique	tbl1.pak	0x018646BF	0x01864897	Fancy Mole Cricket	华丽鼹鼠蟋蟀	utf16
3375	relocated_unique	tbl1.pak	0x018652BF	0x01865497	Eye of Time	时间的眼	utf16
3376	commented_ambiguous	tbl1.pak	0x018652FD		Android Cell	人造人沙鲁	hits=5
3377	relocated_unique	tbl1.pak	0x0186531B	0x018654F3	Strong Brainwashed Soldier	强力被洗脑士兵	utf16
3378	relocated_unique	tbl1.pak	0x01865355	0x0186552D	Robot Cell	机器人沙鲁	utf16
3379	relocated_unique	tbl1.pak	0x0186579F	0x01865977	Devil Dragon Clan Genner	Devil 那美克龙族 Genner	utf16
3380	commented_ambiguous	tbl1.pak	0x018658B3		Mineral	矿石	hits=64
3381	relocated_unique	tbl1.pak	0x01866C37	0x01866E0F	Target Class	目标职业	utf16
3382	commented_ambiguous	tbl1.pak	0x018670BB		Capsule Kit	工具包胶囊	hits=29
3383	relocated_unique	tbl1.pak	0x018681AF	0x01868387	Giant Egg	巨大蛋	utf16
3384	commented_ambiguous	tbl1.pak	0x01868423		Ranked Battle	排位战斗	hits=5
3387	commented_ambiguous	tbl1.pak	0x01868767		Great Mushroom	巨大蘑菇	hits=6
3392	relocated_unique	tbl1.pak	0x0186886F	0x01868A47	U Key	U钥匙	utf16
3395	commented_ambiguous	tbl1.pak	0x01868C2D		Mushroom Gang	蘑菇刚	hits=128
3396	commented_ambiguous	tbl1.pak	0x01868EFD		Ginyu Force	基纽特战队	hits=3
3399	relocated_unique	tbl1.pak	0x0186D4E7	0x0186D6BF	The Eternal Dragons's Gift for the Dragon Clan	The Eternal Dragons's Gift for the 那美克龙族	utf16
3400	relocated_unique	tbl1.pak	0x0186D5D3	0x0186D7AB	The Eternal Dragons's Gift for Martial Artists	The Eternal Dragons's Gift for 武道家	utf16
3401	relocated_unique	tbl1.pak	0x0186D6BF	0x0186D897	The Eternal Dragons's Gift for Spiritualists	The Eternal Dragons's Gift for 气功师	utf16
3402	relocated_unique	tbl1.pak	0x0186D88D	0x0186DA65	The Eternal Dragons's Gift for Wonder Majin	The Eternal Dragons's Gift for 意魔人	utf16
3405	relocated_unique	tbl1.pak	0x0186DD3F	0x0186DF17	Korin's Gauntlets	卡林的臂甲	utf16
3406	relocated_unique	tbl1.pak	0x0186DEA1	0x0186E079	Shenron's Claws	神龙的爪	utf16
3407	relocated_unique	tbl1.pak	0x0186DF17	0x0186E0EF	Shenron's Axe	神龙的斧	utf16
3410	relocated_unique	tbl1.pak	0x0186E013	0x0186E1EB	Shenron's Gem	神龙的宝石	utf16
3411	relocated_unique	tbl1.pak	0x0186E0DF	0x0186E2B7	Shenron's Wand	神龙的短杖	utf16
3414	relocated_unique	tbl1.pak	0x0186E239	0x0186E411	Shenron's Fan	神龙的扇	utf16
3415	relocated_unique	tbl1.pak	0x0186E30D	0x0186E4E5	Shenron's Trumpet	神龙的号角	utf16
3416	relocated_unique	tbl1.pak	0x0186E387	0x0186E55F	Shenron's Club	神龙的棒	utf16
3421	relocated_unique	tbl1.pak	0x0186E6EF	0x0186E8C7	I want Dragon Clan clothes.	I want 那美克龙族 clothes.	utf16
3422	relocated_unique	tbl1.pak	0x0186E7A9	0x0186E981	Dragon Clan Jacket	那美克龙族 Jacket	utf16
3423	relocated_unique	tbl1.pak	0x0186E8D7	0x0186EAAF	I want Martial Artist clothes.	I want 武道家 clothes.	utf16
3424	relocated_unique	tbl1.pak	0x0186E997	0x0186EB6F	Martial Artist Jacket	武道家 Jacket	utf16
3425	relocated_unique	tbl1.pak	0x0186EAD7	0x0186ECAF	I want Spiritualist clothes.	I want 气功师 clothes.	utf16
3426	relocated_unique	tbl1.pak	0x0186EB93	0x0186ED6B	Spiritualist Jacket	气功师 Jacket	utf16
3427	relocated_unique	tbl1.pak	0x0186EEB7	0x0186F08F	I want Wonder Majin clothes.	I want 意魔人 clothes.	utf16
3428	relocated_unique	tbl1.pak	0x0186EF73	0x0186F14B	Wonder Majin Jacket	意魔人 Jacket	utf16
3429	commented_ambiguous	tbl1.pak	0x0186FA2B		Super Buu	超级布欧	hits=8
3430	commented_ambiguous	tbl1.pak	0x01871E05		Legendary Attack	传说攻击	hits=12
3431	relocated_unique	tbl1.pak	0x018CABC7	0x018CAD9F	BID4 Evil Bardock	BID4邪恶巴达克	utf16
3435	converted_wildcard	tbl1.pak	0x015AFF9D	*	Black Dragon Fan Recipe	黑龙扇配方	hits=2
3436	relocated_unique	tbl1.pak	0x014B5EC1	0x014B5F6D	Recipe Ruby Dragon Soul	红宝石龙灵魂配方	utf16
3437	relocated_unique	tbl1.pak	0x016B18CD	0x016B1979	(Human)Shadow Sovereign Shoes Recipe	(人类)暗影暴君鞋子配方	utf16
3441	commented_ambiguous	tbl1.pak	0x015B6B17		Black Dragon Fan Recipe	黑龙扇配方	hits=2
3442	relocated_unique	tbl1.pak	0x016B2069	0x016B2115	Shadow Sovereign Staff Recipe	暗影暴君杖配方	utf16
3443	relocated_unique	tbl1.pak	0x016B212B	0x016B21D7	Shadow Sovereign Claws Recipe	暗影暴君爪配方	utf16
3444	relocated_unique	tbl1.pak	0x016B25AB	0x016B2657	Shadow Sovereign Fan Recipe	暗影暴君扇配方	utf16
3445	converted_wildcard	tbl1.pak	0x0164F23B	*	Dark Soul Armor Recipe	黑暗灵魂盔甲配方	hits=6
3449	relocated_unique	tbl1.pak	0x012DA5A9	0x012DA655	Black Dragon Scales Hair Dye	黑龙鳞片染发剂	utf16
3450	relocated_unique	tbl1.pak	0x0137FEB1	0x0137FF5D	Black Dragon King Gear (Top)	黑龙王装备(上衣)	utf16
3451	relocated_unique	tbl1.pak	0x0137FF45	0x0137FFF1	Black Dragon King Gear (Pants)	黑龙王装备(裤子)	utf16
3452	relocated_unique	tbl1.pak	0x0137FFDD	0x01380089	Black Dragon King Gear (Shoes)	黑龙王装备(鞋子)	utf16
3453	converted_wildcard	tbl1.pak	0x013B85D5	*	Black Dragon Fan	黑龙扇	hits=6
3454	commented_ambiguous	tbl1.pak	0x01401613		Black Dragon Fan	黑龙扇	hits=6
3455	relocated_unique	tbl1.pak	0x014A37AF	0x014A385B	Black Dragon Claws Shoes	黑龙爪鞋子	utf16
3456	relocated_unique	tbl1.pak	0x014A3847	0x014A38F3	Black Dragon Ascension Top	黑龙飞升上衣	utf16
3457	relocated_unique	tbl1.pak	0x014A38E3	0x014A398F	Black Dragon Ascension Pants	黑龙飞升裤子	utf16
3458	relocated_unique	tbl1.pak	0x014B5EF5	0x014B5FA1	Recipe Ice Dragon Soul	冰龙灵魂配方	utf16
3459	relocated_unique	tbl1.pak	0x014B5F27	0x014B5FD3	Recipe Suglite Dragon Soul	舒俱来石龙灵魂配方	utf16
3460	relocated_unique	tbl1.pak	0x014B5F61	0x014B600D	Recipe Cosmic Dragon Soul	宇宙龙灵魂配方	utf16
3461	relocated_unique	tbl1.pak	0x014B5F99	0x014B6045	Recipe Leaf Dragon Soul	叶龙灵魂配方	utf16
3462	relocated_unique	tbl1.pak	0x0150BF55	0x0150C001	Black Dragon Clothes R	黑龙服装R	utf16
3463	relocated_unique	tbl1.pak	0x015ACD57	0x015ACE03	Manufacturing Extract 04 Recipe	制造萃取物04配方	utf16
3464	relocated_unique	tbl1.pak	0x015ACDEF	0x015ACE9B	Special Parts 04 Recipe	特殊零件04配方	utf16
3465	relocated_unique	tbl1.pak	0x015ACEFD	0x015ACFA9	Legendary Gem 04 Recipe	传说宝石04配方	utf16
3466	converted_wildcard	tbl1.pak	0x015ACF85	*	Comet Award Gauntlets Recipe	彗星奖励臂甲配方	hits=2
3467	converted_wildcard	tbl1.pak	0x015AD013	*	High Grade Gauntlets Recipe	高级臂甲配方	hits=2
3468	converted_wildcard	tbl1.pak	0x015AD09D	*	Battle Staff Recipe	战斗杖配方	hits=2
3469	converted_wildcard	tbl1.pak	0x015AD107	*	Strong Claws Recipe	强力爪配方	hits=2
3470	converted_wildcard	tbl1.pak	0x015AD16F	*	Comodo Battle Axe Recipe	科莫多战斗斧配方	hits=2
3471	converted_wildcard	tbl1.pak	0x015AD1ED	*	Bao Yan Scroll Recipe	鲍岩卷轴配方	hits=2
3472	converted_wildcard	tbl1.pak	0x015AD25F	*	Huang Gang Gem Recipe	黄刚宝石配方	hits=2
3473	converted_wildcard	tbl1.pak	0x015AD2D1	*	Hardcore Stick Recipe	硬核棍配方	hits=2
3474	converted_wildcard	tbl1.pak	0x015AD343	*	Gangjian Sword Recipe	刚剑剑配方	hits=2
3475	converted_wildcard	tbl1.pak	0x015AD3B5	*	God Eye Fan Recipe	神眼扇配方	hits=2
3476	converted_wildcard	tbl1.pak	0x015AD41B	*	Huang Gang Wand Recipe	黄刚短杖配方	hits=2
3477	converted_wildcard	tbl1.pak	0x015AD491	*	Remembrance Trumpet Recipe	纪念号角配方	hits=2
3478	converted_wildcard	tbl1.pak	0x015AD58D	*	Pound Drum Recipe	重击鼓配方	hits=2
3479	converted_wildcard	tbl1.pak	0x015AD659	*	Armored Combat Gear (Top) H Recipe	装甲战斗装备(上衣)H配方	hits=2
3480	converted_wildcard	tbl1.pak	0x015AD6FF	*	Armored Combat Gear (Pants) H Recipe	装甲战斗装备(裤子)H配方	hits=2
3481	converted_wildcard	tbl1.pak	0x015AD7AD	*	Armored Combat Gear (Shoes) H Recipe	装甲战斗装备(鞋子)H配方	hits=2
3482	converted_wildcard	tbl1.pak	0x015AD85B	*	Armored Combat Gear (Top) N Recipe	装甲战斗装备(上衣)N配方	hits=2
3483	converted_wildcard	tbl1.pak	0x015AD901	*	Armored Combat Gear (Pants) N Recipe	装甲战斗装备(裤子)N配方	hits=2
3484	converted_wildcard	tbl1.pak	0x015AD9AF	*	Armored Combat Gear (Shoes) N Recipe	装甲战斗装备(鞋子)N配方	hits=2
3485	converted_wildcard	tbl1.pak	0x015ADA5D	*	Armored Combat Gear (Top) M Recipe	装甲战斗装备(上衣)M配方	hits=2
3486	converted_wildcard	tbl1.pak	0x015ADB03	*	Armored Combat Gear (Pants) M Recipe	装甲战斗装备(裤子)M配方	hits=2
3487	converted_wildcard	tbl1.pak	0x015ADBB1	*	Armored Combat Gear (Shoes) M Recipe	装甲战斗装备(鞋子)M配方	hits=2
3488	relocated_unique	tbl1.pak	0x015ADC5F	0x015ADD0B	Manufacturing Extract 05 Recipe	制造萃取物05配方	utf16
3489	relocated_unique	tbl1.pak	0x015ADCF7	0x015ADDA3	Special Parts 05 Recipe	特殊零件05配方	utf16
3490	relocated_unique	tbl1.pak	0x015ADE05	0x015ADEB1	Legendary Gem 05 Recipe	传说宝石05配方	utf16
3491	converted_wildcard	tbl1.pak	0x015ADE8D	*	Prestige Dragon Gauntlets Recipe	威望龙臂甲配方	hits=2
3492	converted_wildcard	tbl1.pak	0x015AE03B	*	Dragon Claws Recipe	龙爪配方	hits=2
3493	converted_wildcard	tbl1.pak	0x015AE0A3	*	Strong Battle Axe Recipe	强力战斗斧配方	hits=2
3494	converted_wildcard	tbl1.pak	0x015AE187	*	Purple Stone Gem Recipe	紫色石宝石配方	hits=2
3495	converted_wildcard	tbl1.pak	0x015AE263	*	Magic Blade Recipe	魔法刃配方	hits=2
3496	converted_wildcard	tbl1.pak	0x015AE333	*	Sapphire Wand Recipe	蓝宝石短杖配方	hits=2
3497	converted_wildcard	tbl1.pak	0x015AE3A1	*	Meteor Trumpet Recipe	流星号角配方	hits=2
3498	converted_wildcard	tbl1.pak	0x015AE413	*	Red Hot Chili Corn Recipe	红色火辣辣椒玉米配方	hits=2
3499	converted_wildcard	tbl1.pak	0x015AE517	*	Enraged Mask Recipe	狂怒面具配方	hits=2
3500	converted_wildcard	tbl1.pak	0x015AE581	*	Combat Force Gear (Top) H Recipe	战斗力量装备(上衣)H配方	hits=2
3501	converted_wildcard	tbl1.pak	0x015AE61F	*	Combat Force Gear (Pants) H Recipe	战斗力量装备(裤子)H配方	hits=2
3502	converted_wildcard	tbl1.pak	0x015AE6C5	*	Combat Force Gear (Shoes) H Recipe	战斗力量装备(鞋子)H配方	hits=2
3503	converted_wildcard	tbl1.pak	0x015AE76B	*	Combat Force Gear (Top) N Recipe	战斗力量装备(上衣)N配方	hits=2
3504	converted_wildcard	tbl1.pak	0x015AE809	*	Combat Force Gear (Pants) N Recipe	战斗力量装备(裤子)N配方	hits=2
3505	converted_wildcard	tbl1.pak	0x015AE8AF	*	Combat Force Gear (Shoes) N Recipe	战斗力量装备(鞋子)N配方	hits=2
3506	converted_wildcard	tbl1.pak	0x015AE955	*	Combat Force Gear (Top) M Recipe	战斗力量装备(上衣)M配方	hits=2
3507	converted_wildcard	tbl1.pak	0x015AE9F3	*	Combat Force Gear (Pants) M Recipe	战斗力量装备(裤子)M配方	hits=2
3508	converted_wildcard	tbl1.pak	0x015AEA99	*	Combat Force Gear (Shoes) M Recipe	战斗力量装备(鞋子)M配方	hits=2
3509	relocated_unique	tbl1.pak	0x015AEB3F	0x015AEBEB	Manufacturing Extract 06 Recipe	制造萃取物06配方	utf16
3510	relocated_unique	tbl1.pak	0x015AEBD7	0x015AEC83	Special Parts 06 Recipe	特殊零件06配方	utf16
3511	relocated_unique	tbl1.pak	0x015AECE5	0x015AED91	Legendary Gem 06 Recipe	传说宝石06配方	utf16
3512	converted_wildcard	tbl1.pak	0x015AED6D	*	Energy Ejection Gloves Recipe	气功喷射手套配方	hits=2
3513	converted_wildcard	tbl1.pak	0x015AEDFF	*	Blast Gauntlets Recipe	爆破臂甲配方	hits=2
3514	converted_wildcard	tbl1.pak	0x015AEE75	*	Light Staff Recipe	光杖配方	hits=2
3515	converted_wildcard	tbl1.pak	0x015AEEDB	*	Nimbus Claws Recipe	筋斗云爪配方	hits=2
3516	converted_wildcard	tbl1.pak	0x015AEF43	*	Light Cut Axe Recipe	光切割斧配方	hits=2
3519	converted_wildcard	tbl1.pak	0x015AF01F	*	Green Stone Gem Recipe	绿色石宝石配方	hits=2
3520	converted_wildcard	tbl1.pak	0x015AF095	*	Dragon Stick Recipe	龙棍配方	hits=2
3521	converted_wildcard	tbl1.pak	0x015AF0FF	*	Dragon Sword Recipe	龙剑配方	hits=2
3522	converted_wildcard	tbl1.pak	0x015AF169	*	Wheel of Light Fan Recipe	光扇的轮配方	hits=2
3523	converted_wildcard	tbl1.pak	0x015AF1EB	*	Dragon Court Wand Recipe	龙宫短杖配方	hits=2
3526	converted_wildcard	tbl1.pak	0x015AF2EB	*	Smoked Fish Recipe	烟熏鱼配方	hits=2
3527	converted_wildcard	tbl1.pak	0x015AF351	*	Frame Drum Recipe	框架鼓配方	hits=2
3528	converted_wildcard	tbl1.pak	0x015AF3B3	*	Starfish Mask Recipe	海星面具配方	hits=2
3529	converted_wildcard	tbl1.pak	0x015AF421	*	Combat Gear (Top) H Recipe	战斗装备(上衣)H配方	hits=13
3530	converted_wildcard	tbl1.pak	0x015AF4A7	*	Combat Gear (Pants) H Recipe	战斗装备(裤子)H配方	hits=13
3531	converted_wildcard	tbl1.pak	0x015AF535	*	Combat Gear (Shoes) H Recipe	战斗装备(鞋子)H配方	hits=13
3532	converted_wildcard	tbl1.pak	0x015AF5C3	*	Combat Gear (Top) N Recipe	战斗装备(上衣)N配方	hits=13
3533	converted_wildcard	tbl1.pak	0x015AF649	*	Combat Gear (Pants) N Recipe	战斗装备(裤子)N配方	hits=13
3534	converted_wildcard	tbl1.pak	0x015AF6D7	*	Combat Gear (Shoes) N Recipe	战斗装备(鞋子)N配方	hits=13
3535	converted_wildcard	tbl1.pak	0x015AF765	*	Combat Gear (Top) M Recipe	战斗装备(上衣)M配方	hits=13
3536	converted_wildcard	tbl1.pak	0x015AF7EB	*	Combat Gear (Pants) M Recipe	战斗装备(裤子)M配方	hits=13
3537	converted_wildcard	tbl1.pak	0x015AF879	*	Combat Gear (Shoes) M Recipe	战斗装备(鞋子)M配方	hits=13
3538	relocated_unique	tbl1.pak	0x015AF907	0x015AF9B3	Manufacturing Extract 07 Recipe	制造萃取物07配方	utf16
3539	relocated_unique	tbl1.pak	0x015AF99F	0x015AFA4B	Special Parts 07 Recipe	特殊零件07配方	utf16
3540	relocated_unique	tbl1.pak	0x015AFAAD	0x015AFB59	Legendary Gem 07 Recipe	传说宝石07配方	utf16
3541	converted_wildcard	tbl1.pak	0x015AFB35	*	Soul Gauntlets Recipe	灵魂臂甲配方	hits=4
3542	commented_ambiguous	tbl1.pak	0x015AFBA7		Soul Gauntlets Recipe	灵魂臂甲配方	hits=4
3543	converted_wildcard	tbl1.pak	0x015AFC9F	*	Absolute Light Claws Recipe	绝对光爪配方	hits=2
3544	converted_wildcard	tbl1.pak	0x015AFD27	*	Dragon Battle Axe Recipe	龙战斗斧配方	hits=2
3545	converted_wildcard	tbl1.pak	0x015AFDA5	*	Yellow Dragon Scroll Recipe	黄色龙卷轴配方	hits=2
3546	converted_wildcard	tbl1.pak	0x015AFE2F	*	Black Stone Gem Recipe	黑色石宝石配方	hits=2
3547	converted_wildcard	tbl1.pak	0x015AFEA5	*	New Grid Stick Recipe	新格纹棍配方	hits=2
3548	converted_wildcard	tbl1.pak	0x015AFF17	*	Electro-Optic Sword Recipe	电光-光学剑配方	hits=2
3549	converted_wildcard	tbl1.pak	0x015B0017	*	Thunder Wand Recipe	雷霆短杖配方	hits=2
3550	converted_wildcard	tbl1.pak	0x015B0081	*	Legend Long Trumpet Recipe	传说长号角配方	hits=2
3551	converted_wildcard	tbl1.pak	0x015B018D	*	Dragon Drum Recipe	龙鼓配方	hits=2
3552	converted_wildcard	tbl1.pak	0x015B01F3	*	Dragon Mask Recipe	龙面具配方	hits=2
3553	converted_wildcard	tbl1.pak	0x015B0259	*	Advanced Combat Gear (Top) H Recipe	高级战斗装备(上衣)H配方	hits=2
3554	converted_wildcard	tbl1.pak	0x015B0303	*	Advanced Combat Gear (Pants) H Recipe	高级战斗装备(裤子)H配方	hits=2
3555	converted_wildcard	tbl1.pak	0x015B03B5	*	Advanced Combat Gear (Shoes) H Recipe	高级战斗装备(鞋子)H配方	hits=2
3556	converted_wildcard	tbl1.pak	0x015B0467	*	Advanced Combat Gear (Top) N Recipe	高级战斗装备(上衣)N配方	hits=2
3557	converted_wildcard	tbl1.pak	0x015B0511	*	Advanced Combat Gear (Pants) N Recipe	高级战斗装备(裤子)N配方	hits=2
3558	converted_wildcard	tbl1.pak	0x015B05C3	*	Advanced Combat Gear (Shoes) N Recipe	高级战斗装备(鞋子)N配方	hits=2
3559	converted_wildcard	tbl1.pak	0x015B0675	*	Advanced Combat Gear (Top) M Recipe	高级战斗装备(上衣)M配方	hits=2
3560	converted_wildcard	tbl1.pak	0x015B071F	*	Advanced Combat Gear (Pants) M Recipe	高级战斗装备(裤子)M配方	hits=2
3561	converted_wildcard	tbl1.pak	0x015B07D1	*	Advanced Combat Gear (Shoes) M Recipe	高级战斗装备(鞋子)M配方	hits=2
3562	relocated_unique	tbl1.pak	0x015B0883	0x015B092F	Manufacturing Extract 02 Recipe	制造萃取物02配方	utf16
3563	relocated_unique	tbl1.pak	0x015B091B	0x015B09C7	Special Parts 02 Recipe	特殊零件02配方	utf16
3564	relocated_unique	tbl1.pak	0x015B0A29	0x015B0AD5	Legendary Gem 02 Recipe	传说宝石02配方	utf16
3565	converted_wildcard	tbl1.pak	0x015B0B57	*	Namek Gloves Recipe	那美克手套配方	hits=2
3566	converted_wildcard	tbl1.pak	0x015B0C27	*	Strong Warrior Claws Recipe	强力战士爪配方	hits=2
3567	converted_wildcard	tbl1.pak	0x015B0CAF	*	Halberd Axe Recipe	戟斧配方	hits=2
3568	converted_wildcard	tbl1.pak	0x015B0D7B	*	Rainbow Gem Recipe	彩虹宝石配方	hits=2
3569	converted_wildcard	tbl1.pak	0x015B0EC9	*	Long Hit Fan Recipe	长希特扇配方	hits=2
3570	converted_wildcard	tbl1.pak	0x015B0F33	*	Plasma Wand Recipe	等离子短杖配方	hits=2
3571	converted_wildcard	tbl1.pak	0x015B0F99	*	Light Trumpet Recipe	光号角配方	hits=2
3572	converted_wildcard	tbl1.pak	0x015B1179	*	Super Combat Gear (Top) H Recipe	超级战斗装备(上衣)H配方	hits=2
3573	converted_wildcard	tbl1.pak	0x015B1217	*	Super Combat Gear (Pants) H Recipe	超级战斗装备(裤子)H配方	hits=2
3574	converted_wildcard	tbl1.pak	0x015B12BD	*	Super Combat Gear (Shoes) H Recipe	超级战斗装备(鞋子)H配方	hits=2
3575	converted_wildcard	tbl1.pak	0x015B1363	*	Super Combat Gear (Top) N Recipe	超级战斗装备(上衣)N配方	hits=2
3576	converted_wildcard	tbl1.pak	0x015B1401	*	Super Combat Gear (Pants) N Recipe	超级战斗装备(裤子)N配方	hits=2
3577	converted_wildcard	tbl1.pak	0x015B14A7	*	Super Combat Gear (Shoes) N Recipe	超级战斗装备(鞋子)N配方	hits=2
3578	converted_wildcard	tbl1.pak	0x015B154D	*	Super Combat Gear (Top) M Recipe	超级战斗装备(上衣)M配方	hits=2
3579	converted_wildcard	tbl1.pak	0x015B15EB	*	Super Combat Gear (Pants) M Recipe	超级战斗装备(裤子)M配方	hits=2
3580	converted_wildcard	tbl1.pak	0x015B1691	*	Super Combat Gear (Shoes) M Recipe	超级战斗装备(鞋子)M配方	hits=2
3581	relocated_unique	tbl1.pak	0x015B1737	0x015B17E3	Manufacturing Extract 03 Recipe	制造萃取物03配方	utf16
3582	relocated_unique	tbl1.pak	0x015B17CF	0x015B187B	Special Parts 03 Recipe	特殊零件03配方	utf16
3583	relocated_unique	tbl1.pak	0x015B18DD	0x015B1989	Legendary Gem 03 Recipe	传说宝石03配方	utf16
3584	converted_wildcard	tbl1.pak	0x015B1A9D	*	Valkyrie Staff Recipe	女武神杖配方	hits=2
3585	converted_wildcard	tbl1.pak	0x015B1B0F	*	Mysterious Claws Recipe	神秘爪配方	hits=2
3586	converted_wildcard	tbl1.pak	0x015B1B87	*	Death Axe Recipe	死亡之斧配方	hits=2
3589	converted_wildcard	tbl1.pak	0x015B1C5B	*	Rock Stone Gem Recipe	岩石石宝石配方	hits=2
3590	converted_wildcard	tbl1.pak	0x015B1DD9	*	Electro-Optic Fan Recipe	电光-光学扇配方	hits=2
3591	converted_wildcard	tbl1.pak	0x015B1E57	*	Valkyrie Wand Recipe	女武神短杖配方	hits=2
3592	converted_wildcard	tbl1.pak	0x015B2079	*	Ultimate Combat Gear (Top) H Recipe	终极战斗装备(上衣)H配方	hits=2
3593	converted_wildcard	tbl1.pak	0x015B2123	*	Ultimate Combat Gear (Pants) H Recipe	终极战斗装备(裤子)H配方	hits=2
3594	converted_wildcard	tbl1.pak	0x015B21D5	*	Ultimate Combat Gear (Shoes) H Recipe	终极战斗装备(鞋子)H配方	hits=2
3595	converted_wildcard	tbl1.pak	0x015B2287	*	Ultimate Combat Gear (Top) N Recipe	终极战斗装备(上衣)N配方	hits=2
3596	converted_wildcard	tbl1.pak	0x015B2331	*	Ultimate Combat Gear (Pants) N Recipe	终极战斗装备(裤子)N配方	hits=2
3597	converted_wildcard	tbl1.pak	0x015B23E3	*	Ultimate Combat Gear (Shoes) N Recipe	终极战斗装备(鞋子)N配方	hits=2
3598	converted_wildcard	tbl1.pak	0x015B2495	*	Ultimate Combat Gear (Top) M Recipe	终极战斗装备(上衣)M配方	hits=2
3599	converted_wildcard	tbl1.pak	0x015B253F	*	Ultimate Combat Gear (Pants) M Recipe	终极战斗装备(裤子)M配方	hits=2
3600	converted_wildcard	tbl1.pak	0x015B25F1	*	Ultimate Combat Gear (Shoes) M Recipe	终极战斗装备(鞋子)M配方	hits=2
3601	converted_wildcard	tbl1.pak	0x015B287B	*	Killer Axe Recipe	杀手斧配方	hits=2
3602	converted_wildcard	tbl1.pak	0x015B28DB	*	Dragon Scroll Recipe	龙卷轴配方	hits=4
3603	converted_wildcard	tbl1.pak	0x015B2947	*	Popo Gem Recipe	波波宝石配方	hits=2
3604	converted_wildcard	tbl1.pak	0x015B2A85	*	Dragon Roar Fan Recipe	龙咆哮扇配方	hits=2
3605	converted_wildcard	tbl1.pak	0x015B2AFB	*	Black Steel Wand Recipe	黑色钢短杖配方	hits=2
3606	relocated_unique	tbl1.pak	0x015B33A1	0x015B344D	Crystal Scouter Recipe	水晶探测器配方	utf16
3607	relocated_unique	tbl1.pak	0x015B342F	0x015B34DB	Diamond Scouter Recipe	钻石探测器配方	utf16
3608	relocated_unique	tbl1.pak	0x015B364B	0x015B36F7	Advanced Gauntlets Recipe	高级臂甲配方	utf16
3609	relocated_unique	tbl1.pak	0x015B3C41	0x015B3CED	Warrior Gloves Recipe	那美克战士手套配方	utf16
3610	relocated_unique	tbl1.pak	0x015B3CB3	0x015B3D5F	Power Gauntlets Recipe	力量臂甲配方	utf16
3611	relocated_unique	tbl1.pak	0x015B3DA3	0x015B3E4F	Firepower Combat Gear (Top) H Recipe	火力战斗装备(上衣)H配方	utf16
3612	relocated_unique	tbl1.pak	0x015B3E51	0x015B3EFD	Firepower Combat Gear (Pants) H Recipe	火力战斗装备(裤子)H配方	utf16
3613	relocated_unique	tbl1.pak	0x015B3F07	0x015B3FB3	Firepower Combat Gear (Shoes) H Recipe	火力战斗装备(鞋子)H配方	utf16
3614	relocated_unique	tbl1.pak	0x015B3FBD	0x015B4069	Firepower Combat Gear (Top) N Recipe	火力战斗装备(上衣)N配方	utf16
3615	relocated_unique	tbl1.pak	0x015B406B	0x015B4117	Firepower Combat Gear (Pants) N Recipe	火力战斗装备(裤子)N配方	utf16
3616	relocated_unique	tbl1.pak	0x015B4121	0x015B41CD	Firepower Combat Gear (Shoes) N Recipe	火力战斗装备(鞋子)N配方	utf16
3617	relocated_unique	tbl1.pak	0x015B41D7	0x015B4283	Firepower Combat Gear (Top) M Recipe	火力战斗装备(上衣)M配方	utf16
3618	relocated_unique	tbl1.pak	0x015B4285	0x015B4331	Firepower Combat Gear (Pants) M Recipe	火力战斗装备(裤子)M配方	utf16
3619	relocated_unique	tbl1.pak	0x015B433B	0x015B43E7	Firepower Combat Gear (Shoes) M Recipe	火力战斗装备(鞋子)M配方	utf16
3620	commented_ambiguous	tbl1.pak	0x015B43F1		Comet Award Gauntlets Recipe	彗星奖励臂甲配方	hits=2
3621	commented_ambiguous	tbl1.pak	0x015B4477		High Grade Gauntlets Recipe	高级臂甲配方	hits=2
3622	commented_ambiguous	tbl1.pak	0x015B44F9		Battle Staff Recipe	战斗杖配方	hits=2
3623	commented_ambiguous	tbl1.pak	0x015B455B		Strong Claws Recipe	强力爪配方	hits=2
3624	commented_ambiguous	tbl1.pak	0x015B45C3		Comodo Battle Axe Recipe	科莫多战斗斧配方	hits=2
3625	commented_ambiguous	tbl1.pak	0x015B4639		Bao Yan Scroll Recipe	鲍岩卷轴配方	hits=2
3626	commented_ambiguous	tbl1.pak	0x015B46A3		Huang Gang Gem Recipe	黄刚宝石配方	hits=2
3627	commented_ambiguous	tbl1.pak	0x015B470D		Hardcore Stick Recipe	硬核棍配方	hits=2
3628	commented_ambiguous	tbl1.pak	0x015B4777		Gangjian Sword Recipe	刚剑剑配方	hits=2
3629	commented_ambiguous	tbl1.pak	0x015B47E1		God Eye Fan Recipe	神眼扇配方	hits=2
3630	commented_ambiguous	tbl1.pak	0x015B483F		Huang Gang Wand Recipe	黄刚短杖配方	hits=2
3631	commented_ambiguous	tbl1.pak	0x015B48AD		Remembrance Trumpet Recipe	纪念号角配方	hits=2
3632	commented_ambiguous	tbl1.pak	0x015B4999		Pound Drum Recipe	重击鼓配方	hits=2
3633	commented_ambiguous	tbl1.pak	0x015B4A55		Armored Combat Gear (Top) H Recipe	装甲战斗装备(上衣)H配方	hits=2
3634	commented_ambiguous	tbl1.pak	0x015B4AF3		Armored Combat Gear (Pants) H Recipe	装甲战斗装备(裤子)H配方	hits=2
3635	commented_ambiguous	tbl1.pak	0x015B4B99		Armored Combat Gear (Shoes) H Recipe	装甲战斗装备(鞋子)H配方	hits=2
3636	commented_ambiguous	tbl1.pak	0x015B4C3F		Armored Combat Gear (Top) N Recipe	装甲战斗装备(上衣)N配方	hits=2
3637	commented_ambiguous	tbl1.pak	0x015B4CDD		Armored Combat Gear (Pants) N Recipe	装甲战斗装备(裤子)N配方	hits=2
3638	commented_ambiguous	tbl1.pak	0x015B4D83		Armored Combat Gear (Shoes) N Recipe	装甲战斗装备(鞋子)N配方	hits=2
3639	commented_ambiguous	tbl1.pak	0x015B4E29		Armored Combat Gear (Top) M Recipe	装甲战斗装备(上衣)M配方	hits=2
3640	commented_ambiguous	tbl1.pak	0x015B4EC7		Armored Combat Gear (Pants) M Recipe	装甲战斗装备(裤子)M配方	hits=2
3641	commented_ambiguous	tbl1.pak	0x015B4F6D		Armored Combat Gear (Shoes) M Recipe	装甲战斗装备(鞋子)M配方	hits=2
3642	commented_ambiguous	tbl1.pak	0x015B5013		Prestige Dragon Gauntlets Recipe	威望龙臂甲配方	hits=2
3643	commented_ambiguous	tbl1.pak	0x015B51A9		Dragon Claws Recipe	龙爪配方	hits=2
3644	commented_ambiguous	tbl1.pak	0x015B5211		Strong Battle Axe Recipe	强力战斗斧配方	hits=2
3645	commented_ambiguous	tbl1.pak	0x015B52E5		Purple Stone Gem Recipe	紫色石宝石配方	hits=2
3646	commented_ambiguous	tbl1.pak	0x015B53B1		Magic Blade Recipe	魔法刃配方	hits=2
3647	commented_ambiguous	tbl1.pak	0x015B5471		Sapphire Wand Recipe	蓝宝石短杖配方	hits=2
3648	commented_ambiguous	tbl1.pak	0x015B54D7		Meteor Trumpet Recipe	流星号角配方	hits=2
3649	commented_ambiguous	tbl1.pak	0x015B5541		Red Hot Chili Corn Recipe	红色火辣辣椒玉米配方	hits=2
3650	commented_ambiguous	tbl1.pak	0x015B5635		Enraged Mask Recipe	狂怒面具配方	hits=2
3651	commented_ambiguous	tbl1.pak	0x015B5697		Combat Force Gear (Top) H Recipe	战斗力量装备(上衣)H配方	hits=2
3652	commented_ambiguous	tbl1.pak	0x015B572D		Combat Force Gear (Pants) H Recipe	战斗力量装备(裤子)H配方	hits=2
3653	commented_ambiguous	tbl1.pak	0x015B57CB		Combat Force Gear (Shoes) H Recipe	战斗力量装备(鞋子)H配方	hits=2
3654	commented_ambiguous	tbl1.pak	0x015B5869		Combat Force Gear (Top) N Recipe	战斗力量装备(上衣)N配方	hits=2
3655	commented_ambiguous	tbl1.pak	0x015B58FF		Combat Force Gear (Pants) N Recipe	战斗力量装备(裤子)N配方	hits=2
3656	commented_ambiguous	tbl1.pak	0x015B599D		Combat Force Gear (Shoes) N Recipe	战斗力量装备(鞋子)N配方	hits=2
3657	commented_ambiguous	tbl1.pak	0x015B5A3B		Combat Force Gear (Top) M Recipe	战斗力量装备(上衣)M配方	hits=2
3658	commented_ambiguous	tbl1.pak	0x015B5AD1		Combat Force Gear (Pants) M Recipe	战斗力量装备(裤子)M配方	hits=2
3659	commented_ambiguous	tbl1.pak	0x015B5B6F		Combat Force Gear (Shoes) M Recipe	战斗力量装备(鞋子)M配方	hits=2
3660	commented_ambiguous	tbl1.pak	0x015B5C0D		Energy Ejection Gloves Recipe	气功喷射手套配方	hits=2
3661	commented_ambiguous	tbl1.pak	0x015B5C97		Blast Gauntlets Recipe	爆破臂甲配方	hits=2
3662	commented_ambiguous	tbl1.pak	0x015B5D05		Light Staff Recipe	光杖配方	hits=2
3663	commented_ambiguous	tbl1.pak	0x015B5D63		Nimbus Claws Recipe	筋斗云爪配方	hits=2
3664	commented_ambiguous	tbl1.pak	0x015B5DCB		Light Cut Axe Recipe	光切割斧配方	hits=2
3667	commented_ambiguous	tbl1.pak	0x015B5E97		Green Stone Gem Recipe	绿色石宝石配方	hits=2
3668	commented_ambiguous	tbl1.pak	0x015B5F05		Dragon Stick Recipe	龙棍配方	hits=2
3669	commented_ambiguous	tbl1.pak	0x015B5F67		Dragon Sword Recipe	龙剑配方	hits=2
3670	commented_ambiguous	tbl1.pak	0x015B5FC9		Wheel of Light Fan Recipe	光扇的轮配方	hits=2
3671	commented_ambiguous	tbl1.pak	0x015B6043		Dragon Court Wand Recipe	龙宫短杖配方	hits=2
3674	commented_ambiguous	tbl1.pak	0x015B6133		Smoked Fish Recipe	烟熏鱼配方	hits=2
3675	commented_ambiguous	tbl1.pak	0x015B6191		Frame Drum Recipe	框架鼓配方	hits=2
3676	commented_ambiguous	tbl1.pak	0x015B61EB		Starfish Mask Recipe	海星面具配方	hits=2
3677	commented_ambiguous	tbl1.pak	0x015B6251		Combat Gear (Top) H Recipe	战斗装备(上衣)H配方	hits=13
3678	commented_ambiguous	tbl1.pak	0x015B62CF		Combat Gear (Pants) H Recipe	战斗装备(裤子)H配方	hits=13
3679	commented_ambiguous	tbl1.pak	0x015B6355		Combat Gear (Shoes) H Recipe	战斗装备(鞋子)H配方	hits=13
3680	commented_ambiguous	tbl1.pak	0x015B63DB		Combat Gear (Top) N Recipe	战斗装备(上衣)N配方	hits=13
3681	commented_ambiguous	tbl1.pak	0x015B6459		Combat Gear (Pants) N Recipe	战斗装备(裤子)N配方	hits=13
3682	commented_ambiguous	tbl1.pak	0x015B64DF		Combat Gear (Shoes) N Recipe	战斗装备(鞋子)N配方	hits=13
3683	commented_ambiguous	tbl1.pak	0x015B6565		Combat Gear (Top) M Recipe	战斗装备(上衣)M配方	hits=13
3684	commented_ambiguous	tbl1.pak	0x015B65E3		Combat Gear (Pants) M Recipe	战斗装备(裤子)M配方	hits=13
3685	commented_ambiguous	tbl1.pak	0x015B6669		Combat Gear (Shoes) M Recipe	战斗装备(鞋子)M配方	hits=13
3686	commented_ambiguous	tbl1.pak	0x015B66EF		Soul Gauntlets Recipe	灵魂臂甲配方	hits=4
3687	commented_ambiguous	tbl1.pak	0x015B6759		Soul Gauntlets Recipe	灵魂臂甲配方	hits=4
3688	commented_ambiguous	tbl1.pak	0x015B6841		Absolute Light Claws Recipe	绝对光爪配方	hits=2
3689	commented_ambiguous	tbl1.pak	0x015B68C9		Dragon Battle Axe Recipe	龙战斗斧配方	hits=2
3690	commented_ambiguous	tbl1.pak	0x015B693F		Yellow Dragon Scroll Recipe	黄色龙卷轴配方	hits=2
3691	commented_ambiguous	tbl1.pak	0x015B69C1		Black Stone Gem Recipe	黑色石宝石配方	hits=2
3692	commented_ambiguous	tbl1.pak	0x015B6A2F		New Grid Stick Recipe	新格纹棍配方	hits=2
3693	commented_ambiguous	tbl1.pak	0x015B6A99		Electro-Optic Sword Recipe	电光-光学剑配方	hits=2
3694	relocated_unique	tbl1.pak	0x015B6B4B	0x015B6BF7	Black Dragon Fan Rare recipe	稀有黑龙扇配方	utf16
3695	commented_ambiguous	tbl1.pak	0x015B6B89		Thunder Wand Recipe	雷霆短杖配方	hits=2
3696	commented_ambiguous	tbl1.pak	0x015B6BEB		Legend Long Trumpet Recipe	传说长号角配方	hits=2
3697	commented_ambiguous	tbl1.pak	0x015B6CE7		Dragon Drum Recipe	龙鼓配方	hits=2
3698	commented_ambiguous	tbl1.pak	0x015B6D45		Dragon Mask Recipe	龙面具配方	hits=2
3699	commented_ambiguous	tbl1.pak	0x015B6DA3		Advanced Combat Gear (Top) H Recipe	高级战斗装备(上衣)H配方	hits=2
3700	commented_ambiguous	tbl1.pak	0x015B6E45		Advanced Combat Gear (Pants) H Recipe	高级战斗装备(裤子)H配方	hits=2
3701	commented_ambiguous	tbl1.pak	0x015B6EEF		Advanced Combat Gear (Shoes) H Recipe	高级战斗装备(鞋子)H配方	hits=2
3702	commented_ambiguous	tbl1.pak	0x015B6F99		Advanced Combat Gear (Top) N Recipe	高级战斗装备(上衣)N配方	hits=2
3703	commented_ambiguous	tbl1.pak	0x015B703B		Advanced Combat Gear (Pants) N Recipe	高级战斗装备(裤子)N配方	hits=2
3704	commented_ambiguous	tbl1.pak	0x015B70E5		Advanced Combat Gear (Shoes) N Recipe	高级战斗装备(鞋子)N配方	hits=2
3705	commented_ambiguous	tbl1.pak	0x015B718F		Advanced Combat Gear (Top) M Recipe	高级战斗装备(上衣)M配方	hits=2
3706	commented_ambiguous	tbl1.pak	0x015B7231		Advanced Combat Gear (Pants) M Recipe	高级战斗装备(裤子)M配方	hits=2
3707	commented_ambiguous	tbl1.pak	0x015B72DB		Advanced Combat Gear (Shoes) M Recipe	高级战斗装备(鞋子)M配方	hits=2
3708	commented_ambiguous	tbl1.pak	0x015B7423		Namek Gloves Recipe	那美克手套配方	hits=2
3709	commented_ambiguous	tbl1.pak	0x015B74E3		Strong Warrior Claws Recipe	强力战士爪配方	hits=2
3710	commented_ambiguous	tbl1.pak	0x015B756B		Halberd Axe Recipe	戟斧配方	hits=2
3711	commented_ambiguous	tbl1.pak	0x015B7627		Rainbow Gem Recipe	彩虹宝石配方	hits=2
3712	commented_ambiguous	tbl1.pak	0x015B775B		Long Hit Fan Recipe	长希特扇配方	hits=2
3713	commented_ambiguous	tbl1.pak	0x015B77BD		Plasma Wand Recipe	等离子短杖配方	hits=2
3714	commented_ambiguous	tbl1.pak	0x015B781B		Light Trumpet Recipe	光号角配方	hits=2
3715	commented_ambiguous	tbl1.pak	0x015B79DB		Super Combat Gear (Top) H Recipe	超级战斗装备(上衣)H配方	hits=2
3716	commented_ambiguous	tbl1.pak	0x015B7A71		Super Combat Gear (Pants) H Recipe	超级战斗装备(裤子)H配方	hits=2
3717	commented_ambiguous	tbl1.pak	0x015B7B0F		Super Combat Gear (Shoes) H Recipe	超级战斗装备(鞋子)H配方	hits=2
3718	commented_ambiguous	tbl1.pak	0x015B7BAD		Super Combat Gear (Top) N Recipe	超级战斗装备(上衣)N配方	hits=2
3719	commented_ambiguous	tbl1.pak	0x015B7C43		Super Combat Gear (Pants) N Recipe	超级战斗装备(裤子)N配方	hits=2
3720	commented_ambiguous	tbl1.pak	0x015B7CE1		Super Combat Gear (Shoes) N Recipe	超级战斗装备(鞋子)N配方	hits=2
3721	commented_ambiguous	tbl1.pak	0x015B7D7F		Super Combat Gear (Top) M Recipe	超级战斗装备(上衣)M配方	hits=2
3722	commented_ambiguous	tbl1.pak	0x015B7E15		Super Combat Gear (Pants) M Recipe	超级战斗装备(裤子)M配方	hits=2
3723	commented_ambiguous	tbl1.pak	0x015B7EB3		Super Combat Gear (Shoes) M Recipe	超级战斗装备(鞋子)M配方	hits=2
3724	commented_ambiguous	tbl1.pak	0x015B8079		Valkyrie Staff Recipe	女武神杖配方	hits=2
3725	commented_ambiguous	tbl1.pak	0x015B80E3		Mysterious Claws Recipe	神秘爪配方	hits=2
3726	commented_ambiguous	tbl1.pak	0x015B815B		Death Axe Recipe	死亡之斧配方	hits=2
3729	commented_ambiguous	tbl1.pak	0x015B821F		Rock Stone Gem Recipe	岩石石宝石配方	hits=2
3730	commented_ambiguous	tbl1.pak	0x015B8385		Electro-Optic Fan Recipe	电光-光学扇配方	hits=2
3731	commented_ambiguous	tbl1.pak	0x015B83FB		Valkyrie Wand Recipe	女武神短杖配方	hits=2
3732	commented_ambiguous	tbl1.pak	0x015B85F5		Ultimate Combat Gear (Top) H Recipe	终极战斗装备(上衣)H配方	hits=2
3733	commented_ambiguous	tbl1.pak	0x015B8697		Ultimate Combat Gear (Pants) H Recipe	终极战斗装备(裤子)H配方	hits=2
3734	commented_ambiguous	tbl1.pak	0x015B8741		Ultimate Combat Gear (Shoes) H Recipe	终极战斗装备(鞋子)H配方	hits=2
3735	commented_ambiguous	tbl1.pak	0x015B87EB		Ultimate Combat Gear (Top) N Recipe	终极战斗装备(上衣)N配方	hits=2
3736	commented_ambiguous	tbl1.pak	0x015B888D		Ultimate Combat Gear (Pants) N Recipe	终极战斗装备(裤子)N配方	hits=2
3737	commented_ambiguous	tbl1.pak	0x015B8937		Ultimate Combat Gear (Shoes) N Recipe	终极战斗装备(鞋子)N配方	hits=2
3738	commented_ambiguous	tbl1.pak	0x015B89E1		Ultimate Combat Gear (Top) M Recipe	终极战斗装备(上衣)M配方	hits=2
3739	commented_ambiguous	tbl1.pak	0x015B8A83		Ultimate Combat Gear (Pants) M Recipe	终极战斗装备(裤子)M配方	hits=2
3740	commented_ambiguous	tbl1.pak	0x015B8B2D		Ultimate Combat Gear (Shoes) M Recipe	终极战斗装备(鞋子)M配方	hits=2
3741	commented_ambiguous	tbl1.pak	0x015B8DAF		Killer Axe Recipe	杀手斧配方	hits=2
3742	commented_ambiguous	tbl1.pak	0x015B8E0F		Dragon Scroll Recipe	龙卷轴配方	hits=4
3743	commented_ambiguous	tbl1.pak	0x015B8E7B		Popo Gem Recipe	波波宝石配方	hits=2
3744	commented_ambiguous	tbl1.pak	0x015B8FA1		Dragon Roar Fan Recipe	龙咆哮扇配方	hits=2
3745	commented_ambiguous	tbl1.pak	0x015B900F		Black Steel Wand Recipe	黑色钢短杖配方	hits=2
3746	relocated_unique	tbl1.pak	0x015BCBFF	0x015BCCAB	Recipe Galactic Combat Gear (Top) H	银河战斗装备(上衣)H配方	utf16
3747	relocated_unique	tbl1.pak	0x015BCCDB	0x015BCD87	Recipe Galactic Combat Gear (Pants) H	银河战斗装备(裤子)H配方	utf16
3748	relocated_unique	tbl1.pak	0x015BCDBB	0x015BCE67	Recipe Galactic Combat Gear (Shoes) H	银河战斗装备(鞋子)H配方	utf16
3749	relocated_unique	tbl1.pak	0x015BCE9B	0x015BCF47	Recipe Galactic Combat Gear (Top) N	银河战斗装备(上衣)N配方	utf16
3750	relocated_unique	tbl1.pak	0x015BCF77	0x015BD023	Recipe Galactic Combat Gear (Pants) N	银河战斗装备(裤子)N配方	utf16
3751	relocated_unique	tbl1.pak	0x015BD057	0x015BD103	Recipe Galactic Combat Gear (Shoes) N	银河战斗装备(鞋子)N配方	utf16
3752	relocated_unique	tbl1.pak	0x015BD137	0x015BD1E3	Recipe Galactic Combat Gear (Top) M	银河战斗装备(上衣)M配方	utf16
3753	relocated_unique	tbl1.pak	0x015BD213	0x015BD2BF	Recipe Galactic Combat Gear (Pants) M	银河战斗装备(裤子)M配方	utf16
3754	relocated_unique	tbl1.pak	0x015BD2F3	0x015BD39F	Recipe Galactic Combat Gear (Shoes) M	银河战斗装备(鞋子)M配方	utf16
3755	converted_wildcard	tbl1.pak	0x015E5941	*	Black Dragon Bus	黑龙巴士	hits=2
3756	relocated_unique	tbl1.pak	0x0164CB33	0x0164CBDF	Super Powerful Shadow Claws Recipe	超级强力暗影爪配方	utf16
3757	relocated_unique	tbl1.pak	0x0164CDDD	0x0164CE89	Super Powerful Dark Gem Recipe	超级强力黑暗宝石配方	utf16
3758	relocated_unique	tbl1.pak	0x0164CEA3	0x0164CF4F	Super Powerful Awakening Stick Recipe	超级强力觉醒棍配方	utf16
3759	relocated_unique	tbl1.pak	0x0164CF85	0x0164D031	Super Powerful Thunder Sword Recipe	超级强力雷霆剑配方	utf16
3760	relocated_unique	tbl1.pak	0x0164D135	0x0164D1E1	Super Powerful Awakening Wand Recipe	超级强力觉醒短杖配方	utf16
3761	relocated_unique	tbl1.pak	0x0164D485	0x0164D531	Super Powerful Mysterious Mask Recipe	超级强力神秘面具配方	utf16
3762	converted_wildcard	tbl1.pak	0x0164F2E1	*	Dark Soul Pants Recipe	黑暗灵魂裤子配方	hits=6
3763	converted_wildcard	tbl1.pak	0x0164F387	*	Dark Soul Shoes Recipe	黑暗灵魂鞋子配方	hits=6
3764	commented_ambiguous	tbl1.pak	0x0164F42D		Dark Soul Armor Recipe	黑暗灵魂盔甲配方	hits=6
3765	commented_ambiguous	tbl1.pak	0x0164F4D3		Dark Soul Pants Recipe	黑暗灵魂裤子配方	hits=6
3766	commented_ambiguous	tbl1.pak	0x0164F579		Dark Soul Shoes Recipe	黑暗灵魂鞋子配方	hits=6
3767	commented_ambiguous	tbl1.pak	0x0164F61F		Dark Soul Armor Recipe	黑暗灵魂盔甲配方	hits=6
3768	commented_ambiguous	tbl1.pak	0x0164F6C5		Dark Soul Pants Recipe	黑暗灵魂裤子配方	hits=6
3769	commented_ambiguous	tbl1.pak	0x0164F76B		Dark Soul Shoes Recipe	黑暗灵魂鞋子配方	hits=6
3770	commented_ambiguous	tbl1.pak	0x0164F811		Dark Soul Armor Recipe	黑暗灵魂盔甲配方	hits=6
3771	commented_ambiguous	tbl1.pak	0x0164F8B7		Dark Soul Pants Recipe	黑暗灵魂裤子配方	hits=6
3772	commented_ambiguous	tbl1.pak	0x0164F95D		Dark Soul Shoes Recipe	黑暗灵魂鞋子配方	hits=6
3773	commented_ambiguous	tbl1.pak	0x0164FA03		Dark Soul Armor Recipe	黑暗灵魂盔甲配方	hits=6
3774	commented_ambiguous	tbl1.pak	0x0164FAA9		Dark Soul Pants Recipe	黑暗灵魂裤子配方	hits=6
3775	commented_ambiguous	tbl1.pak	0x0164FB4F		Dark Soul Shoes Recipe	黑暗灵魂鞋子配方	hits=6
3776	commented_ambiguous	tbl1.pak	0x0164FBF5		Dark Soul Armor Recipe	黑暗灵魂盔甲配方	hits=6
3777	commented_ambiguous	tbl1.pak	0x0164FC9B		Dark Soul Pants Recipe	黑暗灵魂裤子配方	hits=6
3778	commented_ambiguous	tbl1.pak	0x0164FD41		Dark Soul Shoes Recipe	黑暗灵魂鞋子配方	hits=6
3779	relocated_unique	tbl1.pak	0x0165034B	0x016503F7	Dark Soul Claws Recipe	黑暗灵魂爪配方	utf16
3780	relocated_unique	tbl1.pak	0x016503F1	0x0165049D	Dark Soul Axe Recipe	黑暗灵魂斧配方	utf16
3781	relocated_unique	tbl1.pak	0x0165048F	0x0165053B	Dark Soul Scroll Recipe	黑暗灵魂卷轴配方	utf16
3782	relocated_unique	tbl1.pak	0x01650539	0x016505E5	Dark Soul Gem Recipe	黑暗灵魂宝石配方	utf16
3783	relocated_unique	tbl1.pak	0x016505D7	0x01650683	Dark Soul Stick Recipe	黑暗灵魂棍配方	utf16
3784	relocated_unique	tbl1.pak	0x0165067D	0x01650729	Dark Soul Sword Recipe	黑暗灵魂剑配方	utf16
3785	relocated_unique	tbl1.pak	0x01650723	0x016507CF	Dark Soul Fan Recipe	黑暗灵魂扇配方	utf16
3786	relocated_unique	tbl1.pak	0x016507C1	0x0165086D	Dark Soul Wand Recipe	黑暗灵魂短杖配方	utf16
3787	relocated_unique	tbl1.pak	0x01650863	0x0165090F	Dark Soul Trumpet Recipe	黑暗灵魂号角配方	utf16
3788	relocated_unique	tbl1.pak	0x01650911	0x016509BD	Dark Soul Club Recipe	黑暗灵魂棒配方	utf16
3789	relocated_unique	tbl1.pak	0x016509B3	0x01650A5F	Dark Soul Drum Recipe	黑暗灵魂鼓配方	utf16
3790	relocated_unique	tbl1.pak	0x01650A55	0x01650B01	Dark Soul Mask Recipe	黑暗灵魂面具配方	utf16
3791	relocated_unique	tbl1.pak	0x01656501	0x016565AD	Black Dragon Ring Type A	黑龙戒指A型	utf16
3792	relocated_unique	tbl1.pak	0x016565B7	0x01656663	Black Dragon Ring Type B	黑龙戒指B型	utf16
3793	relocated_unique	tbl1.pak	0x016565ED	0x01656699	Black Dragon Earring type A	黑龙耳环A型	utf16
3794	relocated_unique	tbl1.pak	0x01656629	0x016566D5	Black Dragon Earring type B	黑龙耳环B型	utf16
3795	relocated_unique	tbl1.pak	0x016566EB	0x01656797	Black Dragon Necklace	黑龙项链	utf16
3796	commented_ambiguous	tbl1.pak	0x0168F9BB		Black Dragon Bus	黑龙巴士	hits=2
3797	converted_wildcard	tbl1.pak	0x01696179	*	Epic White U Stone U75 (Recipe)	史诗白色U石U75配方	hits=2
3798	commented_ambiguous	tbl1.pak	0x0169622F		Epic White U Stone U75 (Recipe)	史诗白色U石U75配方	hits=2
3799	relocated_unique	tbl1.pak	0x016963AD	0x01696459	Epic Yellow U Stone U75 (Recipe)	史诗黄色U石U75配方	utf16
3800	converted_wildcard	tbl1.pak	0x0169784F	*	Epic Armor U Stone U75 (Recipe)	史诗盔甲U石U75配方	hits=2
3801	converted_wildcard	tbl1.pak	0x01697907	*	Epic Weapon U Stone U75 (Recipe)	史诗武器U石U75配方	hits=2
3802	commented_ambiguous	tbl1.pak	0x016979C1		Epic Armor U Stone U75 (Recipe)	史诗盔甲U石U75配方	hits=2
3803	commented_ambiguous	tbl1.pak	0x01697A7F		Epic Weapon U Stone U75 (Recipe)	史诗武器U石U75配方	hits=2
3804	relocated_unique	tbl1.pak	0x0169808D	0x01698139	Epic Weapon U Stone U70 (Recipe)	史诗武器U石U70配方	utf16
3805	converted_wildcard	tbl1.pak	0x01698149	*	Epic Armor U Stone U70 (Recipe)	史诗盔甲U石U70配方	hits=2
3806	relocated_unique	tbl1.pak	0x016981FF	0x016982AB	Epic White U Stone U70 (Recipe)	史诗白色U石U70配方	utf16
3807	commented_ambiguous	tbl1.pak	0x016982BD		Epic Armor U Stone U70 (Recipe)	史诗盔甲U石U70配方	hits=2
3808	relocated_unique	tbl1.pak	0x016B172D	0x016B17D9	(Human)Shadow Sovereign Armor Recipe	(人类)暗影暴君盔甲配方	utf16
3809	relocated_unique	tbl1.pak	0x016B17FD	0x016B18A9	(Human)Shadow Sovereign Pants Recipe	(人类)暗影暴君裤子配方	utf16
3810	relocated_unique	tbl1.pak	0x016B199D	0x016B1A49	(Namek)Shadow Sovereign Armor Recipe	(那美克)暗影暴君盔甲配方	utf16
3811	relocated_unique	tbl1.pak	0x016B1A6D	0x016B1B19	(Namek)Shadow Sovereign Pants Recipe	(那美克)暗影暴君裤子配方	utf16
3812	relocated_unique	tbl1.pak	0x016B1B3D	0x016B1BE9	(Namek)Shadow Sovereign Shoes Recipe	(那美克)暗影暴君鞋子配方	utf16
3813	relocated_unique	tbl1.pak	0x016B1C0D	0x016B1CB9	(Majin)Shadow Sovereign Armor Recipe	(魔人)暗影暴君盔甲配方	utf16
3814	relocated_unique	tbl1.pak	0x016B1CDD	0x016B1D89	(Majin)Shadow Sovereign Pants Recipe	(魔人)暗影暴君裤子配方	utf16
3815	relocated_unique	tbl1.pak	0x016B1DAD	0x016B1E59	(Majin)Shadow Sovereign Shoes Recipe	(魔人)暗影暴君鞋子配方	utf16
3816	relocated_unique	tbl1.pak	0x016B21ED	0x016B2299	Shadow Sovereign Axe Recipe	暗影暴君斧配方	utf16
3817	relocated_unique	tbl1.pak	0x016B22A7	0x016B2353	Shadow Sovereign Scroll Recipe	暗影暴君卷轴配方	utf16
3818	relocated_unique	tbl1.pak	0x016B236D	0x016B2419	Shadow Sovereign Gem Recipe	暗影暴君宝石配方	utf16
3819	relocated_unique	tbl1.pak	0x016B2427	0x016B24D3	Shadow Sovereign Stick Recipe	暗影暴君棒配方	utf16
3820	relocated_unique	tbl1.pak	0x016B24E9	0x016B2595	Shadow Sovereign Sword Recipe	暗影暴君剑配方	utf16
3821	relocated_unique	tbl1.pak	0x016B2665	0x016B2711	Shadow Sovereign Wand Recipe	暗影暴君短棍配方	utf16
3822	relocated_unique	tbl1.pak	0x016B2723	0x016B27CF	Shadow Sovereign Trumpet Recipe	暗影暴君号配方	utf16
3823	relocated_unique	tbl1.pak	0x016B27ED	0x016B2899	Shadow Sovereign Club Recipe	暗影暴君棍配方	utf16
3824	relocated_unique	tbl1.pak	0x016B28AB	0x016B2957	Shadow Sovereign Drum Recipe	暗影暴君鼓配方	utf16
3825	relocated_unique	tbl1.pak	0x016B2969	0x016B2A15	Shadow Sovereign Mask Recipe	暗影暴君面具配方	utf16
3829	relocated_unique	tbl1.pak	0x016B1E7D	0x016B1F29	Shadow Sovereign Gloves TYPE-A Recipe (Physical)	暗影暴君物理手套配方	utf16
3830	relocated_unique	tbl1.pak	0x016B1F75	0x016B2021	Shadow Sovereign Gloves TYPE-B Recipe (Energy)	暗影暴君气功手套配方	utf16
3834	relocated_unique	tbl1.pak	0x016B2A27	0x016B2AD3	Shadow Mech RING A Recipe	暗影机械戒指A配方	utf16
3835	relocated_unique	tbl1.pak	0x016B2AD9	0x016B2B85	Shadow Mech RING B Recipe	暗影机械戒指B配方	utf16
3836	relocated_unique	tbl1.pak	0x016B2B8B	0x016B2C37	Shadow Mech Earring A Recipe	暗影机械耳环A配方	utf16
3837	relocated_unique	tbl1.pak	0x016B2C49	0x016B2CF5	Shadow Mech Earring B Recipe	暗影机械耳环B配方	utf16
3838	relocated_unique	tbl1.pak	0x016B2D07	0x016B2DB3	Shadow Mech Necklace Recipe	暗影机械项链配方	utf16
3840	relocated_unique	tbl1.pak	0x016B39ED	0x016B3A99	Shadow Mech Boss Fragment	暗影机械Boss碎片	utf16
3841	relocated_unique	tbl1.pak	0x016B3D71	0x016B3E1D	Invasion Fragment	弗利萨入侵碎片	utf16
3842	relocated_unique	tbl1.pak	0x016B40DD	0x016B4189	Legendary Fragment	传说碎片	utf16
3843	commented_ambiguous	tbl1.pak	0x016B4107		Divine Fragment	神圣碎片	hits=2
3844	commented_ambiguous	tbl1.pak	0x016B412B		Hakai Fragment	破坏碎片	hits=2
3845	relocated_unique	tbl1.pak	0x01699091	0x0169913D	World Boss Fragment	世界Boss碎片	utf16
3846	relocated_unique	tbl1.pak	0x016B5D13	0x016B5DBF	Moro Essence	摩罗精华	utf16
3847	relocated_unique	tbl1.pak	0x016B88DD	0x016B8989	BID Freeza Coin	BID弗利萨硬币	utf16
3848	relocated_unique	tbl1.pak	0x014B5DD3	0x014B5E7F	Certificate Soul	证书之魂	utf16
3851	kept_valid	tbl0.pak	0x00DCEBE5	0x00DCEBE5	Freeza Mascote	弗利萨吉祥物	utf16
3852	kept_valid	tbl0.pak	0x013B752B	0x013B752B	FreezaCapsule	弗利萨胶囊	utf16
3853	kept_valid	tbl0.pak	0x013B76A7	0x013B76A7	FreezaFrag	弗利萨碎片	utf16
3854	kept_valid	tbl0.pak	0x013B810B	0x013B810B	FreezaCoin	弗利萨硬币	utf16
3855	kept_valid	tbl1.pak	0x0047C359	0x0047C359	Freeza Plus	弗利萨Plus	ascii
3856	kept_valid	tbl1.pak	0x0047CAD9	0x0047CAD9	FreezaSoldier1	弗利萨士兵1	ascii
3857	kept_valid	tbl1.pak	0x0047CD59	0x0047CD59	FreezaSoldier2	弗利萨士兵2	ascii
3858	kept_valid	tbl1.pak	0x0047CFD9	0x0047CFD9	FreezaSoldier3	弗利萨士兵3	ascii
3859	kept_valid	tbl1.pak	0x0047D259	0x0047D259	FreezaSoldier4	弗利萨士兵4	ascii
3860	kept_valid	tbl1.pak	0x0048D8D9	0x0048D8D9	FreezaInvasion	弗利萨入侵	ascii
3861	kept_valid	tbl1.pak	0x0048E059	0x0048E059	GoldenFreezaInv	黄金弗利萨入侵	ascii
3862	kept_valid	tbl1.pak	0x00F86000	0x00F86000	[br]Defeat the Frieza Army!	[br]击败弗利萨军!	utf16
3863	relocated_unique	tbl1.pak	0x016CA464	0x016CA5B0	Freeza Shop	弗利萨商店	utf16
3864	commented_ambiguous	tbl1.pak	0x0180A9BA		Frieza Residual's Base	弗利萨残党的基地	hits=6
3865	commented_ambiguous	tbl1.pak	0x0180BFBA		Frieza's Remnants Invasion	弗利萨残党入侵	hits=5
3866	commented_ambiguous	tbl1.pak	0x0180BFF4		Frieza's Pit	弗利萨深坑	hits=2
3867	commented_ambiguous	tbl1.pak	0x0180C05E		Frieza's Remnants HQ	弗利萨残党总部	hits=7
3868	commented_ambiguous	tbl1.pak	0x0180C0EE		Frieza's Great Statue	弗利萨大雕像	hits=2
3869	commented_ambiguous	tbl1.pak	0x0180D7AC		Freeza Spaceship	弗利萨宇宙船	hits=2
3870	relocated_unique	tbl1.pak	0x01822000	0x018221D8	Frieza Residual's Communication Data	弗利萨残党通信资料	utf16
3871	relocated_unique	tbl1.pak	0x0182DDFC	0x0182DFD4	Frieza Residual Party Drink Water	弗利萨残党饮用水	utf16
3872	relocated_unique	tbl1.pak	0x0182EEA6	0x0182F07E	Frieza's Army Confidential File	弗利萨军机密文件	utf16
3873	relocated_unique	tbl1.pak	0x0183A470	0x0183A648	Notes from Frieza's Army.	弗利萨军的笔记。	utf16
3874	commented_ambiguous	tbl1.pak	0x018CA83C		Emperor Frieza	弗利萨皇帝	hits=2
3875	kept_valid	tbl1.pak	0x008C489D	0x008C489D	FreezaFragCapsule	弗利萨碎片胶囊	utf16
3876	kept_valid	tbl1.pak	0x011FDC05	0x011FDC05	FreezatoGolden	弗利萨变黄金	utf16
3877	kept_valid	tbl1.pak	0x011FDD61	0x011FDD61	1FreezaSkill	1弗利萨技能	utf16
3878	kept_valid	tbl1.pak	0x011FDEBD	0x011FDEBD	2FreezaSkill	2弗利萨技能	utf16
3879	relocated_unique	tbl1.pak	0x012DFFB5	0x012E0061	Frieza's Army Military Rations	弗利萨军军粮	utf16
3880	relocated_unique	tbl1.pak	0x012E03BB	0x012E0467	Frieza's Army Superior Mineral Water	弗利萨军高级矿泉水	utf16
3881	commented_ambiguous	tbl1.pak	0x0140332D		Freeza Pet	弗利萨宠物	hits=4
3882	relocated_unique	tbl1.pak	0x01403347	0x014033F3	Final Freeza Pet	最终弗利萨宠物	utf16
3883	relocated_unique	tbl1.pak	0x0140336D	0x01403419	Kimono Freeza Pet	和服弗利萨宠物	utf16
3884	relocated_unique	tbl1.pak	0x01403395	0x01403441	Golden Freeza Pet	黄金弗利萨宠物	utf16
3885	commented_ambiguous	tbl1.pak	0x015EE8ED		Frieza Head (Mecha)	弗利萨头(机械)	hits=2
3886	commented_ambiguous	tbl1.pak	0x015EE919		Imitation of Frieza	弗利萨仿制品	hits=18
3887	commented_ambiguous	tbl1.pak	0x015EE9B5		Frieza Head (Final Form)	弗利萨头(最终形态)	hits=2
3888	commented_ambiguous	tbl1.pak	0x015EEA87		Frieza Head (3rd Form)	弗利萨头(第三形态)	hits=2
3889	commented_ambiguous	tbl1.pak	0x015EEB55		Frieza Head (2nd Form)	弗利萨头(第二形态)	hits=2
3890	commented_ambiguous	tbl1.pak	0x015F010F		Frieza Dogi (Mecha)	弗利萨时装(机械)	hits=2
3891	commented_ambiguous	tbl1.pak	0x015F013B		Imitation of Mecha Frieza	机械弗利萨仿制品	hits=2
3892	commented_ambiguous	tbl1.pak	0x015F01DF		Frieza Dogi (Final Form)	弗利萨时装(最终形态)	hits=2
3893	commented_ambiguous	tbl1.pak	0x015F02B1		Frieza Dogi (3rd Form)	弗利萨时装(第三形态)	hits=2
3894	commented_ambiguous	tbl1.pak	0x015F037B		Frieza Dogi (2nd Form)	弗利萨时装(第二形态)	hits=2
3895	relocated_unique	tbl1.pak	0x01621B91	0x01621C3D	Freeza LV1	弗利萨LV1	utf16
3896	relocated_unique	tbl1.pak	0x01621BAB	0x01621C57	Final Freeza LV2	最终弗利萨LV2	utf16
3897	relocated_unique	tbl1.pak	0x01621BD1	0x01621C7D	Kimono Freeza LV3	和服弗利萨LV3	utf16
3898	relocated_unique	tbl1.pak	0x01621BF9	0x01621CA5	Golden Freeza LV4	黄金弗利萨LV4	utf16
3899	relocated_unique	tbl1.pak	0x01653CE3	0x01653D8F	Mecha Freeza Mask	机械弗利萨面具	utf16
3900	relocated_unique	tbl1.pak	0x01653D0B	0x01653DB7	A Part of Mecha Freeza	机械弗利萨的一部分	utf16
3901	commented_ambiguous	tbl1.pak	0x016B8663		Freeza Fragment	弗利萨碎片	hits=2
3902	relocated_unique	tbl1.pak	0x016B8687	0x016B8733	BID Freeza Capsule	BID弗利萨胶囊	utf16
3903	relocated_unique	tbl1.pak	0x016B8901	0x016B89AD	BID Freeza Fragment	BID弗利萨碎片	utf16
3904	relocated_unique	tbl1.pak	0x016DDE1B	0x016DDF67	Frieza's Picked Sniper	弗利萨精选狙击手	utf16
3905	commented_ambiguous	tbl1.pak	0x016F6349		Frieza's Army Signalman	弗利萨军信号兵	hits=3
3906	commented_ambiguous	tbl1.pak	0x016F6D7B		Wandering Frieza's Invader	游荡的弗利萨入侵者	hits=2
3907	commented_ambiguous	tbl1.pak	0x016FA5B9		Frieza's Army Secret Police	弗利萨军秘密警察	hits=2
3908	relocated_unique	tbl1.pak	0x0170A7AB	0x0170A8F7	Hovering Army of Frieza	悬浮的弗利萨军	utf16
3909	relocated_unique	tbl1.pak	0x0170A891	0x0170A9DD	Frieza's Army Plundering Specialist	弗利萨军掠夺专家	utf16
3910	relocated_unique	tbl1.pak	0x0170A93D	0x0170AA89	Frieza's Army Revenant	弗利萨军亡魂	utf16
3911	relocated_unique	tbl1.pak	0x0170BE93	0x0170BFDF	Frieza Assault Robot	弗利萨突击机器人	utf16
3912	relocated_unique	tbl1.pak	0x0170E7D3	0x0170E91F	Frieza Humanoid Battler	弗利萨人形战士	utf16
3913	relocated_unique	tbl1.pak	0x0170EA89	0x0170EBD5	Frieza Real Fighter	弗利萨真实战士	utf16
3914	commented_ambiguous	tbl1.pak	0x0171255B		Frieza (Second Form)	弗利萨(第二形态)	hits=2
3915	relocated_unique	tbl1.pak	0x017125B7	0x01712703	Frieza (Final Form)	弗利萨(最终形态)	utf16
3916	relocated_unique	tbl1.pak	0x0171355F	0x017136AB	Frieza's Intel Scout	弗利萨情报侦察兵	utf16
3917	relocated_unique	tbl1.pak	0x017135D5	0x01713721	Frieza's Guerrilla Sapper	弗利萨游击工兵	utf16
3918	commented_ambiguous	tbl1.pak	0x01713747		Frieza's Guerrilla Robot	弗利萨游击机器人	hits=2
3919	relocated_unique	tbl1.pak	0x01713873	0x017139BF	Frieza's Intel Supply Soldier	弗利萨情报补给兵	utf16
3920	relocated_unique	tbl1.pak	0x017138B3	0x017139FF	Frieza's Field Batter Signalman	弗利萨野战信号兵	utf16
3921	commented_ambiguous	tbl1.pak	0x017138F7		Frieza's Guerrilla Scout	弗利萨游击侦察兵	hits=2
3922	relocated_unique	tbl1.pak	0x01713963	0x01713AAF	Frieza's Intel Battler	弗利萨情报战士	utf16
3923	relocated_unique	tbl1.pak	0x01713995	0x01713AE1	Frieza's Intel Signalman	弗利萨情报信号兵	utf16
3924	commented_ambiguous	tbl1.pak	0x017139CB		Frieza's Field Battle Guerrilla	弗利萨野战游击兵	hits=2
3925	relocated_unique	tbl1.pak	0x01713A53	0x01713B9F	Frieza's Guerrilla Medic	弗利萨游击医疗兵	utf16
3926	relocated_unique	tbl1.pak	0x01713A89	0x01713BD5	Frieza's Intel Patrol	弗利萨情报巡逻兵	utf16
3927	relocated_unique	tbl1.pak	0x01713AB9	0x01713C05	Frieza's Guerrilla Battler	弗利萨游击战士	utf16
3928	relocated_unique	tbl1.pak	0x01713B13	0x01713C5F	Frieza's Battle Assault Team	弗利萨战斗突击队	utf16
3929	commented_ambiguous	tbl1.pak	0x01713E8D		Psychic Freeza	念力弗利萨	hits=2
3930	relocated_unique	tbl1.pak	0x0171462B	0x01714777	Freeza(Final Form)	弗利萨(最终形态)	utf16
3931	commented_ambiguous	tbl1.pak	0x01714655		Golden Freeza	黄金弗利萨	hits=4
3932	relocated_unique	tbl1.pak	0x01714675	0x017147C1	Freeza Soldier	弗利萨士兵	utf16
3933	commented_ambiguous	tbl1.pak	0x0181951D		Frieza's Army Transmitter	弗利萨军发信器	hits=3
3934	relocated_unique	tbl1.pak	0x01819555	0x0181972D	Frieza's Army Radar	弗利萨军雷达	utf16
3935	relocated_unique	tbl1.pak	0x01819581	0x01819759	Frieza's Army Battle Camp	弗利萨军战斗营地	utf16
3936	relocated_unique	tbl1.pak	0x018195B9	0x01819791	Frieza's Army Mother Ship	弗利萨军母舰	utf16
3937	relocated_unique	tbl1.pak	0x018195F1	0x018197C9	Frieza's Army Scouter Plane	弗利萨军侦察机	utf16
3938	commented_ambiguous	tbl1.pak	0x0181AF87		Frieza's Army Computer	弗利萨军电脑	hits=2
3939	relocated_unique	tbl1.pak	0x0181AFB9	0x0181B191	Frieza's Army Oil Tank	弗利萨军油箱	utf16
3940	relocated_unique	tbl1.pak	0x0181B3A1	0x0181B579	Frieza's Army Repair Box	弗利萨军修理箱	utf16
3941	relocated_unique	tbl1.pak	0x0181B3D7	0x0181B5AF	Frieza's Army Spaceship	弗利萨军宇宙船	utf16
3942	relocated_unique	tbl1.pak	0x0181B43B	0x0181B613	Frieza's Army First-Aid Box	弗利萨军急救箱	utf16
3943	relocated_unique	tbl1.pak	0x0181C4F5	0x0181C6CD	Prison of Frieza's Army	弗利萨军监狱	utf16
3944	relocated_unique	tbl1.pak	0x01861D7F	0x01861F57	Frieza's DNA	弗利萨DNA	utf16
3945	relocated_unique	tbl1.pak	0x0186652F	0x01866707	Frieza's Army UFO Engine	弗利萨军UFO引擎	utf16
3946	commented_ambiguous	tbl1.pak	0x01866565		Frieza's Army Teleporter	弗利萨军传送器	hits=2
3947	commented_ambiguous	tbl1.pak	0x018665D3		Frieza's Army Mothership	弗利萨军母舰	hits=3
3948	relocated_unique	tbl1.pak	0x01868EB7	0x0186908F	Frieza's Planet	弗利萨行星	utf16
3949	commented_ambiguous	tbl1.pak	0x018CABEF		BID5 Freeza Invasion	BID5弗利萨入侵	hits=2
3952	kept_wildcard	tbl1.pak	*	*	Stun Duration Decrease %d%%	眩晕持续时间减少%d%%	hits=2
3953	kept_wildcard	tbl1.pak	*	*	Skill Lock Duration Decrease %d%%	技能锁定持续时间减少%d%%	hits=2
