source_text_sample	source_hash	occurrences	surface_count	surfaces	locations	manual_translations
@	9a78211436f6	109934	2	lang0,taiwan	taiwan:local_data.dat:DST_STATUS_TOOLTIP_ATTACK_RATING | taiwan:local_data.dat:DST_STATUS_TOOLTIP_DEFENCE_BLEED | taiwan:local_data.dat:DST_STATUS_TOOLTIP_DEFENCE_DEFENCE | taiwan:local_data.dat:DST_STATUS_TOOLTIP_DEFENCE_POISON | taiwan:local_data.dat:DST_STATUS_TOOLTIP_DEFENCE_STOMCHACHE | taiwan:local_data.dat:DST_STATUS_TOOLTIP_DODGE_RATING | taiwan:local_data.dat:DST_STATUS_TOOLTIP_ENERGY_ATTACK | taiwan:local_data.dat:DST_STATUS_TOOLTIP_ENERGY_CRITICAL | taiwan:local_data.dat:DST_STATUS_TOOLTIP_ENERGY_DEFENCE | taiwan:local_data.dat:DST_STATUS_TOOLTIP_PHYSICAL_ATTACK | taiwan:local_data.dat:DST_STATUS_TOOLTIP_PHYSICAL_CRITICAL | taiwan:local_data.dat:DST_STATUS_TOOLTIP_PHYSICAL_DEFENCE | taiwan:table_quest_text_data.rdf:106 | taiwan:table_quest_text_data.rdf:110 | taiwan:table_quest_text_data.rdf:113 | taiwan:table_quest_text_data.rdf:116 | taiwan:table_quest_text_data.rdf:117 | taiwan:table_quest_text_data.rdf:118 | taiwan:table_quest_text_data.rdf:119 | taiwan:table_quest_text_data.rdf:125 | taiwan:table_quest_text_data.rdf:126 | taiwan:table_quest_text_data.rdf:127 | taiwan:table_quest_text_data.rdf:128 | taiwan:table_quest_text_data.rdf:129	命中率 [taiwan:local_data.dat:DST_STATUS_TOOLTIP_ATTACK_RATING] | 回避率 [taiwan:local_data.dat:DST_STATUS_TOOLTIP_DODGE_RATING]
Item box	a238ecdfbb85	200	2	lang0,tbl	lang0:lang0.pak:DST_MOB_TYPE_ITEM_BOX | tbl:tbl1.pak:0x016D2309 | tbl:tbl1.pak:0x016D231F | tbl:tbl1.pak:0x016D2335 | tbl:tbl1.pak:0x016D234B | tbl:tbl1.pak:0x016D2361 | tbl:tbl1.pak:0x016D2377 | tbl:tbl1.pak:0x016D238D | tbl:tbl1.pak:0x016D23A3 | tbl:tbl1.pak:0x016D23B9 | tbl:tbl1.pak:0x016D23CF | tbl:tbl1.pak:0x016D23E5 | tbl:tbl1.pak:0x016D23FB | tbl:tbl1.pak:0x016D2411 | tbl:tbl1.pak:0x016D2427 | tbl:tbl1.pak:0x016D243D | tbl:tbl1.pak:0x016D2453 | tbl:tbl1.pak:0x016D2469 | tbl:tbl1.pak:0x016D247F | tbl:tbl1.pak:0x016D2495 | tbl:tbl1.pak:0x016D24AB | tbl:tbl1.pak:0x016D24C1 | tbl:tbl1.pak:0x016D24D7 | tbl:tbl1.pak:0x016D24ED	
Accessories	f3b50cd53cc4	54	2	lang0,tbl	lang0:lang0.pak:DST_SCOUTER_PC_VIEWER_ACCESARY | tbl:tbl1.pak:0x016C330E | tbl:tbl1.pak:0x016C3358 | tbl:tbl1.pak:0x016C33A2 | tbl:tbl1.pak:0x016C345A | tbl:tbl1.pak:0x016C3D2E | tbl:tbl1.pak:0x016C3D78 | tbl:tbl1.pak:0x016C3DC2 | tbl:tbl1.pak:0x016C3E0C | tbl:tbl1.pak:0x016C41F4 | tbl:tbl1.pak:0x016C423E | tbl:tbl1.pak:0x016C4288 | tbl:tbl1.pak:0x016C434C | tbl:tbl1.pak:0x016C4758 | tbl:tbl1.pak:0x016C47A2 | tbl:tbl1.pak:0x016C47EC | tbl:tbl1.pak:0x016C488A | tbl:tbl1.pak:0x016C5254 | tbl:tbl1.pak:0x016C529E | tbl:tbl1.pak:0x016C52E8 | tbl:tbl1.pak:0x016C53F6 | tbl:tbl1.pak:0x016C5440 | tbl:tbl1.pak:0x016C548A | tbl:tbl1.pak:0x016C5BFE	
Cell Armor (Pants)	848921ffa454	47	2	taiwan,tbl	taiwan:table_text_all_data.rdf:3:111600810:0 | taiwan:table_text_all_data.rdf:3:111600840:0 | taiwan:table_text_all_data.rdf:3:111600870:0 | tbl:tbl1.pak:0x014BD361 | tbl:tbl1.pak:0x014BFC6B | tbl:tbl1.pak:0x014C0BD1 | tbl:tbl1.pak:0x014C218B | tbl:tbl1.pak:0x014C30C7 | tbl:tbl1.pak:0x014C4C69 | tbl:tbl1.pak:0x014C5B81 | tbl:tbl1.pak:0x014C7571 | tbl:tbl1.pak:0x014C84D7 | tbl:tbl1.pak:0x014C9A91 | tbl:tbl1.pak:0x014CA9CD | tbl:tbl1.pak:0x014CC56D | tbl:tbl1.pak:0x014CD485 | tbl:tbl1.pak:0x014CE40F | tbl:tbl1.pak:0x014CF375 | tbl:tbl1.pak:0x014D02D5 | tbl:tbl1.pak:0x014D1211 | tbl:tbl1.pak:0x014D214D | tbl:tbl1.pak:0x014D3065 | tbl:tbl1.pak:0x014D4A55 | tbl:tbl1.pak:0x014D59BB	沙鲁盔甲(裤子) [taiwan:table_text_all_data.rdf:3:111600810:0] | 沙鲁盔甲(裤子) [taiwan:table_text_all_data.rdf:3:111600840:0] | 沙鲁盔甲(裤子) [taiwan:table_text_all_data.rdf:3:111600870:0]
Cell Armor (Shoes)	701ba91a2894	47	2	taiwan,tbl	taiwan:table_text_all_data.rdf:3:111600820:0 | taiwan:table_text_all_data.rdf:3:111600850:0 | taiwan:table_text_all_data.rdf:3:111600880:0 | tbl:tbl1.pak:0x014BD393 | tbl:tbl1.pak:0x014BFC9D | tbl:tbl1.pak:0x014C0C03 | tbl:tbl1.pak:0x014C21BD | tbl:tbl1.pak:0x014C30F9 | tbl:tbl1.pak:0x014C4C9B | tbl:tbl1.pak:0x014C5BB3 | tbl:tbl1.pak:0x014C75A3 | tbl:tbl1.pak:0x014C8509 | tbl:tbl1.pak:0x014C9AC3 | tbl:tbl1.pak:0x014CA9FF | tbl:tbl1.pak:0x014CC59F | tbl:tbl1.pak:0x014CD4B7 | tbl:tbl1.pak:0x014CE441 | tbl:tbl1.pak:0x014CF3A7 | tbl:tbl1.pak:0x014D0307 | tbl:tbl1.pak:0x014D1243 | tbl:tbl1.pak:0x014D217F | tbl:tbl1.pak:0x014D3097 | tbl:tbl1.pak:0x014D4A87 | tbl:tbl1.pak:0x014D59ED	沙鲁盔甲(鞋子) [taiwan:table_text_all_data.rdf:3:111600820:0] | 沙鲁盔甲(鞋子) [taiwan:table_text_all_data.rdf:3:111600850:0] | 沙鲁盔甲(鞋子) [taiwan:table_text_all_data.rdf:3:111600880:0]
Cell Armor (Top)	440672b621e0	47	2	taiwan,tbl	taiwan:table_text_all_data.rdf:3:111600800:0 | taiwan:table_text_all_data.rdf:3:111600830:0 | taiwan:table_text_all_data.rdf:3:111600860:0 | tbl:tbl1.pak:0x014BD333 | tbl:tbl1.pak:0x014BFC3D | tbl:tbl1.pak:0x014C0BA3 | tbl:tbl1.pak:0x014C215D | tbl:tbl1.pak:0x014C3099 | tbl:tbl1.pak:0x014C4C3B | tbl:tbl1.pak:0x014C5B53 | tbl:tbl1.pak:0x014C7543 | tbl:tbl1.pak:0x014C84A9 | tbl:tbl1.pak:0x014C9A63 | tbl:tbl1.pak:0x014CA99F | tbl:tbl1.pak:0x014CC53F | tbl:tbl1.pak:0x014CD457 | tbl:tbl1.pak:0x014CE3E1 | tbl:tbl1.pak:0x014CF347 | tbl:tbl1.pak:0x014D02A7 | tbl:tbl1.pak:0x014D11E3 | tbl:tbl1.pak:0x014D211F | tbl:tbl1.pak:0x014D3037 | tbl:tbl1.pak:0x014D4A27 | tbl:tbl1.pak:0x014D598D	沙鲁盔甲(上衣) [taiwan:table_text_all_data.rdf:3:111600800:0] | 沙鲁盔甲(上衣) [taiwan:table_text_all_data.rdf:3:111600830:0] | 沙鲁盔甲(上衣) [taiwan:table_text_all_data.rdf:3:111600860:0]
Scouter	8bcb090d6225	42	3	lang0,taiwan,tbl	taiwan:local_data.dat:DST_EQUIP_SLOT_TYPE_SCOUTER | lang0:lang0.pak:DST_EQUIP_SLOT_TYPE_SCOUTER | lang0:lang0.pak:DST_MARKET_SCOUTER | lang0:lang0.pak:DST_OPTION_CONTROL_ACTION_WINDOW_SCOUTER | lang0:lang0.pak:DST_SCOUTER_SCOUTER_NAME | tbl:tbl1.pak:0x016C34F0 | tbl:tbl1.pak:0x016C3504 | tbl:tbl1.pak:0x016C3E56 | tbl:tbl1.pak:0x016C3E6A | tbl:tbl1.pak:0x016C43E2 | tbl:tbl1.pak:0x016C43F6 | tbl:tbl1.pak:0x016C4920 | tbl:tbl1.pak:0x016C4934 | tbl:tbl1.pak:0x016C5568 | tbl:tbl1.pak:0x016C557C | tbl:tbl1.pak:0x016C5590 | tbl:tbl1.pak:0x016C5FA4 | tbl:tbl1.pak:0x016C5FB8 | tbl:tbl1.pak:0x016C5FCC | tbl:tbl1.pak:0x016C5FE0 | tbl:tbl1.pak:0x016C6958 | tbl:tbl1.pak:0x016C696C | tbl:tbl1.pak:0x016C7EC2 | tbl:tbl1.pak:0x016C7ED6	探测器 [taiwan:local_data.dat:DST_EQUIP_SLOT_TYPE_SCOUTER] | 史考特 [lang0:lang0.pak:DST_EQUIP_SLOT_TYPE_SCOUTER] | 史考特 [lang0:lang0.pak:DST_OPTION_CONTROL_ACTION_WINDOW_SCOUTER] | 史考特 [lang0:lang0.pak:DST_MARKET_SCOUTER]
Cancel	77dfd2135f4d	35	3	lang0,taiwan,tbl	taiwan:local_data.dat:DST_DRAGONBALL_SCRAMBLE_CONFIRM_CANCEL | lang0:lang0.pak:DST_BUDOKAI_REQ_BUTTON_CANCEL | lang0:lang0.pak:DST_CCBD_AGREE_CANCEL_ENTER | lang0:lang0.pak:DST_DOJO_SCRAMBLE_ACCEPT_CHALLENGE_CANCEL_BTN | lang0:lang0.pak:DST_DRAGONBALL_SCRAMBLE_CONFIRM_CANCEL | lang0:lang0.pak:DST_HLS_CONFIRM_BTN_CANCEL | lang0:lang0.pak:DST_ITEMUPGRADE_BTN_CANCEL | lang0:lang0.pak:DST_LOBBY_CANCLE | lang0:lang0.pak:DST_LOBBY_CANCLE2 | lang0:lang0.pak:DST_MARKET_SELL_NOT | lang0:lang0.pak:DST_MSG_BTN_CANCEL | lang0:lang0.pak:DST_OPTION_CANCEL | lang0:lang0.pak:DST_OPTION_CONTROL_ACTION_GLOBAL_CANCLE | lang0:lang0.pak:DST_PARTY_ROLE_CANCEL | lang0:lang0.pak:DST_POPUPMENU_CANCEL | lang0:lang0.pak:DST_PRIVATESHOP_BUSINESS_TRADEBOX_CANCEL | lang0:lang0.pak:DST_QUEST_CANCEL_BTN | lang0:lang0.pak:DST_RB_BTN_CANCEL | lang0:lang0.pak:DST_RB_CANCEL | lang0:lang0.pak:DST_TREASURECANCEL | tbl:tbl0.pak:0x00D60192 | tbl:tbl0.pak:0x00D603F0 | tbl:tbl0.pak:0x00D60650 | tbl:tbl0.pak:0x00D609E2	取消 [lang0:lang0.pak:DST_LOBBY_CANCLE] | 取消 [lang0:lang0.pak:DST_LOBBY_CANCLE2] | 取消 [lang0:lang0.pak:DST_MSG_BTN_CANCEL] | 取消 [lang0:lang0.pak:DST_OPTION_CANCEL] | 取消 [lang0:lang0.pak:DST_OPTION_CONTROL_ACTION_GLOBAL_CANCLE] | 取消 [lang0:lang0.pak:DST_POPUPMENU_CANCEL] | 取消 [lang0:lang0.pak:DST_MARKET_SELL_NOT]
Event Items	c54155196347	29	3	lang0,taiwan,tbl	taiwan:local_data.dat:DST_OPTION_DROPFILTER_JUNK | lang0:lang0.pak:DST_EVENT_ITEM | lang0:lang0.pak:DST_OPTION_DROPFILTER_JUNK | tbl:tbl1.pak:0x01802FE9 | tbl:tbl1.pak:0x01803005 | tbl:tbl1.pak:0x01803021 | tbl:tbl1.pak:0x0180303D | tbl:tbl1.pak:0x01803059 | tbl:tbl1.pak:0x01803075 | tbl:tbl1.pak:0x01803091 | tbl:tbl1.pak:0x018030AD | tbl:tbl1.pak:0x018030C9 | tbl:tbl1.pak:0x018030E5 | tbl:tbl1.pak:0x01803101 | tbl:tbl1.pak:0x0180311D | tbl:tbl1.pak:0x01803139 | tbl:tbl1.pak:0x01803155 | tbl:tbl1.pak:0x01803171 | tbl:tbl1.pak:0x0180318D | tbl:tbl1.pak:0x018031A9 | tbl:tbl1.pak:0x018031C5 | tbl:tbl1.pak:0x018031E1 | tbl:tbl1.pak:0x018031FD | tbl:tbl1.pak:0x01803219	活动物品 [lang0:lang0.pak:DST_OPTION_DROPFILTER_JUNK]
Gloves	1fb2c11ac7e2	23	2	lang0,tbl	lang0:lang0.pak:DST_GLOVE | tbl:tbl0.pak:0x0128455F | tbl:tbl1.pak:0x016C326A | tbl:tbl1.pak:0x016C3404 | tbl:tbl1.pak:0x016C3C6A | tbl:tbl1.pak:0x016C4144 | tbl:tbl1.pak:0x016C42EA | tbl:tbl1.pak:0x016C46B6 | tbl:tbl1.pak:0x016C4836 | tbl:tbl1.pak:0x016C5332 | tbl:tbl1.pak:0x016C5C92 | tbl:tbl1.pak:0x016C5E34 | tbl:tbl1.pak:0x016C66A0 | tbl:tbl1.pak:0x016C67AE | tbl:tbl1.pak:0x016C74F0 | tbl:tbl1.pak:0x016C775C | tbl:tbl1.pak:0x016C79B8 | tbl:tbl1.pak:0x016C7BB2 | tbl:tbl1.pak:0x016C8E66 | tbl:tbl1.pak:0x016C94C0 | tbl:tbl1.pak:0x016C9C88 | tbl:tbl1.pak:0x0147F1A9 | tbl:tbl1.pak:0x0186328D	
Earring	78569bec2913	18	3	lang0,taiwan,tbl	taiwan:local_data.dat:DST_EQUIP_SLOT_TYPE_EARRING | lang0:lang0.pak:DST_EQUIP_SLOT_TYPE_EARRING | tbl:tbl1.pak:0x016C990A | tbl:tbl1.pak:0x016C9972 | tbl:tbl1.pak:0x016C99DA | tbl:tbl1.pak:0x016C9A42 | tbl:tbl1.pak:0x016C9AAA | tbl:tbl1.pak:0x013A3433 | tbl:tbl1.pak:0x013A34A5 | tbl:tbl1.pak:0x013A3517 | tbl:tbl1.pak:0x013A3589 | tbl:tbl1.pak:0x013A35FB | tbl:tbl1.pak:0x013A366D | tbl:tbl1.pak:0x0186348F | tbl:tbl1.pak:0x0186F41B | tbl:tbl1.pak:0x0186F481 | tbl:tbl1.pak:0x0186F4E3 | tbl:tbl1.pak:0x0186F549	耳环 [taiwan:local_data.dat:DST_EQUIP_SLOT_TYPE_EARRING] | 耳环 [lang0:lang0.pak:DST_EQUIP_SLOT_TYPE_EARRING]
Featuring Naruto.	b13285b7cce5	17	2	taiwan,tbl	taiwan:table_text_all_data.rdf:3:111700193:0 | tbl:tbl1.pak:0x012D8F75 | tbl:tbl1.pak:0x015D3FB5 | tbl:tbl1.pak:0x015E8D07 | tbl:tbl1.pak:0x0162A7F7 | tbl:tbl1.pak:0x0162A965 | tbl:tbl1.pak:0x0162B703 | tbl:tbl1.pak:0x0162B74F | tbl:tbl1.pak:0x0162BB6D | tbl:tbl1.pak:0x0162BB95 | tbl:tbl1.pak:0x0162BBBD | tbl:tbl1.pak:0x0162C74F | tbl:tbl1.pak:0x0162CA8B | tbl:tbl1.pak:0x016878A7 | tbl:tbl1.pak:0x016878F9 | tbl:tbl1.pak:0x0168A63F | tbl:tbl1.pak:0x016914AB	
Sub Weapon	ffe8c8e988c7	17	3	lang0,taiwan,tbl	taiwan:local_data.dat:DST_EQUIP_SLOT_TYPE_SUB_WEAPON | lang0:lang0.pak:DST_EQUIP_SLOT_TYPE_SUB_WEAPON | lang0:lang0.pak:DST_MARKET_SUBWEAPON | tbl:tbl1.pak:0x016C3C8C | tbl:tbl1.pak:0x016C5354 | tbl:tbl1.pak:0x016C55E8 | tbl:tbl1.pak:0x016C5CB4 | tbl:tbl1.pak:0x016C5E56 | tbl:tbl1.pak:0x016C6080 | tbl:tbl1.pak:0x016C66C2 | tbl:tbl1.pak:0x016C67D0 | tbl:tbl1.pak:0x016C7F38 | tbl:tbl1.pak:0x016C8036 | tbl:tbl1.pak:0x016C8134 | tbl:tbl1.pak:0x016C8232 | tbl:tbl1.pak:0x016C9CAA | tbl:tbl1.pak:0x016C9D74	副武器 [lang0:lang0.pak:DST_EQUIP_SLOT_TYPE_SUB_WEAPON] | 副武器 [lang0:lang0.pak:DST_MARKET_SUBWEAPON]
Weapon	ead533685e26	17	3	lang0,taiwan,tbl	taiwan:local_data.dat:DST_EQUIP_SLOT_TYPE_HAND | lang0:lang0.pak:DST_EQUIP_SLOT_TYPE_HAND | lang0:lang0.pak:DST_MARKET_WEAPON | lang0:lang0.pak:DST_SCOUTER_PC_VIEWER_WEAPON | tbl:tbl1.pak:0x016C3526 | tbl:tbl1.pak:0x016C3580 | tbl:tbl1.pak:0x016C35DA | tbl:tbl1.pak:0x016C4432 | tbl:tbl1.pak:0x016C4970 | tbl:tbl1.pak:0x016C68E4 | tbl:tbl1.pak:0x016C7F26 | tbl:tbl1.pak:0x016C8024 | tbl:tbl1.pak:0x016C8122 | tbl:tbl1.pak:0x016C8220 | tbl:tbl1.pak:0x016C978C | tbl:tbl1.pak:0x016C9C56 | tbl:tbl1.pak:0x0186327B	武器 [taiwan:local_data.dat:DST_EQUIP_SLOT_TYPE_HAND] | 主武器 [lang0:lang0.pak:DST_EQUIP_SLOT_TYPE_HAND] | 武器 [lang0:lang0.pak:DST_MARKET_WEAPON]
Created by Ryo, Kunay, Takashi and Tobi	1b28d14fd082	16	2	taiwan,tbl	taiwan:table_text_all_data.rdf:3:99171:0 | taiwan:table_text_all_data.rdf:3:99172:0 | taiwan:table_text_all_data.rdf:3:99173:0 | taiwan:table_text_all_data.rdf:3:99174:0 | taiwan:table_text_all_data.rdf:3:99176:0 | taiwan:table_text_all_data.rdf:3:99178:0 | taiwan:table_text_all_data.rdf:3:99180:0 | taiwan:table_text_all_data.rdf:3:99181:0 | tbl:tbl1.pak:0x012D9F0B | tbl:tbl1.pak:0x012D9F5F | tbl:tbl1.pak:0x012D9FB3 | tbl:tbl1.pak:0x012DA007 | tbl:tbl1.pak:0x012DA0C7 | tbl:tbl1.pak:0x012DA127 | tbl:tbl1.pak:0x012DA209 | tbl:tbl1.pak:0x012DA25D	
Not in use	99ce9af38e30	15	2	taiwan,tbl	taiwan:table_text_all_data.rdf:6:2412501:0 | taiwan:table_text_all_data.rdf:6:3222101:0 | taiwan:table_text_all_data.rdf:6:3241101:0 | taiwan:table_text_all_data.rdf:6:4371308:0 | taiwan:table_text_all_data.rdf:6:4511604:0 | taiwan:table_text_all_data.rdf:6:6313101:0 | taiwan:table_text_all_data.rdf:6:7073101:0 | taiwan:table_text_all_data.rdf:6:7134101:0 | taiwan:table_text_all_data.rdf:6:8032102:0 | taiwan:table_text_all_data.rdf:6:8511110:0 | tbl:tbl1.pak:0x0172CAE8 | tbl:tbl1.pak:0x0172CB12 | tbl:tbl1.pak:0x017347D0 | tbl:tbl1.pak:0x0173526A | tbl:tbl1.pak:0x01735D6C	
Colossus	ce1c631db455	14	2	taiwan,tbl	taiwan:table_text_all_data.rdf:3:5170070:0 | taiwan:table_text_all_data.rdf:3:5570070:0 | taiwan:table_text_all_data.rdf:3:5970070:0 | taiwan:table_text_all_data.rdf:3:6770070:0 | taiwan:table_text_all_data.rdf:3:7570030:0 | taiwan:table_text_all_data.rdf:3:7572530:0 | taiwan:table_text_all_data.rdf:3:7575030:0 | tbl:tbl1.pak:0x01368C25 | tbl:tbl1.pak:0x013B8BA7 | tbl:tbl1.pak:0x01401BCF | tbl:tbl1.pak:0x0148D4C5 | tbl:tbl1.pak:0x014FBAE5 | tbl:tbl1.pak:0x014FBBA3 | tbl:tbl1.pak:0x014FBC61	
Krillin	a100b970f280	14	2	taiwan,tbl	taiwan:table_text_all_data.rdf:5:44982101:0 | tbl:tbl1.pak:0x0172D86A | tbl:tbl1.pak:0x0172D87E | tbl:tbl1.pak:0x0172D892 | tbl:tbl1.pak:0x0172D8A6 | tbl:tbl1.pak:0x0172D8BA | tbl:tbl1.pak:0x0172D8CE | tbl:tbl1.pak:0x0172D8E2 | tbl:tbl1.pak:0x0172D8F6 | tbl:tbl1.pak:0x0172D90A | tbl:tbl1.pak:0x0172D91E | tbl:tbl1.pak:0x0172D932 | tbl:tbl1.pak:0x0177896C | tbl:tbl1.pak:0x017133A7	克林 [taiwan:table_text_all_data.rdf:5:44982101:0] | 克林 [tbl:tbl1.pak:*]
KAME HOUSE	7d9f41e24ea2	13	2	taiwan,tbl	taiwan:table_text_all_data.rdf:10:100131000:0 | taiwan:table_text_all_data.rdf:10:100132001:0 | taiwan:table_text_all_data.rdf:10:100161000:0 | taiwan:table_text_all_data.rdf:10:100161010:0 | taiwan:table_text_all_data.rdf:10:100161011:0 | taiwan:table_text_all_data.rdf:10:100170000:0 | tbl:tbl1.pak:0x0180D1A8 | tbl:tbl1.pak:0x0180D1E6 | tbl:tbl1.pak:0x0180D846 | tbl:tbl1.pak:0x0180D860 | tbl:tbl1.pak:0x0180D87A | tbl:tbl1.pak:0x0180DA18 | tbl:tbl1.pak:0x019D0316	
0	b6589fc6ab0d	11	2	lang0,taiwan	taiwan:table_text_all_data.rdf:5:9991107:0 | taiwan:table_text_all_data.rdf:5:9991108:0 | taiwan:table_text_all_data.rdf:5:9991109:0 | taiwan:table_text_all_data.rdf:5:9994110:0 | taiwan:table_text_all_data.rdf:5:9994111:0 | taiwan:table_text_all_data.rdf:5:9995107:0 | taiwan:table_text_all_data.rdf:5:9995108:0 | taiwan:table_text_all_data.rdf:5:9995109:0 | taiwan:table_text_all_data.rdf:5:9995112:0 | taiwan:table_text_all_data.rdf:6:27312010:0 | lang0:lang0.pak:DST_ITEMUPGRADE_INFO_HOIPOI_SLOT_EMPTY_LINE2_2	
GBT-Hope	16682ec0602a	11	2	taiwan,tbl	taiwan:table_text_all_data.rdf:6:2413107:0 | taiwan:table_text_all_data.rdf:6:2413109:0 | taiwan:table_text_all_data.rdf:6:2413114:0 | taiwan:table_text_all_data.rdf:11:347:0 | tbl:tbl1.pak:0x0051561A | tbl:tbl1.pak:0x00515A72 | tbl:tbl1.pak:0x0051654E | tbl:tbl1.pak:0x01727572 | tbl:tbl1.pak:0x017275A2 | tbl:tbl1.pak:0x01727626 | tbl:tbl1.pak:0x0181A957	
ok	7a85f4764bbd	11	2	lang0,taiwan	taiwan:table_text_all_data.rdf:1:100002:0 | lang0:lang0.pak:DST_DBC_ITEM_OK | lang0:lang0.pak:DST_DOJO_SCRAMBLE_ACCEPT_CHALLENGE_OK_BTN | lang0:lang0.pak:DST_DOJO_SCRAMBLE_ASK_CHALLENGE_OK_BTN | lang0:lang0.pak:DST_DOJO_SCRAMBLE_ASK_TELEPORT_OK_BTN | lang0:lang0.pak:DST_HLS_CONFIRM_BTN_OK | lang0:lang0.pak:DST_LOBBY_OK | lang0:lang0.pak:DST_MSG_BTN_OK | lang0:lang0.pak:DST_RB_OK | lang0:lang0.pak:DST_TRADECART_OK | lang0:lang0.pak:DST_TREASUREOK	OK [lang0:lang0.pak:DST_LOBBY_OK] | OK [lang0:lang0.pak:DST_MSG_BTN_OK]
Upgrade	a6f47e00e036	11	3	lang0,taiwan,tbl	taiwan:local_data.dat:DST_DOJO_UPGRADE | lang0:lang0.pak:DST_DOJO_RUN_UPGRADE | lang0:lang0.pak:DST_DOJO_UPGRADE | lang0:lang0.pak:DST_ITEMUPGRADE_BTN_COMPOUND | lang0:lang0.pak:DST_ITEMUPGRADE_EX_CON | lang0:lang0.pak:DST_ITEMUPGRADE_EX_SELECT | lang0:lang0.pak:DST_ITEMUPGRADE_INFOTITLE | lang0:lang0.pak:DST_MARKET_SCOUTER_PART | lang0:lang0.pak:DST_MASCOTEX_SKILLBUTTON | lang0:lang0.pak:DST_MULTIDIALOG_MENU_SMITH_UPGRADE | tbl:tbl1.pak:0x01862121	升级 [taiwan:local_data.dat:DST_DOJO_UPGRADE] | 升级 [lang0:lang0.pak:DST_MARKET_SCOUTER_PART]
KAME HOUSE;	aa613c7a7eed	10	2	taiwan,tbl	taiwan:table_text_all_data.rdf:10:200231000:0 | taiwan:table_text_all_data.rdf:10:200261000:0 | taiwan:table_text_all_data.rdf:10:200261010:0 | taiwan:table_text_all_data.rdf:10:200261011:0 | taiwan:table_text_all_data.rdf:10:200270000:0 | tbl:tbl1.pak:0x01815E4A | tbl:tbl1.pak:0x01816A7E | tbl:tbl1.pak:0x01816A9A | tbl:tbl1.pak:0x01816AB6 | tbl:tbl1.pak:0x01816C9E	
Control	ea1d3df298ca	9	2	lang0,tbl	lang0:lang0.pak:DST_OPTION_CONTROL_TEXT_TITLE | tbl:tbl1.pak:0x017E9685 | tbl:tbl1.pak:0x017E970B | tbl:tbl1.pak:0x017E9791 | tbl:tbl1.pak:0x017E9817 | tbl:tbl1.pak:0x017ED549 | tbl:tbl1.pak:0x017ED5CF | tbl:tbl1.pak:0x017ED655 | tbl:tbl1.pak:0x017ED6DB	控制 [lang0:lang0.pak:DST_OPTION_CONTROL_TEXT_TITLE]
Reward	c7d7652ec6a7	9	2	lang0,taiwan	taiwan:local_data.dat:DST_DWC_REWARD | lang0:lang0.pak:DST_CCBD_REWARD_SELECT_REWARD | lang0:lang0.pak:DST_CCBD_REWARD_STATE_SELECTED_REWARD | lang0:lang0.pak:DST_CCBD_REWARD_TITLE_LAST | lang0:lang0.pak:DST_DWC_REWARD | lang0:lang0.pak:DST_QUESTREWARD_PROB_REWARD | lang0:lang0.pak:DST_QUESTREWARD_TEXT_BASIC | lang0:lang0.pak:DST_QUEST_REWARD_BTN | lang0:lang0.pak:DST_QUEST_REWARD_WINDOW_TITLE	
Skills	e09212c7d3ea	9	2	lang0,tbl	lang0:lang0.pak:DST_MAINMENU_SKILL | lang0:lang0.pak:DST_MASCOTEX_SKILL | lang0:lang0.pak:DST_MULTIDIALOG_MENU_SKILL | lang0:lang0.pak:DST_OPTION_CONTROL_ACTION_WINDOW_SKILL | lang0:lang0.pak:DST_SKILL_NOTYFY_LEARN_SELF_SKILL_TITLE | lang0:lang0.pak:DST_SKILL_WINDOW_TITLE | lang0:lang0.pak:DST_TELEPORT_TYPE_SKILL | tbl:tbl1.pak:0x018634B1 | tbl:tbl1.pak:0x018634C3	技能 [lang0:lang0.pak:DST_MAINMENU_SKILL] | 技能 [lang0:lang0.pak:DST_OPTION_CONTROL_ACTION_WINDOW_SKILL] | 技能 [lang0:lang0.pak:DST_SKILL_WINDOW_TITLE]
Target	61ad50a9b918	9	3	lang0,taiwan,tbl	taiwan:local_data.dat:DST_DWC_TARGET | lang0:lang0.pak:DST_DWC_TARGET | lang0:lang0.pak:DST_OPTION_CONTROL_CATEGORY_TARGET | lang0:lang0.pak:DST_QUEST_TEXT_AIM | lang0:lang0.pak:DST_SKILL_TARGET_AND_RANGE_INFO28 | lang0:lang0.pak:DST_SKILL_TARGET_AND_RANGE_INFO9 | tbl:tbl1.pak:0x016C7E86 | tbl:tbl1.pak:0x01860821 | tbl:tbl1.pak:0x0186791F	目标 [taiwan:local_data.dat:DST_DWC_TARGET] | 目标 [lang0:lang0.pak:DST_SKILL_TARGET_AND_RANGE_INFO9] | 目标 [lang0:lang0.pak:DST_SKILL_TARGET_AND_RANGE_INFO28] | 目标 [lang0:lang0.pak:DST_OPTION_CONTROL_CATEGORY_TARGET]
Teleport	f9f57d40683e	9	2	lang0,tbl	lang0:lang0.pak:DST_MULTIDIALOG_MENU_PORTAL | lang0:lang0.pak:DST_QUICK_TELEPORT | tbl:tbl1.pak:0x017F2A80 | tbl:tbl1.pak:0x0179905F | tbl:tbl1.pak:0x0179907D | tbl:tbl1.pak:0x0179909B | tbl:tbl1.pak:0x017BAFAD | tbl:tbl1.pak:0x017BB04B | tbl:tbl1.pak:0x017BB0E9	
Auction House	4dcdd7d31d86	8	2	lang0,tbl	lang0:lang0.pak:DST_HUD_REMOTE_AUCTION_TOOLTIP | lang0:lang0.pak:DST_MARKET_CONSOLE_MACHINE | lang0:lang0.pak:DST_MARKET_TITLE | tbl:tbl1.pak:0x0186C09C | tbl:tbl1.pak:0x0181CF41 | tbl:tbl1.pak:0x0181CF61 | tbl:tbl1.pak:0x0181CF81 | tbl:tbl1.pak:0x0181CFA1	拍卖行 [lang0:lang0.pak:DST_MARKET_CONSOLE_MACHINE] | 拍卖行 [lang0:lang0.pak:DST_MARKET_TITLE]
Skill Reset Book+	d0a71221165b	8	2	lang0,tbl	lang0:lang0.pak:DST_MARKET_FORGET_BOOKPLUS | tbl:tbl1.pak:0x0135235B | tbl:tbl1.pak:0x0135337D | tbl:tbl1.pak:0x013575B9 | tbl:tbl1.pak:0x01357827 | tbl:tbl1.pak:0x015C129F | tbl:tbl1.pak:0x015D6907 | tbl:tbl1.pak:0x01661145	技能重置书+ [lang0:lang0.pak:DST_MARKET_FORGET_BOOKPLUS]
Transportation	145a070a5177	8	2	lang0,tbl	lang0:lang0.pak:DST_JOB_BUS | tbl:tbl1.pak:0x016C368E | tbl:tbl1.pak:0x016C3ED8 | tbl:tbl1.pak:0x016C4476 | tbl:tbl1.pak:0x016C49B4 | tbl:tbl1.pak:0x016C5624 | tbl:tbl1.pak:0x016C6928 | tbl:tbl1.pak:0x016C982A	
Vending Machine	30b30f0dd0a1	8	2	lang0,tbl	lang0:lang0.pak:DST_JOB_VENDING_MACHINE | lang0:lang0.pak:DST_WORLDMAP_SEARCH_NPC_ITEMBIND | tbl:tbl1.pak:0x01715048 | tbl:tbl1.pak:0x017369DC | tbl:tbl1.pak:0x01736A00 | tbl:tbl1.pak:0x01736A24 | tbl:tbl1.pak:0x01736A48 | tbl:tbl1.pak:0x01736A6C	
Dojo	2dd1f883527b	7	2	lang0,taiwan	taiwan:local_data.dat:DST_DOJO | lang0:lang0.pak:DST_BUDOKAI_NEWS_NOTICE_GUIDE_DOJO_TITLE | lang0:lang0.pak:DST_DOJO | lang0:lang0.pak:DST_GUILD_GYM | lang0:lang0.pak:DST_MARKET_DOJO | lang0:lang0.pak:DST_TELEPORT_TYPE_DOJO | lang0:lang0.pak:DST_WORLDMAP_SEARCH_NPC_DOJO	道场 [lang0:lang0.pak:DST_MARKET_DOJO] | 道场 [lang0:lang0.pak:DST_GUILD_GYM]
Fusion	cdf2e5fcd33e	7	2	lang0,tbl	lang0:lang0.pak:DST_MASCOTEX_FUTIONTITEL | tbl:tbl1.pak:0x0178DC8B | tbl:tbl1.pak:0x017992AB | tbl:tbl1.pak:0x0179FF19 | tbl:tbl1.pak:0x017A5331 | tbl:tbl1.pak:0x017AA691 | tbl:tbl1.pak:0x017B0DC7	
Legendary	b7e8916505bf	7	3	lang0,taiwan,tbl	taiwan:local_data.dat:DST_DWC_CARD_GRADE_05 | lang0:lang0.pak:DST_DWC_CARD_GRADE_05 | lang0:lang0.pak:DST_ITEM_GRADE_LEGENDARY | lang0:lang0.pak:DST_MARKET_LEGENDARYTYPE | lang0:lang0.pak:DST_OPTION_DROPFILTER_LEGENDARY | lang0:lang0.pak:DST_POPUPMENU_PARTY_DUNGEON_LEGENDARY | tbl:tbl1.pak:0x018631D7	传说 [taiwan:local_data.dat:DST_DWC_CARD_GRADE_05] | 传说 [lang0:lang0.pak:DST_ITEM_GRADE_LEGENDARY] | 传说 [lang0:lang0.pak:DST_OPTION_DROPFILTER_LEGENDARY] | 传说 [lang0:lang0.pak:DST_MARKET_LEGENDARYTYPE]
Shenron	ce8b56dc2927	7	2	lang0,tbl	lang0:lang0.pak:DST_SHENRON | tbl:tbl1.pak:0x0173492C | tbl:tbl1.pak:0x01734940 | tbl:tbl1.pak:0x01734954 | tbl:tbl1.pak:0x01734968 | tbl:tbl1.pak:0x0173497C | tbl:tbl1.pak:0x017146AD	
Skill Reset Book	30fd8d8ef5c6	7	2	lang0,tbl	lang0:lang0.pak:DST_MARKET_FORGET_BOOK | tbl:tbl1.pak:0x01353E39 | tbl:tbl1.pak:0x015C13CD | tbl:tbl1.pak:0x015D6A3B | tbl:tbl1.pak:0x015EAE8D | tbl:tbl1.pak:0x01661279 | tbl:tbl1.pak:0x016680D3	技能重置书 [lang0:lang0.pak:DST_MARKET_FORGET_BOOK]
Warrior	945eda39d82d	7	2	lang0,tbl	lang0:lang0.pak:DST_NAMEK_FIGHTER | lang0:lang0.pak:DST_SUPERIOR_WARRIOR | tbl:tbl0.pak:0x01397DF1 | tbl:tbl0.pak:0x0139972D | tbl:tbl1.pak:0x0186BB30 | tbl:tbl1.pak:0x01862E7D | tbl:tbl1.pak:0x01868A17	战士 [lang0:lang0.pak:DST_NAMEK_FIGHTER]
ALL	6b42874e3cd2	6	2	lang0,taiwan	taiwan:local_data.dat:DST_DWC_CARD_GRADE_00 | lang0:lang0.pak:DST_CHAT_MODE_GENERAL | lang0:lang0.pak:DST_DWC_CARD_GRADE_00 | lang0:lang0.pak:DST_MARKET_ALLCATEGORY | lang0:lang0.pak:DST_MARKET_ALLTYPE | lang0:lang0.pak:DST_SKILL_FILTER_ALL	全 [lang0:lang0.pak:DST_MARKET_ALLCATEGORY] | 全 [lang0:lang0.pak:DST_MARKET_ALLTYPE]
Change	64fbd995d3b6	6	2	lang0,tbl	lang0:lang0.pak:DST_MASCOTEX_ROLLBUTTON | lang0:lang0.pak:DST_RANKBOARD_RANKBATTLE_SUBJECT_COMPARE | tbl:tbl1.pak:0x01780EEF | tbl:tbl1.pak:0x01780F01 | tbl:tbl1.pak:0x01780F13 | tbl:tbl1.pak:0x01780F25	
Character	ee9946c82d4a	6	2	lang0,tbl	lang0:lang0.pak:DST_HLS_CONFIRM_GIFT_CHARACTER | lang0:lang0.pak:DST_MAINMENU_STATUS | lang0:lang0.pak:DST_OPTION_CONTROL_ACTION_WINDOW_PROFILE | lang0:lang0.pak:DST_OPTION_CONTROL_CATEGORY_AVATAR | lang0:lang0.pak:DST_STATUS_TAB_AVATAR | tbl:tbl1.pak:0x01867329	角色 [lang0:lang0.pak:DST_STATUS_TAB_AVATAR] | 角色 [lang0:lang0.pak:DST_MAINMENU_STATUS] | 角色 [lang0:lang0.pak:DST_OPTION_CONTROL_ACTION_WINDOW_PROFILE] | 角色 [lang0:lang0.pak:DST_OPTION_CONTROL_CATEGORY_AVATAR]
Charge	d4e1aee46cda	6	2	lang0,tbl	lang0:lang0.pak:DST_COMMERCIAL_REFILL_CASH | lang0:lang0.pak:DST_HLS_CASHCHARGE | lang0:lang0.pak:DST_HLS_CONFIRM_BTN_CASHCHARGE | lang0:lang0.pak:DST_MARKET_SELL_PRICE | lang0:lang0.pak:DST_OPTION_CONTROL_ACTION_AVATAR_CHARGE | tbl:tbl1.pak:0x012CFDD6	蓄气 [lang0:lang0.pak:DST_OPTION_CONTROL_ACTION_AVATAR_CHARGE] | 费用 [lang0:lang0.pak:DST_MARKET_SELL_PRICE]
Costume	431b1337ffb7	6	2	lang0,tbl	lang0:lang0.pak:DST_SCOUTER_PC_VIEWER_COSTUME | tbl:tbl1.pak:0x016C361C | tbl:tbl1.pak:0x016C9CFE | tbl:tbl1.pak:0x016C9DC8 | tbl:tbl1.pak:0x016C9E44 | tbl:tbl1.pak:0x0186295D	
Dragon Clan	90e503aa15f2	6	2	lang0,tbl	lang0:lang0.pak:DST_NAMEK_MYSTIC | tbl:tbl1.pak:0x016C46EE | tbl:tbl1.pak:0x016C486E | tbl:tbl1.pak:0x0186BB44 | tbl:tbl1.pak:0x01862E91 | tbl:tbl1.pak:0x01868A2B	龙族 [lang0:lang0.pak:DST_NAMEK_MYSTIC]
Pet Machine	9eb2fcf7ba2f	6	2	lang0,tbl	lang0:lang0.pak:DST_JOB_MASCOTEX_GAMBLE_MERCHANT | lang0:lang0.pak:DST_JOB_MASCOT_GAMBLE_MERCHANT | tbl:tbl1.pak:0x017278B8 | tbl:tbl1.pak:0x017278D4 | tbl:tbl1.pak:0x017278F0 | tbl:tbl1.pak:0x0172790C	
Please Wait	2cabc9d2a238	6	3	lang0,taiwan,tbl	taiwan:local_data.dat:DST_BUDOKAI_NOTICE_WAIT_GUIDE | lang0:lang0.pak:DST_PARTY_NOTIFY_WAIT_DIVISION | lang0:lang0.pak:DST_PETITION_SIDEVIEW_MESSAGE | lang0:lang0.pak:DST_RB_RESULT_WAIT_TEXT | lang0:lang0.pak:DST_BUDOKAI_NOTICE_WAIT_GUIDE | tbl:tbl0.pak:0x00D5D58D	
Resets	da1a3c80185a	6	2	lang0,taiwan	taiwan:local_data.dat:DST_STATUS_RESETS | taiwan:local_data.dat:DST_LOBBY_CHAR_RESETS | lang0:lang0.pak:DST_LOBBY_CHAR_RESETS | lang0:lang0.pak:DST_RANKBOARD_BOARD_TITLE_PVP | lang0:lang0.pak:DST_RANKBOARD_RANKBATTLE_SUBJECT_POINT | lang0:lang0.pak:DST_STATUS_RESETS	转生 [lang0:lang0.pak:DST_STATUS_RESETS] | 转生 [lang0:lang0.pak:DST_LOBBY_CHAR_RESETS]
Status	bae7d5be7082	6	2	lang0,taiwan	taiwan:local_data.dat:DST_DWC_STATUS | lang0:lang0.pak:DST_CCBD_AGREE_STATE | lang0:lang0.pak:DST_DOJO_INFO_PUBLIC_SECURITY | lang0:lang0.pak:DST_DWC_STATUS | lang0:lang0.pak:DST_LOBBY_STATE | lang0:lang0.pak:DST_STATUS_TAB_MOREINFO	状态 [lang0:lang0.pak:DST_STATUS_TAB_MOREINFO]
West City	d3c746364a12	6	2	lang0,tbl	lang0:lang0.pak:DST_CITYMAP_WESTCITY | tbl:tbl1.pak:0x01807F4E | tbl:tbl1.pak:0x0180B93E | tbl:tbl1.pak:0x0180CFF8 | tbl:tbl1.pak:0x01876D64 | tbl:tbl1.pak:0x01879136	
Attack	1b81f28b5afb	5	2	lang0,tbl	lang0:lang0.pak:DST_DWC_CARD_TARGET_TOOLTIP | lang0:lang0.pak:DST_DWC_STATE_PLAY | lang0:lang0.pak:DST_STATUS_ATTACK | tbl:tbl1.pak:0x016557A7 | tbl:tbl1.pak:0x018603D3	攻击 [lang0:lang0.pak:DST_STATUS_ATTACK]
Class Change	607aa2519cf0	5	2	lang0,tbl	lang0:lang0.pak:DST_QUEST_CAT_JOBCHANGE | lang0:lang0.pak:DST_SIDEICON_HINT_CLASS_CHANGE_TITLE | tbl:tbl1.pak:0x0186BAD2 | tbl:tbl1.pak:0x01654221 | tbl:tbl1.pak:0x01862E41	
Dragon Ball	0e9922e6dc1a	5	2	lang0,tbl	lang0:lang0.pak:DST_QUEST_CAT_DRAGONBALL | lang0:lang0.pak:DST_REVERTED_DRAGONBALL | tbl:tbl1.pak:0x0186264B | tbl:tbl1.pak:0x018626DD | tbl:tbl1.pak:0x018682AB	
Dungeon Manager	0080ea2b9dcc	5	2	lang0,tbl	lang0:lang0.pak:DST_JOB_BATTLE_DUNGEON_MANAGER | tbl:tbl1.pak:0x0172DD3C | tbl:tbl1.pak:0x0172DE00 | tbl:tbl1.pak:0x0172DE24 | tbl:tbl1.pak:0x0172DE48	副本管理机 [lang0:lang0.pak:DST_JOB_BATTLE_DUNGEON_MANAGER]
HTB	cb1f83348587	5	2	lang0,taiwan	taiwan:local_data.dat:DST_SKILL_FILTER_HTB | taiwan:local_data.dat:DST_SKILL_TYPE_HTB | taiwan:table_text_all_data.rdf:13:8015:0 | lang0:lang0.pak:DST_SKILL_FILTER_HTB | lang0:lang0.pak:DST_SKILL_TYPE_HTB	
Item Upgrade	9bef00c25758	5	2	lang0,tbl	lang0:lang0.pak:DST_ITEMUPGRADE_EX_TITLE | lang0:lang0.pak:DST_MULTIDIALOG_MENU_UPGRADE | lang0:lang0.pak:DST_MULTIDIALOG_MENU_UPGRADEEX | tbl:tbl1.pak:0x0186BBC2 | tbl:tbl1.pak:0x01862787	装备强化 [lang0:lang0.pak:DST_MULTIDIALOG_MENU_UPGRADE]
LV.%d	6276de95ae30	5	2	lang0,taiwan	taiwan:local_data.dat:DST_PARTY_MATCHING_DETAIL_INFO_LEVEL | lang0:lang0.pak:DST_ITEM_EQUIP_LEVEL_TEXT | lang0:lang0.pak:DST_ITEM_USE_ITEM_LEVEL_TEXT | lang0:lang0.pak:DST_RB_LEVEL | lang0:lang0.pak:DST_SKILL_LEARN_LEVEL	Lv.%d [lang0:lang0.pak:DST_ITEM_EQUIP_LEVEL_TEXT]
Martial Artist	ae1c7a317ba2	5	2	lang0,tbl	lang0:lang0.pak:DST_HUMAN_FIGHTER | tbl:tbl1.pak:0x01722054 | tbl:tbl1.pak:0x01722076 | tbl:tbl1.pak:0x0186BAF0 | tbl:tbl1.pak:0x01862EAD	武道家 [lang0:lang0.pak:DST_HUMAN_FIGHTER]
Material	d8169782b57c	5	2	lang0,tbl	lang0:lang0.pak:DST_MARKET_STUFF | tbl:tbl1.pak:0x016C3630 | tbl:tbl1.pak:0x016C5514 | tbl:tbl1.pak:0x016C5F8E | tbl:tbl1.pak:0x016C9802	材料 [lang0:lang0.pak:DST_MARKET_STUFF]
Mighty Majin	5873eace4c5e	5	2	lang0,tbl	lang0:lang0.pak:DST_MIGHTY_MAJIN | tbl:tbl1.pak:0x016C40F0 | tbl:tbl1.pak:0x016C410E | tbl:tbl1.pak:0x0186BB60 | tbl:tbl1.pak:0x01862F03	大魔人 [lang0:lang0.pak:DST_MIGHTY_MAJIN]
Options	6bf5da9c080b	5	2	lang0,tbl	lang0:lang0.pak:DST_MAINMENU_OPTION | lang0:lang0.pak:DST_OPTION_CONTROL_ACTION_WINDOW_OPTION | lang0:lang0.pak:DST_OPTION_TITLE | lang0:lang0.pak:DST_PARTYGUI_SWITCH | tbl:tbl1.pak:0x01867E9F	选项 [lang0:lang0.pak:DST_MAINMENU_OPTION] | 选项 [lang0:lang0.pak:DST_OPTION_CONTROL_ACTION_WINDOW_OPTION] | 选项 [lang0:lang0.pak:DST_OPTION_TITLE]
Porunga Rocks	333dcdae292d	5	2	lang0,tbl	lang0:lang0.pak:DST_WORLDMAP_PORUNGAROCKS | tbl:tbl1.pak:0x01809320 | tbl:tbl1.pak:0x0180ADCE | tbl:tbl1.pak:0x018767FA | tbl:tbl1.pak:0x018787B2	
Rare	cce370d2f978	5	2	lang0,taiwan	taiwan:local_data.dat:DST_DWC_CARD_GRADE_04 | lang0:lang0.pak:DST_DWC_CARD_GRADE_04 | lang0:lang0.pak:DST_ITEM_GRADE_RARE | lang0:lang0.pak:DST_MARKET_RARETYPE | lang0:lang0.pak:DST_OPTION_DROPFILTER_RARE	稀有 [taiwan:local_data.dat:DST_DWC_CARD_GRADE_04] | 稀有 [lang0:lang0.pak:DST_ITEM_GRADE_RARE] | 稀有 [lang0:lang0.pak:DST_OPTION_DROPFILTER_RARE] | 稀有 [lang0:lang0.pak:DST_MARKET_RARETYPE]
System	bc0792d8dc81	5	2	lang0,tbl	lang0:lang0.pak:DST_CHAT_MODE_SYSTEM | lang0:lang0.pak:DST_OPTION_CHATTING_ADDED_SYSTEM | lang0:lang0.pak:DST_OPTION_CHATTING_BASIC_SYSTEM | lang0:lang0.pak:DST_OPTION_TAB_SYSTEM | tbl:tbl1.pak:0x01867EB3	系统 [lang0:lang0.pak:DST_OPTION_CHATTING_ADDED_SYSTEM] | 系统 [lang0:lang0.pak:DST_OPTION_CHATTING_BASIC_SYSTEM] | 系统 [lang0:lang0.pak:DST_OPTION_TAB_SYSTEM]
Tenkaichi Budokai	67970339aafc	5	2	lang0,tbl	lang0:lang0.pak:DST_BUDOKAI_SIDEICON_TITLE | lang0:lang0.pak:DST_TELEPORT_TYPE_BUDOKAI | lang0:lang0.pak:DST_WORLDMAP_SEARCH_NPC_RECEPTION | tbl:tbl1.pak:0x0186BFC4 | tbl:tbl1.pak:0x018626B5	
Westland	b6951065da77	5	2	lang0,tbl	lang0:lang0.pak:DST_WORLDMAP_WESTLAND | tbl:tbl1.pak:0x0180B5A6 | tbl:tbl1.pak:0x018763D0 | tbl:tbl1.pak:0x01876AC8 | tbl:tbl1.pak:0x01876ADE	
%d/%d	34ccdd81c294	4	2	lang0,taiwan	taiwan:local_data.dat:DST_PARTY_MATCHING_LIST_MEMBER_COUNT | taiwan:local_data.dat:DST_PARTY_MATCHING_LIST_PAGE_COUNT | lang0:lang0.pak:DST_PARTY_MATCHING_LIST_MEMBER_COUNT | lang0:lang0.pak:DST_PARTY_MATCHING_LIST_PAGE_COUNT	
%s Zeni	d89500f73efb	4	2	lang0,taiwan	taiwan:local_data.dat:DST_DROPITEM_ZENNY | lang0:lang0.pak:DST_DROPITEM_ZENNY | lang0:lang0.pak:DST_INFOWINDOW_ZENNY | lang0:lang0.pak:DST_QUESTREWARD_INFO_ZENNY	%s索尼 [taiwan:local_data.dat:DST_DROPITEM_ZENNY] | %s 索 [lang0:lang0.pak:DST_INFOWINDOW_ZENNY]
%s%%	0291105af6e4	4	2	lang0,taiwan	taiwan:local_data.dat:DST_SUMMER_VACATION_EVENT_SIDEVIEW_PERCENTAGE | taiwan:local_data.dat:DST_DYNAMIC_FIELD_SIDEVIEW_PERCENTAGE | lang0:lang0.pak:DST_DYNAMIC_FIELD_SIDEVIEW_PERCENTAGE | lang0:lang0.pak:DST_SUMMER_VACATION_EVENT_SIDEVIEW_PERCENTAGE	
/c 	5a10b3dd97ac	4	2	lang0,taiwan	taiwan:local_data.dat:DST_CHAT_SHORT_CUT_GUILD_LOCAL_NOTIFY | taiwan:local_data.dat:DST_CHAT_SHORT_CUT_GUILD_NOTIFY | lang0:lang0.pak:DST_CHAT_SHORT_CUT_GUILD_LOCAL_NOTIFY | lang0:lang0.pak:DST_CHAT_SHORT_CUT_GUILD_NOTIFY	
/f	e7f5e8efe19b	4	2	lang0,taiwan	taiwan:local_data.dat:DST_CHAT_SHORT_CUT_FIND_PARTY_LOCAL | taiwan:local_data.dat:DST_CHAT_SHORT_CUT_FIND_PARTY | lang0:lang0.pak:DST_CHAT_SHORT_CUT_FIND_PARTY | lang0:lang0.pak:DST_CHAT_SHORT_CUT_FIND_PARTY_LOCAL	
/g	896568dae4be	4	2	lang0,taiwan	taiwan:local_data.dat:DST_CHAT_SHORT_CUT_GUILD_LOCAL | taiwan:local_data.dat:DST_CHAT_SHORT_CUT_GUILD | lang0:lang0.pak:DST_CHAT_SHORT_CUT_GUILD | lang0:lang0.pak:DST_CHAT_SHORT_CUT_GUILD_LOCAL	
/n	5dd39fbeb802	4	2	lang0,taiwan	taiwan:local_data.dat:DST_CHAT_SHORT_CUT_GENERAL_LOCAL | taiwan:local_data.dat:DST_CHAT_SHORT_CUT_GENERAL | lang0:lang0.pak:DST_CHAT_SHORT_CUT_GENERAL | lang0:lang0.pak:DST_CHAT_SHORT_CUT_GENERAL_LOCAL	
/p	ca85a389d362	4	2	lang0,taiwan	taiwan:local_data.dat:DST_CHAT_SHORT_CUT_PARTY_LOCAL | taiwan:local_data.dat:DST_CHAT_SHORT_CUT_PARTY | lang0:lang0.pak:DST_CHAT_SHORT_CUT_PARTY | lang0:lang0.pak:DST_CHAT_SHORT_CUT_PARTY_LOCAL	
/r	ccd2a96ebe41	4	2	lang0,taiwan	taiwan:local_data.dat:DST_CHAT_SHORT_CUT_LAST_WHISPER_USER_LOCAL | taiwan:local_data.dat:DST_CHAT_SHORT_CUT_LAST_WHISPER_USER | lang0:lang0.pak:DST_CHAT_SHORT_CUT_LAST_WHISPER_USER | lang0:lang0.pak:DST_CHAT_SHORT_CUT_LAST_WHISPER_USER_LOCAL	
/s	f9b05e880934	4	2	lang0,taiwan	taiwan:local_data.dat:DST_CHAT_SHORT_CUT_SHOUT_LOCAL | taiwan:local_data.dat:DST_CHAT_SHORT_CUT_SHOUT | lang0:lang0.pak:DST_CHAT_SHORT_CUT_SHOUT | lang0:lang0.pak:DST_CHAT_SHORT_CUT_SHOUT_LOCAL	
/t	c911669a1fb5	4	2	lang0,taiwan	taiwan:local_data.dat:DST_CHAT_SHORT_CUT_TRADE_LOCAL | taiwan:local_data.dat:DST_CHAT_SHORT_CUT_TRADE | lang0:lang0.pak:DST_CHAT_SHORT_CUT_TRADE | lang0:lang0.pak:DST_CHAT_SHORT_CUT_TRADE_LOCAL	
/w	71a0bcb0142e	4	2	lang0,taiwan	taiwan:local_data.dat:DST_CHAT_SHORT_CUT_WHISPER_LOCAL | taiwan:local_data.dat:DST_CHAT_SHORT_CUT_WHISPER | lang0:lang0.pak:DST_CHAT_SHORT_CUT_WHISPER | lang0:lang0.pak:DST_CHAT_SHORT_CUT_WHISPER_LOCAL	
/z 	a88582796112	4	2	lang0,taiwan	taiwan:local_data.dat:DST_CHAT_SHORT_CUT_PARTY_LOCAL_NOTIFY | taiwan:local_data.dat:DST_CHAT_SHORT_CUT_PARTY_NOTIFY | lang0:lang0.pak:DST_CHAT_SHORT_CUT_PARTY_LOCAL_NOTIFY | lang0:lang0.pak:DST_CHAT_SHORT_CUT_PARTY_NOTIFY	
Common	7de90a65241a	4	3	lang0,taiwan,tbl	taiwan:local_data.dat:DST_DWC_CARD_GRADE_01 | lang0:lang0.pak:DST_DWC_CARD_GRADE_01 | lang0:lang0.pak:DST_OPTION_CHATTING_TITLE_COMMON | tbl:tbl1.pak:0x011AC267	通用 [lang0:lang0.pak:DST_OPTION_CHATTING_TITLE_COMMON]
Dogi	8a3cbc4a85de	4	2	lang0,taiwan	taiwan:local_data.dat:DST_EQUIP_SLOT_TYPE_DOGI | taiwan:table_text_all_data.rdf:4:6001533:0 | lang0:lang0.pak:DST_EQUIP_SLOT_TYPE_DOGI | lang0:lang0.pak:DST_SEWING_KIT_SLOT_COSTUME	时装 [lang0:lang0.pak:DST_EQUIP_SLOT_TYPE_DOGI]
Dragon World Challenge	5217d871e2ad	4	2	lang0,taiwan	taiwan:local_data.dat:DST_DWC_MAIN_TITLE | taiwan:local_data.dat:DST_DWC_TITLE | lang0:lang0.pak:DST_DWC_MAIN_TITLE | lang0:lang0.pak:DST_DWC_TITLE	
Event Coin	f5c70ee5becb	4	2	lang0,tbl	lang0:lang0.pak:DST_HLS_HAVE_EVENTCOIN | tbl:tbl1.pak:0x016843A9 | tbl:tbl1.pak:0x01684421 | tbl:tbl1.pak:0x01685273	
Failed	09fef5d8d9a3	4	2	lang0,tbl	lang0:lang0.pak:DST_QUESTLIST_TIP_FAILD_QUEST | lang0:lang0.pak:DST_RB_SIDE_ENTER_FAIL | lang0:lang0.pak:GAME_CLOSED_BOX_FAIL | tbl:tbl0.pak:0x00D5D7ED	
Fran Fran Desert North	f4139266d3a5	4	2	lang0,tbl	lang0:lang0.pak:DST_WORLDMAP_FRANGFRANG | tbl:tbl1.pak:0x0180A6DC | tbl:tbl1.pak:0x01876738 | tbl:tbl1.pak:0x01876A96	
GBT-Hope01	d0d24009b5ad	4	2	taiwan,tbl	taiwan:table_text_all_data.rdf:6:2413101:0 | tbl:tbl1.pak:0x00514912 | tbl:tbl1.pak:0x00669F56 | tbl:tbl1.pak:0x017274CE	
General	9239ee2cda84	4	3	lang0,taiwan,tbl	taiwan:table_text_all_data.rdf:13:1000:0 | lang0:lang0.pak:DST_STATUS_TECHNIC_HOIPOIMIX_NORMAL_SKILL | tbl:tbl1.pak:0x018602BF | tbl:tbl1.pak:0x01867EC5	将军 [taiwan:table_text_all_data.rdf:13:1000:0]
Giant Insect	e1abf6e2801d	4	2	taiwan,tbl	taiwan:table_text_all_data.rdf:5:12131020:0 | taiwan:table_text_all_data.rdf:5:12131022:0 | tbl:tbl1.pak:0x0170AC8D | tbl:tbl1.pak:0x0170ACC1	
HoiPoi Mine	6f5afbb40c26	4	2	lang0,tbl	lang0:lang0.pak:DST_CITYMAP_DEADMINE | tbl:tbl1.pak:0x0180D02E | tbl:tbl1.pak:0x01879344 | tbl:tbl1.pak:0x01865C89	
HoiPoi Mix	3e1be5449f37	4	2	lang0,tbl	lang0:lang0.pak:DST_HOIPOIMIX_GUI_TITLE | lang0:lang0.pak:DST_OPTION_CONTROL_ACTION_WINDOW_HOIPOIMIX | lang0:lang0.pak:DST_STATUS_TECHNIC_HOIPOIMIX_TITLE | tbl:tbl1.pak:0x0186BD00	合成 [lang0:lang0.pak:DST_OPTION_CONTROL_ACTION_WINDOW_HOIPOIMIX]
KnightZ Earing A Type	70db1d8bd580	4	2	taiwan,tbl	taiwan:table_text_all_data.rdf:3:10111215:0 | tbl:tbl0.pak:0x00E438B9 | tbl:tbl0.pak:0x00E48BD9 | tbl:tbl1.pak:0x015A9C63	
KnightZ Necklace	6a3ef3ab9899	4	2	taiwan,tbl	taiwan:table_text_all_data.rdf:3:10111217:0 | tbl:tbl0.pak:0x00E43BB1 | tbl:tbl0.pak:0x00E48ED1 | tbl:tbl1.pak:0x015A9CC3	
KnightZ Ring Type A	47fb1bc9fca0	4	2	taiwan,tbl	taiwan:table_text_all_data.rdf:3:10111213:0 | tbl:tbl0.pak:0x00E432C9 | tbl:tbl0.pak:0x00E488E1 | tbl:tbl1.pak:0x015A9C0B	
Leader	e26c936bbeca	4	2	lang0,tbl	lang0:lang0.pak:DST_BUDOKAI_TEAMINFO_DOJO_RECOMMAND | lang0:lang0.pak:DST_PARTYGUI_PARTYLEADER | lang0:lang0.pak:DST_PARTY_MATCHING_DETAIL_INFO_PARTY_LEADER | tbl:tbl1.pak:0x018628EB	
Locked	a798882f1c31	4	2	lang0,taiwan	taiwan:local_data.dat:DST_DWC_STATE_LOCK | lang0:lang0.pak:DST_DWC_STATE_LOCK | lang0:lang0.pak:DST_LOBBY_SERVER_LOCK | lang0:lang0.pak:GAME_PETITION_LOCK	锁定 [lang0:lang0.pak:DST_LOBBY_SERVER_LOCK]
Mailbox	2f5c26f8354e	4	2	lang0,tbl	lang0:lang0.pak:DST_MAILSYSTEM_MAILBOX | tbl:tbl1.pak:0x0172174C | tbl:tbl1.pak:0x0181CAEB | tbl:tbl1.pak:0x018681DB	邮箱 [lang0:lang0.pak:DST_MAILSYSTEM_MAILBOX]
Minimap	03000e5d5a47	4	2	lang0,tbl	lang0:lang0.pak:DST_MINIMAP_SHOW_MINIMAP | lang0:lang0.pak:DST_OPTION_CONTROL_ACTION_WINDOW_MINIMAP | tbl:tbl1.pak:0x01860323 | tbl:tbl1.pak:0x01866FB9	小地图 [lang0:lang0.pak:DST_OPTION_CONTROL_ACTION_WINDOW_MINIMAP]
MWO Newbi HTB	034dc8d6c480	4	2	taiwan,tbl	taiwan:table_text_all_data.rdf:2:6300110:0 | taiwan:table_text_all_data.rdf:2:6300111:0 | tbl:tbl1.pak:0x012D0C86 | tbl:tbl1.pak:0x012D0CA6	
Necklace	200b37cbaa9c	4	3	lang0,taiwan,tbl	taiwan:local_data.dat:DST_EQUIP_SLOT_TYPE_NECKLACE | lang0:lang0.pak:DST_EQUIP_SLOT_TYPE_NECKLACE | tbl:tbl1.pak:0x01863479 | tbl:tbl1.pak:0x0186F357	项链 [taiwan:local_data.dat:DST_EQUIP_SLOT_TYPE_NECKLACE] | 项链 [lang0:lang0.pak:DST_EQUIP_SLOT_TYPE_NECKLACE]
Popo Stone	445dc6951c18	4	2	lang0,tbl	lang0:lang0.pak:DST_MINIMAP_POPOSTONE | lang0:lang0.pak:DST_POPOSTONE_TITLE | lang0:lang0.pak:DST_TELEPORT_TYPE_POPOSTONE | tbl:tbl1.pak:0x0181CA21	
Quest Search	1f5ad62d8f21	4	2	lang0,tbl	lang0:lang0.pak:DST_SCOUTERPARTS_QUEST_SEARCH | lang0:lang0.pak:DST_SCOUTER_POSSIBLE_QUEST | tbl:tbl1.pak:0x0186BE6C | tbl:tbl1.pak:0x01868A57	
Rank Battle	69a9efd8e4e4	4	2	lang0,tbl	lang0:lang0.pak:DST_RANK_BATTLE | lang0:lang0.pak:DST_RB_SIDE_DOING_RANKBATTLE | tbl:tbl1.pak:0x0186BF88 | tbl:tbl1.pak:0x018CB219	
Seal Coin	6e71367bb8b6	4	2	taiwan,tbl	taiwan:table_text_all_data.rdf:3:199190:0 | tbl:tbl1.pak:0x012EC787 | tbl:tbl1.pak:0x015DF839 | tbl:tbl1.pak:0x01664599	
Special	942078ca2d04	4	2	lang0,tbl	lang0:lang0.pak:DST_HOIPOIMIX_RECIPE_FILTER_SPECIAL | lang0:lang0.pak:DST_SCOUTER_PC_VIEWER_SPECIAL | tbl:tbl0.pak:0x01341695 | tbl:tbl0.pak:0x01341B03	
Spiritualist	73b3809d295d	4	2	lang0,tbl	lang0:lang0.pak:DST_HUMAN_MYSTIC | tbl:tbl0.pak:0x013B132D | tbl:tbl1.pak:0x0186BB12 | tbl:tbl1.pak:0x01862ECF	气功师 [lang0:lang0.pak:DST_HUMAN_MYSTIC]
Super Saiyan Blue	e3d83892aa72	4	2	taiwan,tbl	taiwan:table_text_all_data.rdf:3:1510120:0 | taiwan:table_text_all_data.rdf:7:1510120:0 | tbl:tbl1.pak:0x0133DD3B | tbl:tbl1.pak:0x01799869	超级赛亚人蓝色 [taiwan:table_text_all_data.rdf:3:1510120:0] | 超级赛亚人蓝色 [taiwan:table_text_all_data.rdf:7:1510120:0]
Trumpet	66c3284825be	4	2	lang0,tbl	lang0:lang0.pak:DST_INSTRUMENT | tbl:tbl0.pak:0x012732BD | tbl:tbl1.pak:0x01368CD5 | tbl:tbl1.pak:0x0186338F	乐器 [lang0:lang0.pak:DST_INSTRUMENT] | 号角 [tbl:tbl0.pak:0x012732BD]
Upgrade Stone	5b466ecc5c8f	4	3	lang0,taiwan,tbl	taiwan:local_data.dat:DST_DOJO_UPGRADE_NEED_ITEM | lang0:lang0.pak:DST_DOJO_UPGRADE_NEED_ITEM | tbl:tbl1.pak:0x012ECBE5 | tbl:tbl1.pak:0x015B9F53	升级石 [taiwan:local_data.dat:DST_DOJO_UPGRADE_NEED_ITEM]
Wonder Majin	89fdfb37cb7f	4	2	lang0,tbl	lang0:lang0.pak:DST_WONDER_MAJIN | tbl:tbl0.pak:0x013B191D | tbl:tbl1.pak:0x0186BB7E | tbl:tbl1.pak:0x01862F21	意魔人 [lang0:lang0.pak:DST_WONDER_MAJIN]
AM	80d305c58f97	3	2	lang0,taiwan	taiwan:local_data.dat:DST_BUDOKAI_NOTICE_GUIDE_TIME_AM | lang0:lang0.pak:DST_BUDOKAI_NEWS_NOTICE_GUIDE_TIME_AM | lang0:lang0.pak:DST_BUDOKAI_NOTICE_GUIDE_TIME_AM	
Available	7c62a1424469	3	2	lang0,taiwan	taiwan:local_data.dat:DST_ENABLE | lang0:lang0.pak:DST_ENABLE | lang0:lang0.pak:DST_MARKET_USE_ITEM	可用 [lang0:lang0.pak:DST_MARKET_USE_ITEM]
Challenge	bb9d653f4e12	3	2	lang0,tbl	lang0:lang0.pak:DST_CCBD_REWARD_SELECT_CHALLENGE | lang0:lang0.pak:DST_CCBD_REWARD_STATE_CHALLENGE_NEXT | tbl:tbl1.pak:0x018627F9	
COMMAND	2e4854d8dd31	3	3	lang0,taiwan,tbl	taiwan:local_data.dat:DST_TELEPORT_TYPE_COMMAND | lang0:lang0.pak:DST_TELEPORT_TYPE_COMMAND | tbl:tbl1.pak:0x012CFDC2	命令 [taiwan:local_data.dat:DST_TELEPORT_TYPE_COMMAND]
Compensation Pack	7d27b594598c	3	2	taiwan,tbl	taiwan:table_text_all_data.rdf:13:10100290:0 | tbl:tbl1.pak:0x0169A551 | tbl:tbl1.pak:0x0186B19F	
Crane Hermit	343f0d6f9cd9	3	2	lang0,tbl	lang0:lang0.pak:DST_CRANE_ROSHI | tbl:tbl1.pak:0x01860E33 | tbl:tbl1.pak:0x01863021	鹤仙流 [lang0:lang0.pak:DST_CRANE_ROSHI]
Damage	7bf6d1d3a58a	3	2	lang0,tbl	lang0:lang0.pak:DST_ITEMUPGRADE_INFO_OFFENCE | lang0:lang0.pak:DST_SCOUTER_DD | tbl:tbl1.pak:0x01860B67	
Dragon Ball Radar	038fdc11284e	3	2	lang0,tbl	lang0:lang0.pak:DST_SCOUTER_CHECK_DRAGONBALL | tbl:tbl1.pak:0x017F79F0 | tbl:tbl1.pak:0x01862061	
Dragon Cave	4b157a7fdd3e	3	2	lang0,tbl	lang0:lang0.pak:DST_CITYMAP_DRAGON | tbl:tbl1.pak:0x01808AAA | tbl:tbl1.pak:0x01865BC9	
Duration	1370004da76f	3	2	lang0,tbl	lang0:lang0.pak:DST_COMMERCIAL_USE_TERM_LIMITED_ITEM_DURATION | tbl:tbl1.pak:0x01860A1F | tbl:tbl1.pak:0x0186377D	
End	a2bb9d34b8a1	3	2	lang0,taiwan	taiwan:local_data.dat:DST_DWC_STATE_CLEAR | lang0:lang0.pak:DST_CHAT_IME_KOR | lang0:lang0.pak:DST_DWC_STATE_CLEAR	
Engineer	05fc94b0147f	3	3	lang0,taiwan,tbl	taiwan:local_data.dat:DST_ENGINEER | lang0:lang0.pak:DST_ENGINEER | tbl:tbl1.pak:0x01862EED	工程师 [taiwan:local_data.dat:DST_ENGINEER]
Excellent	1aafbf548bd1	3	2	lang0,tbl	lang0:lang0.pak:DST_ITEM_GRADE_EXCELLENT | lang0:lang0.pak:DST_MARKET_EXCELLENTTYPE | tbl:tbl1.pak:0x018627BD	特级 [lang0:lang0.pak:DST_ITEM_GRADE_EXCELLENT] | 特级 [lang0:lang0.pak:DST_MARKET_EXCELLENTTYPE]
Female Kakashi Outfit	1702f3dd601f	3	2	taiwan,tbl	taiwan:table_text_all_data.rdf:3:7000236:0 | tbl:tbl1.pak:0x014B4B23 | tbl:tbl1.pak:0x014B5155	
Fighter	7f3c61ac8b0b	3	2	lang0,tbl	lang0:lang0.pak:DST_STREET_FIGHTER | tbl:tbl1.pak:0x012B37B9 | tbl:tbl1.pak:0x01862FD5	格斗家 [lang0:lang0.pak:DST_STREET_FIGHTER]
Friends	c11d5e1d35fb	3	2	lang0,tbl	lang0:lang0.pak:DST_COMMU_TARGET_FRIEND | lang0:lang0.pak:DST_FRIEND_TAB_FRIEND | tbl:tbl1.pak:0x01862883	好友 [lang0:lang0.pak:DST_FRIEND_TAB_FRIEND]
Gamble Test01	178eb81caf8e	3	2	taiwan,tbl	taiwan:table_text_all_data.rdf:6:2531101:0 | tbl:tbl1.pak:0x005185E2 | tbl:tbl1.pak:0x01727770	
Game Master	4b525de69e36	3	2	lang0,tbl	lang0:lang0.pak:DST_GAME_MASTER | tbl:tbl0.pak:0x00D4DD36 | tbl:tbl1.pak:0x018CA386	
GBT-Hope02	184d0ed69677	3	2	taiwan,tbl	taiwan:table_text_all_data.rdf:6:2413106:0 | tbl:tbl1.pak:0x005153EE | tbl:tbl1.pak:0x01727558	
GBT-Hope04A	dcc9dfef91c5	3	2	taiwan,tbl	taiwan:table_text_all_data.rdf:6:2413111:0 | tbl:tbl1.pak:0x00515ECA | tbl:tbl1.pak:0x017275D2	
GBT-Hope05	86dece4c5b57	3	2	taiwan,tbl	taiwan:table_text_all_data.rdf:6:2413110:0 | tbl:tbl1.pak:0x00515C9E | tbl:tbl1.pak:0x017275B8	
GBT-Hope06A	398033efc4f2	3	2	taiwan,tbl	taiwan:table_text_all_data.rdf:6:2413113:0 | tbl:tbl1.pak:0x00516322 | tbl:tbl1.pak:0x0172760A	
GBT-Hope07A	14c2b029c166	3	2	taiwan,tbl	taiwan:table_text_all_data.rdf:6:2413102:0 | tbl:tbl1.pak:0x00514B3E | tbl:tbl1.pak:0x017274E8	
GBT-Hope08A	8660a25ae0f1	3	2	taiwan,tbl	taiwan:table_text_all_data.rdf:6:2413104:0 | tbl:tbl1.pak:0x00514F96 | tbl:tbl1.pak:0x01727520	
GBT-Hope09	74164be9a025	3	2	taiwan,tbl	taiwan:table_text_all_data.rdf:6:2413108:0 | tbl:tbl1.pak:0x00515846 | tbl:tbl1.pak:0x01727588	
GRAND-HFI	44b35d019e1e	3	2	taiwan,tbl	taiwan:table_text_all_data.rdf:6:2801102:0 | tbl:tbl1.pak:0x00530422 | tbl:tbl1.pak:0x017294E6	
Guild Emblem	137ea45051a4	3	2	lang0,tbl	lang0:lang0.pak:DST_OPTION_INFO_GUILDEMBLEM | tbl:tbl1.pak:0x01867BEF | tbl:tbl1.pak:0x01868059	公会徽章 [lang0:lang0.pak:DST_OPTION_INFO_GUILDEMBLEM]
Hair	e5be3c10962e	3	2	lang0,taiwan	taiwan:local_data.dat:DST_EQUIP_SLOT_TYPE_HAIR | lang0:lang0.pak:DST_EQUIP_SLOT_TYPE_HAIR | lang0:lang0.pak:DST_LOBBY_HAIR	发型 [taiwan:local_data.dat:DST_EQUIP_SLOT_TYPE_HAIR] | 发型 [lang0:lang0.pak:DST_LOBBY_HAIR] | 发型 [lang0:lang0.pak:DST_EQUIP_SLOT_TYPE_HAIR]
https://dbozero.com/	ed4459d7a318	3	2	lang0,taiwan	taiwan:local_data.dat:DST_PAY_WEB | taiwan:local_data.dat:DST_PAY_REGISTER | lang0:lang0.pak:DST_NETMARBLE_CASH_PAYMENT_URL	
Jacket	89fba0298e11	3	3	lang0,taiwan,tbl	taiwan:local_data.dat:DST_EQUIP_SLOT_TYPE_JACKET | lang0:lang0.pak:DST_EQUIP_SLOT_TYPE_JACKET | tbl:tbl1.pak:0x012D1479	上衣 [lang0:lang0.pak:DST_EQUIP_SLOT_TYPE_JACKET]
Knockdown	0a5735256c79	3	2	lang0,tbl	lang0:lang0.pak:DST_INFOWND_RPBONUS_KNOCKDOWN | lang0:lang0.pak:DST_KNOCKDOWN | tbl:tbl1.pak:0x01860405	击倒 [lang0:lang0.pak:DST_INFOWND_RPBONUS_KNOCKDOWN]
Majin	76c650055c84	3	2	lang0,taiwan	taiwan:table_text_all_data.rdf:4:6001516:0 | lang0:lang0.pak:DST_MAJIN | lang0:lang0.pak:DST_MOB_TYPE_MAJIN	魔人 [taiwan:table_text_all_data.rdf:4:6001516:0] | 魔人 [lang0:lang0.pak:DST_MOB_TYPE_MAJIN] | 魔人 [lang0:lang0.pak:DST_MAJIN]
Master	78f3842f0201	3	2	lang0,tbl	lang0:lang0.pak:DST_GUILD_MASTER | lang0:lang0.pak:DST_SKILL_GRADE_MASTERED | tbl:tbl1.pak:0x0186274D	会长 [lang0:lang0.pak:DST_GUILD_MASTER]
Mushroom Rocks North	8197e3ff7c88	3	2	lang0,tbl	lang0:lang0.pak:DST_WORLDMAP_MUSH_NORTH | tbl:tbl1.pak:0x0180B9BC | tbl:tbl1.pak:0x01876DA0	
Namek	fa4790545002	3	2	lang0,taiwan	taiwan:table_text_all_data.rdf:4:6001515:0 | lang0:lang0.pak:DST_MOB_TYPE_NAMEC | lang0:lang0.pak:DST_NAMEK	那美克 [taiwan:table_text_all_data.rdf:4:6001515:0] | 那美 [lang0:lang0.pak:DST_MOB_TYPE_NAMEC] | 那美 [lang0:lang0.pak:DST_NAMEK]
PM	0c95dc6163ff	3	2	lang0,taiwan	taiwan:local_data.dat:DST_BUDOKAI_NOTICE_GUIDE_TIME_PM | lang0:lang0.pak:DST_BUDOKAI_NEWS_NOTICE_GUIDE_TIME_PM | lang0:lang0.pak:DST_BUDOKAI_NOTICE_GUIDE_TIME_PM	
Quest	1defd1949b9d	3	2	lang0,taiwan	taiwan:local_data.dat:DST_EQUIP_SLOT_TYPE_QUEST | lang0:lang0.pak:DST_EQUIP_SLOT_TYPE_QUEST | lang0:lang0.pak:DST_TMQ_STATUS_QUEST	任务 [lang0:lang0.pak:DST_EQUIP_SLOT_TYPE_QUEST]
Ranked Battle	38f6b06cd7d3	3	2	lang0,tbl	lang0:lang0.pak:DST_BUDOKAI_TEAMINFO_RECORD | lang0:lang0.pak:DST_TELEPORT_TYPE_RANKBATTLE | tbl:tbl1.pak:0x018685FB	
Request	4aed03cac49d	3	2	lang0,tbl	lang0:lang0.pak:DST_MAILSYSTEM_MAIL_ATTACH_REQ | tbl:tbl1.pak:0x012CB0D2 | tbl:tbl1.pak:0x012CDDEF	请求 [lang0:lang0.pak:DST_MAILSYSTEM_MAIL_ATTACH_REQ]
Revive	2e08bbd34b71	3	2	lang0,tbl	lang0:lang0.pak:DST_REGEN_MB_MAINWORLD_USE_POPOSTONE_CHUNK_BTN | tbl:tbl1.pak:0x0186B9C2 | tbl:tbl1.pak:0x018607FF	
Ring	96ddaccf581f	3	2	lang0,taiwan	taiwan:local_data.dat:DST_EQUIP_SLOT_TYPE_RING | lang0:lang0.pak:DST_EQUIP_SLOT_TYPE_RING | lang0:lang0.pak:DST_RING	戒指 [taiwan:local_data.dat:DST_EQUIP_SLOT_TYPE_RING] | 戒指 [lang0:lang0.pak:DST_EQUIP_SLOT_TYPE_RING]
Saiyan	0726a00b79b5	3	2	taiwan,tbl	taiwan:table_text_all_data.rdf:4:6001517:0 | tbl:tbl1.pak:0x016CA300 | tbl:tbl1.pak:0x01860E51	赛亚人 [taiwan:table_text_all_data.rdf:4:6001517:0]
Scouter Merchant	fc26443b000c	3	2	lang0,tbl	lang0:lang0.pak:DST_JOB_SCOUTER_MERCHANT | tbl:tbl1.pak:0x01714AF0 | tbl:tbl1.pak:0x01714DF2	
Scramble	b7126cd390dc	3	2	lang0,tbl	lang0:lang0.pak:DST_DOJO_BATTLE_SCRAMBLE_OFFENCE_PLAYER | lang0:lang0.pak:DST_DOJO_SCRAMBLE_TITLE | tbl:tbl0.pak:0x00D9FEFD	
Show All	b3f85420876d	3	3	lang0,taiwan,tbl	taiwan:local_data.dat:DST_OPTION_PERF_PLAYER_FILTER_ALL | lang0:lang0.pak:DST_OPTION_PERF_PLAYER_FILTER_ALL | tbl:tbl1.pak:0x016C86D4	显示全部 [lang0:lang0.pak:DST_OPTION_PERF_PLAYER_FILTER_ALL]
Skill Master	666dc41e74c7	3	2	lang0,tbl	lang0:lang0.pak:DST_SKILL_MASTER_WINDOW_TITLE | lang0:lang0.pak:DST_WORLDMAP_SEARCH_NPC_SKILLMASTER | tbl:tbl1.pak:0x018634ED	
Stadium	f86ac7b5acb9	3	2	lang0,tbl	lang0:lang0.pak:DST_RB_FIELD | tbl:tbl1.pak:0x011AA8B9 | tbl:tbl1.pak:0x011AAA8D	
Super Saiyan God	ac9bdf952e8f	3	2	taiwan,tbl	taiwan:table_text_all_data.rdf:17:2734007:0 | tbl:tbl1.pak:0x0178EC31 | tbl:tbl1.pak:0x018726B1	超级赛亚人之神 [taiwan:table_text_all_data.rdf:17:2734007:0]
Tanjiro Hair	314e6778348a	3	2	taiwan,tbl	taiwan:table_text_all_data.rdf:3:99199977:0 | tbl:tbl0.pak:0x0127565D | tbl:tbl1.pak:0x01655393	炭治郎发型 [taiwan:table_text_all_data.rdf:3:99199977:0]
Teleporter	9c4c8c39fad1	3	2	lang0,tbl	lang0:lang0.pak:DST_JOB_POTALMAN | tbl:tbl1.pak:0x0181966D | tbl:tbl1.pak:0x01819BB1	
Time	6c82e6dd8680	3	2	lang0,taiwan	taiwan:local_data.dat:DST_BUDOKAI_NOTICE_GUIDE_TIME | lang0:lang0.pak:DST_TMQ_BOARD_LIMITE_TIME | lang0:lang0.pak:DST_BUDOKAI_NOTICE_GUIDE_TIME	时间 [taiwan:local_data.dat:DST_BUDOKAI_NOTICE_GUIDE_TIME]
Turtle Hermit	05d14536381e	3	2	lang0,tbl	lang0:lang0.pak:DST_TURTLE_ROSHI | tbl:tbl1.pak:0x01860E13 | tbl:tbl1.pak:0x01863001	龟仙流 [lang0:lang0.pak:DST_TURTLE_ROSHI]
Tutorial	2701a94c0eb5	3	2	lang0,tbl	lang0:lang0.pak:DST_TELEPORT_TYPE_TUTORIAL | lang0:lang0.pak:DST_TUTORIAL_GUIDE_TITLE | tbl:tbl1.pak:0x01862A63	
Upgrade failed.	2907ed43ab22	3	2	lang0,taiwan	taiwan:local_data.dat:DST_TABITEMUPGRADE_RESULT_FAIL | lang0:lang0.pak:DST_ITEMUPGRADE_FAIL | lang0:lang0.pak:DST_TABITEMUPGRADE_RESULT_FAIL	
Uranai Baba	9a32201f3fef	3	2	taiwan,tbl	taiwan:table_text_all_data.rdf:6:1381112:0 | tbl:tbl1.pak:0x017228BE | tbl:tbl1.pak:0x017366FE	
Wagu Machine	4ecc00b3e28d	3	2	lang0,tbl	lang0:lang0.pak:DST_WAGUWAGU_MACHINE | tbl:tbl1.pak:0x016C87D6 | tbl:tbl1.pak:0x016C8826	
Yahoi East	e759fb579653	3	2	lang0,tbl	lang0:lang0.pak:DST_WORLDMAP_YAHOI_EAST | tbl:tbl1.pak:0x0180A3D2 | tbl:tbl1.pak:0x01876B3E	
Yahoi Fortress	75f1362e0994	3	2	lang0,tbl	lang0:lang0.pak:DST_CITYMAP_YAHOI | tbl:tbl1.pak:0x0180A1DC | tbl:tbl1.pak:0x0187610C	
Yahoi West	c090f8eea309	3	2	lang0,tbl	lang0:lang0.pak:DST_WORLDMAP_YAHOI_WEST | tbl:tbl1.pak:0x0180A174 | tbl:tbl1.pak:0x01876892	
%02d : %02d : %02d	984f21c7fc56	2	2	lang0,taiwan	taiwan:local_data.dat:DST_PARTY_ROLE_SELECT_REMAIN_TIME | lang0:lang0.pak:DST_PARTY_ROLE_SELECT_REMAIN_TIME	
%2d:00	7cdd17d5a4cd	2	2	lang0,taiwan	taiwan:local_data.dat:DST_GMT_TIME_INFO | lang0:lang0.pak:DST_GMT_TIME_INFO	
%d FPS	c34e5dc085e0	2	2	lang0,taiwan	taiwan:local_data.dat:DST_FPS_LIMIT_DATE | lang0:lang0.pak:DST_FPS_LIMIT_DATE	
%d Streak	c073b0fb4ec3	2	2	lang0,taiwan	taiwan:local_data.dat:DST_DWC_CONDITION_RB_STRAIGHTWIN | lang0:lang0.pak:DST_DWC_CONDITION_RB_STRAIGHTWIN	%d连胜 [taiwan:local_data.dat:DST_DWC_CONDITION_RB_STRAIGHTWIN]
%d ~ %d players	ce5a68b09087	2	2	lang0,taiwan	taiwan:local_data.dat:DST_DWC_PLAYER_COUNT_TEXT | lang0:lang0.pak:DST_DWC_PLAYER_COUNT_TEXT	%d ~ %d名玩家 [taiwan:local_data.dat:DST_DWC_PLAYER_COUNT_TEXT]
%d*%d	c5340129ec3e	2	2	lang0,taiwan	taiwan:local_data.dat:DST_OPTION_RESOLUTION_FORMAT_WINMODE | lang0:lang0.pak:DST_OPTION_RESOLUTION_FORMAT_WINMODE	
%d:%02d	bc7fcb7a86c3	2	2	lang0,taiwan	taiwan:local_data.dat:DST_BUDOKAI_NOTICE_GUIDE_TIME_FULL | lang0:lang0.pak:DST_BUDOKAI_NOTICE_GUIDE_TIME_FULL	
%s : %s	161bd6d0a974	2	2	lang0,taiwan	taiwan:local_data.dat:DST_SYSTEMMSG_MONSTER_QUEST | lang0:lang0.pak:DST_SYSTEMMSG_MONSTER_QUEST	
%s got a %s from the Wagu Machine	52b48efe73d0	2	2	lang0,taiwan	taiwan:local_data.dat:DST_COMMERCIAL_WAGU1ST | lang0:lang0.pak:DST_COMMERCIAL_WAGU1ST	
%s is no longer a Buuhan!	d2afc080e55b	2	2	lang0,taiwan	taiwan:local_data.dat:DST_SYSTEMMSG_CHANGE_SUPER_BOO_DEFENDER | lang0:lang0.pak:DST_SYSTEMMSG_CHANGE_SUPER_BOO_DEFENDER	
%s is no longer a Evil Namek!	863b5b21fe42	2	2	lang0,taiwan	taiwan:local_data.dat:DST_SYSTEMMSG_CHANGE_EVIL_NAMEK_DEFENDER | lang0:lang0.pak:DST_SYSTEMMSG_CHANGE_EVIL_NAMEK_DEFENDER	
%s is no longer a Oozaru!	eb8fd9e6ee96	2	2	lang0,taiwan	taiwan:local_data.dat:DST_SYSTEMMSG_CHANGE_BIG_MONKEY_DEFENDER | lang0:lang0.pak:DST_SYSTEMMSG_CHANGE_BIG_MONKEY_DEFENDER	
%s is no longer a Orange Namek!	ef333af3da5d	2	2	lang0,taiwan	taiwan:local_data.dat:DST_SYSTEMMSG_CHANGE_KING_NAMEK_DEFENDER | lang0:lang0.pak:DST_SYSTEMMSG_CHANGE_KING_NAMEK_DEFENDER	
%s is no longer a Super Boo!	5c46d7242909	2	2	lang0,taiwan	taiwan:local_data.dat:DST_SYSTEMMSG_CHANGE_EVIL_BOO_DEFENDER | lang0:lang0.pak:DST_SYSTEMMSG_CHANGE_EVIL_BOO_DEFENDER	
%s is no longer a Super Saiyan 2!	803836725dd9	2	2	lang0,taiwan	taiwan:local_data.dat:DST_SYSTEMMSG_CHANGE_SUPER_SAIYAN2_DEFENDER | lang0:lang0.pak:DST_SYSTEMMSG_CHANGE_SUPER_SAIYAN2_DEFENDER	
%s is no longer a Super Saiyan 3!	fd6d96236926	2	2	lang0,taiwan	taiwan:local_data.dat:DST_SYSTEMMSG_CHANGE_SUPER_SAIYAN3_DEFENDER | lang0:lang0.pak:DST_SYSTEMMSG_CHANGE_SUPER_SAIYAN3_DEFENDER	
%s is no longer a Super Saiyan 4!	c7dec03be011	2	2	lang0,taiwan	taiwan:local_data.dat:DST_SYSTEMMSG_CHANGE_SUPER_SAIYAN4_DEFENDER | lang0:lang0.pak:DST_SYSTEMMSG_CHANGE_SUPER_SAIYAN4_DEFENDER	
%s is no longer a Super Saiyan Blue!	e31aa91e6e11	2	2	lang0,taiwan	taiwan:local_data.dat:DST_SYSTEMMSG_CHANGE_SUPER_SAIYANBLUE_DEFENDER | lang0:lang0.pak:DST_SYSTEMMSG_CHANGE_SUPER_SAIYANBLUE_DEFENDER	
%s ~ %s	49ad07e34b2a	2	2	lang0,taiwan	taiwan:local_data.dat:DST_BUDOKAI_NEWS_NOTICE_GUIDE_TIME_FULL | lang0:lang0.pak:DST_BUDOKAI_NEWS_NOTICE_GUIDE_TIME_FULL	
%s: 	1a4af69b854f	2	2	lang0,taiwan	taiwan:local_data.dat:DST_CHAT_MODE_TYPE | lang0:lang0.pak:DST_CHAT_MODE_TYPE	
%s[br][br]%s	6067e4fba5a2	2	2	lang0,taiwan	taiwan:local_data.dat:DST_STATUS_HONOR_HTMLTAG_HONOR | lang0:lang0.pak:DST_STATUS_HONOR_HTMLTAG_HONOR	
%s[br][br]%s[br]%s	122fbcdd75ae	2	2	lang0,taiwan	taiwan:local_data.dat:DST_STATUS_HONOR_HTMLTAG_RANKBATTLE | lang0:lang0.pak:DST_STATUS_HONOR_HTMLTAG_RANKBATTLE	
%u / %u	8db15ef0a8b9	2	2	lang0,taiwan	taiwan:local_data.dat:DST_RB_PAGE | lang0:lang0.pak:DST_RB_PAGE	
+ %u	0b18253263c5	2	2	lang0,taiwan	taiwan:local_data.dat:DST_ITEM_DIFF_STATUS | lang0:lang0.pak:DST_ITEM_DIFF_STATUS	
-	3bc15c8aae3e	2	2	lang0,taiwan	taiwan:local_data.dat:DST_MARKET_NOT_DATA | lang0:lang0.pak:DST_MARKET_NOT_DATA	
/?	87dc3087370c	2	2	lang0,taiwan	taiwan:local_data.dat:DST_CHAT_SHORT_CUT_HELP | lang0:lang0.pak:DST_CHAT_SHORT_CUT_HELP	
1)No Bus. 2)Not Ranked.	cc793fd67ef5	2	2	lang0,taiwan	taiwan:local_data.dat:DST_DRAGONBALL_SCRAMBLE_CONFIRM_WARNINR | lang0:lang0.pak:DST_DRAGONBALL_SCRAMBLE_CONFIRM_WARNINR	
"[align = ""center""][font size = ""12"" color=""f4d762""]Appearance Change[/font][br][br][font size = ""10"" color=""ffffff""]Edit only the Last Character used![/font]"	668ff6a5ced6	2	2	lang0,taiwan	taiwan:local_data.dat:DST_LOBBY_EDIT_ONLY_LAST | lang0:lang0.pak:DST_LOBBY_EDIT_ONLY_LAST	
"[align = ""center""][font size = ""12"" color=""f4d762""]Appearance Change[/font][br][br][font size = ""10"" color=""ffffff""]You need login your Character First![/font]"	1d6aefa9b6cf	2	2	lang0,taiwan	taiwan:local_data.dat:DST_LOBBY_MUST_LOGIN_FIRST | lang0:lang0.pak:DST_LOBBY_MUST_LOGIN_FIRST	
"[align = ""center""][font size = ""12"" color=""f4d762""]Bot Check Required[/font][br][br][font size = ""9"" color=""ffffff""]To receive experience and item drops,[br]you must complete the Bot Verification.[br][br]Complete it once for 1 hour of immunity![/font]"	bca890356ace	2	2	lang0,taiwan	taiwan:local_data.dat:DST_SCS_LOGIN_ALERT | lang0:lang0.pak:DST_SCS_LOGIN_ALERT	"[align = ""center""][font size = ""12"" color=""f4d762""]需要防挂机验证[/font][br][br][font size = ""9"" color=""ffffff""]若要获得经验和物品掉落，[br]必须完成防挂机验证。[br][br]完成一次后1小时内免验证！[/font] [lang0:lang0.pak:DST_SCS_LOGIN_ALERT]"
"[align = ""center""][font size = ""12"" color=""f4d762""]Reset: %s[/font][br][br][font size = ""10"" color=""ffffff""]By doing this, your character will return to   Level 1 and receive a bonus. Are you sure?[/font]"	921a300b88b8	2	2	lang0,taiwan	taiwan:local_data.dat:DST_RESET_CONFIRM_MSGBOX | lang0:lang0.pak:DST_RESET_CONFIRM_MSGBOX	
"[align = ""center""][font size = ""12"" color=""f4d762""]The Server is going to shut down![/font]"	031ee7d7c026	2	2	lang0,taiwan	taiwan:local_data.dat:DST_SHUTDOWN_WARNING_MSG | lang0:lang0.pak:DST_SHUTDOWN_WARNING_MSG	
"[align = ""center""][font size=""12""color=""f4d762""]Join Dragon Ball Scramble[/font][br][br][font size=""10""color=""269eff""]Note: You can't exit Dragon Ball Scramble until it's over.[/font]"	1e5673fe3ce1	2	2	lang0,taiwan	taiwan:local_data.dat:DST_DRAGONBALL_SCRAMBLE_JOIN_CONFIRM_MSGBOX | lang0:lang0.pak:DST_DRAGONBALL_SCRAMBLE_JOIN_CONFIRM_MSGBOX	
"[align = ""center""][font size=""12""color=""f4d762""]Unstuck[/font][br][br][font size=""10""color=""269eff""]You will be teleported to your bind point.[/font][br][br][font size=""10""color=""ffffff""]Are you sure you want to continue?[/font]"	96e9db818c7e	2	2	lang0,taiwan	taiwan:local_data.dat:DST_UNSTUCK_CONFIRM | lang0:lang0.pak:DST_UNSTUCK_CONFIRM	
"[align = ""center""]Dragon Ball Scramble Info[br][br]Scramble full[br]no compensation in this channel"	1d228549bbb1	2	2	lang0,taiwan	taiwan:local_data.dat:DST_DRAGONBALL_SCRAMBLE_SEASON_REWARD_LIMIT_OVER_NFY | lang0:lang0.pak:DST_DRAGONBALL_SCRAMBLE_SEASON_REWARD_LIMIT_OVER_NFY	
"[align = ""center""]Dragon Ball Scramble[br][br]join?"	f7dae2a53ccd	2	2	lang0,taiwan	taiwan:local_data.dat:DST_DRAGONBALL_SCRAMBLE_JOIN_MSGBOX | lang0:lang0.pak:DST_DRAGONBALL_SCRAMBLE_JOIN_MSGBOX	
"[align = ""center""]Dragon World Challenge (DWC) Entry[br][br]Remaining # of entries this week: %d[br][br]You can't withdraw.[br]Do you want to enter?[br]"	1043269b65c5	2	2	lang0,taiwan	taiwan:local_data.dat:DST_DWC_ENTER_CONFIRM | lang0:lang0.pak:DST_DWC_ENTER_CONFIRM	
"[align = ""center""]Notify[br][br]Server merge coming soon[br][br]"	7623764f326c	2	2	lang0,taiwan	taiwan:local_data.dat:DST_LOBBY_DEL_SERV_COMBINE_AFTER_CHARACTER | lang0:lang0.pak:DST_LOBBY_DEL_SERV_COMBINE_AFTER_CHARACTER	
"[br][align = ""center""][font size = ""10"" color=""f4d762""]DWC Admission[/font][br][br][font size = ""10"" color=""269eff""]You can play %d more times today[/font][br][br][font size = ""10"" color=""f4d762""]Would you like to play?[/font][br]"	9c0e26f4b82e	2	2	lang0,taiwan	taiwan:local_data.dat:DST_DWC_ENTER_QUESTION | lang0:lang0.pak:DST_DWC_ENTER_QUESTION	
    [finished]	a3de8dd0574d	2	2	lang0,taiwan	taiwan:local_data.dat:DST_DWC_SCENARIO_CLEAR | lang0:lang0.pak:DST_DWC_SCENARIO_CLEAR	
"[font size = ""9"" color=""269eff""]+12 Armor Coupon Lv11 [2 Days][/font][font size = ""9"" color=""#323232""]Upgrade with coupon only works on non-upgraded item and can't fail. The effect can only be used for certain time.[/font]"	e4cae5393bf3	2	2	lang0,taiwan	taiwan:local_data.dat:DST_POPUP_CONTENT_ITEM_DEFENSEINTENSIFY | lang0:lang0.pak:DST_POPUP_CONTENT_ITEM_DEFENSEINTENSIFY	
"[font size = ""9"" color=""269eff""]12 Weapon Coupon Lv11[2 Days][/font][font size = ""9"" color=""#323232""]Upgrade with coupon only works on non upgraded item and can't fail. The effect can only be used for certain time.[/font]"	5f3ec1e3ae9b	2	2	lang0,taiwan	taiwan:local_data.dat:DST_POPUP_CONTENT_ITEM_WEAPONINTENSIFY | lang0:lang0.pak:DST_POPUP_CONTENT_ITEM_WEAPONINTENSIFY	
"[font size = ""9"" color=""269eff""]EV EP Recovery Potion [/font][font size = ""9"" color=""#323232""]The EP will be filled automatically. When EP is more than 30% of the EP will be automatically restored to 100%. The maximum amount is 100000.[/font]"	10bb8213c577	2	2	lang0,taiwan	taiwan:local_data.dat:DST_POPUP_CONTENT_ITEM_AUTOMATICENERGY | lang0:lang0.pak:DST_POPUP_CONTENT_ITEM_AUTOMATICENERGY	
"[font size = ""9"" color=""269eff""]EV Fly Scroll[/font][font size = ""9"" color=""#323232""]Press the spacebar twice, you can levitate then. The total duration is 3 minutes more information, please refer to Help (H).[/font]"	8b04a4060605	2	2	lang0,taiwan	taiwan:local_data.dat:DST_POPUP_CONTENT_ITEM_SKYSKILL | lang0:lang0.pak:DST_POPUP_CONTENT_ITEM_SKYSKILL	
"[font size = ""9"" color=""269eff""]EV Life Pill X[/font][font size = ""9"" color=""#323232""]Capsule's proud masterpiece.[/font]"	bbede3334395	2	2	lang0,taiwan	taiwan:local_data.dat:DST_POPUP_CONTENT_ITEM_LIFE | lang0:lang0.pak:DST_POPUP_CONTENT_ITEM_LIFE	
"[font size = ""9"" color=""269eff""]EV Liquid Fuel S2 [7 Days][/font][font size = ""9"" color=""#323232""]Capsule fuel S2,developed by Capsule Corp.[/font]"	754bab48e572	2	2	lang0,taiwan	taiwan:local_data.dat:DST_POPUP_CONTENT_ITEM_VEHICLEFUEL | lang0:lang0.pak:DST_POPUP_CONTENT_ITEM_VEHICLEFUEL	
"[font size = ""9"" color=""269eff""]EV Lower EXP Boost[2 Hours][/font][font size = ""9"" color=""#323232""]You may acquire additional experience points to 50%, only available at Lv 1 Lv 30. It can be used only for 2 hours. [/font]"	baf3805a31df	2	2	lang0,taiwan	taiwan:local_data.dat:DST_POPUP_CONTENT_ITEM_EXP | lang0:lang0.pak:DST_POPUP_CONTENT_ITEM_EXP	
"[font size = ""9"" color=""269eff""]EV LP Recovery Potion[/font][font size = ""9"" color=""#323232""]The LP will be filled automatically. LP when LP is higher than 30% are automatically restored to 100%. The maximum amount is 100000.[/font]"	8d9926ef1e9a	2	2	lang0,taiwan	taiwan:local_data.dat:DST_POPUP_CONTENT_ITEM_AUTOMATICLIFE | lang0:lang0.pak:DST_POPUP_CONTENT_ITEM_AUTOMATICLIFE	
"[font size = ""9"" color=""269eff""]EV Magic Pill X[/font][font size = ""9"" color=""#323232""]Capsule's proud masterpiece.[/font]"	176f3d69f9c8	2	2	lang0,taiwan	taiwan:local_data.dat:DST_POPUP_CONTENT_ITEM_ENERGY | lang0:lang0.pak:DST_POPUP_CONTENT_ITEM_ENERGY	
"[font size = ""9"" color=""269eff""]EV movement speed increase item[/font][font size = ""9"" color=""#323232""]It's an item that give you speed. The speed is increased 20% for 10 minutes.[/font]"	841b19d421e0	2	2	lang0,taiwan	taiwan:local_data.dat:DST_POPUP_CONTENT_ITEM_SPEEDINCREASE | lang0:lang0.pak:DST_POPUP_CONTENT_ITEM_SPEEDINCREASE	
"[font size = ""9"" color=""269eff""]EV Popo Pieces[/font][font size = ""9"" color=""#323232""]Is an item that can only revive you in place you died. When a character becomes faint, you can choose whether or not to use.[/font]"	89edb91df700	2	2	lang0,taiwan	taiwan:local_data.dat:DST_POPUP_CONTENT_ITEM_POPOPIECE | lang0:lang0.pak:DST_POPUP_CONTENT_ITEM_POPOPIECE	
"[font size = ""9"" color=""269eff""]EV Tele Popo [/font][font size = ""9"" color=""#323232""]The item that is able to move you to popo stone.[/font]"	fb307e4de876	2	2	lang0,taiwan	taiwan:local_data.dat:DST_POPUP_CONTENT_ITEM_TELEPOPOP | lang0:lang0.pak:DST_POPUP_CONTENT_ITEM_TELEPOPOP	
"[font size = ""9"" color=""269eff""]Flying Jet Squirrel [7 Days][/font][font size = ""9"" color=""#323232""] Pressing the ESC button, you can get off. Note that you can use for 7 days.[/font]"	47305ebb9b65	2	2	lang0,taiwan	taiwan:local_data.dat:DST_POPUP_CONTENT_ITEM_VEHICLE | lang0:lang0.pak:DST_POPUP_CONTENT_ITEM_VEHICLE	
"[font size = ""9"" color=""269eff""]Popo Jewelry Box Lv11[/font][font size = ""9"" color=""#323232""]To use need Lv 11 box contains the appropriate accessories. When you right-click on the ring, earrings, necklace comes out.[/font]"	4cf6352ea397	2	2	lang0,taiwan	taiwan:local_data.dat:DST_POPUP_CONTENT_ITEM_POPOJEWELRYBOX | lang0:lang0.pak:DST_POPUP_CONTENT_ITEM_POPOJEWELRYBOX	
"[font size = ""9"" color=""269eff""]Rating Box[/font][font size = ""9"" color=""#323232""]Gift box item.[br]Open the capsule kit (shortcut I), use the mouse to right-click the ratings box.[/font]"	6f6588619478	2	2	lang0,taiwan	taiwan:local_data.dat:DST_POPUP_ITEMBOX_LVTWO | lang0:lang0.pak:DST_POPUP_ITEMBOX_LVTWO	
"[font size = ""9"" color=""269eff""]Red capsule box N20[15 Days][/font][font size = ""9"" color=""#323232""]The most advanced type of capsulebox. Expand the storage space to 20 slots.[/font]"	16cb05feff3f	2	2	lang0,taiwan	taiwan:local_data.dat:DST_POPUP_CONTENT_ITEM_CAPSULEKIT | lang0:lang0.pak:DST_POPUP_CONTENT_ITEM_CAPSULEKIT	
[locked]	9275a3c4b142	2	2	lang0,taiwan	taiwan:local_data.dat:DST_DWC_SCENARIO_LOCK | lang0:lang0.pak:DST_DWC_SCENARIO_LOCK	
[open]	1da2a3b88bad	2	2	lang0,taiwan	taiwan:local_data.dat:DST_DWC_SCENARIO_OPEN | lang0:lang0.pak:DST_DWC_SCENARIO_OPEN	
[Usable while in Buuhan form]	cab6236a5e67	2	2	lang0,taiwan	taiwan:local_data.dat:DST_SKILL_TRANSFORM_USE_INFO_FLAG_ABLE_WHEN_SUPER_BOO | lang0:lang0.pak:DST_SKILL_TRANSFORM_USE_INFO_FLAG_ABLE_WHEN_SUPER_BOO	[布欧悟饭形态下可使用] [taiwan:local_data.dat:DST_SKILL_TRANSFORM_USE_INFO_FLAG_ABLE_WHEN_SUPER_BOO] | [布欧悟饭形态下可使用] [lang0:lang0.pak:DST_SKILL_TRANSFORM_USE_INFO_FLAG_ABLE_WHEN_SUPER_BOO]
[Usable while in Buuhan Skin 2 form]	c61386085fdc	2	2	lang0,taiwan	taiwan:local_data.dat:DST_SKILL_TRANSFORM_USE_INFO_FLAG_ABLE_WHEN_BUUHAN_SKIN2 | lang0:lang0.pak:DST_SKILL_TRANSFORM_USE_INFO_FLAG_ABLE_WHEN_BUUHAN_SKIN2	[布欧悟饭皮肤2形态下可使用] [taiwan:local_data.dat:DST_SKILL_TRANSFORM_USE_INFO_FLAG_ABLE_WHEN_BUUHAN_SKIN2] | [布欧悟饭皮肤2形态下可使用] [lang0:lang0.pak:DST_SKILL_TRANSFORM_USE_INFO_FLAG_ABLE_WHEN_BUUHAN_SKIN2]
[Usable while in Buuhan Skin form]	bfc2a9ef0db4	2	2	lang0,taiwan	taiwan:local_data.dat:DST_SKILL_TRANSFORM_USE_INFO_FLAG_ABLE_WHEN_BUUHAN_SKIN | lang0:lang0.pak:DST_SKILL_TRANSFORM_USE_INFO_FLAG_ABLE_WHEN_BUUHAN_SKIN	[布欧悟饭皮肤形态下可使用] [taiwan:local_data.dat:DST_SKILL_TRANSFORM_USE_INFO_FLAG_ABLE_WHEN_BUUHAN_SKIN] | [布欧悟饭皮肤形态下可使用] [lang0:lang0.pak:DST_SKILL_TRANSFORM_USE_INFO_FLAG_ABLE_WHEN_BUUHAN_SKIN]
[Usable while in Dark Namek form]	4b624c9ee171	2	2	lang0,taiwan	taiwan:local_data.dat:DST_SKILL_TRANSFORM_USE_INFO_FLAG_ABLE_WHEN_DARK_NAMEK | lang0:lang0.pak:DST_SKILL_TRANSFORM_USE_INFO_FLAG_ABLE_WHEN_DARK_NAMEK	[黑暗那美克星人形态下可使用] [taiwan:local_data.dat:DST_SKILL_TRANSFORM_USE_INFO_FLAG_ABLE_WHEN_DARK_NAMEK] | [黑暗那美克星人形态下可使用] [lang0:lang0.pak:DST_SKILL_TRANSFORM_USE_INFO_FLAG_ABLE_WHEN_DARK_NAMEK]
[Usable while in Evil Namek form]	14c6e1e89291	2	2	lang0,taiwan	taiwan:local_data.dat:DST_SKILL_TRANSFORM_USE_INFO_FLAG_ABLE_WHEN_EVIL_NAMEK | lang0:lang0.pak:DST_SKILL_TRANSFORM_USE_INFO_FLAG_ABLE_WHEN_EVIL_NAMEK	[邪恶那美克星人形态下可使用] [taiwan:local_data.dat:DST_SKILL_TRANSFORM_USE_INFO_FLAG_ABLE_WHEN_EVIL_NAMEK] | [邪恶那美克星人形态下可使用] [lang0:lang0.pak:DST_SKILL_TRANSFORM_USE_INFO_FLAG_ABLE_WHEN_EVIL_NAMEK]
[Usable while in Gotenks Boo Fighter form]	99e115f30a5e	2	2	lang0,taiwan	taiwan:local_data.dat:DST_SKILL_TRANSFORM_USE_INFO_FLAG_ABLE_WHEN_GOTENKS_BOO_FIS | lang0:lang0.pak:DST_SKILL_TRANSFORM_USE_INFO_FLAG_ABLE_WHEN_GOTENKS_BOO_FIS	[悟天克斯布欧格斗形态下可使用] [taiwan:local_data.dat:DST_SKILL_TRANSFORM_USE_INFO_FLAG_ABLE_WHEN_GOTENKS_BOO_FIS] | [悟天克斯布欧格斗形态下可使用] [lang0:lang0.pak:DST_SKILL_TRANSFORM_USE_INFO_FLAG_ABLE_WHEN_GOTENKS_BOO_FIS]
[Usable while in Gotenks Boo Mystic form]	f467c3d5e114	2	2	lang0,taiwan	taiwan:local_data.dat:DST_SKILL_TRANSFORM_USE_INFO_FLAG_ABLE_WHEN_GOTENKS_BOO_MAG | lang0:lang0.pak:DST_SKILL_TRANSFORM_USE_INFO_FLAG_ABLE_WHEN_GOTENKS_BOO_MAG	[悟天克斯布欧秘术形态下可使用] [taiwan:local_data.dat:DST_SKILL_TRANSFORM_USE_INFO_FLAG_ABLE_WHEN_GOTENKS_BOO_MAG] | [悟天克斯布欧秘术形态下可使用] [lang0:lang0.pak:DST_SKILL_TRANSFORM_USE_INFO_FLAG_ABLE_WHEN_GOTENKS_BOO_MAG]
[Usable while in Great Orange form]	f39c48446fa9	2	2	lang0,taiwan	taiwan:local_data.dat:DST_SKILL_TRANSFORM_USE_INFO_FLAG_ABLE_WHEN_GREAT_ORANGE | lang0:lang0.pak:DST_SKILL_TRANSFORM_USE_INFO_FLAG_ABLE_WHEN_GREAT_ORANGE	[巨大橙色形态下可使用] [taiwan:local_data.dat:DST_SKILL_TRANSFORM_USE_INFO_FLAG_ABLE_WHEN_GREAT_ORANGE] | [巨大橙色形态下可使用] [lang0:lang0.pak:DST_SKILL_TRANSFORM_USE_INFO_FLAG_ABLE_WHEN_GREAT_ORANGE]
[Usable while in Mystic Majin form]	4ffefebb139f	2	2	lang0,taiwan	taiwan:local_data.dat:DST_SKILL_TRANSFORM_USE_INFO_FLAG_ABLE_WHEN_MYSTIC_MAJIN | lang0:lang0.pak:DST_SKILL_TRANSFORM_USE_INFO_FLAG_ABLE_WHEN_MYSTIC_MAJIN	[神秘魔人形态下可使用] [taiwan:local_data.dat:DST_SKILL_TRANSFORM_USE_INFO_FLAG_ABLE_WHEN_MYSTIC_MAJIN] | [神秘魔人形态下可使用] [lang0:lang0.pak:DST_SKILL_TRANSFORM_USE_INFO_FLAG_ABLE_WHEN_MYSTIC_MAJIN]
[Usable while in Oozaru form]	c4fa5cae2ec3	2	2	lang0,taiwan	taiwan:local_data.dat:DST_SKILL_TRANSFORM_USE_INFO_FLAG_ABLE_WHEN_BIG_MONKEY | lang0:lang0.pak:DST_SKILL_TRANSFORM_USE_INFO_FLAG_ABLE_WHEN_BIG_MONKEY	[大猿形态下可使用] [taiwan:local_data.dat:DST_SKILL_TRANSFORM_USE_INFO_FLAG_ABLE_WHEN_BIG_MONKEY] | [大猿形态下可使用] [lang0:lang0.pak:DST_SKILL_TRANSFORM_USE_INFO_FLAG_ABLE_WHEN_BIG_MONKEY]
[Usable while in Orange Namek form]	d94a9ecc5273	2	2	lang0,taiwan	taiwan:local_data.dat:DST_SKILL_TRANSFORM_USE_INFO_FLAG_ABLE_WHEN_KING_NAMEK | lang0:lang0.pak:DST_SKILL_TRANSFORM_USE_INFO_FLAG_ABLE_WHEN_KING_NAMEK	[橙色那美克星人形态下可使用] [taiwan:local_data.dat:DST_SKILL_TRANSFORM_USE_INFO_FLAG_ABLE_WHEN_KING_NAMEK] | [橙色那美克星人形态下可使用] [lang0:lang0.pak:DST_SKILL_TRANSFORM_USE_INFO_FLAG_ABLE_WHEN_KING_NAMEK]
[Usable while in Super Boo 2 form]	b3b5f2c1efd7	2	2	lang0,taiwan	taiwan:local_data.dat:DST_SKILL_TRANSFORM_USE_INFO_FLAG_ABLE_WHEN_SUPER_BOO2 | lang0:lang0.pak:DST_SKILL_TRANSFORM_USE_INFO_FLAG_ABLE_WHEN_SUPER_BOO2	[超级布欧2形态下可使用] [taiwan:local_data.dat:DST_SKILL_TRANSFORM_USE_INFO_FLAG_ABLE_WHEN_SUPER_BOO2] | [超级布欧2形态下可使用] [lang0:lang0.pak:DST_SKILL_TRANSFORM_USE_INFO_FLAG_ABLE_WHEN_SUPER_BOO2]
[Usable while in Super Boo form]	36d4fbaeb75b	2	2	lang0,taiwan	taiwan:local_data.dat:DST_SKILL_TRANSFORM_USE_INFO_FLAG_ABLE_WHEN_EVIL_BOO | lang0:lang0.pak:DST_SKILL_TRANSFORM_USE_INFO_FLAG_ABLE_WHEN_EVIL_BOO	[超级布欧形态下可使用] [taiwan:local_data.dat:DST_SKILL_TRANSFORM_USE_INFO_FLAG_ABLE_WHEN_EVIL_BOO] | [超级布欧形态下可使用] [lang0:lang0.pak:DST_SKILL_TRANSFORM_USE_INFO_FLAG_ABLE_WHEN_EVIL_BOO]
[Usable while in Super Saiyan 2 form]	2aa26571b6bc	2	2	lang0,taiwan	taiwan:local_data.dat:DST_SKILL_TRANSFORM_USE_INFO_FLAG_ABLE_WHEN_SUPER_SAIYAN2 | lang0:lang0.pak:DST_SKILL_TRANSFORM_USE_INFO_FLAG_ABLE_WHEN_SUPER_SAIYAN2	[超级赛亚人2形态下可使用] [taiwan:local_data.dat:DST_SKILL_TRANSFORM_USE_INFO_FLAG_ABLE_WHEN_SUPER_SAIYAN2] | [超级赛亚人2形态下可使用] [lang0:lang0.pak:DST_SKILL_TRANSFORM_USE_INFO_FLAG_ABLE_WHEN_SUPER_SAIYAN2]
[Usable while in Super Saiyan 3 form]	c44d4ff7e569	2	2	lang0,taiwan	taiwan:local_data.dat:DST_SKILL_TRANSFORM_USE_INFO_FLAG_ABLE_WHEN_SUPER_SAIYAN33 | lang0:lang0.pak:DST_SKILL_TRANSFORM_USE_INFO_FLAG_ABLE_WHEN_SUPER_SAIYAN33	[超级赛亚人3形态下可使用] [taiwan:local_data.dat:DST_SKILL_TRANSFORM_USE_INFO_FLAG_ABLE_WHEN_SUPER_SAIYAN33] | [超级赛亚人3形态下可使用] [lang0:lang0.pak:DST_SKILL_TRANSFORM_USE_INFO_FLAG_ABLE_WHEN_SUPER_SAIYAN33]
[Usable while in Super Saiyan 4 form]	9adec24fa5e3	2	2	lang0,taiwan	taiwan:local_data.dat:DST_SKILL_TRANSFORM_USE_INFO_FLAG_ABLE_WHEN_SUPER_SAIYAN4 | lang0:lang0.pak:DST_SKILL_TRANSFORM_USE_INFO_FLAG_ABLE_WHEN_SUPER_SAIYAN4	[超级赛亚人4形态下可使用] [taiwan:local_data.dat:DST_SKILL_TRANSFORM_USE_INFO_FLAG_ABLE_WHEN_SUPER_SAIYAN4] | [超级赛亚人4形态下可使用] [lang0:lang0.pak:DST_SKILL_TRANSFORM_USE_INFO_FLAG_ABLE_WHEN_SUPER_SAIYAN4]
[Usable while in Super Saiyan Blue form]	36ea8afeaf22	2	2	lang0,taiwan	taiwan:local_data.dat:DST_SKILL_TRANSFORM_USE_INFO_FLAG_ABLE_WHEN_SUPER_SAIYANBLUE | lang0:lang0.pak:DST_SKILL_TRANSFORM_USE_INFO_FLAG_ABLE_WHEN_SUPER_SAIYANBLUE	[超级赛亚人蓝色形态下可使用] [taiwan:local_data.dat:DST_SKILL_TRANSFORM_USE_INFO_FLAG_ABLE_WHEN_SUPER_SAIYANBLUE] | [超级赛亚人蓝色形态下可使用] [lang0:lang0.pak:DST_SKILL_TRANSFORM_USE_INFO_FLAG_ABLE_WHEN_SUPER_SAIYANBLUE]
[Usable while in Super Saiyan God form]	7b440a63a68a	2	2	lang0,taiwan	taiwan:local_data.dat:DST_SKILL_TRANSFORM_USE_INFO_FLAG_ABLE_WHEN_SUPER_SAIYAN3 | lang0:lang0.pak:DST_SKILL_TRANSFORM_USE_INFO_FLAG_ABLE_WHEN_SUPER_SAIYAN3	[超级赛亚人之神形态下可使用] [taiwan:local_data.dat:DST_SKILL_TRANSFORM_USE_INFO_FLAG_ABLE_WHEN_SUPER_SAIYAN3] | [超级赛亚人之神形态下可使用] [lang0:lang0.pak:DST_SKILL_TRANSFORM_USE_INFO_FLAG_ABLE_WHEN_SUPER_SAIYAN3]
[Usable while in Super Saiyan Legendary form]	529e78dc0d52	2	2	lang0,taiwan	taiwan:local_data.dat:DST_SKILL_TRANSFORM_USE_INFO_FLAG_ABLE_WHEN_SUPER_SAIYANL | lang0:lang0.pak:DST_SKILL_TRANSFORM_USE_INFO_FLAG_ABLE_WHEN_SUPER_SAIYANL	[传说超级赛亚人形态下可使用] [taiwan:local_data.dat:DST_SKILL_TRANSFORM_USE_INFO_FLAG_ABLE_WHEN_SUPER_SAIYANL] | [传说超级赛亚人形态下可使用] [lang0:lang0.pak:DST_SKILL_TRANSFORM_USE_INFO_FLAG_ABLE_WHEN_SUPER_SAIYANL]
[Usable while in Super Saiyan Rose form]	b723510b5e20	2	2	lang0,taiwan	taiwan:local_data.dat:DST_SKILL_TRANSFORM_USE_INFO_FLAG_ABLE_WHEN_SUPER_SAIYANROSE | lang0:lang0.pak:DST_SKILL_TRANSFORM_USE_INFO_FLAG_ABLE_WHEN_SUPER_SAIYANROSE	[超级赛亚人桃红形态下可使用] [taiwan:local_data.dat:DST_SKILL_TRANSFORM_USE_INFO_FLAG_ABLE_WHEN_SUPER_SAIYANROSE] | [超级赛亚人桃红形态下可使用] [lang0:lang0.pak:DST_SKILL_TRANSFORM_USE_INFO_FLAG_ABLE_WHEN_SUPER_SAIYANROSE]
A	6dcd4ce23d88	2	2	lang0,taiwan	taiwan:local_data.dat:DST_CHAT_IME_ENG | lang0:lang0.pak:DST_CHAT_IME_ENG	
A North Kaioh Tecnique.	943b47941bae	2	2	taiwan,tbl	taiwan:table_text_all_data.rdf:7:101060301:0 | tbl:tbl1.pak:0x017F103D	
A Very Beatiful Cat Ears	d5fa39d5c1ca	2	2	taiwan,tbl	taiwan:table_text_all_data.rdf:3:70002260:0 | tbl:tbl1.pak:0x01629415	
Accessory	962403f6dae8	2	2	lang0,tbl	lang0:lang0.pak:DST_MARKET_ACCESSORY | tbl:tbl1.pak:0x01863461	饰品 [lang0:lang0.pak:DST_MARKET_ACCESSORY]
Accessory 1 - Mask	c6930fcf5557	2	2	lang0,taiwan	taiwan:local_data.dat:DST_EQUIP_SLOT_TYPE_ACCESSORY1 | lang0:lang0.pak:DST_EQUIP_SLOT_TYPE_ACCESSORY1	配件 1 - 面具 [lang0:lang0.pak:DST_EQUIP_SLOT_TYPE_ACCESSORY1]
Accessory 2 - Richness	743ac3dc0393	2	2	lang0,taiwan	taiwan:local_data.dat:DST_EQUIP_SLOT_TYPE_ACCESSORY2 | lang0:lang0.pak:DST_EQUIP_SLOT_TYPE_ACCESSORY2	饰品2 - 富饶 [taiwan:local_data.dat:DST_EQUIP_SLOT_TYPE_ACCESSORY2] | 配件 2 - 光环 [lang0:lang0.pak:DST_EQUIP_SLOT_TYPE_ACCESSORY2]
Accessory 3 - Backpack	39e805493be9	2	2	lang0,taiwan	taiwan:local_data.dat:DST_EQUIP_SLOT_TYPE_ACCESSORY3 | lang0:lang0.pak:DST_EQUIP_SLOT_TYPE_ACCESSORY3	配件 3 - 背饰 [lang0:lang0.pak:DST_EQUIP_SLOT_TYPE_ACCESSORY3]
Accessory 4 - Tail	9017341a06b0	2	2	lang0,taiwan	taiwan:local_data.dat:DST_EQUIP_SLOT_TAIL | lang0:lang0.pak:DST_EQUIP_SLOT_TAIL	配件 4 - 尾巴 [lang0:lang0.pak:DST_EQUIP_SLOT_TAIL]
Acessory 4 - Tail	3a804480de0f	2	2	lang0,taiwan	taiwan:local_data.dat:DST_EQUIP_SLOT_TYPE_TAIL | lang0:lang0.pak:DST_EQUIP_SLOT_TYPE_TAIL	配件 4 - 尾巴 [lang0:lang0.pak:DST_EQUIP_SLOT_TYPE_TAIL]
Action Skills	64d7a97e565b	2	2	lang0,tbl	lang0:lang0.pak:DST_SKILL_TAB_ACTION_SKILL | tbl:tbl1.pak:0x018635E7	动作技能 [lang0:lang0.pak:DST_SKILL_TAB_ACTION_SKILL]
Air mode failed.	47ffeca0a068	2	2	lang0,taiwan	taiwan:local_sync_data.dat:AIR_FAIL | lang0:lang0.pak:AIR_FAIL	
Alien Engineer	e52df17fe207	2	2	lang0,tbl	lang0:lang0.pak:DST_JOB_ALIEN_ENGINEER | tbl:tbl1.pak:0x01715364	异星工程师 [tbl:tbl1.pak:0x01715364]
Already joined Scramble	87cedf9190fb	2	2	lang0,taiwan	taiwan:local_data.dat:DST_DRAGONBALL_SCRAMBLE_ALREADY_JOIN | lang0:lang0.pak:DST_DRAGONBALL_SCRAMBLE_ALREADY_JOIN	
Android	1928f95c598b	2	2	lang0,tbl	lang0:lang0.pak:DST_MOB_TYPE_ANDROID | tbl:tbl1.pak:0x0186210D	
Android 21 Outfit	184907f66a1a	2	2	taiwan,tbl	taiwan:table_text_all_data.rdf:3:7000238:0 | tbl:tbl1.pak:0x014B4B7D	人造人21套装 [taiwan:table_text_all_data.rdf:3:7000238:0]
App.	249a91d21e3d	2	2	lang0,taiwan	taiwan:local_data.dat:DST_DRAGONBALL_SCRAMBLE_CONFIRM_OK | lang0:lang0.pak:DST_DRAGONBALL_SCRAMBLE_CONFIRM_OK	
Appearance Change	330d80e39197	2	2	lang0,taiwan	taiwan:local_data.dat:DST_LOBBY_APPEARANCE_CHANGE | lang0:lang0.pak:DST_LOBBY_APPEARANCE_CHANGE	
Apply Only Effect	51c95289c002	2	2	lang0,taiwan	taiwan:local_data.dat:DST_OPTION_OKEFFECT | lang0:lang0.pak:DST_OPTION_OKEFFECT	仅应用效果 [taiwan:local_data.dat:DST_OPTION_OKEFFECT] | 仅应用效果 [lang0:lang0.pak:DST_OPTION_OKEFFECT]
Aqua Outfit	fe0bd07c6fcc	2	2	taiwan,tbl	taiwan:table_text_all_data.rdf:3:7000217:0 | tbl:tbl1.pak:0x014B4961	阿库娅套装 [taiwan:table_text_all_data.rdf:3:7000217:0]
Aria Waterfall Cave	f401b5262787	2	2	lang0,tbl	lang0:lang0.pak:DST_CITYMAP_WATERFALL | tbl:tbl1.pak:0x0180CFA2	
Armor Merchant	dae9f09ed7db	2	2	lang0,tbl	lang0:lang0.pak:DST_JOB_ARMOR_MERCHANT | tbl:tbl1.pak:0x01714AAC	
Attack on Titan Dogi	a7dec3b82dd9	2	2	taiwan,tbl	taiwan:table_text_all_data.rdf:3:7000223:0 | tbl:tbl1.pak:0x014B4997	
Backpack	0ccf90eb09d6	2	2	lang0,tbl	lang0:lang0.pak:DST_BACKDST_PACK | tbl:tbl1.pak:0x01863379	
Battle Dragon Ball	bd9c68336614	2	2	lang0,tbl	lang0:lang0.pak:DST_REVERTED_BATTLE_DRAGONBALL | tbl:tbl1.pak:0x013487D5	
Battle Dragon Ball have been compensated	166ba1b9cafd	2	2	lang0,taiwan	taiwan:local_data.dat:DST_DRGONBALL_SCRAMBLE_SEASON_REFRESH_NFY | lang0:lang0.pak:DST_DRGONBALL_SCRAMBLE_SEASON_REFRESH_NFY	
Battle Dragon Ball turned into a stone, you won't receive compensation	032bb17b22cd	2	2	lang0,taiwan	taiwan:local_data.dat:DST_DRAGONBALL_SCRAMBLE_SEASON_REWARD_COOLTIME_NFY | lang0:lang0.pak:DST_DRAGONBALL_SCRAMBLE_SEASON_REWARD_COOLTIME_NFY	
Battle Points	ee29811b5557	2	2	lang0,tbl	lang0:lang0.pak:DST_BUDOKAI_INDI_REQ_RANKING | tbl:tbl1.pak:0x018686C5	
Bazooka	1a6715b17711	2	2	lang0,tbl	lang0:lang0.pak:DST_BAZOOKA | tbl:tbl1.pak:0x01863365	
Black Destruction Outfit	bff2da75199a	2	2	taiwan,tbl	taiwan:table_text_all_data.rdf:3:111701122:0 | tbl:tbl1.pak:0x0168B59F	
Black Stone	683be4a07d7d	2	2	lang0,tbl	lang0:lang0.pak:DST_MARKET_BLACK_STONE | tbl:tbl1.pak:0x013B6213	黑石 [lang0:lang0.pak:DST_MARKET_BLACK_STONE]
Booney Dogi	7cc6ebc08ba9	2	2	taiwan,tbl	taiwan:table_text_all_data.rdf:3:7000228:0 | tbl:tbl1.pak:0x014B4A47	
Booney Nika Dogi	866e8c2e6285	2	2	taiwan,tbl	taiwan:table_text_all_data.rdf:3:7000229:0 | tbl:tbl1.pak:0x014B4A63	
Booney Nika Hair	6d1cc350f5d0	2	2	taiwan,tbl	taiwan:table_text_all_data.rdf:3:7000227:0 | tbl:tbl1.pak:0x014B4A21	
Boss Script 1	443d32d64be4	2	2	taiwan,tbl	taiwan:table_text_all_data.rdf:6:3701220:0 | tbl:tbl1.pak:0x0172DD60	
Boss Script 2	69d3210a6a2d	2	2	taiwan,tbl	taiwan:table_text_all_data.rdf:6:3701221:0 | tbl:tbl1.pak:0x0172DD80	
Building	9d914bfcf1c5	2	2	lang0,tbl	lang0:lang0.pak:DST_MOB_TYPE_BUILDING | tbl:tbl1.pak:0x016CA759	
Bus Routes	62aa4136f3e7	2	2	lang0,tbl	lang0:lang0.pak:DST_WORLDMAP_BUS_ROUTE_PAINT | tbl:tbl1.pak:0x01862C93	
BuuHan	69dbbd74147b	2	2	taiwan,tbl	taiwan:table_text_all_data.rdf:7:5202512:0 | tbl:tbl1.pak:0x017AA5C1	
Call Dragon	2bb7f16595b6	2	2	lang0,taiwan	taiwan:local_data.dat:DST_DRAGONBALL_SCRAMBLE_CONFIRM_GET_2 | lang0:lang0.pak:DST_DRAGONBALL_SCRAMBLE_CONFIRM_GET_2	
Can't join Dragon Ball scramble	5a115ce9e306	2	2	lang0,taiwan	taiwan:local_data.dat:DST_DRAGONBALL_SCRAMBLE_RETURN_MSG | lang0:lang0.pak:DST_DRAGONBALL_SCRAMBLE_RETURN_MSG	
Can't trade Dragon Ball	5b38da658ce3	2	2	lang0,taiwan	taiwan:local_data.dat:DST_DRAGONBALL_SCRAMBLE_CAN_NOT_TRADE_TARGET | lang0:lang0.pak:DST_DRAGONBALL_SCRAMBLE_CAN_NOT_TRADE_TARGET	
Can't use skill while buuhan 2.	7059f89e9b40	2	2	lang0,taiwan	taiwan:local_sync_data.dat:GAME_SKILL_CANT_USE_SKILL_WHEN_BUUHAN_SKIN2 | lang0:lang0.pak:GAME_SKILL_CANT_USE_SKILL_WHEN_BUUHAN_SKIN2	不能在布欧悟饭2形态下使用技能。 [taiwan:local_data.dat:GAME_SKILL_CANT_USE_SKILL_WHEN_BUUHAN_SKIN2] | 不能在布欧悟饭2形态下使用技能。 [taiwan:local_sync_data.dat:GAME_SKILL_CANT_USE_SKILL_WHEN_BUUHAN_SKIN2]
Can't use skill while buuhan.	498a15dde7d6	2	2	lang0,taiwan	taiwan:local_sync_data.dat:GAME_SKILL_CANT_USE_SKILL_WHEN_BUUHAN_SKIN | lang0:lang0.pak:GAME_SKILL_CANT_USE_SKILL_WHEN_BUUHAN_SKIN	不能在布欧悟饭形态下使用技能。 [taiwan:local_data.dat:GAME_SKILL_CANT_USE_SKILL_WHEN_BUUHAN_SKIN] | 不能在布欧悟饭形态下使用技能。 [taiwan:local_sync_data.dat:GAME_SKILL_CANT_USE_SKILL_WHEN_BUUHAN_SKIN]
Can't use skill while dark namek.	194c1f6943ac	2	2	lang0,taiwan	taiwan:local_sync_data.dat:GAME_SKILL_CANT_USE_SKILL_WHEN_DARK_NAMEK | lang0:lang0.pak:GAME_SKILL_CANT_USE_SKILL_WHEN_DARK_NAMEK	不能在黑暗那美克形态下使用技能。 [taiwan:local_data.dat:GAME_SKILL_CANT_USE_SKILL_WHEN_DARK_NAMEK] | 不能在黑暗那美克形态下使用技能。 [taiwan:local_sync_data.dat:GAME_SKILL_CANT_USE_SKILL_WHEN_DARK_NAMEK]
Can't use skill while evil boo.	179fc49d6d95	2	2	lang0,taiwan	taiwan:local_sync_data.dat:GAME_SKILL_CANT_USE_SKILL_WHEN_EVIL_BOO | lang0:lang0.pak:GAME_SKILL_CANT_USE_SKILL_WHEN_EVIL_BOO	不能在邪恶布欧形态下使用技能。 [taiwan:local_data.dat:GAME_SKILL_CANT_USE_SKILL_WHEN_EVIL_BOO] | 不能在邪恶布欧形态下使用技能。 [taiwan:local_sync_data.dat:GAME_SKILL_CANT_USE_SKILL_WHEN_EVIL_BOO]
Can't use skill while evil namek.	aa65620d59cd	2	2	lang0,taiwan	taiwan:local_sync_data.dat:GAME_SKILL_CANT_USE_SKILL_WHEN_EVIL_NAMEK | lang0:lang0.pak:GAME_SKILL_CANT_USE_SKILL_WHEN_EVIL_NAMEK	不能在邪恶那美克形态下使用技能。 [taiwan:local_data.dat:GAME_SKILL_CANT_USE_SKILL_WHEN_EVIL_NAMEK] | 不能在邪恶那美克形态下使用技能。 [taiwan:local_sync_data.dat:GAME_SKILL_CANT_USE_SKILL_WHEN_EVIL_NAMEK]
Can't use skill while gotenks boo magic.	219c549949c7	2	2	lang0,taiwan	taiwan:local_sync_data.dat:GAME_SKILL_CANT_USE_SKILL_WHEN_GOTENKS_BOO_MAG | lang0:lang0.pak:GAME_SKILL_CANT_USE_SKILL_WHEN_GOTENKS_BOO_MAG	不能在悟天克斯布欧魔法形态下使用技能。 [taiwan:local_data.dat:GAME_SKILL_CANT_USE_SKILL_WHEN_GOTENKS_BOO_MAG] | 不能在悟天克斯布欧魔法形态下使用技能。 [taiwan:local_sync_data.dat:GAME_SKILL_CANT_USE_SKILL_WHEN_GOTENKS_BOO_MAG]
Can't use skill while gotenks boo.	a6c331d4c0a8	2	2	lang0,taiwan	taiwan:local_sync_data.dat:GAME_SKILL_CANT_USE_SKILL_WHEN_GOTENKS_BOO_FIS | lang0:lang0.pak:GAME_SKILL_CANT_USE_SKILL_WHEN_GOTENKS_BOO_FIS	不能在悟天克斯布欧形态下使用技能。 [taiwan:local_data.dat:GAME_SKILL_CANT_USE_SKILL_WHEN_GOTENKS_BOO_FIS] | 不能在悟天克斯布欧形态下使用技能。 [taiwan:local_sync_data.dat:GAME_SKILL_CANT_USE_SKILL_WHEN_GOTENKS_BOO_FIS]
Can't use skill while great ape.	cf28ad1ec799	2	2	lang0,taiwan	taiwan:local_sync_data.dat:GAME_SKILL_CANT_USE_SKILL_WHEN_BIG_MONKEY | lang0:lang0.pak:GAME_SKILL_CANT_USE_SKILL_WHEN_BIG_MONKEY	不能在大猿形态下使用技能。 [taiwan:local_data.dat:GAME_SKILL_CANT_USE_SKILL_WHEN_BIG_MONKEY] | 不能在大猿形态下使用技能。 [taiwan:local_sync_data.dat:GAME_SKILL_CANT_USE_SKILL_WHEN_BIG_MONKEY]
Can't use skill while great orange.	0ca7a4ad841d	2	2	lang0,taiwan	taiwan:local_sync_data.dat:GAME_SKILL_CANT_USE_SKILL_WHEN_GREAT_ORANGE | lang0:lang0.pak:GAME_SKILL_CANT_USE_SKILL_WHEN_GREAT_ORANGE	不能在巨大橙色形态下使用技能。 [taiwan:local_data.dat:GAME_SKILL_CANT_USE_SKILL_WHEN_GREAT_ORANGE] | 不能在巨大橙色形态下使用技能。 [taiwan:local_sync_data.dat:GAME_SKILL_CANT_USE_SKILL_WHEN_GREAT_ORANGE]
Can't use skill while king namek.	f84bde38135e	2	2	lang0,taiwan	taiwan:local_sync_data.dat:GAME_SKILL_CANT_USE_SKILL_WHEN_KING_NAMEK | lang0:lang0.pak:GAME_SKILL_CANT_USE_SKILL_WHEN_KING_NAMEK	不能在王那美克形态下使用技能。 [taiwan:local_data.dat:GAME_SKILL_CANT_USE_SKILL_WHEN_KING_NAMEK]
Can't use skill while legendary super saiyan.	8ba4f56d9943	2	2	lang0,taiwan	taiwan:local_sync_data.dat:GAME_SKILL_CANT_USE_SKILL_WHEN_SUPER_SAIYANL | lang0:lang0.pak:GAME_SKILL_CANT_USE_SKILL_WHEN_SUPER_SAIYANL	不能在传说超级赛亚人形态下使用技能。 [taiwan:local_data.dat:GAME_SKILL_CANT_USE_SKILL_WHEN_SUPER_SAIYANL] | 不能在传说超级赛亚人形态下使用技能。 [taiwan:local_sync_data.dat:GAME_SKILL_CANT_USE_SKILL_WHEN_SUPER_SAIYANL]
Can't use skill while majin super saiyan.	ffb11cc3ac97	2	2	lang0,taiwan	taiwan:local_sync_data.dat:GAME_SKILL_CANT_USE_SKILL_WHEN_SUPER_SAIYANMAJIN | lang0:lang0.pak:GAME_SKILL_CANT_USE_SKILL_WHEN_SUPER_SAIYANMAJIN	不能在魔人超级赛亚人形态下使用技能。 [taiwan:local_data.dat:GAME_SKILL_CANT_USE_SKILL_WHEN_SUPER_SAIYANMAJIN] | 不能在魔人超级赛亚人形态下使用技能。 [taiwan:local_sync_data.dat:GAME_SKILL_CANT_USE_SKILL_WHEN_SUPER_SAIYANMAJIN]
Can't use skill while mystic majin.	b7e54e79097a	2	2	lang0,taiwan	taiwan:local_sync_data.dat:GAME_SKILL_CANT_USE_SKILL_WHEN_MYSTIC_MAJIN | lang0:lang0.pak:GAME_SKILL_CANT_USE_SKILL_WHEN_MYSTIC_MAJIN	
Can't use skill while namek super saiyan.	145b3cf6b7e6	2	2	lang0,taiwan	taiwan:local_sync_data.dat:GAME_SKILL_CANT_USE_SKILL_WHEN_SUPER_SAIYANNAMEK | lang0:lang0.pak:GAME_SKILL_CANT_USE_SKILL_WHEN_SUPER_SAIYANNAMEK	不能在那美克超级赛亚人形态下使用技能。 [taiwan:local_data.dat:GAME_SKILL_CANT_USE_SKILL_WHEN_SUPER_SAIYANNAMEK] | 不能在那美克超级赛亚人形态下使用技能。 [taiwan:local_sync_data.dat:GAME_SKILL_CANT_USE_SKILL_WHEN_SUPER_SAIYANNAMEK]
Can't use skill while super boo 2.	0ea3f8da8c35	2	2	lang0,taiwan	taiwan:local_sync_data.dat:GAME_SKILL_CANT_USE_SKILL_WHEN_SUPER_BOO2 | lang0:lang0.pak:GAME_SKILL_CANT_USE_SKILL_WHEN_SUPER_BOO2	不能在超级布欧2形态下使用技能。 [taiwan:local_data.dat:GAME_SKILL_CANT_USE_SKILL_WHEN_SUPER_BOO2]
Can't use skill while super boo.	345361255e06	2	2	lang0,taiwan	taiwan:local_sync_data.dat:GAME_SKILL_CANT_USE_SKILL_WHEN_SUPER_BOO | lang0:lang0.pak:GAME_SKILL_CANT_USE_SKILL_WHEN_SUPER_BOO	不能在超级布欧形态下使用技能。 [taiwan:local_data.dat:GAME_SKILL_CANT_USE_SKILL_WHEN_SUPER_BOO]
Can't use skill while super saiyan 2.	ed144077b345	2	2	lang0,taiwan	taiwan:local_sync_data.dat:GAME_SKILL_CANT_USE_SKILL_WHEN_SUPER_SAIYAN2 | lang0:lang0.pak:GAME_SKILL_CANT_USE_SKILL_WHEN_SUPER_SAIYAN2	不能在超级赛亚人2形态下使用技能。 [taiwan:local_data.dat:GAME_SKILL_CANT_USE_SKILL_WHEN_SUPER_SAIYAN2]
Can't use skill while super saiyan 4.	1d9e33c38050	2	2	lang0,taiwan	taiwan:local_sync_data.dat:GAME_SKILL_CANT_USE_SKILL_WHEN_SUPER_SAIYAN4 | lang0:lang0.pak:GAME_SKILL_CANT_USE_SKILL_WHEN_SUPER_SAIYAN4	不能在超级赛亚人4形态下使用技能。 [taiwan:local_data.dat:GAME_SKILL_CANT_USE_SKILL_WHEN_SUPER_SAIYAN4] | 不能在超级赛亚人4形态下使用技能。 [taiwan:local_sync_data.dat:GAME_SKILL_CANT_USE_SKILL_WHEN_SUPER_SAIYAN4]
Can't use skill while super saiyan blue.	7a946d61a8c5	2	2	lang0,taiwan	taiwan:local_sync_data.dat:GAME_SKILL_CANT_USE_SKILL_WHEN_SUPER_SAIYANBLUE | lang0:lang0.pak:GAME_SKILL_CANT_USE_SKILL_WHEN_SUPER_SAIYANBLUE	不能在超级赛亚人蓝形态下使用技能。 [taiwan:local_data.dat:GAME_SKILL_CANT_USE_SKILL_WHEN_SUPER_SAIYANBLUE]
Can't use skill while super saiyan god super saiyan.	ca9a37bbf96e	2	2	lang0,taiwan	taiwan:local_sync_data.dat:GAME_SKILL_CANT_USE_SKILL_WHEN_SUPER_SAIYAN33 | lang0:lang0.pak:GAME_SKILL_CANT_USE_SKILL_WHEN_SUPER_SAIYAN33	不能在超级赛亚人蓝形态下使用技能。 [taiwan:local_data.dat:GAME_SKILL_CANT_USE_SKILL_WHEN_SUPER_SAIYAN33] | 不能在超级赛亚人蓝形态下使用技能。 [taiwan:local_sync_data.dat:GAME_SKILL_CANT_USE_SKILL_WHEN_SUPER_SAIYAN33]
Can't use skill while super saiyan God.	d353edfc3b54	2	2	lang0,taiwan	taiwan:local_sync_data.dat:GAME_SKILL_CANT_USE_SKILL_WHEN_SUPER_SAIYAN3 | lang0:lang0.pak:GAME_SKILL_CANT_USE_SKILL_WHEN_SUPER_SAIYAN3	不能在超级赛亚人之神形态下使用技能。 [taiwan:local_data.dat:GAME_SKILL_CANT_USE_SKILL_WHEN_SUPER_SAIYAN3] | 不能在超级赛亚人之神形态下使用技能。 [taiwan:local_sync_data.dat:GAME_SKILL_CANT_USE_SKILL_WHEN_SUPER_SAIYAN3]
Can't use skill while super saiyan rose.	b2c917973715	2	2	lang0,taiwan	taiwan:local_sync_data.dat:GAME_SKILL_CANT_USE_SKILL_WHEN_SUPER_SAIYANROSE | lang0:lang0.pak:GAME_SKILL_CANT_USE_SKILL_WHEN_SUPER_SAIYANROSE	不能在超级赛亚人桃红形态下使用技能。 [taiwan:local_data.dat:GAME_SKILL_CANT_USE_SKILL_WHEN_SUPER_SAIYANROSE] | 不能在超级赛亚人桃红形态下使用技能。 [taiwan:local_sync_data.dat:GAME_SKILL_CANT_USE_SKILL_WHEN_SUPER_SAIYANROSE]
Cannot register in current state.	aee520860708	2	2	lang0,taiwan	taiwan:local_sync_data.dat:GAME_PARTYMATCHING_REGISTER_WRONG_STATE | lang0:lang0.pak:GAME_PARTYMATCHING_REGISTER_WRONG_STATE	
Cannot restructure this grade.	0de76b6840d6	2	2	lang0,taiwan	taiwan:local_data.dat:DST_ITEM_OPTION_RESTRUCTURE_CANNOT_GRADE_ERR | lang0:lang0.pak:DST_ITEM_OPTION_RESTRUCTURE_CANNOT_GRADE_ERR	
Cannot roll dice in current state.	267f841748c8	2	2	lang0,taiwan	taiwan:local_sync_data.dat:GAME_ITEM_DICE_FAIL_LIMITED_STATE | lang0:lang0.pak:GAME_ITEM_DICE_FAIL_LIMITED_STATE	
Cannot seal summoned pet.	e64151aeddb9	2	2	lang0,taiwan	taiwan:local_data.dat:DST_MASCOTEX_MASCOTSEAL_SUMMON_MASCOT | lang0:lang0.pak:DST_MASCOTEX_MASCOTSEAL_SUMMON_MASCOT	
Cannot toggle aura while Kaioken Boost is active.	9a27bdb5a943	2	2	lang0,taiwan	taiwan:local_sync_data.dat:GAME_CANNOT_TOGGLE_AURA_WITH_KAIOKEN | lang0:lang0.pak:GAME_CANNOT_TOGGLE_AURA_WITH_KAIOKEN	
Capsule Kit	0369021bbe93	2	2	lang0,tbl	lang0:lang0.pak:DST_MARKET_CAPSULE_KIT | tbl:tbl1.pak:0x01867293	胶囊套装 [lang0:lang0.pak:DST_MARKET_CAPSULE_KIT]
Card Count	0de6121c349a	2	2	lang0,taiwan	taiwan:local_data.dat:DST_DWC_CARDCOUNT | lang0:lang0.pak:DST_DWC_CARDCOUNT	
Card Grade	e5addc7251f8	2	2	lang0,taiwan	taiwan:local_data.dat:DST_DWC_CARD_GRADE | lang0:lang0.pak:DST_DWC_CARD_GRADE	卡片等级 [taiwan:local_data.dat:DST_DWC_CARD_GRADE]
Casual Outfit	674100f05c08	2	2	taiwan,tbl	taiwan:table_text_all_data.rdf:3:111703020:0 | tbl:tbl1.pak:0x0169345B	
Cat Ears	5b43f1b0411f	2	2	taiwan,tbl	taiwan:table_text_all_data.rdf:3:7000226:0 | tbl:tbl1.pak:0x014B4A0B	
Character Info	2725d0d11899	2	2	lang0,tbl	lang0:lang0.pak:DST_LOBBY_CARACTER_INFO | tbl:tbl1.pak:0x01867307	角色信息 [lang0:lang0.pak:DST_LOBBY_CARACTER_INFO]
ColdFire Cowboy	e43b596c4f49	2	2	taiwan,tbl	taiwan:table_text_all_data.rdf:3:111703000:0 | tbl:tbl1.pak:0x0169338B	
ColdFire Gladiator	547a582ff057	2	2	taiwan,tbl	taiwan:table_text_all_data.rdf:3:111702990:0 | tbl:tbl1.pak:0x01693311	
Combat info	2b0b418940fd	2	2	lang0,tbl	lang0:lang0.pak:DST_OPTION_INFO_DAMAGE_RENDER | tbl:tbl1.pak:0x017F7A18	战斗信息 [lang0:lang0.pak:DST_OPTION_INFO_DAMAGE_RENDER]
Compensation Box	c79d477a3795	2	2	taiwan,tbl	taiwan:table_text_all_data.rdf:3:700010691:0 | tbl:tbl1.pak:0x016AE4B1	
Condition Status	de585015ab50	2	2	lang0,taiwan	taiwan:local_data.dat:DST_DWC_CONDITION_STATE | lang0:lang0.pak:DST_DWC_CONDITION_STATE	
Cooldown	98fd67d93f41	2	2	lang0,tbl	lang0:lang0.pak:DST_INFOWND_RPBONUS_COOLTIME | tbl:tbl1.pak:0x01863767	冷却 [lang0:lang0.pak:DST_INFOWND_RPBONUS_COOLTIME]
Dabura Outfit [Red]	2e12515bcbac	2	2	taiwan,tbl	taiwan:table_text_all_data.rdf:3:111702900:0 | tbl:tbl1.pak:0x01692E0D	
Daily Package (Basic)	51b9c0b7e617	2	2	taiwan,tbl	taiwan:table_text_all_data.rdf:13:10100300:0 | tbl:tbl1.pak:0x0186B29D	
Daily Package (Epic)	02ad659f5525	2	2	taiwan,tbl	taiwan:table_text_all_data.rdf:13:10100340:0 | tbl:tbl1.pak:0x0186B47B	
Daily Package (Legendary)	0a2b6e88856c	2	2	taiwan,tbl	taiwan:table_text_all_data.rdf:13:10100350:0 | tbl:tbl1.pak:0x0186B4E7	
DANDANDAN Glasses	529d5ff6d789	2	2	taiwan,tbl	taiwan:table_text_all_data.rdf:3:7000225:0 | tbl:tbl1.pak:0x014B49E3	
Dark Warrior	ad7a940f7168	2	2	lang0,tbl	lang0:lang0.pak:DST_DARK_WARRIOR | tbl:tbl1.pak:0x01862F5D	魔导战士 [lang0:lang0.pak:DST_DARK_WARRIOR]
Dead Pig	a391c15c5d75	2	2	taiwan,tbl	taiwan:table_text_all_data.rdf:5:12131021:0 | tbl:tbl1.pak:0x0170ACAB	
DEF Test Center	4048cd05c812	2	2	taiwan,tbl	taiwan:table_text_all_data.rdf:10:100150000:0 | tbl:tbl1.pak:0x0180D5D4	
DEF Test Center;	120973dc2c3b	2	2	taiwan,tbl	taiwan:table_text_all_data.rdf:10:200250000:0 | tbl:tbl1.pak:0x01816410	
Defense Rate	f84a6f307fee	2	2	lang0,tbl	lang0:lang0.pak:DST_PET_STATUS_BLOCK_RATE | tbl:tbl1.pak:0x01860573	
Dende (Earth's Guardian)	1d945168d526	2	2	taiwan,tbl	taiwan:table_text_all_data.rdf:6:1381113:0 | tbl:tbl1.pak:0x017228DA	
Dende Priest	9470e1f0d859	2	2	lang0,tbl	lang0:lang0.pak:DST_DENDEN_HEALER | tbl:tbl1.pak:0x01862FB7	天天导师 [lang0:lang0.pak:DST_DENDEN_HEALER]
Derieri Outfit	f52ee3ae4bdb	2	2	taiwan,tbl	taiwan:table_text_all_data.rdf:3:7000239:0 | tbl:tbl1.pak:0x014B4BA5	
Dice item not found.	8796d5906639	2	2	lang0,taiwan	taiwan:local_sync_data.dat:GAME_ITEM_DICE_FAIL_NOT_FIND | lang0:lang0.pak:GAME_ITEM_DICE_FAIL_NOT_FIND	
Difficulty Level	5a1d0ceed85d	2	2	lang0,taiwan	taiwan:local_data.dat:DST_DWC_PLAY_LEVEL | lang0:lang0.pak:DST_DWC_PLAY_LEVEL	
Dinosaur Leader	05ba1107ef4a	2	2	taiwan,tbl	taiwan:table_text_all_data.rdf:5:12131023:0 | tbl:tbl1.pak:0x0170ACDF	
Disables all visual effects for maximum performance (Overrides Player Filter, hides all players, pets and mascots)	488a8001f75e	2	2	lang0,taiwan	taiwan:local_data.dat:DST_OPTION_TOOLTIP_PERFORMANCE_MODE | lang0:lang0.pak:DST_OPTION_TOOLTIP_PERFORMANCE_MODE	
Divine	1b8cf090e6ef	2	2	lang0,tbl	lang0:lang0.pak:DST_ITEM_GRADE_HERO | tbl:tbl0.pak:0x01399D1D	神圣 [lang0:lang0.pak:DST_ITEM_GRADE_HERO]
Divine Retribution	36bb1ed3eb81	2	2	taiwan,tbl	taiwan:table_text_all_data.rdf:7:8107710:0 | tbl:tbl1.pak:0x017B82BF	
Dog Flute of Mero	efb7435ae766	2	2	taiwan,tbl	taiwan:table_text_all_data.rdf:3:980340:0 | tbl:tbl1.pak:0x013140D1	
Dogi Merchant	66907fbce6b4	2	2	lang0,tbl	lang0:lang0.pak:DST_JOB_DOGI_MERCHANT | tbl:tbl1.pak:0x01714D00	
Dogi Preview Merchant	8d36a9d2ae9d	2	2	taiwan,tbl	taiwan:table_text_all_data.rdf:6:1381114:0 | tbl:tbl1.pak:0x01722910	
Dojo Seal	f0b0ced0af85	2	2	lang0,tbl	lang0:lang0.pak:DST_JOB_DOJO_SEAL | tbl:tbl1.pak:0x0172705C	
Dojo Tournament	fb7c347620fd	2	2	lang0,taiwan	taiwan:local_data.dat:DST_BUDOKAI_NOTICE_GUIDE_DOJO_TITLE | lang0:lang0.pak:DST_BUDOKAI_NOTICE_GUIDE_DOJO_TITLE	
Dragon Ball Lost!!	90dd6f552b46	2	2	lang0,taiwan	taiwan:local_data.dat:DST_DRAGONBALL_SCRAMBLE_DROP_MSG | lang0:lang0.pak:DST_DRAGONBALL_SCRAMBLE_DROP_MSG	龙珠丢失!! [taiwan:local_data.dat:DST_DRAGONBALL_SCRAMBLE_DROP_MSG]
Dragon Ball Scramble App.	2062d35565f9	2	2	lang0,taiwan	taiwan:local_data.dat:DST_DRAGONBALL_SCRAMBLE_CONFIRM_TITLE | lang0:lang0.pak:DST_DRAGONBALL_SCRAMBLE_CONFIRM_TITLE	
Dragon Ball Scramble Event End	d86f5cc88f21	2	2	lang0,taiwan	taiwan:local_data.dat:DST_DRAGONBALL_SCRAMBLE_SEASON_END_NFY | lang0:lang0.pak:DST_DRAGONBALL_SCRAMBLE_SEASON_END_NFY	
Dragon Ball Scramble Event Started	8b5683dee36a	2	2	lang0,taiwan	taiwan:local_data.dat:DST_DRAGONBALL_SCRAMBLE_SEASON_BEGIN_NFY | lang0:lang0.pak:DST_DRAGONBALL_SCRAMBLE_SEASON_BEGIN_NFY	
Dragon Ball Scramble Event!	933327059a6f	2	2	lang0,taiwan	taiwan:local_data.dat:DST_DRAGONBALL_SCRAMBLE_CHANNEL_INFO | lang0:lang0.pak:DST_DRAGONBALL_SCRAMBLE_CHANNEL_INFO	
Dragon World Championship failed.	7f25b2d68de6	2	2	lang0,taiwan	taiwan:local_sync_data.dat:DWC_FAIL | lang0:lang0.pak:DWC_FAIL	
Drop Sell	99cd286609b9	2	2	lang0,taiwan	taiwan:local_data.dat:DST_OPTION_TAB_DROP_SELL | lang0:lang0.pak:DST_OPTION_TAB_DROP_SELL	出售 [lang0:lang0.pak:DST_OPTION_TAB_DROP_SELL]
Dropped To pick up	db3ac38bd5a1	2	2	lang0,taiwan	taiwan:local_data.dat:DST_DRAGONBALL_SCRAMBLE_CONFIRM_GET_1 | lang0:lang0.pak:DST_DRAGONBALL_SCRAMBLE_CONFIRM_GET_1	已掉落，可拾取 [taiwan:local_data.dat:DST_DRAGONBALL_SCRAMBLE_CONFIRM_GET_1]
Drum	32bad1d2cace	2	2	lang0,taiwan	taiwan:local_data.dat:DST_DRUM | lang0:lang0.pak:DST_DRUM	鼓 [taiwan:local_data.dat:DST_DRUM] | 鼓 [lang0:lang0.pak:DST_DRUM]
Dual Gun	4171d67af7d8	2	2	lang0,taiwan	taiwan:local_data.dat:DST_DUALDST_GUN | lang0:lang0.pak:DST_DUALDST_GUN	
Durability	74dd08678521	2	2	lang0,tbl	lang0:lang0.pak:DST_SCOUTER_ENDURANCE | tbl:tbl1.pak:0x01863261	
DWC Completed. Press V to open the main menu.	1a15cd0b452f	2	2	lang0,taiwan	taiwan:local_data.dat:DST_DWC_SIDE_VIEW | lang0:lang0.pak:DST_DWC_SIDE_VIEW	
DWC Entry Status	4bd4752ca41d	2	2	lang0,taiwan	taiwan:local_data.dat:DST_DWC_FIELD_ENTER | lang0:lang0.pak:DST_DWC_FIELD_ENTER	
DWC Info	ab08797af0f7	2	2	lang0,taiwan	taiwan:local_data.dat:DST_DWC_INFO_COMMAND | lang0:lang0.pak:DST_DWC_INFO_COMMAND	
DWC Scenario List	520dba04df93	2	2	lang0,taiwan	taiwan:local_data.dat:DST_DWC_SCENARIO_LIST | lang0:lang0.pak:DST_DWC_SCENARIO_LIST	
Earned %d Dragon Ball	46b2524ede02	2	2	lang0,taiwan	taiwan:local_data.dat:DST_DRAGONBALL_SCRAMBLE_LOOT_BATTLE_DRAGONBALL | lang0:lang0.pak:DST_DRAGONBALL_SCRAMBLE_LOOT_BATTLE_DRAGONBALL	
Earned %d Mudosa	a6d4ea299743	2	2	lang0,taiwan	taiwan:local_data.dat:DST_DRAGONBALL_SCRAMBLE_GAIN_BUDOJI_MILEAGE | lang0:lang0.pak:DST_DRAGONBALL_SCRAMBLE_GAIN_BUDOJI_MILEAGE	获得%d武道币 [taiwan:local_data.dat:DST_DRAGONBALL_SCRAMBLE_GAIN_BUDOJI_MILEAGE]
Effect	720b5dbc5319	2	2	lang0,tbl	lang0:lang0.pak:DST_ITEM_ADDITIONAL_EFFECT | tbl:tbl1.pak:0x01867F1D	效果 [lang0:lang0.pak:DST_ITEM_ADDITIONAL_EFFECT]
Energy 	a0bebebd5432	2	2	lang0,tbl	lang0:lang0.pak:DST_SYSTEMEFFECT_ENERGY | tbl:tbl1.pak:0x0165572F	
Energy Attack	d7917e01c16d	2	2	lang0,tbl	lang0:lang0.pak:DST_PET_STATUS_ENERGY_OFFENSE | tbl:tbl1.pak:0x01860501	气功攻击力 [lang0:lang0.pak:DST_PET_STATUS_ENERGY_OFFENSE]
Energy Defense	2b88a899b17e	2	2	lang0,tbl	lang0:lang0.pak:DST_PET_STATUS_ENERGY_DEFENSE | tbl:tbl1.pak:0x01860521	气功防御力 [lang0:lang0.pak:DST_PET_STATUS_ENERGY_DEFENSE]
Enter DWC	fb3f63aa7915	2	2	lang0,taiwan	taiwan:local_data.dat:DST_DWC_FIELD_ENTER_COMMAND | lang0:lang0.pak:DST_DWC_FIELD_ENTER_COMMAND	进入DWC [taiwan:local_data.dat:DST_DWC_FIELD_ENTER_COMMAND]
Entrance Conditions	e8c406bfa1a1	2	2	lang0,taiwan	taiwan:local_data.dat:DST_DWC_ENTER_CONDITION | lang0:lang0.pak:DST_DWC_ENTER_CONDITION	
Entry Details	72445ef61724	2	2	lang0,taiwan	taiwan:local_data.dat:DST_DWC_SCENARIO_CONDITION_TITLE | lang0:lang0.pak:DST_DWC_SCENARIO_CONDITION_TITLE	
Equipment	36155d48f460	2	2	lang0,tbl	lang0:lang0.pak:DST_YARDRAT_TAB_EQUIPMENT | tbl:tbl1.pak:0x0186B9D4	
Erza Hair	d12576969849	2	2	taiwan,tbl	taiwan:table_text_all_data.rdf:3:7000214:0 | tbl:tbl1.pak:0x014B48F3	艾露莎发型 [taiwan:table_text_all_data.rdf:3:7000214:0]
Events	c5497bca5846	2	2	lang0,taiwan	taiwan:local_data.dat:DST_HOIPOIMIX_RECIPE_FILTER_EVENT | lang0:lang0.pak:DST_HOIPOIMIX_RECIPE_FILTER_EVENT	
Excessive play can disturb their daily life.	dfb802cdaedd	2	2	lang0,taiwan	taiwan:local_data.dat:DST_DELIBERATION_RANK_MESSAGE_LASTMSG | lang0:lang0.pak:DST_DELIBERATION_RANK_MESSAGE_LASTMSG	
Failed to use guard item on mascot.	33ba79cf3cb5	2	2	lang0,taiwan	taiwan:local_sync_data.dat:MASCOT_FAIL_GUARD_ITEM_USE_FAIL | lang0:lang0.pak:MASCOT_FAIL_GUARD_ITEM_USE_FAIL	未能对吉祥物使用守护道具。 [taiwan:local_data.dat:MASCOT_FAIL_GUARD_ITEM_USE_FAIL] | 未能对吉祥物使用守护道具。 [taiwan:local_sync_data.dat:MASCOT_FAIL_GUARD_ITEM_USE_FAIL]
Fainted	9e3b252e1088	2	2	lang0,taiwan	taiwan:local_data.dat:DST_DRAGONBALL_SCRAMBLE_CONFIRM_DROP_1 | lang0:lang0.pak:DST_DRAGONBALL_SCRAMBLE_CONFIRM_DROP_1	昏迷 [taiwan:local_data.dat:DST_DRAGONBALL_SCRAMBLE_CONFIRM_DROP_1]
Fajita	a1a41f8b713e	2	2	taiwan,tbl	taiwan:table_text_all_data.rdf:6:1211301:0 | tbl:tbl1.pak:0x017220E2	肥吉塔 [taiwan:table_text_all_data.rdf:6:1211301:0]
Featuring Attack on Titan	ec459cffb163	2	2	taiwan,tbl	taiwan:table_text_all_data.rdf:3:70002230:0 | tbl:tbl1.pak:0x0162938F	
Featuring Dandandan	a08c96a0104b	2	2	taiwan,tbl	taiwan:table_text_all_data.rdf:3:70002250:0 | tbl:tbl1.pak:0x016293E9	
Featuring Hatake Kakashi Female Costume from Naruto.	efc52440c05d	2	2	taiwan,tbl	taiwan:table_text_all_data.rdf:3:70002360:0 | tbl:tbl1.pak:0x016295F5	
Featuring Hatake Kakashi Female Hair and Mask from Naruto.	5d56b37e2305	2	2	taiwan,tbl	taiwan:table_text_all_data.rdf:3:70002430:0 | tbl:tbl1.pak:0x016298C1	
Featuring Kamado Tanjiro Female Costume from Demon Slayer.	7a9a947d1b40	2	2	taiwan,tbl	taiwan:table_text_all_data.rdf:3:70002350:0 | tbl:tbl1.pak:0x0162957B	
Featuring Kamado Tanjiro Female Hair from Demon Slayer.	54f82a6b384a	2	2	taiwan,tbl	taiwan:table_text_all_data.rdf:3:70002420:0 | tbl:tbl1.pak:0x0162984D	
Featuring Kujo Jotaro Hat from JoJo Bizarre Adventure.	4805d3e36927	2	2	taiwan,tbl	taiwan:table_text_all_data.rdf:3:70002440:0 | tbl:tbl1.pak:0x0162993B	
Featuring Kujo Jotaro Outfit from JoJo Bizarre Adventure.	4b72d6098b2b	2	2	taiwan,tbl	taiwan:table_text_all_data.rdf:3:70002450:0 | tbl:tbl1.pak:0x016299AD	
Featuring Kurosaki Ichigo Female Costume from Bleach.	35de36da3f2f	2	2	taiwan,tbl	taiwan:table_text_all_data.rdf:3:70002340:0 | tbl:tbl1.pak:0x0162950B	
Featuring Kurosaki Ichigo Female Hair from Bleach.	186d1b10cd6a	2	2	taiwan,tbl	taiwan:table_text_all_data.rdf:3:70002400:0 | tbl:tbl1.pak:0x01629793	
Featuring One Piece in EggHead	f0aa95cc3a50	2	2	taiwan,tbl	taiwan:table_text_all_data.rdf:3:70002270:0 | tbl:tbl1.pak:0x0162944B	以《海贼王》为主题的背饰 [taiwan:table_text_all_data.rdf:3:70002270:0]
Featuring One Piece Oda Genius	846bd7b48121	2	2	taiwan,tbl	taiwan:table_text_all_data.rdf:3:70002280:0 | tbl:tbl1.pak:0x0162948D	
Featuring Uzumaki Naruto Costume.	83578fa4a339	2	2	taiwan,tbl	taiwan:table_text_all_data.rdf:3:70002460:0 | tbl:tbl1.pak:0x01629A25	
Female Goku Hair	ee1b973fa7ce	2	2	taiwan,tbl	taiwan:table_text_all_data.rdf:3:7000241:0 | tbl:tbl1.pak:0x014B4BF1	
Female Goku Outfit	b5d8a1f255fb	2	2	taiwan,tbl	taiwan:table_text_all_data.rdf:3:7000237:0 | tbl:tbl1.pak:0x014B4B53	
Female Ichigo Hair	4c9f6bdfc8ff	2	2	taiwan,tbl	taiwan:table_text_all_data.rdf:3:7000240:0 | tbl:tbl1.pak:0x014B4BC7	
Female Tanjiro Hair	c774dd54f040	2	2	taiwan,tbl	taiwan:table_text_all_data.rdf:3:7000242:0 | tbl:tbl1.pak:0x014B4C17	
Female Tanjiro Outfit	a65d45986d31	2	2	taiwan,tbl	taiwan:table_text_all_data.rdf:3:7000235:0 | tbl:tbl1.pak:0x014B4AF3	
Fire Wings	061b21d9d147	2	2	taiwan,tbl	taiwan:table_text_all_data.rdf:3:7000220:0 | tbl:tbl1.pak:0x014B497D	火翅膀 [taiwan:table_text_all_data.rdf:3:7000220:0]
For now, you can only have 10 Resets.	556ab0368c0e	2	2	lang0,taiwan	taiwan:local_data.dat:DST_DIALOG_RESET | lang0:lang0.pak:DST_DIALOG_RESET	
Friends Only	34539510faa4	2	2	lang0,taiwan	taiwan:local_data.dat:DST_OPTION_PERF_PLAYER_FILTER_FRIENDS | lang0:lang0.pak:DST_OPTION_PERF_PLAYER_FILTER_FRIENDS	仅好友 [lang0:lang0.pak:DST_OPTION_PERF_PLAYER_FILTER_FRIENDS]
Gaia Of Limiter	98dc36150563	2	2	taiwan,tbl	taiwan:table_text_all_data.rdf:3:826380:0 | tbl:tbl1.pak:0x012F634D	
Gamble Test03	509c7c58090b	2	2	taiwan,tbl	taiwan:table_text_all_data.rdf:6:2532101:0 | tbl:tbl1.pak:0x00519DC6	
Gamble Test04	3b7dbb2aca28	2	2	taiwan,tbl	taiwan:table_text_all_data.rdf:6:2532201:0 | tbl:tbl1.pak:0x005276F6	
Gamble Test05	e5dd8a87c49d	2	2	taiwan,tbl	taiwan:table_text_all_data.rdf:6:2533101:0 | tbl:tbl1.pak:0x00527922	
Gladiator Dogi But with a Cool Design	7fb8d861269b	2	2	taiwan,tbl	taiwan:table_text_all_data.rdf:3:111702991:0 | tbl:tbl1.pak:0x0169333B	
GM	a66864f45a5a	2	2	lang0,taiwan	taiwan:local_data.dat:DST_TELEPORT_TYPE_GM | lang0:lang0.pak:DST_TELEPORT_TYPE_GM	
Goal Required	ed2fcea7816d	2	2	lang0,taiwan	taiwan:local_data.dat:DST_DWC_ESSENTIAL_TITLE | lang0:lang0.pak:DST_DWC_ESSENTIAL_TITLE	
Goku Drip	3331ce3b8b8f	2	2	taiwan,tbl	taiwan:table_text_all_data.rdf:3:7000247:0 | tbl:tbl1.pak:0x014B4CCD	
Good Game	86da3bd59ab5	2	2	taiwan,tbl	taiwan:table_text_all_data.rdf:1:100652:0 | tbl:tbl1.pak:0x012D05C5	
Goods Merchant	f52b997bbf7c	2	2	lang0,tbl	lang0:lang0.pak:DST_JOB_GOODS_MERCHANT | tbl:tbl1.pak:0x01714ACE	
Grand Chef Majin	c23516490ca9	2	2	lang0,tbl	lang0:lang0.pak:DST_GRAND_MA | tbl:tbl1.pak:0x01863097	格兰魔 [lang0:lang0.pak:DST_GRAND_MA]
Guild Name	b56c61781c85	2	2	lang0,tbl	lang0:lang0.pak:DST_DOJO_INFO_GUILD_NAME | tbl:tbl1.pak:0x01867C0D	
Guild Only	32a3fcf5ebaf	2	2	lang0,taiwan	taiwan:local_data.dat:DST_OPTION_PERF_PLAYER_FILTER_GUILD | lang0:lang0.pak:DST_OPTION_PERF_PLAYER_FILTER_GUILD	仅公会 [lang0:lang0.pak:DST_OPTION_PERF_PLAYER_FILTER_GUILD]
Gun Maniac	7437ac254446	2	2	lang0,tbl	lang0:lang0.pak:DST_GUN_MANIA | tbl:tbl1.pak:0x0186303F	
Guts Screen Arrey  1	65b9c334d80c	2	2	taiwan,tbl	taiwan:table_text_all_data.rdf:3:5730680:0 | tbl:tbl1.pak:0x013F3D4D	
Guts Screen Arrey  3	2c37688a0ca5	2	2	taiwan,tbl	taiwan:table_text_all_data.rdf:3:5730690:0 | tbl:tbl1.pak:0x013F3E3D	
Guts Screen Arrey  5	85536a496f24	2	2	taiwan,tbl	taiwan:table_text_all_data.rdf:3:5730700:0 | tbl:tbl1.pak:0x013F3F2D	
Guts Screen Arrey  7	b252ef7dea8c	2	2	taiwan,tbl	taiwan:table_text_all_data.rdf:3:5730710:0 | tbl:tbl1.pak:0x013F401D	
Guts Screen Arrey 9	65e27cdd91f2	2	2	taiwan,tbl	taiwan:table_text_all_data.rdf:3:5730720:0 | tbl:tbl1.pak:0x013F410D	
Guts Screen  Cluster 3	c592d7056595	2	2	taiwan,tbl	taiwan:table_text_all_data.rdf:3:6130550:0 | tbl:tbl1.pak:0x0143B425	
Guts Screen  Cluster 5	efe22f75745b	2	2	taiwan,tbl	taiwan:table_text_all_data.rdf:3:6130560:0 | tbl:tbl1.pak:0x0143B519	
Guts Screen  Cluster 7	56f7160dd177	2	2	taiwan,tbl	taiwan:table_text_all_data.rdf:3:6130570:0 | tbl:tbl1.pak:0x0143B60D	
Guts Screen  Cluster 9	b1be5423b6bd	2	2	taiwan,tbl	taiwan:table_text_all_data.rdf:3:6130580:0 | tbl:tbl1.pak:0x0143B701	
Hero Info	97ce18d14b1d	2	2	lang0,taiwan	taiwan:local_data.dat:DST_DWC_HERO_TITLE | lang0:lang0.pak:DST_DWC_HERO_TITLE	
Hide All	556020f395f3	2	2	lang0,taiwan	taiwan:local_data.dat:DST_OPTION_PERF_PLAYER_FILTER_HIDE_ALL | lang0:lang0.pak:DST_OPTION_PERF_PLAYER_FILTER_HIDE_ALL	隐藏全部 [lang0:lang0.pak:DST_OPTION_PERF_PLAYER_FILTER_HIDE_ALL]
Hide Mascots/Pets	2b15971f4565	2	2	lang0,taiwan	taiwan:local_data.dat:DST_OPTION_PERF_HIDE_MASCOT | lang0:lang0.pak:DST_OPTION_PERF_HIDE_MASCOT	隐藏宠物 [lang0:lang0.pak:DST_OPTION_PERF_HIDE_MASCOT]
Hide Player Effects	fd9343aa6ece	2	2	lang0,taiwan	taiwan:local_data.dat:DST_OPTION_PERF_HIDE_PLAYER_EFFECTS | lang0:lang0.pak:DST_OPTION_PERF_HIDE_PLAYER_EFFECTS	隐藏玩家效果 [lang0:lang0.pak:DST_OPTION_PERF_HIDE_PLAYER_EFFECTS]
Hides all combat effects from other players (skills, attacks, projectiles). Only your own effects will be visible.	b52dbfcfc988	2	2	lang0,taiwan	taiwan:local_data.dat:DST_OPTION_PERF_HIDE_PLAYER_EFFECTS_TOOLTIP | lang0:lang0.pak:DST_OPTION_PERF_HIDE_PLAYER_EFFECTS_TOOLTIP	
Hides other players' mascots and pet summons	dd9015cb9b5b	2	2	lang0,taiwan	taiwan:local_data.dat:DST_OPTION_PERF_HIDE_MASCOT_TOOLTIP | lang0:lang0.pak:DST_OPTION_PERF_HIDE_MASCOT_TOOLTIP	
Hit Rate	27a36c2c2dcf	2	2	lang0,tbl	lang0:lang0.pak:DST_STATUS_ATTACK_RATE | tbl:tbl1.pak:0x01860543	命中率 [lang0:lang0.pak:DST_STATUS_ATTACK_RATE]
Human Outfit	568f1e1fea07	2	2	taiwan,tbl	taiwan:table_text_all_data.rdf:3:111702930:0 | tbl:tbl1.pak:0x01693017	人类套装 [taiwan:table_text_all_data.rdf:3:111702930:0]
Hyperbolic Time Chamber;	c248981e59f8	2	2	taiwan,tbl	taiwan:table_text_all_data.rdf:10:200280000:0 | tbl:tbl1.pak:0x01816F94	
Increases skill power by %d%%.	b3a4bff1a742	2	2	lang0,taiwan	taiwan:local_data.dat:DST_SKILL_RPBONUS_TOOLTIP_RESULT_PERCENT | lang0:lang0.pak:DST_SKILL_RPBONUS_TOOLTIP_RESULT_PERCENT	
Individual Registration	558511214089	2	2	lang0,taiwan	taiwan:local_data.dat:DST_BUDOKAI_NOTICE_INDI_REGISTER | lang0:lang0.pak:DST_BUDOKAI_NOTICE_INDI_REGISTER	
Individual State	8df0cd6e2785	2	2	lang0,taiwan	taiwan:local_data.dat:DST_BUDOKAI_NOTICE_INDI_STATE | lang0:lang0.pak:DST_BUDOKAI_NOTICE_INDI_STATE	
Individual Winner	ed17d1dfbb75	2	2	lang0,taiwan	taiwan:local_data.dat:DST_BUDOKAI_NOTICE_INDI_WINNER | lang0:lang0.pak:DST_BUDOKAI_NOTICE_INDI_WINNER	
Information	0eb5ed506e49	2	2	lang0,tbl	lang0:lang0.pak:DST_QUEST_TEXT_CONVERSATION | tbl:tbl1.pak:0x0186803D	
Invalid dice roll.	747a9f49459f	2	2	lang0,taiwan	taiwan:local_sync_data.dat:GAME_ITEM_DICE_FAIL_INVALID_DICE | lang0:lang0.pak:GAME_ITEM_DICE_FAIL_INVALID_DICE	
Invalid party for dice.	e01a6ffdb115	2	2	lang0,taiwan	taiwan:local_sync_data.dat:GAME_ITEM_DICE_FAIL_INVALID_PARTY | lang0:lang0.pak:GAME_ITEM_DICE_FAIL_INVALID_PARTY	
Invalid roleplay.	642f0df0a625	2	2	lang0,taiwan	taiwan:local_sync_data.dat:GAME_PARTYMATCHING_ROLEPLAY_INVALD | lang0:lang0.pak:GAME_PARTYMATCHING_ROLEPLAY_INVALD	
Item broke during upgrade.	63a1fb01c8f9	2	2	lang0,taiwan	taiwan:local_data.dat:DST_TABITEMUPGRADE_RESULT_BROKEN | lang0:lang0.pak:DST_TABITEMUPGRADE_RESULT_BROKEN	
Item durability is too low.	36bc57171c41	2	2	lang0,taiwan	taiwan:local_data.dat:DST_TABITEMUPGRADE_DUR_ERR | lang0:lang0.pak:DST_TABITEMUPGRADE_DUR_ERR	
Item not equipped for dice.	02150dd433e9	2	2	lang0,taiwan	taiwan:local_sync_data.dat:GAME_ITEM_DICE_FAIL_NOT_EQUIPED | lang0:lang0.pak:GAME_ITEM_DICE_FAIL_NOT_EQUIPED	
Jotaro Hat	4736b4ce3979	2	2	taiwan,tbl	taiwan:table_text_all_data.rdf:3:7000244:0 | tbl:tbl1.pak:0x014B4C73	
Jotaro Outfit	8f3085bc6a2d	2	2	taiwan,tbl	taiwan:table_text_all_data.rdf:3:7000245:0 | tbl:tbl1.pak:0x014B4C8D	
K.O	0b4cb50804c5	2	2	lang0,taiwan	taiwan:local_data.dat:DST_BUDOKAI_MINORMATCH_KOCOUNTER_TITLE | lang0:lang0.pak:DST_BUDOKAI_MINORMATCH_KOCOUNTER_TITLE	
Kaioken Boost is not available in this form.	726f4fe17239	2	2	lang0,taiwan	taiwan:local_sync_data.dat:GAME_KAIOKEN_BOOST_NOT_AVAILABLE | lang0:lang0.pak:GAME_KAIOKEN_BOOST_NOT_AVAILABLE	界王拳强化在此形态下不可用。 [taiwan:local_data.dat:GAME_KAIOKEN_BOOST_NOT_AVAILABLE] | 界王拳强化在此形态下不可用。 [taiwan:local_sync_data.dat:GAME_KAIOKEN_BOOST_NOT_AVAILABLE]
Kaioken Boost requires aura to be active.	92dee91a872f	2	2	lang0,taiwan	taiwan:local_sync_data.dat:GAME_KAIOKEN_BOOST_REQUIRES_AURA | lang0:lang0.pak:GAME_KAIOKEN_BOOST_REQUIRES_AURA	界王拳强化需要气场处于激活状态。 [taiwan:local_data.dat:GAME_KAIOKEN_BOOST_REQUIRES_AURA] | 界王拳强化需要气场处于激活状态。 [taiwan:local_sync_data.dat:GAME_KAIOKEN_BOOST_REQUIRES_AURA]
Kakashi Hair and Mask	c355610bca69	2	2	taiwan,tbl	taiwan:table_text_all_data.rdf:3:7000243:0 | tbl:tbl1.pak:0x014B4C43	
Kami's Lookout	a03682710215	2	2	taiwan,tbl	taiwan:table_text_all_data.rdf:10:999998:0 | tbl:tbl1.pak:0x01809006	
Karma Majin	f54067bf331a	2	2	lang0,tbl	lang0:lang0.pak:DST_KAR_MA | tbl:tbl1.pak:0x018630DB	卡尔魔 [lang0:lang0.pak:DST_KAR_MA]
Kraken Ring Remastered (A)!	f2831c640f42	2	2	taiwan,tbl	taiwan:table_text_all_data.rdf:3:9924:0 | tbl:tbl1.pak:0x012D8DE5	
Left Party	fd851967288f	2	2	lang0,taiwan	taiwan:local_data.dat:DST_DRAGONBALL_SCRAMBLE_PARTY_LEAVE | lang0:lang0.pak:DST_DRAGONBALL_SCRAMBLE_PARTY_LEAVE	
Level %d and above	fe22bad46c5d	2	2	lang0,taiwan	taiwan:local_data.dat:DST_DWC_PLAYLEVEL | lang0:lang0.pak:DST_DWC_PLAYLEVEL	
Log Out	4e8131ca3794	2	2	lang0,tbl	lang0:lang0.pak:DST_MAINMENU_END_SESSION | tbl:tbl1.pak:0x01860C45	回角色 [lang0:lang0.pak:DST_MAINMENU_END_SESSION]
Losing	dfe1fdb10a9d	2	2	lang0,taiwan	taiwan:local_data.dat:DST_DRAGONBALL_SCRAMBLE_CONFIRM_DROP_TITLE | lang0:lang0.pak:DST_DRAGONBALL_SCRAMBLE_CONFIRM_DROP_TITLE	
Lucy Hair	6fe46ea5344e	2	2	taiwan,tbl	taiwan:table_text_all_data.rdf:3:7000213:0 | tbl:tbl1.pak:0x014B48DB	露西发型 [taiwan:table_text_all_data.rdf:3:7000213:0]
Lv. %d ~ %d	218303763c18	2	2	lang0,taiwan	taiwan:local_data.dat:DST_WORLDMAP_RECOMMENDED_LEVEL | lang0:lang0.pak:DST_WORLDMAP_RECOMMENDED_LEVEL	
Lv.1	4afacf67b5a6	2	2	lang0,taiwan	taiwan:local_data.dat:DST_DOJO_UPGRADE_CURENT_LEVEL_0 | lang0:lang0.pak:DST_DOJO_UPGRADE_CURENT_LEVEL_0	
Lv.2	94a5150c3883	2	2	lang0,taiwan	taiwan:local_data.dat:DST_DOJO_UPGRADE_CURENT_LEVEL_1 | lang0:lang0.pak:DST_DOJO_UPGRADE_CURENT_LEVEL_1	
Lv.3	3686cf5af13a	2	2	lang0,taiwan	taiwan:local_data.dat:DST_DOJO_UPGRADE_CURENT_LEVEL_2 | lang0:lang0.pak:DST_DOJO_UPGRADE_CURENT_LEVEL_2	
Lv.4:Update	e231f1a776f4	2	2	lang0,taiwan	taiwan:local_data.dat:DST_DOJO_UPGRADE_CURENT_LEVEL_3 | lang0:lang0.pak:DST_DOJO_UPGRADE_CURENT_LEVEL_3	
Lv.5	49c8be87eab5	2	2	lang0,taiwan	taiwan:local_data.dat:DST_DOJO_UPGRADE_CURENT_LEVEL_4 | lang0:lang0.pak:DST_DOJO_UPGRADE_CURENT_LEVEL_4	
Lv.6:Update	6d2f4f9de41c	2	2	lang0,taiwan	taiwan:local_data.dat:DST_DOJO_UPGRADE_CURENT_LEVEL_5 | lang0:lang0.pak:DST_DOJO_UPGRADE_CURENT_LEVEL_5	
Lv.7	9ba668214195	2	2	lang0,taiwan	taiwan:local_data.dat:DST_DOJO_UPGRADE_CURENT_LEVEL_6 | lang0:lang0.pak:DST_DOJO_UPGRADE_CURENT_LEVEL_6	
Lv.8:Update	cee145e91696	2	2	lang0,taiwan	taiwan:local_data.dat:DST_DOJO_UPGRADE_CURENT_LEVEL_7 | lang0:lang0.pak:DST_DOJO_UPGRADE_CURENT_LEVEL_7	
Main Menu	758da7453531	2	2	lang0,tbl	lang0:lang0.pak:DST_OPTION_CONTROL_ACTION_WINDOW_MAIN | tbl:tbl1.pak:0x018672EF	主菜单 [lang0:lang0.pak:DST_OPTION_CONTROL_ACTION_WINDOW_MAIN]
Majin Outfit	a7f36c7b5fe7	2	2	taiwan,tbl	taiwan:table_text_all_data.rdf:3:111702950:0 | tbl:tbl1.pak:0x016930BD	魔人套装 [taiwan:table_text_all_data.rdf:3:111702950:0]
Master Class	4a34d638e2e3	2	2	lang0,tbl	lang0:lang0.pak:DST_QUESTREWARD_CONVERT_CLASS_RIGHT | tbl:tbl1.pak:0x01862F3F	
Maximum LP increase by: %d%%  [DBS]	f5ed02a92248	2	2	lang0,taiwan	taiwan:local_data.dat:DST_DRAGONBALLSCRAMBLE_FOR_BASIC_BENEFIT | lang0:lang0.pak:DST_DRAGONBALLSCRAMBLE_FOR_BASIC_BENEFIT	
Maximum stones reached.	e929364fa5ca	2	2	lang0,taiwan	taiwan:local_data.dat:DST_TABITEMUPGRADE_STONE_MAX | lang0:lang0.pak:DST_TABITEMUPGRADE_STONE_MAX	
Mech Maniac	38a7fb584e24	2	2	lang0,tbl	lang0:lang0.pak:DST_MECH_MANIA | tbl:tbl1.pak:0x01863059	
Minor Match	8255f9bf64ed	2	2	lang0,taiwan	taiwan:local_data.dat:DST_BUDOKAI_NOTICE_GUIDE_MINOR_TITLE | lang0:lang0.pak:DST_BUDOKAI_NOTICE_GUIDE_MINOR_TITLE	
Mirai Gohan Outfit	12f1ee6e19de	2	2	taiwan,tbl	taiwan:table_text_all_data.rdf:3:10020:0 | tbl:tbl1.pak:0x012D9273	
Mudosa	d36c93374f95	2	2	lang0,tbl	lang0:lang0.pak:DST_BUDOKAI_TELEPORT_MSG_TBSERVER | tbl:tbl1.pak:0x0186620F	
Mummy Outfit	d6182fa5a58a	2	2	taiwan,tbl	taiwan:table_text_all_data.rdf:3:111703010:0 | tbl:tbl1.pak:0x01693409	
Mushroom Rocks South	acb0c2d7dd66	2	2	lang0,tbl	lang0:lang0.pak:DST_WORLDMAP_MUSH_SOUTH | tbl:tbl1.pak:0x0180BBEA	
Named Mob	66aff5211469	2	2	taiwan,tbl	taiwan:table_text_all_data.rdf:13:10500:0 | tbl:tbl1.pak:0x01865547	
Namek Outfit	b9e3e0b8c3ad	2	2	taiwan,tbl	taiwan:table_text_all_data.rdf:3:111702940:0 | tbl:tbl1.pak:0x01693067	那美克套装 [taiwan:table_text_all_data.rdf:3:111702940:0]
Naruto Outfit	d29b935273cf	2	2	taiwan,tbl	taiwan:table_text_all_data.rdf:3:7000246:0 | tbl:tbl1.pak:0x014B4CAD	
Natsu Dragneel Outfit	707ef2c74936	2	2	taiwan,tbl	taiwan:table_text_all_data.rdf:3:7000215:0 | tbl:tbl1.pak:0x014B490B	纳兹灭龙外套 [taiwan:table_text_all_data.rdf:3:7000215:0]
Need downgrade protection stone.	39e4433ed310	2	2	lang0,taiwan	taiwan:local_data.dat:DST_TABITEMUPGRADE_NEED_STONE_DOWN | lang0:lang0.pak:DST_TABITEMUPGRADE_NEED_STONE_DOWN	
Network Guts Screen	80d4eb61fcdb	2	2	taiwan,tbl	taiwan:table_text_all_data.rdf:3:826630:0 | tbl:tbl1.pak:0x012F6867	
Next Lv.2	a56106ac7613	2	2	lang0,taiwan	taiwan:local_data.dat:DST_DOJO_UPGRADE_NEXT_LEVEL_1 | lang0:lang0.pak:DST_DOJO_UPGRADE_NEXT_LEVEL_1	
Next Lv.3	4ab859d476b2	2	2	lang0,taiwan	taiwan:local_data.dat:DST_DOJO_UPGRADE_NEXT_LEVEL_2 | lang0:lang0.pak:DST_DOJO_UPGRADE_NEXT_LEVEL_2	
Next Lv.4	155fe3e06d65	2	2	lang0,taiwan	taiwan:local_data.dat:DST_DOJO_UPGRADE_NEXT_LEVEL_3 | lang0:lang0.pak:DST_DOJO_UPGRADE_NEXT_LEVEL_3	
Next Lv.5	749e8d929557	2	2	lang0,taiwan	taiwan:local_data.dat:DST_DOJO_UPGRADE_NEXT_LEVEL_4 | lang0:lang0.pak:DST_DOJO_UPGRADE_NEXT_LEVEL_4	
Next Lv.6	aa97473c7c07	2	2	lang0,taiwan	taiwan:local_data.dat:DST_DOJO_UPGRADE_NEXT_LEVEL_5 | lang0:lang0.pak:DST_DOJO_UPGRADE_NEXT_LEVEL_5	
Next Lv.7	3db64e597e7a	2	2	lang0,taiwan	taiwan:local_data.dat:DST_DOJO_UPGRADE_NEXT_LEVEL_6 | lang0:lang0.pak:DST_DOJO_UPGRADE_NEXT_LEVEL_6	
Next Lv.8	226fab8e0f20	2	2	lang0,taiwan	taiwan:local_data.dat:DST_DOJO_UPGRADE_NEXT_LEVEL_7 | lang0:lang0.pak:DST_DOJO_UPGRADE_NEXT_LEVEL_7	
Nichirin Transmog (Sword)	4944f8b61bcf	2	2	taiwan,tbl	taiwan:table_text_all_data.rdf:3:99199973:0 | tbl:tbl1.pak:0x0165521F	
Nidhogg Dexterity Ring [A]	f2cc05e715a9	2	2	taiwan,tbl	taiwan:table_text_all_data.rdf:3:70014180:0 | tbl:tbl1.pak:0x0163F001	
Nidhogg Earring	bd01f85b3f2b	2	2	taiwan,tbl	taiwan:table_text_all_data.rdf:3:70014030:0 | tbl:tbl1.pak:0x0163EF01	
Nidhogg Energy Ring [A]	4e4dd9abeae4	2	2	taiwan,tbl	taiwan:table_text_all_data.rdf:3:70014200:0 | tbl:tbl1.pak:0x0163F075	
Nidhogg Focus Ring [A]	9218242ca624	2	2	taiwan,tbl	taiwan:table_text_all_data.rdf:3:70014240:0 | tbl:tbl1.pak:0x0163F13D	
Nidhogg Soul Ring [A]	5b2f950dbb51	2	2	taiwan,tbl	taiwan:table_text_all_data.rdf:3:70014220:0 | tbl:tbl1.pak:0x0163F0DD	
Nidhogg Stamina Ring [A]	09226a0b41d0	2	2	taiwan,tbl	taiwan:table_text_all_data.rdf:3:70014140:0 | tbl:tbl1.pak:0x0163EF25	
Nidhogg Strength Ring [A]	3ec9d3ffe513	2	2	taiwan,tbl	taiwan:table_text_all_data.rdf:3:70014160:0 | tbl:tbl1.pak:0x0163EF91	
Nika Smoke	886ab141960e	2	2	taiwan,tbl	taiwan:table_text_all_data.rdf:3:7000231:0 | tbl:tbl1.pak:0x014B4AA5	尼卡烟雾 [taiwan:table_text_all_data.rdf:3:7000231:0]
No downgrade on special upgrade.	97be11e0613c	2	2	lang0,taiwan	taiwan:local_data.dat:DST_TABITEMUPGRADE_SPECIAL_UPGRADE_NONE_DOWN | lang0:lang0.pak:DST_TABITEMUPGRADE_SPECIAL_UPGRADE_NONE_DOWN	
No Prize	38f2b1e5858e	2	2	lang0,taiwan	taiwan:local_data.dat:DST_BUDOKAI_NOTICE_NOT_PRIZE | lang0:lang0.pak:DST_BUDOKAI_NOTICE_NOT_PRIZE	
Not enough Zeni for upgrade.	811cd42ee395	2	2	lang0,taiwan	taiwan:local_data.dat:DST_TABITEMUPGRADE_NEEDZENNY_ERR | lang0:lang0.pak:DST_TABITEMUPGRADE_NEEDZENNY_ERR	
Not Scramble Participant	1afb3a369de4	2	2	lang0,taiwan	taiwan:local_data.dat:DST_DRAGONBALL_SCRAMBLE_I_AM_NOT_PLAYER | lang0:lang0.pak:DST_DRAGONBALL_SCRAMBLE_I_AM_NOT_PLAYER	非龙珠争夺战参与者 [taiwan:local_data.dat:DST_DRAGONBALL_SCRAMBLE_I_AM_NOT_PLAYER]
Note!	1bbad6e4dcde	2	2	lang0,taiwan	taiwan:local_data.dat:DST_DRAGONBALL_SCRAMBLE_CONFIRM_WARNING_TITLE | lang0:lang0.pak:DST_DRAGONBALL_SCRAMBLE_CONFIRM_WARNING_TITLE	
NPC	f0cd420723aa	2	2	lang0,taiwan	taiwan:table_text_all_data.rdf:13:9000:0 | lang0:lang0.pak:DST_JOB_TALKER	
Object	2883f191bc5e	2	2	taiwan,tbl	taiwan:table_text_all_data.rdf:13:12000:0 | tbl:tbl1.pak:0x01866243	
One Piece Mihawk Outfit.	e6badab5fc2c	2	2	taiwan,tbl	taiwan:table_text_all_data.rdf:3:111701138:0 | tbl:tbl1.pak:0x0168B653	
Pan Super Heroes Outfit.	940e026436a1	2	2	taiwan,tbl	taiwan:table_text_all_data.rdf:3:111701116:0 | tbl:tbl1.pak:0x0168B421	
Pants	e18669a6edbc	2	2	lang0,taiwan	taiwan:local_data.dat:DST_EQUIP_SLOT_TYPE_PANTS | lang0:lang0.pak:DST_EQUIP_SLOT_TYPE_PANTS	裤子 [taiwan:local_data.dat:DST_EQUIP_SLOT_TYPE_PANTS] | 裤子 [lang0:lang0.pak:DST_EQUIP_SLOT_TYPE_PANTS]
Paragus	ca868a19e757	2	2	taiwan,tbl	taiwan:table_text_all_data.rdf:6:1381110:0 | tbl:tbl1.pak:0x01722894	
Party + Guild	ccaf16d9073a	2	2	lang0,taiwan	taiwan:local_data.dat:DST_OPTION_PERF_PLAYER_FILTER_PARTY_GUILD | lang0:lang0.pak:DST_OPTION_PERF_PLAYER_FILTER_PARTY_GUILD	队伍+公会 [lang0:lang0.pak:DST_OPTION_PERF_PLAYER_FILTER_PARTY_GUILD]
Party + Guild + Friends	0589d9d8d5ed	2	2	lang0,taiwan	taiwan:local_data.dat:DST_OPTION_PERF_PLAYER_FILTER_ALL_SOCIAL | lang0:lang0.pak:DST_OPTION_PERF_PLAYER_FILTER_ALL_SOCIAL	队伍+公会+好友 [lang0:lang0.pak:DST_OPTION_PERF_PLAYER_FILTER_ALL_SOCIAL]
Party Inventory	6a59c655fdc9	2	2	lang0,tbl	lang0:lang0.pak:DST_PARTYGUI_INVEN | tbl:tbl1.pak:0x01867B9D	
Party inventory overflow.	1e151d9f9920	2	2	lang0,taiwan	taiwan:local_sync_data.dat:GAME_ITEM_DICE_FAIL_OVERFLOW_PARTYINVEN | lang0:lang0.pak:GAME_ITEM_DICE_FAIL_OVERFLOW_PARTYINVEN	
Party matching invite failed.	624ada25958d	2	2	lang0,taiwan	taiwan:local_sync_data.dat:GAME_PARTYMATCHING_INVITE_FAIL | lang0:lang0.pak:GAME_PARTYMATCHING_INVITE_FAIL	
Party Only	58d840480dff	2	2	lang0,taiwan	taiwan:local_data.dat:DST_OPTION_PERF_PLAYER_FILTER_PARTY | lang0:lang0.pak:DST_OPTION_PERF_PLAYER_FILTER_PARTY	组队专用 [taiwan:local_data.dat:DST_OPTION_PERF_PLAYER_FILTER_PARTY] | 仅队伍 [lang0:lang0.pak:DST_OPTION_PERF_PLAYER_FILTER_PARTY]
Pepero	9ab61814c642	2	2	taiwan,tbl	taiwan:table_text_all_data.rdf:6:6111202:0 | tbl:tbl1.pak:0x0173429C	
Performance Mode	6fd40bbf1291	2	2	lang0,taiwan	taiwan:local_data.dat:DST_OPTION_GRAPHIC_PERFORMANCE_MODE | lang0:lang0.pak:DST_OPTION_GRAPHIC_PERFORMANCE_MODE	性能模式 [lang0:lang0.pak:DST_OPTION_GRAPHIC_PERFORMANCE_MODE]
Physical Defense	22677b83be6b	2	2	lang0,tbl	lang0:lang0.pak:DST_PET_STATUS_PHYSICAL_DEFENSE | tbl:tbl1.pak:0x018604DB	物理防御力 [lang0:lang0.pak:DST_PET_STATUS_PHYSICAL_DEFENSE]
Piccolo Outfit	c4e38d7c1f6b	2	2	taiwan,tbl	taiwan:table_text_all_data.rdf:3:111702910:0 | tbl:tbl1.pak:0x01692EE1	比克套装 [taiwan:table_text_all_data.rdf:3:111702910:0]
Piccolo Outfit [Half]	0947a44e2333	2	2	taiwan,tbl	taiwan:table_text_all_data.rdf:3:111702920:0 | tbl:tbl1.pak:0x01692F75	
Pickup	a51122c1008c	2	2	lang0,tbl	lang0:lang0.pak:DST_POPUPMENU_PICKUP | tbl:tbl1.pak:0x0172B4DE	
Pink Outfit	34c67616b92a	2	2	taiwan,tbl	taiwan:table_text_all_data.rdf:3:7000230:0 | tbl:tbl1.pak:0x014B4A89	粉色套装 [taiwan:table_text_all_data.rdf:3:7000230:0]
PK Impossible to Enter	9be04c9e56a4	2	2	lang0,taiwan	taiwan:local_data.dat:DST_DRAGONBALL_SCRAMBLE_CONFIRM_DROP_3 | lang0:lang0.pak:DST_DRAGONBALL_SCRAMBLE_CONFIRM_DROP_3	PK状态无法进入 [taiwan:local_data.dat:DST_DRAGONBALL_SCRAMBLE_CONFIRM_DROP_3]
Plasma Majin	95b123fcd50b	2	2	lang0,tbl	lang0:lang0.pak:DST_PLAS_MA | tbl:tbl1.pak:0x018630BD	普利兹魔 [lang0:lang0.pak:DST_PLAS_MA]
Player Count	1466c793bc36	2	2	lang0,taiwan	taiwan:local_data.dat:DST_DWC_PLAYER_COUNT | lang0:lang0.pak:DST_DWC_PLAYER_COUNT	
Player Filter:	61c69736246c	2	2	lang0,taiwan	taiwan:local_data.dat:DST_OPTION_PERF_PLAYER_FILTER | lang0:lang0.pak:DST_OPTION_PERF_PLAYER_FILTER	玩家过滤: [lang0:lang0.pak:DST_OPTION_PERF_PLAYER_FILTER]
PlayFull Dance	ea36496bdf43	2	2	taiwan,tbl	taiwan:table_text_all_data.rdf:7:20110970:0 | tbl:tbl1.pak:0x017ECDB7	
Please insert a normal upgrade stone.	3de7242f134a	2	2	lang0,taiwan	taiwan:local_data.dat:DST_TABITEMUPGRADENORMALSTONE_ERR | lang0:lang0.pak:DST_TABITEMUPGRADENORMALSTONE_ERR	
Please insert an upper upgrade stone.	b3835f9b2d2a	2	2	lang0,taiwan	taiwan:local_data.dat:DST_TABITEMUPGRADEUPPERSTONE_ERR | lang0:lang0.pak:DST_TABITEMUPGRADEUPPERSTONE_ERR	
Poko Priest	75e260c302d5	2	2	lang0,tbl	lang0:lang0.pak:DST_POCO_SUMMONER | tbl:tbl1.pak:0x01862F9B	波可导师 [lang0:lang0.pak:DST_POCO_SUMMONER]
Powerfull Super Saiyan	bab08a3afdfb	2	2	taiwan,tbl	taiwan:table_text_all_data.rdf:7:210120:0 | tbl:tbl1.pak:0x0178DC59	
Prolog	ba4d6e652036	2	2	lang0,taiwan	taiwan:local_data.dat:DST_DWC_PROLOG_TITLE | lang0:lang0.pak:DST_DWC_PROLOG_TITLE	
Quest Text Effects	e6ba0a660519	2	2	lang0,tbl	lang0:lang0.pak:DST_OPTION_ETC_QUESTEFFECT | tbl:tbl1.pak:0x01868121	任务文字效果 [lang0:lang0.pak:DST_OPTION_ETC_QUESTEFFECT]
Rating	6437b7bf6558	2	2	lang0,taiwan	taiwan:local_data.dat:DST_DWC_GRADE | lang0:lang0.pak:DST_DWC_GRADE	
Ready, Waiting response	e6ceaa5c8bef	2	2	lang0,taiwan	taiwan:local_data.dat:DST_DRAGONBALL_SCRAMBLE_READY_FOR_JOIN_RES | lang0:lang0.pak:DST_DRAGONBALL_SCRAMBLE_READY_FOR_JOIN_RES	
Recipe Galactic Combat Gear (Pants) H	d3582b9fc33c	2	2	taiwan,tbl	taiwan:table_text_all_data.rdf:3:16028520:0 | tbl:tbl1.pak:0x015BCD87	银河战斗装备(裤子)H配方 [tbl:tbl1.pak:0x015BCD87]
Recipe Galactic Combat Gear (Pants) M	bf6386849d12	2	2	taiwan,tbl	taiwan:table_text_all_data.rdf:3:16078520:0 | tbl:tbl1.pak:0x015BD2BF	银河战斗装备(裤子)M配方 [tbl:tbl1.pak:0x015BD2BF]
Recipe Galactic Combat Gear (Pants) N	a29dc3350e8e	2	2	taiwan,tbl	taiwan:table_text_all_data.rdf:3:16058520:0 | tbl:tbl1.pak:0x015BD023	银河战斗装备(裤子)N配方 [tbl:tbl1.pak:0x015BD023]
Recipe Galactic Combat Gear (Shoes) H	a7a7fe01d13e	2	2	taiwan,tbl	taiwan:table_text_all_data.rdf:3:16028530:0 | tbl:tbl1.pak:0x015BCE67	银河战斗装备(鞋子)H配方 [tbl:tbl1.pak:0x015BCE67]
Recipe Galactic Combat Gear (Shoes) M	490c41ac1d3f	2	2	taiwan,tbl	taiwan:table_text_all_data.rdf:3:16078530:0 | tbl:tbl1.pak:0x015BD39F	银河战斗装备(鞋子)M配方 [tbl:tbl1.pak:0x015BD39F]
Recipe Galactic Combat Gear (Shoes) N	90126518da07	2	2	taiwan,tbl	taiwan:table_text_all_data.rdf:3:16058530:0 | tbl:tbl1.pak:0x015BD103	银河战斗装备(鞋子)N配方 [tbl:tbl1.pak:0x015BD103]
Recipe Galactic Combat Gear (Top) H	82e5f5b5a54b	2	2	taiwan,tbl	taiwan:table_text_all_data.rdf:3:16028510:0 | tbl:tbl1.pak:0x015BCCAB	银河战斗装备(上衣)H配方 [tbl:tbl1.pak:0x015BCCAB]
Recipe Galactic Combat Gear (Top) M	85071638ea5b	2	2	taiwan,tbl	taiwan:table_text_all_data.rdf:3:16078510:0 | tbl:tbl1.pak:0x015BD1E3	银河战斗装备(上衣)M配方 [tbl:tbl1.pak:0x015BD1E3]
Recipe Galactic Combat Gear (Top) N	d9cb2468a532	2	2	taiwan,tbl	taiwan:table_text_all_data.rdf:3:16058510:0 | tbl:tbl1.pak:0x015BCF47	银河战斗装备(上衣)N配方 [tbl:tbl1.pak:0x015BCF47]
Repeat Rewards	43133fa6c614	2	2	lang0,taiwan	taiwan:local_data.dat:DST_DWC_REPEAT_REWARD | lang0:lang0.pak:DST_DWC_REPEAT_REWARD	
Reset your Character Level	ace3c1042ef1	2	2	lang0,taiwan	taiwan:local_data.dat:DST_RESETS_TITLE | lang0:lang0.pak:DST_RESETS_TITLE	
Rimuru Tempest Outfit	3ca8262708ee	2	2	taiwan,tbl	taiwan:table_text_all_data.rdf:3:7000248:0 | tbl:tbl1.pak:0x014B4CE5	
RiverZ	3444d42882ff	2	2	taiwan,tbl	taiwan:table_text_all_data.rdf:6:99911055:0 | tbl:tbl1.pak:0x017788FC	
Rizard	4365e561ede4	2	2	taiwan,tbl	taiwan:table_text_all_data.rdf:5:42401101:0 | tbl:tbl1.pak:0x017132F9	
Roleplay cancelled.	c0202686084e	2	2	lang0,taiwan	taiwan:local_sync_data.dat:GAME_PARTYMATCHING_ROLEPLAY_CANCEL | lang0:lang0.pak:GAME_PARTYMATCHING_ROLEPLAY_CANCEL	
Safe upgrade not available.	ed57da37e4ab	2	2	lang0,taiwan	taiwan:local_data.dat:DST_TABITEMUPGRADE_SAFE_UPGRADE_ERR | lang0:lang0.pak:DST_TABITEMUPGRADE_SAFE_UPGRADE_ERR	
Scan Equipment	715d76e2bbfc	2	2	lang0,tbl	lang0:lang0.pak:DST_SCOUTER_CHECK_MENU_EQUIPMENT | tbl:tbl1.pak:0x017F7A56	查看装备 [lang0:lang0.pak:DST_SCOUTER_CHECK_MENU_EQUIPMENT]
Scenario	569aae5b47e4	2	2	lang0,tbl	lang0:lang0.pak:DST_TMQ_STATUS_SENARIO | tbl:tbl1.pak:0x01860D0F	
Scenario Info	325b2b922b3e	2	2	lang0,taiwan	taiwan:local_data.dat:DST_DWC_SCENARIOINFO_TITLE | lang0:lang0.pak:DST_DWC_SCENARIOINFO_TITLE	
Scramble Participant	edc17710732c	2	2	lang0,taiwan	taiwan:local_data.dat:DST_DRAGONBALL_SCRAMBLE_I_AM_PLAYER | lang0:lang0.pak:DST_DRAGONBALL_SCRAMBLE_I_AM_PLAYER	
Scramble!	80ba3447e506	2	2	lang0,taiwan	taiwan:local_data.dat:DST_DRAGONBALL_SCRAMBLE_CONFIRM_GET_TITLE | lang0:lang0.pak:DST_DRAGONBALL_SCRAMBLE_CONFIRM_GET_TITLE	
Scroll	090a3c807816	2	2	lang0,tbl	lang0:lang0.pak:DST_SCROLL | tbl:tbl1.pak:0x018632FB	卷轴 [lang0:lang0.pak:DST_SCROLL]
Second Place Prize	ad8ed2a03e3d	2	2	lang0,taiwan	taiwan:local_data.dat:DST_BUDOKAI_NOTICE_PRIZE_SECOND_WINNER | lang0:lang0.pak:DST_BUDOKAI_NOTICE_PRIZE_SECOND_WINNER	
Select Target	7324f7707810	2	2	lang0,taiwan	taiwan:local_data.dat:DST_DWC_CHOOSE_TITLE | lang0:lang0.pak:DST_DWC_CHOOSE_TITLE	
Send Mail	a107085e8e8e	2	2	lang0,tbl	lang0:lang0.pak:DST_POPUPMENU_GUILD_POST | tbl:tbl1.pak:0x018681EF	发邮件 [lang0:lang0.pak:DST_POPUPMENU_GUILD_POST]
Shadow Knight	36dee10e42bf	2	2	lang0,tbl	lang0:lang0.pak:DST_SHADOW_KNIGHT | tbl:tbl1.pak:0x01862F7B	魔界战士 [lang0:lang0.pak:DST_SHADOW_KNIGHT]
Shinigami Female Outfit	f410d700e569	2	2	taiwan,tbl	taiwan:table_text_all_data.rdf:3:7000234:0 | tbl:tbl1.pak:0x014B4ABF	
Shoes	664785616853	2	2	lang0,taiwan	taiwan:local_data.dat:DST_EQUIP_SLOT_TYPE_BOOTS | lang0:lang0.pak:DST_EQUIP_SLOT_TYPE_BOOTS	鞋子 [taiwan:local_data.dat:DST_EQUIP_SLOT_TYPE_BOOTS] | 鞋子 [lang0:lang0.pak:DST_EQUIP_SLOT_TYPE_BOOTS]
Shop not found.	b3882025d476	2	2	lang0,taiwan	taiwan:local_sync_data.dat:GAME_SHOP_NOT_FOUND | lang0:lang0.pak:GAME_SHOP_NOT_FOUND	
Since the start, %d time has elapsed.	885e74f0d1b1	2	2	lang0,taiwan	taiwan:local_data.dat:DST_DELIBERATION_RANK_MESSAGE_0 | lang0:lang0.pak:DST_DELIBERATION_RANK_MESSAGE_0	
Skill reset time not available.	e12dc9a44c20	2	2	lang0,taiwan	taiwan:local_sync_data.dat:GAME_RESKILL_TIME_NON | lang0:lang0.pak:GAME_RESKILL_TIME_NON	
Skilled Crane Outfit	9222f06ce749	2	2	taiwan,tbl	taiwan:table_text_all_data.rdf:3:111702960:0 | tbl:tbl1.pak:0x0169310D	
Skilled Martial Artist Outfit	f61804ca1552	2	2	taiwan,tbl	taiwan:table_text_all_data.rdf:3:111702980:0 | tbl:tbl1.pak:0x01693251	Skilled 武道家 Outfit [tbl:tbl1.pak:0x01693251]
Skilled Turtle Outfit	bad093ad0967	2	2	taiwan,tbl	taiwan:table_text_all_data.rdf:3:111702970:0 | tbl:tbl1.pak:0x016931AD	
Sky Dungeon 1	ebe6b8d7ce3e	2	2	taiwan,tbl	taiwan:table_text_all_data.rdf:6:3701222:0 | tbl:tbl1.pak:0x0172DDA0	天空副本1 [taiwan:table_text_all_data.rdf:6:3701222:0]
Sky Dungeon 2	1f7c2b41757a	2	2	taiwan,tbl	taiwan:table_text_all_data.rdf:6:3701223:0 | tbl:tbl1.pak:0x0172DDC0	天空副本2 [taiwan:table_text_all_data.rdf:6:3701223:0]
Sky Dungeon 3	e7f2839891ed	2	2	taiwan,tbl	taiwan:table_text_all_data.rdf:6:3701224:0 | tbl:tbl1.pak:0x0172DDE0	天空副本3 [taiwan:table_text_all_data.rdf:6:3701224:0]
Soul	0cae74dd2ee6	2	2	lang0,taiwan	taiwan:local_data.dat:DST_EQUIP_SLOT_TYPE_SOUL | lang0:lang0.pak:DST_EQUIP_SLOT_TYPE_SOUL	灵魂 [taiwan:local_data.dat:DST_EQUIP_SLOT_TYPE_SOUL] | 灵魂 [lang0:lang0.pak:DST_EQUIP_SLOT_TYPE_SOUL]
Sound Effects	9c018170b60d	2	2	lang0,tbl	lang0:lang0.pak:DST_OPTION_SOUND_SE | tbl:tbl1.pak:0x01867FED	音效 [lang0:lang0.pak:DST_OPTION_SOUND_SE]
Special upgrade not available.	530d9d3b51dd	2	2	lang0,taiwan	taiwan:local_data.dat:DST_TABITEMUPGRADE_SPECIAL_UPGRADE_ERR | lang0:lang0.pak:DST_TABITEMUPGRADE_SPECIAL_UPGRADE_ERR	
Spiked with Item	244e9350fec1	2	2	lang0,taiwan	taiwan:local_data.dat:DST_DRAGONBALL_SCRAMBLE_CONFIRM_GET_3 | lang0:lang0.pak:DST_DRAGONBALL_SCRAMBLE_CONFIRM_GET_3	
Spirit Bomb!	7c754ecaaeeb	2	2	taiwan,tbl	taiwan:table_text_all_data.rdf:7:101060300:0 | tbl:tbl1.pak:0x017F101F	精神炸弹! [tbl:tbl1.pak:0x017F101F]
Stone	029690b00bcd	2	2	lang0,taiwan	taiwan:table_text_all_data.rdf:4:6001534:0 | lang0:lang0.pak:DST_DISASSEMBLE_MATERIAL_TYPE_STONE	石 [taiwan:table_text_all_data.rdf:4:6001534:0]
Stones	09c28ae8f83b	2	2	lang0,tbl	lang0:lang0.pak:DST_OPTION_DROPFILTER_TITLE_STONES | tbl:tbl1.pak:0x016C2FB8	石头 [lang0:lang0.pak:DST_OPTION_DROPFILTER_TITLE_STONES]
Storage	9e092dda4f0e	2	2	lang0,tbl	lang0:lang0.pak:DST_YARDRAT | tbl:tbl1.pak:0x01714C9A	
Swordsman	b39501ca197b	2	2	lang0,tbl	lang0:lang0.pak:DST_SWORD_MASTER | tbl:tbl1.pak:0x01862FE9	剑术师 [lang0:lang0.pak:DST_SWORD_MASTER]
Tail	b0bf12d8d3c3	2	2	lang0,taiwan	taiwan:local_data.dat:DST_TAIL | lang0:lang0.pak:DST_TAIL	尾巴 [taiwan:local_data.dat:DST_TAIL]
Tanjiro Kimono	a54b6f6b8d55	2	2	taiwan,tbl	taiwan:table_text_all_data.rdf:3:99199975:0 | tbl:tbl1.pak:0x01655325	
Target Condition	f533e4a5592c	2	2	lang0,taiwan	taiwan:local_data.dat:DST_DWC_CONDITION | lang0:lang0.pak:DST_DWC_CONDITION	
Target Goal	e7d68e070d57	2	2	lang0,taiwan	taiwan:local_data.dat:DST_DWC_TARGET_TITLE | lang0:lang0.pak:DST_DWC_TARGET_TITLE	
Team Registration	42913fc0a656	2	2	lang0,taiwan	taiwan:local_data.dat:DST_BUDOKAI_NOTICE_TEAM_REGISTER | lang0:lang0.pak:DST_BUDOKAI_NOTICE_TEAM_REGISTER	
Team Second Place Prize	a741fbca0687	2	2	lang0,taiwan	taiwan:local_data.dat:DST_BUDOKAI_NOTICE_PRIZE_TEAM_SECOND_WINNER | lang0:lang0.pak:DST_BUDOKAI_NOTICE_PRIZE_TEAM_SECOND_WINNER	
Team State	ffb72efe4c52	2	2	lang0,taiwan	taiwan:local_data.dat:DST_BUDOKAI_NOTICE_TEAM_STATE | lang0:lang0.pak:DST_BUDOKAI_NOTICE_TEAM_STATE	
Team Winner	8514acef4756	2	2	lang0,taiwan	taiwan:local_data.dat:DST_BUDOKAI_NOTICE_TEAM_WINNER | lang0:lang0.pak:DST_BUDOKAI_NOTICE_TEAM_WINNER	
Team Winner Prize	b2406cb6a595	2	2	lang0,taiwan	taiwan:local_data.dat:DST_BUDOKAI_NOTICE_PRIZE_TEAM_WINNER | lang0:lang0.pak:DST_BUDOKAI_NOTICE_PRIZE_TEAM_WINNER	
Teleport or Exit	f78e14cc43ea	2	2	lang0,taiwan	taiwan:local_data.dat:DST_DRAGONBALL_SCRAMBLE_CONFIRM_DROP_2 | lang0:lang0.pak:DST_DRAGONBALL_SCRAMBLE_CONFIRM_DROP_2	
Temporary error.	76c3444baa6e	2	2	lang0,taiwan	taiwan:local_sync_data.dat:GAME_COMMON_TEMPORARY_ | lang0:lang0.pak:GAME_COMMON_TEMPORARY_	
The Server is going to shut down!	8434345de550	2	2	lang0,taiwan	taiwan:local_data.dat:DST_SHUTDOWN_WARNING | lang0:lang0.pak:DST_SHUTDOWN_WARNING	
This Outfit were worn by a Very\n Well Skilled Martial Artist	d814b5663f5f	2	2	taiwan,tbl	taiwan:table_text_all_data.rdf:3:111702981:0 | tbl:tbl1.pak:0x01693291	This Outfit were worn by a Very\n Well Skilled 武道家 [tbl:tbl1.pak:0x01693291]
Title Effect has been setted.	650249f46154	2	2	lang0,taiwan	taiwan:local_data.dat:DST_ITEM_CAN_NOT_MOVE_ERROR_PACKET_SEND2 | lang0:lang0.pak:DST_ITEM_CAN_NOT_MOVE_ERROR_PACKET_SEND2	
Transform	dea51bb13a44	2	2	lang0,tbl	lang0:lang0.pak:DST_EQUIP_SLOT_TYPE_FULLBODY | tbl:tbl1.pak:0x017F325E	幻化 [lang0:lang0.pak:DST_EQUIP_SLOT_TYPE_FULLBODY]
Transmog Weapon	05c3e821f481	2	2	lang0,taiwan	taiwan:local_data.dat:DST_EQUIP_SLOT_TYPE_SUB_WEAPONTRASMOG | lang0:lang0.pak:DST_EQUIP_SLOT_TYPE_SUB_WEAPONTRASMOG	幻化武器 [lang0:lang0.pak:DST_EQUIP_SLOT_TYPE_SUB_WEAPONTRASMOG]
Trigger Error END.	2897323ad52d	2	2	lang0,taiwan	taiwan:local_sync_data.dat:GAME_TS_ERROR_END | lang0:lang0.pak:GAME_TS_ERROR_END	
Ultimate Majin	40e99d68c8fe	2	2	lang0,tbl	lang0:lang0.pak:DST_ULTI_MA | tbl:tbl1.pak:0x01863075	奥迪魔 [lang0:lang0.pak:DST_ULTI_MA]
Uncommon	630e0b25835d	2	2	lang0,taiwan	taiwan:local_data.dat:DST_DWC_CARD_GRADE_02 | lang0:lang0.pak:DST_DWC_CARD_GRADE_02	普通 [taiwan:local_data.dat:DST_DWC_CARD_GRADE_02]
Under Attack	89a69b807bd0	2	2	lang0,taiwan	taiwan:local_data.dat:DST_DWC_STATE_OPEN | lang0:lang0.pak:DST_DWC_STATE_OPEN	
Unique	87c6f410754d	2	2	lang0,taiwan	taiwan:local_data.dat:DST_DWC_CARD_GRADE_03 | lang0:lang0.pak:DST_DWC_CARD_GRADE_03	
Unstuck	7032a66f78e9	2	2	lang0,taiwan	taiwan:local_data.dat:DST_MAINMENU_UNSTUCK | lang0:lang0.pak:DST_MAINMENU_UNSTUCK	脱卡 [lang0:lang0.pak:DST_MAINMENU_UNSTUCK]
Upgrade Exchange Nugget	f7c9dd831b30	2	2	taiwan,tbl	taiwan:table_text_all_data.rdf:3:990300020:0 | tbl:tbl1.pak:0x016AEAA9	
Used by Demon Slayer Kamado Tanjiro	dacc13d8fd61	2	2	taiwan,tbl	taiwan:table_text_all_data.rdf:3:99199976:0 | tbl:tbl1.pak:0x01655347	
Used by Saiyan Caulifla.	7b8b3a7eceb5	2	2	taiwan,tbl	taiwan:table_text_all_data.rdf:3:10051:0 | tbl:tbl1.pak:0x012D9387	
Used by Saiyan Kale.	60aa167de8cf	2	2	taiwan,tbl	taiwan:table_text_all_data.rdf:3:10061:0 | tbl:tbl1.pak:0x012D93D9	
Vampa Entrance Machine	314a0a4d833c	2	2	taiwan,tbl	taiwan:table_text_all_data.rdf:6:1390000:0 | tbl:tbl1.pak:0x01722962	
Vegeta Armor [Namek Saga]	93b5b4f77e90	2	2	taiwan,tbl	taiwan:table_text_all_data.rdf:3:111702890:0 | tbl:tbl1.pak:0x01692D89	
Vehicle Merchant	96e55380c38d	2	2	lang0,tbl	lang0:lang0.pak:DST_JOB_VEHICLE_MERCHANT | tbl:tbl1.pak:0x01868CC1	
Ver.	ad13edd94b15	2	2	lang0,taiwan	taiwan:local_sync_data.dat:DST_CLIENT_VERSION | lang0:lang0.pak:DST_CLIENT_VERSION	
Very Good	957526a11220	2	2	lang0,tbl	lang0:lang0.pak:DST_ITEMUPGRADE_PREDICT_VERYGOOD | tbl:tbl1.pak:0x018627A5	
View Rankings	032782bca13f	2	2	lang0,tbl	lang0:lang0.pak:DST_RANKBOARD_TITLE | tbl:tbl1.pak:0x0186BFA4	
VP %d/%d	8d2727eba5b5	2	2	lang0,taiwan	taiwan:local_data.dat:DST_SP_GAGE | lang0:lang0.pak:DST_SP_GAGE	
Winner Prize	71bf4d02ff02	2	2	lang0,taiwan	taiwan:local_data.dat:DST_BUDOKAI_NOTICE_PRIZE_WINNER | lang0:lang0.pak:DST_BUDOKAI_NOTICE_PRIZE_WINNER	
You are no longer a Buuhan!	661464b047d5	2	2	lang0,taiwan	taiwan:local_data.dat:DST_SYSTEMMSG_CHANGE_SUPER_BOO_ATTACKER | lang0:lang0.pak:DST_SYSTEMMSG_CHANGE_SUPER_BOO_ATTACKER	
You are no longer a Evil Namek!	4c9be6d96dc9	2	2	lang0,taiwan	taiwan:local_data.dat:DST_SYSTEMMSG_CHANGE_EVIL_NAMEK_ATTACKER | lang0:lang0.pak:DST_SYSTEMMSG_CHANGE_EVIL_NAMEK_ATTACKER	
You are no longer a Oozaru!	853631c4e990	2	2	lang0,taiwan	taiwan:local_data.dat:DST_SYSTEMMSG_CHANGE_BIG_MONKEY_ATTACKER | lang0:lang0.pak:DST_SYSTEMMSG_CHANGE_BIG_MONKEY_ATTACKER	
You are no longer a Orange Namek!	4a79713bbf82	2	2	lang0,taiwan	taiwan:local_data.dat:DST_SYSTEMMSG_CHANGE_KING_NAMEK_ATTACKER | lang0:lang0.pak:DST_SYSTEMMSG_CHANGE_KING_NAMEK_ATTACKER	
You are no longer a Super Boo!	6d4f11f66f7c	2	2	lang0,taiwan	taiwan:local_data.dat:DST_SYSTEMMSG_CHANGE_EVIL_BOO_ATTACKER | lang0:lang0.pak:DST_SYSTEMMSG_CHANGE_EVIL_BOO_ATTACKER	
You are no longer a Super Saiyan 2!	0aa6ba779234	2	2	lang0,taiwan	taiwan:local_data.dat:DST_SYSTEMMSG_CHANGE_SUPER_SAIYAN2_ATTACKER | lang0:lang0.pak:DST_SYSTEMMSG_CHANGE_SUPER_SAIYAN2_ATTACKER	
You are no longer a Super Saiyan 3!	96e8802b92d4	2	2	lang0,taiwan	taiwan:local_data.dat:DST_SYSTEMMSG_CHANGE_SUPER_SAIYAN3_ATTACKER | lang0:lang0.pak:DST_SYSTEMMSG_CHANGE_SUPER_SAIYAN3_ATTACKER	
You are no longer a Super Saiyan 4!	554aad2de144	2	2	lang0,taiwan	taiwan:local_data.dat:DST_SYSTEMMSG_CHANGE_SUPER_SAIYAN4_ATTACKER | lang0:lang0.pak:DST_SYSTEMMSG_CHANGE_SUPER_SAIYAN4_ATTACKER	
You are no longer a Super Saiyan Blue!	6531d0aa426d	2	2	lang0,taiwan	taiwan:local_data.dat:DST_SYSTEMMSG_CHANGE_SUPER_SAIYANBLUE_ATTACKER | lang0:lang0.pak:DST_SYSTEMMSG_CHANGE_SUPER_SAIYANBLUE_ATTACKER	
You have Fainted	4c9e00582bd1	2	2	lang0,taiwan	taiwan:local_data.dat:DST_DRAGONBALL_SCRAMBLE_FAINT_DROP_MSG | lang0:lang0.pak:DST_DRAGONBALL_SCRAMBLE_FAINT_DROP_MSG	
You will get off the vehicle soon.	c54ba5f2cfff	2	2	lang0,taiwan	taiwan:local_sync_data.dat:GAME_VEHICLE_WILL_GET_OFF_SOON | lang0:lang0.pak:GAME_VEHICLE_WILL_GET_OFF_SOON	
You're in a Party %s	fd961a0fe83a	2	2	lang0,taiwan	taiwan:local_data.dat:DST_BUDOKAI_NEWS_INFO_TEAM_STATE | lang0:lang0.pak:DST_BUDOKAI_NEWS_INFO_TEAM_STATE	
▲	723737b6f816	2	2	lang0,taiwan	taiwan:local_data.dat:DST_MARKET_UP_MARK | lang0:lang0.pak:DST_MARKET_UP_MARK	
▼	535a8b587953	2	2	lang0,taiwan	taiwan:local_data.dat:DST_MARKET_DOWN_MARK | lang0:lang0.pak:DST_MARKET_DOWN_MARK	
