id	occurrences	surface_count	surfaces	texts
DST_CLIENT_VERSION	4	2	lang0,taiwan	taiwan:local_data.dat:版本 %d.%d | taiwan:local_sync_data.dat:Ver. | lang0:lang0.pak: | lang0:lang0.pak:Ver.
DST_HOIPOIMIX_RECIPE_FILTER_EVENT	4	2	lang0,taiwan	taiwan:local_data.dat:活動 | taiwan:local_data.dat:Events | lang0:lang0.pak:Events | lang0:lang0.pak:Event
DST_DIALOG_RESET	3	2	lang0,taiwan	taiwan:local_data.dat:For now, you can only have 10 Resets. | lang0:lang0.pak:The reset limit for now is 10. | lang0:lang0.pak:For now, you can only have 10 Resets.
DST_ITEM_CAN_NOT_MOVE_ERROR_PACKET_SEND	3	2	lang0,taiwan	taiwan:local_data.dat:網路錯誤，請稍候重試。 | lang0:lang0.pak:Network Error, Try Again Later | lang0:lang0.pak:Title Status/Effect has been setted.
AIR_CANNOT_FLY_JUMP_NOT_ENOUGH_AP	2	2	lang0,taiwan	taiwan:local_sync_data.dat:飞行需要至少10AP。 | lang0:lang0.pak:Flight requires at least 10AP.
AIR_CANNOT_USE_ITEM_NO_HAVE_AIR_SKILL	2	2	lang0,taiwan	taiwan:local_sync_data.dat:你需要飞行能力来使用这个。 | lang0:lang0.pak:You need the flight ability to use that.
AIR_FAIL	2	2	lang0,taiwan	taiwan:local_sync_data.dat:Air mode failed. | lang0:lang0.pak:Air mode failed.
AUTH_AUTHKEY_FAIL	2	2	lang0,taiwan	"taiwan:local_sync_data.dat:[align = ""center""][font size = ""12"" color=""f4d762""]认证确认[/font][br][br][font size = ""10"" color=""f36a7c""]认证失败。[/font] | lang0:lang0.pak:[align = ""center""][font size = ""12"" color=""f4d762""]Authentication Confirmation[/font][br][br][font size = ""10"" color=""f36a7c""]Authentication failed.[/font]"
AUTH_COMMON_CANT_DO_THAT_FOR_SOME_REASON	2	2	lang0,taiwan	taiwan:local_sync_data.dat:目前无法处理。 | lang0:lang0.pak:Not able to process at the moment.
AUTH_DB_FAIL	2	2	lang0,taiwan	"taiwan:local_sync_data.dat:[align = ""center""][font size = ""12"" color= ""f4d762""]DB连接[/font][br][br][font size = ""10"" color= ""f36a7c""]加载数据失败，请稍后再试。 [/font] | lang0:lang0.pak:[align = ""center""][font size = ""12"" color=""f4d762""]DB Connection[/font][br][br][font size = ""10"" color=""f36a7c""]Failed to load data, please try again later.[/font]"
AUTH_FAIL	2	2	lang0,taiwan	"taiwan:local_sync_data.dat:[align = ""center""][font size = ""12"" color= ""f4d762""]系统描述[/font][br][br][font size = ""10"" color= ""f36a7c""]如果错误持续存在，请联系客户服务。(#A)[/font] | lang0:lang0.pak:[align = ""center""][font size = ""12"" color=""f4d762""]System Description[/font][br][br][font size = ""10"" color=""f36a7c""]If the error persists, please contact customer service.(#A)[/font]"
AUTH_INVALID_CJI_KOR_COOKIE	2	2	lang0,taiwan	"taiwan:local_sync_data.dat:[align = ""center""][font size = ""12"" color= ""f4d762""]游戏连接描述[/font][br][br][font size = ""10"" color= ""f36a7c""]输入了无效cookie[/font] | lang0:lang0.pak:[align = ""center""][font size = ""12"" color=""f4d762""]Game Connection Description[/font][br][br][font size = ""10"" color=""f36a7c""]Invalid Cookie was input.[/font]"
AUTH_IP_BLOCK	2	2	lang0,taiwan	"taiwan:local_sync_data.dat:[align = ""center""][font size = ""12"" color=""f4d762""]连接被阻止[/font][br][br][font size = ""10"" color=""f36a7c""]你的IP被阻止了[/font] | lang0:lang0.pak:[align = ""center""][font size = ""12"" color=""f4d762""]Connection Blocked[/font][br][br][font size = ""10"" color=""f36a7c""]Your IP is blocked[/font]"
AUTH_NO_AVAILABLE_CHARACTER_SERVER	2	2	lang0,taiwan	"taiwan:local_sync_data.dat:[align = ""center""][font size = ""12"" color= ""f4d762""]服务器连接[/font][br][br][font size = ""10"" color= ""f36a7c""]目前没有连接到服务器，[br]请等待，以后重试[/font] | lang0:lang0.pak:[align = ""center""][font size = ""12"" color=""f4d762""]Server Connection[/font][br][br][font size = ""10"" color=""f36a7c""]There is no connection to the server currently,[br]please wait and retry later.[/font]"
AUTH_SERVER_LOCKED	2	2	lang0,taiwan	"taiwan:local_sync_data.dat:[align = ""center""][font size = ""12"" color= ""f4d762""]服务器连接[/font][br][br][font size = ""10"" color= ""f36a7c""]与服务器的连接已经被锁定，请稍后再试。[/font] | lang0:lang0.pak:[align = ""center""][font size = ""12"" color=""f4d762""]Server Connection[/font][br][br][font size = ""10"" color=""f36a7c""]Connection to the server has been locked, please try again later.[/font]"
AUTH_TOO_LONG_ACCOUNT	2	2	lang0,taiwan	"taiwan:local_sync_data.dat:[align = ""center""][font size = ""12"" color= ""f4d762""]请输入昵称[/font][br][br][font size = ""10"" color= ""f36a7c""]请输入一个2~8字的中文/韩语名字[/font] | lang0:lang0.pak:[align = ""center""][font size = ""12"" color=""f4d762""]Enter a Nickname[/font][br][br][font size = ""10"" color=""f36a7c""]Please input a 2~8 worded Chinese/Hangul name.[/font]"
AUTH_TOO_LONG_PASSWORD	2	2	lang0,taiwan	"taiwan:local_sync_data.dat:[align = ""center""][font size = ""12"" color= ""f4d762""]输入密码[/font][br][font size = ""10"" color= ""f36a7c""]输入一个包含英文字母和数字的4-6字母密码[/font] | lang0:lang0.pak:[align = ""center""][font size = ""12"" color=""f4d762""]Enter Password[/font][br][br][font size = ""10"" color=""f36a7c""]Enter a 4-6 letter password containing English letters and numbers.[/font]"
AUTH_USER_BLOCK	2	2	lang0,taiwan	"taiwan:local_sync_data.dat:[align = ""center""][font size = ""12"" color= ""f4d762""]账户通知[/font][br][br][font size = ""10"" color= ""f36a7c""]此账户已被封锁。[/font] | lang0:lang0.pak:[align = ""center""][font size = ""12"" color=""f4d762""]Account Notification[/font][br][br][font size = ""10"" color=""f36a7c""]This account has been blocked.[/font]"
AUTH_USER_EXIST	2	2	lang0,taiwan	"taiwan:local_sync_data.dat:[align = ""center""][font size = ""12"" color= ""f4d762""]用户名确认[/font][br][br][font size = ""10"" color= ""f36a7c""]这个账户已经连接，请确认你的用户名是否正确[/font] | lang0:lang0.pak:[align = ""center""][font size = ""12"" color=""f4d762""]Username Confirmation[/font][br][br][font size = ""10"" color=""f36a7c""]This account is already connected, please verify that your username is correct.[/font]"
AUTH_USER_EXIST_IN_CHARACTER_SERVER	2	2	lang0,taiwan	"taiwan:local_sync_data.dat:[align = ""center""][font size = ""12"" color= ""f4d762""]角色连接确认[/font][br][br][font size = ""10"" color= ""f36a7c""]此角色目前已连接，[br]请稍后再试。[/font] | lang0:lang0.pak:[align = ""center""][font size = ""12"" color=""f4d762""]Character Connection Confirmation[/font][br][br][font size = ""10"" color=""f36a7c""]This character is currently connected,[br]please try again later.[/font]"
AUTH_USER_KICKOUT_WAIT_PLZ	2	2	lang0,taiwan	"taiwan:local_sync_data.dat:[align = ""center""][font size = ""12"" color= ""f4d762""]游戏连接描述[/font][br][br][font size = ""10"" color= ""f36a7c""]玩家已经断开连接，请再试。[/font] | lang0:lang0.pak:[align = ""center""][font size = ""12"" color=""f4d762""]Game Connection Description[/font][br][br][font size = ""10"" color=""f36a7c""]Player has been disconnected, please try again.[/font]"
AUTH_USER_NOT_FOUND	2	2	lang0,taiwan	"taiwan:local_sync_data.dat:[align = ""center""][font size = ""12"" color= ""f4d762""]用户名确认[/font][br][br][font size = ""10"" color= ""f36a7c""]这个账户不存在。[br]请确认你的用户名是否正确。[/font] | lang0:lang0.pak:[align = ""center""][font size = ""12"" color=""f4d762""]Username Confirmation[/font][br][br][font size = ""10"" color=""f36a7c""]This account doesn't exist.[br]Please verify that your username is correct.[/font]"
AUTH_USER_SAMENAME_EXIST	2	2	lang0,taiwan	"taiwan:local_sync_data.dat:[align = ""center""][font size = ""12"" color= ""f4d762""]账户确认[/font][br][br][font size = ""10"" color= ""f36a7c""]该账户目前已连接到服务器，请稍后再尝试。[/font] | lang0:lang0.pak:[align = ""center""][font size = ""12"" color=""f4d762""]Account Confirmation[/font][br][br][font size = ""10"" color=""f36a7c""]The account is currently connected to the server, please try again later. [/font]"
AUTH_USER_TEMPORARY_BLOCK	2	2	lang0,taiwan	"taiwan:local_sync_data.dat:[align = ""center""][font size = ""12"" color= ""f4d762""]连接描述[/font][br][font size = ""10"" color= ""f36a7c""]这个账户目前受到限制，请以后再试[/font] | lang0:lang0.pak:[align = ""center""][font size = ""12"" color=""f4d762""]Connection Description[/font][br][br][font size = ""10"" color=""f36a7c""]This account is currently restricted, please try again later.[/font]"
AUTH_VERSION_FAIL	2	2	lang0,taiwan	"taiwan:local_sync_data.dat:[align = ""center""][font size = ""12"" color= ""f4d762""]游戏版本确认[/font][br][br][font size = ""10"" color= ""f36a7c""]游戏没有更新到最新版本，请重新运行更新。 [/font] | lang0:lang0.pak:[align = ""center""][font size = ""12"" color=""f4d762""]Game Version Confirmation[/font][br][br][font size = ""10"" color=""f36a7c""]The game isn't updated to the latest version, please re-run to update.[/font]"
AUTH_WEB_CHECK_AUTH_FAIL	2	2	lang0,taiwan	"taiwan:local_sync_data.dat:[align = ""center""][font size = ""12"" color= ""f4d762""]用户认证问题[/font][br][br][font size = ""10"" color= ""f36a7c""]关于用户认证，请参考网站。[/font] | lang0:lang0.pak:[align = ""center""][font size = ""12"" color=""f4d762""]User Authentication Problem[/font][br][br][font size = ""10"" color=""f36a7c""]For User Authentication, please refer to the website.[/font]"
AUTH_WRONG_PASSWORD	2	2	lang0,taiwan	"taiwan:local_sync_data.dat:[align = ""center""][font size = ""12"" color= ""f4d762""]密码确认[/font][br][br][font size = ""10"" color= ""f36a7c""]密码不正确[br]请检查您是否开启了大写锁定。[/font] | lang0:lang0.pak:[align = ""center""][font size = ""12"" color=""f4d762""]Password Confirmation[/font][br][br][font size = ""10"" color=""f36a7c""]Incorrect password[br]Please check to see if you have Caps Lock on.[/font]"
CANT_MOVE_ITEM_TO_MASCOT_BAG	2	2	lang0,taiwan	taiwan:local_sync_data.dat:物品不能被移到宠物背包里 | lang0:lang0.pak:Items can't be moved to the Pet backpack
CASHITEM_FAIL	2	2	lang0,taiwan	taiwan:local_sync_data.dat:黑石头HoiPoi没有了。 | lang0:lang0.pak:Black Stone HoiPoi isn't available.
CASHITEM_FAIL_BANK_ALREADY_EXIST	2	2	lang0,taiwan	taiwan:local_sync_data.dat:共享仓库已经存在。 | lang0:lang0.pak:Shared Warehouse already exists.
CASHITEM_FAIL_CANT_BUY_CURRENT_SERVER	2	2	lang0,taiwan	taiwan:local_sync_data.dat:这个道具在这个服务器上买不到。 | lang0:lang0.pak:This item can't be bought on this server.
CASHITEM_FAIL_CANT_FIND_CHARNAME	2	2	lang0,taiwan	taiwan:local_sync_data.dat:找不到名字。 | lang0:lang0.pak:Can't find name.
CASHITEM_FAIL_CANT_GIFT_MYSELF	2	2	lang0,taiwan	taiwan:local_sync_data.dat:不能赠送给自己。 | lang0:lang0.pak:Can't be gifted to yourself.
CASHITEM_FAIL_CANT_RENEWAL	2	2	lang0,taiwan	taiwan:local_sync_data.dat:你不能延长这个道具的有效期。 | lang0:lang0.pak:You can't renew the expiration date on this item.
CASHITEM_FAIL_CONFIRM_ERROR	2	2	lang0,taiwan	taiwan:local_sync_data.dat:购买系统确认失败，请再试。 | lang0:lang0.pak:Purchase system failed to confirm, please try again.
CASHITEM_FAIL_NEED_MORE_CASH	2	2	lang0,taiwan	"taiwan:local_sync_data.dat:[align = ""center""][font size = ""12"" color= ""f4d762""]现金余额[/font][br][br][font size = ""10"" color= ""f36a7c""]您是否希望补充现金余额？[/font] | lang0:lang0.pak:[align = ""center""][font size = ""12"" color=""f4d762""]Cash Balance[/font][br][br][font size = ""10"" color=""f36a7c""]Do you wish to refill your cash balance?[/font]"
CASHITEM_FAIL_NETWORK_ERROR	2	2	lang0,taiwan	taiwan:local_sync_data.dat:网络中存在一个问题。请在几分钟后再试。 | lang0:lang0.pak:There is a problem in the network. Please try again in a few minutes.
CASHITEM_FAIL_NOT_DEFINED_SYSTEM	2	2	lang0,taiwan	taiwan:local_sync_data.dat:这个服务器不能使用这个现金服务。 | lang0:lang0.pak:This server can't use this cash service.
CASHITEM_FAIL_NOT_EXIST_ITEM	2	2	lang0,taiwan	taiwan:local_sync_data.dat:这个道具不存在。 | lang0:lang0.pak:This item doesn't exist.
CASHITEM_FAIL_NOT_ON_SALE_ITEM	2	2	lang0,taiwan	taiwan:local_sync_data.dat:这个道具不能出售。 | lang0:lang0.pak:This item can't be sold.
CASHITEM_FAIL_NOT_READY_SERVICE	2	2	lang0,taiwan	taiwan:local_sync_data.dat:发生了一次服务器维护，请稍后再试。 | lang0:lang0.pak:A server maintenance has occurred, please try again later.
CASHITEM_FAIL_UNKNOWN_ERROR	2	2	lang0,taiwan	taiwan:local_sync_data.dat:发生了一个系统错误。请在几分钟后再试。 | lang0:lang0.pak:A system error has occurred. Please try again in a few minutes.
CHARACTER_AUTHKEY_CREATE_FAIL	2	2	lang0,taiwan	"taiwan:local_sync_data.dat:[align = ""center""][font size = ""12"" color= ""f4d762""]角色认证确认[/font][br][br][font size = ""10"" color= ""f36a7c""]角色认证检查失败。 [/font] | lang0:lang0.pak:[align = ""center""][font size = ""12"" color=""f4d762""]Character Authentication Confirmation[/font][br][br][font size = ""10"" color=""f36a7c""]Character authentication check failed.[/font]"
CHARACTER_AUTHKEY_FAIL	2	2	lang0,taiwan	"taiwan:local_sync_data.dat:[align = ""center""][font size = ""12"" color=""f4d762""]认证确认[/font][br][br][font size = ""10"" color=""f36a7c""]角色认证失败，请再试[/font] | lang0:lang0.pak:[align = ""center""][font size = ""12"" color=""f4d762""]Authentication Confirmation[/font][br][br][font size = ""10"" color=""f36a7c""]Character authentication failed, please try again[/font]"
CHARACTER_AUTHKEY_MISMATCH	2	2	lang0,taiwan	"taiwan:local_sync_data.dat:[align = ""center""][font size = ""12"" color= ""f4d762""]认证确认[/font][br][br][font size = ""10"" color= ""f36a7c""]角色确认错误，请稍后再试。[/font] | lang0:lang0.pak:[align = ""center""][font size = ""12"" color=""f4d762""]Authentication Confirmation[/font][br][br][font size = ""10"" color=""f36a7c""]Character confirmation error, please try again later.[/font]"
CHARACTER_AUTHKEY_NOT_FOUND	2	2	lang0,taiwan	"taiwan:local_sync_data.dat:[align = ""center""][font size = ""12"" color= ""f4d762""]角色确认[/font][br][br][font size = ""10"" color= ""f36a7c""]无法确认角色，请再试。[/font] | lang0:lang0.pak:[align = ""center""][font size = ""12"" color=""f4d762""]Character Confirmation[/font][br][br][font size = ""10"" color=""f36a7c""]Unable to confirm character, please try again.[/font]"
CHARACTER_BLOCK_STRING_INCLUDED	2	2	lang0,taiwan	"taiwan:local_sync_data.dat:[align = ""center""][font size = ""12"" color= ""f4d762""]禁忌词[/font][br][br][font size = ""10"" color= ""f36a7c""]玩家说了一个禁忌词，请再试一次[/font] | lang0:lang0.pak:[align = ""center""][font size = ""12"" color=""f4d762""]Taboo Word[/font][br][br][font size = ""10"" color=""f36a7c""]Player has said a Taboo word, please try again.[/font]"
CHARACTER_COMMON_CANT_DO_THAT_FOR_SOME_REASON	2	2	lang0,taiwan	"taiwan:local_sync_data.dat:[align = ""center""][font size = ""12"" color= ""f4d762""]系统确认[/font][br][br][font size = ""10"" color= ""f36a7c""]由于系统问题，这个动作不能被处理[/font] | lang0:lang0.pak:[align = ""center""][font size = ""12"" color=""f4d762""]System Confirmation[/font][br][br][font size = ""10"" color=""f36a7c""]Due to a system problem, this action can't be processed.[/font]"
CHARACTER_COUNT_OVER	2	2	lang0,taiwan	"taiwan:local_sync_data.dat:[align = ""center""][font size = ""12"" color=""f4d762""]角色创建[/font][br][br][font size = ""10"" color=""f36a7c""]你已经达到角色的最大数量[/font] | lang0:lang0.pak:[align = ""center""][font size = ""12"" color=""f4d762""]Character Creation[/font][br][br][font size = ""10"" color=""f36a7c""]You already reached the max amount of Characters[/font]"
CHARACTER_COUNT_OVER_AND_DELETE_NFY	2	2	lang0,taiwan	taiwan:local_sync_data.dat:你的角色数超过了限制。  请在删除一个角色后登录。 | lang0:lang0.pak:Your character count exceeds the limit.  Please login after deleting a character.
CHARACTER_CREATE_VALUE_FAIL	2	2	lang0,taiwan	"taiwan:local_sync_data.dat:[align = ""center""][font size = ""12"" color=""f4d762""]角色建立说明[/font][br][br][font size = ""10"" color=""f36a7c""]角色建立失败了。请稍后再试。[/font] | lang0:lang0.pak:[align = ""center""][font size = ""12"" color=""f4d762""]Character Build Instructions[/font][br][br][font size = ""10"" color=""f36a7c""]Character Build Failed. Please try again later.[/font]"
CHARACTER_DB_QUERY_FAIL	2	2	lang0,taiwan	"taiwan:local_sync_data.dat:[align = ""center""][font size = ""12"" color= ""f4d762""]角色服务器[/font][br][br][font size = ""10"" color= ""f36a7c""]出现数据库错误。[br]请向管理员报告。[/font] | lang0:lang0.pak:[align = ""center""][font size = ""12"" color=""f4d762""]Character Server[/font][br][br][font size = ""10"" color=""f36a7c""]A Database error appeared.[br]Please report to an Administrator.[/font]"
CHARACTER_DELETE_BUDOKAI_REGISTER_FAIL	2	2	lang0,taiwan	"taiwan:local_sync_data.dat:[align = ""center""][font size = ""12"" color= ""f4d762""]角色删除说明[/font][br][br][font size = ""10"" color= ""f36a7c""]你目前已经注册了武道会。[br]无法删除角色。[/font] | lang0:lang0.pak:[align = ""center""][font size = ""12"" color=""f4d762""]Character Removal Instructions[/font][br][br][font size = ""10"" color=""f36a7c""]You are currently registered for the Budokai.[br]Can't delete Character.[/font]"
CHARACTER_DELETE_CHAR_FAIL	2	2	lang0,taiwan	"taiwan:local_sync_data.dat:[align = ""center""] [font size = ""12"" color = ""f4d762""] 角色删除 [/font][br][br][font size = ""10"" color = ""f36a7c"" ] 删除角色失败。[/font] | lang0:lang0.pak:[align = ""center""] [font size = ""12"" color = ""f4d762""] Character Deletion [/font][br][br][font size = ""10"" color = ""f36a7c""] Failed to delete the character. [/font]"
CHARACTER_DELETE_CHAR_FAIL_NOT_MATCH_CODE	2	2	lang0,taiwan	"taiwan:local_sync_data.dat:[align = ""center""][font size = ""12"" color= ""f4d762""]角色删除[/font][br][br]font size = ""10"" color= ""f36a7c""]你输入的密码不正确[/font] | lang0:lang0.pak:[align = ""center""][font size = ""12"" color=""f4d762""]Character Deletion[/font][br][br]font size = ""10"" color=""f36a7c""]The password you entered was incorrect.[/font]"
CHARACTER_DELETE_CHAR_TMP_FAIL	2	2	lang0,taiwan	taiwan:local_sync_data.dat:有现金商店货物的角色不能被删除。 | lang0:lang0.pak:Characters with cash-shop goods can't be deleted.
CHARACTER_DELETE_GUILD_LEADER_FAIL	2	2	lang0,taiwan	"taiwan:local_sync_data.dat:[align = ""center""][font size = ""12"" color= ""f4d762""]角色删除[/font][br][br][font size = ""10"" color= ""f36a7c""]无法删除角色[br]请离开你的流派[/font]。 | lang0:lang0.pak:[align = ""center""][font size = ""12"" color=""f4d762""]Character Deletion[/font][br][br][font size = ""10"" color=""f36a7c""]Unable to delete character[br]Please leave your guild.[/font]"
CHARACTER_DISCONNECTED_FORCEDLY	2	2	lang0,taiwan	"taiwan:local_sync_data.dat:[align = ""center""][font size = ""12"" color= ""f4d762""]角色服务器[/font][br][br][font size = ""10"" color= ""f36a7c""]您的连接已被断开[/font] | lang0:lang0.pak:[align = ""center""][font size = ""12"" color=""f4d762""]Character Server[/font][br][br][font size = ""10"" color=""f36a7c""]Your connection has been disconnected.[/font]"
CHARACTER_DISCONNECTED_TEMPORARILY	2	2	lang0,taiwan	"taiwan:local_sync_data.dat:[align = ""center""][font size = ""12"" color= ""f4d762""]角色服务器[/font][br][br][font size = ""10"" color= ""f36a7c""]您的连接已被断开[/font] | lang0:lang0.pak:[align = ""center""][font size = ""12"" color=""f4d762""]Character Server[/font][br][br][font size = ""10"" color=""f36a7c""]Your connection has been disconnected.[/font]"
CHARACTER_FAIL	2	2	lang0,taiwan	"taiwan:local_sync_data.dat:[align = ""center""][font size = ""12"" color= ""f4d762""]角色服务器[/font][br][br][font size = ""10"" color= ""f36a7c""]出现未知错误。[br]请联系一名管理员。[/font] | lang0:lang0.pak:[align = ""center""][font size = ""12"" color=""f4d762""]Character Server[/font][br][br][font size = ""10"" color=""f36a7c""]An unknown error appeared.[br]Please contact one Administrator.[/font]"
CHARACTER_NAME_NOT_EXIST	2	2	lang0,taiwan	"taiwan:local_sync_data.dat:[align = ""center""][font size = ""12"" color= ""f4d762""]角色检查[/font][br][br][font size = ""10"" color= ""f36a7c"" ]角色不存在[/font] | lang0:lang0.pak:[align = ""center""][font size = ""12"" color=""f4d762""]Character Check[/font][br][br][font size = ""10"" color=""f36a7c""]Character doesn't exist[/font]"
CHARACTER_NO_PREMIUM_SLOT	2	2	lang0,taiwan	"taiwan:local_sync_data.dat:[align = ""center""][font size = ""12"" color= ""f4d762""]角色创建公告[/font][br][br][font size = ""10"" color= ""f36a7c""]无法创建一个高级角色，因为[br]你没有可用的高级插槽[/font]。 | lang0:lang0.pak:[align = ""center""][font size = ""12"" color=""f4d762""]Character Creation Announcement[/font][br][br][font size = ""10"" color=""f36a7c""]Can't create a premium character because[br]you have no premium slots available.[/font]"
CHARACTER_RACE_NOT_ALLOWED	2	2	lang0,taiwan	"taiwan:local_sync_data.dat:[align = ""center""][font size = ""12"" color= ""f4d762""]角色创建[/font][br][br][font size = ""10"" color= ""f36a7c""]该种族已被封锁[/font]。 | lang0:lang0.pak:[align = ""center""][font size = ""12"" color=""f4d762""]Character Creation[/font][br][br][font size = ""10"" color=""f36a7c""]The race has been blocked.[/font]"
CHARACTER_SAMENAME_EXIST	2	2	lang0,taiwan	"taiwan:local_sync_data.dat:[align = ""center""][font size = ""12"" color= ""f4d762""]角色名称[/font][br][br][font size = ""10"" color= ""f36a7c"" ]角色名称已经存在。 | lang0:lang0.pak:[align = ""center""][Font size = ""12"" color=""f4d762""]Character Name[/font][br][br][font size = ""10"" color=""f36a7c""]Character Name already exists.[/font]"
CHARACTER_SERVER_IS_UNDER_CONSTRUCTION	2	2	lang0,taiwan	"taiwan:local_sync_data.dat:[align = ""center""][font size = ""12"" color= ""f4d762""]角色服务器[/font][br][br][font size = ""10"" color= ""f36a7c""]服务器正在建设中。[br]请以后再试。[/font] | lang0:lang0.pak:[align = ""center""][font size = ""12"" color=""f4d762""]Character Server[/font][br][br][font size = ""10"" color=""f36a7c""]Server under construction.[br]Please try again later.[/font]"
CHARACTER_SERVER_LOCKED	2	2	lang0,taiwan	"taiwan:local_sync_data.dat:[align = ""center""][font size = ""12"" color= ""f4d762""]角色服务器[/font][br][br][font size = ""10"" color= ""f36a7c""]连接到服务器已经被锁定。稍后再试。[/font] | lang0:lang0.pak:[align = ""center""][font size = ""12"" color=""f4d762""]Character Server[/font][br][br][font size = ""10"" color=""f36a7c""]This Channel is for Verified Players, Try other Channel.[/font]"
CHARACTER_TEMPORARY_BLOCK	2	2	lang0,taiwan	"taiwan:local_sync_data.dat:[align = ""center""][font size = ""12"" color= ""f4d762""]角色服务器[/font][br][br][font size = ""10"" color= ""f36a7c""]连接已被暂时封锁。[br] 请以后再尝试。] | lang0:lang0.pak:[align = ""center""][font size = ""12"" color=""f4d762""]Character Server[/font][br][br][font size = ""10"" color=""f36a7c""]This Channel is for Verified Players.[br] Try other Channel.[/font]"
CHARACTER_TOO_LONG_NAME	2	2	lang0,taiwan	"taiwan:local_sync_data.dat:[align = ""center""][font size = ""12"" color=""f4d762""]角色创建[/font][br][br][font size = ""10"" color=""f36a7c""]角色名称太长[/font] | lang0:lang0.pak:[align = ""center""][font size = ""12"" color=""f4d762""]Character Creation[/font][br][br][font size = ""10"" color=""f36a7c""]Character Name is too long[/font]"
CHARACTER_TOO_SHORT_NAME	2	2	lang0,taiwan	"taiwan:local_sync_data.dat:[align = ""center""][font size = ""12"" color=""f4d762""]角色创建[/font][br][br][font size = ""10"" color=""f36a7c""]角色名称太短[/font] | lang0:lang0.pak:[align = ""center""][font size = ""12"" color=""f4d762""]Character Creation[/font][br][br][font size = ""10"" color=""f36a7c""]Character Name is too short[/font]"
CHARACTER_USER_BLOCK	2	2	lang0,taiwan	"taiwan:local_sync_data.dat:[align = ""center""][font size = ""12"" color= ""f4d762""]账户被封锁[/font][br][br][font size = ""10"" color= ""f36a7c""]该账户已被封锁[/font] | lang0:lang0.pak:[align = ""center""][font size = ""12"" color=""f4d762""]Account Blocked[/font][br][br][font size = ""10"" color=""f36a7c""]The account has been blocked[/font]"
CHARACTER_USER_EXIST	2	2	lang0,taiwan	"taiwan:local_sync_data.dat:[align = ""center""][font size = ""12"" color= ""f4d762""]游戏连接[/font][br][br][font size = ""10"" color= ""f36a7c""]该角色目前在线。[br]请稍后再试[/font] | lang0:lang0.pak:[align = ""center""][font size = ""12"" color=""f4d762""]Game Connection[/font][br][br][font size = ""10"" color=""f36a7c""]The character is currently online.[br]Please try again later[/font]"
CHARACTER_USER_EXIST_IN_GAME_SERVER	2	2	lang0,taiwan	"taiwan:local_sync_data.dat:[align = ""center""][font size = ""12"" color= ""f4d762""]游戏连接[/font][br][br][font size = ""10"" color= ""f36a7c""]角色已经在线。[/font] | lang0:lang0.pak:[align = ""center""][font size = ""12"" color=""f4d762""]Game Connection[/font][br][br][font size = ""10"" color=""f36a7c""]Character already online.[/font]"
CHARACTER_USER_ITEM_CREATE_FAIL	2	2	lang0,taiwan	"taiwan:local_sync_data.dat:[align = ""center""][font size = ""12"" color= ""f4d762""]道具确认[/font][br][br][font size = ""10"" color= ""f36a7c""]角色道具生成失败。[/font] | lang0:lang0.pak:[align = ""center""][font size = ""12"" color=""f4d762""]Item confirmation[/font][br][br][font size = ""10"" color=""f36a7c""]Character items generation failed.[/font]"
CHARACTER_USER_QUICK_SLOT_CREATE_FAIL	2	2	lang0,taiwan	"taiwan:local_sync_data.dat:[align = ""center""][font size = ""12"" color= ""f4d762""]快速插槽检查[/font][br][br][font size = ""10"" color= ""f36a7c""]无法初始化用户的角色快速插槽。[/font] | lang0:lang0.pak:[align = ""center""][font size = ""12"" color=""f4d762""]Quick Slot Check[/font][br][br][font size = ""10"" color=""f36a7c""]Could not initialize the user's character quick slot.[/font]"
CHARACTER_USER_SHOULD_WAIT_FOR_CONNECT	2	2	lang0,taiwan	"taiwan:local_sync_data.dat:[align = ""center""][font size = ""12"" color= ""f4d762""]正在连接[/font][br][br][font size = ""10"" color= ""f36a7c""]等待连接。[/font] | lang0:lang0.pak:[align = ""center""][font size = ""12"" color=""f4d762""]Connecting[/font][br][br][font size = ""10"" color=""f36a7c""]Waiting to connect.[/font]"
CHARACTER_USER_SKILL_CREATE_FAIL	2	2	lang0,taiwan	"taiwan:local_sync_data.dat:[align = ""center""][font size = ""12"" color= ""f4d762""]技能检查[/font][br][br][font size = ""10"" color= ""f36a7c""]创建人物技能失败。 [/font] | lang0:lang0.pak:[align = ""center""][font size = ""12"" color=""f4d762""]Skill Check[/font][br][br][font size = ""10"" color=""f36a7c""]Failed to create the character skill.[/font]"
CHARACTER_WRONG_SERVER_FARM_SELECTED	2	2	lang0,taiwan	"taiwan:local_sync_data.dat:[align = ""center""][font size = ""12"" color= ""f4d762""]服务器选择通知[/font][br][br][font size = ""10"" color= ""f36a7c""]你选错了服务器。[br]请选择另一个服务器。[/font] | lang0:lang0.pak:[align = ""center""][font size = ""12"" color=""f4d762""]Server Selection Notice[/font][br][br][font size = ""10"" color=""f36a7c""]You've selected the wrong server.[br]Please select a different server.[/font]"
CHARTITLE_NO_HAVE	2	2	lang0,taiwan	taiwan:local_sync_data.dat:非玩家拥有的称谓号 | lang0:lang0.pak:No char with this title.
CHARTITLE_TITLE_IS_ON_PROGRESS	2	2	lang0,taiwan	taiwan:local_sync_data.dat:处理标题。 | lang0:lang0.pak:Processing Title.
CHARTITLE_YOU_ALREADY_HAVE_THE_TITLE	2	2	lang0,taiwan	taiwan:local_sync_data.dat:你已经有了这个称号。 | lang0:lang0.pak:You already have that title.
CHAT_SUCCESS	2	2	lang0,taiwan	"taiwan:local_sync_data.dat:[align = ""center""][font size = ""12"" color= ""f4d762""]聊天服务器[/font][br][br][font size = ""10"" color= ""269eff""]与聊天服务器连接已成功。] | lang0:lang0.pak:[align = ""center""][font size = ""12"" color=""f4d762""]Chat Server[/font][br][br][font size = ""10"" color=""269eff ""]Connection with Chat Server was successful.[/font]"
COMMUNITY_ALREADY_IN_SERVER	2	2	lang0,taiwan	"taiwan:local_sync_data.dat:[align = ""center""][font size = ""12"" color=""f4d762""]服务器连接检查[/font][br][br][font size = ""10"" color=""f36a7c"" ]已经连接到社区服务器[/font] | lang0:lang0.pak:[align = ""center""][font size = ""12"" color=""f4d762""]Server Connection Check[/font][br][br][font size = ""10"" color=""f36a7c""]Already connected to the community server[/font]"
COMMUNITY_COMMON_NEED_MORE_TIME_TO_DO_IT	2	2	lang0,taiwan	taiwan:local_sync_data.dat:服务暂时不可用，请在几分钟后再试。 | lang0:lang0.pak:Service temporarily unavailable, Please try again in a few minutes.
COMMUNITY_COMMON_NOT_VALID_TARGET	2	2	lang0,taiwan	taiwan:local_sync_data.dat:无效的目标 | lang0:lang0.pak:Invalid Target
COMMUNITY_COMMON_NO_SUCH_A_GUILD	2	2	lang0,taiwan	taiwan:local_sync_data.dat:流派名称不存在。 | lang0:lang0.pak:Guild Name doesn't exist.
COMMUNITY_COMMON_NO_SUCH_A_TARGET	2	2	lang0,taiwan	taiwan:local_sync_data.dat:目标并不存在 | lang0:lang0.pak:Target doesn't exist
COMMUNITY_COMMON_SYSTEM_ERROR	2	2	lang0,taiwan	"taiwan:local_sync_data.dat:[align = ""center""][font size = ""12"" color= ""f4d762""]社区服务器维护通知[/font][br][br][font size = ""10"" color= ""f36a7c""]社区服务器暂时无法使用[/font] | lang0:lang0.pak:[align = ""center""][font size = ""12"" color=""f4d762""]Community Server Maintenance Notice[/font][br][br][font size = ""10"" color=""f36a7c""]The community server is temporarily unavailable.[/font]"
COMMUNITY_COMMON_TARGET_IS_NOT_YOUR_GUILD_MEMBER	2	2	lang0,taiwan	taiwan:local_sync_data.dat:目标ID不在流派里。 | lang0:lang0.pak:The target ID isn't in the guild.
COMMUNITY_DISCONNECTED_FORCEDLY	2	2	lang0,taiwan	"taiwan:local_sync_data.dat:[align = ""center""][font size = ""12"" color=""f4d762""]角色服务器[/font][br][br][font size = ""10"" color=""f36a7c""]你已经被服务器断开连接[br][/font] | lang0:lang0.pak:[align = ""center""][font size = ""12"" color=""f4d762""]Character Server[/font][br][br][font size = ""10"" color=""f36a7c""]You have been disconnected[br]by the server[/font]"
COMMUNITY_DISCONNECTED_TEMPORARILY	2	2	lang0,taiwan	"taiwan:local_sync_data.dat:[align = ""center""][font size = ""12"" color= ""f4d762""]角色服务器[/font][br][br][font size = ""10"" color= ""f36a7c""]你已经被断开连接[/font] | lang0:lang0.pak:[align = ""center""][font size = ""12"" color=""f4d762""]Character Server[/font][br][br][font size = ""10"" color=""f36a7c""]You have been disconnected[/font]"
COMMUNITY_DOJO_BANK_ZENNY_NOT_ENOUGH	2	2	lang0,taiwan	taiwan:local_sync_data.dat:索尼仓库是不足的。 | lang0:lang0.pak:Zeni warehouse is insufficient.
COMMUNITY_DOJO_DEL_FAIL	2	2	lang0,taiwan	taiwan:local_sync_data.dat:删除道场失败 | lang0:lang0.pak:Deleting dojo failed
COMMUNITY_DOJO_FIND_FAIL	2	2	lang0,taiwan	taiwan:local_sync_data.dat:找不到道场 | lang0:lang0.pak:Couldn't find the dojo
COMMUNITY_DOJO_MAKE_FAIL	2	2	lang0,taiwan	"taiwan:local_sync_data.dat:[align = ""center""][font size = ""12"" color=""f4d762""]创建道场[/font][br][br][font size = ""10"" color=""f36a7c""]创建道场失败[/font] | lang0:lang0.pak:[align = ""center""][font size = ""12"" color=""f4d762""]Dojo Creation[/font][br][br][font size = ""10"" color=""f36a7c""]Creating a dojo failed[/font]"
COMMUNITY_DOJO_NON_EXISTING_FUNCTION	2	2	lang0,taiwan	taiwan:local_sync_data.dat:你没有适当的权限。 | lang0:lang0.pak:You don't have appropriate permissions.
COMMUNITY_DOJO_SCRAMBLE_ARLEADY_HAVE	2	2	lang0,taiwan	taiwan:local_sync_data.dat:已经有了道场争夺战的申请人 | lang0:lang0.pak:Already a Dojo scramble applicant
COMMUNITY_DOJO_SCRAMBLE_FAIL_FOR_BEING_DISBANDED	2	2	lang0,taiwan	taiwan:local_sync_data.dat:流派不能混战，因为它已经被解散了，或者正准备解散。 | lang0:lang0.pak:The guild can't scramble because it has already been disbanded or is standing by for disband.
COMMUNITY_DOJO_SCRAMBLE_REJECT_FAIL_FOR_BANK_USE	2	2	lang0,taiwan	taiwan:local_sync_data.dat:无法在道场争夺战中打开银行 | lang0:lang0.pak:Can't open bank in Dojo scramble
COMMUNITY_DOJO_SCRAMBLE_REJECT_FAIL_SECOND	2	2	lang0,taiwan	taiwan:local_sync_data.dat:流派争夺战只能被拒绝一次。 | lang0:lang0.pak:Guild scramble can only be rejected once.
COMMUNITY_DOJO_SCRAMBLE_WAIT	2	2	lang0,taiwan	taiwan:local_sync_data.dat:请等待重新申请道场战。 | lang0:lang0.pak:Please wait to re-apply Dojo battle.
COMMUNITY_DOJO_SEED_ALREADY_SETTING	2	2	lang0,taiwan	"taiwan:local_sync_data.dat:[align = ""center""][font size = ""12"" color= ""f4d762""]世界武术锦标赛种子通知[/font][br][br][font size = ""10"" color= ""f36a7c""]该道场的世界武术锦标赛种子已经被注册。[br][br]删除后请重新尝试注册。[/font] | lang0:lang0.pak:[align = ""center""][font size = ""12"" color=""f4d762""]World Martial Arts Tournament Seed Notice[/font][br][br][font size = ""10"" color=""f36a7c""]The dojo's World Martial Arts Tournament seed has already been registered.[br][br]Please try registering again after deleting.[/font]"
COMMUNITY_DOJO_SEED_NAME_FAIL	2	2	lang0,taiwan	taiwan:local_sync_data.dat:不存在适用的角色，或者出了问题。 | lang0:lang0.pak:No applicable character exists or something went wrong.
COMMUNITY_DOJO_SEED_NOT_SET	2	2	lang0,taiwan	"taiwan:local_sync_data.dat:[align = ""center""][font size = ""12"" color= ""f4d762""]世界武术锦标赛种子通知[/font][br][br][font size = ""10"" color= ""f36a7c""]世界武术锦标赛种子没有注册。 [/font] | lang0:lang0.pak:[align = ""center""][font size = ""12"" color=""f4d762""]World Martial Arts Tournament Seed Notice[/font][br][br][font size = ""10"" color=""f36a7c""]The World Martial Arts Tournament seed wasn't registered.[/font]"
COMMUNITY_DOJO_YOU_ARE_NOT_OWNNER	2	2	lang0,taiwan	taiwan:local_sync_data.dat:你不是道场主人 | lang0:lang0.pak:You are not the dojo owner
COMMUNITY_FAIL	2	2	lang0,taiwan	"taiwan:local_sync_data.dat:[align = ""center""][font size = ""12"" color=""f4d762""]系统错误通知[/font][br][br][font size = ""10"" color=""f36a7c""]系统出现错误。[br]请联系游戏管理团队。(#T)[/font] | lang0:lang0.pak:[align = ""center""][font size = ""12"" color=""f4d762""]System Error Notice[/font][br][br][font size = ""10"" color=""f36a7c""]There is an error in the system.[br]Please contact the game management team.(#T)[/font]"
COMMUNITY_FRIEND_BLACK_CHAR_EXIST	2	2	lang0,taiwan	taiwan:local_sync_data.dat:玩家已经被封锁 | lang0:lang0.pak:Player already blocked
COMMUNITY_FRIEND_CHAR_ARLEADY_ADDED	2	2	lang0,taiwan	taiwan:local_sync_data.dat:玩家已经是你的朋友了。 | lang0:lang0.pak:The player is already your friend.
COMMUNITY_FRIEND_CHAR_EXIST	2	2	lang0,taiwan	taiwan:local_sync_data.dat:玩家已经注册为朋友 | lang0:lang0.pak:Player already registered as friend
COMMUNITY_FRIEND_CHAR_NOT_FOUND	2	2	lang0,taiwan	taiwan:local_sync_data.dat:未找到玩家 | lang0:lang0.pak:Player not found
COMMUNITY_FRIEND_MAX_COUNT_OVER	2	2	lang0,taiwan	taiwan:local_sync_data.dat:朋友名单已满。 | lang0:lang0.pak:Friend List is full.
COMMUNITY_FRIEND_SELF_FAIL	2	2	lang0,taiwan	taiwan:local_sync_data.dat:你不能把自己加到你的朋友名单中。 | lang0:lang0.pak:You can't add yourself to your friends list.
COMMUNITY_GUILD_BANK_CLOSED	2	2	lang0,taiwan	taiwan:local_sync_data.dat:流派的仓库已经关闭 | lang0:lang0.pak:The guild warehouse is closed
COMMUNITY_GUILD_BANK_QUERY	2	2	lang0,taiwan	taiwan:local_sync_data.dat:流派银行目前正在处理一项交易。  请稍后再试。 | lang0:lang0.pak:The guild bank is currently processing a transaction.  Please try again later.
COMMUNITY_GUILD_BANK_USING_NOW	2	2	lang0,taiwan	taiwan:local_sync_data.dat:流派仓库正在使用中 | lang0:lang0.pak:The guild warehouse is in use
COMMUNITY_GUILD_CANT_KICK_YOURSELF_OUT	2	2	lang0,taiwan	taiwan:local_sync_data.dat:你不能把自己从流派里踢出去。 | lang0:lang0.pak:You can't kick yourself from the guild.
COMMUNITY_GUILD_CREATOR_NOT_FOUND	2	2	lang0,taiwan	taiwan:local_sync_data.dat:找不到流派管理员 | lang0:lang0.pak:Could not find the guild manager
COMMUNITY_GUILD_DISBANDE_FAIL_FOR_DOJO	2	2	lang0,taiwan	taiwan:local_sync_data.dat:无法解散道场的流派。 | lang0:lang0.pak:Unable to disband the dojo's guild.
COMMUNITY_GUILD_DISBANDE_FAIL_FOR_DOJO_SCRAMBLE	2	2	lang0,taiwan	taiwan:local_sync_data.dat:在道场争夺战中无法解散流派。 | lang0:lang0.pak:Unable to disband guild during dojo scramble.
COMMUNITY_GUILD_FIND_FAIL	2	2	lang0,taiwan	taiwan:local_sync_data.dat:找不到流派 | lang0:lang0.pak:Could not find the guild
COMMUNITY_GUILD_FUNCTION_NOT_FOUND	2	2	lang0,taiwan	taiwan:local_sync_data.dat:未找到流派功能 | lang0:lang0.pak:Guild function not found
COMMUNITY_GUILD_GUILD_IS_BEING_DISBANDED	2	2	lang0,taiwan	taiwan:local_sync_data.dat:流派正在解散。 | lang0:lang0.pak:Guild is being disbanded.
COMMUNITY_GUILD_GUILD_IS_NOT_BEING_DISBANDED	2	2	lang0,taiwan	taiwan:local_sync_data.dat:流派不再解散。 | lang0:lang0.pak:Guild is no longer being disbanded.
COMMUNITY_GUILD_GUILD_MEMBER_CANT_HAVE_MORE_GUILD	2	2	lang0,taiwan	taiwan:local_sync_data.dat:你不能成为一个以上流派的成员。 | lang0:lang0.pak:You can't be a member of more then one guild.
COMMUNITY_GUILD_INVITE_FAIL_FOR_BEING_SCRAMBLE	2	2	lang0,taiwan	taiwan:local_sync_data.dat:无法加入流派，而流派的道场正处于混乱状态。 | lang0:lang0.pak:Unable to join the guild while its dojo is in scramble.
COMMUNITY_GUILD_KICKOUT	2	2	lang0,taiwan	taiwan:local_sync_data.dat:你已经被踢出了流派。 | lang0:lang0.pak:You've been kicked from the guild.
COMMUNITY_GUILD_LEADER_CANT_LEAVE	2	2	lang0,taiwan	"taiwan:local_sync_data.dat:[align = ""center""][font size = ""12"" color= ""f4d762""]流派系统[/font][br][br][font size = ""10"" color= ""f36a7c""]流派领袖不能离开流派[/font] | lang0:lang0.pak:[align = ""center""][font size = ""12"" color=""f4d762""]Guild System[/font][br][br][font size = ""10"" color=""f36a7c""]Guild leaders can't leave the guild[/font]"
COMMUNITY_GUILD_LEAVE	2	2	lang0,taiwan	taiwan:local_sync_data.dat:你已经离开了流派。 | lang0:lang0.pak:You've left the guild.
COMMUNITY_GUILD_MAX_NUMBER_OF_MEMBERS	2	2	lang0,taiwan	taiwan:local_sync_data.dat:流派已经有了最大的成员。 | lang0:lang0.pak:Guild already has maximum members.
COMMUNITY_GUILD_MAX_NUMBER_OF_SECOND_MASTERS	2	2	lang0,taiwan	"taiwan:local_sync_data.dat:[align = ""center""][font size = ""12"" color= ""f4d762""]流派系统[/font][br][br][font size = ""10"" color= ""f36a7c""]达到第二个流派会长上限[/font] | lang0:lang0.pak:[align = ""center""][font size = ""12"" color=""f4d762""]Guild System[/font][br][br][font size = ""10"" color=""f36a7c""]Second guild master limit reached[/font]"
COMMUNITY_GUILD_NEED_MORE_PARTY_MEMBER_FOR_NEW_GUILD	2	2	lang0,taiwan	taiwan:local_sync_data.dat:需要更多的成员 | lang0:lang0.pak:More party members required
COMMUNITY_GUILD_TARGET_ALREADY_HAS_INVITATION	2	2	lang0,taiwan	taiwan:local_sync_data.dat:目标已经有了流派邀请函 | lang0:lang0.pak:Target already has a guild invitation
COMMUNITY_GUILD_TARGET_IS_ALREADY_IN_A_GUILD	2	2	lang0,taiwan	taiwan:local_sync_data.dat:目标已经在流派内 | lang0:lang0.pak:Target already inside a guild
COMMUNITY_GUILD_TARGET_IS_ALREADY_SECOND_MASTER	2	2	lang0,taiwan	taiwan:local_sync_data.dat:玩家已经是第二个主人了 | lang0:lang0.pak:Player is already a second master
COMMUNITY_GUILD_TARGET_IS_NOT_SECOND_MASTER	2	2	lang0,taiwan	taiwan:local_sync_data.dat:玩家不是第二个主人 | lang0:lang0.pak:Player isn't a second master
COMMUNITY_GUILD_TRIED_TO_APPOINT_YOURSELF	2	2	lang0,taiwan	taiwan:local_sync_data.dat:不能任命自己 | lang0:lang0.pak:Can't appoint yourself
COMMUNITY_GUILD_YOU_ARE_ALREADY_IN_A_GUILD	2	2	lang0,taiwan	taiwan:local_sync_data.dat:你已经在一个流派里面了 | lang0:lang0.pak:You are already inside a guild
COMMUNITY_GUILD_YOU_ARE_NOT_GUILD_MASTER	2	2	lang0,taiwan	"taiwan:local_sync_data.dat:[align = ""center""][font size = ""12"" color=""f4d762""]流派权限说明[/font][br][br][font size = ""10"" color=""f36a7c""]你不是流派会长[/font] | lang0:lang0.pak:[align = ""center""][font size = ""12"" color=""f4d762""]Genre Permission Description[/font][br][br][font size = ""10"" color=""f36a7c""]You are not a Guild Master[/font]"
COMMUNITY_GUILD_YOU_DONT_BELONG_TO_GUILD	2	2	lang0,taiwan	"taiwan:local_sync_data.dat:[align = ""center""][font size = ""12"" color=""f4d762""]流派错误[/font][br][br][font size = ""10"" color=""f36a7c""]你不在一个流派里面[/font] | lang0:lang0.pak:[align = ""center""][font size = ""12"" color=""f4d762""]Guild Error[/font][br][br][font size = ""10"" color=""f36a7c""]You are not inside a guild[/font]"
COMMUNITY_GUILD_YOU_DONT_HAVE_RIGHT_TO_INVITE	2	2	lang0,taiwan	taiwan:local_sync_data.dat:你不允许邀请 | lang0:lang0.pak:You are not allowed to invite
COMMUNITY_GUILD_YOU_DONT_HAVE_RIGHT_TO_KICK_OUT	2	2	lang0,taiwan	taiwan:local_sync_data.dat:你不允许踢 | lang0:lang0.pak:You are not allowed to kick
COMMUNITY_GUILD_YOU_HAVE_NO_INVITATION	2	2	lang0,taiwan	taiwan:local_sync_data.dat:未找到邀请函 | lang0:lang0.pak:Invitation not found
COMMUNITY_INVALID_AUTH_KEY	2	2	lang0,taiwan	"taiwan:local_sync_data.dat:[align = ""center""][font size = ""12"" color=""f4d762""]社区服务器[/font][br][br][font size = ""10"" color=""f36a7c""]社区服务器认证失败[/font] | lang0:lang0.pak:[align = ""center""][font size = ""12"" color=""f4d762""]Community Server[/font][br][br][font size = ""10"" color=""f36a7c""]Community Server authentication failed[/font]"
COMMUNITY_PARTY_LEADER_DOESNT_EXIST	2	2	lang0,taiwan	taiwan:local_sync_data.dat:队伍的领导不存在 | lang0:lang0.pak:Party leader doesn't exist
COMMUNITY_PARTY_MEMBER_ALREADY_EXIST	2	2	lang0,taiwan	taiwan:local_sync_data.dat:成员已经存在 | lang0:lang0.pak:Party member already exist
COMMUNITY_PARTY_NO_SUCH_A_MEMBER	2	2	lang0,taiwan	taiwan:local_sync_data.dat:未找到成员 | lang0:lang0.pak:Party member not found
COMMUNITY_PARTY_NO_SUCH_A_PARTY	2	2	lang0,taiwan	taiwan:local_sync_data.dat:未找到缔约方 | lang0:lang0.pak:Party not found
COMMUNITY_PARTY_SAME_PARTYID_ALREADY_EXIST	2	2	lang0,taiwan	"taiwan:local_sync_data.dat:[align = ""center""][font size = ""12"" color= ""f4d762""]成员身份公告[/font][br][br][font size = ""10"" color= ""f36a7c""]已经有一个具有该身份的政队伍存在[/font] | lang0:lang0.pak:[align = ""center""][font size = ""12"" color=""f4d762""]Party ID Announcement[/font][br][br][font size = ""10"" color=""f36a7c""]A party with that ID already exists.[/font]"
COMMUNITY_RANK_BATTLE_COUNT_ALREADY_FLUSHED	2	2	lang0,taiwan	taiwan:local_sync_data.dat:等级战的计数器已经刷新 | lang0:lang0.pak:Rank battle counter already flushed
COMMUNITY_RANK_BATTLE_LIST_NOT_FOUND	2	2	lang0,taiwan	"taiwan:local_sync_data.dat:[align = ""center""][font size = ""12"" color= ""f4d762""]排名战排行榜搜索通知[/font][br][br][font size = ""10"" color= ""f36a7c""]在排名战排行榜上找不到这个名字[/font] | lang0:lang0.pak:[align = ""center""][font size = ""12"" color=""f4d762""]Ranked Battle Standings Search Notice[/font][br][br][font size = ""10"" color=""f36a7c""]That name could not be found in the Ranked Battle standings.[/font]"
COMMUNITY_RANK_BATTLE_NO_REMAIN_COUNT	2	2	lang0,taiwan	taiwan:local_sync_data.dat:没有发现剩余的等级战 | lang0:lang0.pak:No remaining rank battle found
COMMUNITY_TMQ_CHAR_NOT_FOUND	2	2	lang0,taiwan	taiwan:local_sync_data.dat:未找到角色 | lang0:lang0.pak:Character not found
COMMUNITY_TMQ_COUNT_ALREADY_FLUSHED	2	2	lang0,taiwan	taiwan:local_sync_data.dat:柜台已经冲水 | lang0:lang0.pak:Counter already flushed
COMMUNITY_TMQ_DATA_NOT_FOUND	2	2	lang0,taiwan	taiwan:local_sync_data.dat:未找到数据 | lang0:lang0.pak:Data not found
DST_ACCOUNT_CREATE_SUCCESS	2	2	lang0,taiwan	"taiwan:local_data.dat:[align =""center""][font size=""12""color=""f4d762""]帳號生成成功[/font][br][br][font size=""10""color=""ffffff""]成功開設帳號。[/font] | lang0:lang0.pak:[align = ""center""][font size = ""12"" color=""f4d762""]Account Creation Successful[/font][br][br][font size = ""10"" color=""ffffff""]Your account has been created and should[br]now have access to Dragon Ball Online[/font]"
DST_ACCOUNT_SERVER_CONNECT_FAIL	2	2	lang0,taiwan	"taiwan:local_data.dat:[align = ""center""][font size = ""12"" color=""f4d762""]與認證伺服器連接失敗[/font][br][br][font size = ""10"" color=""f36a7c""]與認證伺服器連接失敗。[/font][br][br][font size = ""10"" color=""ffffff""]請稍候再重新連線。[/font][br][br][font size = ""10"" color=""ffffff""][/font] | lang0:lang0.pak:[align = ""center""][font size = ""12"" color=""f4d762""]Authentication Failure[/font][br][br][font size = ""10"" color=""f36a7c""]You've failed to connect to[br]the authentication server.[/font][br][br][font size = ""10"" color=""ffffff""]Please try again in a few minutes.[/font]"
DST_ACTION_TYPE_NORMAL	2	2	lang0,taiwan	taiwan:local_data.dat:一般動作 | lang0:lang0.pak:Normal
DST_ACTION_TYPE_SOCIAL	2	2	lang0,taiwan	taiwan:local_data.dat:社交動作 | lang0:lang0.pak:Social
DST_AGGROLIST_TITLE	2	2	lang0,taiwan	taiwan:local_data.dat:敵對目錄 | lang0:lang0.pak:Aggro List
DST_AGGROPT_AVATAR	2	2	lang0,taiwan	taiwan:local_data.dat:我的仇恨值。 | lang0:lang0.pak:Your Aggro.
DST_AGGROPT_PARTY	2	2	lang0,taiwan	taiwan:local_data.dat:隊員的仇恨值。 | lang0:lang0.pak:Party's Aggro.
DST_AGGROPT_PET	2	2	lang0,taiwan	taiwan:local_data.dat:召喚獸的仇恨值。 | lang0:lang0.pak:Pet's Aggro.
DST_AIRING_POSE	2	2	lang0,taiwan	taiwan:local_data.dat:舞空執行動作 | lang0:lang0.pak:Motion posture
DST_AIR_AP_GUI_COMMENT	2	2	lang0,taiwan	taiwan:local_data.dat:AP是使用<舞空術>需要的氣。\n在空中會消耗AP，回到陸地上將可恢復。 | lang0:lang0.pak:AP is consumed only during accelerated flying.\nIt regenerates while you fly slowly or while on ground.
DST_AIR_CAN_NOT_FLY	2	2	lang0,taiwan	taiwan:local_data.dat:目前無法使用<舞空術>。 | lang0:lang0.pak:You can't fly right now.
DST_AIR_CAN_NOT_USE_BATTLE_MODE	2	2	lang0,taiwan	taiwan:local_data.dat:戰鬥狀態下無法使用。 | lang0:lang0.pak:You can't fly during a fight.
DST_AIR_EFFECT	2	2	lang0,taiwan	taiwan:local_data.dat:舞空效果 | lang0:lang0.pak:Air effect
DST_AIR_POSE	2	2	lang0,taiwan	taiwan:local_data.dat:舞空動作 | lang0:lang0.pak:Air pose
DST_ALRAM_ITEMBOX_USE	2	2	lang0,taiwan	"taiwan:local_data.dat:[align = ""center""][br][font size = ""9"" color=""269eff""]%s [/font][br]請使用波波的禮物箱中的舞空術卷軸體驗看看。 | lang0:lang0.pak:[align = ""center""][font size = ""9"" color=""269eff""]%s[/font][br]Popo's Chest box contains an exp. scroll."
DST_ALREADY_EXIST_SAME_TYPE_EQIP	2	2	lang0,taiwan	taiwan:local_data.dat:已裝置相同類型道具。 | lang0:lang0.pak:That type has already been equipped.
DST_ALREADY_SAME_CHANNEL	2	2	lang0,taiwan	taiwan:local_data.dat:連線中，請選擇其他頻道。 | lang0:lang0.pak:You are already on this Channel
DST_ASK_CHANGE_CHANNEL	2	2	lang0,taiwan	"taiwan:local_data.dat:[align = ""center""][font size = ""12"" color=""f4d762""]變更頻道[/font][br][br][font size = ""10"" color=""269eff""]透過變更遊戲頻道，您可以避開妨礙您的玩家或是和朋友在同一個頻道進行遊戲。[/font][br][br][font size = ""10"" color=""ffffff""]您要變更頻道嗎？[/font] | lang0:lang0.pak:[align = ""center""][font size = ""12"" color=""f4d762""]Change Channel[/font][br][br][font size = ""10"" color=""ffffff""]You're about to change channel.[/font]"
DST_AUTO_RECOVER_ARRAY	2	2	lang0,taiwan	taiwan:local_data.dat:剩餘恢復量 %s | lang0:lang0.pak:Remaining amount of recovery: %s
DST_AUTO_RECOVER_COMMENT	2	2	lang0,taiwan	taiwan:local_data.dat:低於%s %d%% 時恢復 %d%% | lang0:lang0.pak:If %s less than %d%% recover %d%%
DST_AUTO_RECOVER_COMMENT1	2	2	lang0,taiwan	taiwan:local_data.dat:恢復後 %s秒內無法進行恢復 | lang0:lang0.pak:Must wait %s seconds after recovery
DST_AVATAR_SEX_FEMALE	2	2	lang0,taiwan	taiwan:local_data.dat:女性 | lang0:lang0.pak:Female
DST_AVATAR_SEX_MALE	2	2	lang0,taiwan	taiwan:local_data.dat:男性 | lang0:lang0.pak:Male
DST_AVATAR_SEX_NOT_EXIST	2	2	lang0,taiwan	taiwan:local_data.dat:中性 | lang0:lang0.pak:No Gender
DST_AXE	2	2	lang0,taiwan	taiwan:local_data.dat:斧 | lang0:lang0.pak:Axe
DST_A_DAY	2	2	lang0,taiwan	taiwan:local_data.dat:日期 | lang0:lang0.pak:Date
DST_BACKDST_PACK	2	2	lang0,taiwan	taiwan:local_data.dat:背包 | lang0:lang0.pak:Backpack
DST_BAG_REMOTE_SELL	2	2	lang0,taiwan	taiwan:local_data.dat:遙控販賣 | lang0:lang0.pak:Remote Sales
DST_BAG_SLOT	2	2	lang0,taiwan	taiwan:local_data.dat:膠囊欄位 | lang0:lang0.pak:Bag Slot
DST_BAG_TITLE	2	2	lang0,taiwan	taiwan:local_data.dat:膠囊盒 | lang0:lang0.pak:Inventory
DST_BASE_POSE	2	2	lang0,taiwan	taiwan:local_data.dat:基本動作 | lang0:lang0.pak:Basic Position
DST_BATTLEATTR_ARMOR	2	2	lang0,taiwan	taiwan:local_data.dat:防具屬性: | lang0:lang0.pak:Armor Properties:
DST_BATTLEATTR_ATTACK_RATE	2	2	lang0,taiwan	taiwan:local_data.dat:攻擊力 %.0f%% | lang0:lang0.pak:Damage %.0f%%
DST_BATTLEATTR_ATTACK_RATE_TARGET	2	2	lang0,taiwan	taiwan:local_data.dat:屬性防禦 攻擊力增加 %.0f%% | lang0:lang0.pak: Attack Attribute: %.0f%%
DST_BATTLEATTR_ATTR	2	2	lang0,taiwan	taiwan:local_data.dat:屬性: | lang0:lang0.pak:Attributes:
DST_BATTLEATTR_DEFENCE_RATE	2	2	lang0,taiwan	taiwan:local_data.dat:防禦力 %.0f%% | lang0:lang0.pak:Defense %.0f%%
DST_BATTLEATTR_DEFENCE_RATE_TARGET	2	2	lang0,taiwan	taiwan:local_data.dat:屬性攻擊 防禦力增加 %.0f%% | lang0:lang0.pak: Defense Attribute: %.0f%%
DST_BATTLEATTR_ON_TARGET	2	2	lang0,taiwan	taiwan:local_data.dat:給此對象 | lang0:lang0.pak:On Target
DST_BATTLEATTR_WEAPON	2	2	lang0,taiwan	taiwan:local_data.dat:武器屬性: | lang0:lang0.pak:Weapon Properties:
DST_BATTLE_ATTRIBUTE_CHANG_ZENNY_ERR	2	2	lang0,taiwan	taiwan:local_data.dat:持有索尼不足以進行賦予屬性。 | lang0:lang0.pak:Insufficient Zeni.
DST_BATTLE_CAN_NOT_ATTACK_TARGET	2	2	lang0,taiwan	taiwan:local_data.dat:此對象無法攻擊。 | lang0:lang0.pak:Can't attack.
DST_BAZOOKA	2	2	lang0,taiwan	taiwan:local_data.dat:火箭炮 | lang0:lang0.pak:Bazooka
DST_BENEFIT_ADD_EXP_PC	2	2	lang0,taiwan	taiwan:local_data.dat:額外獲得經驗值 %d%% [網咖] | lang0:lang0.pak:%d%% Bonus EXP
DST_BENEFIT_ADD_USE_NETSTORE_PC	2	2	lang0,taiwan	taiwan:local_data.dat:時間倉庫[網咖] | lang0:lang0.pak:NetStore Available
DST_BENEFIT_ADD_VEHICLE_SPEED_PC	2	2	lang0,taiwan	taiwan:local_data.dat:交通工具移動速度增加 %d%% [網咖] | lang0:lang0.pak:%d%% Bonus Vehicle speed
DST_BENEFIT_ADD_ZENNY_PC	2	2	lang0,taiwan	taiwan:local_data.dat:額外獲得索尼%d%% [網咖] | lang0:lang0.pak:%d%% Bonus Zeni
DST_BENEFIT_BASIC_TITLE	2	2	lang0,taiwan	taiwan:local_data.dat:基本優惠 | lang0:lang0.pak:Bonus
DST_BIND_SUCCESS	2	2	lang0,taiwan	taiwan:local_data.dat:已在波波之石上記錄意志和時間了。 | lang0:lang0.pak:This is your new Home Teleport area!
DST_BIND_TEXT	2	2	lang0,taiwan	"taiwan:local_data.dat:[align = ""center""][font size = ""12"" color=""f4d762""]使用波波之石[/font][br][br][font size = ""10"" color=""269eff""]在波波之石紀錄意志和時間的話，[br]當角色陷入昏迷時，[br]可以再次回到波波之石重新開始遊戲。[/font][br][br][font size = ""10"" color=""ffffff""]您要在此波波之石上紀錄意志和時間嗎？[/font] | lang0:lang0.pak:[align = ""center""][font size = ""12"" color=""f4d762""]Home Teleport[/font][br][br][font size = ""10"" color=""269eff""]When the player dies he can re-spawn[br]to his chosen Popo Stone.[/font][br][br][font size = ""10"" color=""ffffff""]Change your Home Teleport[br]Location to this Area?[/font]"
DST_BLEED_DEFENCE	2	2	lang0,taiwan	taiwan:local_data.dat:出血防禦力 | lang0:lang0.pak:Bleeding Def.
DST_BLOCK_MODE_COOLTIME	2	2	lang0,taiwan	taiwan:local_data.dat:防衛冷卻時間尚未結束。 | lang0:lang0.pak:Block is on cooldown
DST_BLOCK_WATCH_MY_EQUIP	2	2	lang0,taiwan	taiwan:local_data.dat:禁止查看裝備 | lang0:lang0.pak:Scan jammed
DST_BROADCAST_CCBD_CLEAR	2	2	lang0,taiwan	taiwan:local_data.dat:%s 挑戰CC戰鬥副本200層成功。 | lang0:lang0.pak:%s CLEARED CC Battle Dungeon 200 Floor
DST_BROADCAST_CCBD_CLEAR_USER_NOT_FOUND	2	2	lang0,taiwan	taiwan:local_data.dat:沒有挑戰CC戰鬥副本150層成功的玩家。 | lang0:lang0.pak:CC Battle Dungeon 200 Floor WAS CLEARED
DST_BUDOKAI_INDI_DOJO_RECOMMNED	2	2	lang0,taiwan	taiwan:local_data.dat:道場推薦決賽選手 | lang0:lang0.pak:Dojo Finalists
DST_BUDOKAI_INDI_REQ_CANCEL	2	2	lang0,taiwan	"taiwan:local_data.dat:[align =""center""][font size=""12""color=""f4d762""]個人戰報名取消[/font][br][br][font size=""10""color=""f36a7c""]您確定要取消報名個人戰嗎?[/font] | lang0:lang0.pak:[align =""center""][font size=""12""color=""f4d762""]Cancel Registration[/font][br][br][font size=""10""color=""f36a7c""]Are you sure to cancel the registration?[/font]"
DST_BUDOKAI_INDI_REQ_CLASS	2	2	lang0,taiwan	taiwan:local_data.dat:職業 | lang0:lang0.pak:Class
DST_BUDOKAI_INDI_REQ_GUILD	2	2	lang0,taiwan	taiwan:local_data.dat:所屬流派 | lang0:lang0.pak:Guild
DST_BUDOKAI_INDI_REQ_LEVEL	2	2	lang0,taiwan	taiwan:local_data.dat:等級 | lang0:lang0.pak:Level
DST_BUDOKAI_INDI_REQ_NAME	2	2	lang0,taiwan	taiwan:local_data.dat:姓名 | lang0:lang0.pak:Name
DST_BUDOKAI_INDI_REQ_RANKING	2	2	lang0,taiwan	taiwan:local_data.dat:戰鬥點數 | lang0:lang0.pak:Battle Points
DST_BUDOKAI_INDI_REQ_RECORD	2	2	lang0,taiwan	taiwan:local_data.dat:排名戰戰績 | lang0:lang0.pak:Battle Rank
DST_BUDOKAI_INDI_REQ_RECORD_DATA	2	2	lang0,taiwan	taiwan:local_data.dat:%d戰 %d勝 %d敗 | lang0:lang0.pak:%dW %dL %dD
DST_BUDOKAI_MAJORMATCH_INFO_TITLE_16	2	2	lang0,taiwan	taiwan:local_data.dat:16強 | lang0:lang0.pak:RO16
DST_BUDOKAI_MAJORMATCH_INFO_TITLE_16_WAIT	2	2	lang0,taiwan	taiwan:local_data.dat:16強戰待機 | lang0:lang0.pak:RO16 standby
DST_BUDOKAI_MAJORMATCH_INFO_TITLE_32	2	2	lang0,taiwan	taiwan:local_data.dat:32強 | lang0:lang0.pak:RO32
DST_BUDOKAI_MAJORMATCH_INFO_TITLE_32_WAIT	2	2	lang0,taiwan	taiwan:local_data.dat:32強戰待機 | lang0:lang0.pak:RO32 standby
DST_BUDOKAI_MAJORMATCH_INFO_TITLE_8	2	2	lang0,taiwan	taiwan:local_data.dat:8強 | lang0:lang0.pak:RO8
DST_BUDOKAI_MAJORMATCH_INFO_TITLE_8_WAIT	2	2	lang0,taiwan	taiwan:local_data.dat:8強戰待機 | lang0:lang0.pak:RO8 standby
DST_BUDOKAI_MAJORMATCH_INFO_TITLE_END	2	2	lang0,taiwan	taiwan:local_data.dat:頒獎典禮 | lang0:lang0.pak:Awards
DST_BUDOKAI_MAJORMATCH_INFO_TITLE_FINAL	2	2	lang0,taiwan	taiwan:local_data.dat:決賽 | lang0:lang0.pak:Finals
DST_BUDOKAI_MAJORMATCH_INFO_TITLE_FINAL_WAIT	2	2	lang0,taiwan	taiwan:local_data.dat:決賽待機 | lang0:lang0.pak:Waiting for Final Match
DST_BUDOKAI_MAJORMATCH_INFO_TITLE_SEMIFINAL	2	2	lang0,taiwan	taiwan:local_data.dat:準決賽 | lang0:lang0.pak:Semi-finals
DST_BUDOKAI_MAJORMATCH_INFO_TITLE_SEMIFINAL_WAIT	2	2	lang0,taiwan	taiwan:local_data.dat:準決賽待機 | lang0:lang0.pak:Semi-final standby
DST_BUDOKAI_MINORMATCH_ALIVE_TITLE	2	2	lang0,taiwan	taiwan:local_data.dat:生存者 | lang0:lang0.pak:Alive
DST_BUDOKAI_MINORMATCH_ENEMY_NAME_TITLE	2	2	lang0,taiwan	taiwan:local_data.dat:姓名 | lang0:lang0.pak:Name
DST_BUDOKAI_MINORMATCH_INFO_TITLE	2	2	lang0,taiwan	taiwan:local_data.dat:大逃殺 | lang0:lang0.pak:Battle Royale
DST_BUDOKAI_MINORMATCH_INFO_TITLE_BATTLE	2	2	lang0,taiwan	taiwan:local_data.dat:預賽 | lang0:lang0.pak:Qualifiers
DST_BUDOKAI_MINORMATCH_INFO_TITLE_WAIT	2	2	lang0,taiwan	taiwan:local_data.dat:預賽待機 | lang0:lang0.pak:Qualifier standby
DST_BUDOKAI_MINORMATCH_KOCOUNTER_TITLE	2	2	lang0,taiwan	taiwan:local_data.dat:K.O | lang0:lang0.pak:K.O
DST_BUDOKAI_MINORMATCH_TOTAL_TITLE	2	2	lang0,taiwan	taiwan:local_data.dat:全部玩家 | lang0:lang0.pak:Total
DST_BUDOKAI_MINOR_DICE_READY_NOTIFY	2	2	lang0,taiwan	taiwan:local_data.dat:%u秒後，骰子將進行轉動，並決定勝負。 | lang0:lang0.pak:%u ready up
DST_BUDOKAI_MINOR_DICE_SCORE_NOTIFY	2	2	lang0,taiwan	taiwan:local_data.dat:%s 骰子結果 ( %u ) | lang0:lang0.pak:%s Score Results %u
DST_BUDOKAI_MINOR_DICE_SCORE_NOTIFY_TEAM	2	2	lang0,taiwan	taiwan:local_data.dat:%s隊的骰子結果 ( %u ) | lang0:lang0.pak:%s Team Result ( %u )
DST_BUDOKAI_MINOR_DICE_WIN_NOTIFY	2	2	lang0,taiwan	taiwan:local_data.dat:%s以%u贏得勝利。 | lang0:lang0.pak:%s Won %u
DST_BUDOKAI_MINOR_DICE_WIN_NOTIFY_TEAM	2	2	lang0,taiwan	taiwan:local_data.dat:%s隊伍 %u獲得勝利。 | lang0:lang0.pak:%s team has won %u
DST_BUDOKAI_MINOR_KILL_ANNOUNCE	2	2	lang0,taiwan	taiwan:local_data.dat:%s使%s進入昏迷狀態。 | lang0:lang0.pak:%s Killed %s
DST_BUDOKAI_MINOR_WAIT_FOR_DICE_NOTIFY	2	2	lang0,taiwan	taiwan:local_data.dat:正在抽籤，請稍後。 | lang0:lang0.pak:Please Wait I'm Busy
DST_BUDOKAI_MINOR_WAIT_FOR_KO	2	2	lang0,taiwan	taiwan:local_data.dat:由於昏迷的後遺症，%d秒間將無法起身。 | lang0:lang0.pak:%d seconds to KO
DST_BUDOKAI_MINOR_WAIT_FOR_RINGOUT	2	2	lang0,taiwan	taiwan:local_data.dat:您現在在場外，%d秒間無法參予戰鬥。 | lang0:lang0.pak:%d seconds to ring out
DST_BUDOKAI_MUDOSA_INFO	2	2	lang0,taiwan	taiwan:local_data.dat:武道寺村%d號 | lang0:lang0.pak:Mudosa Village %d
DST_BUDOKAI_MUDOSA_TELEPOR_INFO	2	2	lang0,taiwan	taiwan:local_data.dat:移動到武道寺村。 | lang0:lang0.pak:TP INFO: 200,000 Zeni Fee
DST_BUDOKAI_NEWS_BUTTON_INDIREQ	2	2	lang0,taiwan	taiwan:local_data.dat:個人申請 | lang0:lang0.pak:Join Solo
DST_BUDOKAI_NEWS_BUTTON_TEAMREQ	2	2	lang0,taiwan	taiwan:local_data.dat:隊伍申請 | lang0:lang0.pak:Join Team
DST_BUDOKAI_NEWS_BUTTON_TICKET	2	2	lang0,taiwan	taiwan:local_data.dat:開放報名 | lang0:lang0.pak:Receipt
DST_BUDOKAI_NEWS_BUTTON_TOURNAMENT	2	2	lang0,taiwan	taiwan:local_data.dat:賽程表 | lang0:lang0.pak:Tournament
DST_BUDOKAI_NEWS_CAN_ONLY_LEADER	2	2	lang0,taiwan	taiwan:local_data.dat:限隊長進行申請。 | lang0:lang0.pak:Party Leader Apply
DST_BUDOKAI_NEWS_HEADLINE_AWARD	2	2	lang0,taiwan	taiwan:local_data.dat:天下第一武道會閉幕 | lang0:lang0.pak:Budokai is closed!
DST_BUDOKAI_NEWS_HEADLINE_DOJORECOMMEND	2	2	lang0,taiwan	taiwan:local_data.dat:天下第一武道會道場推薦名單申請時間 | lang0:lang0.pak:Best Dojo
DST_BUDOKAI_NEWS_HEADLINE_MAJOR	2	2	lang0,taiwan	taiwan:local_data.dat:天下第一武道會決賽期間 | lang0:lang0.pak:Tournament Qualifiers
DST_BUDOKAI_NEWS_HEADLINE_OPENNOTICE	2	2	lang0,taiwan	taiwan:local_data.dat:天下第一武道會開幕 | lang0:lang0.pak:Budokai is open!
DST_BUDOKAI_NEWS_HEADLINE_REGISTER	2	2	lang0,taiwan	taiwan:local_data.dat:天下第一武道會預賽申請時間 | lang0:lang0.pak:Register now!
DST_BUDOKAI_NEWS_INFO_INDI_STATE	2	2	lang0,taiwan	taiwan:local_data.dat:報名了個人戰 %s  。 | lang0:lang0.pak:You are a solo %s
DST_BUDOKAI_NEWS_INFO_STATE_FINAL_MATCH	2	2	lang0,taiwan	taiwan:local_data.dat:正在進行決賽%s 。 | lang0:lang0.pak:%s final match started.
DST_BUDOKAI_NEWS_INFO_STATE_MAJOR_MATCH	2	2	lang0,taiwan	taiwan:local_data.dat:%s %s正在進行中。 | lang0:lang0.pak:%s %s in progress.
DST_BUDOKAI_NEWS_INFO_STATE_MATCH_END	2	2	lang0,taiwan	taiwan:local_data.dat:%s 比賽結束了。 | lang0:lang0.pak:%s is over.
DST_BUDOKAI_NEWS_INFO_STATE_MINOR_MATCH	2	2	lang0,taiwan	taiwan:local_data.dat:%s正在進行預賽。 | lang0:lang0.pak:%s qualifiers started.
DST_BUDOKAI_NEWS_INFO_STATE_REGISTER	2	2	lang0,taiwan	taiwan:local_data.dat:%s 預賽申請將在 %s 後結束。 | lang0:lang0.pak:%s registration ends in %s.
DST_BUDOKAI_NEWS_INFO_STATE_SEMIFINAL_MATCH	2	2	lang0,taiwan	taiwan:local_data.dat:%s 正在進行準決賽。 | lang0:lang0.pak:%s semi-finals started.
DST_BUDOKAI_NEWS_INFO_STATE_WAIT_FINAL_MATCH	2	2	lang0,taiwan	taiwan:local_data.dat:%s 決賽將在 %s開始。 | lang0:lang0.pak:%s finals start in %s.
DST_BUDOKAI_NEWS_INFO_STATE_WAIT_MAJOR_MATCH	2	2	lang0,taiwan	taiwan:local_data.dat:%s %s將在 %s 後開始。 | lang0:lang0.pak:%s %s will start in %s.
DST_BUDOKAI_NEWS_INFO_STATE_WAIT_MINOR_MATCH	2	2	lang0,taiwan	taiwan:local_data.dat:%s 預賽將在%s 後開始。 | lang0:lang0.pak:%s qualifiers will start in %s.
DST_BUDOKAI_NEWS_INFO_STATE_WAIT_SEMIFINAL_MATCH	2	2	lang0,taiwan	taiwan:local_data.dat:%s 準決賽將在%s 後開始。 | lang0:lang0.pak:%s semi-finals start in %s.
DST_BUDOKAI_NEWS_INFO_TEAM_STATE	2	2	lang0,taiwan	taiwan:local_data.dat:You're in a Party %s | lang0:lang0.pak:You're in a Party %s
DST_BUDOKAI_NEWS_MUDOSA_ENTER_LEFT_TIME	2	2	lang0,taiwan	taiwan:local_data.dat:武道寺進場時間 : 剩 %s  。 | lang0:lang0.pak:Entry Time: %s left.
DST_BUDOKAI_NEWS_NEXT_MUDOSA_OPEN	2	2	lang0,taiwan	taiwan:local_data.dat:下一次武道會舉辦時間 : %s | lang0:lang0.pak:Next round: %s
DST_BUDOKAI_NEWS_NOPLAN	2	2	lang0,taiwan	taiwan:local_data.dat:未定 | lang0:lang0.pak:Undecided
DST_BUDOKAI_NEWS_NOTICE_GUIDE_DOJO_TITLE	2	2	lang0,taiwan	taiwan:local_data.dat:道場推薦期間 | lang0:lang0.pak:Dojo
DST_BUDOKAI_NEWS_NOTICE_GUIDE_MINOR_TITLE	2	2	lang0,taiwan	taiwan:local_data.dat:預賽申請時間 | lang0:lang0.pak:Application Period
DST_BUDOKAI_NEWS_NOTICE_GUIDE_TIME	2	2	lang0,taiwan	taiwan:local_data.dat:%d月 %d日 %s %d:%02d | lang0:lang0.pak:%d month %d day %s %d:%02d
DST_BUDOKAI_NEWS_NOTICE_GUIDE_TIME_AM	2	2	lang0,taiwan	taiwan:local_data.dat:上午 | lang0:lang0.pak:AM
DST_BUDOKAI_NEWS_NOTICE_GUIDE_TIME_FULL	2	2	lang0,taiwan	taiwan:local_data.dat:%s ~ %s | lang0:lang0.pak:%s ~ %s
DST_BUDOKAI_NEWS_NOTICE_GUIDE_TIME_PM	2	2	lang0,taiwan	taiwan:local_data.dat:下午 | lang0:lang0.pak:PM
DST_BUDOKAI_NEWS_NOTICE_INDI_REGISTER	2	2	lang0,taiwan	taiwan:local_data.dat:個人戰預賽申請時間說明 | lang0:lang0.pak:Sign Up
DST_BUDOKAI_NEWS_NOTICE_INDI_STATE	2	2	lang0,taiwan	taiwan:local_data.dat:個人戰狀態說明 | lang0:lang0.pak:State Info
DST_BUDOKAI_NEWS_NOTICE_INDI_WINNER	2	2	lang0,taiwan	taiwan:local_data.dat:個人戰優勝/準優勝 | lang0:lang0.pak:1st/2nd
DST_BUDOKAI_NEWS_NOTICE_NOT_PRIZE	2	2	lang0,taiwan	taiwan:local_data.dat:無得獎者。 | lang0:lang0.pak:No Winners
DST_BUDOKAI_NEWS_NOTICE_PRIZE_SECOND_WINNER	2	2	lang0,taiwan	taiwan:local_data.dat:準優勝者 : %s | lang0:lang0.pak:2nd: %s
DST_BUDOKAI_NEWS_NOTICE_PRIZE_TEAM_SECOND_WINNER	2	2	lang0,taiwan	taiwan:local_data.dat:準優勝隊伍 : %s | lang0:lang0.pak:2nd: %s
DST_BUDOKAI_NEWS_NOTICE_PRIZE_TEAM_WINNER	2	2	lang0,taiwan	taiwan:local_data.dat:優勝隊伍 : %s | lang0:lang0.pak:1st: %s
DST_BUDOKAI_NEWS_NOTICE_PRIZE_WINNER	2	2	lang0,taiwan	taiwan:local_data.dat:優勝者 : %s | lang0:lang0.pak:1st: %s
DST_BUDOKAI_NEWS_NOTICE_TEAM_REGISTER	2	2	lang0,taiwan	taiwan:local_data.dat:團體戰預賽申請時間說明 | lang0:lang0.pak:Team Sign Up
DST_BUDOKAI_NEWS_NOTICE_TEAM_STATE	2	2	lang0,taiwan	taiwan:local_data.dat:團體戰狀態說明 | lang0:lang0.pak:Team State Info
DST_BUDOKAI_NEWS_NOTICE_TEAM_WINNER	2	2	lang0,taiwan	taiwan:local_data.dat:團體戰優勝/準優勝 | lang0:lang0.pak:Team 1st/2nd
DST_BUDOKAI_NEWS_NOTICE_WAIT_GUIDE	2	2	lang0,taiwan	taiwan:local_data.dat:%s 期間: %s | lang0:lang0.pak:%s duration: %s
DST_BUDOKAI_NEWS_NTOCIE_NOT_PRIZE_TEAM	2	2	lang0,taiwan	taiwan:local_data.dat:無得獎隊伍。 | lang0:lang0.pak:No Winning Party
DST_BUDOKAI_NEWS_TITLE	2	2	lang0,taiwan	taiwan:local_data.dat:第%d屆天下第一武道大會 | lang0:lang0.pak:Tenkaichi Budokai Nr. %d
DST_BUDOKAI_NEWS_YOU_ARE_NOT_ENTRANT	2	2	lang0,taiwan	taiwan:local_data.dat:尚未在天下第一武道會中申請參賽。 | lang0:lang0.pak:You have not signed up.
DST_BUDOKAI_NOTICE_DATA_LOADING	2	2	lang0,taiwan	taiwan:local_data.dat:正在呼叫天下第一武道會情報。 | lang0:lang0.pak:Loading Data...
DST_BUDOKAI_NOTICE_DOJO_RECOMMEND	2	2	lang0,taiwan	taiwan:local_data.dat:%s 可進行道長推薦。 | lang0:lang0.pak:%s recommendations.
DST_BUDOKAI_NOTICE_END	2	2	lang0,taiwan	taiwan:local_data.dat:%s %s 正在舉行頒獎典禮。 | lang0:lang0.pak:%s %s Awards in progress.
DST_BUDOKAI_NOTICE_FINAL_MATCH	2	2	lang0,taiwan	taiwan:local_data.dat:%s %s 決賽已經開始了。 | lang0:lang0.pak:%s %s finals have started.
DST_BUDOKAI_NOTICE_GUIDE_DOJO_TITLE	2	2	lang0,taiwan	taiwan:local_data.dat:Dojo Tournament | lang0:lang0.pak:Dojo Tournament
DST_BUDOKAI_NOTICE_GUIDE_MINOR_TITLE	2	2	lang0,taiwan	taiwan:local_data.dat:Minor Match | lang0:lang0.pak:Minor Match
DST_BUDOKAI_NOTICE_GUIDE_TIME	2	2	lang0,taiwan	taiwan:local_data.dat:Time | lang0:lang0.pak:Time
DST_BUDOKAI_NOTICE_GUIDE_TIME_AM	2	2	lang0,taiwan	taiwan:local_data.dat:AM | lang0:lang0.pak:AM
DST_BUDOKAI_NOTICE_GUIDE_TIME_FULL	2	2	lang0,taiwan	taiwan:local_data.dat:%d:%02d | lang0:lang0.pak:%d:%02d
DST_BUDOKAI_NOTICE_GUIDE_TIME_PM	2	2	lang0,taiwan	taiwan:local_data.dat:PM | lang0:lang0.pak:PM
DST_BUDOKAI_NOTICE_INDI_REGISTER	2	2	lang0,taiwan	taiwan:local_data.dat:Individual Registration | lang0:lang0.pak:Individual Registration
DST_BUDOKAI_NOTICE_INDI_STATE	2	2	lang0,taiwan	taiwan:local_data.dat:Individual State | lang0:lang0.pak:Individual State
DST_BUDOKAI_NOTICE_INDI_WINNER	2	2	lang0,taiwan	taiwan:local_data.dat:Individual Winner | lang0:lang0.pak:Individual Winner
DST_BUDOKAI_NOTICE_MAJOR_MATCH	2	2	lang0,taiwan	taiwan:local_data.dat:%s %s %s已經開始了。 | lang0:lang0.pak:%s %s %s has begun.
DST_BUDOKAI_NOTICE_MINOR_MATCH	2	2	lang0,taiwan	taiwan:local_data.dat:%s %s 預賽已經開始了。 | lang0:lang0.pak:%s %s qualifiers have started.
DST_BUDOKAI_NOTICE_NOT_PRIZE	2	2	lang0,taiwan	taiwan:local_data.dat:No Prize | lang0:lang0.pak:No Prize
DST_BUDOKAI_NOTICE_OPEN_NOTICE	2	2	lang0,taiwan	taiwan:local_data.dat:天下第一武道會 %s  開始公告。 | lang0:lang0.pak:Tournament %s is starting.
DST_BUDOKAI_NOTICE_PARTY	2	2	lang0,taiwan	taiwan:local_data.dat:團體戰 | lang0:lang0.pak:Party
DST_BUDOKAI_NOTICE_PRIZE_SECOND_WINNER	2	2	lang0,taiwan	taiwan:local_data.dat:Second Place Prize | lang0:lang0.pak:Second Place Prize
DST_BUDOKAI_NOTICE_PRIZE_TEAM_SECOND_WINNER	2	2	lang0,taiwan	taiwan:local_data.dat:Team Second Place Prize | lang0:lang0.pak:Team Second Place Prize
DST_BUDOKAI_NOTICE_PRIZE_TEAM_WINNER	2	2	lang0,taiwan	taiwan:local_data.dat:Team Winner Prize | lang0:lang0.pak:Team Winner Prize
DST_BUDOKAI_NOTICE_PRIZE_WINNER	2	2	lang0,taiwan	taiwan:local_data.dat:Winner Prize | lang0:lang0.pak:Winner Prize
DST_BUDOKAI_NOTICE_REGISTER	2	2	lang0,taiwan	taiwan:local_data.dat:%s %s 請申請預賽登記。 | lang0:lang0.pak:%s %s apply for qualifiers.
DST_BUDOKAI_NOTICE_SEMIFINAL_MATCH	2	2	lang0,taiwan	taiwan:local_data.dat:%s %s 準決賽已經開始了。 | lang0:lang0.pak:%s %s semi-finals have started.
DST_BUDOKAI_NOTICE_SOLO	2	2	lang0,taiwan	taiwan:local_data.dat:個人戰 | lang0:lang0.pak:Solo
DST_BUDOKAI_NOTICE_TEAM_REGISTER	2	2	lang0,taiwan	taiwan:local_data.dat:Team Registration | lang0:lang0.pak:Team Registration
DST_BUDOKAI_NOTICE_TEAM_STATE	2	2	lang0,taiwan	taiwan:local_data.dat:Team State | lang0:lang0.pak:Team State
DST_BUDOKAI_NOTICE_TEAM_WINNER	2	2	lang0,taiwan	taiwan:local_data.dat:Team Winner | lang0:lang0.pak:Team Winner
DST_BUDOKAI_NOTICE_WAIT_FINAL_MATCH	2	2	lang0,taiwan	taiwan:local_data.dat:%s %s 決賽準備中。 | lang0:lang0.pak:%s %s finals will start soon.
DST_BUDOKAI_NOTICE_WAIT_GUIDE	2	2	lang0,taiwan	taiwan:local_data.dat:Please Wait | lang0:lang0.pak:Please Wait
DST_BUDOKAI_NOTICE_WAIT_MAJOR_MATCH	2	2	lang0,taiwan	taiwan:local_data.dat:%s %s %s 待機時間。 | lang0:lang0.pak:%s %s %s will start soon.
DST_BUDOKAI_NOTICE_WAIT_MINOR_MATCH	2	2	lang0,taiwan	taiwan:local_data.dat:%s %s 預賽開始入場。 | lang0:lang0.pak:%s %s qualifiers will start soon.
DST_BUDOKAI_NOTICE_WAIT_SEMIFINAL_MATCH	2	2	lang0,taiwan	taiwan:local_data.dat:%s %s 準決賽準備中。 | lang0:lang0.pak:%s %s semi-finals will start soon.
DST_BUDOKAI_PC_STATE_16_DROPOUT	2	2	lang0,taiwan	taiwan:local_data.dat:16強落選 | lang0:lang0.pak:RO16 contestant
DST_BUDOKAI_PC_STATE_16_ENTRY	2	2	lang0,taiwan	taiwan:local_data.dat:16強 | lang0:lang0.pak:RO16 finalist
DST_BUDOKAI_PC_STATE_32_DROPOUT	2	2	lang0,taiwan	taiwan:local_data.dat:32強落選 | lang0:lang0.pak:RO32 contestant
DST_BUDOKAI_PC_STATE_32_ENTRY	2	2	lang0,taiwan	taiwan:local_data.dat:32強 | lang0:lang0.pak:RO32 finalist
DST_BUDOKAI_PC_STATE_8_DROPOUT	2	2	lang0,taiwan	taiwan:local_data.dat:8強落選 | lang0:lang0.pak:RO8 contestant
DST_BUDOKAI_PC_STATE_8_ENTRY	2	2	lang0,taiwan	taiwan:local_data.dat:8強 | lang0:lang0.pak:RO8 finalist
DST_BUDOKAI_PC_STATE_FINAL_ENTRY	2	2	lang0,taiwan	taiwan:local_data.dat:決勝戰入選 | lang0:lang0.pak:Finalist
DST_BUDOKAI_PC_STATE_FINAL_WINNER	2	2	lang0,taiwan	taiwan:local_data.dat:優勝 | lang0:lang0.pak:Winner
DST_BUDOKAI_PC_STATE_MINOR_APPLICANT	2	2	lang0,taiwan	taiwan:local_data.dat:預賽報名者 | lang0:lang0.pak:Qualifier
DST_BUDOKAI_PC_STATE_MINOR_DROPOUT	2	2	lang0,taiwan	taiwan:local_data.dat:預賽資格 | lang0:lang0.pak:Contestant
DST_BUDOKAI_PC_STATE_MINOR_ENTRY	2	2	lang0,taiwan	taiwan:local_data.dat:進入預賽者 | lang0:lang0.pak:Qualifier finalist
DST_BUDOKAI_PC_STATE_NONE	2	2	lang0,taiwan	taiwan:local_data.dat:不申請 | lang0:lang0.pak:N/A
DST_BUDOKAI_PC_STATE_PRIZE_WINNER	2	2	lang0,taiwan	taiwan:local_data.dat:獲獎者 | lang0:lang0.pak:Winner
DST_BUDOKAI_PC_STATE_SEMIFINAL_ENTRY	2	2	lang0,taiwan	taiwan:local_data.dat:準決勝入選 | lang0:lang0.pak:Semi-finalist
DST_BUDOKAI_PC_STATE_SEMIFINAL_WINNER	2	2	lang0,taiwan	taiwan:local_data.dat:準優勝 | lang0:lang0.pak:Runner-up
DST_BUDOKAI_PROGRESS_MESSAGE_16	2	2	lang0,taiwan	taiwan:local_data.dat:16強 | lang0:lang0.pak:RO16
DST_BUDOKAI_PROGRESS_MESSAGE_32	2	2	lang0,taiwan	taiwan:local_data.dat:32強 | lang0:lang0.pak:RO32
DST_BUDOKAI_PROGRESS_MESSAGE_8	2	2	lang0,taiwan	taiwan:local_data.dat:8強 | lang0:lang0.pak:RO8
DST_BUDOKAI_PROGRESS_MESSAGE_END	2	2	lang0,taiwan	taiwan:local_data.dat:天下第一武道會的全部賽事已結束。 | lang0:lang0.pak:All battles have ended.
DST_BUDOKAI_PROGRESS_MESSAGE_FINAL_WAIT_LOSER	2	2	lang0,taiwan	taiwan:local_data.dat:決勝戰結束後將會舉行頒獎典禮，請稍後。 | lang0:lang0.pak:Upcoming: Final
DST_BUDOKAI_PROGRESS_MESSAGE_FINAL_WAIT_LOSER1	2	2	lang0,taiwan	taiwan:local_data.dat:現在離開的話將無法獲得獎勵。 | lang0:lang0.pak:Stay & Be Rewarded
DST_BUDOKAI_PROGRESS_MESSAGE_MATCH_ALL_FINISHED	2	2	lang0,taiwan	taiwan:local_data.dat:%s 比賽已全部終止。 | lang0:lang0.pak:%s all finished
DST_BUDOKAI_PROGRESS_MESSAGE_MATCH_BEFORE_10SEC	2	2	lang0,taiwan	taiwan:local_data.dat:10秒後即將瞬間移動到 %s  比賽會場。 | lang0:lang0.pak:10s %s goes into the arena
DST_BUDOKAI_PROGRESS_MESSAGE_MATCH_DECISION_NEXT	2	2	lang0,taiwan	taiwan:local_data.dat:%s 已決定所有入選者了。 | lang0:lang0.pak:%s will continue
DST_BUDOKAI_PROGRESS_MESSAGE_MATCH_END	2	2	lang0,taiwan	taiwan:local_data.dat:%s 的 %s 戰鬥已經結束了。 | lang0:lang0.pak:%s - %s Battle ended
DST_BUDOKAI_PROGRESS_MESSAGE_MATCH_LOSER	2	2	lang0,taiwan	taiwan:local_data.dat:很可惜未能擠進本次的 %s  。 | lang0:lang0.pak:%s has Lost
DST_BUDOKAI_PROGRESS_MESSAGE_MATCH_WINNER	2	2	lang0,taiwan	taiwan:local_data.dat:恭喜您，確定進入 %s  了。 | lang0:lang0.pak:%s has Won
DST_BUDOKAI_PROGRESS_MESSAGE_MINOR	2	2	lang0,taiwan	taiwan:local_data.dat:預賽 | lang0:lang0.pak:Qualifier
DST_BUDOKAI_PROGRESS_MESSAGE_MINORMATCH_BEFORE_1MIN	2	2	lang0,taiwan	taiwan:local_data.dat:天下第一武道會預賽將開始，請稍後。 | lang0:lang0.pak:Tournament starts soon
DST_BUDOKAI_PROGRESS_MESSAGE_MINORMATCH_BEFORE_1MIN2	2	2	lang0,taiwan	taiwan:local_data.dat:入場時間即將結束，請加速天下第一武道會入場。 | lang0:lang0.pak:Registration close soon
DST_BUDOKAI_PROGRESS_MESSAGE_MINORMATCH_ENTERING	2	2	lang0,taiwan	taiwan:local_data.dat:天下第一武道會預賽入場即將開始，請稍後。 | lang0:lang0.pak:Enter the Tournament
DST_BUDOKAI_PROGRESS_MESSAGE_MINORMATCH_ENTERING2	2	2	lang0,taiwan	taiwan:local_data.dat:請進入天下第一武道會場。 | lang0:lang0.pak:Please Join
DST_BUDOKAI_PROGRESS_MESSAGE_RECEIVE_NEWS	2	2	lang0,taiwan	taiwan:local_data.dat:天下第一武道會的傳單來了。 | lang0:lang0.pak:Budokai Announcement
DST_BUDOKAI_PROGRESS_MESSAGE_SEMI_FINAL_RUNNING	2	2	lang0,taiwan	taiwan:local_data.dat:準決賽進行中。請稍後。 | lang0:lang0.pak:Semi Final On-Going
DST_BUDOKAI_PROGRESS_MESSAGE_SF	2	2	lang0,taiwan	taiwan:local_data.dat:準決賽 | lang0:lang0.pak:Semi-final
DST_BUDOKAI_PROGRESS_MESSAGE_START	2	2	lang0,taiwan	taiwan:local_data.dat:天下第一武道會馬上就要開始了，請稍後。 | lang0:lang0.pak:The Tournament is about to Start!
DST_BUDOKAI_REGISTER_INFO_TITLE	2	2	lang0,taiwan	taiwan:local_data.dat:登錄期間 | lang0:lang0.pak:Registration period
DST_BUDOKAI_REQUEST_FINAL	2	2	lang0,taiwan	taiwan:local_data.dat:決賽 | lang0:lang0.pak:Final
DST_BUDOKAI_REQUEST_MAJOR	2	2	lang0,taiwan	taiwan:local_data.dat:決賽 | lang0:lang0.pak:Qualification
DST_BUDOKAI_REQUEST_MINOR	2	2	lang0,taiwan	taiwan:local_data.dat:預賽 | lang0:lang0.pak:Preliminary
DST_BUDOKAI_REQUEST_TITLE	2	2	lang0,taiwan	taiwan:local_data.dat:申請書 | lang0:lang0.pak:Application
DST_BUDOKAI_REQ_BUTTON_ACCEPT	2	2	lang0,taiwan	taiwan:local_data.dat:報名 | lang0:lang0.pak:yes
DST_BUDOKAI_REQ_BUTTON_CANCEL	2	2	lang0,taiwan	taiwan:local_data.dat:取消報名 | lang0:lang0.pak:Cancel
DST_BUDOKAI_RESULT_MESSAGE	2	2	lang0,taiwan	"taiwan:local_data.dat:[font size=""13""color=""000000""]進行比賽真是辛苦了。[br][br]稍後即將移動到天下第一武道會的會場-武道寺。[/font] | lang0:lang0.pak:[font size=""14""color=""000000""]That was a great battle![br][br]You'll be moved out soon!"
DST_BUDOKAI_RESULT_MESSAGE_FINAL	2	2	lang0,taiwan	"taiwan:local_data.dat:[font size=""13""color=""000000""]最終勝利者產生了。本次比武的贏家，優勝![br][br]優勝者可以獲得大量的聲望，恭喜您。 | lang0:lang0.pak:[font size=""14""color=""000000""]What's this? Ladies and gentlemen we finally have a winner![br][br]That was amazing, congratulations!"
DST_BUDOKAI_RESULT_MESSAGE_SEMIFINAL_1	2	2	lang0,taiwan	"taiwan:local_data.dat:[font size=""13""color=""000000""]真是一場精采絕倫的實力對決啊。[br][br]本次大會真是有看頭。 | lang0:lang0.pak:[font size=""14""color=""000000""]What an amazing fight![br][br]It was worth seeing!"
DST_BUDOKAI_RESULT_MESSAGE_SEMIFINAL_2	2	2	lang0,taiwan	"taiwan:local_data.dat:[font size=""13""color=""000000""]比賽馬上就要開始了。[br][br]希望各位能在此獲得優勝並稱霸世界。 | lang0:lang0.pak:[font size=""14""color=""000000""]Next fight will start soon.[br][br]I wish you good luck and hope you win!"
DST_BUDOKAI_RESULT_POINT_WINNER_GUIDE	2	2	lang0,taiwan	taiwan:local_data.dat:%s隊 %s 隊 %d : %d 獲得勝利。 | lang0:lang0.pak:%s team member %s must decide %d : %d.
DST_BUDOKAI_SIDEICON_TITLE	2	2	lang0,taiwan	taiwan:local_data.dat:天下第一武道會 | lang0:lang0.pak:Tenkaichi Budokai
DST_BUDOKAI_SUCCESS_APPLICATION	2	2	lang0,taiwan	taiwan:local_data.dat:%s 完成申請。 | lang0:lang0.pak:%s Application completed.
DST_BUDOKAI_SUCCESS_GUIDE	2	2	lang0,taiwan	taiwan:local_data.dat:%s 報名編號 : | lang0:lang0.pak:%s's Number :
DST_BUDOKAI_SUCCESS_MEMBER	2	2	lang0,taiwan	taiwan:local_data.dat:隊員 | lang0:lang0.pak:Team
DST_BUDOKAI_TEAMINFO_CLASS	2	2	lang0,taiwan	taiwan:local_data.dat:職業 | lang0:lang0.pak:Class
DST_BUDOKAI_TEAMINFO_DOJO_RECOMMAND	2	2	lang0,taiwan	taiwan:local_data.dat:道場代表 | lang0:lang0.pak:Leader
DST_BUDOKAI_TEAMINFO_GUILD_NAME	2	2	lang0,taiwan	taiwan:local_data.dat:所屬流派 | lang0:lang0.pak:Guild
DST_BUDOKAI_TEAMINFO_LEVEL	2	2	lang0,taiwan	taiwan:local_data.dat:等級 | lang0:lang0.pak:Level
DST_BUDOKAI_TEAMINFO_LEVEL_CLASS	2	2	lang0,taiwan	taiwan:local_data.dat:等級%u %s | lang0:lang0.pak:Lv.%u %s
DST_BUDOKAI_TEAMINFO_LEVEL_VALUE	2	2	lang0,taiwan	taiwan:local_data.dat:等級%u | lang0:lang0.pak:Lv.%u
DST_BUDOKAI_TEAMINFO_MATCH_NAME_COMMON	2	2	lang0,taiwan	taiwan:local_data.dat:%d強賽 第%u場 | lang0:lang0.pak:%d Elimination Round %u
DST_BUDOKAI_TEAMINFO_MATCH_NAME_FINAL	2	2	lang0,taiwan	taiwan:local_data.dat:決賽 | lang0:lang0.pak:Finals
DST_BUDOKAI_TEAMINFO_MATCH_NAME_SEMIFINAL	2	2	lang0,taiwan	taiwan:local_data.dat:準決賽 第%u場 | lang0:lang0.pak:Semi Final %u
DST_BUDOKAI_TEAMINFO_NOT_IN_GUILD	2	2	lang0,taiwan	taiwan:local_data.dat:未加入 | lang0:lang0.pak:Not in a Guild
DST_BUDOKAI_TEAMINFO_PRIVATE_RECORD	2	2	lang0,taiwan	taiwan:local_data.dat:排名戰戰績 | lang0:lang0.pak:Battle Ranked
DST_BUDOKAI_TEAMINFO_RANKING_POINT	2	2	lang0,taiwan	taiwan:local_data.dat:戰鬥點數 | lang0:lang0.pak:World Ranking Points
DST_BUDOKAI_TEAMINFO_RECORD	2	2	lang0,taiwan	taiwan:local_data.dat:排名戰戰績 | lang0:lang0.pak:Ranked Battle
DST_BUDOKAI_TEAMINFO_RECORD_DATA	2	2	lang0,taiwan	taiwan:local_data.dat:%u戰 %u勝 %u敗 | lang0:lang0.pak:%u I %u W %u L
DST_BUDOKAI_TEAMINFO_TITLE	2	2	lang0,taiwan	taiwan:local_data.dat:比賽情報 | lang0:lang0.pak:Match Info
DST_BUDOKAI_TEAM_LEAVE_NOTIFY	2	2	lang0,taiwan	taiwan:local_data.dat:隊長取消報名天下第一武道會了。 | lang0:lang0.pak:The leader cancelled the registration.
DST_BUDOKAI_TEAM_MEMBER_LEAVE_NOTIFY	2	2	lang0,taiwan	taiwan:local_data.dat:%s取消報名天下第一武道大會。 | lang0:lang0.pak:%s Request to cancel.
DST_BUDOKAI_TEAM_REQ_CANCEL	2	2	lang0,taiwan	"taiwan:local_data.dat:[align =""center""][font size=""12""color=""f4d762""]團體戰報名取消[/font][br][br][font size=""10""color=""f36a7c""]您確定要取消報名團體戰嗎?[/font] | lang0:lang0.pak:[align = ""center""][font size=""12""color=""f4d762""]Team Registration Cancel[/font][br][br][font size=""10""color=""f36a7c""]Are you sure to Cancel?[/font]"
DST_BUDOKAI_TEAM_REQ_TEAMLEVEL	2	2	lang0,taiwan	taiwan:local_data.dat:等級 %d | lang0:lang0.pak:Level %d
DST_BUDOKAI_TEAM_REQ_TEAMNAME	2	2	lang0,taiwan	taiwan:local_data.dat:團隊姓名: | lang0:lang0.pak:Name :
DST_BUDOKAI_TELEPORT_MSG_MATCH	2	2	lang0,taiwan	taiwan:local_data.dat:%s 競技場 | lang0:lang0.pak:%s Stadium
DST_BUDOKAI_TELEPORT_MSG_TBSERVER	2	2	lang0,taiwan	taiwan:local_data.dat:武道寺 | lang0:lang0.pak:Mudosa
DST_BUDOKAI_TICKET_TITLE	2	2	lang0,taiwan	taiwan:local_data.dat:報名中 | lang0:lang0.pak:Ticket
DST_BUDOKAI_TIME_DAY	2	2	lang0,taiwan	taiwan:local_data.dat:%d 日 | lang0:lang0.pak:%d day
DST_BUDOKAI_TIME_HOUR	2	2	lang0,taiwan	taiwan:local_data.dat:%d 時 | lang0:lang0.pak:%d hour
DST_BUDOKAI_TIME_MINUTE	2	2	lang0,taiwan	taiwan:local_data.dat:%d 分 | lang0:lang0.pak:%d minute
DST_BUDOKAI_TIME_SECOND	2	2	lang0,taiwan	taiwan:local_data.dat:%d 秒 | lang0:lang0.pak:%d second
DST_BUDOKAI_TOURNAMENT_A_GROUP	2	2	lang0,taiwan	taiwan:local_data.dat:A組 | lang0:lang0.pak:Group A
DST_BUDOKAI_TOURNAMENT_B_GROUP	2	2	lang0,taiwan	taiwan:local_data.dat:B組 | lang0:lang0.pak:Group B
DST_BUDOKAI_TOURNAMENT_FINAL	2	2	lang0,taiwan	taiwan:local_data.dat:決賽 | lang0:lang0.pak:Final
DST_BUDOKAI_TOURNAMENT_INFO_1	2	2	lang0,taiwan	taiwan:local_data.dat:決賽比賽將以錦標賽方式進行。 | lang0:lang0.pak:Qualifiers will continue.
DST_BUDOKAI_TYPE_ADULT_TITLE	2	2	lang0,taiwan	taiwan:local_data.dat:成人部 | lang0:lang0.pak:Senior
DST_BUDOKAI_TYPE_CHILD_TITLE	2	2	lang0,taiwan	taiwan:local_data.dat:少年部 | lang0:lang0.pak:Kid
DST_BUFF_ACTIVATE_BUFF_MSG	2	2	lang0,taiwan	taiwan:local_data.dat:%s 已啟動Buff效果。 | lang0:lang0.pak:%s Buff Activated
DST_BUFF_CAN_NOT_DELETE_SUB_BUFF_MSG	2	2	lang0,taiwan	taiwan:local_data.dat:玩家無法任意刪除BUFF。 | lang0:lang0.pak:Can't Remove Buff
DST_BUFF_CAN_NOT_DROP_TEXT	2	2	lang0,taiwan	taiwan:local_data.dat:無法移除的BUFF效果。 | lang0:lang0.pak:Can't Remove
DST_BUFF_DEACTIVATE_BUFF_MSG	2	2	lang0,taiwan	taiwan:local_data.dat:於此地區無法啟用 %s  BUFF。 | lang0:lang0.pak:Buff: %s Disabled
DST_BUFF_DROP_TEXT	2	2	lang0,taiwan	taiwan:local_data.dat:點選圖示解除BUFF效果。 | lang0:lang0.pak:Click icon to disable/enable or remove buff
DST_BUFF_MB_DELETE_SUB_BUFF_MSG	2	2	lang0,taiwan	"taiwan:local_data.dat:[align =""center""][font size=""12""color=""f4d762""]BUFF刪除[/font][br][br][font size=""10""color=""269eff""]您要刪除使用中的 %s  BUFF嗎?[/font][br][br][font size=""10""color=""f4d762""]取消BUFF後無法復原。[/font] | lang0:lang0.pak:[align = ""center""][font size=""12""color=""f4d762""]Buff Removal[/font][br][br][font size=""10""color=""269eff""]Remove Buff: %s ?[/font][br][br][font size=""10""color=""f4d762""]INFO: Autopots can't be removed but you can [br]disable/enable them.[/font]"
DST_BUFF_REMAIN_TIME	2	2	lang0,taiwan	taiwan:local_data.dat:剩餘時間 : %s | lang0:lang0.pak:Cooldown : %s
DST_BUFF_RESTRICTION	2	2	lang0,taiwan	taiwan:local_data.dat:此地無法使用，結束使用BUFF時，套用時間也將終止。 | lang0:lang0.pak:Buff Restriction
DST_BURN_DEFENCE	2	2	lang0,taiwan	taiwan:local_data.dat:燒傷防禦力 | lang0:lang0.pak:Burn Def.
DST_BUS_ASK_GET_OFF	2	2	lang0,taiwan	"taiwan:local_data.dat:[align =""center""][font size=""12""color=""f4d762""]下車[/font][br][br][font size=""10""color=""269eff""]搭乘巴士隨時都可在抵達終點前先行下車。[/font][br][br][font size=""10""color=""ffffff""]您要下車嗎？[/font] | lang0:lang0.pak:[align = ""center""][font size=""12""color=""f4d762""]Stopping Bus[/font] [br][br][font size=""10""color=""269eff""]Get off before reaching the next stop.[/font][br][br][font size=""10""color=""ffffff""]Get off the Bus?[/font]"
DST_BUS_ASK_GET_ON	2	2	lang0,taiwan	taiwan:local_data.dat:您要搭乘巴士嗎? | lang0:lang0.pak:Ride Bus?
DST_BUS_SUCCESS_GET_ON	2	2	lang0,taiwan	taiwan:local_data.dat:支付公車費 %u 索尼後，搭乘公車。 | lang0:lang0.pak:Paid %u
DST_CAN_NOT_ALTAR	2	2	lang0,taiwan	taiwan:local_data.dat:搭乘車輛的狀態下，無法使用神龍祭壇。 | lang0:lang0.pak:Can't use Shenron's altar
DST_CAN_NOT_OPEN_MORE_REGULAR_DIALOG	2	2	lang0,taiwan	taiwan:local_data.dat:無法再開啟視窗了，請關閉其他視窗。 | lang0:lang0.pak:Too many windows open
DST_CASH	2	2	lang0,taiwan	taiwan:local_data.dat:現金 | lang0:lang0.pak:Cash
DST_CASH_ITEM	2	2	lang0,taiwan	taiwan:local_data.dat:現金道具 | lang0:lang0.pak:Cash Items
DST_CAUTION_SIDEICON_TITLE	2	2	lang0,taiwan	taiwan:local_data.dat:警告提示 | lang0:lang0.pak:Warning Messages
DST_CCBD	2	2	lang0,taiwan	taiwan:local_data.dat:CC 競技副本 | lang0:lang0.pak:CC Dungeon
DST_CCBD_AGREE_CANCEL_ENTER	2	2	lang0,taiwan	taiwan:local_data.dat:取　消 | lang0:lang0.pak:Cancel
DST_CCBD_AGREE_CHALLENGE_STAGE	2	2	lang0,taiwan	taiwan:local_data.dat:所在樓層 : %d層 | lang0:lang0.pak:Floor : %d
DST_CCBD_AGREE_CHAR_NAME	2	2	lang0,taiwan	taiwan:local_data.dat:角色名稱 | lang0:lang0.pak:Name
DST_CCBD_AGREE_ENTER	2	2	lang0,taiwan	taiwan:local_data.dat:入場 | lang0:lang0.pak:Enter
DST_CCBD_AGREE_READY	2	2	lang0,taiwan	taiwan:local_data.dat:准  備 | lang0:lang0.pak:Ready
DST_CCBD_AGREE_STAND_BY	2	2	lang0,taiwan	taiwan:local_data.dat:待  機 | lang0:lang0.pak:Wait
DST_CCBD_AGREE_STATE	2	2	lang0,taiwan	taiwan:local_data.dat:狀  態 | lang0:lang0.pak:Status
DST_CCBD_AGREE_TITLE	2	2	lang0,taiwan	taiwan:local_data.dat:進入競技副本 | lang0:lang0.pak:Enter
DST_CCBD_BOARD_CHALLEGNE	2	2	lang0,taiwan	taiwan:local_data.dat:設定欲挑戰的競技副本 | lang0:lang0.pak:Challenge Settings
DST_CCBD_BOARD_EXPLAIN	2	2	lang0,taiwan	"taiwan:local_data.dat:[font size = ""9""]進入競技副本的參賽者將會與三次元產生的敵人進行戰鬥，可使實力向上提升的特別修練場所。[br]每一層的修練難易度都不同，完成Boss層的修練時，將可獲得[/font][font size = ""9"" color = ""ffff68""]最高級的道具[/font][font size = ""9"" color = ""ffffff""]。[/font][font size = ""9"" color=""f36a7c""][br]建議等級為Lv50以上。[/font] | lang0:lang0.pak:[font size = ""7""]Participants who enter CC Battle Dungeon will fight enemies on each floor.[br]Each floor's difficulty is different. Every 5th floor will be a boss floor, and once boss is defeated you have the option to take reward and leave or carry on.[/font][br][font size = ""8"" color = ""f36a7c""]Recommended Level: 50[/font][br][font size = ""8"" color = ""ffff68""]Higher floors give better rewards![/font]"
DST_CCBD_BOARD_INAVLID_ITEM	2	2	lang0,taiwan	taiwan:local_data.dat:這不是競技副本用的超越時空入場券。 | lang0:lang0.pak:Invalid Item.
DST_CCBD_BOARD_SETUP	2	2	lang0,taiwan	taiwan:local_data.dat:競技副本設定 | lang0:lang0.pak:Setup
DST_CCBD_BOARD_SETUP_COMPLETE	2	2	lang0,taiwan	taiwan:local_data.dat:完成設定 | lang0:lang0.pak:Complete
DST_CCBD_BOARD_YOU_CAN_ENTER_CCBD	2	2	lang0,taiwan	taiwan:local_data.dat:可以移動至競技副本的%d層 | lang0:lang0.pak:Floor %d can be entered
DST_CCBD_CANCEL_TOOLIP	2	2	lang0,taiwan	taiwan:local_data.dat:不想要參加競技副本的話，請利用左側組隊選單退出隊伍。 | lang0:lang0.pak:Use the menu on the left to leave party.
DST_CCBD_FINISH_MSG	2	2	lang0,taiwan	taiwan:local_data.dat:恭喜 %s 將CC戰鬥副本%u的牢底坐穿了! | lang0:lang0.pak:%s CLEARED CC Battle Dungeon 40 Floor
DST_CCBD_LEAVE_CCBD	2	2	lang0,taiwan	"taiwan:local_data.dat:[align = ""center""][font size = ""12"" color=""f4d762""]放棄挑戰競技副本[/font][br][br][font size = ""9"" color=""84cefc""]現在正在挑戰 %d層。[/font][br][br]若放棄的話，將會刪除現在正在進行中的情報，[br]將會自動退出隊伍當中，[br]並移動到競技副本的入口。[/font][font size = ""9"" color=""ffffff""][/font][br][font size = ""9"" color=""f36a7c""]您真的要放棄，並移往競技副本的入口嗎？[br][br] | lang0:lang0.pak:[align = ""center""][font size = ""12"" color=""f4d762""]Leave CCBD Dungeon[/font][br][br][font size = ""9"" color=""84cefc""]Current Floor: %d.[/font][br][br][font size = ""10"" color=""f36a7c""]You'll lose all progress[br]and will be moved to the entrance.[/font][br][br][font size = ""9"" color=""f36a7c""]Leave CCBD?[/font][br][br]"
DST_CCBD_REWARD_EXPLAIN	2	2	lang0,taiwan	"taiwan:local_data.dat:[font size = ""10"" color=""f4d762""]競技副本獎勵規則[br][/font][font size = ""9"" color=""84cefc""]選擇獎勵[/font][font size = ""9"" color=""ffffff""] :  將會獲得道具獎勵時，稍後移動至入口。 (未選擇時)[br][/font][font size = ""9"" color=""84cefc""]選擇挑戰[/font][font size = ""9"" color=""ffffff""] : [font size = ""9"" color=""eb436b""]無法獲得道具獎勵，[/font][font size = ""9"" color=""ffffff""]稍後將會移動往下一層。[br][/font] | lang0:lang0.pak:[font size = ""10"" color=""f4d762""]Dungeon Choice Rules[br][/font][font size = ""9"" color=""84cefc""]Reward: [/font][font size = ""9"" color=""ffffff""]Receive item, but leave dungeon.[br][/font][font size = ""9"" color=""84cefc""]Challenge: [/font][font size = ""9"" color=""ffffff""]Continue, but no item yet.[/font]"
DST_CCBD_REWARD_EXPLAIN2	2	2	lang0,taiwan	taiwan:local_data.dat:請選擇下列按鈕中的任一個。 | lang0:lang0.pak:Choose one.
DST_CCBD_REWARD_ITEM	2	2	lang0,taiwan	taiwan:local_data.dat:競技副本獎勵 | lang0:lang0.pak:CCBD Awards
DST_CCBD_REWARD_LAST_EXPLAIN	2	2	lang0,taiwan	"taiwan:local_data.dat:[font size = ""12"" color=""f4d762""]競技副本 ALL CLEAR![br][br][/font][font size = ""9"" color=""ffffff""]競技副本的所有樓層攻掠成功.[/font][br][br][font size = ""9"" color=""ffffff""]得到[/font][font size = ""9"" color=""f36a7c""]獎勵道具[/font][font size = ""9"" color=""ffffff""]後,[br]將移動到入口.[br][/font] | lang0:lang0.pak:[font size = ""12"" color=""f4d762""]Dungeon Complete![br][br][/font][font size = ""9"" color=""ffffff""]You have complete the dungeon.[/font][br][br][font size = ""9"" color=""f36a7c""]You will get a reward and[br]will be moved to the entrance.[/font]"
DST_CCBD_REWARD_LAST_LEVEL	2	2	lang0,taiwan	taiwan:local_data.dat:競技副本攻掠成功 | lang0:lang0.pak:Dungeon battle success
DST_CCBD_REWARD_LEVEL	2	2	lang0,taiwan	taiwan:local_data.dat:%d層成功擊倒Boss | lang0:lang0.pak:Floor %d complete
DST_CCBD_REWARD_MEMBER_SELECT_CHALLENGE_NEXT	2	2	lang0,taiwan	"taiwan:local_data.dat:[align = ""center""][font size = ""12"" color=""f4d762""]確定挑戰下一層[/font][br][br][font size = ""9"" color=""f36a7c""]您將無法獲得道具獎勵，請問要挑戰下一層嗎？[/font] | lang0:lang0.pak:[align = ""center""][font size = ""12"" color=""f4d762""]Challenge[/font][br][br][font size = ""9"" color=""f36a7c""]Continue to next floor for better reward?[/font]"
DST_CCBD_REWARD_MEMBER_SELECT_REWARD	2	2	lang0,taiwan	"taiwan:local_data.dat:[align = ""center""][font size = ""12"" color=""f4d762""]選擇獎勵確認[/font][br][br][font size = ""9"" color=""f36a7c""]將獲得下列的獎勵道具，您要中斷您的挑戰嗎？[br]選擇獎勵的話，將會獲得獎勵道具，[br]稍後將會移往競技副本入口。[/font] | lang0:lang0.pak:[align = ""center""][font size = ""12"" color=""f4d762""]Reward[/font][br][br][font size = ""9"" color=""f36a7c""]Accept the following item?[br]You'll leave the dungeon.[/font]"
DST_CCBD_REWARD_MEMBER_SELECT_REWARD_LAST_STAGE	2	2	lang0,taiwan	taiwan:local_data.dat:恭喜您，您已經通過了競技副本的最高難度關卡了。 | lang0:lang0.pak:Congrats! Dungeon Complete
DST_CCBD_REWARD_SELECT_CHALLENGE	2	2	lang0,taiwan	taiwan:local_data.dat:挑戰 | lang0:lang0.pak:Challenge
DST_CCBD_REWARD_SELECT_MOVE	2	2	lang0,taiwan	taiwan:local_data.dat:移動 | lang0:lang0.pak:Move
DST_CCBD_REWARD_SELECT_REWARD	2	2	lang0,taiwan	taiwan:local_data.dat:選擇獎勵 | lang0:lang0.pak:Reward
DST_CCBD_REWARD_STATE_CHALLENGE_NEXT	2	2	lang0,taiwan	taiwan:local_data.dat:選擇挑戰 | lang0:lang0.pak:Challenge
DST_CCBD_REWARD_STATE_SELECTED_REWARD	2	2	lang0,taiwan	taiwan:local_data.dat:選擇獎勵 | lang0:lang0.pak:Reward
DST_CCBD_REWARD_STATE_SELECTING	2	2	lang0,taiwan	taiwan:local_data.dat:選擇中 | lang0:lang0.pak:Choosing...
DST_CCBD_REWARD_TITLE	2	2	lang0,taiwan	taiwan:local_data.dat:競技副本獎勵選擇 | lang0:lang0.pak:Selection
DST_CCBD_REWARD_TITLE_LAST	2	2	lang0,taiwan	taiwan:local_data.dat:競技副本獎勵 | lang0:lang0.pak:Reward
DST_CCBD_STATUS_DISABLE_CHARGE_LPEP	2	2	lang0,taiwan	taiwan:local_data.dat:無法自然恢復LP/EP | lang0:lang0.pak:LP/EP recovery disabled
DST_CCBD_STATUS_DISABLE_GET_EXP	2	2	lang0,taiwan	taiwan:local_data.dat:打獵時無法獲得經驗值 | lang0:lang0.pak:EXP gains disabled
DST_CCBD_STATUS_DISABLE_ITEM	2	2	lang0,taiwan	taiwan:local_data.dat:無法使用一般道具 | lang0:lang0.pak:Consumables disabled
DST_CCBD_WAIT_AFTER_REWARD	2	2	lang0,taiwan	taiwan:local_data.dat:已完成選擇，請稍等一下。 | lang0:lang0.pak:Please Wait.
DST_CHANGESEX_MSG	2	2	lang0,taiwan	"taiwan:local_data.dat:[align =""center""][font size=""12""color=""f4d762""]提示[/font][br][br][font size=""10""color=""ff0000""]請脫下所有裝備才可以使用此道具[/font] | lang0:lang0.pak:Are you sure you want to change gender?"
DST_CHANGE_ITEMBATTLEATTR_ONE_MSG	2	2	lang0,taiwan	"taiwan:local_data.dat:[align = ""center""][font size = ""12"" color=""f4d762""]執行賦予道具屬性[/font][br][br][font size = ""10"" color=""ffffff""]時會消耗%s索尼，[br]賦予屬性會有%d%%成功率，[br]失敗時，持有屬性的[br]道具會變更為無屬性。[/font] | lang0:lang0.pak:[align = ""center""][font size = ""12"" color=""f4d762""]Change Item PROP[/font][br][br][font size = ""10"" color=""ffffff""]Selected Element: %s[br]Price: %s Zeni[br]Success Rate: %d%%[br][br]On success, %s PROP is applied.[br]On failure, PROP is cleared.[br]No sacrifice item is required.[/font]"
DST_CHANGE_ITEMBATTLEATTR_TWO_MSG	2	2	lang0,taiwan	"taiwan:local_data.dat:[align = ""center""][font size = ""12"" color=""f4d762""]執行賦予道具屬性[/font][br][br][font size = ""10"" color=""ffffff""]時會消耗%s索尼，[br]並會刪除存在於屬性欄位中的裝備，[br]賦予屬性會有%d%%成功率，[br]失敗時，持有屬性的[br]道具會變更為無屬性。[/font] | lang0:lang0.pak:[align = ""center""][font size = ""12"" color=""f4d762""]Change Item PROP[/font][br][br][font size = ""10"" color=""ffffff""]Selected Element: %s[br]Price: %s Zeni[br]Success Rate: %d%%[br][br]On success, %s PROP is applied.[br]On failure, PROP is cleared.[/font]"
DST_CHARACTER_FAIL_BY_BUDOKAI	2	2	lang0,taiwan	taiwan:local_data.dat:參加天下第一武道會時無法使用。 | lang0:lang0.pak:Can't join Budokai.
DST_CHARACTER_FAIL_BY_GUILD	2	2	lang0,taiwan	taiwan:local_data.dat:已加入流派時無法使用。 | lang0:lang0.pak:Can't Sign
DST_CHARACTER_NAME_RULE	2	2	lang0,taiwan	taiwan:local_data.dat:角色名稱以中文為準可輸入2~8字。 | lang0:lang0.pak:2-8 Characters
DST_CHARM_COOLTIME	2	2	lang0,taiwan	taiwan:local_data.dat:技能冷卻時間減少%d%% | lang0:lang0.pak:Cooldown Reduced by %d%%
DST_CHARM_DROPRATE	2	2	lang0,taiwan	taiwan:local_data.dat:道具掉落機率增加%d%% | lang0:lang0.pak:Increase Drop Rate by %d%%
DST_CHARM_EXP	2	2	lang0,taiwan	taiwan:local_data.dat:額外獲得%d%%經驗值 | lang0:lang0.pak:obtain %d%% extra XP
DST_CHARM_RP_SHARING	2	2	lang0,taiwan	taiwan:local_data.dat:RP分享，分享%d | lang0:lang0.pak:Share %d RP
DST_CHARTITLE_ADD	2	2	lang0,taiwan	taiwan:local_data.dat:已獲得 %s 稱號。 | lang0:lang0.pak:Title %s acquired.
DST_CHARTITLE_INVALID	2	2	lang0,taiwan	taiwan:local_data.dat:未獲得 | lang0:lang0.pak:Not Obtained
DST_CHARTITLE_NOSELECT	2	2	lang0,taiwan	taiwan:local_data.dat:未使用 | lang0:lang0.pak:No Title
DST_CHARTITLE_NOT_SELECTED	2	2	lang0,taiwan	taiwan:local_data.dat:無法獲得的稱號 | lang0:lang0.pak:Not Obtained
DST_CHARTITLE_PROVIDE	2	2	lang0,taiwan	taiwan:local_data.dat:稱號效果 | lang0:lang0.pak:Title Effect
DST_CHAR_CAN_CHANGE_CLASS	2	2	lang0,taiwan	taiwan:local_data.dat:若想要習得技能魂的話，可以用上方的職業進行轉職。 | lang0:lang0.pak:Need Master Class
DST_CHAR_GROWN_DOWN	2	2	lang0,taiwan	taiwan:local_data.dat:恭喜你成為小孩了! | lang0:lang0.pak:You are a kid!
DST_CHAR_GROWN_UP	2	2	lang0,taiwan	taiwan:local_data.dat:恭喜您成為成人！ | lang0:lang0.pak:You are an adult!
DST_CHAR_SERVER_CONNECT_FAIL	2	2	lang0,taiwan	"taiwan:local_data.dat:[align = ""center""][font size = ""12"" color=""f4d762""]角色伺服器連接失敗[/font][br][br][font size = ""10"" color=""f36a7c""]連接至角色伺服器失敗。[/font][br][br][font size = ""10"" color=""ffffff""]請稍候重試。[/font][br][br][font size = ""10"" color=""ffffff""][/font] | lang0:lang0.pak:[align = ""center""][font size = ""12"" color=""f4d762""]Connection Failed[/font][br][br][font size = ""10"" color=""f36a7c""]Failed to connect to[br]Character Server.[/font][br][br][font size = ""10"" color=""ffffff""]Please try again later.[/font]"
DST_CHAR_SERVER_EXIT	2	2	lang0,taiwan	"taiwan:local_data.dat:[align = ""center""][font size = ""12"" color=""f4d762""]前往角色選擇畫面[/font][br][br][font size = ""10"" color=""269eff""]將會結束遊戲[br]回到角色選擇畫面。[/font][br][br][font size = ""10"" color=""ffffff""]在角色選擇畫面選擇其他角色後，[br]您將可以繼續進行遊戲。[/font] | lang0:lang0.pak:[align = ""center""][font size = ""12"" color=""f4d762""]Log Out[/font][br][br][font size = ""10"" color=""269eff""]Returning to the Lobby.[/font][br][br][font size = ""10"" color=""ffffff""]Do you wish to Log Out?[/font]"
DST_CHAR_TITLE	2	2	lang0,taiwan	taiwan:local_data.dat:稱號 | lang0:lang0.pak:Title
DST_CHAT_CAN_SEND_WHISPER_TO_ME	2	2	lang0,taiwan	taiwan:local_data.dat:無法傳送悄悄話給自己。 | lang0:lang0.pak:Can't whisper yourself.
DST_CHAT_COMMAND	2	2	lang0,taiwan	taiwan:local_data.dat:聊天命令: %s | lang0:lang0.pak:Command: %s
DST_CHAT_DISP_COMMAND_FIRST	2	2	lang0,taiwan	taiwan:local_data.dat:最上面 | lang0:lang0.pak:Top
DST_CHAT_DISP_COMMAND_LAST	2	2	lang0,taiwan	taiwan:local_data.dat:最下面 | lang0:lang0.pak:Last
DST_CHAT_DISP_COMMAND_LOCK	2	2	lang0,taiwan	taiwan:local_data.dat:鎖定聊天視窗大小 | lang0:lang0.pak:Lock
DST_CHAT_DISP_COMMAND_NEXT	2	2	lang0,taiwan	taiwan:local_data.dat:下一行 | lang0:lang0.pak:Down
DST_CHAT_DISP_COMMAND_PREV	2	2	lang0,taiwan	taiwan:local_data.dat:上一行 | lang0:lang0.pak:Up
DST_CHAT_DISP_COMMAND_UNLOCK	2	2	lang0,taiwan	taiwan:local_data.dat:解除聊天視窗大小鎖定 | lang0:lang0.pak:Unlock
DST_CHAT_FAIL_TO_NO_GUILD	2	2	lang0,taiwan	taiwan:local_data.dat:尚未參加流派。 | lang0:lang0.pak:Not in a Guild
DST_CHAT_FAIL_TO_NO_PARTY	2	2	lang0,taiwan	taiwan:local_data.dat:尚未組隊。 | lang0:lang0.pak:Not in a Party
DST_CHAT_FAIL_TO_USE_WHISPER	2	2	lang0,taiwan	taiwan:local_data.dat:欲使用悄悄話時輸入[/w帳號對話內容]即可。 | lang0:lang0.pak:To whisper enter [/w ID].
DST_CHAT_FAIL_TO_WHISPER_NO_TARGET	2	2	lang0,taiwan	taiwan:local_data.dat:%s 未登入遊戲。 | lang0:lang0.pak:%s isn't Online
DST_CHAT_FILTER	2	2	lang0,taiwan	taiwan:local_data.dat:聊天選單 | lang0:lang0.pak:Menu
DST_CHAT_HAVE_NO_USER_TO_REPLY	2	2	lang0,taiwan	taiwan:local_data.dat:回應方不在遊戲內。 | lang0:lang0.pak:No User to Reply
DST_CHAT_HELP_TEXT	2	2	lang0,taiwan	taiwan:local_data.dat:[/w帳號對話內容]:悄悄話\n[/p對話內容]:隊伍對話\n[/g對話內容]:流派對話\n[/s對話內容]:廣播\n[/r對話內容]:回應(給前一個悄悄話對象) | lang0:lang0.pak:[/w ID] : whisper\n[/p] : Party Dialog\n[/g] : Style Dialog\n[/s] : cry\n[/r] : To reply to last whisper
DST_CHAT_IME_ENG	2	2	lang0,taiwan	taiwan:local_data.dat:A | lang0:lang0.pak:A
DST_CHAT_IME_KOR	2	2	lang0,taiwan	taiwan:local_data.dat:中 | lang0:lang0.pak:end
DST_CHAT_MODE_COMMENT	2	2	lang0,taiwan	taiwan:local_data.dat:意見 | lang0:lang0.pak:Reply
DST_CHAT_MODE_FIND_PARTY	2	2	lang0,taiwan	taiwan:local_data.dat:搜尋隊伍 | lang0:lang0.pak:LFP
DST_CHAT_MODE_FIND_PARTY_EXTEND	2	2	lang0,taiwan	taiwan:local_data.dat:尋找隊伍: %s | lang0:lang0.pak:LFG: %s
DST_CHAT_MODE_GENERAL	2	2	lang0,taiwan	taiwan:local_data.dat:一般 | lang0:lang0.pak:All
DST_CHAT_MODE_GUILD	2	2	lang0,taiwan	taiwan:local_data.dat:流派 | lang0:lang0.pak:Guild
DST_CHAT_MODE_GUILD_MASTER	2	2	lang0,taiwan	taiwan:local_data.dat:流派長 | lang0:lang0.pak:Guild Master
DST_CHAT_MODE_PARTY	2	2	lang0,taiwan	taiwan:local_data.dat:隊伍 | lang0:lang0.pak:Party
DST_CHAT_MODE_PARTY_MASTER	2	2	lang0,taiwan	taiwan:local_data.dat:隊長 | lang0:lang0.pak:Party Master
DST_CHAT_MODE_SHOUT	2	2	lang0,taiwan	taiwan:local_data.dat:廣播 | lang0:lang0.pak:Shout
DST_CHAT_MODE_SYSTEM	2	2	lang0,taiwan	taiwan:local_data.dat:系統 | lang0:lang0.pak:System
DST_CHAT_MODE_TRADE	2	2	lang0,taiwan	taiwan:local_data.dat:交易 | lang0:lang0.pak:Trade
DST_CHAT_MODE_TRADE_EXTEND	2	2	lang0,taiwan	taiwan:local_data.dat:交易: %s | lang0:lang0.pak:Trade: %s
DST_CHAT_MODE_TYPE	2	2	lang0,taiwan	taiwan:local_data.dat:%s: | lang0:lang0.pak:%s:
DST_CHAT_MODE_WHISPER	2	2	lang0,taiwan	taiwan:local_data.dat:悄悄話 | lang0:lang0.pak:Whisper
DST_CHAT_OPTION_GUI_TITLE	2	2	lang0,taiwan	taiwan:local_data.dat:聊天輸入模式 | lang0:lang0.pak:Chat mode
DST_CHAT_SERVER_CONNECT_FAIL	2	2	lang0,taiwan	"taiwan:local_data.dat:[align =""center""][font size=""12""color=""f4d762""]聊天伺服器連線失敗[/font][br][br][font size=""10""color=""f36a7c""]聊天伺服器連線失敗。[/font][br][br][font size=""10""color=""ffffff""]請稍候重試。[/font] | lang0:lang0.pak:[align = ""center""]Connection Failed[br][br]Failed to connect to a chat server.[br][br]try again later."
DST_CHAT_SERVER_DISCONNECT	2	2	lang0,taiwan	taiwan:local_data.dat:聊天伺服器連線中斷。請稍候重試。 | lang0:lang0.pak:Chat disconnected.
DST_CHAT_SERVER_RECONNECT	2	2	lang0,taiwan	taiwan:local_data.dat:聊天伺服器連線中。 | lang0:lang0.pak:Chat connected.
DST_CHAT_SERVER_TITLE	2	2	lang0,taiwan	taiwan:local_data.dat:聊天伺服器公告 | lang0:lang0.pak:Chat Server Notification
DST_CHAT_SHORT_CUT_COMMAND	2	2	lang0,taiwan	taiwan:local_data.dat:小幫手 | lang0:lang0.pak:Help
DST_CHAT_SHORT_CUT_FIND_PARTY	2	2	lang0,taiwan	taiwan:local_data.dat:/f | lang0:lang0.pak:/f
DST_CHAT_SHORT_CUT_FIND_PARTY_LOCAL	2	2	lang0,taiwan	taiwan:local_data.dat:/f | lang0:lang0.pak:/f
DST_CHAT_SHORT_CUT_GENERAL	2	2	lang0,taiwan	taiwan:local_data.dat:/n | lang0:lang0.pak:/n
DST_CHAT_SHORT_CUT_GENERAL_LOCAL	2	2	lang0,taiwan	taiwan:local_data.dat:/n | lang0:lang0.pak:/n
DST_CHAT_SHORT_CUT_GUILD	2	2	lang0,taiwan	taiwan:local_data.dat:/g | lang0:lang0.pak:/g
DST_CHAT_SHORT_CUT_GUILD_LOCAL	2	2	lang0,taiwan	taiwan:local_data.dat:/g | lang0:lang0.pak:/g
DST_CHAT_SHORT_CUT_GUILD_LOCAL_NOTIFY	2	2	lang0,taiwan	taiwan:local_data.dat:/c | lang0:lang0.pak:/c
DST_CHAT_SHORT_CUT_GUILD_NOTIFY	2	2	lang0,taiwan	taiwan:local_data.dat:/c | lang0:lang0.pak:/c
DST_CHAT_SHORT_CUT_HELP	2	2	lang0,taiwan	taiwan:local_data.dat:/? | lang0:lang0.pak:/?
DST_CHAT_SHORT_CUT_INVITE_PARTY	2	2	lang0,taiwan	taiwan:local_data.dat:/邀請 | lang0:lang0.pak:/invite
DST_CHAT_SHORT_CUT_LAST_WHISPER_USER	2	2	lang0,taiwan	taiwan:local_data.dat:/r | lang0:lang0.pak:/r
DST_CHAT_SHORT_CUT_LAST_WHISPER_USER_LOCAL	2	2	lang0,taiwan	taiwan:local_data.dat:/r | lang0:lang0.pak:/r
DST_CHAT_SHORT_CUT_PARTY	2	2	lang0,taiwan	taiwan:local_data.dat:/p | lang0:lang0.pak:/p
DST_CHAT_SHORT_CUT_PARTY_LOCAL	2	2	lang0,taiwan	taiwan:local_data.dat:/p | lang0:lang0.pak:/p
DST_CHAT_SHORT_CUT_PARTY_LOCAL_NOTIFY	2	2	lang0,taiwan	taiwan:local_data.dat:/z | lang0:lang0.pak:/z
DST_CHAT_SHORT_CUT_PARTY_NOTIFY	2	2	lang0,taiwan	taiwan:local_data.dat:/z | lang0:lang0.pak:/z
DST_CHAT_SHORT_CUT_SHOUT	2	2	lang0,taiwan	taiwan:local_data.dat:/s | lang0:lang0.pak:/s
DST_CHAT_SHORT_CUT_SHOUT_LOCAL	2	2	lang0,taiwan	taiwan:local_data.dat:/s | lang0:lang0.pak:/s
DST_CHAT_SHORT_CUT_TRADE	2	2	lang0,taiwan	taiwan:local_data.dat:/t | lang0:lang0.pak:/t
DST_CHAT_SHORT_CUT_TRADE_LOCAL	2	2	lang0,taiwan	taiwan:local_data.dat:/t | lang0:lang0.pak:/t
DST_CHAT_SHORT_CUT_WHISPER	2	2	lang0,taiwan	taiwan:local_data.dat:/w | lang0:lang0.pak:/w
DST_CHAT_SHORT_CUT_WHISPER_LOCAL	2	2	lang0,taiwan	taiwan:local_data.dat:/w | lang0:lang0.pak:/w
DST_CHAT_TOO_FAST_INPUT_MESSAGE	2	2	lang0,taiwan	taiwan:local_data.dat:30秒內無法連續輸入相同文字3次以上 | lang0:lang0.pak:Don't Spam
DST_CHAT_TOO_FAST_INPUT_MESSAGE_ON_SHOUT	2	2	lang0,taiwan	taiwan:local_data.dat:330秒內無法連續廣播相同文字3次以上，將禁止聊天3秒。 | lang0:lang0.pak:Don't Spam the Shout
DST_CHAT_TOO_FAST_INPUT_MESSAGE_ON_TIME_CHECK	2	2	lang0,taiwan	taiwan:local_data.dat:為防止洗版將限制聊天3秒鐘。 | lang0:lang0.pak:Chatting Too Fast
DST_CHAT_TYPE_GENERAL	2	2	lang0,taiwan	taiwan:local_data.dat:[%s] %s : %s | lang0:lang0.pak:[%s] %s: %s
DST_CHAT_TYPE_WHISPER_AVATER	2	2	lang0,taiwan	taiwan:local_data.dat:[%s] '%s'從 : %s | lang0:lang0.pak:[%s] From '%s': %s
DST_CHAT_TYPE_WHISPER_TARGET	2	2	lang0,taiwan	taiwan:local_data.dat:[%s] '%s'到 : %s | lang0:lang0.pak:[%s] To '%s': %s
DST_CHAT_WHISPER	2	2	lang0,taiwan	taiwan:local_data.dat:給%s %s : | lang0:lang0.pak:%s %s:
DST_CHECKING_COMMUNITY_SERVER	2	2	lang0,taiwan	"taiwan:local_data.dat:[align = ""center""][font size = ""12"" color=""f4d762""]Community伺服器維修[/font][br][br][font size = ""10"" color=""269eff""]七龍珠Online伺服器維修中[/font][br][br][font size = ""10"" color=""ffffff""]結束維修後可重新登入遊戲。[/font] | lang0:lang0.pak:[align = ""center""]Community Server[br][br]Dragon Ball Online Community Server[br]is being checked[br][br]You can access the game later."
DST_CHECKING_GAME_SERVER	2	2	lang0,taiwan	"taiwan:local_data.dat:[align =""center""][font size=""12""color=""f4d762""]Game伺服器維修[/font][br][br][font size=""10""color=""269eff""]七龍珠Online伺服器維修中。[/font][br][br][font size=""10""color=""ffffff""]結束維修後可重新登入遊戲。[/font] | lang0:lang0.pak:[align = ""center""]Game Check[br][br]Dragon Ball Online is Offline.[br][br]You can access the game later."
DST_CINEMATIC_EXPLAIN_ESCKEY	2	2	lang0,taiwan	taiwan:local_data.dat:使用ESC鍵可以跳過 | lang0:lang0.pak:Hit ESC to skip
DST_CINEMATIC_USER_CANCLE	2	2	lang0,taiwan	taiwan:local_data.dat:%s跳過了動畫。 | lang0:lang0.pak:%s skipped the movie.
DST_CITYMAP_DEADMINE	2	2	lang0,taiwan	taiwan:local_data.dat:膠囊原石廢礦 | lang0:lang0.pak:HoiPoi Mine
DST_CITYMAP_DRAGON	2	2	lang0,taiwan	taiwan:local_data.dat:神龍峽谷 | lang0:lang0.pak:Dragon Cave
DST_CITYMAP_FEARLAND	2	2	lang0,taiwan	taiwan:local_data.dat:奧索羅島 | lang0:lang0.pak:Fearland
DST_CITYMAP_HEADOFFICE	2	2	lang0,taiwan	taiwan:local_data.dat:紅褲軍總部 | lang0:lang0.pak:Red Pants HQ
DST_CITYMAP_RUIN	2	2	lang0,taiwan	taiwan:local_data.dat:紅領巾軍總部廢墟 | lang0:lang0.pak:Red Ribbon HQ
DST_CITYMAP_WATERFALL	2	2	lang0,taiwan	taiwan:local_data.dat:阿里亞卡拉瀑布副本 | lang0:lang0.pak:Aria Waterfall Cave
DST_CITYMAP_WATERWAY	2	2	lang0,taiwan	taiwan:local_data.dat:噗通下水道 | lang0:lang0.pak:Underground Waterway
DST_CITYMAP_WESTCITY	2	2	lang0,taiwan	taiwan:local_data.dat:西都 | lang0:lang0.pak:West City
DST_CITYMAP_YAHOI	2	2	lang0,taiwan	taiwan:local_data.dat:雅荷要塞 | lang0:lang0.pak:Yahoi Fortress
DST_CLAW	2	2	lang0,taiwan	taiwan:local_data.dat:爪子 | lang0:lang0.pak:Claws
DST_CLIENT_DATA_IS_CRACK	2	2	lang0,taiwan	"taiwan:local_data.dat:[align = ""center""]資料處理錯誤[/font][br][br][font size = ""10"" color=""f36a7c""]DBO Client的資料不正常。[/font][br][br][font size = ""10"" color=""f36a7c""]若要解決此問題，請結束遊戲，[br]執行Launcher，按下檢查按鈕[br]進行資料修正。 | lang0:lang0.pak:[align = ""center""]Error[br][br]Client error, Re-run the Launcher.[br][br]Sorry! (Disconnecting)"
DST_CLUB	2	2	lang0,taiwan	taiwan:local_data.dat:鈍器 | lang0:lang0.pak:Club
DST_COIN	2	2	lang0,taiwan	taiwan:local_data.dat:硬幣 | lang0:lang0.pak:Coins
DST_COMMERCIAL_BUDOKAI	2	2	lang0,taiwan	taiwan:local_data.dat:在第%d回天下第一武道大會中%s %s %s成為了 %s。 | lang0:lang0.pak:#%d Tournament Winner: %s %s %s %s.
DST_COMMERCIAL_CANT_EXTEND_TERM_LIMETED_ITEM	2	2	lang0,taiwan	taiwan:local_data.dat:此道具無法延長使用期限。 | lang0:lang0.pak:Can't Extend
DST_COMMERCIAL_DAILY_TMQRECORD	2	2	lang0,taiwan	taiwan:local_data.dat:%s %s難易度的 %s %s 達成了每日最高紀綠。 | lang0:lang0.pak:New TMQ Daily Record: %s TMQ %s mode %s by %s.
DST_COMMERCIAL_GUILD_NAME_CHANGE_MSG	2	2	lang0,taiwan	"taiwan:local_data.dat:[align = ""center""][font size = ""12"" color=""f4d762""]變更類型名稱[/font][br][br][font size = ""10""]變更類型名稱[/font][br][br][font size = ""10"" color=""269font][69][69][br0"" font]。 size = ""10"" olor=""f36a7c""]變更類型名稱時，[br]會消耗1個%s。 | lang0:lang0.pak:[align = ""center""][font size = ""12"" color=""f4d762""]Guild Rename[/font][br][br][font size = ""10"" color=""269eff""]You're renaming the Guild.[/font][br][br][size = ""10"" color=""f36a7c""]Renaming takes[br]%s 1day.[/font][br][br][font size = ""10"" color=""ffffff""]Rename the Guild?[/font]"
DST_COMMERCIAL_HAVE_NOT_CRESCENT_POPO	2	2	lang0,taiwan	taiwan:local_data.dat:未持有波波碎片。 | lang0:lang0.pak:Missing Popo Stone.
DST_COMMERCIAL_HAVE_NOT_GUILD_NAME_CHANGE	2	2	lang0,taiwan	taiwan:local_data.dat:未持有流派名稱變更道具。 | lang0:lang0.pak:Guild Name Not Changed
DST_COMMERCIAL_ITEMMIX	2	2	lang0,taiwan	taiwan:local_data.dat:%s製造%s成功。 | lang0:lang0.pak:%s created a %s.
DST_COMMERCIAL_ITEMUPGRADE	2	2	lang0,taiwan	taiwan:local_data.dat:%s成功強化了 %s + %d。 | lang0:lang0.pak:%s upgraded %s to + %d.
DST_COMMERCIAL_MB_CAPSULEKIT_BUY_BTN	2	2	lang0,taiwan	taiwan:local_data.dat:道具購買 | lang0:lang0.pak:Buy
DST_COMMERCIAL_MB_CAPSULEKIT_ITEM_SELECT	2	2	lang0,taiwan	"taiwan:local_data.dat:[align = ""center""][font size = ""12"" color=""f4d762""""]移動道具[/font][br][br][font size = ""10"""" color=""269eff""]可以移動道具或是[br]延長道具使用期限。 color=""f36a7c""]從膠囊盒移動時，[br]相同種類道具[br]的使用期限將會減少。 color=""ffffff""]請選擇要延長期限或移動道具。 | lang0:lang0.pak:[align = ""center""][font size = ""12"" color=""f4d762""]Move Item[/font][br][br][font size = ""10"" color=""269eff""]You can move the item or[br]increase durability.[/font][br][br][font size = ""10"" color=""f36a7c""]To increase durability you need[br]the same item in your inventory.[/font][br][br][font size = ""10"" color=""ffffff""]You want increase the durability?[/font]"
DST_COMMERCIAL_MB_CAPSULEKIT_ITEM_TERM_EXTENTION	2	2	lang0,taiwan	"taiwan:local_data.dat:[align = ""center""][font size = ""12"" color=""f4d762""]購買道具[/font][br][br][font size = ""10"" color=""269eff""]延長道具的使用期限或[br]購買道具。 color=""f36a7c""]從膠囊盒移動時[br]同種類的道具[br]的使用期限將會減少。 color=""ffffff""]請選擇要延長期限或購買。 | lang0:lang0.pak:[align = ""center""][font size = ""12"" color=""f4d762""]Buy Item[/font][br][br][font size = ""10"" color=""269eff""]You can buy the item or[br]increase durability.[/font][br][br][font size = ""10"" color=""f36a7c""]To increase durability you need[br]the same item in your inventory.[/font][br][br][font size = ""10"" color=""ffffff""]You want increase the durability?[/font]"
DST_COMMERCIAL_MB_CAPSULEKIT_ITEM_TERM_EXTENTION_BTN	2	2	lang0,taiwan	taiwan:local_data.dat:延長期限 | lang0:lang0.pak:Renewal
DST_COMMERCIAL_MB_CAPSULEKIT_MOVE_BTN	2	2	lang0,taiwan	taiwan:local_data.dat:道具移動 | lang0:lang0.pak:Move
DST_COMMERCIAL_MB_CAPSULEKIT_TERM_EXTENTION_BTN	2	2	lang0,taiwan	taiwan:local_data.dat:延長期限 | lang0:lang0.pak:Renewal
DST_COMMERCIAL_MB_DELETE_TERM_LIMETED_ITEM_BTN	2	2	lang0,taiwan	taiwan:local_data.dat:丟棄 | lang0:lang0.pak:Discard
DST_COMMERCIAL_MB_DELETE_TERM_LIMETED_ITEM_MSG	2	2	lang0,taiwan	"taiwan:local_data.dat:[align = ""center""][font size = ""12"" color=""f4d762""]丟棄道具[/font][br][br][font size = ""10"" 7=""道具[/font][br][br][font size = ""10""6=""""f3""c""c""f3)。 [/font][br][br][font size = ""10"" color=""f36a7c""]%s[br]已超過使用期限的道具。 [br]您不進行使用期間延長，確定要直接丟棄道具嗎？ color=""269eff""]可以選擇不丟棄道具，[br]進行使用期限的延長。 | lang0:lang0.pak:[align = ""center""][font size = ""12"" color=""f4d762""]Discard item[/font][br][br][font size = ""10"" color=""f36a7c""]%s[br]This item period expires.[br]Are you sure you want discard it,[br]without extending the period?[/font][br][br][font size = ""10"" color=""269eff""]Renewal is possible without discard.[/font][br][br][font size = ""10"" color=""ffffff""]Do you really want to discard?[/font]"
DST_COMMERCIAL_MB_DIRECT_BUY_MSG	2	2	lang0,taiwan	"taiwan:local_data.dat:[align = ""center""][font size = ""12"" color=""f4d762""]即時購買道具[/font][br][br][font size = ""10"" color=""269][br][br][font size = ""10"" color=""269]"" 3/font]"" ""10"" color=""f4d762""]只有有使用期限的道具[br]才可以即時購買。 color=""ffffff""]您確定要立刻購買嗎？ | lang0:lang0.pak:[align = ""center""][font size = ""12"" color=""f4d762""]Quick Buy item[/font][br][br][font size = ""10"" color=""269eff""]You can purchase the item right away.[/font][br][br][font size = ""10"" color=""f4d762""]If the same kind of item is already[br]in your inventory the durability got[br]renewed.[/font][br][br][font size = ""10"" color=""f36a7c""]Item: %s[br]Cost Zeni: %d[/font][br][br][font size = ""10"" color=""ffffff""]Do you want to buy it?[/font]"
DST_COMMERCIAL_MB_DIRECT_BUY_NETPY_MSG	2	2	lang0,taiwan	"taiwan:local_data.dat:[align = ""center""][font size = ""12"" color=""f4d762""]即時購買道具[/font][br][br][font size = ""10""]即時購買道具[/font][br][br][font size = ""10"""" color=""269][ ""10"" color=""f4d762""]使用期限的道具[br]才可以即時購買。 color=""ffffff""]您確定要立刻購買嗎？ | lang0:lang0.pak:[align = ""center""][font size = ""12"" color=""f4d762""]Quick Buy item[/font][br][br][font size = ""10"" color=""269eff""]You can purchase the item right away.[/font][br][br][font size = ""10"" color=""f4d762""]If the same kind of item is already[br]in your inventory the durability got[br]renewed.[/font][br][br][font size = ""10"" color=""f36a7c""]Item: %s[br]Cost Tokken: %d[/font][br][br][font size = ""10"" color=""ffffff""]Do you want to buy it?[/font]"
DST_COMMERCIAL_MB_ITEM_BUY_CONFIRM_MSG	2	2	lang0,taiwan	"taiwan:local_data.dat:[align = ""center""][font size = ""12"" color=""f4d762""]移動道具[/font][br][br][font size = ""10""""]移動道具[/font][br][br][font size = ""10"" color=""269""[b][ size = ""10"" color=""f36a7c""]從膠囊盒移動時，[br]相同種類道具[br]的使用期間將會減少。 color=""ffffff""]您確定要移動道具嗎？ | lang0:lang0.pak:[align = ""center""][font size = ""12"" color=""f4d762""]Mobile item[/font][br][br][font size = ""10"" color=""269eff""]The item will got in your inventory.[/font][br][br][font size = ""10"" color=""f36a7c""]If the same kind of item is already[br]in your inventory the durability got[br]renewed.[/font][br][br][font size = ""10"" color=""ffffff""]Are you sure to buy the item?[/font]"
DST_COMMERCIAL_MB_ITEM_BUY_MSG	2	2	lang0,taiwan	"taiwan:local_data.dat:[align = ""center""][font size = ""12"" color=""f4d762""]延長道具期限[/font][br][br][font size = ""10"" color=""269eff""][br][fontsize""[ ""10"" color=""f4d762""]此道具可延長使用期限。 [br]請購買使用時間或選擇取消。 color=""ffffff""]您確定要購買道具的使用期間嗎？ | lang0:lang0.pak:[align = ""center""]Do you want to buy this item?"
DST_COMMERCIAL_MB_ITEM_MOVE_CONFIRM_MSG	2	2	lang0,taiwan	"taiwan:local_data.dat:[align = ""center""][font size = ""12"" color=""f4d762""]移動道具的最終確認[/font][br][br][font size = ""10"" color=""269eff""]所選的道具將會移到膠囊盒。 color=""f36a7c""]移到膠囊盒時，[br]相同種類道具[br]的使用期限將會減少。 | lang0:lang0.pak:[align = ""center""][font size = ""12"" color=""f4d762""]Confirm Move[/font][br][br][font size = ""10"" color=""269eff""]The selected items will be moved to the inventory.[/font][br][br][font size = ""10"" color=""ffffff""]Move your items?[/font]"
DST_COMMERCIAL_MB_ITEM_TAKE_CONFIRM_MSG	2	2	lang0,taiwan	"taiwan:local_data.dat:[align = ""center""][font size = ""12"" color=""f4d762""]移動道具[/font][br][br][font size = ""10""""]移動道具[/font][br][br][font size = ""10"" color=""269""[ size = ""10"" color=""f4d762""]倉庫中所選擇的道具[br]將移入膠囊盒。 ""10"" color=""ffffff""]您確定要移動道具嗎？ | lang0:lang0.pak:[align = ""center""][font size = ""12"" color=""f4d762""]Moving items[/font][br][br][font size = ""10"" color=""269eff""]Move the selected item to the capsule kit.[/font][br][br][font size = ""10"" color=""f36a7c""]When moved into the capsule kit[br]and the same item already exists[br]the durability get increased.[/font][br][br][font size = ""10"" color=""ffffff""]Are you sure you want to move an item?[/font]"
DST_COMMERCIAL_MB_ITEM_TERM_EXTENTION_BTN	2	2	lang0,taiwan	taiwan:local_data.dat:延長期限 | lang0:lang0.pak:Renewal
DST_COMMERCIAL_MB_QUICK_TELEPORT_SLOT_DELETE	2	2	lang0,taiwan	"taiwan:local_data.dat:[align =""center""][font size=""12""color=""f4d762""]無線波波公告[/font][br][br][font size=""10""color=""ffffff幫助 | lang0:lang0.pak:[align = ""center""][font size=""12""color=""f4d762""]Teleport[/font][br][br][font size=""10""color=""ffffff""]Delete this Slot?[/font]"
DST_COMMERCIAL_MB_QUICK_TELEPORT_SLOT_MOVE	2	2	lang0,taiwan	"taiwan:local_data.dat:[align =""center""][font size=""12""color=""f4d762""]無線波波公告[/font][br][br][font size=""10""color=""ffff""][font. | lang0:lang0.pak:[align = ""center""][font size=""12""color=""f4d762""]Teleport[/font][br][br][font size=""10""color=""ffffff""]Teleport to saved location?[/font]"
DST_COMMERCIAL_MB_QUICK_TELEPORT_SLOT_OVERWRITE	2	2	lang0,taiwan	"taiwan:local_data.dat:[align =""center""][font size=""12""color=""f4d762""]無線波波公告[/font][br][br][font size=""10""color=""ffffff""]該欄位已有儲存情報。 | lang0:lang0.pak:[align = ""center""][font size=""12""color=""f4d762""]Teleport[/font][br][br][font size=""10""color=""ffffff""]Overwrite this Slot?[/font]"
DST_COMMERCIAL_MB_QUICK_TELEPORT_SLOT_WRITE	2	2	lang0,taiwan	"taiwan:local_data.dat:[align =""center""][font size=""12""color=""f4d762""]無線波波公告[/font][br][br][font size=""10""color=""ffff""][font size=""10""color=""ffff""][font size=""10""color=""ffff""][font size=""10""color=""ffff""][font size=""10""color=""ffff""][font size=""10""color=""ffff""][font size=""10""color=""ffff""][font size=""10""color=""ffff""][font size=""10""color=""ffff | lang0:lang0.pak:[align = ""center""][font size=""12""color=""f4d762""]Teleport[/font][br][br][font size=""10""color=""ffffff""]Save location to slot?[/font]"
DST_COMMERCIAL_MB_TERM_EXTENTION	2	2	lang0,taiwan	"taiwan:local_data.dat:[align = ""center""][font size = ""12"" color=""f4d762""]到期物品[/font][br][br][font size = ""10"" color=""269eff""][br][font/font]"" color=""f36a7c""]物品已到期，[br]相關功能已中止。 color=""ffffff""]您要延長(購買)物品的[br]使用期限嗎？ | lang0:lang0.pak:[align = ""center""][font size = ""12"" color=""f4d762""]Item Expiration[/font][br][br][font size = ""10"" color=""269eff""]The item's time limit has expired.[/font][/font][br][br][font size = ""10"" color=""ffffff""]Pay to extend it's use?[/font]"
DST_COMMERCIAL_MB_TERM_EXTENTION_BTN	2	2	lang0,taiwan	taiwan:local_data.dat:期間延長 | lang0:lang0.pak:Renewal
DST_COMMERCIAL_MB_TERM_OR_BUY_SELECT_CONFIRM_BTN	2	2	lang0,taiwan	taiwan:local_data.dat:延長期限 | lang0:lang0.pak:Renewal
DST_COMMERCIAL_MB_TERM_OR_BUY_SELECT_CONFIRM_MSG	2	2	lang0,taiwan	"taiwan:local_data.dat:[align = ""center""][font size = ""12"" color=""f4d762""""]延長道具期限[/font][br][br][font size = ""10""]延長道具期限[/font][br][br][font size = ""10"" color=""269eff""]您可以延長道具的使用期間。 color=""ffffff""]您確定要延長道具的使用期間嗎？ | lang0:lang0.pak:[align = ""center""][font size = ""12"" color=""f4d762""]Renew Item[/font][br][br][font size = ""10"" color=""ffffff""]Renew the item?[/font]"
DST_COMMERCIAL_MB_UPDATE_TERM_LIMETED_ITEM_BTN	2	2	lang0,taiwan	taiwan:local_data.dat:延長期限 | lang0:lang0.pak:Renew
DST_COMMERCIAL_MB_UPDATE_TERM_LIMETED_ITEM_MSG	2	2	lang0,taiwan	"taiwan:local_data.dat:[align = ""center""][font size = ""12"" color=""f4d762""]延長道具期限[/font][br][br][font size = ""10"""" color=""269eff""]您可以延長道具的使用期限。 color=""ffffff""]若購買道具的使用期限，[br]您將可以延長道具的使用期限。 | lang0:lang0.pak:[align = ""center""][font size = ""12"" color=""f4d762""]Renew Item[/font][br][br][font size = ""10"" color=""269eff""]You can extend the duration of the item.[/font][br][br][font size = ""10"" color=""f4d762""]Period of %s has expired.[br]It can be extended.[/font][br][br][font size = ""10"" color=""ffffff""]Purchase the extension now?[/font]"
DST_COMMERCIAL_MB_USE_TERM_LIMETED_ITEM_MSG	2	2	lang0,taiwan	"taiwan:local_data.dat:[align = ""center""][font size = ""12"" color=""f4d762""]延長道具使用期間[/font][br][br][font size = ""10"" color=""269eff""]您可以延長道具的使用期限。 color=""ffffff""]若購買道具的使用期限，[br]您將可以延長道具的使用期限。 | lang0:lang0.pak:[align = ""center""][font size = ""12"" color=""f4d762""]Renew Item[/font][br][br][font size = ""10"" color=""269eff""]You can extend the duration of the item.[/font][br][br][font size = ""10"" color=""f4d762""]Period of %s has expired.[br]It can be extended.[/font][br][br][font size = ""10"" color=""ffffff""]Purchase the extension now?[/font]"
DST_COMMERCIAL_NO_EXIST_TERM_LIMETED_ITEM	2	2	lang0,taiwan	taiwan:local_data.dat:沒有可延長使用期限的道具。 | lang0:lang0.pak:Can't extend
DST_COMMERCIAL_REFILL_CASH	2	2	lang0,taiwan	taiwan:local_data.dat:儲值現金 | lang0:lang0.pak:Charge
DST_COMMERCIAL_SKILL_POINT_RESET_MSG	2	2	lang0,taiwan	"taiwan:local_data.dat:[align = ""center""][font size = ""12"" color=""f4d762""]初始化技能點數(SP)[/font][br][br][font size = ""10"" color=""269eff""]您可以初始化先前所學習的全部技能。 %u[/font][br][font size = ""10"" color=""f4d762""]退還金額 : 120,000 Sony [/font][br][br][font size = ""10"" color=""f36a7c""]初始化之後，[br]你需要支付技能並重新學習技能。 ""10"" color=""f36a7c""]不需點數的技能將不會進行初始化。 | lang0:lang0.pak:[align = ""center""]SP Reset[br][br]All Skills will be Reset[br][br]Use Item: %s [br]SP Saved: %u[br]Refund: 120,000 Zeni [br][br]Learn skill[br]Refund Zeni for all that you relearn[br]No SP needed for Reset.[br][br]Reset SP[br]"
DST_COMMERCIAL_SKILL_POINT_RESET_PLUS_MSG	2	2	lang0,taiwan	"taiwan:local_data.dat:[align = ""center""][font size = ""12"" color=""f4d762""]初始化技能點數[/font][br][br][font size = ""10"" color=""269eff""]您可以初始化先前所學習的全部技能。 %u[/font][br][br][font size = ""10"" color=""f36a7c""]不需點數的技能將不會初始化。 [/font][br][br][font size = ""10"" color=""ffffff""] 您確定要初始化技能嗎 [/font][bro]""] 您確定要初始化技能嗎? | lang0:lang0.pak:[align = ""center""][font size = ""12"" color=""f4d762""]SP Reset[/font][br][br][font size = ""10"" color=""269eff""]All Skills will reset.[/font][br][br][font size = ""10"" color=""f36a7c""]Item used: %s[/font][br][font size = ""10"" color=""f4d762""]Saved SP: %u[/font][br][br][font size = ""10"" color=""f36a7c""]Skills without SP don't reset.[/font][br][br][font size = ""10"" color=""ffffff""]Reset Skills now?[font][br]"
DST_COMMERCIAL_TERM_LIMETED_ITEM_EXPIRE	2	2	lang0,taiwan	taiwan:local_data.dat:%s的使用期限已到期，已中止使用。 | lang0:lang0.pak:%s Expired and Use is Suspended
DST_COMMERCIAL_TERM_LIMITED_ITEM_WARNING_MSG	2	2	lang0,taiwan	taiwan:local_data.dat:%s 使用期間即將到期。 | lang0:lang0.pak:%s is about to expire.
DST_COMMERCIAL_TMQRECORD	2	2	lang0,taiwan	taiwan:local_data.dat:%s %s難易度的 %s %s達成最高紀錄。 | lang0:lang0.pak:New TMQ Record: %s TMQ %s mode %s by %s.
DST_COMMERCIAL_USE_CRESCENT_POPO	2	2	lang0,taiwan	taiwan:local_data.dat:使用波波碎片。 | lang0:lang0.pak:Popostone Used
DST_COMMERCIAL_USE_GUILD_NAME_CHANGE_ITEM	2	2	lang0,taiwan	taiwan:local_data.dat:使用流派名稱變更道具。 | lang0:lang0.pak:Guild Name Changed
DST_COMMERCIAL_USE_SKILL_POINT_RESET_ITEM	2	2	lang0,taiwan	taiwan:local_data.dat:已使用技能點數(SP)初始化道具。 | lang0:lang0.pak:Item used to reset SP
DST_COMMERCIAL_USE_TERM_BUY_DURATION	2	2	lang0,taiwan	taiwan:local_data.dat:期間延長 | lang0:lang0.pak:Renewal
DST_COMMERCIAL_USE_TERM_LIMETED_ITEM_ADD_TIME	2	2	lang0,taiwan	taiwan:local_data.dat:新增使用期限 | lang0:lang0.pak:Add Time
DST_COMMERCIAL_USE_TERM_LIMETED_ITEM_BUY_Q1	2	2	lang0,taiwan	taiwan:local_data.dat:您要延長道具的使用時間嗎? | lang0:lang0.pak:Extend Time?
DST_COMMERCIAL_USE_TERM_LIMETED_ITEM_CASH_BUY_WARN_DESC1	2	2	lang0,taiwan	taiwan:local_data.dat:可延長膠囊盒中保管的同類型道具使用期限。在右邊開啟的道具目錄視窗中選擇道具後，透過[延長期限]按鈕可延長所選道具使用期限。 | lang0:lang0.pak:This item can be Extended
DST_COMMERCIAL_USE_TERM_LIMETED_ITEM_CASH_EXTEND_Q	2	2	lang0,taiwan	taiwan:local_data.dat:您要延長道具的使用時間嗎? | lang0:lang0.pak:Extend the Item?
DST_COMMERCIAL_USE_TERM_LIMETED_ITEM_CONSUME_CASH	2	2	lang0,taiwan	taiwan:local_data.dat:購買CC Cash | lang0:lang0.pak:CC Cash cost
DST_COMMERCIAL_USE_TERM_LIMETED_ITEM_CONSUME_JENNY	2	2	lang0,taiwan	taiwan:local_data.dat:消耗索尼 | lang0:lang0.pak:Zeni Used
DST_COMMERCIAL_USE_TERM_LIMETED_ITEM_CONSUME_NETPHY	2	2	lang0,taiwan	taiwan:local_data.dat:消耗時間商城點數 | lang0:lang0.pak:Token used
DST_COMMERCIAL_USE_TERM_LIMETED_ITEM_EXTEND_Q	2	2	lang0,taiwan	taiwan:local_data.dat:您要延長道具的使用時間嗎? | lang0:lang0.pak:Extend Item?
DST_COMMERCIAL_USE_TERM_LIMETED_ITEM_INFO	2	2	lang0,taiwan	taiwan:local_data.dat:剩餘的使用時間 \n%s | lang0:lang0.pak:Remaining Time %s
DST_COMMERCIAL_USE_TERM_LIMETED_ITEM_INFO_BELOW_HOUR	2	2	lang0,taiwan	taiwan:local_data.dat:1小時以內 | lang0:lang0.pak:Less Than 1 Hour
DST_COMMERCIAL_USE_TERM_LIMETED_ITEM_OWNED_CASH	2	2	lang0,taiwan	taiwan:local_data.dat:持有CC Cash | lang0:lang0.pak:CC Cash owned
DST_COMMERCIAL_USE_TERM_LIMETED_ITEM_OWNED_JENNY	2	2	lang0,taiwan	taiwan:local_data.dat:持有Sony | lang0:lang0.pak:Zeni Owned
DST_COMMERCIAL_USE_TERM_LIMETED_ITEM_OWNED_NETPHY	2	2	lang0,taiwan	taiwan:local_data.dat:持有時間 | lang0:lang0.pak:Tokens owned
DST_COMMERCIAL_USE_TERM_LIMETED_ITEM_REMIAN_TIME	2	2	lang0,taiwan	taiwan:local_data.dat:剩餘使用時間 | lang0:lang0.pak:Remaining time
DST_COMMERCIAL_USE_TERM_LIMITED_ITEM_BUY_SELECT	2	2	lang0,taiwan	taiwan:local_data.dat:請在道具目錄中選擇想要延長的道具。 | lang0:lang0.pak:Choose Item
DST_COMMERCIAL_USE_TERM_LIMITED_ITEM_BUY_TITLE	2	2	lang0,taiwan	taiwan:local_data.dat:購買確認 | lang0:lang0.pak:Buy
DST_COMMERCIAL_USE_TERM_LIMITED_ITEM_DURATION	2	2	lang0,taiwan	taiwan:local_data.dat:使用期限 | lang0:lang0.pak:Duration
DST_COMMERCIAL_USE_TERM_LIMITED_ITEM_EXPIRED_INFO	2	2	lang0,taiwan	taiwan:local_data.dat:使用期間結束 | lang0:lang0.pak:Expired
DST_COMMERCIAL_USE_TERM_LIMITED_ITEM_TITLE	2	2	lang0,taiwan	taiwan:local_data.dat:使用期間延長 | lang0:lang0.pak:Renew
DST_COMMERCIAL_WAGU1ST	2	2	lang0,taiwan	taiwan:local_data.dat:%s got a %s from the Wagu Machine | lang0:lang0.pak:%s got a %s from the Wagu Machine
DST_COMMON_WAREHOUSE_ADD_DURATION	2	2	lang0,taiwan	taiwan:local_data.dat:共享倉庫時間已延長了 %d天 %d小時。 | lang0:lang0.pak:Share Guild Warehouse %dday %dhour extended
DST_COMMON_WAREHOUSE_EXPIRED	2	2	lang0,taiwan	taiwan:local_data.dat:共享倉庫使用期限已結束。 | lang0:lang0.pak:Guild Warehouse Expired
DST_COMMON_WAREHOUSE_REMAIN_TIME	2	2	lang0,taiwan	taiwan:local_data.dat:共享倉庫剩餘使用時間: | lang0:lang0.pak:Remaining:
DST_COMMUNITY_NAME	2	2	lang0,taiwan	taiwan:local_data.dat:社群 | lang0:lang0.pak:Guild
DST_COMMU_TARGET_FRIEND	2	2	lang0,taiwan	taiwan:local_data.dat:好友 | lang0:lang0.pak:Friends
DST_COMMU_TARGET_GUILD	2	2	lang0,taiwan	taiwan:local_data.dat:流派 | lang0:lang0.pak:Guild
DST_COMMU_TARGET_PARTY	2	2	lang0,taiwan	taiwan:local_data.dat:隊伍 | lang0:lang0.pak:Party
DST_CONFIRM_LEAVE_CCBD_TO_DOJO_SCRAMBLE	2	2	lang0,taiwan	taiwan:local_data.dat:進行移動的話，您將會自動退出隊伍，[br]將無法再度回到這個地方。[br]您真的要進行移動嗎？ | lang0:lang0.pak:You'll leave the dungeon and party
DST_CONFIRM_LEAVE_CCBD_TO_OTHER_ONE	2	2	lang0,taiwan	taiwan:local_data.dat:進行移動的話，您將會自動退出隊伍，[br]將無法再度回到這個地方。[br]您真的要進行移動嗎？ | lang0:lang0.pak:You'll leave the dungeon and party
DST_CONNECTSHOP_TITLE	2	2	lang0,taiwan	taiwan:local_data.dat:遙控商店 | lang0:lang0.pak:Remote Stores
DST_CONNECT_MAILBOX	2	2	lang0,taiwan	taiwan:local_data.dat:連接信箱 | lang0:lang0.pak:Mailbox Access
DST_CONTRACT_ACCEPT	2	2	lang0,taiwan	taiwan:local_data.dat:同意 | lang0:lang0.pak:Accept
DST_CONTRACT_NOT_ACCEPT	2	2	lang0,taiwan	taiwan:local_data.dat:不同意 | lang0:lang0.pak:Reject
DST_CONTRACT_PLEASE_READ	2	2	lang0,taiwan	"taiwan:local_data.dat:必須詳讀合約內容至最後一項後才會啟動""同意""鈕。 | lang0:lang0.pak:Accept"
DST_CONTRACT_TITLE	2	2	lang0,taiwan	taiwan:local_data.dat:DBO使用者條款 | lang0:lang0.pak:Game Policies
DST_CONTROL_HELPWND_TITLE	2	2	lang0,taiwan	taiwan:local_data.dat:操作方法 | lang0:lang0.pak:See Instruction
DST_COSTUME_SHOP_ITEMSWAP_BUY_CONFIRM	2	2	lang0,taiwan	"taiwan:local_data.dat:[align = ""center""][font size = ""12"" color = ""f4d762""]%s[/font][br][br][font size = ""10"" color = ""ffffff""] 購買道具時 [/font][font size = ""10"" color = ""f4d762""]%s x %d[/font][font size = ""10"" color = ""ffffff""]要支付.[br]真的要購買嗎?[/font][/align] | lang0:lang0.pak:[align = ""center""][font size = ""12"" color = ""f4d762""]%s[/font][br][br][font size = ""10"" color = ""ffffff""]You are going to buy [/font][font size = ""10"" color = ""f4d762""]%s x %d[/font][font size = ""10"" color = ""ffffff""]Are you sure about this?[/font][/align]"
DST_COSTUME_SHOP_NEED_MORE_COSTUME_COIN	2	2	lang0,taiwan	taiwan:local_data.dat:服裝碎片不足. | lang0:lang0.pak:Not enough COSTUME Coin
DST_COSTUME_SHOP_TITLE_NAME	2	2	lang0,taiwan	taiwan:local_data.dat:服裝商店 | lang0:lang0.pak:Custom Store
DST_CRANE_ROSHI	2	2	lang0,taiwan	taiwan:local_data.dat:鶴仙流 | lang0:lang0.pak:Crane Hermit
DST_DARK_WARRIOR	2	2	lang0,taiwan	taiwan:local_data.dat:魔界戰士 | lang0:lang0.pak:Dark Warrior
DST_DATA_LOADING	2	2	lang0,taiwan	taiwan:local_data.dat:正在讀取資料 | lang0:lang0.pak:Loading
DST_DAY	2	2	lang0,taiwan	taiwan:local_data.dat:日 | lang0:lang0.pak:Day
DST_DBC_ALREADY_USE_ALTAR	2	2	lang0,taiwan	taiwan:local_data.dat:有其他玩家正在使用神龍祭壇，請稍候。 | lang0:lang0.pak:The altar is in use.
DST_DBC_COLLECT_COMPLETE	2	2	lang0,taiwan	taiwan:local_data.dat:領取龍珠獎勵 | lang0:lang0.pak:Dragon Ball Rewards
DST_DBC_DRAGONBALL_NOT_FOUND	2	2	lang0,taiwan	taiwan:local_data.dat:膠囊盒裡沒有龍珠。 | lang0:lang0.pak:Dragon Ball not found.
DST_DBC_ITEM_BACK	2	2	lang0,taiwan	taiwan:local_data.dat:返回 | lang0:lang0.pak:Return
DST_DBC_ITEM_CONFIRM	2	2	lang0,taiwan	taiwan:local_data.dat:您要領取此獎勵道具嗎? | lang0:lang0.pak:Do you want this item?
DST_DBC_ITEM_OK	2	2	lang0,taiwan	taiwan:local_data.dat:確認 | lang0:lang0.pak:Ok
DST_DBC_KEYWORD	2	2	lang0,taiwan	taiwan:local_data.dat:咒語 | lang0:lang0.pak:Order
DST_DBC_NOT_DRAGONBALL	2	2	lang0,taiwan	taiwan:local_data.dat:神龍祭壇裡僅可放置龍珠。 | lang0:lang0.pak:Not a Dragon Ball
DST_DBC_NOT_ENOUGH	2	2	lang0,taiwan	taiwan:local_data.dat:龍珠數量不足。 | lang0:lang0.pak:Missing a Dragon Ball
DST_DBC_NOT_KEYWORD	2	2	lang0,taiwan	taiwan:local_data.dat:請輸入呼叫神龍的咒語。 | lang0:lang0.pak:Enter Text to Summon Shenron
DST_DBC_NOT_SAME	2	2	lang0,taiwan	taiwan:local_data.dat:龍珠種類不同，請確認道具情報。 | lang0:lang0.pak:Check Dragon Ball
DST_DBC_NOT_SAME_NUMBER	2	2	lang0,taiwan	taiwan:local_data.dat:神龍祭壇禮無法放置相同的龍珠。 | lang0:lang0.pak:Double Number
DST_DBC_NO_SEASON	2	2	lang0,taiwan	taiwan:local_data.dat:非龍珠蒐集龍珠活動進行期間。 | lang0:lang0.pak:Dragon Ball Collection Period isn't in progress
DST_DBC_REWARD_COMMENT	2	2	lang0,taiwan	taiwan:local_data.dat:龍珠蒐集完畢。可到神龍祭壇進行許願。 | lang0:lang0.pak:All Dragon Balls collected, make a wish.
DST_DBC_SCRAMBLE_CANNOT_REWARD_SEASON_IS_END	2	2	lang0,taiwan	taiwan:local_data.dat:領取獎勵的時間已經結束。雖然很可惜，下次請注意期限。 | lang0:lang0.pak:Scramble has Ended, Please wait for the next Event
DST_DBC_SEASON	2	2	lang0,taiwan	taiwan:local_data.dat:正在進行蒐集龍珠活動。 | lang0:lang0.pak:Dragon Ball Collection Period is in progress
DST_DBC_TIME_LIMIT	2	2	lang0,taiwan	taiwan:local_data.dat:限制時間 | lang0:lang0.pak:Limited Time
DST_DELETE	2	2	lang0,taiwan	taiwan:local_data.dat:刪除 | lang0:lang0.pak:Delete
DST_DELIBERATION_RANK_FIRST_ENTER_GAME_MESSAGE_WARING_1	2	2	lang0,taiwan	taiwan:local_data.dat:過度遊戲有礙健康，請適度休息。 | lang0:lang0.pak:Long term playtime may be harmful to your health.  You should take regular breaks.
DST_DELIBERATION_RANK_MESSAGE_0	2	2	lang0,taiwan	taiwan:local_data.dat:Since the start, %d time has elapsed. | lang0:lang0.pak:Since the start, %d time has elapsed.
DST_DELIBERATION_RANK_MESSAGE_1	2	2	lang0,taiwan	taiwan:local_data.dat:遊戲已經進行1小時，為了您的健康請稍作休息。 | lang0:lang0.pak:You have played for 1 Hour
DST_DELIBERATION_RANK_MESSAGE_2	2	2	lang0,taiwan	taiwan:local_data.dat:遊戲已經進行2小時，過度使用遊戲有礙健康。 | lang0:lang0.pak:You have played for 2 Hours
DST_DELIBERATION_RANK_MESSAGE_3	2	2	lang0,taiwan	taiwan:local_data.dat:遊戲已經進行3小時，為了您的健康請稍作休息。 | lang0:lang0.pak:You have played for 3 Hours
DST_DELIBERATION_RANK_MESSAGE_4	2	2	lang0,taiwan	taiwan:local_data.dat:遊戲已經進行4小時，過度使用遊戲有礙健康。 | lang0:lang0.pak:You have played for 4 Hours
DST_DELIBERATION_RANK_MESSAGE_5	2	2	lang0,taiwan	taiwan:local_data.dat:遊戲已經進行5小時，過度使用遊戲有礙健康。 | lang0:lang0.pak:You have played for 5 Hours
DST_DELIBERATION_RANK_MESSAGE_LASTMSG	2	2	lang0,taiwan	taiwan:local_data.dat:Excessive play can disturb their daily life. | lang0:lang0.pak:Excessive play can disturb their daily life.
DST_DELIBERATION_RANK_MESSAGE_WARING_1	2	2	lang0,taiwan	taiwan:local_data.dat:過度進行遊戲有礙健康，請稍作休息。 | lang0:lang0.pak:You should take a break
DST_DELIBERATION_RANK_TEXT_IN_LOGIN	2	2	lang0,taiwan	taiwan:local_data.dat:本遊戲需滿12歲才可使用，\n未滿12歲的使用者，\n請在監護人的監督下進行遊戲。 | lang0:lang0.pak:Your need to be at least 12 years old to play this game.
DST_DENDEN_HEALER	2	2	lang0,taiwan	taiwan:local_data.dat:天天導師 | lang0:lang0.pak:Dende Priest
DST_DIALOG_MODE_CHAT_RESIZING	2	2	lang0,taiwan	taiwan:local_data.dat:正在調整聊天視窗大小。 | lang0:lang0.pak:Chat Resize
DST_DIALOG_MODE_ITEM_IDENTIFICATION	2	2	lang0,taiwan	taiwan:local_data.dat:所選道具正在鑑定，請稍後。 | lang0:lang0.pak:Select Items
DST_DIALOG_MODE_ITEM_REPAIR	2	2	lang0,taiwan	taiwan:local_data.dat:請選擇要修理的道具。 | lang0:lang0.pak:Item(s) Repaired
DST_DIALOG_MODE_NARRATION	2	2	lang0,taiwan	taiwan:local_data.dat:正在播放旁白，請稍後。 | lang0:lang0.pak:Please Wait while I'm on the bot check
DST_DICE_BUDOKAI_MINOR_EXPLAIN	2	2	lang0,taiwan	taiwan:local_data.dat:骰子將自動擲骰。 | lang0:lang0.pak:The Dice will Roll
DST_DICE_EXPLAIN	2	2	lang0,taiwan	taiwan:local_data.dat:將會顯示1到99的數字。 | lang0:lang0.pak:1-99 will Show
DST_DICE_EXPLAIN2	2	2	lang0,taiwan	taiwan:local_data.dat:請點選骰子鈕。 | lang0:lang0.pak:Click on the Dice
DST_DICE_RESULT	2	2	lang0,taiwan	taiwan:local_data.dat:'%s' 擲骰子，出現了 %s 。 | lang0:lang0.pak:%s(dice) :%s
DST_DISABLE	2	2	lang0,taiwan	taiwan:local_data.dat:不可 | lang0:lang0.pak:Not
DST_DISASSEMBLE_ALREADY_DISASSEMBLING	2	2	lang0,taiwan	taiwan:local_data.dat:分解中無法進行其他行動。 | lang0:lang0.pak:Already decomposed
DST_DISASSEMBLE_ALREADY_REGIST_TARGET	2	2	lang0,taiwan	taiwan:local_data.dat:無法登入已分解道具。 | lang0:lang0.pak:Item already Registered
DST_DISASSEMBLE_CAN_NOT_FIND_TARGET	2	2	lang0,taiwan	taiwan:local_data.dat:需登入欲分解的道具。 | lang0:lang0.pak:Register to degrade target item
DST_DISASSEMBLE_CLOSE	2	2	lang0,taiwan	taiwan:local_data.dat:關閉 | lang0:lang0.pak:Close
DST_DISASSEMBLE_EXCUTE	2	2	lang0,taiwan	taiwan:local_data.dat:分解 | lang0:lang0.pak:Disassemble
DST_DISASSEMBLE_GET_MATERIAL	2	2	lang0,taiwan	taiwan:local_data.dat:取得材料 | lang0:lang0.pak:Get Materials
DST_DISASSEMBLE_GRADE_ALRAM	2	2	lang0,taiwan	"taiwan:local_data.dat:[align = ""center""][font size = ""12"" color=""f4d762""]分解道具[/font][br][br][br][font size = ""10"" color=""ffffff""][br][font size = ""10"" color=""ffffff""] 強化過的道具[ ""10"" color=""dd0010""]已分解的道具是無法還原的。 | lang0:lang0.pak:[align = ""center""][font size = ""12"" color=""f4d762""]Disassemble items[/font][br][br][font size = ""10"" color=""ffffff""]Are you sure you want to disassemble[br]the enhanced item?[/font][br][br][font size = ""10"" color=""dd0010""]It can't be recovered.[br][br][/font]"
DST_DISASSEMBLE_MATERIAL_LEVEL	2	2	lang0,taiwan	taiwan:local_data.dat:等級 | lang0:lang0.pak:Level
DST_DISASSEMBLE_MATERIAL_MAX_CLASS	2	2	lang0,taiwan	taiwan:local_data.dat:最大等級 | lang0:lang0.pak:Max rating
DST_DISASSEMBLE_MATERIAL_MAX_CLASS_RATE	2	2	lang0,taiwan	taiwan:local_data.dat:最大等級獲得機率 : %.2f%% | lang0:lang0.pak:Chances of obtaining the maximum rating:%.2f%%
DST_DISASSEMBLE_MATERIAL_TYPE	2	2	lang0,taiwan	taiwan:local_data.dat:種類 | lang0:lang0.pak:Kind
DST_DISASSEMBLE_MATERIAL_TYPE_ETC	2	2	lang0,taiwan	taiwan:local_data.dat:其他 | lang0:lang0.pak:Other
DST_DISASSEMBLE_MATERIAL_TYPE_FABRIC	2	2	lang0,taiwan	taiwan:local_data.dat:布 | lang0:lang0.pak:Fabric
DST_DISASSEMBLE_MATERIAL_TYPE_METAL	2	2	lang0,taiwan	taiwan:local_data.dat:金 | lang0:lang0.pak:Metal
DST_DISASSEMBLE_MATERIAL_TYPE_SKIN	2	2	lang0,taiwan	taiwan:local_data.dat:皮 | lang0:lang0.pak:Skin
DST_DISASSEMBLE_MATERIAL_TYPE_STONE	2	2	lang0,taiwan	taiwan:local_data.dat:石 | lang0:lang0.pak:Stone
DST_DISASSEMBLE_MATERIAL_TYPE_WOOD	2	2	lang0,taiwan	taiwan:local_data.dat:木 | lang0:lang0.pak:Wood
DST_DISASSEMBLE_NEGATIVE	2	2	lang0,taiwan	taiwan:local_data.dat:無法變化 | lang0:lang0.pak:Not Converted
DST_DISASSEMBLE_ONLY_EQUIP_ITEM	2	2	lang0,taiwan	taiwan:local_data.dat:僅可分解裝備道具。 | lang0:lang0.pak:Can't be disassembled
DST_DISASSEMBLE_SUCCESS	2	2	lang0,taiwan	taiwan:local_data.dat:成功分解物質。 | lang0:lang0.pak:Disassemble succeed.
DST_DISASSEMBLE_TARGET	2	2	lang0,taiwan	taiwan:local_data.dat:分解物件 | lang0:lang0.pak:Target disassemble
DST_DISASSEMBLE_TITLE	2	2	lang0,taiwan	taiwan:local_data.dat:物質分解 | lang0:lang0.pak:Material Degradation
DST_DISCARD_BTN	2	2	lang0,taiwan	taiwan:local_data.dat:垃圾桶 | lang0:lang0.pak:Trash
DST_DOGI_ASK_APPLY_CHANGE	2	2	lang0,taiwan	"taiwan:local_data.dat:[align =""center""][font size=""12""color=""f4d762""]流派道服染色[/font][br][br][font size=""10""color=""ffffffff""][br][br][font size=""10""color=""ffffffff""][/font][br][font size=""10""color=""ffffff""]您要結束流派道服染色嗎?[/font] | lang0:lang0.pak:[align =""center""][font size=""12""color=""f4d762""]Uniform dyeing[/font][br][br][font size=""10""color=""ffffff""]Would you like to end uniform staining?[/font]"
DST_DOGI_CHANGED	2	2	lang0,taiwan	taiwan:local_data.dat:道服顏色已變更。 | lang0:lang0.pak:The color has changed.
DST_DOGI_COLOR	2	2	lang0,taiwan	taiwan:local_data.dat:道服顏色 | lang0:lang0.pak:Color
DST_DOGI_EXPAIN_DYE	2	2	lang0,taiwan	taiwan:local_data.dat:未著道服時無法預覽染色的上衣 | lang0:lang0.pak:Can't show a preview
DST_DOGI_MUST_REGI_DOGI_SLOT	2	2	lang0,taiwan	taiwan:local_data.dat:請將染劑登入欄位裡。 | lang0:lang0.pak:Register the dye.
DST_DOGI_ONLY_REGISTER_DYE_ITEM	2	2	lang0,taiwan	taiwan:local_data.dat:僅可登入染劑道具。 | lang0:lang0.pak:Only registered dye items.
DST_DOGI_PREVIEW	2	2	lang0,taiwan	taiwan:local_data.dat:道服預覽 | lang0:lang0.pak:Preview
DST_DOGI_SETUP	2	2	lang0,taiwan	taiwan:local_data.dat:道服染色 | lang0:lang0.pak:Dyeing
DST_DOGI_YOU_MUST_GET_DOGI_CHANGE_FUNCTION	2	2	lang0,taiwan	taiwan:local_data.dat:請先確認是否有流派道服變更權限。 | lang0:lang0.pak:Make sure that you've permission.
DST_DOGI_YOU_MUST_GET_DOGI_FUNCTION	2	2	lang0,taiwan	taiwan:local_data.dat:請先確認是否有流派道服染色權限。 | lang0:lang0.pak:Make sure that you've permission.
DST_DOGI_YOU_MUST_GET_DOJO_DOGI_CHANGE_FUNCTION	2	2	lang0,taiwan	taiwan:local_data.dat:請先確認是否有道服變更權限。 | lang0:lang0.pak:Make sure that you've permission.
DST_DOGI_YOU_MUST_GET_DOJO_DOGI_FUNCTION	2	2	lang0,taiwan	taiwan:local_data.dat:請先確認是否有製作道服的權限。 | lang0:lang0.pak:Make sure that you've permission.
DST_DOJO	2	2	lang0,taiwan	taiwan:local_data.dat:Dojo | lang0:lang0.pak:Dojo
DST_DOJO_ACCEPTED_SCRAMBLE	2	2	lang0,taiwan	taiwan:local_data.dat:接受道場爭奪戰申請。 | lang0:lang0.pak:Dojo Scramble Accept
DST_DOJO_ACCOUNT_AMOUNT	2	2	lang0,taiwan	taiwan:local_data.dat:金額 | lang0:lang0.pak:Total
DST_DOJO_ACCOUNT_BALANCE	2	2	lang0,taiwan	taiwan:local_data.dat:餘額 | lang0:lang0.pak:Balance
DST_DOJO_ACCOUNT_EXPENDITURE	2	2	lang0,taiwan	taiwan:local_data.dat:使用明細 | lang0:lang0.pak:Usage
DST_DOJO_ACCOUNT_ITEM	2	2	lang0,taiwan	taiwan:local_data.dat:內容 | lang0:lang0.pak:For
DST_DOJO_ACCOUNT_TYPE_BATTLE_INCOME	2	2	lang0,taiwan	taiwan:local_data.dat:報名退款 | lang0:lang0.pak:Battle Deposit
DST_DOJO_ACCOUNT_TYPE_BATTLE_OUTCOME	2	2	lang0,taiwan	taiwan:local_data.dat:賠償領錢 | lang0:lang0.pak:Battle Withdraw
DST_DOJO_ACCOUNT_TYPE_LEADER_INCOME	2	2	lang0,taiwan	taiwan:local_data.dat:師範存錢 | lang0:lang0.pak:Deposit
DST_DOJO_ACCOUNT_TYPE_LEADER_OUTCOME	2	2	lang0,taiwan	taiwan:local_data.dat:師範領錢 | lang0:lang0.pak:Withdraw
DST_DOJO_ACCOUNT_TYPE_VILLAGE_INCOME	2	2	lang0,taiwan	taiwan:local_data.dat:捐限金額領出 | lang0:lang0.pak:Donate
DST_DOJO_ACCOUNT_WAREHOUSE	2	2	lang0,taiwan	taiwan:local_data.dat:道場倉庫使用明細 | lang0:lang0.pak:Guild Bank
DST_DOJO_ADD_FUNCTION	2	2	lang0,taiwan	"taiwan:local_data.dat:[align = ""center""][font size = ""12"" color=""f4d762""]%s[/font][br][br][font size = ""10"" color=""269eff""][br][font size = ""10"" color=""269""][brize""[br][br][font size = ""10"" color=""2699""][ brize""][brize][br][br]/brizes =[brize""] 新增項目。 ""10"" color=""ffffff""]新增功能時，需要下列條件。 color=""ffffff""]您要新增功能嗎？ | lang0:lang0.pak:[align = ""center""][font size = ""12"" color=""f4d762""]%s[/font][br][br][font size = ""10"" color=""269eff""]Get more benefits from more features.[/font][br][br][font size = ""10"" color=""ffffff""]Requirements:[/font][br][br][font size = ""10"" color=""f36a7c""]Points needed: %d [br]Zeni: %s[/font][br][br][font size = ""10"" color=""ffffff""]Add Feature?[/font]"
DST_DOJO_ADD_FUNCTION_NOTIFY_TO_MASTER	2	2	lang0,taiwan	"taiwan:local_data.dat:[align = ""center""][font size = ""12"" color=""f4d762""]變更道場功能[/font][br][br][font size = ""10""effcolor=""10""eff=""2 ""10"" color=""ffffff""]道場功能已變更。 | lang0:lang0.pak:[align = ""center""][font size = ""12"" color=""f4d762""]Change[/font][br][br][font size = ""10"" color=""269eff""]Successful![/font][br][br]font size = ""10"" color=""ffffff""]Changes:[/font][br][br][font size = ""10"" color=""f4d762""]Feature: %s[/font]"
DST_DOJO_ADD_FUNCTION_NOTIFY_TO_MEMBER	2	2	lang0,taiwan	taiwan:local_data.dat:道場功能已變更。 | lang0:lang0.pak:Dojo Feature Changed.
DST_DOJO_ADD_TENKAI_SEED	2	2	lang0,taiwan	"taiwan:local_data.dat:[align = ""center""][font size = ""12"" color=""f4d762""]天下第一武道會種子選手設定[/font][br][br][font size = ""10"""" color=""269eff""]指定天下第一武道大會種子選手名單。 color=""f36a7c""]請輸入[br]天下第一武道大會當天能夠參賽的[/font][br][br][font size = ""10"" color=""ffffff""]種子選手[br]名稱[/font] | lang0:lang0.pak:[align = ""center""][font size = ""12"" color=""f4d762""]Tournament Players[/font][br][br][font size = ""10"" color=""269eff""]Players who prove to be the best.[br]Will go to the 32 qualification spots[br]Fight to Qualify.[/font][br][br][font size = ""10"" color=""ffffff""]All players[br]Check the following:[/font][br][br][font size = ""10"" color=""f36a7c""]This is the best Tournament[br]in the world.[/font][br][br][font size = ""10"" color=""ffffff""]So you better make sure[br]You're here![/font]"
DST_DOJO_ASK_ESTABLISHMENT	2	2	lang0,taiwan	"taiwan:local_data.dat:[align = ""center""][font size = ""12"" color=""f4d762""]設立道場[/font][br][br][font size = ""10"" color=""269eff""]設立守護村莊的道場。 color=""ffffff""]設立道場必須符合下列條件。 | lang0:lang0.pak:[align = ""center""][font size = ""12"" color=""f4d762""]Dojo Creation[/font][br][br][font size = ""10"" color=""269eff""]Dojo Creation[br]The members in the Dojo[br]are responsible to[br]keep the Dojo safe.[br][br]When the Dojo is made[br]you get special content and benefits.[/font][br][br][font size = ""10"" color=""ffffff""]To get a Dojo:[/font][br][br][font size = ""10"" color=""f36a7c""]Dojo Ownership[br](buy with points)[/font][br][br][font size = ""10"" color=""ffffff""]Buy a Dojo?[/font]"
DST_DOJO_ASK_SCRAMBLE	2	2	lang0,taiwan	taiwan:local_data.dat:道場爭奪戰申請完畢。 | lang0:lang0.pak:Dojo Scramble
DST_DOJO_ASK_UPGRAGE_WITH_ZENNY	2	2	lang0,taiwan	"taiwan:local_data.dat:[align = ""center""][font size = ""12"" color=""f4d762""]升級道場[/font][br][br][font size = ""10"" color=""269eff""]道場升級。 %s Sony[/font][br][br][font size = ""10"" color=""ffffff""]您要升級道場嗎？ | lang0:lang0.pak:[align = ""center""][font size = ""12"" color=""f4d762""]Dojo Upgrade[/font][br][br][font size = ""10"" color=""269eff""]Upgrade Dojo[br]If management upgrade[br]You can add special features[/font][br][br][font size = ""10"" color=""ffffff""]Click ok to pay[/font][br][br]font size = ""10"" color=""f36a7c""]Zeni: %s[/font][br][br][font size = ""10"" color=""ffffff""]Upgrade Dojo?[/font]"
DST_DOJO_ASK_UPGRAGE_WITH_ZENNY_AND_HOIPOI	2	2	lang0,taiwan	"taiwan:local_data.dat:[align = ""center""][font size = ""12"" color=""f4d762""]升級道場[/font][br][br][font size = ""10"" color=""269eff""]道場升級。 %s 索尼減少[br]所需道具 : 膠囊磚 %d 個[/font][br][br][font size = ""10"" color=""ffffff""]您要進行道場升級嗎？ [/font] | lang0:lang0.pak:[align = ""center""][font size = ""12"" color=""f4d762""]Dojo Upgrade[/font][br][br][font size = ""10"" color=""269eff""]Upgrade Dojo[br]If management upgrade[br]You can add special features.[/font][br][br][font size = ""10"" color=""ffffff""]Click ok to use the item.[/font][br][br][font size = ""10"" color=""f36a7c""]Zeni: %s [br]Items : HoiPoi %d [/font][br][br][font size = ""10"" color=""ffffff""]Upgrade Dojo?[/font]"
DST_DOJO_BATTLE_APPLICATION_FOR_BATTLE	2	2	lang0,taiwan	taiwan:local_data.dat:申請 | lang0:lang0.pak:Apply
DST_DOJO_BATTLE_DUEL_DEFFENCE_PLAYER	2	2	lang0,taiwan	taiwan:local_data.dat:比武選手-守方 | lang0:lang0.pak:Def
DST_DOJO_BATTLE_DULE_OFFENCE_PLAYER	2	2	lang0,taiwan	taiwan:local_data.dat:比武挑戰流派 | lang0:lang0.pak:Duel
DST_DOJO_BATTLE_SCRAMBLE_OFFENCE_PLAYER	2	2	lang0,taiwan	taiwan:local_data.dat:爭奪戰挑戰流派 | lang0:lang0.pak:Scramble
DST_DOJO_CAN_NOT_UPGRADE_BECAUSE_MAX_LEVEL	2	2	lang0,taiwan	taiwan:local_data.dat:道場等級已上升至最高等級。 | lang0:lang0.pak:Max Level
DST_DOJO_CAN_NOT_UPGRADE_BECAUSE_NEED_ITEM	2	2	lang0,taiwan	taiwan:local_data.dat:請登入道場升級所需膠囊磚。 | lang0:lang0.pak:Need Item
DST_DOJO_CAN_NOT_UPGRADE_BECAUSE_NEED_MORE_ITEM	2	2	lang0,taiwan	taiwan:local_data.dat:道場升級所需膠囊磚不足。 | lang0:lang0.pak:Need More Items
DST_DOJO_HAVE_NOT_DOJO	2	2	lang0,taiwan	taiwan:local_data.dat:無持有的道場。 | lang0:lang0.pak:No Dojo
DST_DOJO_INFO	2	2	lang0,taiwan	taiwan:local_data.dat:道場情報 | lang0:lang0.pak:Dojo Info
DST_DOJO_INFO_BATTLE	2	2	lang0,taiwan	taiwan:local_data.dat:戰鬥 | lang0:lang0.pak:Battle
DST_DOJO_INFO_CITY_NAME	2	2	lang0,taiwan	taiwan:local_data.dat:村落名稱 | lang0:lang0.pak:City name
DST_DOJO_INFO_DOJO_INFO	2	2	lang0,taiwan	taiwan:local_data.dat:道場情報 | lang0:lang0.pak:Dojo Info
DST_DOJO_INFO_DOJO_LEVEL	2	2	lang0,taiwan	taiwan:local_data.dat:道場等級 | lang0:lang0.pak:Dojo Lv.
DST_DOJO_INFO_DOJO_NAME	2	2	lang0,taiwan	taiwan:local_data.dat:道場姓名 | lang0:lang0.pak:Dojo Name
DST_DOJO_INFO_GUILD_NAME	2	2	lang0,taiwan	taiwan:local_data.dat:類型名稱 | lang0:lang0.pak:Guild Name
DST_DOJO_INFO_GUILD_NOTICE	2	2	lang0,taiwan	taiwan:local_data.dat:道場公告 | lang0:lang0.pak:Guild Note
DST_DOJO_INFO_GUILD_POINT	2	2	lang0,taiwan	taiwan:local_data.dat:流派點數 | lang0:lang0.pak:Guild Point
DST_DOJO_INFO_INFO	2	2	lang0,taiwan	taiwan:local_data.dat:情報 | lang0:lang0.pak:Info
DST_DOJO_INFO_NOTICE_INPUT	2	2	lang0,taiwan	taiwan:local_data.dat:道場公告輸入 | lang0:lang0.pak:Note in
DST_DOJO_INFO_PUBLIC_SECURITY	2	2	lang0,taiwan	taiwan:local_data.dat:村落治安 | lang0:lang0.pak:Status
DST_DOJO_INFO_SET_TENKAI_SEED_PLAYER	2	2	lang0,taiwan	taiwan:local_data.dat:天下第一武道會種子選手指定 | lang0:lang0.pak:Seed Exhibitors
DST_DOJO_INFO_TENKAI_SEED_PLAYER	2	2	lang0,taiwan	taiwan:local_data.dat:武道會選手 | lang0:lang0.pak:Exhibitors
DST_DOJO_LOST_DOJO	2	2	lang0,taiwan	taiwan:local_data.dat:%s 派別被奪走了 %s 道場的所有權。 | lang0:lang0.pak:%s Guild %s took ownership of the Dojo.
DST_DOJO_LOST_DOJO_COLOR	2	2	lang0,taiwan	taiwan:local_data.dat:失去道場所有權時道服顏色也會初始化。 | lang0:lang0.pak:Uniform color reset.
DST_DOJO_NAME	2	2	lang0,taiwan	taiwan:local_data.dat:道場姓名 | lang0:lang0.pak:Name
DST_DOJO_NEED_GUILD_POINT	2	2	lang0,taiwan	taiwan:local_data.dat:需要流派點數 | lang0:lang0.pak:Need Points
DST_DOJO_NEED_ITEM	2	2	lang0,taiwan	taiwan:local_data.dat:需要道具 | lang0:lang0.pak:Need Item
DST_DOJO_NEED_ZENNY	2	2	lang0,taiwan	taiwan:local_data.dat:需要Sony | lang0:lang0.pak:Need Zeni
DST_DOJO_ONLY_REGISTER_ITEM	2	2	lang0,taiwan	taiwan:local_data.dat:僅可登入膠囊磚。 | lang0:lang0.pak:Can't register.
DST_DOJO_ONLY_REGI_BAG_ZENNY	2	2	lang0,taiwan	taiwan:local_data.dat:背包僅可登入索尼。 | lang0:lang0.pak:Only for Zeni.
DST_DOJO_PEACE_STATE_COMMON	2	2	lang0,taiwan	taiwan:local_data.dat:普通 | lang0:lang0.pak:Normal
DST_DOJO_PEACE_STATE_FEAR	2	2	lang0,taiwan	taiwan:local_data.dat:不安 | lang0:lang0.pak:Fear
DST_DOJO_PEACE_STATE_FESTIVAL	2	2	lang0,taiwan	taiwan:local_data.dat:慶祝 | lang0:lang0.pak:Festive
DST_DOJO_PEACE_STATE_PANIC	2	2	lang0,taiwan	taiwan:local_data.dat:驚恐 | lang0:lang0.pak:Panic
DST_DOJO_PEACE_STATE_QUIET	2	2	lang0,taiwan	taiwan:local_data.dat:穩定 | lang0:lang0.pak:Quiet
DST_DOJO_REJECT_SCRAMBLE	2	2	lang0,taiwan	taiwan:local_data.dat:對手拒絕接受道場爭奪戰申請。 | lang0:lang0.pak:Dojo Scramble Reject
DST_DOJO_REWARD_GUILD_REPUTATION	2	2	lang0,taiwan	taiwan:local_data.dat:由於您贏了道場爭奪戰，獲得了%d的流派點數 %u點。 | lang0:lang0.pak:Victory %d Guild has %u Points earned
DST_DOJO_REWARD_ITEM	2	2	lang0,taiwan	taiwan:local_data.dat:由於您贏了道場爭奪戰，獲得了 %s 道具 %d個。 | lang0:lang0.pak:Victory: %s Items %d earned
DST_DOJO_REWARD_NPC_NARRATION	2	2	lang0,taiwan	"taiwan:local_data.dat:[font size = ""13"" color = ""000000""]您辛苦了，您在道場爭奪戰中勝出了呢！獎勵道具已經傳送至流派倉庫中了。 | lang0:lang0.pak:[font size = ""13"" color = ""000000""]If you win items, I will put them in the guild bank!"
DST_DOJO_RUN_UPGRADE	2	2	lang0,taiwan	taiwan:local_data.dat:補強 | lang0:lang0.pak:Upgrade
DST_DOJO_SCRAMBLE	2	2	lang0,taiwan	taiwan:local_data.dat:道場爭奪戰 | lang0:lang0.pak:Dojo Scramble
DST_DOJO_SCRAMBLE_ACCEPT_CHALLENGE	2	2	lang0,taiwan	"taiwan:local_data.dat:[align = ""center""][font size = ""12"" color=""f4d762""]接受爭奪戰邀請[/font][br][br][font size = ""10"" color=""269eff""]您已經收到了%s流派的挑戰狀。 color=""ffffff""]拒絕爭奪戰的話，將會支付下列賠償金額。 | lang0:lang0.pak:[align = ""center""][font size = ""12"" color=""f4d762""]Scramble Request[/font][br][br][font size = ""10"" color=""269eff""]%s Challenge from Dojo[br][br]Accept the challenge to prove your worth[br]Fight for the Dojo's fate[br]If you Reject[br]You can't win any Zeni.[/font][br][br][font size = ""10"" color=""ffffff""]Required[/font][br][br][font size = ""10"" color=""f36a7c""]Zeni: %s[/font][br][br][font size = ""10"" color=""ffffff""]Accept Challenge?[/font]"
DST_DOJO_SCRAMBLE_ACCEPT_CHALLENGE_CANCEL_BTN	2	2	lang0,taiwan	taiwan:local_data.dat:拒絕 | lang0:lang0.pak:Cancel
DST_DOJO_SCRAMBLE_ACCEPT_CHALLENGE_OK_BTN	2	2	lang0,taiwan	taiwan:local_data.dat:接受 | lang0:lang0.pak:Ok
DST_DOJO_SCRAMBLE_ASK_CHALLENGE	2	2	lang0,taiwan	"taiwan:local_data.dat:[align = ""center""][font size = ""12"" color=""f4d762""]道場爭奪戰申請[/font][br][br][font size = ""10"" color=""269eff""]您已向擁有此道場的流派最高師父[br]發送了挑戰狀。 [br]發送挑戰狀時，將要支付設立道場的等比金額，[br]但若挑戰未成立時，[br]挑戰費將會歸還給您，[br]所以請盡情的進行挑戰！ size = ""10"" color=""ffffff""]發送挑戰狀時，將要支付下列金額。 color=""ffffff""]您要送出挑戰狀嗎？ | lang0:lang0.pak:[align = ""center""][font size = ""12"" color=""f4d762""]Dojo Scramble[/font][br][br][font size = ""10"" color=""269eff""]Dojo Players[br]will send a challenge.[br]When the challenge is accepted[br]you'll have to fight.[br][br]When you send a challenge[br]You must win[br]Or be ready to laughed at[br]Know your enemy![/font][br][br][font size = ""10"" color=""ffffff""]Matches for Zeni[br](Match might be rejected.)[/font][br][br][font size = ""10"" color=""f36a7c""]Zeni: %s[/font][br][br][font size = ""10"" color=""ffffff""]Send Challenge?[/font]"
DST_DOJO_SCRAMBLE_ASK_CHALLENGE_OK_BTN	2	2	lang0,taiwan	taiwan:local_data.dat:申請 | lang0:lang0.pak:Ok
DST_DOJO_SCRAMBLE_ASK_TELEPORT	2	2	lang0,taiwan	"taiwan:local_data.dat:[align = ""center""][font size = ""12"" color=""f4d762""]參加道場爭奪戰[/font][br][br][font size = ""10"" color=""269eff""]移動前往正在進行爭奪戰的道場。 ""10"" color=""f4d762""]勝利條件: 獲得爭奪點數500點[br][br]獲得點數的方法 1[br][font size = ""10"" color=""ffffffff""]獲得道場印章 +2點[br][br][font 62][font 62"" 2[br][font size = ""10"" color=""ffffff""] 印章點數每300點 +8點[br][br][font size = ""10"" color=""f4d762""]獲得印章點數[br][font size = ""10"" color=""ffff""持有1個印章時，每1秒可獲得兩點[/font][br][br][font size = ""10"" color=""f36a7c""] 無法在道場爭奪戰中進行組隊[br][br][font size = ""10"" color=""ffffff""]您要瞬間移動嗎？ | lang0:lang0.pak:[align = ""center""][font size = ""12"" color=""f4d762""]Join Dojo Scramble[/font][br][br][font size = ""10"" color=""269eff""]It's time to fight[br]Go to the ring[br]Tension Control check.[br]Tension control used.[/font][br][br][font size = ""10"" color=""ffffff""]Fight rules:[/font][br][br][font size = ""10"" color=""f4d762""]Win : get up to 500 points[br][br]1 Learn how to fight[/font][br][font size = ""10"" color=""ffffff""]+2 points if dojo imprint acquisition[/font][br][br][font size = ""10"" color=""f4d762""]2 points to go[/font][br][font size = ""10"" color=""ffffff""]Tension Points 300 bet +8[/font][br][br][font size = ""10"" color=""f4d762""]Tension points[/font][br][font size = ""10"" color=""ffffff""]1 or 2 Tension Points[/font][br][br][font size = ""10"" color=""f36a7c""]Can't create a party in a fight[/font][br][br][font size = ""10"" color=""ffffff""]Go to the fight?[/font]"
DST_DOJO_SCRAMBLE_ASK_TELEPORT_OK_BTN	2	2	lang0,taiwan	taiwan:local_data.dat:移動 | lang0:lang0.pak:Ok
DST_DOJO_SCRAMBLE_CHANGE_SEAL_OWNER	2	2	lang0,taiwan	taiwan:local_data.dat:%s 獲得了 %s。 | lang0:lang0.pak:%s captured %s!
DST_DOJO_SCRAMBLE_ENTER	2	2	lang0,taiwan	taiwan:local_data.dat:入場 | lang0:lang0.pak:Enter
DST_DOJO_SCRAMBLE_GUILD_MEMBER_COUNT	2	2	lang0,taiwan	taiwan:local_data.dat:流派人員 | lang0:lang0.pak:Members
DST_DOJO_SCRAMBLE_NO_OWNER_SEAL	2	2	lang0,taiwan	taiwan:local_data.dat:無所屬流派 | lang0:lang0.pak:No Logo
DST_DOJO_SCRAMBLE_OTHER_GUILD_SEAL	2	2	lang0,taiwan	taiwan:local_data.dat:對方流派持有 | lang0:lang0.pak:Other Logo
DST_DOJO_SCRAMBLE_OUR_GUILD_SEAL	2	2	lang0,taiwan	taiwan:local_data.dat:我方流派持有 | lang0:lang0.pak:Our Logo
DST_DOJO_SCRAMBLE_OWNER_SEAL_COUNT	2	2	lang0,taiwan	taiwan:local_data.dat:獲得印章個數 | lang0:lang0.pak:Logo
DST_DOJO_SCRAMBLE_REWARD_ITEM	2	2	lang0,taiwan	taiwan:local_data.dat:取得道具 | lang0:lang0.pak:Items
DST_DOJO_SCRAMBLE_REWARD_REPUTATION	2	2	lang0,taiwan	taiwan:local_data.dat:取得流派點數 | lang0:lang0.pak:Points
DST_DOJO_SCRAMBLE_RULE	2	2	lang0,taiwan	"taiwan:local_data.dat:[font size=""11""color=""FFFF33""]1、佔領師範室、年功室、補給室、接見室、比武台的5個印章獲得500點爭奪點數![br][br]2、一小時的爭奪戰期間取得比對方流派還多的爭奪點數！[br][br]3、爭奪定時數，勝定時將獲得相同守點數。 | lang0:lang0.pak:[font size=""11""color=""FFFF33""]1. 5 to 500 points to start![br][br]2. 1 hour to beat the best score![br][br]3. But, whoever survives wins!"
DST_DOJO_SCRAMBLE_RULE_TITLE	2	2	lang0,taiwan	taiwan:local_data.dat:取得爭奪戰勝利的兩種方法 | lang0:lang0.pak:Fight to win
DST_DOJO_SCRAMBLE_STATE_END	2	2	lang0,taiwan	taiwan:local_data.dat:道場爭奪戰結束。 | lang0:lang0.pak:Fight End!
DST_DOJO_SCRAMBLE_STATE_INITIAL	2	2	lang0,taiwan	taiwan:local_data.dat:正在進行道場爭奪戰道場的準備工作。 | lang0:lang0.pak:Prepare to fight
DST_DOJO_SCRAMBLE_STATE_NORMAL	2	2	lang0,taiwan	taiwan:local_data.dat:今天 %d點 %d分開始，將會進行道場爭奪戰。 | lang0:lang0.pak:Today %dh %dmin Dojo Scramble
DST_DOJO_SCRAMBLE_STATE_NORMAL2	2	2	lang0,taiwan	taiwan:local_data.dat:今天 %d點將會進行道場爭奪戰。 | lang0:lang0.pak:Today %d point for Dojo Scramble
DST_DOJO_SCRAMBLE_STATE_READY	2	2	lang0,taiwan	taiwan:local_data.dat:道場爭奪戰即將開始請進入道場。 | lang0:lang0.pak:Get Ready
DST_DOJO_SCRAMBLE_STATE_RECEIVE	2	2	lang0,taiwan	taiwan:local_data.dat:開放申請道場爭奪戰。 | lang0:lang0.pak:Dojo War Scramble:\nRequest possible
DST_DOJO_SCRAMBLE_STATE_REJECT_END	2	2	lang0,taiwan	taiwan:local_data.dat:道場爭奪戰拒絕時間已結束。 | lang0:lang0.pak:Dojo Scramble Rejected
DST_DOJO_SCRAMBLE_STATE_STANDBY	2	2	lang0,taiwan	taiwan:local_data.dat:道場爭奪戰準備中。 | lang0:lang0.pak:standby: fight starting
DST_DOJO_SCRAMBLE_STATE_START	2	2	lang0,taiwan	taiwan:local_data.dat:道場爭奪戰開始。 | lang0:lang0.pak:Fight started!
DST_DOJO_SCRAMBLE_TITLE	2	2	lang0,taiwan	taiwan:local_data.dat:道場爭奪戰 | lang0:lang0.pak:Scramble
DST_DOJO_SUCCESS_ADDITION_TENKAI_SEED	2	2	lang0,taiwan	"taiwan:local_data.dat:[align = ""center""][font size = ""12"" color=""f4d762""]指定種子選手[/font][br][br][font size = ""10"" color=""269][br][br][font size = ""10"" color=""269][br][br][font size = ""10"" color=""269"" color=""269) | lang0:lang0.pak:[align = ""center""][font size = ""12"" color=""f4d762""]Player Info[/font][br][br][font size = ""10"" color=""269eff""]%s Qualified[br]Good luck in the Tournament.[/font]"
DST_DOJO_SUCCESS_ESTABLISHMENT_TO_MASTER	2	2	lang0,taiwan	"taiwan:local_data.dat:[align = ""center""][font size = ""12"" color=""f4d762""]設立道場[/font][br][br][font size = ""10""]設立道場[/font][br][br][font size = ""10""]設立道場[/font][br][br][font size = ""10"" color=""269"" 309"" ""10"" color=""f4d762""]設立了%s。 | lang0:lang0.pak:[align = ""center""][font size = ""12"" color=""f4d762""]Dojo[/font][br][br][font size = ""10"" color=""269eff""]created.[/font][br][br][font size = ""10"" color=""f4d762""]%s Created.[/font]"
DST_DOJO_SUCCESS_ESTABLISHMENT_TO_MEMBER	2	2	lang0,taiwan	taiwan:local_data.dat:設立了%s。 | lang0:lang0.pak:%s Created.
DST_DOJO_UPGRADE	2	2	lang0,taiwan	taiwan:local_data.dat:Upgrade | lang0:lang0.pak:Upgrade
DST_DOJO_UPGRADE_CONSUMPTION_GUILD_POINT	2	2	lang0,taiwan	taiwan:local_data.dat:現在流派點數 | lang0:lang0.pak:Got
DST_DOJO_UPGRADE_CONSUMPTION_ZENNY	2	2	lang0,taiwan	taiwan:local_data.dat:現在索尼 | lang0:lang0.pak:Current Zeni
DST_DOJO_UPGRADE_CURENT_LEVEL_0	2	2	lang0,taiwan	taiwan:local_data.dat:Lv.1 | lang0:lang0.pak:Lv.1
DST_DOJO_UPGRADE_CURENT_LEVEL_1	2	2	lang0,taiwan	taiwan:local_data.dat:Lv.2 | lang0:lang0.pak:Lv.2
DST_DOJO_UPGRADE_CURENT_LEVEL_2	2	2	lang0,taiwan	taiwan:local_data.dat:Lv.3 | lang0:lang0.pak:Lv.3
DST_DOJO_UPGRADE_CURENT_LEVEL_3	2	2	lang0,taiwan	taiwan:local_data.dat:Lv.4:Update | lang0:lang0.pak:Lv.4:Update
DST_DOJO_UPGRADE_CURENT_LEVEL_4	2	2	lang0,taiwan	taiwan:local_data.dat:Lv.5 | lang0:lang0.pak:Lv.5
DST_DOJO_UPGRADE_CURENT_LEVEL_5	2	2	lang0,taiwan	taiwan:local_data.dat:Lv.6:Update | lang0:lang0.pak:Lv.6:Update
DST_DOJO_UPGRADE_CURENT_LEVEL_6	2	2	lang0,taiwan	taiwan:local_data.dat:Lv.7 | lang0:lang0.pak:Lv.7
DST_DOJO_UPGRADE_CURENT_LEVEL_7	2	2	lang0,taiwan	taiwan:local_data.dat:Lv.8:Update | lang0:lang0.pak:Lv.8:Update
DST_DOJO_UPGRADE_NEED_ITEM	2	2	lang0,taiwan	taiwan:local_data.dat:Upgrade Stone | lang0:lang0.pak:Upgrade Stone
DST_DOJO_UPGRADE_NEXT_LEVEL_1	2	2	lang0,taiwan	taiwan:local_data.dat:Next Lv.2 | lang0:lang0.pak:Next Lv.2
DST_DOJO_UPGRADE_NEXT_LEVEL_2	2	2	lang0,taiwan	taiwan:local_data.dat:Next Lv.3 | lang0:lang0.pak:Next Lv.3
DST_DOJO_UPGRADE_NEXT_LEVEL_3	2	2	lang0,taiwan	taiwan:local_data.dat:Next Lv.4 | lang0:lang0.pak:Next Lv.4
DST_DOJO_UPGRADE_NEXT_LEVEL_4	2	2	lang0,taiwan	taiwan:local_data.dat:Next Lv.5 | lang0:lang0.pak:Next Lv.5
DST_DOJO_UPGRADE_NEXT_LEVEL_5	2	2	lang0,taiwan	taiwan:local_data.dat:Next Lv.6 | lang0:lang0.pak:Next Lv.6
DST_DOJO_UPGRADE_NEXT_LEVEL_6	2	2	lang0,taiwan	taiwan:local_data.dat:Next Lv.7 | lang0:lang0.pak:Next Lv.7
DST_DOJO_UPGRADE_NEXT_LEVEL_7	2	2	lang0,taiwan	taiwan:local_data.dat:Next Lv.8 | lang0:lang0.pak:Next Lv.8
DST_DO_EMPTY_CAPSULEKIT	2	2	lang0,taiwan	taiwan:local_data.dat:請清空膠囊盒。 | lang0:lang0.pak:First empty Capsule kit.
DST_DRAGONBALLSCRAMBLE_FOR_BASIC_BENEFIT	2	2	lang0,taiwan	taiwan:local_data.dat:Maximum LP increase by: %d%%  [DBS] | lang0:lang0.pak:Maximum LP increase by: %d%%  [DBS]
DST_DRAGONBALL_SCRAMBLE_ALREADY_JOIN	2	2	lang0,taiwan	taiwan:local_data.dat:Already joined Scramble | lang0:lang0.pak:Already joined Scramble
DST_DRAGONBALL_SCRAMBLE_CAN_NOT_TRADE_TARGET	2	2	lang0,taiwan	taiwan:local_data.dat:Can't trade Dragon Ball | lang0:lang0.pak:Can't trade Dragon Ball
DST_DRAGONBALL_SCRAMBLE_CHANNEL_INFO	2	2	lang0,taiwan	taiwan:local_data.dat:Dragon Ball Scramble Event! | lang0:lang0.pak:Dragon Ball Scramble Event!
DST_DRAGONBALL_SCRAMBLE_CONFIRM_CANCEL	2	2	lang0,taiwan	taiwan:local_data.dat:Cancel | lang0:lang0.pak:Cancel
DST_DRAGONBALL_SCRAMBLE_CONFIRM_DROP_1	2	2	lang0,taiwan	taiwan:local_data.dat:Fainted | lang0:lang0.pak:Fainted
DST_DRAGONBALL_SCRAMBLE_CONFIRM_DROP_2	2	2	lang0,taiwan	taiwan:local_data.dat:Teleport or Exit | lang0:lang0.pak:Teleport or Exit
DST_DRAGONBALL_SCRAMBLE_CONFIRM_DROP_3	2	2	lang0,taiwan	taiwan:local_data.dat:PK Impossible to Enter | lang0:lang0.pak:PK Impossible to Enter
DST_DRAGONBALL_SCRAMBLE_CONFIRM_DROP_TITLE	2	2	lang0,taiwan	taiwan:local_data.dat:Losing | lang0:lang0.pak:Losing
DST_DRAGONBALL_SCRAMBLE_CONFIRM_GET_1	2	2	lang0,taiwan	taiwan:local_data.dat:Dropped To pick up | lang0:lang0.pak:Dropped To pick up
DST_DRAGONBALL_SCRAMBLE_CONFIRM_GET_2	2	2	lang0,taiwan	taiwan:local_data.dat:Call Dragon | lang0:lang0.pak:Call Dragon
DST_DRAGONBALL_SCRAMBLE_CONFIRM_GET_3	2	2	lang0,taiwan	taiwan:local_data.dat:Spiked with Item | lang0:lang0.pak:Spiked with Item
DST_DRAGONBALL_SCRAMBLE_CONFIRM_GET_TITLE	2	2	lang0,taiwan	taiwan:local_data.dat:Scramble! | lang0:lang0.pak:Scramble!
DST_DRAGONBALL_SCRAMBLE_CONFIRM_OK	2	2	lang0,taiwan	taiwan:local_data.dat:App. | lang0:lang0.pak:App.
DST_DRAGONBALL_SCRAMBLE_CONFIRM_TITLE	2	2	lang0,taiwan	taiwan:local_data.dat:Dragon Ball Scramble App. | lang0:lang0.pak:Dragon Ball Scramble App.
DST_DRAGONBALL_SCRAMBLE_CONFIRM_WARNING_TITLE	2	2	lang0,taiwan	taiwan:local_data.dat:Note! | lang0:lang0.pak:Note!
DST_DRAGONBALL_SCRAMBLE_CONFIRM_WARNINR	2	2	lang0,taiwan	taiwan:local_data.dat:1)No Bus. 2)Not Ranked. | lang0:lang0.pak:1)No Bus. 2)Not Ranked.
DST_DRAGONBALL_SCRAMBLE_DROP_MSG	2	2	lang0,taiwan	taiwan:local_data.dat:Dragon Ball Lost!! | lang0:lang0.pak:Dragon Ball Lost!!
DST_DRAGONBALL_SCRAMBLE_FAINT_DROP_MSG	2	2	lang0,taiwan	taiwan:local_data.dat:You have Fainted | lang0:lang0.pak:You have Fainted
DST_DRAGONBALL_SCRAMBLE_GAIN_BUDOJI_MILEAGE	2	2	lang0,taiwan	taiwan:local_data.dat:Earned %d Mudosa | lang0:lang0.pak:Earned %d Mudosa
DST_DRAGONBALL_SCRAMBLE_I_AM_NOT_PLAYER	2	2	lang0,taiwan	taiwan:local_data.dat:Not Scramble Participant | lang0:lang0.pak:Not Scramble Participant
DST_DRAGONBALL_SCRAMBLE_I_AM_PLAYER	2	2	lang0,taiwan	taiwan:local_data.dat:Scramble Participant | lang0:lang0.pak:Scramble Participant
DST_DRAGONBALL_SCRAMBLE_JOIN_CONFIRM_MSGBOX	2	2	lang0,taiwan	"taiwan:local_data.dat:[align = ""center""][font size=""12""color=""f4d762""]Join Dragon Ball Scramble[/font][br][br][font size=""10""color=""269eff""]Note: You can't exit Dragon Ball Scramble until it's over.[/font] | lang0:lang0.pak:[align = ""center""][font size=""12""color=""f4d762""]Join Dragon Ball Scramble[/font][br][br][font size=""10""color=""269eff""]Note: You can't exit Dragon Ball Scramble until it's over.[/font]"
DST_DRAGONBALL_SCRAMBLE_JOIN_MSGBOX	2	2	lang0,taiwan	"taiwan:local_data.dat:[align = ""center""]Dragon Ball Scramble[br][br]join? | lang0:lang0.pak:[align = ""center""]Dragon Ball Scramble[br][br]join?"
DST_DRAGONBALL_SCRAMBLE_LOOT_BATTLE_DRAGONBALL	2	2	lang0,taiwan	taiwan:local_data.dat:Earned %d Dragon Ball | lang0:lang0.pak:Earned %d Dragon Ball
DST_DRAGONBALL_SCRAMBLE_PARTY_LEAVE	2	2	lang0,taiwan	taiwan:local_data.dat:Left Party | lang0:lang0.pak:Left Party
DST_DRAGONBALL_SCRAMBLE_READY_FOR_JOIN_RES	2	2	lang0,taiwan	taiwan:local_data.dat:Ready, Waiting response | lang0:lang0.pak:Ready, Waiting response
DST_DRAGONBALL_SCRAMBLE_RETURN_MSG	2	2	lang0,taiwan	taiwan:local_data.dat:Can't join Dragon Ball scramble | lang0:lang0.pak:Can't join Dragon Ball scramble
DST_DRAGONBALL_SCRAMBLE_SEASON_BEGIN_NFY	2	2	lang0,taiwan	taiwan:local_data.dat:Dragon Ball Scramble Event Started | lang0:lang0.pak:Dragon Ball Scramble Event Started
DST_DRAGONBALL_SCRAMBLE_SEASON_END_NFY	2	2	lang0,taiwan	taiwan:local_data.dat:Dragon Ball Scramble Event End | lang0:lang0.pak:Dragon Ball Scramble Event End
DST_DRAGONBALL_SCRAMBLE_SEASON_REWARD_COOLTIME_NFY	2	2	lang0,taiwan	taiwan:local_data.dat:Battle Dragon Ball turned into a stone, you won't receive compensation | lang0:lang0.pak:Battle Dragon Ball turned into a stone, you won't receive compensation
DST_DRAGONBALL_SCRAMBLE_SEASON_REWARD_LIMIT_OVER_NFY	2	2	lang0,taiwan	"taiwan:local_data.dat:[align = ""center""]Dragon Ball Scramble Info[br][br]Scramble full[br]no compensation in this channel | lang0:lang0.pak:[align = ""center""]Dragon Ball Scramble Info[br][br]Scramble full[br]no compensation in this channel"
DST_DRAGONBALL_SCRAMBLE_TOOLTIP	2	2	lang0,taiwan	taiwan:local_data.dat:戰鬥龍珠 %d星球 | lang0:lang0.pak:%d Star Battle Dragon Ball
DST_DRGONBALL_SCRAMBLE_SEASON_REFRESH_NFY	2	2	lang0,taiwan	taiwan:local_data.dat:Battle Dragon Ball have been compensated | lang0:lang0.pak:Battle Dragon Ball have been compensated
DST_DROPITEM_ZENNY	2	2	lang0,taiwan	taiwan:local_data.dat:%s Zeni | lang0:lang0.pak:%s Zeni
DST_DRUM	2	2	lang0,taiwan	taiwan:local_data.dat:Drum | lang0:lang0.pak:Drum
DST_DUALDST_GUN	2	2	lang0,taiwan	taiwan:local_data.dat:Dual Gun | lang0:lang0.pak:Dual Gun
DST_DUNGEON_DIRECT_ENTER	2	2	lang0,taiwan	taiwan:local_data.dat:副本入場 | lang0:lang0.pak:Enter
DST_DWC_CARDCOUNT	2	2	lang0,taiwan	taiwan:local_data.dat:Card Count | lang0:lang0.pak:Card Count
DST_DWC_CARD_CLEAR_TOOLTIP	2	2	lang0,taiwan	taiwan:local_data.dat:攻打次數 / 獲得可能次數 | lang0:lang0.pak:Current available attacks
DST_DWC_CARD_GRADE	2	2	lang0,taiwan	taiwan:local_data.dat:Card Grade | lang0:lang0.pak:Card Grade
DST_DWC_CARD_GRADE_00	2	2	lang0,taiwan	taiwan:local_data.dat:ALL | lang0:lang0.pak:ALL
DST_DWC_CARD_GRADE_01	2	2	lang0,taiwan	taiwan:local_data.dat:Common | lang0:lang0.pak:Common
DST_DWC_CARD_GRADE_02	2	2	lang0,taiwan	taiwan:local_data.dat:Uncommon | lang0:lang0.pak:Uncommon
DST_DWC_CARD_GRADE_03	2	2	lang0,taiwan	taiwan:local_data.dat:Unique | lang0:lang0.pak:Unique
DST_DWC_CARD_GRADE_04	2	2	lang0,taiwan	taiwan:local_data.dat:Rare | lang0:lang0.pak:Rare
DST_DWC_CARD_GRADE_05	2	2	lang0,taiwan	taiwan:local_data.dat:Legendary | lang0:lang0.pak:Legendary
DST_DWC_CARD_TARGET_TOOLTIP	2	2	lang0,taiwan	taiwan:local_data.dat:攻擊英雄名稱 | lang0:lang0.pak:Attack
DST_DWC_CHOOSE_TITLE	2	2	lang0,taiwan	taiwan:local_data.dat:Select Target | lang0:lang0.pak:Select Target
DST_DWC_CLEAR_CARD_TOOLTIP	2	2	lang0,taiwan	taiwan:local_data.dat:確認已經收取了獲得的卡片。 | lang0:lang0.pak:Confirm access to the card
DST_DWC_CONDITION	2	2	lang0,taiwan	taiwan:local_data.dat:Target Condition | lang0:lang0.pak:Target Condition
DST_DWC_CONDITION_RB_STRAIGHTWIN	2	2	lang0,taiwan	taiwan:local_data.dat:%d Streak | lang0:lang0.pak:%d Streak
DST_DWC_CONDITION_STATE	2	2	lang0,taiwan	taiwan:local_data.dat:Condition Status | lang0:lang0.pak:Condition Status
DST_DWC_ENTER_CONDITION	2	2	lang0,taiwan	taiwan:local_data.dat:Entrance Conditions | lang0:lang0.pak:Entrance Conditions
DST_DWC_ENTER_CONFIRM	2	2	lang0,taiwan	"taiwan:local_data.dat:[align = ""center""]Dragon World Challenge (DWC) Entry[br][br]Remaining # of entries this week: %d[br][br]You can't withdraw.[br]Do you want to enter?[br] | lang0:lang0.pak:[align = ""center""]Dragon World Challenge (DWC) Entry[br][br]Remaining # of entries this week: %d[br][br]You can't withdraw.[br]Do you want to enter?[br]"
DST_DWC_ENTER_QUESTION	2	2	lang0,taiwan	"taiwan:local_data.dat:[br][align = ""center""][font size = ""10"" color=""f4d762""]DWC Admission[/font][br][br][font size = ""10"" color=""269eff""]You can play %d more times today[/font][br][br][font size = ""10"" color=""f4d762""]Would you like to play?[/font][br] | lang0:lang0.pak:[br][align = ""center""][font size = ""10"" color=""f4d762""]DWC Admission[/font][br][br][font size = ""10"" color=""269eff""]You can play %d more times today[/font][br][br][font size = ""10"" color=""f4d762""]Would you like to play?[/font][br]"
DST_DWC_ESSENTIAL_TITLE	2	2	lang0,taiwan	taiwan:local_data.dat:Goal Required | lang0:lang0.pak:Goal Required
DST_DWC_FIELD_ENTER	2	2	lang0,taiwan	taiwan:local_data.dat:DWC Entry Status | lang0:lang0.pak:DWC Entry Status
DST_DWC_FIELD_ENTER_COMMAND	2	2	lang0,taiwan	taiwan:local_data.dat:Enter DWC | lang0:lang0.pak:Enter DWC
DST_DWC_GRADE	2	2	lang0,taiwan	taiwan:local_data.dat:Rating | lang0:lang0.pak:Rating
DST_DWC_GRADE_TOOLTIP	2	2	lang0,taiwan	taiwan:local_data.dat:選擇卡片等級並進行整理。 | lang0:lang0.pak:Select a card.
DST_DWC_HERO_TITLE	2	2	lang0,taiwan	taiwan:local_data.dat:Hero Info | lang0:lang0.pak:Hero Info
DST_DWC_INFO_COMMAND	2	2	lang0,taiwan	taiwan:local_data.dat:DWC Info | lang0:lang0.pak:DWC Info
DST_DWC_MAIN_TITLE	2	2	lang0,taiwan	taiwan:local_data.dat:Dragon World Challenge | lang0:lang0.pak:Dragon World Challenge
DST_DWC_PLAYER_COUNT	2	2	lang0,taiwan	taiwan:local_data.dat:Player Count | lang0:lang0.pak:Player Count
DST_DWC_PLAYER_COUNT_TEXT	2	2	lang0,taiwan	taiwan:local_data.dat:%d ~ %d players | lang0:lang0.pak:%d ~ %d players
DST_DWC_PLAYLEVEL	2	2	lang0,taiwan	taiwan:local_data.dat:Level %d and above | lang0:lang0.pak:Level %d and above
DST_DWC_PLAY_LEVEL	2	2	lang0,taiwan	taiwan:local_data.dat:Difficulty Level | lang0:lang0.pak:Difficulty Level
DST_DWC_PROLOG_TITLE	2	2	lang0,taiwan	taiwan:local_data.dat:Prolog | lang0:lang0.pak:Prolog
DST_DWC_REPEAT_REWARD	2	2	lang0,taiwan	taiwan:local_data.dat:Repeat Rewards | lang0:lang0.pak:Repeat Rewards
DST_DWC_REWARD	2	2	lang0,taiwan	taiwan:local_data.dat:Reward | lang0:lang0.pak:Reward
DST_DWC_SCENARIOINFO_TITLE	2	2	lang0,taiwan	taiwan:local_data.dat:Scenario Info | lang0:lang0.pak:Scenario Info
DST_DWC_SCENARIO_CLEAR	2	2	lang0,taiwan	taiwan:local_data.dat:    [finished] | lang0:lang0.pak:    [finished]
DST_DWC_SCENARIO_CONDITION_TITLE	2	2	lang0,taiwan	taiwan:local_data.dat:Entry Details | lang0:lang0.pak:Entry Details
DST_DWC_SCENARIO_LIST	2	2	lang0,taiwan	taiwan:local_data.dat:DWC Scenario List | lang0:lang0.pak:DWC Scenario List
DST_DWC_SCENARIO_LOCK	2	2	lang0,taiwan	taiwan:local_data.dat:[locked] | lang0:lang0.pak:[locked]
DST_DWC_SCENARIO_OPEN	2	2	lang0,taiwan	taiwan:local_data.dat:[open] | lang0:lang0.pak:[open]
DST_DWC_SCENARIO_TOOLTIP	2	2	lang0,taiwan	taiwan:local_data.dat:選擇劇情並整理相關的卡片。 | lang0:lang0.pak:Select the plot and organize relevant cards.
DST_DWC_SIDE_VIEW	2	2	lang0,taiwan	taiwan:local_data.dat:DWC Completed. Press V to open the main menu. | lang0:lang0.pak:DWC Completed. Press V to open the main menu.
DST_DWC_STATE_CLEAR	2	2	lang0,taiwan	taiwan:local_data.dat:End | lang0:lang0.pak:End
DST_DWC_STATE_LOCK	2	2	lang0,taiwan	taiwan:local_data.dat:Locked | lang0:lang0.pak:Locked
DST_DWC_STATE_OPEN	2	2	lang0,taiwan	taiwan:local_data.dat:Under Attack | lang0:lang0.pak:Under Attack
DST_DWC_STATE_PLAY	2	2	lang0,taiwan	taiwan:local_data.dat:攻打 | lang0:lang0.pak:Attack
DST_DWC_STATE_TOOLTIP	2	2	lang0,taiwan	taiwan:local_data.dat:選擇卡片的攻打狀態並進行整理。 | lang0:lang0.pak:Select the card to attack the state and organize.
DST_DWC_STATUS	2	2	lang0,taiwan	taiwan:local_data.dat:Status | lang0:lang0.pak:Status
DST_DWC_TARGET	2	2	lang0,taiwan	taiwan:local_data.dat:Target | lang0:lang0.pak:Target
DST_DWC_TARGET_TITLE	2	2	lang0,taiwan	taiwan:local_data.dat:Target Goal | lang0:lang0.pak:Target Goal
DST_DWC_TITLE	2	2	lang0,taiwan	taiwan:local_data.dat:Dragon World Challenge | lang0:lang0.pak:Dragon World Challenge
DST_DYNAMIC_FIELD_SIDEVIEW_BOSSKILLTIME	2	2	lang0,taiwan	taiwan:local_data.dat:%d 小時 %d 分 | lang0:lang0.pak:%d hour %d minute
DST_DYNAMIC_FIELD_SIDEVIEW_CONTENT_01	2	2	lang0,taiwan	taiwan:local_data.dat:累積到100%的話，將會召喚出BOSS怪。 | lang0:lang0.pak:At 100% the BOSS will appear!
DST_DYNAMIC_FIELD_SIDEVIEW_CONTENT_02	2	2	lang0,taiwan	taiwan:local_data.dat:若超過時間，被召喚的 BOSS怪全數\n強制消滅。 | lang0:lang0.pak:After 2h the Boss disappear.
DST_DYNAMIC_FIELD_SIDEVIEW_CONTENT_03	2	2	lang0,taiwan	taiwan:local_data.dat:若超過時間被召喚的 NPC全數強制\n消滅重新開始\n襲擊怪的counter。 | lang0:lang0.pak:A NPC appear after success.
DST_DYNAMIC_FIELD_SIDEVIEW_CONTENT_04	2	2	lang0,taiwan	taiwan:local_data.dat:請點擊圖示獲得 任務！ | lang0:lang0.pak:Click the icon for the quest!
DST_DYNAMIC_FIELD_SIDEVIEW_CONTENT_05	2	2	lang0,taiwan	taiwan:local_data.dat:目前為已獲得 任務狀態。 | lang0:lang0.pak:Quest activated.
DST_DYNAMIC_FIELD_SIDEVIEW_CONTENT_06	2	2	lang0,taiwan	taiwan:local_data.dat:請透過地圖確認Boss怪的位置！ | lang0:lang0.pak:Only you can Defeat the Boss.
DST_DYNAMIC_FIELD_SIDEVIEW_PERCENTAGE	2	2	lang0,taiwan	taiwan:local_data.dat:%s%% | lang0:lang0.pak:%s%%
DST_DYNAMIC_FIELD_SIDEVIEW_TITLE_01	2	2	lang0,taiwan	taiwan:local_data.dat:直到米拉軍BOSS怪登場為止 | lang0:lang0.pak:Boss Monster emerges
DST_DYNAMIC_FIELD_SIDEVIEW_TITLE_02	2	2	lang0,taiwan	taiwan:local_data.dat:消滅BOSS怪 | lang0:lang0.pak:Eliminate BOSS monster
DST_DYNAMIC_FIELD_SIDEVIEW_TITLE_03	2	2	lang0,taiwan	taiwan:local_data.dat:米拉軍襲擊怪物登場前 | lang0:lang0.pak:Monster emerges
DST_DYNAMIC_FIELD_SIDEVIEW_TITLE_04	2	2	lang0,taiwan	taiwan:local_data.dat:(蘑菇巨石北部/蘑菇巨石南部) | lang0:lang0.pak:Progress
DST_ENABLE	2	2	lang0,taiwan	taiwan:local_data.dat:Available | lang0:lang0.pak:Available
DST_ENGINEER	2	2	lang0,taiwan	taiwan:local_data.dat:Engineer | lang0:lang0.pak:Engineer
DST_EQUIP_SLOT_TAIL	2	2	lang0,taiwan	taiwan:local_data.dat:Accessory 4 - Tail | lang0:lang0.pak:Accessory 4 - Tail
DST_EQUIP_SLOT_TYPE_ACCESSORY1	2	2	lang0,taiwan	taiwan:local_data.dat:Accessory 1 - Mask | lang0:lang0.pak:Accessory 1 - Mask
DST_EQUIP_SLOT_TYPE_ACCESSORY2	2	2	lang0,taiwan	taiwan:local_data.dat:Accessory 2 - Richness | lang0:lang0.pak:Accessory 2 - Richness
DST_EQUIP_SLOT_TYPE_ACCESSORY3	2	2	lang0,taiwan	taiwan:local_data.dat:Accessory 3 - Backpack | lang0:lang0.pak:Accessory 3 - Backpack
DST_EQUIP_SLOT_TYPE_BOOTS	2	2	lang0,taiwan	taiwan:local_data.dat:Shoes | lang0:lang0.pak:Shoes
DST_EQUIP_SLOT_TYPE_DOGI	2	2	lang0,taiwan	taiwan:local_data.dat:Dogi | lang0:lang0.pak:Dogi
DST_EQUIP_SLOT_TYPE_EARRING	2	2	lang0,taiwan	taiwan:local_data.dat:Earring | lang0:lang0.pak:Earring
DST_EQUIP_SLOT_TYPE_HAIR	2	2	lang0,taiwan	taiwan:local_data.dat:Hair | lang0:lang0.pak:Hair
DST_EQUIP_SLOT_TYPE_HAND	2	2	lang0,taiwan	taiwan:local_data.dat:Weapon | lang0:lang0.pak:Weapon
DST_EQUIP_SLOT_TYPE_JACKET	2	2	lang0,taiwan	taiwan:local_data.dat:Jacket | lang0:lang0.pak:Jacket
DST_EQUIP_SLOT_TYPE_NECKLACE	2	2	lang0,taiwan	taiwan:local_data.dat:Necklace | lang0:lang0.pak:Necklace
DST_EQUIP_SLOT_TYPE_PANTS	2	2	lang0,taiwan	taiwan:local_data.dat:Pants | lang0:lang0.pak:Pants
DST_EQUIP_SLOT_TYPE_QUEST	2	2	lang0,taiwan	taiwan:local_data.dat:Quest | lang0:lang0.pak:Quest
DST_EQUIP_SLOT_TYPE_RING	2	2	lang0,taiwan	taiwan:local_data.dat:Ring | lang0:lang0.pak:Ring
DST_EQUIP_SLOT_TYPE_SCOUTER	2	2	lang0,taiwan	taiwan:local_data.dat:Scouter | lang0:lang0.pak:Scouter
DST_EQUIP_SLOT_TYPE_SOUL	2	2	lang0,taiwan	taiwan:local_data.dat:Soul | lang0:lang0.pak:Soul
DST_EQUIP_SLOT_TYPE_SUB_WEAPON	2	2	lang0,taiwan	taiwan:local_data.dat:Sub Weapon | lang0:lang0.pak:Sub Weapon
DST_EQUIP_SLOT_TYPE_SUB_WEAPONTRASMOG	2	2	lang0,taiwan	taiwan:local_data.dat:Transmog Weapon | lang0:lang0.pak:Transmog Weapon
DST_EQUIP_SLOT_TYPE_TAIL	2	2	lang0,taiwan	taiwan:local_data.dat:Acessory 4 - Tail | lang0:lang0.pak:Acessory 4 - Tail
DST_ERROR_DUPLICATE_NAME	2	2	lang0,taiwan	taiwan:local_data.dat:[%s]為已存在的角色名稱。 | lang0:lang0.pak:[%s]Already Exists.
DST_ERROR_NO_USE_BY_PARTY_MEMBER	2	2	lang0,taiwan	taiwan:local_data.dat:組隊無法使用。 | lang0:lang0.pak:Party status unavailable.
DST_ERROR_RENAME_PENALTY_PERIOD	2	2	lang0,taiwan	taiwan:local_data.dat:現在是改名懲罰時間，在%d天後可以使用。 | lang0:lang0.pak:Penalty: %d remain
DST_ERROR_WRONG_NAME	2	2	lang0,taiwan	taiwan:local_data.dat:[%s]為無法使用的角色名稱。 | lang0:lang0.pak:[%s]Unavailable.
DST_EVENTMACHINE_SIDEICON_TOOLTIP	2	2	lang0,taiwan	taiwan:local_data.dat:活動扭蛋機(活動代幣 X %d ) | lang0:lang0.pak:Event Machine ( Event Coin X %d )
DST_EVENT_ITEM	2	2	lang0,taiwan	taiwan:local_data.dat:活動道具 | lang0:lang0.pak:Event Items
DST_EVENT_MACHINE_NAME	2	2	lang0,taiwan	taiwan:local_data.dat:活動%d號機 | lang0:lang0.pak:Event Machine %d
DST_EVENT_TIME_TABLE_TITLE	2	2	lang0,taiwan	taiwan:local_data.dat:活動時間表 | lang0:lang0.pak:Event Time
DST_EXP_AUTO_RECOVER_ARRAY	2	2	lang0,taiwan	taiwan:local_data.dat:剩餘經驗值 %s | lang0:lang0.pak:Remaining Experience Points %s
DST_EXP_AUTO_RECOVER_COMMENT	2	2	lang0,taiwan	taiwan:local_data.dat:每 %d 秒獲得經驗值%d | lang0:lang0.pak:Every %d seconds pet earns %d EXP
DST_EXP_INFO	2	2	lang0,taiwan	taiwan:local_data.dat:EXP : %d / %d | lang0:lang0.pak:EXP: %d / %d
DST_EXP_LOCK	2	2	lang0,taiwan	taiwan:local_data.dat:經驗鎖：當前已開啟 | lang0:lang0.pak:Lock EXP
DST_EXP_UNLOCK	2	2	lang0,taiwan	taiwan:local_data.dat:經驗鎖：當前已關閉 | lang0:lang0.pak:Unlock EXP
DST_FAN	2	2	lang0,taiwan	taiwan:local_data.dat:扇子 | lang0:lang0.pak:Fan
DST_FINISHED_MONSTER	2	2	lang0,taiwan	taiwan:local_data.dat:成功擊敗了%s 。 | lang0:lang0.pak:%s finished
DST_FPS_LIMIT_DATE	2	2	lang0,taiwan	taiwan:local_data.dat:%d FPS | lang0:lang0.pak:%d FPS
DST_FPS_LIMIT_MAX	2	2	lang0,taiwan	taiwan:local_data.dat:不封頂 | lang0:lang0.pak:Unlocked
DST_FPS_LIMIT_TITLE	2	2	lang0,taiwan	taiwan:local_data.dat:幀率上限 | lang0:lang0.pak:FPS
DST_FREEPVP_CANT_WITH_BLACKLIST	2	2	lang0,taiwan	taiwan:local_data.dat:無法與封鎖物件自由對戰。 | lang0:lang0.pak:Can't Duel Blacklisted Player.
DST_FREEPVP_CHALLENGE	2	2	lang0,taiwan	"taiwan:local_data.dat:[align = ""center""][font size = ""12"" color=""f4d762""]接受自由對戰[/font][br][br][font size = ""10"" color=""269"""")為了增進與其他角色的感覺size = ""10"" color=""f4d762""]您向%s [br]提出了自由對戰的申請。 | lang0:lang0.pak:[align = ""center""][font size = ""12"" color=""f4d762""]Duel Request[/font][br][br][font size = ""10"" color=""269eff""]You are being challenged[br]to a Duel.[/font][br][br][font size = ""10"" color=""f4d762""]Challenger: %s[/font][br][br][font size = ""10"" color=""ffffff""]Accept Challenge?[/font]"
DST_FREEPVP_DRAW	2	2	lang0,taiwan	taiwan:local_data.dat:本次自由對戰為平手。 | lang0:lang0.pak:It's a draw!
DST_FREEPVP_LOSE	2	2	lang0,taiwan	taiwan:local_data.dat:%s 輸了自由對戰。 | lang0:lang0.pak:%s lost the duel.
DST_FREEPVP_OUTSIDE_STAGE	2	2	lang0,taiwan	taiwan:local_data.dat:%d秒後，將會因場外而輸掉比賽。請您回到戰鬥區域。 | lang0:lang0.pak:%d Seconds until you give up.
DST_FREEPVP_WIN	2	2	lang0,taiwan	taiwan:local_data.dat:%s贏得了自由對戰。 | lang0:lang0.pak:%s won the duel.
DST_FRIDAY	2	2	lang0,taiwan	taiwan:local_data.dat:五 | lang0:lang0.pak:Friday
DST_FRIEND_ADD	2	2	lang0,taiwan	taiwan:local_data.dat:新增 | lang0:lang0.pak:Add
DST_FRIEND_BLOCK	2	2	lang0,taiwan	taiwan:local_data.dat:封鎖 | lang0:lang0.pak:Block
DST_FRIEND_DELETE	2	2	lang0,taiwan	taiwan:local_data.dat:刪除 | lang0:lang0.pak:Remove
DST_FRIEND_ERR_EXIST_BLACK	2	2	lang0,taiwan	taiwan:local_data.dat:封鎖目錄中的玩家無法新增為好友。 | lang0:lang0.pak:Already Blacklisted
DST_FRIEND_ERR_EXIST_FRIEND	2	2	lang0,taiwan	taiwan:local_data.dat:請使用好友目錄中的封鎖鈕進行封鎖。 | lang0:lang0.pak:Already Friends
DST_FRIEND_ERR_SELF_EXIT_BLOCK	2	2	lang0,taiwan	taiwan:local_data.dat:無法將自己列入黑名單。 | lang0:lang0.pak:Can't blacklist yourself
DST_FRIEND_ERR_SELF_EXIT_FRIENDLIST	2	2	lang0,taiwan	taiwan:local_data.dat:無法將自己加入為好友。 | lang0:lang0.pak:Can't befriend yourself
DST_FRIEND_INVALID_USER	2	2	lang0,taiwan	taiwan:local_data.dat:無選擇的物件。 | lang0:lang0.pak:Invalid User
DST_FRIEND_INVITE	2	2	lang0,taiwan	taiwan:local_data.dat:邀請組隊 | lang0:lang0.pak:Invite
DST_FRIEND_MAIL	2	2	lang0,taiwan	taiwan:local_data.dat:寄信 | lang0:lang0.pak:Mail
DST_FRIEND_MSG_BLACK_ADD	2	2	lang0,taiwan	"taiwan:local_data.dat:[align = ""center""][font size = ""12"" color=""f4d762""]新增封鎖目錄[/font][br][br][font size = ""10"" color=""f36a7c""]已封鎖該名玩家。 | lang0:lang0.pak:[align = ""center""]Blacklist[br][br]Blacklisting[br]Users can't Contact You[br][br]Enter Name"
DST_FRIEND_MSG_BLACK_ADD_RESULT	2	2	lang0,taiwan	taiwan:local_data.dat:已將 %s 新增至封鎖名單中 。 | lang0:lang0.pak:%s is added to the blacklist
DST_FRIEND_MSG_BLACK_DEL	2	2	lang0,taiwan	"taiwan:local_data.dat:[align = ""center""][font size = ""12"" color=""f4d762""]解除封鎖[/font][br][br][font size = ""10"" color=""269""][/font][br][font size = ""10"" color=""2690""] 將登錄在玩家移除」[brfont]。 size = ""10"" color=""ffffff""]將其他玩家從封鎖名單中刪除。 | lang0:lang0.pak:[align = ""center""][font size = ""12"" color=""f4d762""]Remove Blacklist[/font][br][br][font size = ""10"" color=""269eff""]Removing Blacklisted User[/font][br][br][font size = ""10"" color=""ffffff""]Deleting from Blacklist.[/font][br][br][font size = ""10"" color=""f4d7""]Removing: %s[/font][br][br][font size = ""10"" color=""ffffff""]Remove User?[/font]"
DST_FRIEND_MSG_BLACK_DEL_RESULT	2	2	lang0,taiwan	taiwan:local_data.dat:已將 %s 於封鎖名單中刪除 。 | lang0:lang0.pak:%s is removed from the blacklist
DST_FRIEND_MSG_FRIEND_ADD	2	2	lang0,taiwan	"taiwan:local_data.dat:[align = ""center""][font size = ""12"" color=""f4d762""]新增好友目錄[/font][br][br][font size = ""10"" color=""f36a7c""]將該玩家加入好友名單。 color=""ffffff""]請輸入要加入好友名單的[br]角色名稱。 | lang0:lang0.pak:[align = ""center""][font size = ""12"" color=""f4d762""]Add Friends[/font][br][br][font size = ""10"" color=""f36a7c""]Adding a Friend[br]Friends can be used to make Parties etc.[/font][br][br][font size = ""10"" color=""ffffff""]Enter Name[/font]"
DST_FRIEND_MSG_FRIEND_ADD_RESULT	2	2	lang0,taiwan	taiwan:local_data.dat:已將 %s 新增至朋友名單中 。 | lang0:lang0.pak:%s is added to the friendlist
DST_FRIEND_MSG_FRIEND_DEL	2	2	lang0,taiwan	"taiwan:local_data.dat:[align = ""center""][font size = ""12"" color=""f4d762""]刪除好友[/font][br][br][font size = ""10"" color=""f36a7c""][o36a7c""][36a7font][36a7font][36a74] 刪除玩家[36a7]。 = ""10"" color=""ffffff""]從好友目錄中刪除下列玩家。 | lang0:lang0.pak:[align = ""center""][font size = ""12"" color=""f4d762""]Remove Friend[/font][br][br][font size = ""10"" color=""f36a7c""]Removing Friend[/font][br][br][font size = ""10"" color=""ffffff""]Deleting from Friend List.[/font][br][br][font size = ""10"" color=""f36a7c""]Removing: %s[/font][br][br][font size = ""10"" color=""ffffff""]Remove Friend?[/font]"
DST_FRIEND_MSG_FRIEND_DEL_RESULT	2	2	lang0,taiwan	taiwan:local_data.dat:已將 %s 於朋友名單中刪除。 | lang0:lang0.pak:%s is removed from the friendlist
DST_FRIEND_MSG_FRIEND_MOVE_RESULT	2	2	lang0,taiwan	taiwan:local_data.dat:已將 %s 移至封鎖名單中 。 | lang0:lang0.pak:%s moved to the block list
DST_FRIEND_MSG_LOGIN	2	2	lang0,taiwan	taiwan:local_data.dat:%s 已登入遊戲。 | lang0:lang0.pak:%s has logged in
DST_FRIEND_OFFLINE	2	2	lang0,taiwan	taiwan:local_data.dat:離線 | lang0:lang0.pak:Offline
DST_FRIEND_SUBJECT_CHANNEL	2	2	lang0,taiwan	taiwan:local_data.dat:頻道 | lang0:lang0.pak:Channel
DST_FRIEND_SUBJECT_LEVEL	2	2	lang0,taiwan	taiwan:local_data.dat:等級 | lang0:lang0.pak:Level
DST_FRIEND_SUBJECT_LOC	2	2	lang0,taiwan	taiwan:local_data.dat:位置 | lang0:lang0.pak:Area
DST_FRIEND_SUBJECT_NAME	2	2	lang0,taiwan	taiwan:local_data.dat:姓名 | lang0:lang0.pak:Name
DST_FRIEND_TAB_BLACKLIST	2	2	lang0,taiwan	taiwan:local_data.dat:封鎖名單 | lang0:lang0.pak:Blacklist
DST_FRIEND_TAB_FRIEND	2	2	lang0,taiwan	taiwan:local_data.dat:好友名單 | lang0:lang0.pak:Friends
DST_FRIEND_TOO_OVER_NAME	2	2	lang0,taiwan	taiwan:local_data.dat:輸入的角色名稱過長。 | lang0:lang0.pak:Name Too Long
DST_FRIEND_WHISPER	2	2	lang0,taiwan	taiwan:local_data.dat:發送悄悄話 | lang0:lang0.pak:Whisper
DST_GAMBLE_COMMAND	2	2	lang0,taiwan	taiwan:local_data.dat:轉蛋 | lang0:lang0.pak:Draw
DST_GAMBLE_GUIDE	2	2	lang0,taiwan	taiwan:local_data.dat:若要玩扭蛋機的話，需要武道寺紅利 %u 。 | lang0:lang0.pak:To play you need: \n- %u Mudosa Points \n- 10,000 Zeni
DST_GAMBLE_GUIDE_RESULT	2	2	lang0,taiwan	taiwan:local_data.dat:獲得扭蛋了。請在膠囊盒中進行確認。 | lang0:lang0.pak:Capsule Earned
DST_GAMBLE_GUIDE_ZENNY	2	2	lang0,taiwan	taiwan:local_data.dat:若要玩扭蛋機的話，需要Sony%s。 | lang0:lang0.pak:%s Zeni, to get a capsule
DST_GAMBLE_NOT_ENOUGH_MUDOSA_POINT	2	2	lang0,taiwan	taiwan:local_data.dat:武道寺紅利不足。 | lang0:lang0.pak:Need Mudosa Points
DST_GAME_EXIT	2	2	lang0,taiwan	"taiwan:local_data.dat:[align =""center""][font size=""12""color=""f4d762""]結束遊戲[/font][br][br][font size=""10""color=""269eff""]結束遊戲離開七龍珠[Online。 size=""10""color=""ffffff""]感謝您使用七龍珠Online。 | lang0:lang0.pak:[align = ""center""][font size=""12""color=""f4d762""]Exit Game[/font][br][br][font size=""10""color=""269eff""]Do you wish to exit DBO?[/font][br][font size=""10""color=""ffffff""]Thanks for playing[br]Dragon Ball Online![/font]"
DST_GAME_MASTER	2	2	lang0,taiwan	taiwan:local_data.dat:遊戲管理員 | lang0:lang0.pak:Game Master
DST_GAME_MASTER_TBLIDX	2	2	lang0,taiwan	taiwan:local_data.dat:道具序號 : %d | lang0:lang0.pak:GM Table Index
DST_GAME_PARTY_CANT_INVITE_TARGET_SANDBAG	2	2	lang0,taiwan	taiwan:local_data.dat:無法邀請遭HTB攻擊的物件進入隊伍中。 | lang0:lang0.pak:HTB is used, can't invite now
DST_GAME_PARTY_CANT_JOIN_TARGET_SANDBAG	2	2	lang0,taiwan	taiwan:local_data.dat:遭HTB攻擊的狀態，目前無法參加組隊。 | lang0:lang0.pak:HTB is used, can't join the state
DST_GAME_SERVER_CONNECT_FAIL	2	2	lang0,taiwan	"taiwan:local_data.dat:[align =""center""][font size=""12""color=""f4d762""]Game伺服器連線失敗[/font][br][br][font size=""10""color=""f36a7c""][br][font size=""10""color=""f36a7c""][/amefont][br/ame伺服器連線失敗][br/jfont][br/ame伺服器連線失敗。 size=""10""color=""ffffff""]請稍候重試。 | lang0:lang0.pak:[align = ""center""]Connection Failed[br][br]Failed to connect to game servers[br][br]Try again later."
DST_GEM	2	2	lang0,taiwan	taiwan:local_data.dat:魔石 | lang0:lang0.pak:Gem
DST_GET	2	2	lang0,taiwan	taiwan:local_data.dat:呼叫 | lang0:lang0.pak:Get
DST_GIFT_SHOP_MAX_WP	2	2	lang0,taiwan	taiwan:local_data.dat:WP的最大值為 2000. | lang0:lang0.pak:WP's maximum value is 2000.
DST_GIFT_SHOP_SIDE_ICON_TOOLTIP	2	2	lang0,taiwan	taiwan:local_data.dat:當前扭蛋點數 %d 點 | lang0:lang0.pak:Current QP-Points %d
DST_GIFT_SHOP_TITLE_NAME	2	2	lang0,taiwan	taiwan:local_data.dat:扭蛋點數商店 | lang0:lang0.pak:Quest Point Shop
DST_GLOVE	2	2	lang0,taiwan	taiwan:local_data.dat:手套 | lang0:lang0.pak:Gloves
DST_GMT_APPLY_END_NOTICE	2	2	lang0,taiwan	taiwan:local_data.dat:%s修練時間將結束。 | lang0:lang0.pak:%s Period has Ended
DST_GMT_APPLY_GUIDE	2	2	lang0,taiwan	taiwan:local_data.dat:從隔天開始套用。 | lang0:lang0.pak:Starts next Day
DST_GMT_APPLY_START_NOTICE	2	2	lang0,taiwan	taiwan:local_data.dat:%s精神修練時間開始。 | lang0:lang0.pak:%s Period has Started
DST_GMT_APPLY_TIME	2	2	lang0,taiwan	taiwan:local_data.dat:套用時間 | lang0:lang0.pak:Apply Time
DST_GMT_CANT_RESET	2	2	lang0,taiwan	taiwan:local_data.dat:可用重設機會不足，無法重新設定。 | lang0:lang0.pak:Can't reset.
DST_GMT_CHANGE_TIME	2	2	lang0,taiwan	taiwan:local_data.dat:變更時間 | lang0:lang0.pak:Change Time
DST_GMT_DONOT_CHECK_ALL	2	2	lang0,taiwan	taiwan:local_data.dat:重新設定修練時間時請確認所有道具的時間。 | lang0:lang0.pak:Please set EXP and Zeni Bonus
DST_GMT_ENABLE_CHECK_COUNT	2	2	lang0,taiwan	taiwan:local_data.dat:可以選擇的時間個數 : %d | lang0:lang0.pak:Count Check: %d
DST_GMT_EXP_FOR_BENEFIT	2	2	lang0,taiwan	taiwan:local_data.dat:額外獲得精神修練經驗值 %u%% [%02d:00 ~ %02d:00] | lang0:lang0.pak:%u%% EXP Bonus [%02d:00 - %02d:00]
DST_GMT_EXT_GET	2	2	lang0,taiwan	taiwan:local_data.dat:額外獲得 | lang0:lang0.pak:Bonus Selection
DST_GMT_LIST_EXP	2	2	lang0,taiwan	taiwan:local_data.dat:額外獲得經驗值 %u%% | lang0:lang0.pak:%u%% EXP Bonus
DST_GMT_LIST_ZENNY	2	2	lang0,taiwan	taiwan:local_data.dat:額外獲得索尼 %u%% | lang0:lang0.pak:%u%% Zeni Bonus
DST_GMT_NO_TIME	2	2	lang0,taiwan	taiwan:local_data.dat:無 | lang0:lang0.pak:No Time
DST_GMT_PROFILE	2	2	lang0,taiwan	taiwan:local_data.dat:在遊戲商城中購入修練時間卡，設定時間後變更的時間將從隔日0點開始計算。 | lang0:lang0.pak:Select which Bonus Option you would like to\nreceive.
DST_GMT_REMAIN_COUNT	2	2	lang0,taiwan	taiwan:local_data.dat:剩餘重設次數: %d | lang0:lang0.pak:GMT Resets left: %d
DST_GMT_RESET	2	2	lang0,taiwan	taiwan:local_data.dat:重新設定 | lang0:lang0.pak:Reset
DST_GMT_RESET_ALREADY_OPEN	2	2	lang0,taiwan	taiwan:local_data.dat:修練時間設定視窗已開啟。 | lang0:lang0.pak:Window is already Opened
DST_GMT_RESET_COUNT_OVER	2	2	lang0,taiwan	taiwan:local_data.dat:可設定的時間數已超過。 | lang0:lang0.pak:Number of Hours Exceeded
DST_GMT_RESET_TITLE	2	2	lang0,taiwan	taiwan:local_data.dat:修練時間設定 | lang0:lang0.pak:Set Time
DST_GMT_TIME_INFO	2	2	lang0,taiwan	taiwan:local_data.dat:%2d:00 | lang0:lang0.pak:%2d:00
DST_GMT_TITLE	2	2	lang0,taiwan	taiwan:local_data.dat:遊戲修練時間 | lang0:lang0.pak:Bonus Times
DST_GMT_TITLE_EXP	2	2	lang0,taiwan	taiwan:local_data.dat:額外獲得經驗值 | lang0:lang0.pak:Bonus EXP
DST_GMT_TITLE_ZENNY	2	2	lang0,taiwan	taiwan:local_data.dat:額外獲得索尼 | lang0:lang0.pak:Bonus Zeni
DST_GMT_ZENNY_FOR_BENEFIT	2	2	lang0,taiwan	taiwan:local_data.dat:額外獲得精神索尼 %u%% [%02d:00 ~ %02d:00] | lang0:lang0.pak:%u%% Zeni Bonus [%02d:00 - %02d:00]
DST_GRAND_MA	2	2	lang0,taiwan	taiwan:local_data.dat:葛蘭魔 | lang0:lang0.pak:Grand Chef Majin
DST_GUARD_GAUGE_CANNOT_USE	2	2	lang0,taiwan	taiwan:local_data.dat:冷卻時間結束後方可重複使用防衛技能。 | lang0:lang0.pak:Guard is in cooldown
DST_GUARD_GAUGE_CAN_USE	2	2	lang0,taiwan	taiwan:local_data.dat:可以使用防衛技能。 | lang0:lang0.pak:Can Use Guard
DST_GUILD	2	2	lang0,taiwan	taiwan:local_data.dat:流派 | lang0:lang0.pak:Guild
DST_GUILDWAREHOUSE_TITLE_1	2	2	lang0,taiwan	taiwan:local_data.dat:流派倉庫1 | lang0:lang0.pak:Guild Warehouse 1
DST_GUILDWAREHOUSE_TITLE_2	2	2	lang0,taiwan	taiwan:local_data.dat:流派倉庫2 | lang0:lang0.pak:Guild Warehouse2
DST_GUILDWAREHOUSE_TITLE_3	2	2	lang0,taiwan	taiwan:local_data.dat:流派倉庫3 | lang0:lang0.pak:Guild Warehouse3
DST_GUILD_ADD_FUNCTION	2	2	lang0,taiwan	"taiwan:local_data.dat:[align = ""center""][font size = ""12"" color=""f4d762""]%s[/font][br][br][font size = ""10"" color=""269eff""][br][font size = ""10"" color=""269eff""""] 新增功能後會獲得更多的好處。 ""10"" color=""ffffff""]新增功能時，需要下列條件。 color=""ffffff""]您要新增功能嗎？ | lang0:lang0.pak:[align = ""center""][font size = ""12"" color=""f4d762""]%s[/font][br][br][font size = ""10"" color=""269eff""]Improvements[/font][br][br][font size = ""10"" color=""ffffff""]The Following is Required[/font][br][br][font size = ""10"" color=""f36a7c""]Guild Points: %d[br][br]Zeni: %s[/font][br][br][font size = ""10"" color=""ffffff""]Add Feature?[/font]"
DST_GUILD_ADD_FUNCTION_NOTIFY_TO_MASTER	2	2	lang0,taiwan	"taiwan:local_data.dat:[align = ""center""][font size = ""12"" color=""f4d762""]變更流派功能[/font][br][br][font size = ""10"" color=""269eff""]恭喜您。 | lang0:lang0.pak:[align = ""center""][font size = ""12"" color=""f4d762""]Guild Change Made[/font][br][br][font size = ""10"" color=""269eff""]Good Job![/font][br][br][font size = ""10"" color=""f4d762""]Changes are:[br]%s[/font]"
DST_GUILD_ADD_FUNCTION_NOTIFY_TO_MEMBER	2	2	lang0,taiwan	taiwan:local_data.dat:流派功能已變更。 | lang0:lang0.pak:Access Changed
DST_GUILD_APPOINT_SECOND_MASTER	2	2	lang0,taiwan	"taiwan:local_data.dat:[align = ""center""][font size = ""12"" color=""f4d762""]任命流派師父[/font][br][br][font size = ""10"" color=""269eff""][br][font size = ""10"" color=""269eff""][br][fonts]"" ""10"" color=""ffffff""]下列玩家擁有師父的權限。 | lang0:lang0.pak:[align = ""center""][font size = ""12"" color=""f4d762""]Appointment of the Jr. Master[/font][br][br][font size = ""10"" color=""269eff""]Appoint a Jr. Master of the guild.[/font][br][br][font size = ""10"" color=""ffffff""]Following player gets Jr. Master privileges.[/font][br][br][font size = ""10"" color=""f4d762""]Player: %s[/font][br][br][font size = ""10"" color=""ffffff""]Do you want to appoint the player?[/font]"
DST_GUILD_ASK_CHANGE_GUILD_EMBLEM_WITH_ZENNY	2	2	lang0,taiwan	"taiwan:local_data.dat:[align = ""center""][font size = ""12"" color=""f4d762""]變更流派紋章[/font][br][br][font size = ""10"" color=""ffffff""]變更流派紋章。 color=""ffffff""]您要變更流派紋章嗎？ | lang0:lang0.pak:[align = ""center""][font size = ""12"" color=""f4d762""]Change Guild Emblem[/font][br][br][font size = ""10"" color=""ffffff""]If you want to change the guild emblem [br]You need to pay the following amount.[/font][br][br]Cost: %s Zeni[br][br][font size = ""10"" color=""ffffff""]Change Guild Emblem?[/font]"
DST_GUILD_CANCELED_DISSOLVE	2	2	lang0,taiwan	taiwan:local_data.dat:最高師範取消了流派解散申請。 | lang0:lang0.pak:Dissolve cancelled.
DST_GUILD_CANCEL_DISSOLVE	2	2	lang0,taiwan	"taiwan:local_data.dat:[align =""center""][font size=""12""color=""f4d762""]取消解散流派[/font][br][br][font size=""10""color=""269eff""]取消申請流派。[font size=""10""color=""269eff""]取消申請流派。 size=""10""color=""ffffff""]您要取消流派解散申請嗎?[/font] | lang0:lang0.pak:[align =""center""][font size=""12""color=""f4d762""]Guild Dissolve[/font][br][br][font size=""10""color=""269eff""]Cancel the guild dissolve.[/font][br][br][font size=""10""color=""ffffff""]You want to cancel the dissolve?[/font]"
DST_GUILD_CHANGED_GUILD_NAME	2	2	lang0,taiwan	taiwan:local_data.dat:流派名稱已變更。 | lang0:lang0.pak:Guild Renamed
DST_GUILD_CHANGED_GUILD_NOTICE	2	2	lang0,taiwan	taiwan:local_data.dat:有新的流派公告，請在流派視窗中確認。 | lang0:lang0.pak:New Notice
DST_GUILD_CHANGED_GUILD_NOTICE_SUCCESS	2	2	lang0,taiwan	taiwan:local_data.dat:完成新流派公告。 | lang0:lang0.pak:New Notice
DST_GUILD_CHANGE_GUILD_EMBLEM	2	2	lang0,taiwan	taiwan:local_data.dat:新的流派紋章已變更。 | lang0:lang0.pak:Emblem Changed
DST_GUILD_CHANGE_GUILD_NAME	2	2	lang0,taiwan	"taiwan:local_data.dat:[align = ""center""][font size = ""12"" color=""f4d762""]變更流派名稱[/font][br][br][font size = ""10"" color=""269eff""[br][font size = ""10"" color=""269eff""][br][font] 類型的名稱請輸入]。 ""10"" color=""f36a7c""]可輸入2字～16字[br](中文基準)。 | lang0:lang0.pak:[align = ""center""][font size = ""12"" color=""f4d762""]Change Guild Name[/font] [br][br][font size = ""10"" color=""269eff""]New Name:[/font][br][br][font size = ""10"" color=""f36a7c""]2-16 Characters[/font][br]"
DST_GUILD_CHANGE_MASTER	2	2	lang0,taiwan	taiwan:local_data.dat:已任命%s為流派的新最高師父。 | lang0:lang0.pak:%s is the New Master
DST_GUILD_CLASS_CHANGE_MEMBER	2	2	lang0,taiwan	taiwan:local_data.dat:流派成員 %s 變成 %s 了。 | lang0:lang0.pak:%s  %s
DST_GUILD_CONTRIBUTION_ZENNY	2	2	lang0,taiwan	"taiwan:local_data.dat:[align = ""center""][font size = ""12"" color=""f4d762""]捐贈索尼[br](取得流派點數)[/font][br][br][font size = ""10"" color=""269eff""]捐贈索尼給流派管理人的話，[br]將可獲得流派點數。 color=""f4d762""]所選捐款金額: %s Sony[br](10,000 Sony = 5 流派點數)[/font][br][br][font size = ""10"" color=""ffffff""]您要捐款給索尼嗎？ | lang0:lang0.pak:[align = ""center""][font size = ""12"" color=""f4d762""]Zeni Donation[br](for style points)[/font][br][br][font size = ""10"" color=""269eff""]By donating Zeni[br]The guild gets points[br]To expand the guild.[/font][br][br][font size = ""10"" color=""ffffff""]Donation Amount:[/font][br][br][font size = ""10"" color=""f4d762""]Selected Amount: %s Zeni[br](10000 Zeni = 5 Style Points)[/font][br][br][font size = ""10"" color=""ffffff""]Donate Zeni?[/font]"
DST_GUILD_CONTRIBUTION_ZENNY_NOTIFY	2	2	lang0,taiwan	taiwan:local_data.dat:為促進流派繁榮捐贈了索尼。 | lang0:lang0.pak:Zeni for the Guild
DST_GUILD_CONTRIBUTION_ZENNY_OTHERS	2	2	lang0,taiwan	taiwan:local_data.dat:%s 為了促進流派繁榮，捐贈了 %s 索尼。 | lang0:lang0.pak:%s donated %s Zeni to Guild
DST_GUILD_CREATE	2	2	lang0,taiwan	taiwan:local_data.dat:建立新流派。 | lang0:lang0.pak:Guild Created
DST_GUILD_CREATE_GUILD_EMBLEM	2	2	lang0,taiwan	taiwan:local_data.dat:完成新的流派紋章。 | lang0:lang0.pak:Emblem Made
DST_GUILD_CREATE_NFY	2	2	lang0,taiwan	taiwan:local_data.dat:成立新流派 %s 。 | lang0:lang0.pak:%s was created.
DST_GUILD_CURRNET_POINT	2	2	lang0,taiwan	taiwan:local_data.dat:現在流派點數 | lang0:lang0.pak:Style Points
DST_GUILD_CURRNET_POINT_EXPAIN	2	2	lang0,taiwan	taiwan:local_data.dat:流派名譽合算 : %d, 流派員的名譽合算 : %d | lang0:lang0.pak:Donation: %d, Gained: %d
DST_GUILD_CUR_POS	2	2	lang0,taiwan	taiwan:local_data.dat:現在位置 | lang0:lang0.pak:Area
DST_GUILD_DECLINE	2	2	lang0,taiwan	taiwan:local_data.dat:%s 謹慎的拒絕了流派申請。 | lang0:lang0.pak:%s Declined
DST_GUILD_DISBAND	2	2	lang0,taiwan	taiwan:local_data.dat:流派已解散，辛苦了。 | lang0:lang0.pak:Guild Disband
DST_GUILD_DISMISS_SECOND_MASTER	2	2	lang0,taiwan	taiwan:local_data.dat:%s 的職位由師父變更為流派會員。 | lang0:lang0.pak:%s was demoted.
DST_GUILD_DISMISS_SECOND_MASTER_REQ	2	2	lang0,taiwan	"taiwan:local_data.dat:[align = ""center""][font size = ""12"" color=""f4d762""]剝奪流派師父職位[/font][br][br][font size = ""10""]剝奪流派師父職位[/font][br][br][font size = ""10"""" font)[367][367][367]]]]。 size = ""10"" color=""ffffff""]剝奪下列玩家的權限。 | lang0:lang0.pak:[align = ""center""][font size = ""12"" color=""f4d762""]Deprived of the Jr. Master position[/font][br][br][font size = ""10"" color=""ffffff""]Deprived of the following player privileges.[/font][br][br][font size = ""10"" color=""f36a7c""]Player: %s[/font][br][br][font size = ""10"" color=""ffffff""]Do you want to deprive Jr. Master authority?[/font]"
DST_GUILD_DO_DISSOLVE	2	2	lang0,taiwan	"taiwan:local_data.dat:[align = ""center""][font size = ""12"" color=""f4d762""]流派解散 [/font][br][br][font size = ""10"" color=""f36a""[br][br][font size = ""10"" color=""f36a7c"")，申請流派可以取消（br7]。 [/font][br][br][font size = ""10"" color=""ffffff""]您確定要申請解散流派嗎？ | lang0:lang0.pak:[align = ""center""][font size = ""12"" color=""f4d762""]Disband Guild[/font][br][br][font size = ""10"" color=""f36a7c""]Disbanding a guild will remove the guild name.[br][br](The guild will be removed instantly) [/font][br][br][font size = ""10"" color=""ffffff""]Start disbanding Guild?[/font]"
DST_GUILD_DO_MAKE	2	2	lang0,taiwan	"taiwan:local_data.dat:[align = ""center""][font size = ""12"" color=""f4d762""]建立類型[/font][br][br][font size = ""10"" color=""269eff""]創建屬於您的流派募集流派會員，[br]將可擁有您的道場或是[br]體驗更多樣化的內容。 color=""f36a7c""]所需等級：隊長需達 Lv 30[br]所需人員：5名未加入流派的隊員(含隊長)[br]所需索尼 : 200,000 索尼[br]流派名稱 : 2字～16字[/font][br][br][Sony[br]類型名稱 : 2字～16字[/font][br][br][Sfont size = ""ffff""""/"">""fff"""" | lang0:lang0.pak:[align = ""center""][font size = ""12"" color=""f4d762""]Guild Creation[/font][br][br][font size = ""10"" color=""269eff""]Gather your party members[br]Creating a guild provides a variety of content[br]to enjoy.[/font][br][br][font size = ""10"" color=""ffffff""][/font]To create Guild[br]The following are required.[br][br][font size = ""10"" color=""f36a7c""]Required level: Lvl 30[br]Party size: 5[br]Zeni: 200,000[br]Guild Name: Must be 2-16 characters[/font][br][br][font size = ""10"" color=""ffffff""]Enter name and press Ok.[/font]"
DST_GUILD_DO_NOT_FUNC_FOR_DISBAND	2	2	lang0,taiwan	taiwan:local_data.dat:流派解散期中無法使用。 | lang0:lang0.pak:Break
DST_GUILD_EMBLEM_EXPLAIN_1	2	2	lang0,taiwan	taiwan:local_data.dat:請組合紋章、邊框、背景。 | lang0:lang0.pak:text, templates, backgrounds, combine
DST_GUILD_EMBLEM_EXPLAIN_2	2	2	lang0,taiwan	taiwan:local_data.dat:(可以挑選顏色。) | lang0:lang0.pak:(can be set separately for each color)
DST_GUILD_EMBLEM_INFO	2	2	lang0,taiwan	taiwan:local_data.dat:尚無流派紋章。 | lang0:lang0.pak:Emblem
DST_GUILD_EMBLEM_MODIFY_INFO	2	2	lang0,taiwan	taiwan:local_data.dat:變更流派紋章 | lang0:lang0.pak:Style Changes
DST_GUILD_EMBLEM_TITLE	2	2	lang0,taiwan	taiwan:local_data.dat:編輯流派紋章 | lang0:lang0.pak:Logo
DST_GUILD_EMPTY	2	2	lang0,taiwan	taiwan:local_data.dat:尚未加入流派。 | lang0:lang0.pak:Not in a Guild
DST_GUILD_ENTRUST_MASTER	2	2	lang0,taiwan	"taiwan:local_data.dat:[align = ""center""][font size = ""12"" color=""f4d762""]最高師父權限轉移[/font][br][br][font size = ""10"" color=""f36a7c""]轉讓最高師父的所有權限。 color=""f4d762""]取得權限物件 : %s[/font][br][br][font size = ""10"" color=""ffffff""]您要轉讓權限嗎？ | lang0:lang0.pak:Assign Guild Master %s"
DST_GUILD_EXPIRED	2	2	lang0,taiwan	taiwan:local_data.dat:%s 沒有回應流派邀請。 | lang0:lang0.pak:%s Didn't respond to the Invite
DST_GUILD_GYM	2	2	lang0,taiwan	taiwan:local_data.dat:所屬道場 | lang0:lang0.pak:Dojo
DST_GUILD_INVITE	2	2	lang0,taiwan	taiwan:local_data.dat:招待%s參加流派。 | lang0:lang0.pak:%s Invited
DST_GUILD_INVITE_REQ	2	2	lang0,taiwan	"taiwan:local_data.dat:[align = ""center""][font size = ""12"" color=""f4d762""]申請加入流派[/font][br][br][font size = ""10"" color=""2699""]已被申請加入了申請的流派。 color=""ffffff""][br][br][font size = ""10"" color = ""ffffff""]%s 您要申請加入流派嗎？ [/font] | lang0:lang0.pak:[align = ""center""][font size = ""12"" color=""f4d762""]Guild Join Request[/font] [br][br][font size = ""10"" color=""269eff""]You have received a Guild Invite[/font][br][br][font size = ""10"" color = ""ffffff""]Do you want to join %s ?[/font][br]"
DST_GUILD_INVITE_RES	2	2	lang0,taiwan	taiwan:local_data.dat:恭喜您，成功加入流派了。 | lang0:lang0.pak:You are now in a Guild!
DST_GUILD_IS_ONLY_MASTER	2	2	lang0,taiwan	taiwan:local_data.dat:限流派最高師範可以使用。 | lang0:lang0.pak:Master Only
DST_GUILD_KICKOUT_MEMBER	2	2	lang0,taiwan	taiwan:local_data.dat:%s 被驅逐了。 | lang0:lang0.pak:%s was expelled from the Guild
DST_GUILD_KICK_OUT	2	2	lang0,taiwan	"taiwan:local_data.dat:[align = ""center""][font size = ""12"" color=""f4d762""]流派驅逐[/font][br][br][font size = ""10"" color=""f36a7c""""/font[br][您可以驅逐類型][br]/fonts [br] 貢獻的流派[br][br][br]) [br]。 ""10"" color=""ffffff""]驅逐下列玩家。 | lang0:lang0.pak:[align = ""center""][font size = ""12"" color=""f4d762""]Dismiss[/font][br][br][font size = ""10"" color=""f36a7c""]Dismiss the player from the guild.[/font][br][br][font size = ""10"" color=""f36a7c""]Player: %s[/font][br][br][font size = ""10"" color=""ffffff""]Are you sure, to dismiss the player?[/font]"
DST_GUILD_LEAVE	2	2	lang0,taiwan	taiwan:local_data.dat:流派退出 | lang0:lang0.pak:Leave
DST_GUILD_LEAVE_ASK	2	2	lang0,taiwan	"taiwan:local_data.dat:[align =""center""][font size=""12""color=""f4d762""]退出流派[/font][br][br][font size=""10""color=""ffffff""]真的要退出流派嗎?[/font] | lang0:lang0.pak:[align = ""center""][font size=""12""color=""f4d762""]Leave Guild[/font][br][br][font size=""10""color=""ffffff""]You are sure to leave the Guild?[/font]"
DST_GUILD_LEAVE_AVATAR	2	2	lang0,taiwan	taiwan:local_data.dat:已退出流派。 | lang0:lang0.pak:You left the Guild
DST_GUILD_LEAVE_MEMBER	2	2	lang0,taiwan	taiwan:local_data.dat:%s 已退出流派。 | lang0:lang0.pak:%s has left the Guild
DST_GUILD_LEVEL	2	2	lang0,taiwan	taiwan:local_data.dat:等級 | lang0:lang0.pak:Lv.
DST_GUILD_LEVEL_CHANGE_MEMBER	2	2	lang0,taiwan	taiwan:local_data.dat:流派會員%s 已經達到%d 等級了。 | lang0:lang0.pak:%s is now Lv.%d
DST_GUILD_MASTER	2	2	lang0,taiwan	taiwan:local_data.dat:最高師範 | lang0:lang0.pak:Master
DST_GUILD_MAX_POINT	2	2	lang0,taiwan	taiwan:local_data.dat:最大流派點數 | lang0:lang0.pak:Max Points
DST_GUILD_MAX_POINT_EXPAIN	2	2	lang0,taiwan	taiwan:local_data.dat:以此獲得流派權限。\n比現在流派點數多的時候將會更新最大流派點數。 | lang0:lang0.pak:Get Points for Skills.
DST_GUILD_MEMBER	2	2	lang0,taiwan	taiwan:local_data.dat:流派成員 | lang0:lang0.pak:Members
DST_GUILD_NAME_RULE	2	2	lang0,taiwan	taiwan:local_data.dat:流派名稱請輸入中文2~16個字。 | lang0:lang0.pak:Name must be 2-16 characters
DST_GUILD_NEW_MEMBER	2	2	lang0,taiwan	taiwan:local_data.dat:%s已加入流派了。 | lang0:lang0.pak:%s has joined the Guild
DST_GUILD_NOTICE	2	2	lang0,taiwan	taiwan:local_data.dat:流派公告 | lang0:lang0.pak:Notice
DST_GUILD_NOTICE_DISSOLVE	2	2	lang0,taiwan	taiwan:local_data.dat:已收到最高師父解散流派的申請，流派解散預定日期為 %d年 %d月 %d日(%s) %d點 %d分。 | lang0:lang0.pak:Guild will be disbanded.\nDate %dYear %dMonth %dDay (%s) at %d:%dMin.
DST_GUILD_NOTICE_TITLE	2	2	lang0,taiwan	taiwan:local_data.dat:流派公告輸入 | lang0:lang0.pak:Notice
DST_GUILD_NOT_JOIN	2	2	lang0,taiwan	taiwan:local_data.dat:尚未加入流派。 | lang0:lang0.pak:Not in a Guild
DST_GUILD_NOT_SELECT_EMBLEM	2	2	lang0,taiwan	taiwan:local_data.dat:必須選擇紋章、邊框、背景來完成流派紋章。 | lang0:lang0.pak:background, framework, etc.
DST_GUILD_ONLINE_MEMBER	2	2	lang0,taiwan	taiwan:local_data.dat:流派成員 %s 已上線。 | lang0:lang0.pak:%s is Online
DST_GUILD_SECOND_MASTER	2	2	lang0,taiwan	taiwan:local_data.dat:師範 | lang0:lang0.pak:Jr. Master
DST_GUILD_SECOND_MASTER_APPOINTED	2	2	lang0,taiwan	taiwan:local_data.dat:%s被任命為流派師父。 | lang0:lang0.pak:%s has been appointed as Jr. Master
DST_GUILD_SETUP_EMBLEM_COLOR	2	2	lang0,taiwan	taiwan:local_data.dat:流派紋章顏色設定 | lang0:lang0.pak:Logo Color
DST_GUILD_WAREHOUSE_CAN_NOT_DISCARD	2	2	lang0,taiwan	taiwan:local_data.dat:流派倉庫的道具不可破壞。 | lang0:lang0.pak:No-Discard
DST_GUILD_WAREHOUSE_SAVE_ZENNY	2	2	lang0,taiwan	taiwan:local_data.dat:流派倉庫中保管了 %s 索尼。 | lang0:lang0.pak:%s Zeni Stored
DST_GUILD_WAREHOUSE_ZENNY_DRAW_OUT	2	2	lang0,taiwan	taiwan:local_data.dat:從流派倉庫中領取了 %s Sony。 | lang0:lang0.pak:Drew %s Zeni from Bank
DST_GUN	2	2	lang0,taiwan	taiwan:local_data.dat:槍 | lang0:lang0.pak:Gun
DST_GUN_MANIA	2	2	lang0,taiwan	taiwan:local_data.dat:Gunmania | lang0:lang0.pak:Gun Maniac
DST_HELPWND_GOLIST	2	2	lang0,taiwan	taiwan:local_data.dat:回到目錄 | lang0:lang0.pak:Jump To
DST_HELPWND_HELPCONTENTS	2	2	lang0,taiwan	taiwan:local_data.dat:說明目錄 | lang0:lang0.pak:Contents
DST_HELPWND_PETITION_TO_GM	2	2	lang0,taiwan	taiwan:local_data.dat:GM商談 | lang0:lang0.pak:GM Help
DST_HELPWND_TITLE	2	2	lang0,taiwan	taiwan:local_data.dat:小幫手 | lang0:lang0.pak:Help
DST_HELPWND_TOP_TITLE	2	2	lang0,taiwan	taiwan:local_data.dat:七龍珠Online使用說明 | lang0:lang0.pak:Dragon Ball Online Guide
DST_HLS_ALREADY_CONFIRM	2	2	lang0,taiwan	taiwan:local_data.dat:購買確認視窗已開啟。 | lang0:lang0.pak:Confirmation Already Opened
DST_HLS_ALREADY_GIFT	2	2	lang0,taiwan	taiwan:local_data.dat:送禮視窗已開啟。 | lang0:lang0.pak:Gift Window Already Open
DST_HLS_CANT_SEARCH_IN_CURRENT_TAB	2	2	lang0,taiwan	taiwan:local_data.dat:搜尋不到任何結果 | lang0:lang0.pak:You can't search on this tab.
DST_HLS_CASHCHARGE	2	2	lang0,taiwan	taiwan:local_data.dat:儲值 | lang0:lang0.pak:Charge
DST_HLS_CONFIRM_BTN_BUY	2	2	lang0,taiwan	taiwan:local_data.dat:購買 | lang0:lang0.pak:Buy
DST_HLS_CONFIRM_BTN_CANCEL	2	2	lang0,taiwan	taiwan:local_data.dat:取消 | lang0:lang0.pak:Cancel
DST_HLS_CONFIRM_BTN_CASHCHARGE	2	2	lang0,taiwan	taiwan:local_data.dat:儲值現金 | lang0:lang0.pak:Charge
DST_HLS_CONFIRM_BTN_OK	2	2	lang0,taiwan	taiwan:local_data.dat:確認 | lang0:lang0.pak:Ok
DST_HLS_CONFIRM_BUY_TITLE	2	2	lang0,taiwan	taiwan:local_data.dat:購買確認 | lang0:lang0.pak:Confirm Purchase
DST_HLS_CONFIRM_DURATION	2	2	lang0,taiwan	taiwan:local_data.dat:使用期現 : %s | lang0:lang0.pak:Duration: %s
DST_HLS_CONFIRM_GIFT_CHARACTER	2	2	lang0,taiwan	taiwan:local_data.dat:角色 | lang0:lang0.pak:Character
DST_HLS_CONFIRM_GIFT_SELECT_PLAYER	2	2	lang0,taiwan	taiwan:local_data.dat:收禮物件 | lang0:lang0.pak:Select Player
DST_HLS_CONFIRM_GIFT_SERVER	2	2	lang0,taiwan	taiwan:local_data.dat:伺服器 | lang0:lang0.pak:Servers
DST_HLS_CONFIRM_GIFT_TITLE	2	2	lang0,taiwan	taiwan:local_data.dat:送禮 | lang0:lang0.pak:Gift
DST_HLS_CONFIRM_GIFT_WHO	2	2	lang0,taiwan	taiwan:local_data.dat:您要送給誰呢? | lang0:lang0.pak:Gift Who?
DST_HLS_CONFIRM_HAVE_CASH	2	2	lang0,taiwan	taiwan:local_data.dat:持有現金 | lang0:lang0.pak:Have Cash
DST_HLS_CONFIRM_HTML_GUIDE	2	2	lang0,taiwan	taiwan:local_data.dat: | lang0:lang0.pak:Purchases are Not Refundable.
DST_HLS_CONFIRM_NEED_CASH	2	2	lang0,taiwan	taiwan:local_data.dat:購買現金 | lang0:lang0.pak:Need Cash
DST_HLS_CONFIRM_REMAIN_CASH	2	2	lang0,taiwan	taiwan:local_data.dat:剩餘現金 | lang0:lang0.pak:Remain
DST_HLS_CONFIRM_RESULT_GUIDE	2	2	lang0,taiwan	taiwan:local_data.dat:預購買內容如下。請按確認鍵完成購買。 | lang0:lang0.pak:Info Shown Below. Hit OK to Complete.
DST_HLS_CONFIRM_TITLE	2	2	lang0,taiwan	taiwan:local_data.dat:購物 | lang0:lang0.pak:Buy
DST_HLS_GIFT_CHAR_NAME_GUIDE	2	2	lang0,taiwan	taiwan:local_data.dat:請輸入接收禮物的玩家姓名。 | lang0:lang0.pak:Enter Player Name
DST_HLS_HAVE_CASH	2	2	lang0,taiwan	taiwan:local_data.dat:持有現金 | lang0:lang0.pak:Cash
DST_HLS_HAVE_COIN	2	2	lang0,taiwan	taiwan:local_data.dat:持有硬幣 | lang0:lang0.pak:Coins
DST_HLS_HAVE_EVENTCOIN	2	2	lang0,taiwan	taiwan:local_data.dat:活動代幣 | lang0:lang0.pak:Event Coin
DST_HLS_INIT_SEARCH	2	2	lang0,taiwan	taiwan:local_data.dat: 初始化 | lang0:lang0.pak:Refresh
DST_HLS_ITEM_BUY_SUCCESS	2	2	lang0,taiwan	taiwan:local_data.dat:購入現金道具。 | lang0:lang0.pak:Item Bought
DST_HLS_ITEM_GIFT_SUCCESS	2	2	lang0,taiwan	taiwan:local_data.dat:贈送現金道具。 | lang0:lang0.pak:Item Gifted
DST_HLS_ITEM_NOT_CONFIRM_GIFT	2	2	lang0,taiwan	taiwan:local_data.dat:有尚卻確認的禮物。 | lang0:lang0.pak:Gift Not Confirmed
DST_HLS_ITEM_TOOLTIP_DURATION_TYPE_LIMIT	2	2	lang0,taiwan	taiwan:local_data.dat:時間制 | lang0:lang0.pak:Limit
DST_HLS_ITEM_TOOLTIP_DURATION_TYPE_NOLIMIT	2	2	lang0,taiwan	taiwan:local_data.dat:消耗性道具 | lang0:lang0.pak:Consumable
DST_HLS_ITEM_TOOLTIP_PACKAGE	2	2	lang0,taiwan	taiwan:local_data.dat:套裝組合 | lang0:lang0.pak:Package
DST_HLS_ITEM_TOOLTIP_PACKAGE_ITEM	2	2	lang0,taiwan	taiwan:local_data.dat:%s %d個 | lang0:lang0.pak:%s %d more
DST_HLS_ITEM_TYPE_ACCOUNT_STORE	2	2	lang0,taiwan	taiwan:local_data.dat:增加倉庫使用期限。 | lang0:lang0.pak:Extend Time of Bank Account
DST_HLS_ITEM_TYPE_ADD_CHARACTER	2	2	lang0,taiwan	taiwan:local_data.dat:增加上級戰士產生次數。 | lang0:lang0.pak:Seniors can add more Characters
DST_HLS_ITEM_TYPE_ADD_CHARACTER_PLUS	2	2	lang0,taiwan	taiwan:local_data.dat:可新增角色。 | lang0:lang0.pak:You can add a Character
DST_HLS_ITEM_TYPE_EXP_ZENNY	2	2	lang0,taiwan	taiwan:local_data.dat:經驗值及索尼加倍獲得時間延長。 | lang0:lang0.pak:Add Zeni to Gain Bonus EXP
DST_HLS_ITEM_TYPE_GMT	2	2	lang0,taiwan	taiwan:local_data.dat:增加修練時間重新設定次數。 | lang0:lang0.pak:Extend Time
DST_HLS_ITEM_TYPE_ITEM_CREATE	2	2	lang0,taiwan	taiwan:local_data.dat:道具將存放於膠囊盒裡。 | lang0:lang0.pak:Cash Shop Capsule
DST_HLS_ITEM_TYPE_PACKAGE	2	2	lang0,taiwan	taiwan:local_data.dat:套裝道具 | lang0:lang0.pak:Bundles
DST_HLS_QUICK_LINK	2	2	lang0,taiwan	taiwan:local_data.dat:購買相關商品 | lang0:lang0.pak:Related Items
DST_HLS_REFRESH	2	2	lang0,taiwan	taiwan:local_data.dat:重新整理 | lang0:lang0.pak:Refresh
DST_HLS_SEARCH	2	2	lang0,taiwan	taiwan:local_data.dat: 搜尋 | lang0:lang0.pak:Search
DST_HLS_SEARCH_GUIDE	2	2	lang0,taiwan	taiwan:local_data.dat:請輸入要搜尋的道具名稱。 | lang0:lang0.pak:Enter Item Name
DST_HLS_SLOT_BUY	2	2	lang0,taiwan	taiwan:local_data.dat:購物 | lang0:lang0.pak:Buy
DST_HLS_SLOT_GIFT	2	2	lang0,taiwan	taiwan:local_data.dat:送禮 | lang0:lang0.pak:Gift
DST_HLS_SLOT_PREVIEW	2	2	lang0,taiwan	taiwan:local_data.dat:預覽 | lang0:lang0.pak:Preview
DST_HLS_TITLE	2	2	lang0,taiwan	taiwan:local_data.dat:高級膠囊商城 | lang0:lang0.pak:Cash Shop
DST_HOIPOIMIX_BUTTON_CREATE	2	2	lang0,taiwan	taiwan:local_data.dat:製作 | lang0:lang0.pak:Start
DST_HOIPOIMIX_BUTTON_STOP	2	2	lang0,taiwan	taiwan:local_data.dat:中止 | lang0:lang0.pak:Stop
DST_HOIPOIMIX_CONCENT_CATEGORY	2	2	lang0,taiwan	taiwan:local_data.dat:集中力控制 | lang0:lang0.pak:Controls
DST_HOIPOIMIX_CONCENT_CATEGORY_EX	2	2	lang0,taiwan	taiwan:local_data.dat:製作結果 | lang0:lang0.pak:Progress
DST_HOIPOIMIX_CONCENT_RATE_BAD	2	2	lang0,taiwan	taiwan:local_data.dat:糟糕 | lang0:lang0.pak:Bad
DST_HOIPOIMIX_CONCENT_RATE_GOOD	2	2	lang0,taiwan	taiwan:local_data.dat:尚可 | lang0:lang0.pak:Good
DST_HOIPOIMIX_CONCENT_RATE_PERFECT	2	2	lang0,taiwan	taiwan:local_data.dat:完美 | lang0:lang0.pak:Perfect
DST_HOIPOIMIX_CREATE	2	2	lang0,taiwan	taiwan:local_data.dat:製造道具製造 | lang0:lang0.pak:Create HoiPoi Mix
DST_HOIPOIMIX_CREATE_FAILED	2	2	lang0,taiwan	taiwan:local_data.dat:失敗-%s | lang0:lang0.pak:Failed-%s
DST_HOIPOIMIX_CREATE_FAILED_NOTIFY	2	2	lang0,taiwan	taiwan:local_data.dat:道具製造失敗!製造出 %s | lang0:lang0.pak:Failed Crafting! %s
DST_HOIPOIMIX_CREATE_FIRST_GUIDE	2	2	lang0,taiwan	taiwan:local_data.dat:使用空白見配合時機按下將會提升出現大成功的機率。 | lang0:lang0.pak:Press Space Bar at correct time to get -Superb- Crafting Bonus
DST_HOIPOIMIX_CREATE_NEED_MATERIAL	2	2	lang0,taiwan	taiwan:local_data.dat:材料不足無法設定數量。 | lang0:lang0.pak:Not enough materials
DST_HOIPOIMIX_CREATE_NEED_SET_NUMBER	2	2	lang0,taiwan	taiwan:local_data.dat:必須先設定數量方可開始進行製造。 | lang0:lang0.pak:Set # of items to Craft
DST_HOIPOIMIX_CREATE_SUCCESSED_NOTIFY	2	2	lang0,taiwan	taiwan:local_data.dat:膠囊混合的費用為 %d Sony。 | lang0:lang0.pak:%d successful crafted.
DST_HOIPOIMIX_CREATE_SUCCESS_GREAT	2	2	lang0,taiwan	taiwan:local_data.dat:大成功-%s | lang0:lang0.pak:Superb-%s
DST_HOIPOIMIX_CREATE_SUCCESS_GREAT_NOTIFY	2	2	lang0,taiwan	taiwan:local_data.dat:膠囊混合大成功!製造出 %s 。 | lang0:lang0.pak:Superb! %s Crafted Bonus
DST_HOIPOIMIX_CREATE_SUCCESS_NORMAL	2	2	lang0,taiwan	taiwan:local_data.dat:成功-%s | lang0:lang0.pak:Success-%s
DST_HOIPOIMIX_CREATE_SUCCESS_NORMAL_NEW	2	2	lang0,taiwan	taiwan:local_data.dat:成功-%s (%s) | lang0:lang0.pak:Success-%s (%s)
DST_HOIPOIMIX_CREATE_SUCCESS_NORMAL_NOTIFY	2	2	lang0,taiwan	taiwan:local_data.dat:膠囊混合成功!製造出 %s 。 | lang0:lang0.pak:Success! %s Crafted.
DST_HOIPOIMIX_CREATE_SUCCESS_NORMAL_NOTIFY_NEW	2	2	lang0,taiwan	taiwan:local_data.dat:成功!完成製作%s (%s)了 | lang0:lang0.pak:Success! %s (%s)Crafted.
DST_HOIPOIMIX_CREATE_TAB	2	2	lang0,taiwan	taiwan:local_data.dat:製造 | lang0:lang0.pak:Create
DST_HOIPOIMIX_EMPTY_BY_FILTER	2	2	lang0,taiwan	taiwan:local_data.dat:無此分類的食譜。 | lang0:lang0.pak:No Recipes found
DST_HOIPOIMIX_EP_CONTROL_NEED_MORE_EP	2	2	lang0,taiwan	taiwan:local_data.dat:EP不足無法提升集中力。 | lang0:lang0.pak:Need more EP
DST_HOIPOIMIX_EP_CONTROL_NOTICE_MSGBOX	2	2	lang0,taiwan	"taiwan:local_data.dat:[align = ""center""][font size = ""12"" color=""f4d762""]膠囊混合法[/font][br][br][font size = ""10"" color=""269eff""][/font]提升集中力時，[br]將會消耗EP。 color=""f36a7c""]若EP沒有恢復的話，根據機率將只能製作出基本成功的道具。 | lang0:lang0.pak:[align = ""center""]HoiPoi Mix Guide[br][br]The concentration control[br]EP is used[br][br]You can't create item when EP is low[br]Please stop, and recover your EP[br][br]If you proceed without EP, chance of success is lower[br][br]Do you want to mix?"
DST_HOIPOIMIX_FARERATE	2	2	lang0,taiwan	taiwan:local_data.dat:攪拌機使用費設定 | lang0:lang0.pak:Mix Machine Setup Fee
DST_HOIPOIMIX_GUIDE_ALREADY_REGIST_THIS_MATERIAL	2	2	lang0,taiwan	taiwan:local_data.dat:此資料已登入，請在解除後重新登入。 | lang0:lang0.pak:Item already Registered
DST_HOIPOIMIX_GUIDE_CAN_NOT_DEVIDE_MATERIAL	2	2	lang0,taiwan	taiwan:local_data.dat:材料登入時無法分開登入。 | lang0:lang0.pak:Can't Divide Item
DST_HOIPOIMIX_GUIDE_CAN_NOT_REGIST_MATERIAL_FOR_CREATING	2	2	lang0,taiwan	taiwan:local_data.dat:製造中的材料無法登入。 | lang0:lang0.pak:Can't register
DST_HOIPOIMIX_GUIDE_CAN_NOT_UNREGIST_MATERIAL_FOR_CREATING	2	2	lang0,taiwan	taiwan:local_data.dat:製造中的材料無法解除登入。 | lang0:lang0.pak:Can't unregister
DST_HOIPOIMIX_GUIDE_NEED_TO_CLOSE_RECIPE_WINDOW	2	2	lang0,taiwan	taiwan:local_data.dat:請關閉已開啟的食譜目錄視窗後執行。 | lang0:lang0.pak:Close Window
DST_HOIPOIMIX_GUIDE_NEED_TO_CORRECT_MATERIAL	2	2	lang0,taiwan	taiwan:local_data.dat:請登入適合的材料。 | lang0:lang0.pak:Wrong Item
DST_HOIPOIMIX_GUIDE_NEED_TO_REGIST_REQUIRED_MATERIAL	2	2	lang0,taiwan	taiwan:local_data.dat:請登入所需的材料後再製造。 | lang0:lang0.pak:Register the items.
DST_HOIPOIMIX_GUIDE_NEED_TO_UNREGIST_MATERIAL	2	2	lang0,taiwan	taiwan:local_data.dat:必須解除已登入資料後再繼續登入。 | lang0:lang0.pak:Unregister Item
DST_HOIPOIMIX_GUI_TITLE	2	2	lang0,taiwan	taiwan:local_data.dat:混合膠囊 | lang0:lang0.pak:HoiPoi Mix
DST_HOIPOIMIX_INFOWND_NEED_TO_CREATE	2	2	lang0,taiwan	taiwan:local_data.dat:進行製造需要下列道具。 | lang0:lang0.pak:Item needed
DST_HOIPOIMIX_MACHINE_CREATE_FAIL_BY_POSITION	2	2	lang0,taiwan	taiwan:local_data.dat:此地無法產生膠囊攪拌機。 | lang0:lang0.pak:Can't Generate HoiPoi Mix in this Location
DST_HOIPOIMIX_MACHINE_DEL	2	2	lang0,taiwan	taiwan:local_data.dat:回收攪拌機 | lang0:lang0.pak:Recover Machine
DST_HOIPOIMIX_MATERIAL_CATEGORY	2	2	lang0,taiwan	taiwan:local_data.dat:混合材料及數量設定 | lang0:lang0.pak:Prepare
DST_HOIPOIMIX_NEED_TO_SELECT_RECIPE	2	2	lang0,taiwan	taiwan:local_data.dat:請選擇要使用的食譜。 | lang0:lang0.pak:Choose a Recipe!
DST_HOIPOIMIX_PREVIEW_CATEGORY	2	2	lang0,taiwan	taiwan:local_data.dat:預覽 | lang0:lang0.pak:Preview
DST_HOIPOIMIX_RECIPE_FILTER_BUILT_IN	2	2	lang0,taiwan	taiwan:local_data.dat:活動 | lang0:lang0.pak:Built
DST_HOIPOIMIX_RECIPE_FILTER_NORMAL	2	2	lang0,taiwan	taiwan:local_data.dat:一般 | lang0:lang0.pak:Normal
DST_HOIPOIMIX_RECIPE_FILTER_SPECIAL	2	2	lang0,taiwan	taiwan:local_data.dat:特殊 | lang0:lang0.pak:Special
DST_HOIPOIMIX_RECIPE_FILTER_TOTAL	2	2	lang0,taiwan	taiwan:local_data.dat:全部 | lang0:lang0.pak:Total
DST_HOIPOIMIX_RECIPE_TAB	2	2	lang0,taiwan	taiwan:local_data.dat:食譜 | lang0:lang0.pak:Recipes
DST_HOIPOIMIX_REGISTER_RECIPE	2	2	lang0,taiwan	taiwan:local_data.dat:%s已登入史考特。 | lang0:lang0.pak:%s Recorded
DST_HOIPOIMIX_REGISTER_SKILL	2	2	lang0,taiwan	taiwan:local_data.dat:習得了%s 製造技術。 | lang0:lang0.pak:%s crafting learned.
DST_HOIPOIMIX_REQUIRED_LEVEL	2	2	lang0,taiwan	taiwan:local_data.dat:製造所需的攪拌等級 : %d | lang0:lang0.pak:Required Lv.%d
DST_HOIPOIMIX_REQUIRED_ZENNY	2	2	lang0,taiwan	taiwan:local_data.dat:製造費用 : %d | lang0:lang0.pak:Cost: %d
DST_HOIPOIMIX_REQUIRED_ZENNY_ON_MIXMACHINE	2	2	lang0,taiwan	taiwan:local_data.dat:[攪拌機折扣] 製造費用 : %d | lang0:lang0.pak:[Off] repair: %d
DST_HOIPOIMIX_SKILL_RESET_MSGBOX	2	2	lang0,taiwan	"taiwan:local_data.dat:[align = ""center""][font size = ""12"" color=""f4d762""]放棄製造技術[/font][br][br][font size = ""10"" color=""269eff""]放棄製造技術的話，將無法製造[br]利用該製造技術的道具。 color=""f36a7c""]放棄製造技術的話，現在所習得[br]與該製造技術相關的食譜[br]將會消失，請慎重的做出決定。 | lang0:lang0.pak:[align = ""center""]Crafting Reset[br][br]If you lose Crafting[br]you can't make the Items anymore[br][br]you lose : %s[br][br]if you drop crafting[br]all recipes delete[br][br]Unlearn this crafting specialty?"
DST_HOIPOIMIX_SKILL_RESET_RESULT	2	2	lang0,taiwan	taiwan:local_data.dat:放棄了%s 製造技術。 | lang0:lang0.pak:%s Unlearned
DST_HOIPOIMIX_SKILL_SET_MSGBOX	2	2	lang0,taiwan	"taiwan:local_data.dat:[align = ""center""][font size = ""12"" color=""f4d762""]學習製造技術[/font][br][br][font size = ""10"" color=""269eff""]習得製造技術的話，可以利用製造技術[br]製造道具。 [/font][br][br][font size = ""10"" color=""ffffff""]欲學習製造技術的話，[br]需要下列條件。 %s[br][br][font size = ""10"" color=""f36a7c""]所需等級 : %d 等級以上[br]所需索尼 : %s color[br][br][font size = ""10"" color=""f4d762""br[2]br.取得材料[br]4. 利用攪拌機混合[/font][br][br][font size = ""10"" color=""ffffff""]您確定要學習製造技術嗎？ | lang0:lang0.pak:[align = ""center""]Learn crafting:[br][br]Through crafting[br]Items can be created.[br][br]For this crafting specialty[br]you require:[br][br]To learn crafting: %s[br][br]Level : %d or higher[br]Zeni : %s[br][br]Craft as follow:[br]1. Learn crafting Technique[br]2. Get Recipe[br]3. Get Materials[br]4. Mix in Mix Machine[br][br]Do you want to learn this specialty?"
DST_HOIPOIMIX_TOOLTIP_CALC	2	2	lang0,taiwan	taiwan:local_data.dat:設定要製造的個數。 | lang0:lang0.pak:Set number of items to craft
DST_HOIPOIMIX_TOOLTIP_CREATE	2	2	lang0,taiwan	taiwan:local_data.dat:配合時間點正確按下空白鍵，即可提升集中力(消耗EP)產生混合的大成功。 | lang0:lang0.pak:Press Space exactly when blue bar is between the green lines.
DST_HOIPOIMIX_TOOLTIP_CREATE_NEW	2	2	lang0,taiwan	"taiwan:local_data.dat:依據製造的機率可生產出不同等級的道具.""依據製造的機率可生產出不同等級的道具. | lang0:lang0.pak:Can create different quality Item."
DST_HOIPOIMIX_TOOLTIP_MAX	2	2	lang0,taiwan	taiwan:local_data.dat:自動設定為持有材料可製作的最大數量。 | lang0:lang0.pak:Set number of items to craft
DST_HOIPOIMIX_TOOLTIP_STOP	2	2	lang0,taiwan	taiwan:local_data.dat:可中斷正在進行的道具製造。 | lang0:lang0.pak:Stop the creating progress
DST_HOIPOIMIX_UNSET_FARERATE	2	2	lang0,taiwan	taiwan:local_data.dat:尚未完成混合攪拌機價格設定。 | lang0:lang0.pak:Price Unknown
DST_HUMAN	2	2	lang0,taiwan	taiwan:local_data.dat:人類 | lang0:lang0.pak:Human
DST_HUMAN_FIGHTER	2	2	lang0,taiwan	taiwan:local_data.dat:武道家 | lang0:lang0.pak:Martial Artist
DST_HUMAN_MYSTIC	2	2	lang0,taiwan	taiwan:local_data.dat:氣功師 | lang0:lang0.pak:Spiritualist
DST_H_FIGHTER_STREET_SWORD	2	2	lang0,taiwan	taiwan:local_data.dat:武術家, 格鬥家, 劍術家 | lang0:lang0.pak:Martial Artist Classes
DST_H_MYSTIC_CRANE_TURTLE	2	2	lang0,taiwan	taiwan:local_data.dat:氣功師, 鶴仙流, 龜仙流 | lang0:lang0.pak:Spiritualist Classes
DST_INFOWINDOW_CREATE_ITEM	2	2	lang0,taiwan	taiwan:local_data.dat:混合道具 | lang0:lang0.pak:Mix Item
DST_INFOWINDOW_MAKE_LEVEL	2	2	lang0,taiwan	taiwan:local_data.dat:製造等級 : %d | lang0:lang0.pak:Crafting Level : %d
DST_INFOWINDOW_MAKE_ZENNY	2	2	lang0,taiwan	taiwan:local_data.dat:製造費用 | lang0:lang0.pak:Fee
DST_INFOWINDOW_PREVIEW_MANUAL	2	2	lang0,taiwan	taiwan:local_data.dat:可利用 [Shift+滑鼠左鍵] 進行預覽 | lang0:lang0.pak:Use Shift+left mouse button to preview the item.
DST_INFOWINDOW_RECIPE_MAT	2	2	lang0,taiwan	taiwan:local_data.dat:食譜材料 | lang0:lang0.pak:Ingredients
DST_INFOWINDOW_SELL_PRICE	2	2	lang0,taiwan	taiwan:local_data.dat:販賣價格 | lang0:lang0.pak:Sale Price
DST_INFOWINDOW_USE_STATE	2	2	lang0,taiwan	taiwan:local_data.dat:使用條件 | lang0:lang0.pak:Conditions:
DST_INFOWINDOW_ZENNY	2	2	lang0,taiwan	taiwan:local_data.dat:%s 索尼 | lang0:lang0.pak:%s Zeni
DST_INFOWND_RPBONUS_CASTTIME	2	2	lang0,taiwan	taiwan:local_data.dat:準備時間減少 | lang0:lang0.pak:Casttime
DST_INFOWND_RPBONUS_COOLTIME	2	2	lang0,taiwan	taiwan:local_data.dat:冷卻時間減少 | lang0:lang0.pak:Cooldown
DST_INFOWND_RPBONUS_EP	2	2	lang0,taiwan	taiwan:local_data.dat:EP減少 | lang0:lang0.pak:EP Reduced
DST_INFOWND_RPBONUS_GUARDCRASH	2	2	lang0,taiwan	taiwan:local_data.dat:防衛 | lang0:lang0.pak:Guard Break
DST_INFOWND_RPBONUS_KEEPTIME	2	2	lang0,taiwan	taiwan:local_data.dat:持續時間增加 | lang0:lang0.pak:Upkeep
DST_INFOWND_RPBONUS_KNOCKDOWN	2	2	lang0,taiwan	taiwan:local_data.dat:擊倒 | lang0:lang0.pak:Knockdown
DST_INFOWND_RPBONUS_POWER	2	2	lang0,taiwan	taiwan:local_data.dat:威力增加 | lang0:lang0.pak:Power Increased
DST_INFOWND_RPBONUS_USE	2	2	lang0,taiwan	taiwan:local_data.dat:不使用技能AP | lang0:lang0.pak:Use Skill
DST_INFO_MASCOT	2	2	lang0,taiwan	taiwan:local_data.dat:登入寵物後可進行召喚或解除。 | lang0:lang0.pak:These are your registered Pets.
DST_INFO_MASCOT_ACTIVATE_ICON	2	2	lang0,taiwan	taiwan:local_data.dat:觀看召喚中寵物的本體。 | lang0:lang0.pak:Shows Pet Being Summoned
DST_INFO_MASCOT_BUTT	2	2	lang0,taiwan	taiwan:local_data.dat:登入清單中，可以召喚、解除、刪除寵物。 | lang0:lang0.pak:Remove Ring to Delete
DST_INFO_MASCOT_LIST	2	2	lang0,taiwan	taiwan:local_data.dat:可以使用的寵物已登入保管清單。 | lang0:lang0.pak:List of Registered Pets
DST_INFO_MASCOT_RING_ICON	2	2	lang0,taiwan	taiwan:local_data.dat:右鍵畫面左側上方的寵物狀態視窗的項圈，將可使用裝備中的項圈。 | lang0:lang0.pak:Ring equipment state can be found in the pet window, click on the ring to use.
DST_INFO_RING_ITEM	2	2	lang0,taiwan	taiwan:local_data.dat:可替召喚寵物裝備項圈道具。 | lang0:lang0.pak:Pets can be summoned and require VP to use Rings.
DST_INIT_SKILL_ONE_POINT_CAN_NOT_DO_IT_NOW	2	2	lang0,taiwan	taiwan:local_data.dat:初始化技能時無法使用。 | lang0:lang0.pak:Can't do it right now.
DST_INIT_SKILL_ONE_POINT_CAN_NOT_INIT_HTB	2	2	lang0,taiwan	taiwan:local_data.dat:無法初始化HTB 技能。 | lang0:lang0.pak:HTB can't be initialized.
DST_INIT_SKILL_ONE_POINT_SUCCESS	2	2	lang0,taiwan	taiwan:local_data.dat:獲得技能點數1。 | lang0:lang0.pak:Acquired a skill point.
DST_INPUT_YOUR_ID	2	2	lang0,taiwan	"taiwan:local_data.dat:[align = ""center""][font size = ""12"" color=""f4d762""]確認ID[/font][br][br][font size = ""10"" color=""269eff""][br][font size = ""10"" color=""269eff""][br][font size = ""10"" color=""269eff""]請輸入您的ID。 color=""f36a7c""]ID長度為[br]2字～8字。 | lang0:lang0.pak:[align = ""center""][font size = ""12"" color=""f4d762""]Confirm ID[/font][br][br][font size = ""10"" color=""269eff""]You have entered nothing.[br]Please enter your ID[/font][br][br][font size = ""10"" color=""f36a7c""]User details:[br]2-8 characters[/font][br][br][font size = ""10"" color=""ffffff""]Click OK[/font]"
DST_INPUT_YOUR_PASSWORD	2	2	lang0,taiwan	"taiwan:local_data.dat:[align = ""center""][font size = ""12"" color=""f4d762""]確認密碼[/font][br][br][font size = ""10"""" color=""269"""") 的密碼輸入[br][font size = ""10"" color=""269"""") 的密碼[ color=""f36a7c""]密碼請混合[br]英文/數字，別人無法輕易猜測的密碼。 | lang0:lang0.pak:[align = ""center""][font size = ""12"" color=""f4d762""]Password[/font][br][br]Please enter your Password[br][br]Remember to keep it secure."
DST_INSTRUMENT	2	2	lang0,taiwan	taiwan:local_data.dat:樂器 | lang0:lang0.pak:Trumpet
DST_INVENTORY_SORT_MSGBOX	2	2	lang0,taiwan	"taiwan:local_data.dat:[align = ""center""][font size = ""12"" color=""f4d762""]%s 整理[/font][br][br][font size = ""10"" color=""269eff""]以背包分類整理[br]保管中的道具。[/font][br][br][font size = ""10"" color=""f4d762""]確認：整理[/font][br][br][font size = ""10"" color=""ffffff""]要整理背包嗎？[/font] | lang0:lang0.pak:[align = ""center""][font size = ""12"" color=""f4d762""]Sort: %s[/font][br][br][font size = ""10"" color=""ffffff""]Sort the items within your backpack?[/font]"
DST_INVENTORY_SORT_SUCCESS	2	2	lang0,taiwan	taiwan:local_data.dat:整理%s了。 | lang0:lang0.pak:sort %s done.
DST_INVENTORY_SORT_UNABLE	2	2	lang0,taiwan	taiwan:local_data.dat:使用道具中無法整理道具。 | lang0:lang0.pak:Unable to sort Item
DST_ITEM	2	2	lang0,taiwan	taiwan:local_data.dat:道具 | lang0:lang0.pak:Item
DST_ITEMDISASSEMBLETABNAME	2	2	lang0,taiwan	taiwan:local_data.dat:裝備分解 | lang0:lang0.pak:Disassemble Equipment
DST_ITEMDISASSEMBLE_CLOSE	2	2	lang0,taiwan	taiwan:local_data.dat:關閉 | lang0:lang0.pak:Close
DST_ITEMDISASSEMBLE_INFO	2	2	lang0,taiwan	taiwan:local_data.dat:選擇分解裝備的icon之後，再點選要分解的道具 | lang0:lang0.pak:Click on the icon and\nchoose the Item
DST_ITEMDISASSEMBLE_RESULT_NAME	2	2	lang0,taiwan	taiwan:local_data.dat:分解結果 | lang0:lang0.pak:Disassemble result
DST_ITEMDISASSEMBLE_RESULT_TITLE	2	2	lang0,taiwan	taiwan:local_data.dat:獲得材料道具! | lang0:lang0.pak:Obtaining material!
DST_ITEMDOWNGRADE_ARMOR	2	2	lang0,taiwan	taiwan:local_data.dat:可降低等級 %d為止的防具等級。 | lang0:lang0.pak:Armor can be downgraded to level %d.
DST_ITEMDOWNGRADE_NOT	2	2	lang0,taiwan	taiwan:local_data.dat:不是可以降低等級的道具。 | lang0:lang0.pak:Item can't be downgraded
DST_ITEMDOWNGRADE_WEAPON	2	2	lang0,taiwan	taiwan:local_data.dat:可降低等級 %d為止的防具等級。 | lang0:lang0.pak:Weapon can be downgraded to level %d.
DST_ITEMGRADETRANSFER_COMMENT	2	2	lang0,taiwan	"taiwan:local_data.dat:[align = ""left""][font size = ""12"" color=""ffffff""]強化等級轉移[/font][br][br][font size = ""10"" color=""ffffff""]使用相同種類的強化道具材料，[br]可以提高為強化道具的強化等級。 [br][br]強化等級轉移完成後，[/font][br][font size = ""10"" color=""f36a7c""]做為材料使用的道具將會消失的道具會消失 [10"" color=""ffffff""]請放上武器或是道具以及神秘粉末和強化道具。 | lang0:lang0.pak:[align = ""left""][font size = ""12"" color=""ffffff""]Item Grade transfer[/font][br][br][font size = ""10"" color=""ffffff""]Items can be upgraded but[br]the additive item disappears.[/font]"
DST_ITEMGRADETRANSFER_COMPLETE_COMMENT	2	2	lang0,taiwan	"taiwan:local_data.dat:[align = ""left""][font size = ""10"" color=""ffffff""]強化等級轉移的準備已經完成。[br][br]強化等級轉移完成後，[br][/font][font size =""10"" ""10"" color=""ffffff""]?[br]強化等級將會被轉移。 | lang0:lang0.pak:[align = ""left""][font size = ""10"" color=""ffffff""]Transfer complete[br][br]Start transfer for %s ?[/font]"
DST_ITEMGRADETRANSFER_ITEMLEVEL_ERR	2	2	lang0,taiwan	taiwan:local_data.dat:不符合欲進行強化等級轉移的等級限制。 | lang0:lang0.pak:Item doesn't meet the level.
DST_ITEMGRADETRANSFER_ITEMTOOLTIP	2	2	lang0,taiwan	taiwan:local_data.dat:放置強化道具的地方。 | lang0:lang0.pak:Insert upgrade item.
DST_ITEMGRADETRANSFER_ITEMTYPE_ERR	2	2	lang0,taiwan	taiwan:local_data.dat:只能相同種類的道具可以進行強化等級的轉移。 | lang0:lang0.pak:Only the same type work.
DST_ITEMGRADETRANSFER_MATERIALCNT_ERR	2	2	lang0,taiwan	taiwan:local_data.dat:需要進行強化等級轉移的神秘粉末不足。 | lang0:lang0.pak:More mysterious powder needed.
DST_ITEMGRADETRANSFER_MATERIALNEED_COMMENT	2	2	lang0,taiwan	"taiwan:local_data.dat:[align = ""left""][font size = ""10"" color=""f36a7c""]放上神祕粉末[/font][font size = ""10"" color=""269""] %[ color=""ffffff""]與[br][/font][font size = ""10"" color=""f4d762""]等級 %d以上的已強化 %s 道具，[/font][font size = ""10"" color=""ffffffff""][br]並按下強化等級的轉移按鈕] | lang0:lang0.pak:[align = ""left""][font size = ""10"" color=""f36a7c""]%d mysterious Powder [/font][font size = ""10"" color=""269eff""]Level %d[/font][br][font size = ""10"" color=""ffffff""]to enhance item [/font][font size = ""10"" color=""f4d762""]%s[br][/font][font size = ""10"" color=""ffffff""]Press the button please.[/font]"
DST_ITEMGRADETRANSFER_MATERIALTOOLTIP	2	2	lang0,taiwan	taiwan:local_data.dat:放置神秘粉的位置。 | lang0:lang0.pak:Place mysterious powder.
DST_ITEMGRADETRANSFER_MATERIALTYPE_ERR	2	2	lang0,taiwan	taiwan:local_data.dat:要進行強化等級轉移的話，請放上神秘粉末。 | lang0:lang0.pak:To proceed insert mysterious powder.
DST_ITEMGRADETRANSFER_NOGRADEITEM_ERR	2	2	lang0,taiwan	taiwan:local_data.dat:請放上強化等級轉移道具。 | lang0:lang0.pak:First, upgrade the item.
DST_ITEMGRADETRANSFER_OK	2	2	lang0,taiwan	taiwan:local_data.dat:強化等級轉移 | lang0:lang0.pak:Item Level Transfer
DST_ITEMGRADETRANSFER_REQUESTION	2	2	lang0,taiwan	"taiwan:local_data.dat:[align = ""center""][font size = ""12"" color=""f36a7c""] 注意 [/font][br][br][font size = ""10"" color=""ffffff""""] 進行強化轉移時，[font size"" color=""f4d762""] %s + %d[br][/font][font size = ""10"" color=""ffffff""] 道具會消失。 | lang0:lang0.pak:[align = ""center""][font size = ""12"" color=""f36a7c""]Notifications[/font][br][br][font size = ""10"" color=""ffffff""]Reinforced grades consume:[br][/font][font size = ""10"" color=""f4d762""] %s + %d[br][/font][font size = ""10"" color=""ffffff""]Are you sure you want to proceed?[/font]"
DST_ITEMGRADETRANSFER_RESULTCOMMENT	2	2	lang0,taiwan	"taiwan:local_data.dat:[align = ""center""][font size = ""12"" color=""f4d762""]強化等級轉移完成[/font][br][br][font size = ""10"" color=""ffff""][br][br][font size = ""10"" color=""fffff""][br][brfont]不強化等級[brfont]。 size = ""10"" color=""f4d762""]%s + %d[br][/font] | lang0:lang0.pak:[align = ""center""][font size = ""12"" color=""f4d762""]Reinforced grades completed[/font][br][br][font size = ""10"" color=""ffffff""]It has acquired the following items.[br][br][/font][font size = ""10"" color=""f4d762""]%s + %d[br][/font]"
DST_ITEMGRADETRANSFER_TARGETTOOLTIP	2	2	lang0,taiwan	taiwan:local_data.dat:放置欲強化道具的位置。 | lang0:lang0.pak:Insert Target-Item please
DST_ITEMLIST	2	2	lang0,taiwan	taiwan:local_data.dat:道具目錄 | lang0:lang0.pak:Item list
DST_ITEMLIST_ITEMNAME	2	2	lang0,taiwan	taiwan:local_data.dat:道具名稱 : %s | lang0:lang0.pak:Name: %s
DST_ITEMLIST_REMAINTIME	2	2	lang0,taiwan	taiwan:local_data.dat:剩餘使用時間 : %d天 %d小時 | lang0:lang0.pak:Time Left: %dd %dh
DST_ITEMLIST_REMAINTIME_H	2	2	lang0,taiwan	taiwan:local_data.dat:剩餘使用時間 : %d小時 | lang0:lang0.pak:Time Left: %dh
DST_ITEMPROPERTY_NOTIFY_TRANSITEM_NEED_LEVEL_ERR	2	2	lang0,taiwan	taiwan:local_data.dat:登錄至屬性欄位的裝備，需要跟屬性賦予對象的裝備等級相同或更高才可登錄。 | lang0:lang0.pak:Need an Item same or higher level
DST_ITEMPROPERTY_NOTIFY_TRANSITEM_NONE	2	2	lang0,taiwan	taiwan:local_data.dat: 請先登錄道具。 | lang0:lang0.pak:Insert the item as target first
DST_ITEMPROPERTY_NOTIFY_TRANSITEM_RANK_ERR	2	2	lang0,taiwan	taiwan:local_data.dat:登錄至欄位的裝備要和屬性賦予對象裝備等級相同或等級更高才可登錄。 | lang0:lang0.pak:Item must be same or above quality
DST_ITEMPROPERTY_TRANSFER	2	2	lang0,taiwan	taiwan:local_data.dat:賦予道具屬性 | lang0:lang0.pak:Change Attributes
DST_ITEMPROPERTY_TRANSFER_INFOTITLE	2	2	lang0,taiwan	taiwan:local_data.dat:賦予屬性說明 | lang0:lang0.pak:Select an element and apply PROP to gloves or jacket.
DST_ITEMUPGRADE_ARMORDATAINFO	2	2	lang0,taiwan	taiwan:local_data.dat:放上欲強化之防具與1個防具強化石，按下試圖強化按鈕後，將開始進行防具強化。 | lang0:lang0.pak:Press the button to attempt to upgrade by 1 level.
DST_ITEMUPGRADE_ARMORTYPE	2	2	lang0,taiwan	taiwan:local_data.dat:(高級) 只能放置防具強化石及防具降等石。 | lang0:lang0.pak:Armor Upgrade.
DST_ITEMUPGRADE_ARMOR_ITEMTEXT	2	2	lang0,taiwan	taiwan:local_data.dat:放上等級 %d 以上的防具強化石或高級防具強化石後，按下試圖強化的按鈕。 | lang0:lang0.pak:Level %d Gear can be upgraded.
DST_ITEMUPGRADE_ARMOR_STONE	2	2	lang0,taiwan	taiwan:local_data.dat:可以強化等級%d的防具。 | lang0:lang0.pak:Level %d Gear can be upgraded.
DST_ITEMUPGRADE_BROKEN	2	2	lang0,taiwan	taiwan:local_data.dat:道具消失了。[ %s + %d ] | lang0:lang0.pak:Item destroyed [ %s + %d ]
DST_ITEMUPGRADE_BTNCLICK	2	2	lang0,taiwan	taiwan:local_data.dat:請按下試圖強化按鈕。 | lang0:lang0.pak:Click button to attempt Upgrade.
DST_ITEMUPGRADE_BTN_CANCEL	2	2	lang0,taiwan	taiwan:local_data.dat:取消 | lang0:lang0.pak:Cancel
DST_ITEMUPGRADE_BTN_COMPOUND	2	2	lang0,taiwan	taiwan:local_data.dat:升級 | lang0:lang0.pak:Upgrade
DST_ITEMUPGRADE_BTN_COMPOUND_DOWN	2	2	lang0,taiwan	taiwan:local_data.dat:降級 | lang0:lang0.pak:Downgrade
DST_ITEMUPGRADE_COUPON_ARMOR	2	2	lang0,taiwan	taiwan:local_data.dat:可100%%成功強化%d級內防具。 | lang0:lang0.pak:100%% chance to increase armor level by %d
DST_ITEMUPGRADE_COUPON_COMMENT	2	2	lang0,taiwan	taiwan:local_data.dat:請設定裝備道具。 | lang0:lang0.pak:Insert an equipment item.
DST_ITEMUPGRADE_COUPON_FULL	2	2	lang0,taiwan	taiwan:local_data.dat:可100%%成功強化%d級內武器及防具。 | lang0:lang0.pak:100%% chance to increase item level by %d
DST_ITEMUPGRADE_COUPON_LAST_COMMENT	2	2	lang0,taiwan	taiwan:local_data.dat:限未強化道具可進行升級。 | lang0:lang0.pak:You can only upgrade items that are not reinforced.
DST_ITEMUPGRADE_COUPON_LEVEL_ERR	2	2	lang0,taiwan	taiwan:local_data.dat:強化券的等級過低無法使用。 | lang0:lang0.pak:Coupon level too low for this item
DST_ITEMUPGRADE_COUPON_TYPE_ERR	2	2	lang0,taiwan	taiwan:local_data.dat:強化券的類型錯誤。 | lang0:lang0.pak:Can't use coupon with this type of item
DST_ITEMUPGRADE_COUPON_USE_ITEM_ERR	2	2	lang0,taiwan	taiwan:local_data.dat:該道具無法使用強化券。 | lang0:lang0.pak:Item is too strong to be used with coupons.
DST_ITEMUPGRADE_COUPON_WEAPON	2	2	lang0,taiwan	taiwan:local_data.dat:可100%%成功強化%d級內武器。 | lang0:lang0.pak:100%% chance to increase weapon level by %d
DST_ITEMUPGRADE_DESTROY_PREDICT	2	2	lang0,taiwan	taiwan:local_data.dat:失敗時被破壞的機率 | lang0:lang0.pak:High Break Rate
DST_ITEMUPGRADE_DLGTITLE	2	2	lang0,taiwan	taiwan:local_data.dat:道具升級 | lang0:lang0.pak:Upgrade items
DST_ITEMUPGRADE_DOWN_VALUE_MSG	2	2	lang0,taiwan	taiwan:local_data.dat:強化失敗，強化數值將降低 %d。 | lang0:lang0.pak:Upgrade failed, reduced by %d.
DST_ITEMUPGRADE_EX_AMRORGREATER_INFO	2	2	lang0,taiwan	taiwan:local_data.dat:成功強化時防具等級將提升 1 ~ 3 級 | lang0:lang0.pak:Item will gain 1-3 levels if successful.
DST_ITEMUPGRADE_EX_AMRORUPGRADE_INFO	2	2	lang0,taiwan	taiwan:local_data.dat:強化成功的話，防具可上升1等級。 | lang0:lang0.pak:Item will gain 1 level if successful.
DST_ITEMUPGRADE_EX_AMRORUPGRADE_ONLY	2	2	lang0,taiwan	taiwan:local_data.dat:可強化1 ~ %d 級內的防具 | lang0:lang0.pak:Level 1 ~ %d items can be upgraded.
DST_ITEMUPGRADE_EX_ARMORDOWNGRADE_INFO	2	2	lang0,taiwan	taiwan:local_data.dat:使用的話，防具可降低1等級。 | lang0:lang0.pak:Item will lose 1 level.
DST_ITEMUPGRADE_EX_ARMORDOWNGRADE_ONLY	2	2	lang0,taiwan	taiwan:local_data.dat:可降低防具強化等級。 | lang0:lang0.pak:Item can only be downgraded.
DST_ITEMUPGRADE_EX_CON	2	2	lang0,taiwan	taiwan:local_data.dat:嘗試強化 | lang0:lang0.pak:Upgrade
DST_ITEMUPGRADE_EX_GUARD_STONE_ALL_USE	2	2	lang0,taiwan	taiwan:local_data.dat:強化保護石已經全部消耗完畢。 | lang0:lang0.pak:All Whitestones used.
DST_ITEMUPGRADE_EX_GUARD_STONE_SLOT	2	2	lang0,taiwan	taiwan:local_data.dat:放置強化保護石的位置。 | lang0:lang0.pak:Place Whitestone.
DST_ITEMUPGRADE_EX_ITEM_SLOT	2	2	lang0,taiwan	taiwan:local_data.dat:放置物品的位置。 | lang0:lang0.pak:Item upgrade slot
DST_ITEMUPGRADE_EX_RETURN	2	2	lang0,taiwan	taiwan:local_data.dat:回到上一頁 | lang0:lang0.pak:Back
DST_ITEMUPGRADE_EX_RE_ARMORDWONSTONE	2	2	lang0,taiwan	taiwan:local_data.dat:放置防具降等石，並按下試圖強化按鈕。 | lang0:lang0.pak:Stone level too low.
DST_ITEMUPGRADE_EX_RE_ARMORSTONE_INFO	2	2	lang0,taiwan	taiwan:local_data.dat:放上等級 %d 以上的防具強化石或是高級防具強化石後，按下試圖強化按鈕。 | lang0:lang0.pak:Attempt to upgrade level %d  armor.
DST_ITEMUPGRADE_EX_RE_WEAPONDWONSTONE	2	2	lang0,taiwan	taiwan:local_data.dat:放上武器降等石，並按下試圖強化。 | lang0:lang0.pak:Place stone.
DST_ITEMUPGRADE_EX_RE_WEAPONSTONE	2	2	lang0,taiwan	taiwan:local_data.dat:強化石不足。 | lang0:lang0.pak:Stone level too low.
DST_ITEMUPGRADE_EX_RE_WEAPONSTONE_INFO	2	2	lang0,taiwan	taiwan:local_data.dat:放上等級%d 以上的武器強化石或是高級武器強化石，並按下試圖強化按鈕。 | lang0:lang0.pak:Attempt to upgrade level %d weapon.
DST_ITEMUPGRADE_EX_SELECT	2	2	lang0,taiwan	taiwan:local_data.dat:試圖強化 | lang0:lang0.pak:Upgrade
DST_ITEMUPGRADE_EX_STONE_SLOT	2	2	lang0,taiwan	taiwan:local_data.dat:放置強化石的位置。 | lang0:lang0.pak:Upgrade stone slot
DST_ITEMUPGRADE_EX_TEXTINFO	2	2	lang0,taiwan	taiwan:local_data.dat:根據機率，強化物件有可能消失或是等級下降。 | lang0:lang0.pak:Chances will go down even if upgrade fails.
DST_ITEMUPGRADE_EX_TITLE	2	2	lang0,taiwan	taiwan:local_data.dat:物品強化 | lang0:lang0.pak:Item Upgrade
DST_ITEMUPGRADE_EX_WEAPONDOWNGRADE_INFO	2	2	lang0,taiwan	taiwan:local_data.dat:使用的話，武器將會降低1等級。 | lang0:lang0.pak:Item will lose 1 level.
DST_ITEMUPGRADE_EX_WEAPONDOWNGRADE_ONLY	2	2	lang0,taiwan	taiwan:local_data.dat:可以降低武器的強化等級。 | lang0:lang0.pak:Item can only be downgraded.
DST_ITEMUPGRADE_EX_WEAPONGREATER_INFO	2	2	lang0,taiwan	taiwan:local_data.dat:成功強化時武器等級將提升 1 ~ 3 級 | lang0:lang0.pak:Item will gain 1-3 levels if successful.
DST_ITEMUPGRADE_EX_WEAPONUPGRADE_INFO	2	2	lang0,taiwan	taiwan:local_data.dat:強化成功的話，武器將會上升1等級。 | lang0:lang0.pak:Item will gain 1 level if successful.
DST_ITEMUPGRADE_EX_WEAPONUPGRADE_ONLY	2	2	lang0,taiwan	taiwan:local_data.dat:可強化1 ~ %d 級內的武器 | lang0:lang0.pak:Level 1 ~ %d items can be upgraded
DST_ITEMUPGRADE_FAIL	2	2	lang0,taiwan	taiwan:local_data.dat:道具強化失敗。 | lang0:lang0.pak:Upgrade failed.
DST_ITEMUPGRADE_GUARDSTONE_IS_LOW_LEVEL	2	2	lang0,taiwan	taiwan:local_data.dat:這個物品需要更高等級的強化保護石。 | lang0:lang0.pak:Whitestone level is too low.
DST_ITEMUPGRADE_GUARDSTONE_NOT_NEED	2	2	lang0,taiwan	taiwan:local_data.dat:強化等級過低，不需要強化保護石。 | lang0:lang0.pak:Whitestone not needed.
DST_ITEMUPGRADE_INFO	2	2	lang0,taiwan	taiwan:local_data.dat:可強化武器或是防具，請放置武器或防具及強化石。 | lang0:lang0.pak:The upgrade can go up to +20. If you use the special stones, they can increase the upgrade by +2 to +3 levels.
DST_ITEMUPGRADE_INFOTITLE	2	2	lang0,taiwan	taiwan:local_data.dat:升級情況 | lang0:lang0.pak:Upgrade
DST_ITEMUPGRADE_INFO_CORE_SLOT	2	2	lang0,taiwan	taiwan:local_data.dat:精煉膠囊原石可防止道具遭破壞。 | lang0:lang0.pak:HoiPoi prevent destruction
DST_ITEMUPGRADE_INFO_DEFENCE	2	2	lang0,taiwan	taiwan:local_data.dat:防禦力 | lang0:lang0.pak:Defense
DST_ITEMUPGRADE_INFO_HOIPOI_SLOT_ATTR	2	2	lang0,taiwan	taiwan:local_data.dat:屬性之攻/防 | lang0:lang0.pak: mean
DST_ITEMUPGRADE_INFO_HOIPOI_SLOT_ATTR_BETTER	2	2	lang0,taiwan	taiwan:local_data.dat: %.0f%% 優勢 | lang0:lang0.pak: %.0f%% Gain
DST_ITEMUPGRADE_INFO_HOIPOI_SLOT_ATTR_WORSE	2	2	lang0,taiwan	taiwan:local_data.dat: %.0f%% 劣勢 | lang0:lang0.pak: %.0f%% Loss
DST_ITEMUPGRADE_INFO_HOIPOI_SLOT_EMPTY_LINE1	2	2	lang0,taiwan	taiwan:local_data.dat:賦予屬性成功時 | lang0:lang0.pak:If changed successful:
DST_ITEMUPGRADE_INFO_HOIPOI_SLOT_EMPTY_LINE2_1	2	2	lang0,taiwan	taiwan:local_data.dat:變更為該屬性 | lang0:lang0.pak: against
DST_ITEMUPGRADE_INFO_HOIPOI_SLOT_EMPTY_LINE2_2	2	2	lang0,taiwan	taiwan:local_data.dat:屬性 | lang0:lang0.pak: 0
DST_ITEMUPGRADE_INFO_HOIPOI_SLOT_EMPTY_LINE3	2	2	lang0,taiwan	taiwan:local_data.dat:賦予屬性失敗時持有屬性的道具會變更為無屬性。 | lang0:lang0.pak:Fail mean attribute cleared.
DST_ITEMUPGRADE_INFO_HOIPOI_SLOT_EMPTY_TITLE	2	2	lang0,taiwan	taiwan:local_data.dat: 賦予屬性道具欄位 | lang0:lang0.pak: assigned
DST_ITEMUPGRADE_INFO_HOIPOI_SLOT_IN_1_BLACKCHANGE	2	2	lang0,taiwan	taiwan:local_data.dat:道具降級時將變為 %s 屬性。 | lang0:lang0.pak:%s will be downgraded.
DST_ITEMUPGRADE_INFO_HOIPOI_SLOT_IN_1_CHANGE	2	2	lang0,taiwan	taiwan:local_data.dat:升級成功時道具將變為 %s 屬性。 | lang0:lang0.pak:If Successful item: %s will get different stats.
DST_ITEMUPGRADE_INFO_HOIPOI_SLOT_IN_1_NO_BLACKCHANGE	2	2	lang0,taiwan	taiwan:local_data.dat:道具已降級屬性未改變。 | lang0:lang0.pak:Downgrade won't change stats.
DST_ITEMUPGRADE_INFO_HOIPOI_SLOT_IN_1_NO_CHANGE	2	2	lang0,taiwan	taiwan:local_data.dat:升級成功時屬性將不會改變。 | lang0:lang0.pak:No changes if upgrade fails
DST_ITEMUPGRADE_INFO_HOIPOI_SLOT_IN_2_BAD	2	2	lang0,taiwan	taiwan:local_data.dat:道具被破壞的機率會提升。 | lang0:lang0.pak:Bad chance on success
DST_ITEMUPGRADE_INFO_HOIPOI_SLOT_IN_2_BEST	2	2	lang0,taiwan	taiwan:local_data.dat:道具被破壞的機率會降低。 | lang0:lang0.pak:Best chance on success
DST_ITEMUPGRADE_INFO_HOIPOI_SLOT_IN_2_COMMON	2	2	lang0,taiwan	taiwan:local_data.dat:屬性相生但升級失敗時， | lang0:lang0.pak:Change to the stats due to failure,
DST_ITEMUPGRADE_INFO_HOIPOI_SLOT_IN_2_GOOD	2	2	lang0,taiwan	taiwan:local_data.dat:道具被破壞的機率會稍微降低。 | lang0:lang0.pak:Good chance on success
DST_ITEMUPGRADE_INFO_HOIPOI_SLOT_IN_2_LITTLE_BAD	2	2	lang0,taiwan	taiwan:local_data.dat:道具被破壞的機率會稍微提升。 | lang0:lang0.pak:Small chance on failure.
DST_ITEMUPGRADE_INFO_HOIPOI_SLOT_IN_2_LITTLE_GOOD	2	2	lang0,taiwan	taiwan:local_data.dat:被破壞的機率大幅降低。 | lang0:lang0.pak:Small chance on success
DST_ITEMUPGRADE_INFO_HOIPOI_SLOT_IN_2_NORMAL	2	2	lang0,taiwan	taiwan:local_data.dat:對於道具被破壞的機率不會有影響。 | lang0:lang0.pak:Normal chance on success
DST_ITEMUPGRADE_INFO_HOIPOI_SLOT_IN_3	2	2	lang0,taiwan	taiwan:local_data.dat:升級失敗時道具將變成無屬性。 | lang0:lang0.pak:Item changes if upgrade fails.
DST_ITEMUPGRADE_INFO_HOIPOI_SLOT_IN_3_NO_CHANGE	2	2	lang0,taiwan	taiwan:local_data.dat:升級失敗時屬性將不會改變。 | lang0:lang0.pak:No changes if upgrade fails.
DST_ITEMUPGRADE_INFO_ITEM_SLOT	2	2	lang0,taiwan	taiwan:local_data.dat:本欄位可放置賦予屬性的裝備。 | lang0:lang0.pak:Insert gloves or jacket here.
DST_ITEMUPGRADE_INFO_OFFENCE	2	2	lang0,taiwan	taiwan:local_data.dat:攻擊力 | lang0:lang0.pak:Damage
DST_ITEMUPGRADE_ITEMDATAINFO	2	2	lang0,taiwan	taiwan:local_data.dat:可以降低已強化道具的等級，請放置已強化的武器或防具及降等石。 | lang0:lang0.pak:If you don't use a white stone after +4, your item might fail and downgrade, returning to +0.
DST_ITEMUPGRADE_ITEMGUARDINFO	2	2	lang0,taiwan	taiwan:local_data.dat:即便出現破壞的選項，道具也不會遭到破壞。但是，武器強化等級有可能下降2~6強，防具強化等級有可能下降2~4強。\n請放上已強化的武器或防具以及強化石、強化保護石。 | lang0:lang0.pak:If you don't use a white stone after +6, the item might break, resulting in its permanent loss.
DST_ITEMUPGRADE_ITEMSLOT_ERROR	2	2	lang0,taiwan	taiwan:local_data.dat:無法強化之道具。 | lang0:lang0.pak:Can't upgrade item.
DST_ITEMUPGRADE_ITEM_TOOTLP	2	2	lang0,taiwan	taiwan:local_data.dat:請放置武器或防具。 | lang0:lang0.pak:Place weapon or armor.
DST_ITEMUPGRADE_MAINTITLE	2	2	lang0,taiwan	taiwan:local_data.dat:1. 道具強化 | lang0:lang0.pak:1. Upgrade
DST_ITEMUPGRADE_MSG_BLACKHOIPOISTONE_IN_FAIL_CLASS	2	2	lang0,taiwan	taiwan:local_data.dat:降級材料黑膠囊原石的等級不夠。 | lang0:lang0.pak:Level too low
DST_ITEMUPGRADE_MSG_BLACKHOIPOISTONE_IN_FAIL_QUANTITY	2	2	lang0,taiwan	"taiwan:local_data.dat:[font size = ""10"" color = ""ffff33""]%s的個數不足。[br][br]%s[/font][font size = ""10"" color = 0%"" color = ""ffff33""]需要%s個[br]成功時，道具會降1等級。 | lang0:lang0.pak:[font size = ""10"" color = ""ffff33""]%s is insufficient.[br][br]%s[/font][font size = ""10"" color = ""dd0010""] %d[/font][font size = ""10"" color = ""ffff33""] requires %s[br]When successful, the item will decrease by 1.[/font]"
DST_ITEMUPGRADE_MSG_BLACK_HOIPOISTONE_IN	2	2	lang0,taiwan	"taiwan:local_data.dat:[font size = ""10"" color = ""ffffff""]請注意登錄至屬性欄位的裝備賦予屬性時[br]不管成功與否都會被消耗。[br]並且，即使成功也有可能賦予[br]其他屬性。[/font] | lang0:lang0.pak:[font size = ""10"" color = ""ffffff""]Item ready.[br]Click an element slot to choose the PROP you want.[br]No sacrifice item required.[/font]"
DST_ITEMUPGRADE_MSG_CHANGE_ATTR	2	2	lang0,taiwan	"taiwan:local_data.dat:[br][font size = ""10"" color = ""ffff33""]屬性變化[/font][br]%s 屬性變成 [font size = ""10"" color = ""10d0%""]%s 屬性。 | lang0:lang0.pak:Stat Changes[br]%s Stats %s Stat changes"
DST_ITEMUPGRADE_MSG_DOWNGRADEREADY	2	2	lang0,taiwan	"taiwan:local_data.dat:[font size = ""10"" color = ""22ff22""]可降級。[/font][br][font size = ""10"" color = ""22ff22""]%s[/font][ ][color =""brize"" ""10d0dd""]降級成功率100%%[/font][br][font size = ""10"" color = ""ffff33""]%s 變化[/font]%s%s | lang0:lang0.pak:Possible downgrade[br]%s[br][br]Downgrade success rate 100%%[br]%s Change %s%s"
DST_ITEMUPGRADE_MSG_ENERGY_DOWN	2	2	lang0,taiwan	"taiwan:local_data.dat:[br]氣功%s [font size = ""10"" color = ""dd0010""]下降[/font] %d -> [font size = ""10"" color = ""dd0010""]%[/font] | lang0:lang0.pak:Energy Attack %s Decrease %d -> %d"
DST_ITEMUPGRADE_MSG_ENERGY_UP	2	2	lang0,taiwan	"taiwan:local_data.dat:[br]氣功%s? [font size = ""10"" color = ""10d0dd""]增加[/font] %d -> [font size = ""10"" color = ""10d00""]%d[/ddfont"" | lang0:lang0.pak:Energy Attack %s Increase %d -> %d"
DST_ITEMUPGRADE_MSG_HOIPOISTONE_IN	2	2	lang0,taiwan	"taiwan:local_data.dat:[font size=""10""color=""FFFF33""]請放入欲升級的武器或防具。[br][br]成功時道具將提升1級。[/font] | lang0:lang0.pak:Please insert to upgrade weapons and armor[br][br]Higher chance on success on lower grade items."
DST_ITEMUPGRADE_MSG_HOIPOISTONE_IN_FAIL_CLASS	2	2	lang0,taiwan	"taiwan:local_data.dat:[font size = ""10"" color = ""ffff33""]升級所需材料的 [/font][font size = ""10"" color = ""dd0010""]膠囊原石的 尺寸""ffff33""][br]等級不足。 | lang0:lang0.pak:HoiPoi Stone Level is too low."
DST_ITEMUPGRADE_MSG_HOIPOISTONE_IN_FAIL_QUANTITY	2	2	lang0,taiwan	"taiwan:local_data.dat:[font size = ""10"" color = ""ffff33""]%s的個數不足。[br][br]%s[/font][font size = ""10"" color = ""0010"" = ""ffff33""]需要%d個[br]成功時，道具會增加1等級。 | lang0:lang0.pak:%s need more[br][br]%s[br]%d %d need more and/or higher success rating items"
DST_ITEMUPGRADE_MSG_ITEM_IN	2	2	lang0,taiwan	"taiwan:local_data.dat:[font size = ""10"" color = ""FFFF33""]請放置膠囊原石。[/font][br][br][font size = ""10"" color = ""10d0dd""]升級時，[/ 100"" ""FFFF33""]需要膠囊原石 : %d個及[br]純膠囊原石 : %d。 %d個。 | lang0:lang0.pak:Please put in HoiPoi stones[br][br]When you upgrade[br]: %d HoiPoi stone [br] %d are required.[br][br]When downgrade[br] : %d black stones are required"
DST_ITEMUPGRADE_MSG_MAXLEVEL_ITEM_IN	2	2	lang0,taiwan	"taiwan:local_data.dat:[font size=""10""color=""FFFF33""]請放入膠囊原石。[br][br]提示:除黑膠囊原石外其他的膠囊原石無法使用。[/font] | lang0:lang0.pak:[font size = ""10"" color = ""FFFF33""]Please insert a second item[br][br]Note: A Second Item increases the success rate.[/font]"
DST_ITEMUPGRADE_MSG_MINLEVEL_ITEM_IN	2	2	lang0,taiwan	"taiwan:local_data.dat:[font size = ""10"" color = ""ffffff""]除賦予屬性裝備外，在屬性欄位中[br]追加登錄裝備時會大幅度增加成功率，[br]該屬性的成功率隨之提高。[br]可登錄至屬性欄位的道具有武器類、防具類、飾品類等。[br]裝備欄位中登錄的裝備相比[br]裝備LV及等級相同或更高才可登錄。[/font] | lang0:lang0.pak:Please insert a second item[br][br]Note: A Second Item increase the success rate."
DST_ITEMUPGRADE_MSG_NO_CHANGE_ATTR	2	2	lang0,taiwan	"taiwan:local_data.dat:[br][font size=""10""color=""ffff33""]未產生屬性改變[/font] | lang0:lang0.pak:No stats changed"
DST_ITEMUPGRADE_MSG_NO_CHANGE_PARAMETER	2	2	lang0,taiwan	"taiwan:local_data.dat:[font size=""10""color=""ffff33""]無[/font] | lang0:lang0.pak:No change"
DST_ITEMUPGRADE_MSG_PHYSICAL_DOWN	2	2	lang0,taiwan	"taiwan:local_data.dat:[br]格鬥%s[font size = ""10"" color = ""dd0010""]下降[/font] %d -> [font size = ""10"" color = ""dd0010""]%[/font] | lang0:lang0.pak:Attack%s Decrease %d -> %d"
DST_ITEMUPGRADE_MSG_PHYSICAL_UP	2	2	lang0,taiwan	"taiwan:local_data.dat:[br]格鬥%s [font size = ""10"" color = ""10d0dd""]增加[/font] %d -> [font size = ""10"" color = ""10d00""]%d[/font] | lang0:lang0.pak:Attack %s Increase %d -> %d"
DST_ITEMUPGRADE_MSG_PUREHOIPOISTONE_IN_FAIL_QUANTITY	2	2	lang0,taiwan	"taiwan:local_data.dat:[font size = ""10"" color = ""ffff33""]%s數量不足[br][br]%s[/font][font size = ""10"" 數量不足[br][br]%s[/font][font size = ""10"" color = ""dd"" color = ""ffff33""][br]成功時道具等級將提升1 ~ 3級[/font] | lang0:lang0.pak:%s Need more[br][br]%s %d Stone required[br]Success will increase the item rated 1~3"
DST_ITEMUPGRADE_MSG_PURE_ENERGY_UP	2	2	lang0,taiwan	"taiwan:local_data.dat:[br]氣功%s [font size = ""10"" color = ""10d0dd""]增加[/font] %d -> [font size = ""10"" color = ""10d0dd | lang0:lang0.pak:Pure Energy Attack %s Increase %d -> %d"
DST_ITEMUPGRADE_MSG_PURE_HOIPOISTONE_IN	2	2	lang0,taiwan	"taiwan:local_data.dat:[font size = ""10"" color = ""FFFF33""]請放入欲強化的武器或防具[br][br]成功時道具等級將提升1 ~ 3級[/font] | lang0:lang0.pak:Please insert to upgrade weapons and armor.[br][br]Success will increase the item rated 1-3"
DST_ITEMUPGRADE_MSG_PURE_PHYSICAL_UP	2	2	lang0,taiwan	"taiwan:local_data.dat:[br]格鬥%s [font size = ""10"" color = ""10d0dd""]增加[/font] %d -> [font size = ""10"" color = ""10d0dd""]%[font size = ""10"" color = ""10d0dd""]%[/font]""d | lang0:lang0.pak:Pure Attack %s Increase %d -> %d"
DST_ITEMUPGRADE_MSG_SLOT_IS_EMPTY	2	2	lang0,taiwan	"taiwan:local_data.dat:[font size = ""10"" color = ""ffffff""]請先登錄需要賦予屬性的裝備。[br]可賦予屬性的道具有主武器、輔助武器、防具、上衣等。[br]執行賦予道具屬性時會消耗一定索尼，[br]根據裝備的LV及Raking所需的索尼量也不同。[/font] | lang0:lang0.pak:[font size = ""10"" color = ""ffffff""]Insert gloves or jacket into the center slot.[br]Then click an element to select the desired PROP.[/font]"
DST_ITEMUPGRADE_MSG_UNDOWNGRADABLE_ITEM	2	2	lang0,taiwan	"taiwan:local_data.dat:[font size=""10""color=""ffff33""]該道具無法繼續[/font][font size=""10""color=""dd0010""]降級[/font][font size=""10""color=""ff""ff]。 | lang0:lang0.pak:This item Can't be Downgraded."
DST_ITEMUPGRADE_MSG_UNUPGRADABLE_ITEM	2	2	lang0,taiwan	"taiwan:local_data.dat:[font size=""10""color=""ffff33""]該道具無法繼續[/font][font size=""10""color=""dd0010""]升級[/font][font size=""10""3=""dd0010""]升級[/font][font size=""10""3=""ff. | lang0:lang0.pak:This item Can't  be Upgraded."
DST_ITEMUPGRADE_MSG_UPGRADEREADY	2	2	lang0,taiwan	"taiwan:local_data.dat:[font size = ""10"" color = ""22ff22""]可進行升級。[br]失敗時，道具遭破壞或等級消失。[/font][br][font size = ""10"" color = ""22202"" color = ""10d0dd""]升級成功時，[/font][br][font size = ""10"" color = ""ffff33""]%s變化[/font]%s%s[br][br][font size = ""10"" color = ""/0010""]創造失敗時，font"" ""ffff33""]道具被破壞之機率 :[/font][font size = ""10"" color = ""dd0010""] %d%%[br][font size = ""10"" color = ""ffff33""]%s 變化[/font]%s%s | lang0:lang0.pak:Upgrade Available[br]At Failure, item may be lost[br]%s[br][br]Upgrade Successful[br]%s Change%s%s[br][br]Upgrade Failure[br]Fail Rate: %d%%[br]%s Change%s%s"
DST_ITEMUPGRADE_MSG_USE_HOIPOISTONECOUNT	2	2	lang0,taiwan	taiwan:local_data.dat:%s %d個使用 | lang0:lang0.pak:%s %d Using
DST_ITEMUPGRADE_NOTIFY_CANNOT_CONTROL_STATE	2	2	lang0,taiwan	taiwan:local_data.dat:現在無法使用賦予屬性欄位，請稍候再試。 | lang0:lang0.pak:No Upgrade Slots
DST_ITEMUPGRADE_NOTIFY_CANNOT_DOWNGRADE	2	2	lang0,taiwan	taiwan:local_data.dat:無法再使用黑膠囊原石進行降級。 | lang0:lang0.pak:Can't Downgrade Anymore
DST_ITEMUPGRADE_NOTIFY_CANNOT_INSERT_DUPLEX	2	2	lang0,taiwan	taiwan:local_data.dat:欄位已滿，請先整理欄位。 | lang0:lang0.pak:This slot isn't empty.
DST_ITEMUPGRADE_NOTIFY_CANNOT_INSERT_GUARDSTONE	2	2	lang0,taiwan	taiwan:local_data.dat:請先放上欲強化的裝備 | lang0:lang0.pak:This slot isn't empty.
DST_ITEMUPGRADE_NOTIFY_CANNOT_INSERT_HOIPOISTONE	2	2	lang0,taiwan	taiwan:local_data.dat:屬性欄位中已登錄道具，請先清空欄位。 | lang0:lang0.pak:Insert the target item first.
DST_ITEMUPGRADE_NOTIFY_CANNOT_PICKUP_UPGRADE_ITEM	2	2	lang0,taiwan	taiwan:local_data.dat:無法取得升級道具，請按滑鼠右鍵解除。 | lang0:lang0.pak:Please use the right mouse button.
DST_ITEMUPGRADE_NOTIFY_CANNOT_UPGRADE	2	2	lang0,taiwan	taiwan:local_data.dat:無法再升級了。 | lang0:lang0.pak:Can't Upgrade Anymore
DST_ITEMUPGRADE_NOTIFY_CAN_INSERT_ONLY_CORESTONE	2	2	lang0,taiwan	taiwan:local_data.dat:限裝置精煉膠囊原石。 | lang0:lang0.pak:Wrong Item
DST_ITEMUPGRADE_NOTIFY_CAN_INSERT_ONLY_HOIPOISTONE	2	2	lang0,taiwan	taiwan:local_data.dat:此欄位內僅能放置膠囊原石。 | lang0:lang0.pak:Wrong Item
DST_ITEMUPGRADE_NOTIFY_CAN_INSERT_ONLY_UPGRADEBLE_ITEM	2	2	lang0,taiwan	taiwan:local_data.dat:本欄位中僅能放置可賦予屬性的武器及防具(上衣)。 | lang0:lang0.pak:Only for Weapon or Jacket type
DST_ITEMUPGRADE_NOTIFY_CAN_INSERT_ONLY_UPGRADEITEM_OR_HOIPOISTONE	2	2	lang0,taiwan	taiwan:local_data.dat:可放置欲升級的武器或防具。 | lang0:lang0.pak:Only for Weapon or Jacket type
DST_ITEMUPGRADE_NOTIFY_CORESTONE_NO_USE_TO_BLACK_HOIPOISTONE	2	2	lang0,taiwan	taiwan:local_data.dat:無法使用漆黑膠囊原石。 | lang0:lang0.pak:HoiPoi stone is unavailable.
DST_ITEMUPGRADE_NOTIFY_CORESTONE_STOP_DESTROY_ITEM	2	2	lang0,taiwan	taiwan:local_data.dat:使用精煉膠囊原石避免道具遭到破壞。 | lang0:lang0.pak:HoiPoi Stone Prevent Destruction
DST_ITEMUPGRADE_NOTIFY_DURATIONTYPE_ERR	2	2	lang0,taiwan	taiwan:local_data.dat:時間制道具無法進行強化。 | lang0:lang0.pak:Durability expired.
DST_ITEMUPGRADE_NOTIFY_NEED_TO_REGISTER_HOIPOISTONE	2	2	lang0,taiwan	taiwan:local_data.dat:請先登入一般膠囊原石。 | lang0:lang0.pak:Need HoiPoi Stone
DST_ITEMUPGRADE_NOT_ITEMLEFTBUTTON	2	2	lang0,taiwan	taiwan:local_data.dat:無法擷取強化道具，請利用滑鼠右鍵解除。 | lang0:lang0.pak:Right click please.
DST_ITEMUPGRADE_PREDICT	2	2	lang0,taiwan	taiwan:local_data.dat:成功機率 | lang0:lang0.pak:High Success Rate
DST_ITEMUPGRADE_PREDICT_BAD	2	2	lang0,taiwan	taiwan:local_data.dat:普通 | lang0:lang0.pak:Bad
DST_ITEMUPGRADE_PREDICT_GOOD	2	2	lang0,taiwan	taiwan:local_data.dat:良好 | lang0:lang0.pak:Good
DST_ITEMUPGRADE_PREDICT_HOPELESS	2	2	lang0,taiwan	taiwan:local_data.dat:渺茫 | lang0:lang0.pak:Hopeless
DST_ITEMUPGRADE_PREDICT_NORMAL	2	2	lang0,taiwan	taiwan:local_data.dat:尚可 | lang0:lang0.pak:Normal
DST_ITEMUPGRADE_PREDICT_POOR	2	2	lang0,taiwan	taiwan:local_data.dat:挑戰 | lang0:lang0.pak:Poor
DST_ITEMUPGRADE_PREDICT_VERYGOOD	2	2	lang0,taiwan	taiwan:local_data.dat:極佳 | lang0:lang0.pak:Very Good
DST_ITEMUPGRADE_PREDICT_VERYPOOR	2	2	lang0,taiwan	taiwan:local_data.dat:困難 | lang0:lang0.pak:Very Poor
DST_ITEMUPGRADE_RESTLT_HEIGHT	2	2	lang0,taiwan	taiwan:local_data.dat:請放置未強化的道具 | lang0:lang0.pak:Height
DST_ITEMUPGRADE_RESTLT_REPORT_DOWNGRADE	2	2	lang0,taiwan	taiwan:local_data.dat:道具等級下降。( %d -> %d ) | lang0:lang0.pak:Item dropped(%d > %d)
DST_ITEMUPGRADE_RESULT_INFO	2	2	lang0,taiwan	"taiwan:local_data.dat:[align = ""center""][br][font color=""FF00FF""]+10以上裝備可能會被摧毀[/font][br][br][font color = ""FFDD44""]%s[/font][br][br][font color = ""FFDD44""]%s[/font][br]][/font][br]="" %u 個[br][font color=""9BE2FF""]已消耗(高級)防具強化石：[/font] %u 個[br][font color=""9BE2FF""]已消耗(普通) 武器強化石：[/font] %u 個[br][font color=""9BE2FF"" color=""9BE2FF""]已消耗(裝備)強化保護石：[/font] %u 個 | lang0:lang0.pak:After +6, it's mandatory to use a white stone to progress and protect your equipment."
DST_ITEMUPGRADE_RESULT_MSG_DOWNGRADE_SUCCESS	2	2	lang0,taiwan	taiwan:local_data.dat:道具降級成功。 | lang0:lang0.pak:Downgrade Success
DST_ITEMUPGRADE_RESULT_MSG_FAIL	2	2	lang0,taiwan	taiwan:local_data.dat:道具升級失敗。 | lang0:lang0.pak:Upgrade Fail
DST_ITEMUPGRADE_RESULT_MSG_SUCCESS	2	2	lang0,taiwan	taiwan:local_data.dat:恭喜您。\n道具升級成功。 | lang0:lang0.pak:Item successfully Upgraded!
DST_ITEMUPGRADE_RESULT_REPORT_ATTRIBUTE	2	2	lang0,taiwan	taiwan:local_data.dat:道具的屬性已改變。( %s -> %s ) | lang0:lang0.pak:Item Attribute Change (%s > %s)
DST_ITEMUPGRADE_RESULT_REPORT_ITEM_DESTROY	2	2	lang0,taiwan	taiwan:local_data.dat:道具已被破壞。 | lang0:lang0.pak:The Item was Broken
DST_ITEMUPGRADE_RESULT_REPORT_NO_ATTRIBUTE_CHANGE	2	2	lang0,taiwan	taiwan:local_data.dat:道具的屬性未改變。 | lang0:lang0.pak:Attribute untouched
DST_ITEMUPGRADE_RESULT_REPORT_NO_ENERGY_DEFENCE_CHANGE	2	2	lang0,taiwan	taiwan:local_data.dat:道具氣功防禦力未改變。 | lang0:lang0.pak:Eng. defense untouched
DST_ITEMUPGRADE_RESULT_REPORT_NO_ENERGY_OFFENCE_CHANGE	2	2	lang0,taiwan	taiwan:local_data.dat:道具氣功攻擊力未改變。 | lang0:lang0.pak:Eng. attack untouched
DST_ITEMUPGRADE_RESULT_REPORT_NO_PHYSICAL_DEFENCE_CHANGE	2	2	lang0,taiwan	taiwan:local_data.dat:道具格鬥防禦力未改變。 | lang0:lang0.pak:Phy. defense untouched
DST_ITEMUPGRADE_RESULT_REPORT_NO_PHYSICAL_OFFENCE_CHANGE	2	2	lang0,taiwan	taiwan:local_data.dat:道具格鬥攻擊力未改變。 | lang0:lang0.pak:Phy. attack untouched
DST_ITEMUPGRADE_RESULT_REPORT_STATUS_ENERGY_DEFENCE_DOWN	2	2	lang0,taiwan	taiwan:local_data.dat:道具氣功防禦力下降了。( %d -> %d ) | lang0:lang0.pak:Eng. defense decrease (%d -> %d)
DST_ITEMUPGRADE_RESULT_REPORT_STATUS_ENERGY_DEFENCE_UP	2	2	lang0,taiwan	taiwan:local_data.dat:道具氣功防禦力上升了。( %d -> %d ) | lang0:lang0.pak:Eng. defense increase (%d -> %d)
DST_ITEMUPGRADE_RESULT_REPORT_STATUS_ENERGY_OFFENCE_DOWN	2	2	lang0,taiwan	taiwan:local_data.dat:道具氣功攻擊力下降了。( %d -> %d ) | lang0:lang0.pak:Eng. attack decrease (%d -> %d)
DST_ITEMUPGRADE_RESULT_REPORT_STATUS_ENERGY_OFFENCE_UP	2	2	lang0,taiwan	taiwan:local_data.dat:道具氣功攻擊力上升了。( %d -> %d ) | lang0:lang0.pak:Eng. attack increase (%d -> %d)
DST_ITEMUPGRADE_RESULT_REPORT_STATUS_PHYSICAL_DEFENCE_DOWN	2	2	lang0,taiwan	taiwan:local_data.dat:道具格鬥防禦力下降了。( %d -> %d ) | lang0:lang0.pak:Phy. defense decrease (%d -> %d)
DST_ITEMUPGRADE_RESULT_REPORT_STATUS_PHYSICAL_DEFENCE_UP	2	2	lang0,taiwan	taiwan:local_data.dat:道具格鬥防禦力上升了。( %d -> %d ) | lang0:lang0.pak:Phy. defense increase (%d -> %d)
DST_ITEMUPGRADE_RESULT_REPORT_STATUS_PHYSICAL_OFFENCE_DOWN	2	2	lang0,taiwan	taiwan:local_data.dat:道具格鬥攻擊力下降了。( %d -> %d ) | lang0:lang0.pak:Phy. attack decrease (%d -> %d)
DST_ITEMUPGRADE_RESULT_REPORT_STATUS_PHYSICAL_OFFENCE_UP	2	2	lang0,taiwan	taiwan:local_data.dat:道具格鬥攻擊力上升了。( %d -> %d ) | lang0:lang0.pak:Phy. attack increase (%d -> %d)
DST_ITEMUPGRADE_RESULT_REPORT_UPGRADE	2	2	lang0,taiwan	taiwan:local_data.dat:道具等級上升了。( %d -> %d ) | lang0:lang0.pak:Item Upgrade +(%d > %d)
DST_ITEMUPGRADE_SELECTCARD	2	2	lang0,taiwan	taiwan:local_data.dat:請選擇道具強化結果卡。 | lang0:lang0.pak:Select a card.
DST_ITEMUPGRADE_SELECTCLICKINFO	2	2	lang0,taiwan	taiwan:local_data.dat:按下強化試圖按鈕後，即可進行強化。 | lang0:lang0.pak:Press the button to attempt upgrade.
DST_ITEMUPGRADE_SLOT_LEVEL_ERROR	2	2	lang0,taiwan	taiwan:local_data.dat:無法進行強化的道具等級。 | lang0:lang0.pak:Incorrect stone level.
DST_ITEMUPGRADE_SLOT_OKDATA	2	2	lang0,taiwan	taiwan:local_data.dat:按下試圖強化按鈕後，將可進行道具強化。 | lang0:lang0.pak:Press the button to begin.
DST_ITEMUPGRADE_SLOT_OKINFO	2	2	lang0,taiwan	taiwan:local_data.dat:道具強化準備已完成。 | lang0:lang0.pak:Items are ready.
DST_ITEMUPGRADE_STONE	2	2	lang0,taiwan	taiwan:local_data.dat:請放入等級 %s 以上的強化石。 | lang0:lang0.pak:Level %s stone needed
DST_ITEMUPGRADE_STONELEVEL	2	2	lang0,taiwan	taiwan:local_data.dat:強化石或強化卷等級過低，無法使用。 | lang0:lang0.pak:Stone level too low.
DST_ITEMUPGRADE_STONESLOT_ERROR	2	2	lang0,taiwan	taiwan:local_data.dat:無法進行強化的種類。 | lang0:lang0.pak:Wrong stone type.
DST_ITEMUPGRADE_STONETYPE	2	2	lang0,taiwan	taiwan:local_data.dat:道具種類錯誤。 | lang0:lang0.pak:Wrong stone type.
DST_ITEMUPGRADE_STONE_TOOTLP	2	2	lang0,taiwan	taiwan:local_data.dat:請放置強化石。 | lang0:lang0.pak:Put upgrade stone here.
DST_ITEMUPGRADE_STOP	2	2	lang0,taiwan	taiwan:local_data.dat:停止強化! | lang0:lang0.pak:Stop!
DST_ITEMUPGRADE_SUBTITLE	2	2	lang0,taiwan	taiwan:local_data.dat:2. 降低強化等級 | lang0:lang0.pak:2. Item upgrade
DST_ITEMUPGRADE_SUBTITLE_01	2	2	lang0,taiwan	taiwan:local_data.dat:2. 降低強化等級 | lang0:lang0.pak:2. Downgrade Item
DST_ITEMUPGRADE_SUBTITLE_02	2	2	lang0,taiwan	taiwan:local_data.dat:3. 保護道具 | lang0:lang0.pak:3. Item Protection
DST_ITEMUPGRADE_SUCCESS	2	2	lang0,taiwan	taiwan:local_data.dat:恭喜您！您成功強化了道具。 | lang0:lang0.pak:Success! Item upgraded.
DST_ITEMUPGRADE_TEXTDATA	2	2	lang0,taiwan	taiwan:local_data.dat:強化結果[ %s + %d ] | lang0:lang0.pak:Results [ %s + %d ]
DST_ITEMUPGRADE_WEAPONTYPE	2	2	lang0,taiwan	taiwan:local_data.dat:(高級) 可以放置武器強化石或武器降等石。 | lang0:lang0.pak:Weapon Upgrade.
DST_ITEMUPGRADE_WEAPON_ITEMTEXT	2	2	lang0,taiwan	taiwan:local_data.dat:放上等級 %d 以上的武器強化石或高級武器強化石，並按下試圖強化按鈕。 | lang0:lang0.pak:Level %d Weapon can be upgraded.
DST_ITEMUPGRADE_WEAPON_STONE	2	2	lang0,taiwan	taiwan:local_data.dat:可以強化等級 %d 為止的武器。 | lang0:lang0.pak:Level %d Weapon can be upgraded.
DST_ITEM_ADDITIONAL_EFFECT	2	2	lang0,taiwan	taiwan:local_data.dat:額外效果 | lang0:lang0.pak:Effect
DST_ITEM_AIR_TEXT	2	2	lang0,taiwan	taiwan:local_data.dat:道具服效果: %s | lang0:lang0.pak:Dogi effect: %s
DST_ITEM_ALL_GENDER	2	2	lang0,taiwan	taiwan:local_data.dat:所有性別 | lang0:lang0.pak:All genders
DST_ITEM_ALL_RACE	2	2	lang0,taiwan	taiwan:local_data.dat:所有種族 | lang0:lang0.pak:All Classes
DST_ITEM_ALL_RACE_ENABLE_EQUIP_BUT_NMY	2	2	lang0,taiwan	taiwan:local_data.dat:所有種族(那美剋星人龍族除外) | lang0:lang0.pak:All Classes (Except Dragon Clan)
DST_ITEM_ALREADY_EQUIPPED	2	2	lang0,taiwan	taiwan:local_data.dat:裝備中道具 | lang0:lang0.pak:Already Equipped
DST_ITEM_ATTACK_RANGE	2	2	lang0,taiwan	taiwan:local_data.dat:攻擊距離 : %5d公尺 | lang0:lang0.pak:Attack Range: %5d
DST_ITEM_ATTACK_SPEED	2	2	lang0,taiwan	taiwan:local_data.dat:攻擊速度 : %4d | lang0:lang0.pak:Attack Speed: %4d
DST_ITEM_ATTR_ELEGANCE	2	2	lang0,taiwan	taiwan:local_data.dat:麗 | lang0:lang0.pak:Water
DST_ITEM_ATTR_FUNNY	2	2	lang0,taiwan	taiwan:local_data.dat:樂 | lang0:lang0.pak:Fire
DST_ITEM_ATTR_HONEST	2	2	lang0,taiwan	taiwan:local_data.dat:真 | lang0:lang0.pak:Ice
DST_ITEM_ATTR_INFO	2	2	lang0,taiwan	taiwan:local_data.dat:屬性 : %s | lang0:lang0.pak:Element: %s
DST_ITEM_ATTR_NONE	2	2	lang0,taiwan	taiwan:local_data.dat:無 | lang0:lang0.pak:None
DST_ITEM_ATTR_STRANGE	2	2	lang0,taiwan	taiwan:local_data.dat:奇 | lang0:lang0.pak:Lightning
DST_ITEM_ATTR_WILD	2	2	lang0,taiwan	taiwan:local_data.dat:猛 | lang0:lang0.pak:Wind
DST_ITEM_BAG_FULL	2	2	lang0,taiwan	taiwan:local_data.dat:膠囊盒空間不足。 | lang0:lang0.pak:Bag Full
DST_ITEM_BEAD_CONFIRM_MESSAGE	2	2	lang0,taiwan	taiwan:local_data.dat:要將屬性球鑲嵌在套裝上嗎？ | lang0:lang0.pak:Are you sure you want to use this item?
DST_ITEM_BEAD_DESTROY_CONFIR_MESSAGE	2	2	lang0,taiwan	"taiwan:local_data.dat:[align = ""center""][font size = ""12"" color=""f4d762""]移除屬性球道具[/font][br][br][font size = ""10""color=""f36a7c""]移除的屬性球效果將無法再恢復。[br]您確定要移除屬性球效果嗎？[/font] | lang0:lang0.pak:[align = ""center""][font size = ""12"" color=""f4d762""]Remove Effect[/font][br][br][font size = ""10"" color=""f36a7c""]Removed effects can't be recovered.[br]Are you sure to remove it?[/font]"
DST_ITEM_BEAD_DESTROY_SUCCESS	2	2	lang0,taiwan	taiwan:local_data.dat:已刪除珠子道具效果。 | lang0:lang0.pak:Effects successfully removed.
DST_ITEM_BEAD_DESTROY_TOOLTIP	2	2	lang0,taiwan	taiwan:local_data.dat:使用Shift + 滑鼠右鍵將可以解除\n屬性球的效果 | lang0:lang0.pak:Dogi effects can be removed with Shift+right mouse button.
DST_ITEM_BEAD_EXPLANATION	2	2	lang0,taiwan	taiwan:local_data.dat:根據機率與相關屬性，\n可以隨機的附與兩個屬性在套裝上。 | lang0:lang0.pak:Randomly attached two properties\nto the Dogi.
DST_ITEM_BEAD_INFO_TITLE	2	2	lang0,taiwan	taiwan:local_data.dat:屬性球情報 | lang0:lang0.pak:Dogiball effect
DST_ITEM_BEAD_NO	2	2	lang0,taiwan	taiwan:local_data.dat:否 | lang0:lang0.pak:No
DST_ITEM_BEAD_NOT_REGISTED	2	2	lang0,taiwan	taiwan:local_data.dat:未登錄 | lang0:lang0.pak:Unregistered
DST_ITEM_BEAD_RESULT_MSG_SUCCESS	2	2	lang0,taiwan	taiwan:local_data.dat:成功使用珠子道具，已於服裝上套用選項。 | lang0:lang0.pak:Successful applied an effect
DST_ITEM_BEAD_TEXT_01_EXPLANATION	2	2	lang0,taiwan	taiwan:local_data.dat:只要鑲嵌「服裝屬性球」，\n套裝的狀態都會維持綁定。 | lang0:lang0.pak:Insert a Dogiball activates bind effect
DST_ITEM_BEAD_TEXT_01_TITLE	2	2	lang0,taiwan	taiwan:local_data.dat:1. 套裝綁定 | lang0:lang0.pak:1. Binding effects:
DST_ITEM_BEAD_TEXT_02_EXPLANATION	2	2	lang0,taiwan	taiwan:local_data.dat:可自行拆卸屬性球，但拆卸後屬性球即破壞消失，\n並可將新屬性球鑲嵌上去。 | lang0:lang0.pak:The effect can be removed but the Dogiball\nwill be lost.
DST_ITEM_BEAD_TEXT_02_TITLE	2	2	lang0,taiwan	taiwan:local_data.dat:2. 變更屬性球 | lang0:lang0.pak:2. Remove Dogiball:
DST_ITEM_BEAD_TEXT_03_EXPLANATION	2	2	lang0,taiwan	taiwan:local_data.dat:鑲嵌屬性球失敗時，服裝和屬性球全數破壞消失。 | lang0:lang0.pak:If the Dogi effect ball fails the item will be\ndestroyed.
DST_ITEM_BEAD_TEXT_03_TITLE	2	2	lang0,taiwan	taiwan:local_data.dat:3. 破壞服裝 | lang0:lang0.pak:3. Dogiball fails:
DST_ITEM_BEAD_TITLE	2	2	lang0,taiwan	taiwan:local_data.dat:服裝屬性鑲嵌 | lang0:lang0.pak:item attributes embedded
DST_ITEM_BEAD_TOOLTIP_01	2	2	lang0,taiwan	taiwan:local_data.dat:使用等級 : %d等級以上 | lang0:lang0.pak:Level and above: %d
DST_ITEM_BEAD_TOOLTIP_02	2	2	lang0,taiwan	taiwan:local_data.dat:套用對象 : 服裝 | lang0:lang0.pak:Apply to: Dogi
DST_ITEM_BEAD_TOOLTIP_03	2	2	lang0,taiwan	taiwan:local_data.dat:點擊滑鼠右鍵\n可使用珠子道具 | lang0:lang0.pak:Click right mouse and use on Dogi
DST_ITEM_BEAD_YES	2	2	lang0,taiwan	taiwan:local_data.dat:是 | lang0:lang0.pak:Yes
DST_ITEM_BUY_COST	2	2	lang0,taiwan	taiwan:local_data.dat:購買費用 : %u | lang0:lang0.pak:Cost: %u
DST_ITEM_CAN_EQUIP	2	2	lang0,taiwan	taiwan:local_data.dat:適用種族 : %s 可裝備 | lang0:lang0.pak:Class: %s
DST_ITEM_CAN_NOT_DELETE	2	2	lang0,taiwan	taiwan:local_data.dat:該道具無法丟棄。 | lang0:lang0.pak:Can't Discard
DST_ITEM_CAN_NOT_DISASSEMBLE	2	2	lang0,taiwan	taiwan:local_data.dat:此道具無法分解 | lang0:lang0.pak:Can't be decomposed.
DST_ITEM_CAN_NOT_DISCARD_NOT_PICKUP	2	2	lang0,taiwan	taiwan:local_data.dat:拖移道具至垃圾桶即可破壞道具。 | lang0:lang0.pak:Can't Discard & Can't Loot.
DST_ITEM_CAN_NOT_DISCARD_NOT_STATE	2	2	lang0,taiwan	taiwan:local_data.dat:現在無法丟棄道具。 | lang0:lang0.pak:Can't Discard.
DST_ITEM_CAN_NOT_EQUIP_EXPIRED_DURATION	2	2	lang0,taiwan	taiwan:local_data.dat:使用期限已到，無法使用。 | lang0:lang0.pak:Item Expired
DST_ITEM_CAN_NOT_EQUIP_ZERO_DURABILITY	2	2	lang0,taiwan	taiwan:local_data.dat:耐久度為0的道具無法裝備。 | lang0:lang0.pak:Item is Broken
DST_ITEM_CAN_NOT_IDENTIFIED_SELL	2	2	lang0,taiwan	taiwan:local_data.dat:未知道具無法販賣。 | lang0:lang0.pak:Mystery Items can't be sold.
DST_ITEM_CAN_NOT_MOVE_BAG_EXPIRED_DURATION	2	2	lang0,taiwan	taiwan:local_data.dat:背包的使用期限已到無法搬動物品。 | lang0:lang0.pak:Bag Expired
DST_ITEM_CAN_NOT_MOVE_BASICBAG	2	2	lang0,taiwan	taiwan:local_data.dat:無法移動基本膠囊盒。 | lang0:lang0.pak:Can't Move.
DST_ITEM_CAN_NOT_MOVE_ERROR_PACKET_SEND2	2	2	lang0,taiwan	taiwan:local_data.dat:Title Effect has been setted. | lang0:lang0.pak:Title Effect has been setted.
DST_ITEM_CAN_NOT_MOVE_ERROR_SERIAL_ID	2	2	lang0,taiwan	"taiwan:local_data.dat:[align = ""center""][font size = ""12"" color=""f4d762""]道具固有編號錯誤[/font][br][br][font size = ""10"" color=""f36a7c""]有可能是因為[br]黑客或是程序錯誤[br]所造成的。[/font][br][br][font size = ""10"" color=""ffffff""]請中止七龍珠Online，[br]重新啟動遊戲。[/font] | lang0:lang0.pak:[align = ""center""]Item ID Error[br][br]An error has occurred with the Item ID.[br][br]Dragon Ball Online will now Exit."
DST_ITEM_CAN_NOT_MOVE_NETPYSTORE	2	2	lang0,taiwan	taiwan:local_data.dat:無法搬移道具至特約倉庫，該功能限特約網咖使用。 | lang0:lang0.pak:Item Can't Be Moved.
DST_ITEM_CAN_NOT_MOVE_NOT_EMPTY_BAG	2	2	lang0,taiwan	taiwan:local_data.dat:未清空的膠囊盒無法搬移。 | lang0:lang0.pak:Empty Bag Can't Be Moved
DST_ITEM_CAN_NOT_MOVE_NOT_EQUIAL_EQUIPTYPE	2	2	lang0,taiwan	taiwan:local_data.dat:裝備種類不同無法使用。 | lang0:lang0.pak:Different from the Equip that can be used.
DST_ITEM_CAN_NOT_MOVE_SCOUTER_EXPIRED_DURATION	2	2	lang0,taiwan	taiwan:local_data.dat:史考特的使用期限已到，無法裝備晶片。 | lang0:lang0.pak:Scouter has Expired.
DST_ITEM_CAN_NOT_MOVE_THERE	2	2	lang0,taiwan	taiwan:local_data.dat:無法移置該欄位。 | lang0:lang0.pak:Can't be moved there.
DST_ITEM_CAN_NOT_MOVE_TO_BAGSLOT_FULLBAGSLOT	2	2	lang0,taiwan	taiwan:local_data.dat:無法再裝備膠囊盒了。 | lang0:lang0.pak:Bag Full Can't Move.
DST_ITEM_CAN_NOT_MOVE_TO_BAGSLOT_NOT_BAG	2	2	lang0,taiwan	taiwan:local_data.dat:膠囊盒欄位僅能裝備膠囊盒。 | lang0:lang0.pak:Can't Move Bag into Bag.
DST_ITEM_CAN_NOT_MOVE_TO_EQUIP_NOT_EQUIPITEM	2	2	lang0,taiwan	taiwan:local_data.dat:僅可置放裝備道具。 | lang0:lang0.pak:Can't be worn.
DST_ITEM_CAN_NOT_MOVE_TO_SCOUTER_NOT_SCOUTERPARTS	2	2	lang0,taiwan	taiwan:local_data.dat:僅可裝備史考特晶片。 | lang0:lang0.pak:Not a Scouter Part.
DST_ITEM_CAN_NOT_MOVE_TO_WAREHOUSE	2	2	lang0,taiwan	taiwan:local_data.dat:該道具無法移置倉庫。 | lang0:lang0.pak:Can't Bank
DST_ITEM_CAN_NOT_SAVE_COMMON_WAREHOUSE	2	2	lang0,taiwan	taiwan:local_data.dat:該道具無法存放於共享倉庫內。 | lang0:lang0.pak:Can't Bank.
DST_ITEM_CAN_NOT_SELL	2	2	lang0,taiwan	taiwan:local_data.dat:該道具無法販賣。 | lang0:lang0.pak:Can't Sell
DST_ITEM_CAN_NOT_TRADE	2	2	lang0,taiwan	taiwan:local_data.dat:該道具無法進行交易。 | lang0:lang0.pak:Item can't be traded
DST_ITEM_CAN_NOT_UNEQUIP_BAG_FULL	2	2	lang0,taiwan	taiwan:local_data.dat:膠囊盒無剩餘空間，無法卸除裝備無法使用。 | lang0:lang0.pak:Can't un-equip Bag.
DST_ITEM_CAN_NOT_USE_DURING_DOJO_SCRAMBLE	2	2	lang0,taiwan	taiwan:local_data.dat:進行道場爭奪戰時，無法使用。 | lang0:lang0.pak:Disabled for scramble
DST_ITEM_CAN_NOT_USE_EXPIRED_ITEM	2	2	lang0,taiwan	taiwan:local_data.dat:使用期限已到，無法使用。 | lang0:lang0.pak:Item Expired
DST_ITEM_CAN_NOT_USE_MAX_EP	2	2	lang0,taiwan	taiwan:local_data.dat:EP為100%狀態下無法使用。 | lang0:lang0.pak:EP is 100%
DST_ITEM_CAN_NOT_USE_MAX_LP	2	2	lang0,taiwan	taiwan:local_data.dat:LP為100%狀態下無法使用。 | lang0:lang0.pak:LP is 100%
DST_ITEM_CAN_NOT_USE_MAX_RP_BALL	2	2	lang0,taiwan	taiwan:local_data.dat:RP為100%狀態下無法使用。 | lang0:lang0.pak:RP is 100%
DST_ITEM_CAN_NOT_USE_NO_DOJO_SCRAMBLE_SEAL	2	2	lang0,taiwan	taiwan:local_data.dat:印章控制機限進行道場爭奪戰時方可使用。 | lang0:lang0.pak:Can't Use Scramble Seal.
DST_ITEM_CAN_SEX	2	2	lang0,taiwan	taiwan:local_data.dat:適用性別 : %s | lang0:lang0.pak:Gender : %s
DST_ITEM_CAN_USE	2	2	lang0,taiwan	taiwan:local_data.dat:使用種族 : %s 可以使用 | lang0:lang0.pak:Race : %s
DST_ITEM_CLOSE_ATTACK_RANGE	2	2	lang0,taiwan	taiwan:local_data.dat:攻擊型態:近攻 | lang0:lang0.pak:Melee Range
DST_ITEM_CONFIRM_DROP	2	2	lang0,taiwan	"taiwan:local_data.dat:[align = ""center""][fontM_CONFIRM_DROP=""[align = ""center""][font size = ""12"" color=""f4d762""]丟棄道具[/font][br][br][font size = ""10"" color=""269eff""][br][font size = ""10"" color=""2690""]丟棄""10"" color=""f36a7c""][/font]欲丟棄道具: %s[br][br][font size = ""10"" color=""f36a7c""]道具丟棄後，道具將馬上消失，[br]無法再拾取。 color=""ffffff""]您確定要丟棄道具嗎？ | lang0:lang0.pak:[align = ""center""][font size = ""12"" color=""f4d762""]Item Discard[/font][br][br][font size = ""10"" color=""269eff""]You are Discarding this Item.[/font][br][br][font size = ""10"" color=""f36a7c""]Item: %s[/font][br][br][font size = ""10"" color=""f36a7c""]You won't get this Item back.[/font][br][br][font size = ""10"" color=""ffffff""]Discard Item?[/font]"
DST_ITEM_CONFIRM_DROP_ON_REMOTE_SELL	2	2	lang0,taiwan	"taiwan:local_data.dat:[align =""center""][font size=""12""color=""f4d762""]禁止販賣的道具[/font][br][br][font size=""10""color=""f36a7c""「」道具」無法購買。 | lang0:lang0.pak:[align = ""center""][font size=""12""color=""f4d762""]Items sold[/font][br][br][font size=""10""color=""f36a7c""]Can't be sold.[/font]"
DST_ITEM_COUNT	2	2	lang0,taiwan	taiwan:local_data.dat: %d 個 | lang0:lang0.pak: %d items
DST_ITEM_DIFF_STATUS	2	2	lang0,taiwan	taiwan:local_data.dat:+ %u | lang0:lang0.pak:+ %u
DST_ITEM_DIVISION_DICE_BID	2	2	lang0,taiwan	taiwan:local_data.dat:競 標 | lang0:lang0.pak:By Dice
DST_ITEM_DIVISION_DICE_BID_TOOLTIP	2	2	lang0,taiwan	taiwan:local_data.dat:參加擲骰子。 | lang0:lang0.pak:Play Dice
DST_ITEM_DIVISION_DICE_BID_TOOLTIP_CANNOT_BID	2	2	lang0,taiwan	taiwan:local_data.dat:由於是無法裝備的道具，因此無法選擇進行保留。 | lang0:lang0.pak:Isn't your class, can't dice.
DST_ITEM_DIVISION_DICE_CANCEL	2	2	lang0,taiwan	taiwan:local_data.dat:取 消 | lang0:lang0.pak:Canceled
DST_ITEM_DIVISION_DICE_CANCEL_TOOLTIP	2	2	lang0,taiwan	taiwan:local_data.dat:不參加擲骰子。 | lang0:lang0.pak:Don't participate in the dice roll.
DST_ITEM_DIVISION_DICE_FARE	2	2	lang0,taiwan	taiwan:local_data.dat:保 留 | lang0:lang0.pak:Reserve
DST_ITEM_DIVISION_DICE_FARE_TOOLTIP	2	2	lang0,taiwan	taiwan:local_data.dat:選擇保留的人，若是沒有任何人主動參加擲骰子的話，將進行擲骰子。 | lang0:lang0.pak:Reserve the item if no one dices.
DST_ITEM_DIVISION_DICE_LIMIT_TIME	2	2	lang0,taiwan	"taiwan:local_data.dat:[align = ""center""][font size = ""10""color=""5feb5f""] %d秒後，將會自動取消。[/font][/align] | lang0:lang0.pak:[align = ""center""][font size = ""10""color=""5feb5f""] After %d seconds will be automatically cancelled.[/font][/align]"
DST_ITEM_DOEXTEND_SIDE_TEXT	2	2	lang0,taiwan	taiwan:local_data.dat:持有道具使用期限即將結束，請進行延長。 | lang0:lang0.pak:Your Armor Broke
DST_ITEM_DOFIX_SIDE_TEXT	2	2	lang0,taiwan	taiwan:local_data.dat:請修理耐久度低於30%以下的道具。 | lang0:lang0.pak:Armor Durability Under 30%
DST_ITEM_DURABILITY	2	2	lang0,taiwan	taiwan:local_data.dat:耐久度: %3d/%3d | lang0:lang0.pak:Durability:% 3d /% 3d
DST_ITEM_ENERGY_CLASS	2	2	lang0,taiwan	taiwan:local_data.dat:氣功師,意魔人 | lang0:lang0.pak:Caster Class
DST_ITEM_ENERGY_DEFENCE	2	2	lang0,taiwan	taiwan:local_data.dat:氣功防禦力 : %5d | lang0:lang0.pak:Energy Def: %5d
DST_ITEM_ENERGY_OFFENCE	2	2	lang0,taiwan	taiwan:local_data.dat:氣功攻擊力 : %5d | lang0:lang0.pak:Energy Atk: %5d
DST_ITEM_EQUIP_CLASS_TEXT	2	2	lang0,taiwan	taiwan:local_data.dat:裝備種族 : 限 %s 可裝備 | lang0:lang0.pak:Req %s
DST_ITEM_EQUIP_HOLD_WATT	2	2	lang0,taiwan	taiwan:local_data.dat:最大功率 : %d 瓦 | lang0:lang0.pak:Hold Watt: %d
DST_ITEM_EQUIP_LEVEL_TEXT	2	2	lang0,taiwan	taiwan:local_data.dat:適用等級 : %d 等級以上可能 | lang0:lang0.pak:Lv.%d
DST_ITEM_EQUIP_MIN_MAX_LEVEL_TEXT	2	2	lang0,taiwan	taiwan:local_data.dat:可裝備等級 : %d ~ %d | lang0:lang0.pak:Lv.%d - %d
DST_ITEM_EQUIP_NEED_WATT	2	2	lang0,taiwan	taiwan:local_data.dat:所需瓦數 : %d 瓦 | lang0:lang0.pak:Required Watt: %d
DST_ITEM_EQUIP_SLOT_TEXT	2	2	lang0,taiwan	taiwan:local_data.dat:適用欄位 : %s | lang0:lang0.pak:Slot: %s
DST_ITEM_FUEL_EFFICIENCY	2	2	lang0,taiwan	taiwan:local_data.dat:每%d秒消耗一個燃料 | lang0:lang0.pak:Fuel Consumed %d per second
DST_ITEM_GRADE_EXCELLENT	2	2	lang0,taiwan	taiwan:local_data.dat:特級 | lang0:lang0.pak:Excellent
DST_ITEM_GRADE_LEGENDARY	2	2	lang0,taiwan	taiwan:local_data.dat:傳說 | lang0:lang0.pak:Legendary
DST_ITEM_GRADE_NORMAL	2	2	lang0,taiwan	taiwan:local_data.dat:一般 | lang0:lang0.pak:Normal
DST_ITEM_GRADE_RARE	2	2	lang0,taiwan	taiwan:local_data.dat:稀少 | lang0:lang0.pak:Rare
DST_ITEM_GRADE_SUPERIOR	2	2	lang0,taiwan	taiwan:local_data.dat:高級 | lang0:lang0.pak:Superior
DST_ITEM_IDENTIFY_COST	2	2	lang0,taiwan	taiwan:local_data.dat:鑑定費 : %u | lang0:lang0.pak:Cost: %u
DST_ITEM_IDENTIFY_MUST_IDENTIFY	2	2	lang0,taiwan	taiwan:local_data.dat:需在商店進行鑑定後方可使用 | lang0:lang0.pak:Identify the item.
DST_ITEM_INFO_USABLE_PLACE	2	2	lang0,taiwan	taiwan:local_data.dat:只能使用在%s | lang0:lang0.pak:%s Available
DST_ITEM_IS_IDENTIFIED_ALREADY	2	2	lang0,taiwan	taiwan:local_data.dat:此道具無需鑑定。 | lang0:lang0.pak:This Item Has Been Identified Already
DST_ITEM_IS_UNIDENTIFIED	2	2	lang0,taiwan	taiwan:local_data.dat:此為未知的道具。 | lang0:lang0.pak:This Item Isn't Identified
DST_ITEM_JUST_DURABILITY	2	2	lang0,taiwan	taiwan:local_data.dat:耐久度: %3d | lang0:lang0.pak:Durability:% 3d
DST_ITEM_LIMITED_DELETE	2	2	lang0,taiwan	taiwan:local_data.dat:禁止丟棄 | lang0:lang0.pak:No-Discard
DST_ITEM_LIMITED_SELL	2	2	lang0,taiwan	taiwan:local_data.dat:禁止販賣 | lang0:lang0.pak:No-Sale
DST_ITEM_LIMITED_STORE_COMMON_WAREHOUSE	2	2	lang0,taiwan	taiwan:local_data.dat:禁止存放於共用倉庫 | lang0:lang0.pak:No-Bank
DST_ITEM_LIMITED_STORE_GUILD_WAREHOUSE	2	2	lang0,taiwan	taiwan:local_data.dat:禁止存放於流派倉庫 | lang0:lang0.pak:No-Bank
DST_ITEM_LIMITED_STORE_WAREHOUSE	2	2	lang0,taiwan	taiwan:local_data.dat:禁止存放倉庫 | lang0:lang0.pak:No-Bank
DST_ITEM_LIMITED_USER_TRADE	2	2	lang0,taiwan	taiwan:local_data.dat:禁止玩家交易 | lang0:lang0.pak:No-Trade
DST_ITEM_MOVE_SPEED	2	2	lang0,taiwan	taiwan:local_data.dat:移動速度 : %d | lang0:lang0.pak:Speed: %d
DST_ITEM_NEED_CON	2	2	lang0,taiwan	taiwan:local_data.dat:所需耐力 : %5d以上 | lang0:lang0.pak:Need %5d CON
DST_ITEM_NEED_DEX	2	2	lang0,taiwan	taiwan:local_data.dat:所需敏捷 : %5d 以上 | lang0:lang0.pak:Need %5d DEX
DST_ITEM_NEED_ENG	2	2	lang0,taiwan	taiwan:local_data.dat:所需運氣 : %5d 以上 | lang0:lang0.pak:Need %5d ENG
DST_ITEM_NEED_FOC	2	2	lang0,taiwan	taiwan:local_data.dat:所需集中力 : %5d 以上 | lang0:lang0.pak:Need %5d FOC
DST_ITEM_NEED_SOL	2	2	lang0,taiwan	taiwan:local_data.dat:所需精神力 : %5d 以上 | lang0:lang0.pak:Need %5d SOL
DST_ITEM_NEED_STR	2	2	lang0,taiwan	taiwan:local_data.dat:所需力量 : %5d 以上 | lang0:lang0.pak:Need %5d STR
DST_ITEM_NO_TARGET_APPOINTED	2	2	lang0,taiwan	taiwan:local_data.dat:該道具須指定使用物件。 | lang0:lang0.pak:No Target!
DST_ITEM_OPTION_EFFECT	2	2	lang0,taiwan	taiwan:local_data.dat:設定效果 | lang0:lang0.pak:Item Effect
DST_ITEM_OPTION_RESTRUCTURE_BUY	2	2	lang0,taiwan	taiwan:local_data.dat:購買 | lang0:lang0.pak:Buy
DST_ITEM_OPTION_RESTRUCTURE_CANNOT_GRADE_ERR	2	2	lang0,taiwan	taiwan:local_data.dat:Cannot restructure this grade. | lang0:lang0.pak:Cannot restructure this grade.
DST_ITEM_OPTION_RESTRUCTURE_CANNOT_MOVE	2	2	lang0,taiwan	taiwan:local_data.dat: 無法移動至該欄位的道具 | lang0:lang0.pak:The item can't be moved there
DST_ITEM_OPTION_RESTRUCTURE_CANNOT_RESTRUCTURE	2	2	lang0,taiwan	taiwan:local_data.dat:無法重組屬性的道具 | lang0:lang0.pak:Unable to restructure
DST_ITEM_OPTION_RESTRUCTURE_CLOSE	2	2	lang0,taiwan	taiwan:local_data.dat:關閉 | lang0:lang0.pak:Close
DST_ITEM_OPTION_RESTRUCTURE_COMPLETE	2	2	lang0,taiwan	taiwan:local_data.dat:完成屬性重組 | lang0:lang0.pak:Complete
DST_ITEM_OPTION_RESTRUCTURE_CONFIRM_MESSAGE	2	2	lang0,taiwan	"taiwan:local_data.dat:[align = ""center""][font size = ""12"" color=""f4d762""]進行屬性重組[/font][br][br][font size = ""10"" color=""f36a7c""]登記的物品屬性將會被刪除，[br]並消耗一個裝備屬性盒後，物品屬性將會進行重組。[/font][br][br][font size = ""10"" color=""f4d762""]確認 : 屬性重組[/font][br][br][font size = ""10"" color=""ff1e1e""]您確定要進行屬性重組嗎？[/font] | lang0:lang0.pak:[align = ""center""][font size = ""12"" color=""f4d762""]Item restructuring[/font][br][br][font size = ""10"" color=""f36a7c""]The Item specifics will be deleted,[br]and reorganized.[/font][br][br][font size = ""10"" color=""f4d762""]Confirmation: Item restructuring[/font][br][br][font size = ""10"" color=""ff1e1e""]Are you sure you want to restructure it?[/font]"
DST_ITEM_OPTION_RESTRUCTURE_OPTION_KIT_TITLE	2	2	lang0,taiwan	taiwan:local_data.dat:裝備屬性盒 | lang0:lang0.pak:Properties box
DST_ITEM_OPTION_RESTRUCTURE_RESTRUCTURE_OPTION_TITLE	2	2	lang0,taiwan	taiwan:local_data.dat:屬性變更後 | lang0:lang0.pak:New States
DST_ITEM_OPTION_RESTRUCTURE_START	2	2	lang0,taiwan	taiwan:local_data.dat:重組 | lang0:lang0.pak:Restructuring
DST_ITEM_OPTION_RESTRUCTURE_TARGET_ITEM_TITLE	2	2	lang0,taiwan	taiwan:local_data.dat:道具 | lang0:lang0.pak:Items
DST_ITEM_OPTION_RESTRUCTURE_TARGET_OPTION_TITLE	2	2	lang0,taiwan	taiwan:local_data.dat:屬性變更前 | lang0:lang0.pak:States
DST_ITEM_OPTION_RESTRUCTURE_TITLE	2	2	lang0,taiwan	taiwan:local_data.dat:屬性重組 | lang0:lang0.pak:Item Reconstruction
DST_ITEM_OPTION_SOCKET_EFFECT	2	2	lang0,taiwan	taiwan:local_data.dat:[鑲嵌效果] | lang0:lang0.pak:[Ball Effect]
DST_ITEM_PHYSICAL_CLASS	2	2	lang0,taiwan	taiwan:local_data.dat:武道家,那美剋星戰士,大魔人 | lang0:lang0.pak:Melee Class
DST_ITEM_PHYSICAL_DEFENCE	2	2	lang0,taiwan	taiwan:local_data.dat:格鬥防禦力 : %5d | lang0:lang0.pak:Physical Def: %5d
DST_ITEM_PHYSICAL_OFFENCE	2	2	lang0,taiwan	taiwan:local_data.dat:格鬥攻擊力 : %5d | lang0:lang0.pak:Physical Atk: %5d
DST_ITEM_RECIPE_TYPE_ACCESSORY	2	2	lang0,taiwan	taiwan:local_data.dat:裝飾品食譜 | lang0:lang0.pak:Accessory Recipe
DST_ITEM_RECIPE_TYPE_CLOTH_ARMOR	2	2	lang0,taiwan	taiwan:local_data.dat:氣功防具食譜 | lang0:lang0.pak:Armor Recipe
DST_ITEM_RECIPE_TYPE_EVENT	2	2	lang0,taiwan	taiwan:local_data.dat:活動配方 | lang0:lang0.pak:Event Recipe
DST_ITEM_RECIPE_TYPE_FOOD_DRINK	2	2	lang0,taiwan	taiwan:local_data.dat:基本食譜 | lang0:lang0.pak:Basic Recipe
DST_ITEM_RECIPE_TYPE_MAIN_WEAPON	2	2	lang0,taiwan	taiwan:local_data.dat:主武器食譜 | lang0:lang0.pak:Weapon Recipe
DST_ITEM_RECIPE_TYPE_SUB_WEAPON	2	2	lang0,taiwan	taiwan:local_data.dat:輔助武器食譜 | lang0:lang0.pak:Sub Weapon Recipe
DST_ITEM_RECIPE_TYPE_TECH_ARMOR	2	2	lang0,taiwan	taiwan:local_data.dat:格鬥防具食譜 | lang0:lang0.pak:Tech Armor Recipe
DST_ITEM_REMOTE_SELL	2	2	lang0,taiwan	"taiwan:local_data.dat:[align = ""center""][font size = ""12"" color=""f4d762""]遙控販賣道具[/font][br][br][font size = ""10"" color=""269eff""]裝備特別的史考特零件[br]將不需要丟棄道具，可以50%%的價格[br]販賣道具。 [/font][br][br][font size = ""10"" color=""f4d762""][/font]欲遠販賣廠商銷售價格[0%] 1% = 8%) 7%[30% ""10"" color=""f36a7c""]販賣的道具會馬上消失。 | lang0:lang0.pak:[align = ""center""]Sell items[br][br]with special scout part[br]not losing 50% of the price[br][br]selling items : %s[br]Sale Price(50%%): %s Zeni[br]item will be gone[br][br]sell this item"
DST_ITEM_REPAIR_COST	2	2	lang0,taiwan	taiwan:local_data.dat:修理費 : %s | lang0:lang0.pak:Repairs: %u
DST_ITEM_SELL_COST	2	2	lang0,taiwan	taiwan:local_data.dat:販賣費 : %s | lang0:lang0.pak:Price: %s
DST_ITEM_SELL_VERIFICATION	2	2	lang0,taiwan	"taiwan:local_data.dat:[align = ""center""][font size = ""12"" color=""f4d762""]販賣道具[/font][br][br][br][font size = ""10"" color=""ffffff""]請選擇要販賣的道具[br](稀有以上強化裝備已放上去了)[/font][br][br][font size = ""10"" color=""dd0010""]已販賣的道具是無法復原[br][br][/font] | lang0:lang0.pak:[align = ""center""][font size = ""12"" color=""f4d762""]Sale of Item[/font][br][br][font size = ""10"" color=""ffffff""]Selected item is improved.[br][br][font size = ""10"" color=""dd0010""]Sold items can't be undone.[br][br][/font]"
DST_ITEM_SPECIAL_CLASS	2	2	lang0,taiwan	taiwan:local_data.dat:特殊職業 | lang0:lang0.pak:Specialized Class
DST_ITEM_SPECIAL_EFFECT	2	2	lang0,taiwan	taiwan:local_data.dat:特殊效果 : 基本效能上升 20% (+) | lang0:lang0.pak:Specific Effects: Performance +10%
DST_ITEM_SPECIAL_RACE	2	2	lang0,taiwan	taiwan:local_data.dat:特殊種族 | lang0:lang0.pak:Specific Races
DST_ITEM_STONE_CAPSULE_COUNT	2	2	lang0,taiwan	taiwan:local_data.dat:使用時所需的欄位數 : %d | lang0:lang0.pak:Slots required for use: %d
DST_ITEM_TRANSFORM_POTION_MSG	2	2	lang0,taiwan	"taiwan:local_data.dat:[align = ""center""][font size = ""12"" color=""f4d762""]角色外型變化[/font][br][br][font size = ""10"" color=""269eff""]使用道具的角色時光倒轉後會變成人或小孩.[/font][br][br][font size = ""10"" color=""f36a7c""]消耗道具 : %s 道具[/font][br][font size = ""10"" color=""f4d762""]變化外型為成人或小孩[/font][br][br][font size = ""10"" color=""f36a7c""]成功變化外型後,客服作業無法恢復.[/font][br][br][font size = ""10"" color=""ffffff""]決定要使用此道具嗎?[/font][br] | lang0:lang0.pak:[align = ""center""][font size = ""12"" color=""f4d762""]Change Appearance[/font][br][br][font size = ""10"" color=""269eff""]Change the time and become an adult or child.[/font][br][br][font size = ""10"" color=""f36a7c""]Consume item: %s[/font][br][br][font size = ""10"" color=""f4d762""]After successful change the appearance to[br]be an adult or child it can't be restored[br]without another use of the item.[/font][br][br][font size = ""10"" color=""ffffff""]Change appearance now?[/font][br]"
DST_ITEM_UNIDENTIFIED	2	2	lang0,taiwan	taiwan:local_data.dat:未知道具 | lang0:lang0.pak:Mystery Item
DST_ITEM_USE_ALARM	2	2	lang0,taiwan	taiwan:local_data.dat:請使用道具. | lang0:lang0.pak:Please use the Item.
DST_ITEM_USE_ITEM_LEVEL_TEXT	2	2	lang0,taiwan	taiwan:local_data.dat:使用等級 : %d 等級以上可能 | lang0:lang0.pak:Lv.%d
DST_ITEM_USE_ITEM_MIN_MAX_LEVEL_TEXT	2	2	lang0,taiwan	taiwan:local_data.dat:可使用等級 : %d ~ %d | lang0:lang0.pak:Lv.%d - %d
DST_JOB_ALIEN_ENGINEER	2	2	lang0,taiwan	taiwan:local_data.dat:外星人工程師 | lang0:lang0.pak:Alien Engineer
DST_JOB_ARMOR_MERCHANT	2	2	lang0,taiwan	taiwan:local_data.dat:服飾商人 | lang0:lang0.pak:Armor Merchant
DST_JOB_BANKER	2	2	lang0,taiwan	taiwan:local_data.dat:亞德拉特傳輸 | lang0:lang0.pak:Banker
DST_JOB_BATTLE_DUNGEON_MANAGER	2	2	lang0,taiwan	taiwan:local_data.dat:CC 競技副本管理人 | lang0:lang0.pak:Dungeon Manager
DST_JOB_BUDOHSI_MERCHANT	2	2	lang0,taiwan	taiwan:local_data.dat:武道寺商人 | lang0:lang0.pak:Dojo Merchant
DST_JOB_BUS	2	2	lang0,taiwan	taiwan:local_data.dat:交通工具 | lang0:lang0.pak:Transportation
DST_JOB_CHAMPION_MERCHANT	2	2	lang0,taiwan	taiwan:local_data.dat:優勝者專用商人 | lang0:lang0.pak:Champion merchant
DST_JOB_DOGI_MERCHANT	2	2	lang0,taiwan	taiwan:local_data.dat:道服商人 | lang0:lang0.pak:Dogi Merchant
DST_JOB_DOJO_BANKER	2	2	lang0,taiwan	taiwan:local_data.dat:道場倉庫 | lang0:lang0.pak:Dojo Bank
DST_JOB_DOJO_MANAGER	2	2	lang0,taiwan	taiwan:local_data.dat:道場管理員 | lang0:lang0.pak:Dojo Manager
DST_JOB_DOJO_MERCHANT	2	2	lang0,taiwan	taiwan:local_data.dat:道場商人 | lang0:lang0.pak:Dojo Merchant
DST_JOB_DOJO_SEAL	2	2	lang0,taiwan	taiwan:local_data.dat:道場印章 | lang0:lang0.pak:Dojo Seal
DST_JOB_DWC_NPC	2	2	lang0,taiwan	taiwan:local_data.dat:DWC 管理員 | lang0:lang0.pak:DWC Teleporter
DST_JOB_EVENT_NPC	2	2	lang0,taiwan	taiwan:local_data.dat:活動管理員 | lang0:lang0.pak:Event Manager
DST_JOB_GAMBLE_MERCHANT	2	2	lang0,taiwan	taiwan:local_data.dat:扭蛋機商人 | lang0:lang0.pak:Mudosa Gambler
DST_JOB_GATE_KEEPER	2	2	lang0,taiwan	taiwan:local_data.dat:守門人 | lang0:lang0.pak:Gate Keeper
DST_JOB_GOODS_MERCHANT	2	2	lang0,taiwan	taiwan:local_data.dat:雜貨商人 | lang0:lang0.pak:Goods Merchant
DST_JOB_GRAND_SKILL_TRAINER_HEN	2	2	lang0,taiwan	taiwan:local_data.dat:工程師進階技能導師 | lang0:lang0.pak:Engineering Master
DST_JOB_GRAND_SKILL_TRAINER_HFI	2	2	lang0,taiwan	taiwan:local_data.dat:武道家進階技能導師 | lang0:lang0.pak:Martial Arts Master
DST_JOB_GRAND_SKILL_TRAINER_HMY	2	2	lang0,taiwan	taiwan:local_data.dat:氣功師進階技能導師 | lang0:lang0.pak:Spiritualist Master
DST_JOB_GRAND_SKILL_TRAINER_MMI	2	2	lang0,taiwan	taiwan:local_data.dat:大魔人進階技能導師 | lang0:lang0.pak:Mighty Majin Master
DST_JOB_GRAND_SKILL_TRAINER_MWO	2	2	lang0,taiwan	taiwan:local_data.dat:意魔人進階技能導師 | lang0:lang0.pak:Wonder Majin Master
DST_JOB_GRAND_SKILL_TRAINER_NFI	2	2	lang0,taiwan	taiwan:local_data.dat:戰士進階技能導師 | lang0:lang0.pak:Warrior Master
DST_JOB_GRAND_SKILL_TRAINER_NMY	2	2	lang0,taiwan	taiwan:local_data.dat:龍族進階技能導師 | lang0:lang0.pak:Dragon Clan Master
DST_JOB_GUARD	2	2	lang0,taiwan	taiwan:local_data.dat:警衛 | lang0:lang0.pak:Guard
DST_JOB_GUILD_MANAGER	2	2	lang0,taiwan	taiwan:local_data.dat:流派登入所 | lang0:lang0.pak:Guild Manager
DST_JOB_ITEMUPGREAD_MERCHANT	2	2	lang0,taiwan	taiwan:local_data.dat:強化專家 | lang0:lang0.pak:Upgrade Merchant
DST_JOB_MASCOTEX_GAMBLE_MERCHANT	2	2	lang0,taiwan	taiwan:local_data.dat:寵物扭蛋商人 | lang0:lang0.pak:Pet Machine
DST_JOB_MASCOTEX_MERCHANT	2	2	lang0,taiwan	taiwan:local_data.dat:寵物商人 | lang0:lang0.pak:Pet Merchant
DST_JOB_MASCOT_GAMBLE_MERCHANT	2	2	lang0,taiwan	taiwan:local_data.dat:寵物扭蛋商人 | lang0:lang0.pak:Pet Machine
DST_JOB_MASCOT_MERCHANT	2	2	lang0,taiwan	taiwan:local_data.dat:寵物商人 | lang0:lang0.pak:Pet Merchant
DST_JOB_MIX_MASTER	2	2	lang0,taiwan	taiwan:local_data.dat:混合大師 | lang0:lang0.pak:Crafting Master
DST_JOB_POTALMAN	2	2	lang0,taiwan	taiwan:local_data.dat:瞬間行動服務 | lang0:lang0.pak:Teleporter
DST_JOB_QUEST_MERCHANT	2	2	lang0,taiwan	taiwan:local_data.dat:流浪者之家 | lang0:lang0.pak:Quest Merchant
DST_JOB_RECEPTION	2	2	lang0,taiwan	taiwan:local_data.dat:天下第一武道會報名處 | lang0:lang0.pak:Budokai Receptionist
DST_JOB_REFEREE	2	2	lang0,taiwan	taiwan:local_data.dat:裁判 | lang0:lang0.pak:Referee
DST_JOB_SCOUTER_MERCHANT	2	2	lang0,taiwan	taiwan:local_data.dat:史考特商人 | lang0:lang0.pak:Scouter Merchant
DST_JOB_SKILL_TRAINER_HEN	2	2	lang0,taiwan	taiwan:local_data.dat:工程師技能導師 | lang0:lang0.pak:Engineer Expert
DST_JOB_SKILL_TRAINER_HFI	2	2	lang0,taiwan	taiwan:local_data.dat:武道家技能導師 | lang0:lang0.pak:Martial Artist Expert
DST_JOB_SKILL_TRAINER_HMY	2	2	lang0,taiwan	taiwan:local_data.dat:氣功師技能導師 | lang0:lang0.pak:Spiritualist Expert
DST_JOB_SKILL_TRAINER_MMI	2	2	lang0,taiwan	taiwan:local_data.dat:大魔人技能導師 | lang0:lang0.pak:Mighty Majin Expert
DST_JOB_SKILL_TRAINER_MWO	2	2	lang0,taiwan	taiwan:local_data.dat:意魔人技能導師 | lang0:lang0.pak:Wonder Majin Expert
DST_JOB_SKILL_TRAINER_NFI	2	2	lang0,taiwan	taiwan:local_data.dat:戰士技能導師 | lang0:lang0.pak:Warrior Expert
DST_JOB_SKILL_TRAINER_NMY	2	2	lang0,taiwan	taiwan:local_data.dat:龍族技能導師 | lang0:lang0.pak:Dragon Clan Expert
DST_JOB_SPECIAL_ARMOR_MERCHANT	2	2	lang0,taiwan	taiwan:local_data.dat:高級衣服商人 | lang0:lang0.pak:Special Armor Merchant
DST_JOB_SPECIAL_FOODS_MERCHANT	2	2	lang0,taiwan	taiwan:local_data.dat:高級食品商人 | lang0:lang0.pak:Special Foods Merchant
DST_JOB_SPECIAL_GOODS_MERCHANT	2	2	lang0,taiwan	taiwan:local_data.dat:高級雜貨商人 | lang0:lang0.pak:Special Goods Merchant
DST_JOB_SPECIAL_SCOUTER_MERCHANT	2	2	lang0,taiwan	taiwan:local_data.dat:高級史考特商人 | lang0:lang0.pak:Special Scouter Merchant
DST_JOB_SPECIAL_WEAPON_MERCHANT	2	2	lang0,taiwan	taiwan:local_data.dat:高級武器商人 | lang0:lang0.pak:Special Weapons Merchant
DST_JOB_SUB_WEAPON_MERCHANT	2	2	lang0,taiwan	taiwan:local_data.dat:輔助武器商人 | lang0:lang0.pak:Sub Weapons
DST_JOB_SUMMON_PET	2	2	lang0,taiwan	taiwan:local_data.dat:召喚獸 | lang0:lang0.pak:Pet Summoner
DST_JOB_TALKER	2	2	lang0,taiwan	taiwan:local_data.dat:路人 | lang0:lang0.pak:NPC
DST_JOB_TIMEMACHINE_MERCHANT	2	2	lang0,taiwan	taiwan:local_data.dat:時光機管理員 | lang0:lang0.pak:TMQ Merchant
DST_JOB_VEHICLE_MERCHANT	2	2	lang0,taiwan	taiwan:local_data.dat:交通工具商人 | lang0:lang0.pak:Vehicle Merchant
DST_JOB_VENDING_MACHINE	2	2	lang0,taiwan	taiwan:local_data.dat:自動販賣機 | lang0:lang0.pak:Vending Machine
DST_JOB_WEAPON_MERCHANT	2	2	lang0,taiwan	taiwan:local_data.dat:武器商人 | lang0:lang0.pak:Weapons Merchant
DST_KAR_MA	2	2	lang0,taiwan	taiwan:local_data.dat:卡爾魔 | lang0:lang0.pak:Karma Majin
DST_KNOCKDOWN	2	2	lang0,taiwan	taiwan:local_data.dat:進入昏厥狀態。 | lang0:lang0.pak:Knockdown
DST_LACK_OF_CASH	2	2	lang0,taiwan	taiwan:local_data.dat:持有現金不足。 | lang0:lang0.pak:Not Enough Cash
DST_LACK_OF_NETPY	2	2	lang0,taiwan	taiwan:local_data.dat:持有時間點數不足。 | lang0:lang0.pak:Not Enough Tokens
DST_LACK_OF_ZENNY	2	2	lang0,taiwan	taiwan:local_data.dat:持有索尼不足。 | lang0:lang0.pak:Not Enough Zeni
DST_LEVEL_OF_DIFFICULT	2	2	lang0,taiwan	taiwan:local_data.dat:難易度 | lang0:lang0.pak:Difficulty
DST_LIMIT_BREAK	2	2	lang0,taiwan	taiwan:local_data.dat:突破限制 | lang0:lang0.pak:Breakthrough
DST_LIMIT_CURRENTWEIGHT	2	2	lang0,taiwan	taiwan:local_data.dat:現在重量 %d | lang0:lang0.pak:Current Weight %d
DST_LIMIT_HEAVY	2	2	lang0,taiwan	taiwan:local_data.dat:重 | lang0:lang0.pak:Heavy
DST_LIMIT_LIGHT	2	2	lang0,taiwan	taiwan:local_data.dat:輕 | lang0:lang0.pak:Light
DST_LIMIT_MANYHEAVY	2	2	lang0,taiwan	taiwan:local_data.dat:很重 | lang0:lang0.pak:Heavier
DST_LIMIT_MAXWEIGHT	2	2	lang0,taiwan	taiwan:local_data.dat:重量限制 %d | lang0:lang0.pak:Weight Limit %d
DST_LIMIT_PROXIMITY	2	2	lang0,taiwan	taiwan:local_data.dat:距離限制 | lang0:lang0.pak:Heavierer
DST_LIMIT_SOMEHEAVY	2	2	lang0,taiwan	taiwan:local_data.dat:適當 | lang0:lang0.pak:Heaviererer
DST_LIMIT_VERYHEAVY	2	2	lang0,taiwan	taiwan:local_data.dat:非常重 | lang0:lang0.pak:Heaviest
DST_LIMIT_WEIGHTCURRENTDATA	2	2	lang0,taiwan	taiwan:local_data.dat:重量 : %d | lang0:lang0.pak:Weight : %d
DST_LIMIT_WEIGHTINFO	2	2	lang0,taiwan	taiwan:local_data.dat:重量情報 | lang0:lang0.pak:Weight Info
DST_LIMTI_WEIGHT	2	2	lang0,taiwan	taiwan:local_data.dat:重量 | lang0:lang0.pak:Weight
DST_LIVE_EVENT_FINISH	2	2	lang0,taiwan	"taiwan:local_data.dat:[align = ""center""]完成了只要登入遊戲，將會獲得各式禮物的活動！[br][font size = ""8""](道具將在活動結束後統一發放。)[/font] | lang0:lang0.pak:[align = ""center""]All Events Complete![br](Items will be awarded at end of event.)"
DST_LIVE_EVENT_LEVEL_1_MESSAGEBOX	2	2	lang0,taiwan	"taiwan:local_data.dat:[align = ""center""]活動結束後且達成1階段時，[br]將會取得下列商品。[br][br][font size = ""10"" color=""ffff00""]HL 無線貼片無線天盒 Z32 [3030] [20個][br]移動速度增加藥水[20個][/font] | lang0:lang0.pak:[align = ""center""]Event Stage 1[br]Items will be awarded at end of event.[br][br][font size = ""10"" color=""ffff00""]HL Capsule Box Z32 [30 Days][br]Wireless Popo [20x][br]Speed Potion [20x][/font]"
DST_LIVE_EVENT_LEVEL_2_MESSAGEBOX	2	2	lang0,taiwan	"taiwan:local_data.dat:[align = ""center""]活動結束後且達成2階段時，[br]將獲得下列商品。[br][br][font size = ""10"" color=""ffff00""]HL 膠囊無線速度。 [20][br]寵物+[/font][br][font size = ""8""](包含前一階段會提供的商品。)[/font] | lang0:lang0.pak:[align = ""center""]Event Stage 2[br]Items will be awarded at end of event.[br][br][font size = ""10"" color=""ffff00""]HL Capsule Box Z32 [30 Days][br]Wireless Popo [20x][br]Speed Potion [20x][br]Pet+[/font]"
DST_LIVE_EVENT_LEVEL_3_MESSAGEBOX	2	2	lang0,taiwan	"taiwan:local_data.dat:[align = ""center""]活動結束後且達成3階段時，[br]將獲得下列商品。[br][br][font size = ""10"" color=""ffff00""]HL 膠囊無線速度。 [20個][br]寵物+[br]活動頭銜[br]活動服飾[/font][font size = ""8""][br](包含前一階段會提供的商品。)[/font] | lang0:lang0.pak:[align = ""center""]Event Stage 3[br]Items will be awarded at end of event.[br][br][font size = ""10"" color=""ffff00""]HL Capsule Box Z32 [30 Days][br]Wireless Popo [20x][br]Speed Potion [20x][br]Pet+[br]Event Title[br]Event Clothes[/font]"
DST_LIVE_EVENT_PANGPANG_MESSAGE	2	2	lang0,taiwan	taiwan:local_data.dat:活動達成率 : %d%% 進行中 | lang0:lang0.pak:Event Progress : %d%%
DST_LIVE_EVENT_PANGPANG_TITLE	2	2	lang0,taiwan	taiwan:local_data.dat:只要登入即獲得好禮活動！！LV %d | lang0:lang0.pak:Event Stage %d
DST_LOBBY_ADD_CHARACTER	2	2	lang0,taiwan	"taiwan:local_data.dat:[align = ""center""][font size = ""12"" color=""f4d762""]建立角色[/font][br][br][font size = ""10"" color=""f36a77c""brfont]創建角色中可以調整 [brfont]等角色中可以調整各種內容][brc""br]。 size = ""10"" color=""f36a7c""]之後將無法輕易變更角色外觀[br]請慎重的進行選擇。 | lang0:lang0.pak:[align = ""center""][font size = ""12"" color=""f4d762""]Character Creation[/font][br][br][font size = ""10"" color=""f36a7c""]You are about to finish the[br]Character Creation Process.[br][br]Choose your character settings[br]carefully because they can't be[br]changed afterwards.[/font][br][br][font size = ""10"" color=""ffffff""]Do you wish to create this character?[/font]"
DST_LOBBY_APPEARANCE_CHANGE	2	2	lang0,taiwan	taiwan:local_data.dat:Appearance Change | lang0:lang0.pak:Appearance Change
DST_LOBBY_ASK_RENAME	2	2	lang0,taiwan	"taiwan:local_data.dat:[align = ""center""][font size = ""12"" color=""f4d762""]變更角色名稱[/font][br][br][font size = ""10"" color=""f36a7c""]角色的名稱重複或[br]無法使用的名稱。 | lang0:lang0.pak:[align = ""center""]Character Rename[br][br]Warning[br]Renaming Character[br]You Can't use Same Name[br]or the game won't Start.[br][br]Input New Name"
DST_LOBBY_CANCLE	2	2	lang0,taiwan	taiwan:local_data.dat:取消 | lang0:lang0.pak:Cancel
DST_LOBBY_CANCLE2	2	2	lang0,taiwan	taiwan:local_data.dat:取消 | lang0:lang0.pak:Cancel
DST_LOBBY_CAN_NOT_USE_CHAR_UNTIL_RENAME	2	2	lang0,taiwan	"taiwan:local_data.dat:[align = ""center""][font size = ""12"" color=""f4d762""]角色名稱變更方法[/font][br][br][font size = ""10"" color=""f36a7c""]現在使用的角色名稱，[br]有可能造成系統上的錯誤。 [br][br]為了可更穩定的進行遊戲，[br]需要變更角色名稱。 [br][br]若造成您的困擾，請見諒。 color=""ffffff""]變更角色名稱時，將會獲得道具超速袋鼠3號(90天)及[br]燃料(90天)。 | lang0:lang0.pak:[align = ""center""]Character Rename[br][br]Can't use character[br]until after rename is complete.[br][br]"
DST_LOBBY_CAN_NOT_USE_THE_WORD	2	2	lang0,taiwan	"taiwan:local_data.dat:[align = ""center""][font size = ""12"" color=""f4d762""]輸入內容提示[/font][br][br][font size = ""10"" color=""f36a7c""]您輸入的內容中[br]包含了無法使用的停用語。 | lang0:lang0.pak:[align = ""center""][font size = ""12"" color=""f4d762""]Word Note[/font][br][br][font size = ""10"" color=""f36a7c""]Can't use the word you entered[/font][br][br][font size = ""10"" color=""ffffff""]Enter Again.[/font]"
DST_LOBBY_CARACTER_INFO	2	2	lang0,taiwan	taiwan:local_data.dat:角色情報 | lang0:lang0.pak:Character Info
DST_LOBBY_CHANNEL	2	2	lang0,taiwan	taiwan:local_data.dat:頻道 | lang0:lang0.pak:Channel:
DST_LOBBY_CHANNEL_RACE_INFO	2	2	lang0,taiwan	taiwan:local_data.dat:種族(%s)BUFF套用中的頻道。 | lang0:lang0.pak:Race(%s)BUFF Apply this channel.
DST_LOBBY_CHAR	2	2	lang0,taiwan	taiwan:local_data.dat:角色 | lang0:lang0.pak:Select
DST_LOBBY_CHARACTER_ATTRIBUTE	2	2	lang0,taiwan	taiwan:local_data.dat:角色屬性 | lang0:lang0.pak:Attributes
DST_LOBBY_CHARACTER_LIST	2	2	lang0,taiwan	taiwan:local_data.dat:角色目錄 | lang0:lang0.pak:Characters
DST_LOBBY_CHARACTER_MAKE	2	2	lang0,taiwan	taiwan:local_data.dat:建立角色 | lang0:lang0.pak:New Character
DST_LOBBY_CHAR_CLASS	2	2	lang0,taiwan	taiwan:local_data.dat:職業 | lang0:lang0.pak:Class
DST_LOBBY_CHAR_LEVEL	2	2	lang0,taiwan	taiwan:local_data.dat:等級 | lang0:lang0.pak:Level
DST_LOBBY_CHAR_RESETS	2	2	lang0,taiwan	taiwan:local_data.dat:Resets | lang0:lang0.pak:Resets
DST_LOBBY_CHOICE_CHANNEL	2	2	lang0,taiwan	taiwan:local_data.dat:頻道選擇 | lang0:lang0.pak:Channels
DST_LOBBY_CHOICE_SERVER	2	2	lang0,taiwan	taiwan:local_data.dat:伺服器選擇 | lang0:lang0.pak:Change Server
DST_LOBBY_CLASS	2	2	lang0,taiwan	taiwan:local_data.dat:職業 | lang0:lang0.pak:Class
DST_LOBBY_COMPLETE_RENAME	2	2	lang0,taiwan	"taiwan:local_data.dat:[align = ""center""][font size = ""12"" color=""f4d762""]變更角色名稱[/font][br][br][font size = ""10"" color=""269eff""][br][font size = ""10"" color=""269eff""][br][fontsize = ""10"" color=""2690""][br][ ""10"" color=""f4d762""]變更前 : %s[br]變更後 : %s[/font] | lang0:lang0.pak:[align = ""center""]Character Rename[br][br]From : %s[br]To : %s"
DST_LOBBY_CONFIRM_ADD_RANDOM_SUPERIOR_WARRIOR	2	2	lang0,taiwan	"taiwan:local_data.dat:[align = ""center""][font size = ""12"" color=""f4d762""]選擇角色能力[/font][br][br][font size = ""10"" color=""269eff""]能力值已選擇了隨機。 [/font][br][br][font size = ""10"" color=""ffffff""]能力值選擇為隨機的話，[br]最少會隨機賦予 3 ~ 5%的機率。 | lang0:lang0.pak:[align = ""center""]Select Champion[br][br]Random stat chosen.[br][br]"
DST_LOBBY_CONFIRM_ADD_SUPERIOR_WARRIOR	2	2	lang0,taiwan	"taiwan:local_data.dat:[align = ""center""][font size = ""12"" color=""f4d762""]選擇角色能力[/font][br][br][font size = ""10""]選擇角色能力[/font][br][br][font size = ""10""]選擇了角色能力[/font][br][br][font size = ""10"" color=""269""[font]]。 size = ""10"" color=""f4d762""]%s 能力[/font][br][br][font size = ""10"" color=""ffffff""]您要設定為此嗎？ | lang0:lang0.pak:[align = ""center""]Select Champion[br][br]You have selected:[br][br]%s ability"
DST_LOBBY_CONFIRM_RENAME	2	2	lang0,taiwan	"taiwan:local_data.dat:[align = ""center""][font size = ""12"" color=""f4d762""]角色名稱變更確認[/font][br][br][font size = ""10"" color=""269eff""][br][font size = ""10"" color=""269eff""][br][fontsize = ""10"" color=""269eff""]/變身名稱。 ""10"" color=""f4d762""]變更前 : %s[br]變更後 : %s[/font] | lang0:lang0.pak:[align = ""center""]Character Rename[br][br]Confirm your character rename.[br][br]From : %s[br]To : %s"
DST_LOBBY_DEFAULT_POSITION_HUMAN	2	2	lang0,taiwan	taiwan:local_data.dat:Kokkara村附近 | lang0:lang0.pak:Human Start Location
DST_LOBBY_DEFAULT_POSITION_MAJIN	2	2	lang0,taiwan	taiwan:local_data.dat:阿貝村附近 | lang0:lang0.pak:Majin Start Location
DST_LOBBY_DEFAULT_POSITION_NAMEK	2	2	lang0,taiwan	taiwan:local_data.dat:蝸牛村附近 | lang0:lang0.pak:Namekian Start Location
DST_LOBBY_DEL_CHAR	2	2	lang0,taiwan	taiwan:local_data.dat:角色刪除 | lang0:lang0.pak:Delete
DST_LOBBY_DEL_CHARACTER	2	2	lang0,taiwan	"taiwan:local_data.dat:[align = ""center""][font size = ""12"" color=""f4d762""]刪除角色[/font][br][br][font size = ""10"" color=""f36a77c"") 為了確認遊戲安全，請[/font] 遊戲密碼[/]」。 ""10"" color=""f36a7c""]※請注意!!輸入密碼前，請先解開通訊鎖※[/font][br][br][font size = ""10"" color=""f36a7c""]brac = ""brize"" color=""ffffff""]您要刪除角色嗎？ | lang0:lang0.pak:[align = ""center""][font size = ""12"" color=""f4d762""]Delete Character[/font][br][br][font size = ""10"" color=""f36a7c""]Enter the DBO account password.[br][br][font size = ""10"" color=""ffffff""]Enter the password:[/font]"
DST_LOBBY_DEL_CHARACTER_ALARM	2	2	lang0,taiwan	"taiwan:local_data.dat:[align = ""center""][font size = ""10"" color=""ffffff""]已刪除角色。[/font] | lang0:lang0.pak:[align = ""center""]Character deleted."
DST_LOBBY_DEL_DAT	2	2	lang0,taiwan	taiwan:local_data.dat:刪除倒數時間 | lang0:lang0.pak:Delete
DST_LOBBY_DEL_OVERLIST_CHARACTER	2	2	lang0,taiwan	"taiwan:local_data.dat:[align = ""center""][font size = ""12"" color=""ffffff""]注意[/font][br][br][font size = ""10"" color=""ffffff""]即時刪除 [/font] ""10"" color=""f36a7c""]所選角色[/font][font size = ""10"" color=""ffffff""] [/font][font size = ""10"" color=""f36a7c""][br]將無法復原。 color=""ffffff""]為了玩家安全，請輸入遊戲密碼。 | lang0:lang0.pak:[align = ""center""][font size = ""12"" color=""f4d762""]Instant delete[/font][br][br][font size = ""10"" color=""ffffff""]Delete Character can't be undone[br]Please enter your password[/font]"
DST_LOBBY_DEL_SERV_COMBINE_AFTER_CHARACTER	2	2	lang0,taiwan	"taiwan:local_data.dat:[align = ""center""]Notify[br][br]Server merge coming soon[br][br] | lang0:lang0.pak:[align = ""center""]Notify[br][br]Server merge coming soon[br][br]"
DST_LOBBY_DEL_SERV_COMBINE_CHARACTER	2	2	lang0,taiwan	"taiwan:local_data.dat:[align = ""center""][font size = ""12"" color=""ffffff""]提醒[/font][br][br][font size = ""10"" color=""2690""2690572月202017202020202017202020172020212月""10"" color=""ffffff""]開始，[br] 您只能保留五個角色。 color=""269eff""]請在2010年 8月 20日[/font]前刪除。 | lang0:lang0.pak:[align = ""center""]Notify[br][br]Server merge coming soon[br]"
DST_LOBBY_EDIT_ONLY_LAST	2	2	lang0,taiwan	"taiwan:local_data.dat:[align = ""center""][font size = ""12"" color=""f4d762""]Appearance Change[/font][br][br][font size = ""10"" color=""ffffff""]Edit only the Last Character used![/font] | lang0:lang0.pak:[align = ""center""][font size = ""12"" color=""f4d762""]Appearance Change[/font][br][br][font size = ""10"" color=""ffffff""]Edit only the Last Character used![/font]"
DST_LOBBY_EMPTYNAME	2	2	lang0,taiwan	"taiwan:local_data.dat:[align =""center""][font size=""12""color=""f4d762""]輸入角色名稱[/font][br][br][font size=""10""color=""ffffff""]請輸入角色名稱。[/font] | lang0:lang0.pak:[align = ""center""][font size=""12""color=""f4d762""]Enter Name[/font][br][br][font size=""10""color=""ffffff""]You haven't entered anything.[/font]"
DST_LOBBY_ENABLE_LOCAL_TEXT	2	2	lang0,taiwan	taiwan:local_data.dat:名稱請輸入完整的中文、數字或英文。 | lang0:lang0.pak:Local Text.
DST_LOBBY_EXIT	2	2	lang0,taiwan	taiwan:local_data.dat:離開 | lang0:lang0.pak:Exit
DST_LOBBY_FACE	2	2	lang0,taiwan	taiwan:local_data.dat:臉型 | lang0:lang0.pak:Face
DST_LOBBY_GAME_START	2	2	lang0,taiwan	taiwan:local_data.dat:遊戲開始 | lang0:lang0.pak:Start
DST_LOBBY_GENDER	2	2	lang0,taiwan	taiwan:local_data.dat:性別 | lang0:lang0.pak:Gender
DST_LOBBY_HAIR	2	2	lang0,taiwan	taiwan:local_data.dat:髮型 | lang0:lang0.pak:Hair
DST_LOBBY_HAIRCOLOR	2	2	lang0,taiwan	taiwan:local_data.dat:髮色 | lang0:lang0.pak:Hair Color
DST_LOBBY_HUMAN_ENGINEER	2	2	lang0,taiwan	taiwan:local_data.dat:活用各項遠距離武器和機械並進行裝備，擁有精準的高攻擊力。分為Gunmania和Megamenia。 | lang0:lang0.pak:Mechanics and inventors who[br]build weapons and utilize[br]technology, much like Bulma[br.
DST_LOBBY_HUMAN_EXPLAIN	2	2	lang0,taiwan	taiwan:local_data.dat:在地球出生成長的人類，在遼闊的平野間孕育出多種文化。分別有尊重他人知識來強化自身戰鬥能力的戰士、修練氣息的氣功師以及使用機械的工程師等職業。 | lang0:lang0.pak:The Humans live on planet Earth.[br]They are speculated to be jacks[br]of all trades and fit any role.
DST_LOBBY_HUMAN_FIGHTER	2	2	lang0,taiwan	taiwan:local_data.dat:擁有強韌的肉體以及速度，可以控制氣息在瞬間釋放出強烈的爆發。運用氣來強化自身，到達一定境界後可升級為'格鬥家’或'劍術家’。 | lang0:lang0.pak:Fighters who specialize in[br]martial arts, comparable to[br]characters like Yamcha and[br]Krillin from the original[br]Dragon Ball series.
DST_LOBBY_HUMAN_MYSTIC	2	2	lang0,taiwan	taiwan:local_data.dat:有效地使用氣息，即使與對手有一定的距離還是可以製造傷害，在到達某種境界後更可產生加倍的持續攻擊效果，轉換成為新'鶴仙流'或強化攻擊力的新'龜仙流'。 | lang0:lang0.pak:Mystics who specialize in[br]spiritual techniques, like[br]Chiaotzu and Tien, who can use[br]Tri-Beam.
DST_LOBBY_LEFT_DELETE_TIME	2	2	lang0,taiwan	taiwan:local_data.dat:刪除待機時間 | lang0:lang0.pak:Time Until Deletion
DST_LOBBY_MAJIN_EXPLAIN	2	2	lang0,taiwan	taiwan:local_data.dat:普烏創造出的魔人十分嚮往地球的生活，在遊樂園和餐廳工作的魔人，追求好吃、好玩的東西即是他們的目標，職業分為本性善良的大魔人以及黑暗的意魔人。 | lang0:lang0.pak:The Majins live on an unknown [br]planet. They are speculated to[br]be adept in support roles, but[br]especially in healing.
DST_LOBBY_MAKE	2	2	lang0,taiwan	taiwan:local_data.dat:創立角色 | lang0:lang0.pak:Create
DST_LOBBY_MIGHTY_MAJIN	2	2	lang0,taiwan	taiwan:local_data.dat:柔軟的身體可以有效分散對手的攻擊，天生樂觀的他們因此還具備了除去惡運的能力。擅於使用樂器來激勵我軍的為'奧迪魔'，使用食物及料理具備多種攻擊方式的是'葛蘭魔'。 | lang0:lang0.pak:Slender, evil-looking Majin[br]who have a similar[br]appearance to Majin Buu's[br]original, pure form. This[br]class utilizes physical combat[br]skills[br].
DST_LOBBY_MUST_CHOICE_CHANNEL	2	2	lang0,taiwan	"taiwan:local_data.dat:[align = ""center""][font size = ""12"" color=""f4d762""]選擇頻道[/font][br][br][font size = ""10"" color=""269eff""]透過變更遊戲頻道，[br]您可以避開妨礙您的玩家或是和朋友[br]在同一個頻道進行遊戲。 | lang0:lang0.pak:[align = ""center""]Choose a Channel to Login"
DST_LOBBY_MUST_CHOICE_CHAR	2	2	lang0,taiwan	"taiwan:local_data.dat:[align = ""center""][font size = ""12"" color=""f4d762""]選擇角色[/font][br][br][font size = ""10"" color=""2699""-brize可以變更遊戲的角色選擇[/]」。 ""10"" color=""ffffff""]請選擇要進行遊戲的角色。 | lang0:lang0.pak:[align = ""center""]Character[br][br]You can choose which Character to play[br][br]choose a Character."
DST_LOBBY_MUST_CHOICE_SERVER	2	2	lang0,taiwan	"taiwan:local_data.dat:[align = ""center""][font size = ""12"" color=""f4d762""]選擇伺服器[/font][br][br][font size = ""10"" color=""2699"")[br][font size = ""10"""" color=""269""""font] 選擇進行遊戲的伺服器[10]"" color=""f36a7c""]無法輕易變更角色所屬的伺服器，[br]請慎重進行選擇。 | lang0:lang0.pak:[align = ""center""]Server Selection[br][br]Choose a server[br][br]You can't move Characters between servers[br]be careful.[br][br]choose a server"
DST_LOBBY_MUST_LOGIN_FIRST	2	2	lang0,taiwan	"taiwan:local_data.dat:[align = ""center""][font size = ""12"" color=""f4d762""]Appearance Change[/font][br][br][font size = ""10"" color=""ffffff""]You need login your Character First![/font] | lang0:lang0.pak:[align = ""center""][font size = ""12"" color=""f4d762""]Appearance Change[/font][br][br][font size = ""10"" color=""ffffff""]You need login your Character First![/font]"
DST_LOBBY_NAMEK_EXPLAIN	2	2	lang0,taiwan	taiwan:local_data.dat:崇尚和平且溫和的那美剋星人，在故鄉新那美剋星遭到消滅之後移民至地球居住。不擅使用機械，獨自在這不毛之地的生活，促使他們成為十分勇猛的戰士，和擁有無窮神秘力量的龍族。 | lang0:lang0.pak:The Namekians live on the[br]planet Namek. They are[br]speculated to be adept in melee[br]combat or healing[br](Dragon Clan).
DST_LOBBY_NAMEK_FIGHTER	2	2	lang0,taiwan	taiwan:local_data.dat:戰士類型的那美剋星人，經過比克的指導具備功擊和防禦兼備的能力。高戰鬥力的戰士可以發展出守護自己和同伴的'魔界戰士'，以及更積極攻擊的'魔導戰士'。 | lang0:lang0.pak:Members of the Namekian[br]warrior caste, which[br]include Piccolo.
DST_LOBBY_NAMEK_MYSTIC	2	2	lang0,taiwan	taiwan:local_data.dat:那美剋星人中稀有的龍族。擁有治癒傷口和強化的能力，日後還可轉職成為製造並駕馭魔神龍特殊能力的'天天導師'，以及操縱魔神龍進行積極攻擊的'波可導師'。 | lang0:lang0.pak:Members of the Namekian[br]support caste which have[br]special abilities including[br]healing, such as Dende.
DST_LOBBY_NO_HAVE_ZENNY	2	2	lang0,taiwan	taiwan:local_data.dat:無持有金額 | lang0:lang0.pak:No Zeni
DST_LOBBY_NO_RELPY_SERVER	2	2	lang0,taiwan	"taiwan:local_data.dat:[align = ""center""][font size = ""12"" color=""f4d762""]伺服器沒有回應[/font][br][br][font size = ""10"" color=""f36a7c""][ ""10"" color=""ffffff""]由於伺服器沒有回應，[br]請稍候重新連線。 | lang0:lang0.pak:[align = ""center""]No reply from server[br][br]Connect Impossible. [br][br]No response  [br]try again later."
DST_LOBBY_OK	2	2	lang0,taiwan	taiwan:local_data.dat:確認 | lang0:lang0.pak:Ok
DST_LOBBY_PERIOD	2	2	lang0,taiwan	taiwan:local_data.dat:帳號到期日剩下%d天。 | lang0:lang0.pak:expires in %d
DST_LOBBY_PLEASE_CHECK_DEL_AND_RECOVERY_DATA	2	2	lang0,taiwan	"taiwan:local_data.dat:[align = ""center""][font size = ""12"" color=""f4d762""]確認情報[/font][br][br][font size = ""10"" color=""f36a7c""]為了遊戲安全，刪除角色時，[br]需輸入[br]身分證後3碼。 | lang0:lang0.pak:[align = ""center""][font size = ""12"" color=""f4d762""]Confirm the information[/font][br][br][font size = ""10"" color=""f36a7c""]Delete the Character requires the[br]last 3 numbers from your ID-Card[br]for game security reason.[/font][br][br][font size = ""10"" color=""ffffff""]Please enter them.[/font]"
DST_LOBBY_POSITION	2	2	lang0,taiwan	taiwan:local_data.dat:最後位置 | lang0:lang0.pak:Location
DST_LOBBY_RACE	2	2	lang0,taiwan	taiwan:local_data.dat:種族 | lang0:lang0.pak:Race
DST_LOBBY_RANDOM_CHOICE	2	2	lang0,taiwan	taiwan:local_data.dat:自動選擇 | lang0:lang0.pak:Random
DST_LOBBY_RECOVERY_CHAR	2	2	lang0,taiwan	"taiwan:local_data.dat:[align = ""center""][font size = ""12"" color=""f4d762""]角色復原[/font][br][br][font size = ""10"""" color=""f36a7c""f36a7c"" 為遊戲安全，請確認遊戲安全，[fonts =[電話/說話]。 ""10"" color=""ffffff""]您想要復原角色嗎？ | lang0:lang0.pak:[align = ""center""][font size = ""12"" color=""f4d762""]Recover Character[/font][br][br][font size = ""10"" color=""f36a7c""]Enter the DBO account password[br]Or alternatively you can [br] type [/font][font size = ""10"" color=""74F36B""]123456789[/font].[br][br][font size = ""10"" color=""ffffff""]Enter the password:[/font]"
DST_LOBBY_RECOVERY_CHAR_INFO	2	2	lang0,taiwan	taiwan:local_data.dat:角色復原 | lang0:lang0.pak:Recover Character
DST_LOBBY_RESERVATED_CHAR	2	2	lang0,taiwan	"taiwan:local_data.dat:[align =""center""][font size=""12""color=""f4d762""]刪除待機中角色[/font][br][br][font size=""10""color=""f36a7c""""font]所選角色刪除/ | lang0:lang0.pak:[align = ""center""]Pending Delete[br][br]Request Pending"
DST_LOBBY_RETURN	2	2	lang0,taiwan	taiwan:local_data.dat:返回 | lang0:lang0.pak:Back
DST_LOBBY_ROOKY_CHANNEL	2	2	lang0,taiwan	taiwan:local_data.dat:新手頻道 | lang0:lang0.pak:Channel 2
DST_LOBBY_SAVE	2	2	lang0,taiwan	taiwan:local_data.dat:儲存 | lang0:lang0.pak:Save Character
DST_LOBBY_SERVER	2	2	lang0,taiwan	taiwan:local_data.dat:伺服器 | lang0:lang0.pak:Server
DST_LOBBY_SERVER_BUSY	2	2	lang0,taiwan	taiwan:local_data.dat:擁擠 | lang0:lang0.pak:Busy
DST_LOBBY_SERVER_CHECK	2	2	lang0,taiwan	taiwan:local_data.dat:維修中 | lang0:lang0.pak:Offline
DST_LOBBY_SERVER_EXCESS	2	2	lang0,taiwan	taiwan:local_data.dat:滿載 | lang0:lang0.pak:Full
DST_LOBBY_SERVER_INDEX	2	2	lang0,taiwan	taiwan:local_data.dat:序號 | lang0:lang0.pak:Server %d
DST_LOBBY_SERVER_INFO	2	2	lang0,taiwan	taiwan:local_data.dat:伺服器情報 | lang0:lang0.pak:Server
DST_LOBBY_SERVER_LOCK	2	2	lang0,taiwan	taiwan:local_data.dat:維修中 | lang0:lang0.pak:Locked
DST_LOBBY_SERVER_NAME	2	2	lang0,taiwan	taiwan:local_data.dat:伺服器名稱 | lang0:lang0.pak:Server
DST_LOBBY_SERVER_NORMAL	2	2	lang0,taiwan	taiwan:local_data.dat:普通 | lang0:lang0.pak:Normal
DST_LOBBY_SERVER_NOT_BUSY	2	2	lang0,taiwan	taiwan:local_data.dat:順暢 | lang0:lang0.pak:Not Busy
DST_LOBBY_SERVER_OPEN	2	2	lang0,taiwan	taiwan:local_data.dat:開放 | lang0:lang0.pak:Open
DST_LOBBY_SERVER_STATE	2	2	lang0,taiwan	taiwan:local_data.dat:伺服器狀態 | lang0:lang0.pak:State
DST_LOBBY_SKIN	2	2	lang0,taiwan	taiwan:local_data.dat:膚色 | lang0:lang0.pak:Skin
DST_LOBBY_STATE	2	2	lang0,taiwan	taiwan:local_data.dat:狀態 | lang0:lang0.pak:Status
DST_LOBBY_UNTIL_DEL_CHAR	2	2	lang0,taiwan	taiwan:local_data.dat:距離角色刪除還有%d%s 。 | lang0:lang0.pak:Deleted in %d%s
DST_LOBBY_WAIT_GAME_SERVER_CONNECT	2	2	lang0,taiwan	"taiwan:local_data.dat:[align = ""center""][font size = ""12"" color=""f4d762""]遊戲連線待機[/font][br][br][font size = ""10"" color=""269eff""]由於有太多的玩家同時湧入同一頻道，[br]連線將會延遲，[br]將會依照待機表[br]依照順序將玩家送到主世界。 ""10"" color=""ffffff""]請稍候。 | lang0:lang0.pak:[align = ""center""][font size = ""12"" color=""f4d762""]Loading Game[/font][br][br][font size = ""10"" color=""269eff""]Too many players joining the game.[/font][br][br][font size = ""10"" color=""f4d762""]Players in Queue: %d[/font][br][br][font size = ""10"" color=""ffffff""]Please wait...[/font]"
DST_LOBBY_WONDER_MAJIN	2	2	lang0,taiwan	taiwan:local_data.dat:曾經被邪惡吞噬的魔人，擁有稱的上是最強的氣功攻擊。擁有施放異常能力和強烈氣功攻擊的是'普利茲魔'，攻擊和防禦全都精通的是'卡爾魔'。 | lang0:lang0.pak:Fat, happy-looking Majin who[br]resembles Majin Buu's good[br]form. This class utilizes[br]magical combat skills.
DST_LOBBY_YOU_CAN_CHOICE_SERVER	2	2	lang0,taiwan	taiwan:local_data.dat:請選擇伺服器。 | lang0:lang0.pak:Choose Server
DST_LOBBY_YOU_MUST_CHOICE_SUPERIOR_POWER	2	2	lang0,taiwan	"taiwan:local_data.dat:[align =""center""][font size=""12""color=""f4d762""]建立上級戰士[/font][br][br][font size=""10ff""color=""請選擇上級戰士的能力[/font]。 | lang0:lang0.pak:[align = ""center""]Create Champion[br][br]Choose power of champion.[br][/align]"
DST_LOBBY_ZENNY	2	2	lang0,taiwan	taiwan:local_data.dat:持有金額 | lang0:lang0.pak:Bank
DST_LOGIN	2	2	lang0,taiwan	taiwan:local_data.dat:進入遊戲 | lang0:lang0.pak:Start
DST_LOGIN_CONTRACT	2	2	lang0,taiwan	taiwan:local_data.dat:使用者條款 | lang0:lang0.pak:Contract
DST_LOGIN_CREDIT	2	2	lang0,taiwan	taiwan:local_data.dat:製作團隊 | lang0:lang0.pak:Credit
DST_LOGIN_ID	2	2	lang0,taiwan	taiwan:local_data.dat:帳號 | lang0:lang0.pak:User:
DST_LOGIN_NEW_ACCOUNT	2	2	lang0,taiwan	taiwan:local_data.dat:註冊帳戶 | lang0:lang0.pak:Game Policies
DST_LOGIN_PASSWARD	2	2	lang0,taiwan	taiwan:local_data.dat:密碼 | lang0:lang0.pak:Pass:
DST_LOGIN_PLAY_MOVIE	2	2	lang0,taiwan	taiwan:local_data.dat:播放影片 | lang0:lang0.pak:Film
DST_MAILSYSTEM_ALREADY_OPEN	2	2	lang0,taiwan	taiwan:local_data.dat:郵件視窗已開啟。. | lang0:lang0.pak:Mail window is already open.
DST_MAILSYSTEM_ATTACH_DISABLED_MSG	2	2	lang0,taiwan	taiwan:local_data.dat:請使用寵物的宅配項圈或信箱。 | lang0:lang0.pak:Can't Attach
DST_MAILSYSTEM_DELMAILNUM	2	2	lang0,taiwan	taiwan:local_data.dat:欲刪除的信件數量 | lang0:lang0.pak:Deleted Mail
DST_MAILSYSTEM_MAILBOX	2	2	lang0,taiwan	taiwan:local_data.dat:信箱 | lang0:lang0.pak:Mailbox
DST_MAILSYSTEM_MAIL_ALARM	2	2	lang0,taiwan	taiwan:local_data.dat:[提示] %s | lang0:lang0.pak:[Notifications] %s
DST_MAILSYSTEM_MAIL_ATTACH	2	2	lang0,taiwan	taiwan:local_data.dat:附檔 | lang0:lang0.pak:Attach
DST_MAILSYSTEM_MAIL_ATTACH_2	2	2	lang0,taiwan	taiwan:local_data.dat:附加道具 | lang0:lang0.pak:Item Attachment
DST_MAILSYSTEM_MAIL_ATTACH_REQ	2	2	lang0,taiwan	taiwan:local_data.dat:需求 | lang0:lang0.pak:Request
DST_MAILSYSTEM_MAIL_ATTACH_SEND	2	2	lang0,taiwan	taiwan:local_data.dat:匯款 | lang0:lang0.pak:Send
DST_MAILSYSTEM_MAIL_AWAY	2	2	lang0,taiwan	taiwan:local_data.dat:離開 | lang0:lang0.pak:Away
DST_MAILSYSTEM_MAIL_AWAY_OFF	2	2	lang0,taiwan	taiwan:local_data.dat:可以接收其他玩家的來信。 | lang0:lang0.pak:Away Off
DST_MAILSYSTEM_MAIL_AWAY_ON	2	2	lang0,taiwan	taiwan:local_data.dat:離開時無法讀取其他玩家的來信。 | lang0:lang0.pak:Away On
DST_MAILSYSTEM_MAIL_CONTENT	2	2	lang0,taiwan	taiwan:local_data.dat:信件內容 | lang0:lang0.pak:Content
DST_MAILSYSTEM_MAIL_DELETE	2	2	lang0,taiwan	taiwan:local_data.dat:刪除 | lang0:lang0.pak:Delete
DST_MAILSYSTEM_MAIL_EMPTYMAIL	2	2	lang0,taiwan	taiwan:local_data.dat:沒有新信件。 | lang0:lang0.pak:Your Mailbox is Empty
DST_MAILSYSTEM_MAIL_EXPIRED_DAY	2	2	lang0,taiwan	taiwan:local_data.dat:%u天 | lang0:lang0.pak:%u Day
DST_MAILSYSTEM_MAIL_EXPIRED_DAY_LOCK	2	2	lang0,taiwan	taiwan:local_data.dat:鎖定 | lang0:lang0.pak:Lock
DST_MAILSYSTEM_MAIL_EXPIRED_DAY_TITLE	2	2	lang0,taiwan	taiwan:local_data.dat:保管時間 | lang0:lang0.pak:Expiration Date
DST_MAILSYSTEM_MAIL_FROM	2	2	lang0,taiwan	taiwan:local_data.dat:寄信者 | lang0:lang0.pak:From
DST_MAILSYSTEM_MAIL_MARKET	2	2	lang0,taiwan	taiwan:local_data.dat:天下第一大市場 | lang0:lang0.pak:World Markets
DST_MAILSYSTEM_MAIL_REPLY	2	2	lang0,taiwan	taiwan:local_data.dat:回信 | lang0:lang0.pak:Reply
DST_MAILSYSTEM_MAIL_RESET	2	2	lang0,taiwan	taiwan:local_data.dat:重寫 | lang0:lang0.pak:Reset
DST_MAILSYSTEM_MAIL_RETURN	2	2	lang0,taiwan	taiwan:local_data.dat:退還 | lang0:lang0.pak:Return
DST_MAILSYSTEM_MAIL_SEND	2	2	lang0,taiwan	taiwan:local_data.dat:寄送 | lang0:lang0.pak:Send
DST_MAILSYSTEM_MAIL_SENDDATE	2	2	lang0,taiwan	taiwan:local_data.dat:%u年 %u月 %u日 %s %u時 %u分 | lang0:lang0.pak:Date Sent: %u/%u/%u %s %u:%u
DST_MAILSYSTEM_MAIL_SYSTEM_MAIL	2	2	lang0,taiwan	taiwan:local_data.dat:[系統提示郵件] | lang0:lang0.pak:[System Mail]
DST_MAILSYSTEM_MAIL_TO	2	2	lang0,taiwan	taiwan:local_data.dat:收信者 | lang0:lang0.pak:To
DST_MAILSYSTEM_MAIL_ZENNY	2	2	lang0,taiwan	taiwan:local_data.dat:金額 | lang0:lang0.pak:Zeni
DST_MAILSYSTEM_MAIL_ZENNY_REQ	2	2	lang0,taiwan	taiwan:local_data.dat:寄送索尼 | lang0:lang0.pak:Give Zeni (BEWARE SCAM)
DST_MAILSYSTEM_MAIL_ZENNY_SEND	2	2	lang0,taiwan	taiwan:local_data.dat:接收索尼 | lang0:lang0.pak:Take Zeni
DST_MAILSYSTEM_MSG_ATTACH_ITEM_NOT	2	2	lang0,taiwan	taiwan:local_data.dat:該道具無法附加到信件裡。 | lang0:lang0.pak:Item can't be attached to Mail
DST_MAILSYSTEM_MSG_ATTACH_ZENNY	2	2	lang0,taiwan	taiwan:local_data.dat:可匯款及要求的金額為 %s Sony。 | lang0:lang0.pak:Maximum Zeni to attach or request is %s
DST_MAILSYSTEM_MSG_AWAY_OFF	2	2	lang0,taiwan	"taiwan:local_data.dat:[align = ""center""][font size = ""12"" color=""f4d762""]解除離開設定[/font][br][br][font size = ""10"" color=""2690""][br][font size = ""10"" color=""2690""]。 size = ""10"" color=""ffffff""]您要解除離開設定嗎？ | lang0:lang0.pak:[align = ""center""]Available Status[br][br]If you turn off Away Mode[br]you can receive Mail again.[br][br]Turn Off Away Mode?"
DST_MAILSYSTEM_MSG_AWAY_ON	2	2	lang0,taiwan	"taiwan:local_data.dat:[align = ""center""][font size = ""12"" color=""f4d762""]離開設定[/font][br][br][font size = ""10"" color=""f36a7c""]設定為離開狀態後，[br]以後所有的信件將會變成拒絕收取，[br]無法再收取任何郵件。 | lang0:lang0.pak:[align = ""center""]Away Status[br][br]If you set your status to away[br]all Mail will be Denied.[br]You won't receive Mail.[br][br]Switch to Away Mode?"
DST_MAILSYSTEM_MSG_DELETE	2	2	lang0,taiwan	"taiwan:local_data.dat:[align = ""center""][font size = ""12"" color=""f4d762""]刪除郵件[/font][br][br][font size = ""10"" color=""f36a7c""][/font]刪除所選郵件。 | lang0:lang0.pak:[align = ""center""][font size = ""12"" color=""f4d762""]Delete Mail[/font][br][br][font size = ""10"" color=""f36a7c""]Deleting the selected Mail.[br][br]It's not possible to recover the deleted Mail[br]Please Choose carefully.[/font][br][br][font size = ""10"" color=""ffffff""]Delete Selected Mail?[/font]"
DST_MAILSYSTEM_MSG_MAIL_CONTENT_BUFFEROVER	2	2	lang0,taiwan	taiwan:local_data.dat:信件以中文為準最多可寫入128字。 | lang0:lang0.pak:Max 128 Characters
DST_MAILSYSTEM_MSG_MAIL_CONTENT_SLANGDER	2	2	lang0,taiwan	"taiwan:local_data.dat:[align = ""center""][font size = ""12"" color=""f4d762""]寫信[/font][br][br][font size = ""10"" color=""f36a7c""]信件包含了不可用的[br]停用語。 | lang0:lang0.pak:[align = ""center""]Compose Mail[br][br]In the mail you used forbidden words[br][br]please edit"
DST_MAILSYSTEM_MSG_MAIL_NOT_LOCK	2	2	lang0,taiwan	taiwan:local_data.dat:要求索尼的信件無法鎖定。 | lang0:lang0.pak:Mail Zeni Requests can't be Locked
DST_MAILSYSTEM_MSG_NOTFIND_SELECTED_MAIL	2	2	lang0,taiwan	taiwan:local_data.dat:尚未選擇信件。 | lang0:lang0.pak:No Mail Selected
DST_MAILSYSTEM_MSG_PLEASE_MAILCONTENT	2	2	lang0,taiwan	"taiwan:local_data.dat:[align = ""center""][font size = ""12"" color=""f4d762""]寄信[/font][br][br][font size = ""10"" color=""269][br][br][font size = ""10"" color=""269][br][br][font size""[brfont]/ color=""269]"" 寄信。 size = ""10"" color=""f36a7c""]信件以中文為準[br]最多可輸入128個字。 | lang0:lang0.pak:[align = ""center""]Mail[br][br]Make sure that all fields,[br]are filled in[br][br]you can use[br]a maximum of 128 characters"
DST_MAILSYSTEM_MSG_PLEASE_TARGETNAME	2	2	lang0,taiwan	"taiwan:local_data.dat:[align = ""center""][font size = ""12"" color=""f4d762""]寄信[/font][br][br][font size = ""10"" color=""269][br][br][font size = ""10"" color=""269][br][br][font]""br字時必須輸入「br字」。 size = ""10"" color=""f36a7c""]角色名稱以中文為準[br]可輸入2字～8字。 | lang0:lang0.pak:[align = ""center""]Sending Mail[br][br]Sending Mail, enter name[br]of receiver.[br][br]Character name must be[br]2-8 characters.[br][br]Type name of receiver."
DST_MAILSYSTEM_MSG_RECEIVE_ACCEPT_MAIL	2	2	lang0,taiwan	taiwan:local_data.dat:郵件已寄給%s。 | lang0:lang0.pak:Received Mail from %s
DST_MAILSYSTEM_MSG_RECEIVE_ITEM	2	2	lang0,taiwan	taiwan:local_data.dat:收到信件附加的道具 %s 。 | lang0:lang0.pak:Received %s Item Attached to Mail
DST_MAILSYSTEM_MSG_RECEIVE_ITEM_ACCEPT	2	2	lang0,taiwan	"taiwan:local_data.dat:[align = ""center""][font size = ""12"" color=""f4d762""]收信[/font][br][br][font size = ""10"" color=""269eff""]郵件中已附加了[br]對方寄送的道具。 %s[br][br]請確認膠囊盒中是否有空間。 | lang0:lang0.pak:[align = ""center""][font size = ""12"" color=""f4d762""]Receiving Mail[/font][br][br][font size = ""10"" color=""269eff""]There are[br]attached Items in this Mail.[br][br]Received[br]attached items go to your Inventory.[/font][br][br][font size = ""10"" color=""f36a7c""]Item: %s[br][br]Make sure you have an Empty Slot.[/font][br][br][font size = ""10"" color=""ffffff""]Receive Item?[/font]"
DST_MAILSYSTEM_MSG_RECEIVE_ITEM_ZENNY_ACCEPT	2	2	lang0,taiwan	"taiwan:local_data.dat:[align = ""center""][font size = ""12"" color=""f4d762""]收信[/font][br][br][font size = ""10"" color=""269eff""]郵件中以附加了對方寄送的[br]道具與索尼。 %s[br][br]請確認膠囊盒中是否有空間。 | lang0:lang0.pak:[align = ""center""]Receive Item & Zeni[br][br]An Item & Zeni[br]are attached.[br][br]There's an Item attached to Mail[br]with Zeni.[br][br]Zeni: %s[br]Item: %s[br][br]Make sure you have an Empty Slot.[br][br]Receive Item & Zeni?"
DST_MAILSYSTEM_MSG_RECEIVE_ITEM_ZENNY_REQ_ACCEPT	2	2	lang0,taiwan	"taiwan:local_data.dat:[align = ""center""][font size = ""12"" color=""f4d762""]收信[/font][br][br][font size = ""10"" color=""269eff""]此封信包含了寄件者所附加的道具與要求索尼金額[br]的內容。 %s[br]r]使用索尼 : %s[br][br]您並非獲得索尼，而是支付索尼給對方，[br]請慎重的進行選擇。 | lang0:lang0.pak:[align = ""center""][font size = ""12"" color=""f4d762""]Item/Zeni Request[/font][br][br][font size = ""10"" color=""269eff""]There is a Mail requesting[br]Zeni for attached Item.[br][br]If you receive this Mail, you'll receive the attached Item[br]and send Zeni[br]to Player.[/font][br][br][font size = ""10"" color=""f36a7c""]Item: %s[br]Cost Zeni: %s[br][br]You're not getting Zeni but paying.[br]Select carefully.[/font][br][br][font size = ""10"" color=""ffffff""]Accept Item/Zeni Request?[/font]"
DST_MAILSYSTEM_MSG_RECEIVE_ZENNY	2	2	lang0,taiwan	taiwan:local_data.dat:已收到郵件中所附加的%s Sony。 | lang0:lang0.pak:Received %s Zeni
DST_MAILSYSTEM_MSG_RECEIVE_ZENNY_ACCEPT	2	2	lang0,taiwan	"taiwan:local_data.dat:[align = ""center""][font size = ""12"" color=""f4d762""]收信[/font][br][br][font size = ""10"""" color=""269eff""]此封信包含了寄件者所附加的[br]Sony。 color=""ffffff""]您要收取索尼嗎？ | lang0:lang0.pak:[align = ""center""][font size = ""12"" color=""f4d762""]Receive Zeni[/font][br][br][font size = ""10"" color=""269eff""]There is[br]Zeni attached to this Mail.[br][br]You'll receive[br]the attached Zeni.[/font][br][br][font size = ""10"" color=""f36a7c""]Zeni: %s[/font][br][br][font size = ""10"" color=""ffffff""]Receive Zeni?[/font]"
DST_MAILSYSTEM_MSG_RECEIVE_ZENNY_REQ	2	2	lang0,taiwan	taiwan:local_data.dat:在信件中附加了%s 索尼，並寄送給 %s 了。 | lang0:lang0.pak:%s requested Zeni sent to %s
DST_MAILSYSTEM_MSG_RECEIVE_ZENNY_REQ_ACCEPT	2	2	lang0,taiwan	"taiwan:local_data.dat:[align = ""center""][font size = ""12"" color=""f4d762""]收信[/font][br][br][font size = ""10"" color=""ffffff""]此封信包含了對方請求[br]索尼的內容。 [/font][br][br][font size = ""10"" color=""f36a7c""]寄出索尼 : %s[br][br]※※ 請再度確認您是要「寄出」索尼給發信者 ※※[/font][br][br][font size = ""10"" color=""ffffff""]您要寄出索尼嗎？ [/font] | lang0:lang0.pak:[align = ""center""][font size = ""12"" color=""f4d762""]Zeni Request[/font][br][br][font size = ""10"" color=""ffffff""]There is content requesting Zeni[br]in this mail.[br][br]If you receive this Mail you send the requested Zeni[br]to Player.[/font][br][br][font size = ""10"" color=""f36a7c""]Cost Zeni: %s[br][br]This is NOT receiving Zeni but paying.[br]Select Carefully.[/font][br][br][font size = ""10"" color=""ffffff""]Accept Request?[/font]"
DST_MAILSYSTEM_MSG_REPLY_MAIL_ITEM	2	2	lang0,taiwan	taiwan:local_data.dat:%s 已收到了您所寄的 %s 道具。 | lang0:lang0.pak:%s receive %s Item from
DST_MAILSYSTEM_MSG_REPLY_MAIL_ITEM_ZENNY	2	2	lang0,taiwan	taiwan:local_data.dat:%s已收到了所寄的%s道具跟%s索尼。 | lang0:lang0.pak:%s Item received & %s Zeni which %s sent
DST_MAILSYSTEM_MSG_REPLY_MAIL_ITEM_ZENNY_REQ	2	2	lang0,taiwan	taiwan:local_data.dat:%s收到了您所寄送的%s道具，並已將手續費%s索尼寄給您了。 | lang0:lang0.pak:%s received %s Items & Sent requested %s Zeni
DST_MAILSYSTEM_MSG_REPLY_MAIL_ZENNY	2	2	lang0,taiwan	taiwan:local_data.dat:%s收到了您所寄的 %sSony。 | lang0:lang0.pak:%s Zeni received that %s sent
DST_MAILSYSTEM_MSG_REPLY_MAIL_ZENNY_REQ	2	2	lang0,taiwan	taiwan:local_data.dat:%s寄了 %sSony。 | lang0:lang0.pak:%s sent %s Zeni
DST_MAILSYSTEM_MSG_RETRUN_MAIL	2	2	lang0,taiwan	taiwan:local_data.dat:%s 退回了信件。 | lang0:lang0.pak:%s Returned Mail.
DST_MAILSYSTEM_MSG_RETURN	2	2	lang0,taiwan	"taiwan:local_data.dat:[align = ""center""][font size = ""12"" color=""f4d762""]信件退還[/font][br][br][font size = ""10"" color=""f36a7c""]將所選的郵件[br]退還給寄件者。 | lang0:lang0.pak:[align = ""center""][font size = ""12"" color=""f4d762""]Mail Return[/font][br][br][font size = ""10"" color=""f36a7c""]Return selected Mail[br]Caution[br][br]Once returned you can't receive again.[/font][br][br][font size = ""10"" color=""ffffff""]Do you want to return the Mail?[/font]"
DST_MAILSYSTEM_MSG_SELECT_REQ_OR_SEND	2	2	lang0,taiwan	"taiwan:local_data.dat:[align = ""center""][font size = ""12"" color=""f4d762""]Sony請求/匯款選擇[/font][br][br][font size = ""10"" color=""269eff""]請選擇要請求索尼[br]或匯送索尼給對方。 | lang0:lang0.pak:[align = ""center""][font size = ""12"" color=""f4d762""]Request/Send Zeni[/font][br][br][font size = ""10"" color=""269eff""]Requesting/Sending Zeni in mail[/font][br][font size = ""10"" color=""ffffff""]Select[br][br]attach Zeni by Requesting or Sending[br]Attach Zeni.[/font]"
DST_MAILSYSTEM_MSG_SEND_BASIC	2	2	lang0,taiwan	"taiwan:local_data.dat:[align = ""center""][font size = ""12"" color=""f4d762""]寄信[/font][br][br][font size = ""10"" color=""2690""][br][font size = ""10"" color=""269font""]。 ""10"" olor=""f36a7c""]傳送費用 : %s Sony[/font][br][br][font size = ""10"" color=""ffffff""]您確定要寄信嗎？ | lang0:lang0.pak:[align = ""center""][font size = ""12"" color=""f4d762""]Send Mail[/font][br][br][font size = ""10"" color=""269eff""]Sending mail costs Zeni.[/font][br][br][font size = ""10"" color=""f36a7c""]Fee: %s Zeni[/font][br][br][font size = ""10"" color=""ffffff""]Send Mail?[/font]"
DST_MAILSYSTEM_MSG_SEND_ITEM	2	2	lang0,taiwan	"taiwan:local_data.dat:[align = ""center""][font size = ""12"" color=""f4d762""]寄信[/font][br][br][font size = ""10"" color=""269eff""][br][font size = ""10"" color=""2690""]發送信件。 ""10"" color=""f36a7c""]傳送費用 : %s Sony[br]附加道具 : %s[/font][br][br][font size = ""10"" color=""ffffff""]您確定要寄送信件嗎？ | lang0:lang0.pak:[align = ""center""][font size = ""12"" color=""f4d762""]Send Item[/font][br][br][font size = ""10"" color=""269eff""]Sending Items Costs Zeni.[/font][br][br][font size = ""10"" color=""f36a7c""]Fee: %s Zeni[br]Attached item: %s[/font][br][br][font size = ""10"" color=""ffffff""]Send Mail? [/font]"
DST_MAILSYSTEM_MSG_SEND_ITEM_ZENNY	2	2	lang0,taiwan	"taiwan:local_data.dat:[align = ""center""][font size = ""12"" color=""f4d762""]寄信[/font][br][br][font size = ""10"" color=""269][br][br][font size = ""10"" color=""269][br][br][font size = ""10"" color=""269]"" 寄信。 = ""10"" color=""f36a7c""]傳送費用 : %s Sony[br]附加道具 : %s[br][br]傳送索尼 : %s[/font][br][br][font size = ""10"" color=""ffffff""]您確定要寄送信件]嗎？ | lang0:lang0.pak:[align = ""center""][font size = ""12"" color=""f4d762""]Item/Zeni[/font][br][br][font size = ""10"" color=""269eff""]Sending mail and item costs Zeni.[/font][br][br][font size = ""10"" color=""f36a7c""]Fee: %s Zeni[br]Attached Item: %s[br][br]Zeni: %s[/font][br][br][font size = ""10"" color=""ffffff""]Send Mail?[/font]"
DST_MAILSYSTEM_MSG_SEND_ITEM_ZENNY_REQ	2	2	lang0,taiwan	"taiwan:local_data.dat:[align = ""center""][font size = ""12"" color=""f4d762""]寄信[/font][br][br][font size = ""10"""" 寄信[/font][br][br][font size = ""10"""" 字寄件。 size = ""10"" color=""f36a7c""]傳送費用 : %s Sony[br]附加道具 : %s[br]請求的索尼 : %s[/font][br][br][font size = ""10"""" color=""ffffff""]您確定要寄信] | lang0:lang0.pak:[align = ""center""][font size = ""12"" color=""f4d762""]Item/Zeni Request[/font][br][br][font size = ""10"" color=""269eff""]Sending mail costs Zeni.[/font][br][br][font size = ""10"" color=""f36a7c""]Fee: %s Zeni[br]Attached Item: %s[br]Zeni requested: %s[/font][br][br][font size = ""10"" color=""ffffff""]Send Mail?[/font]"
DST_MAILSYSTEM_MSG_SEND_SUCCEED	2	2	lang0,taiwan	taiwan:local_data.dat:郵件已寄給%s 了。 | lang0:lang0.pak:Sent Mail to %s
DST_MAILSYSTEM_MSG_SEND_ZENNY	2	2	lang0,taiwan	"taiwan:local_data.dat:[align = ""center""][font size = ""12"" color=""f4d762""]寄信[/font][br][br][font size = ""10"" color=""269eff""][br][font size = ""10"" color=""269eff""][br][font] 寄送信件時， 什麼[/brize"" ""10"" color=""f36a7c""]傳送費用 : %s Sony[br]匯送索尼 : %s[/font][br][br][font size = ""10"" color=""ffffff""]您確定要寄送信件 [/font]""嗎？ | lang0:lang0.pak:[align = ""center""][font size = ""12"" color=""f4d762""]Send Zeni[/font][br][br][font size = ""10"" color=""269eff""]Sending mail costs Zeni.[/font][br][br][font size = ""10"" color=""f36a7c""]Fee: %s Zeni[br]Zeni: %s[/font][br][br][font size = ""10"" color=""ffffff""]Send Mail?[/font]"
DST_MAILSYSTEM_MSG_SEND_ZENNY_REQ	2	2	lang0,taiwan	"taiwan:local_data.dat:[align = ""center""][font size = ""12"" color=""f4d762""]寄信[/font][br][br][font size = ""10"" color=""269][br][br][font size = ""10"" color=""269][br][br][font size = ""10"" color=""269]"" 寄信。 = ""10"" color=""f36a7c""]傳送費用 : %s 索尼[br]請求索尼 : %s[/font][br][br][font size = ""10"" color=""ffffff""]您確定要寄送信件 [/font]""嗎？ | lang0:lang0.pak:[align = ""center""][font size = ""12"" color=""f4d762""]Zeni Request[/font][br][br][font size = ""10"" color=""269eff""]Sending mail costs Zeni.[/font][br][br][font size = ""10"" color=""f36a7c""]Fee: %s Zeni[br]Zeni: %s[/font][br][br][font size = ""10"" color=""ffffff""]Send Mail?[/font]"
DST_MAILSYSTEM_NEGATIVE_CHECK_ATTACH	2	2	lang0,taiwan	taiwan:local_data.dat:無法選擇附加道具或索尼的信件。 | lang0:lang0.pak:Can't Use Attachments in this Mail
DST_MAILSYSTEM_NEGATIVE_CHECK_LOCK	2	2	lang0,taiwan	taiwan:local_data.dat:鎖定信件無法選擇。 | lang0:lang0.pak:You can't select Locked Mail
DST_MAILSYSTEM_NOTREADMAILNUM	2	2	lang0,taiwan	taiwan:local_data.dat:未讀取的信件數 | lang0:lang0.pak:Unread Mail
DST_MAILSYSTEM_NOT_DELETE_BY_ITEMZENNY	2	2	lang0,taiwan	taiwan:local_data.dat:領出附件(Sony)後即可刪除 | lang0:lang0.pak:Can't delete item or Zeni.
DST_MAILSYSTEM_NOT_DELETE_BY_LOCK	2	2	lang0,taiwan	taiwan:local_data.dat:解除鎖定後方可刪除 | lang0:lang0.pak:Mail is locked and can't be deleted.
DST_MAILSYSTEM_NOT_DELETE_BY_ZENNY_CLAIM	2	2	lang0,taiwan	taiwan:local_data.dat:要求索尼時不可刪除 | lang0:lang0.pak:Zeni claim can't be deleted.
DST_MAILSYSTEM_NOT_IDENTIFICATION	2	2	lang0,taiwan	taiwan:local_data.dat:未知 | lang0:lang0.pak:Can't Identify
DST_MAILSYSTEM_NOT_IDENTIFICATION_ITEM	2	2	lang0,taiwan	taiwan:local_data.dat:未知道具 | lang0:lang0.pak:Mystery Item
DST_MAILSYSTEM_OPEN_SENDMAIL_CONFIRM_MSGBOX	2	2	lang0,taiwan	"taiwan:local_data.dat:[align =""center""][font size=""12""color=""f4d762""]連線信箱[/font][br][br][font size=""10""color=""269eff""]使用寵物項圈連線信箱。 | lang0:lang0.pak:[align = ""center][font size=""12""color=""f4d762""]Mailbox Access[/font][br][br][font size=""10""color=""269eff""]Pet use rings[br]to get remote access to Mailbox[br]Connecting: You are connecting[br]Connect Now?[/font]"
DST_MAILSYSTEM_STATUS	2	2	lang0,taiwan	taiwan:local_data.dat:信箱 | lang0:lang0.pak:Mail Box
DST_MAILSYSTEM_STATUS_FULL	2	2	lang0,taiwan	taiwan:local_data.dat:信箱已滿請進行確認。 | lang0:lang0.pak:Mailbox is Full
DST_MAILSYSTEM_STATUS_UNREAD	2	2	lang0,taiwan	taiwan:local_data.dat:您有%u封未讀信件。 | lang0:lang0.pak:You have %u Unread Mail
DST_MAILSYSTEM_TAB_MAILBOX	2	2	lang0,taiwan	taiwan:local_data.dat:信箱 | lang0:lang0.pak:Inbox
DST_MAILSYSTEM_TAB_READMAIL	2	2	lang0,taiwan	taiwan:local_data.dat:讀信 | lang0:lang0.pak:Read
DST_MAILSYSTEM_TAB_SENDMAIL	2	2	lang0,taiwan	taiwan:local_data.dat:寫信 | lang0:lang0.pak:Send
DST_MAILSYSTEM_TAB_SYSTEMMAILBOX	2	2	lang0,taiwan	taiwan:local_data.dat:系統信件 | lang0:lang0.pak:System Mail
DST_MAILSYSTEM_TOOLTIP_ATTACHACTION	2	2	lang0,taiwan	taiwan:local_data.dat:接收附加道具或索尼，或支付他人要求的索尼。 | lang0:lang0.pak:Receive items or Zeni, or pay Zeni requested by others.
DST_MAILSYSTEM_TOOLTIP_DELETE_BUTTON	2	2	lang0,taiwan	taiwan:local_data.dat:選擇信件已刪除。 | lang0:lang0.pak:Delete Selected Mail
DST_MAILSYSTEM_TOOLTIP_EXPIREDDAY	2	2	lang0,taiwan	taiwan:local_data.dat:本信如超過保管時間則會退還或自動刪除。 | lang0:lang0.pak:Mail will return/expire in set Time Period
DST_MAILSYSTEM_TOOLTIP_FRIEND_LIST	2	2	lang0,taiwan	taiwan:local_data.dat:呼叫好友名單 | lang0:lang0.pak:Friend List
DST_MAILSYSTEM_TOOLTIP_NOT_ATTACH	2	2	lang0,taiwan	taiwan:local_data.dat:請登入欲附加的道具。 | lang0:lang0.pak:Register Item that will be Attached
DST_MAILSYSTEM_TOOLTIP_RELOAD	2	2	lang0,taiwan	taiwan:local_data.dat:每1分鐘將重新整理一次。 | lang0:lang0.pak:Refresh
DST_MAINMENU_CHANNEL_CHANGE	2	2	lang0,taiwan	taiwan:local_data.dat:頻道變更 | lang0:lang0.pak:Change Channel
DST_MAINMENU_COMMUNITY	2	2	lang0,taiwan	taiwan:local_data.dat:社群 | lang0:lang0.pak:Guild
DST_MAINMENU_CONTROL	2	2	lang0,taiwan	taiwan:local_data.dat:操作方法 | lang0:lang0.pak:Controls
DST_MAINMENU_END_GAME	2	2	lang0,taiwan	taiwan:local_data.dat:離開遊戲 | lang0:lang0.pak:Exit
DST_MAINMENU_END_SESSION	2	2	lang0,taiwan	taiwan:local_data.dat:回角色選單 | lang0:lang0.pak:Log Out
DST_MAINMENU_FRIENDLIST	2	2	lang0,taiwan	taiwan:local_data.dat:好友名單 | lang0:lang0.pak:Friends List
DST_MAINMENU_HELP	2	2	lang0,taiwan	taiwan:local_data.dat:小幫手 | lang0:lang0.pak:Help
DST_MAINMENU_INVEN	2	2	lang0,taiwan	taiwan:local_data.dat:膠囊盒 | lang0:lang0.pak:Inventory
DST_MAINMENU_OPTION	2	2	lang0,taiwan	taiwan:local_data.dat:設定 | lang0:lang0.pak:Options
DST_MAINMENU_PARTYMATCHINGLIST	2	2	lang0,taiwan	taiwan:local_data.dat:組隊配對 | lang0:lang0.pak:Party Search
DST_MAINMENU_QUEST	2	2	lang0,taiwan	taiwan:local_data.dat:任務 | lang0:lang0.pak:Quests
DST_MAINMENU_RANKBOARD	2	2	lang0,taiwan	taiwan:local_data.dat:查看排名 | lang0:lang0.pak:Ranks
DST_MAINMENU_SKILL	2	2	lang0,taiwan	taiwan:local_data.dat:技能 | lang0:lang0.pak:Skills
DST_MAINMENU_STATUS	2	2	lang0,taiwan	taiwan:local_data.dat:角色 | lang0:lang0.pak:Character
DST_MAINMENU_TOOLTIP	2	2	lang0,taiwan	taiwan:local_data.dat:主選單 | lang0:lang0.pak:Menu
DST_MAINMENU_TOOLTIP_SHORTCUT	2	2	lang0,taiwan	taiwan:local_data.dat:熱鍵 | lang0:lang0.pak:Hotkey
DST_MAINMENU_UNSTUCK	2	2	lang0,taiwan	taiwan:local_data.dat:Unstuck | lang0:lang0.pak:Unstuck
DST_MAIN_CAPSULEKIT_CANT_MOVE	2	2	lang0,taiwan	taiwan:local_data.dat:基本膠囊盒無法移動。 | lang0:lang0.pak:No chance, default capsule kit.
DST_MAJIN	2	2	lang0,taiwan	taiwan:local_data.dat:魔人 | lang0:lang0.pak:Majin
DST_MARKET_ACCESSORY	2	2	lang0,taiwan	taiwan:local_data.dat:裝飾品 | lang0:lang0.pak:Accessory
DST_MARKET_ACCESSORY1	2	2	lang0,taiwan	taiwan:local_data.dat:裝飾品1 | lang0:lang0.pak:Accessory 1
DST_MARKET_ACCESSORY2	2	2	lang0,taiwan	taiwan:local_data.dat:裝飾品2 | lang0:lang0.pak:Accessory 2
DST_MARKET_ACCESSORY3	2	2	lang0,taiwan	taiwan:local_data.dat:裝飾品3 | lang0:lang0.pak:Accessory 3
DST_MARKET_ALLCATEGORY	2	2	lang0,taiwan	taiwan:local_data.dat:全部 | lang0:lang0.pak:All
DST_MARKET_ALLCLASS	2	2	lang0,taiwan	taiwan:local_data.dat:全部職業 | lang0:lang0.pak:All Classes
DST_MARKET_ALLTYPE	2	2	lang0,taiwan	taiwan:local_data.dat:全部等級 | lang0:lang0.pak:All
DST_MARKET_ARMOR	2	2	lang0,taiwan	taiwan:local_data.dat:衣服 | lang0:lang0.pak:Armor
DST_MARKET_BLACK_STONE	2	2	lang0,taiwan	taiwan:local_data.dat:漆黑原石 | lang0:lang0.pak:Black Stone
DST_MARKET_BUY	2	2	lang0,taiwan	"taiwan:local_data.dat:[align = ""center""][font size = ""12"" color=""f4d762""]道具購買確認[/font][br][br][font size = ""10"" color=""269eff""][br][font size = ""10"" color=""269eff""][br][font size = ""10"" color=""269eff""]您將購買下列物品。 color=""ffffff""]%s[br]購買費用 : %sZ[/font][br][br][font size = ""10"" color=""f36a7c""][警告]您確定要購買嗎？ | lang0:lang0.pak:[align = ""center""][font size = ""12"" color=""f4d762""]Auction Purchase[/font][br][br][font size = ""10"" color=""269eff""]The following items:[/font][br][br][font size = ""10"" color=""ffffff""]%s[br]Price: %s Zeni[/font][br][br][font size = ""10"" color=""f36a7c""]Purchase this Item?[/font][br]"
DST_MARKET_BUYITEM_CLICK	2	2	lang0,taiwan	taiwan:local_data.dat:點選滑鼠右鍵選擇購買，即可購入所選的道具。 | lang0:lang0.pak:Select Items to Buy
DST_MARKET_BUYTEXT	2	2	lang0,taiwan	taiwan:local_data.dat:購買 | lang0:lang0.pak:Buy
DST_MARKET_CAPSULE_KIT	2	2	lang0,taiwan	taiwan:local_data.dat:膠囊盒 | lang0:lang0.pak:Capsule Kit
DST_MARKET_CHANGETYPE	2	2	lang0,taiwan	taiwan:local_data.dat:可切換購買和販賣視窗。 | lang0:lang0.pak:Switch Between Buying & Selling
DST_MARKET_CONSOLE_MACHINE	2	2	lang0,taiwan	taiwan:local_data.dat:天下第一大市場 | lang0:lang0.pak:Auction House
DST_MARKET_DOJO	2	2	lang0,taiwan	taiwan:local_data.dat:道服 | lang0:lang0.pak:Dojo
DST_MARKET_DOWNGRADE_STONE_ARMOR	2	2	lang0,taiwan	taiwan:local_data.dat:服飾降級 | lang0:lang0.pak:Armor Downgrade
DST_MARKET_DOWNGRADE_STONE_WEAPON	2	2	lang0,taiwan	taiwan:local_data.dat:武器降級 | lang0:lang0.pak:Weapon Downgrade
DST_MARKET_DOWN_MARK	2	2	lang0,taiwan	taiwan:local_data.dat:▼ | lang0:lang0.pak:▼
DST_MARKET_ENDTIME	2	2	lang0,taiwan	taiwan:local_data.dat:7日 | lang0:lang0.pak:72Hrs
DST_MARKET_ENDTIME_INFO	2	2	lang0,taiwan	taiwan:local_data.dat:只能使用24小時。 | lang0:lang0.pak:72Hr Left
DST_MARKET_ENDTIME_SECOND	2	2	lang0,taiwan	taiwan:local_data.dat:48小時 | lang0:lang0.pak:48 hours
DST_MARKET_ENDTIME_THIRED	2	2	lang0,taiwan	taiwan:local_data.dat:72小時 | lang0:lang0.pak:72 hours
DST_MARKET_ETC	2	2	lang0,taiwan	taiwan:local_data.dat:其他道具 | lang0:lang0.pak:Other
DST_MARKET_EXCELLENTTYPE	2	2	lang0,taiwan	taiwan:local_data.dat:特級以上 | lang0:lang0.pak:Excellent
DST_MARKET_EXP_BUFF	2	2	lang0,taiwan	taiwan:local_data.dat:經驗值Buff | lang0:lang0.pak:EXP Buff
DST_MARKET_FOOD	2	2	lang0,taiwan	taiwan:local_data.dat:食物 | lang0:lang0.pak:Food
DST_MARKET_FORGET_BOOK	2	2	lang0,taiwan	taiwan:local_data.dat:忘卻之書 | lang0:lang0.pak:Skill Reset Book
DST_MARKET_FORGET_BOOKPLUS	2	2	lang0,taiwan	taiwan:local_data.dat:忘卻之書+ | lang0:lang0.pak:Skill Reset Book+
DST_MARKET_GRADE	2	2	lang0,taiwan	taiwan:local_data.dat:等級 | lang0:lang0.pak:Rate
DST_MARKET_GREATER_UPGRADE_STONE_ARMOR	2	2	lang0,taiwan	taiwan:local_data.dat:服飾強化(高) | lang0:lang0.pak:Armor Upgrade(High)
DST_MARKET_GREATER_UPGRADE_STONE_WEAPON	2	2	lang0,taiwan	taiwan:local_data.dat:武器強化(高) | lang0:lang0.pak:Weapon Upgrade (High)
DST_MARKET_GROVE_KNUCKLE	2	2	lang0,taiwan	taiwan:local_data.dat:手套/露指套 | lang0:lang0.pak:Glove
DST_MARKET_INPUT_NAME	2	2	lang0,taiwan	taiwan:local_data.dat:請輸入道具名稱。 | lang0:lang0.pak:Search
DST_MARKET_ITEMNAME	2	2	lang0,taiwan	taiwan:local_data.dat:道具姓名 | lang0:lang0.pak:Item Name
DST_MARKET_ITEM_BUY_NOT_SEARCH	2	2	lang0,taiwan	taiwan:local_data.dat:無法查詢該道具。 | lang0:lang0.pak:Item can't be found
DST_MARKET_ITEM_NOT_SERACH	2	2	lang0,taiwan	taiwan:local_data.dat:尚未輸入搜尋條件。 | lang0:lang0.pak:No Search Criteria
DST_MARKET_ITEM_SERACH_NOTRESULT	2	2	lang0,taiwan	taiwan:local_data.dat:找不到與條件相符的結果。 | lang0:lang0.pak:Results are shown
DST_MARKET_LAST_TIME	2	2	lang0,taiwan	taiwan:local_data.dat:結束期間 | lang0:lang0.pak:Time Left
DST_MARKET_LEFT	2	2	lang0,taiwan	taiwan:local_data.dat:顯示前頁 | lang0:lang0.pak:Last
DST_MARKET_LEGENDARYTYPE	2	2	lang0,taiwan	taiwan:local_data.dat:傳說 | lang0:lang0.pak:Legendary
DST_MARKET_LEVEL_NOT_SERACH	2	2	lang0,taiwan	taiwan:local_data.dat:輸入等級範圍錯誤，無法搜尋。 | lang0:lang0.pak:Enter Correct Level Range
DST_MARKET_MAINCATEGORY_INFO	2	2	lang0,taiwan	taiwan:local_data.dat:請選擇要搜尋的道具主目錄。 | lang0:lang0.pak:Choose Main Category
DST_MARKET_MASCOT	2	2	lang0,taiwan	taiwan:local_data.dat:寵物 | lang0:lang0.pak:Pets
DST_MARKET_MASCOT_FOOD	2	2	lang0,taiwan	taiwan:local_data.dat:飼料 | lang0:lang0.pak:Pet Food
DST_MARKET_MAXLEVEL	2	2	lang0,taiwan	taiwan:local_data.dat:最大等級 | lang0:lang0.pak:Max. Level
DST_MARKET_MAX_DURITME	2	2	lang0,taiwan	taiwan:local_data.dat:耐久度以消耗的道具無法登入。 | lang0:lang0.pak:Repair First
DST_MARKET_MINLEVEL	2	2	lang0,taiwan	taiwan:local_data.dat:最小等級 | lang0:lang0.pak:Min. Level
DST_MARKET_NAME	2	2	lang0,taiwan	taiwan:local_data.dat:姓名 | lang0:lang0.pak:Name
DST_MARKET_NEW_FOOD	2	2	lang0,taiwan	taiwan:local_data.dat:全新食物 | lang0:lang0.pak:New Food
DST_MARKET_NEXT_LEFT	2	2	lang0,taiwan	taiwan:local_data.dat:往前移動10頁 | lang0:lang0.pak:<<< 10
DST_MARKET_NEXT_RIGHT	2	2	lang0,taiwan	taiwan:local_data.dat:往後移動10頁。 | lang0:lang0.pak:10 >>>
DST_MARKET_NORMALTYPE	2	2	lang0,taiwan	taiwan:local_data.dat:一般服飾 | lang0:lang0.pak:Normal
DST_MARKET_NORMAL_STONE	2	2	lang0,taiwan	taiwan:local_data.dat:普通原石 | lang0:lang0.pak:Normal Stone
DST_MARKET_NOT_DATA	2	2	lang0,taiwan	taiwan:local_data.dat:- | lang0:lang0.pak:-
DST_MARKET_NOT_SERACH	2	2	lang0,taiwan	taiwan:local_data.dat:關鍵字中包含了特殊文字無法查詢。 | lang0:lang0.pak:Contains characters that can't be retrieved
DST_MARKET_PRICE	2	2	lang0,taiwan	taiwan:local_data.dat:價格 | lang0:lang0.pak:Price
DST_MARKET_PURE_STONE	2	2	lang0,taiwan	taiwan:local_data.dat:純原石 | lang0:lang0.pak:Pure stone
DST_MARKET_RARETYPE	2	2	lang0,taiwan	taiwan:local_data.dat:稀有服飾 | lang0:lang0.pak:Rare
DST_MARKET_RECIPE	2	2	lang0,taiwan	taiwan:local_data.dat:混合 | lang0:lang0.pak:Recipe
DST_MARKET_RECIPE_ITEM	2	2	lang0,taiwan	taiwan:local_data.dat:食譜 | lang0:lang0.pak:Recipe
DST_MARKET_REFRESH	2	2	lang0,taiwan	taiwan:local_data.dat:重新整理 | lang0:lang0.pak:Refresh
DST_MARKET_REGISTRATION	2	2	lang0,taiwan	taiwan:local_data.dat:登入 | lang0:lang0.pak:Register
DST_MARKET_RESORATIVE	2	2	lang0,taiwan	taiwan:local_data.dat:恢復劑 | lang0:lang0.pak:Restore
DST_MARKET_RESORATIVE_ITEM	2	2	lang0,taiwan	taiwan:local_data.dat:藥水 | lang0:lang0.pak:Restore
DST_MARKET_RIGHT	2	2	lang0,taiwan	taiwan:local_data.dat:顯示後頁 | lang0:lang0.pak:Next
DST_MARKET_SCOUTER	2	2	lang0,taiwan	taiwan:local_data.dat:史考特 | lang0:lang0.pak:Scouter
DST_MARKET_SCOUTER_MAIN	2	2	lang0,taiwan	taiwan:local_data.dat:本機 | lang0:lang0.pak:Chip
DST_MARKET_SCOUTER_PART	2	2	lang0,taiwan	taiwan:local_data.dat:晶片 | lang0:lang0.pak:Upgrade
DST_MARKET_SEARCH_ITEM	2	2	lang0,taiwan	taiwan:local_data.dat:請選擇欲搜尋道具的分類後輸入關鍵字按搜尋鈕。 | lang0:lang0.pak:Select the category, enter a search term,press search
DST_MARKET_SELL	2	2	lang0,taiwan	"taiwan:local_data.dat:[align = ""center""][font size = ""12"" color=""f4d762""]確認販賣道具[/font][br][br][font size = ""10"" color=""269eff""][br][font size = ""10"" color=""269eff""]""您會出售以下道具""[/font]"" color=""ffffff""]總共%d 個道具[br]需支付手續費 : %s Z[/font][br][br][font size = ""10"" color=""f36a7c""][警告] 您確定要販賣道具嗎？ | lang0:lang0.pak:[align = ""center""][font size = ""12"" color=""f4d762""]Auction Sale[/font][br][br][font size = ""10"" color=""269eff""]You are now selling an item.[/font][br][br][font size = ""10"" color=""ffffff""]Item(s): %d[br]Fee to Sell: %s Zeni[/font][br][br][font size = ""10"" color=""f36a7c""]Put Item on Sale?[/font][br]"
DST_MARKET_SELLER	2	2	lang0,taiwan	taiwan:local_data.dat:賣家 | lang0:lang0.pak:Seller
DST_MARKET_SELLITEM_CANCEL	2	2	lang0,taiwan	taiwan:local_data.dat:點選滑鼠右鍵按取消販賣鈕，即可取消販賣所選道具。 | lang0:lang0.pak:Click 'Cancel' to Cancel the Auction
DST_MARKET_SELLTEXT	2	2	lang0,taiwan	taiwan:local_data.dat:販賣 | lang0:lang0.pak:Sell
DST_MARKET_SELLTIME_HOUT	2	2	lang0,taiwan	taiwan:local_data.dat:%d小時 | lang0:lang0.pak:%dh
DST_MARKET_SELLTIME_MIN	2	2	lang0,taiwan	taiwan:local_data.dat:%d分 | lang0:lang0.pak:%dm
DST_MARKET_SELL_CANCEL	2	2	lang0,taiwan	"taiwan:local_data.dat:[align = ""center""][font size = ""12"" color=""f4d762""]取消委託販賣道具[/font][br][br][font size = ""10"" color=""269font""] 將取消下列登錄」[10"" color=""269""] 取消color=""ffffff""]%s[br]賣價 : %sZ[/font][br][br][font size = ""10"" color=""f36a7c""][警告] 您確定要取消嗎？ | lang0:lang0.pak:[align = ""center""][font size = ""12"" color=""f4d762""]Cancel Auction[/font][br][br][font size = ""10"" color=""269eff""]Cancel the following:[/font][br][br][font size = ""10"" color=""ffffff""]%s[br]Sale Price: %s Zeni[/font][br][br][font size = ""10"" color=""f36a7c""]Do you want to Cancel?[/font][br]"
DST_MARKET_SELL_ITMEPRICE	2	2	lang0,taiwan	taiwan:local_data.dat:販賣價格 | lang0:lang0.pak:Price
DST_MARKET_SELL_NOT	2	2	lang0,taiwan	taiwan:local_data.dat:販賣取消 | lang0:lang0.pak:Cancel
DST_MARKET_SELL_PRICE	2	2	lang0,taiwan	taiwan:local_data.dat:手續費 | lang0:lang0.pak:Charge
DST_MARKET_SERACH_ITEM	2	2	lang0,taiwan	taiwan:local_data.dat:搜尋 | lang0:lang0.pak:Search
DST_MARKET_SERACH_REFRESH	2	2	lang0,taiwan	taiwan:local_data.dat:搜尋初始化 | lang0:lang0.pak:Refresh
DST_MARKET_STUFF	2	2	lang0,taiwan	taiwan:local_data.dat:材料 | lang0:lang0.pak:Material
DST_MARKET_SUBCATEGORY_INFO	2	2	lang0,taiwan	taiwan:local_data.dat:請選擇要搜尋的道具次目錄。 | lang0:lang0.pak:Choose Sub Category
DST_MARKET_SUBCATEGORY_NOT_SERACH	2	2	lang0,taiwan	taiwan:local_data.dat:未選擇次目錄時無法使用搜尋。 | lang0:lang0.pak:Select a subcategory
DST_MARKET_SUBWEAPON	2	2	lang0,taiwan	taiwan:local_data.dat:輔助武器 | lang0:lang0.pak:Sub Weapon
DST_MARKET_SUPERIORTYPE	2	2	lang0,taiwan	taiwan:local_data.dat:高級服飾 | lang0:lang0.pak:Super
DST_MARKET_TITLE	2	2	lang0,taiwan	taiwan:local_data.dat:天下第一大市場 | lang0:lang0.pak:Auction House
DST_MARKET_UPGRADE_STONE_ARMOR	2	2	lang0,taiwan	taiwan:local_data.dat:服飾強化 | lang0:lang0.pak:Armor Upgrade
DST_MARKET_UPGRADE_STONE_WEAPON	2	2	lang0,taiwan	taiwan:local_data.dat:武器強化 | lang0:lang0.pak:Weapon Upgrade
DST_MARKET_UP_MARK	2	2	lang0,taiwan	taiwan:local_data.dat:▲ | lang0:lang0.pak:▲
DST_MARKET_USELEVLE	2	2	lang0,taiwan	taiwan:local_data.dat:等級 | lang0:lang0.pak:Level
DST_MARKET_USE_ITEM	2	2	lang0,taiwan	taiwan:local_data.dat:可以使用之道具 | lang0:lang0.pak:Available
DST_MARKET_WEAPON	2	2	lang0,taiwan	taiwan:local_data.dat:主武器 | lang0:lang0.pak:Weapon
DST_MASCOT	2	2	lang0,taiwan	taiwan:local_data.dat:寵物 | lang0:lang0.pak:Pet
DST_MASCOTEX_BAG	2	2	lang0,taiwan	taiwan:local_data.dat:儲存寵物的背包。 | lang0:lang0.pak:Mascot Bag
DST_MASCOTEX_FUSIONBUTTON	2	2	lang0,taiwan	taiwan:local_data.dat:融合 | lang0:lang0.pak:Fuse
DST_MASCOTEX_FUSION_DEFENCEITEM_AGAINE	2	2	lang0,taiwan	taiwan:local_data.dat:已登錄於融合進化石。 | lang0:lang0.pak:Item already exists.
DST_MASCOTEX_FUSION_DEFENCEITEM_LEFTCLICK	2	2	lang0,taiwan	taiwan:local_data.dat:點擊滑鼠右鍵以刪除融合進化石。 | lang0:lang0.pak:Right-click to remove.
DST_MASCOTEX_FUSION_DEFENCEITEM_NO	2	2	lang0,taiwan	taiwan:local_data.dat:此非融合進化石。 | lang0:lang0.pak:No item available.
DST_MASCOTEX_FUSION_EXPLACK	2	2	lang0,taiwan	taiwan:local_data.dat:欲融合的寵物經驗值不足 / 已滿級。 | lang0:lang0.pak:Mascot EXP is too low.
DST_MASCOTEX_FUSION_EXPLANATION	2	2	lang0,taiwan	"taiwan:local_data.dat:1. 進行融合時消耗材料寵物。[br]2. 融合時可能會失敗。[br]3. 使用同級寵物成功機率較高。[br]4. 使用[font size = ""10"" color=""f36a7c""]融合進化石[/font]可提高成功率。[br]5. 失敗時成長的對象不會被破壞。[br][font size = ""10"" color=""f4d762""]要融合獲得的寵物嗎？[/font] | lang0:lang0.pak:1. During the fusion the offering pet will[br]be consumed.[br]2. There's a chance of failing the fusion.[br]3. A [font color=""f36a7c""]Pet Fuse Item[/font] will increase the[br]success chance.[br][font color=""f4d762""]Do you want to evolve the pet by fusing?[/font]"
DST_MASCOTEX_FUSION_MAINMASCOT_SUMMONING	2	2	lang0,taiwan	taiwan:local_data.dat:正在召喚欲融合的寵物。 | lang0:lang0.pak:Un-summon Pet to fuse it.
DST_MASCOTEX_FUSION_OPEN_AGAINE	2	2	lang0,taiwan	taiwan:local_data.dat:融合視窗已經開啟。 | lang0:lang0.pak:Window is already open
DST_MASCOTEX_FUSION_OVERGRADE	2	2	lang0,taiwan	taiwan:local_data.dat:以材料使用的寵物等級更高。 | lang0:lang0.pak:Pet level already max.
DST_MASCOTEX_FUSION_SUBMASCOT_DELETED	2	2	lang0,taiwan	taiwan:local_data.dat:已消耗材料寵物。 | lang0:lang0.pak:The sacrificed pet rests in peace
DST_MASCOTEX_FUSION_SUBMASCOT_LEFTCLICK	2	2	lang0,taiwan	taiwan:local_data.dat:點擊滑鼠右鍵以刪除寵物。 | lang0:lang0.pak:Right-click to remove the pet
DST_MASCOTEX_FUSION_SUBMASCOT_MAINMASCOT	2	2	lang0,taiwan	taiwan:local_data.dat:該寵物已登錄為主要使用。 | lang0:lang0.pak:Main Pet already registered.
DST_MASCOTEX_FUSION_SUBMASCOT_REGISTER	2	2	lang0,taiwan	taiwan:local_data.dat:已登錄為材料寵物。 | lang0:lang0.pak:Include a pet that\nyou want to sacrifice.
DST_MASCOTEX_FUSION_SUBMASCOT_SUMMONING	2	2	lang0,taiwan	taiwan:local_data.dat:正在召喚欲登錄於材料的寵物。 | lang0:lang0.pak:Un-summon Pet first
DST_MASCOTEX_FUSION_TOOLTIP	2	2	lang0,taiwan	taiwan:local_data.dat:只有經驗值滿的寵物可以使用融合。 | lang0:lang0.pak:Fuse Pets to make a better one
DST_MASCOTEX_FUTIONTITEL	2	2	lang0,taiwan	taiwan:local_data.dat:融合 | lang0:lang0.pak:Fusion
DST_MASCOTEX_GRADE_1	2	2	lang0,taiwan	taiwan:local_data.dat:幼兒 | lang0:lang0.pak:Child
DST_MASCOTEX_GRADE_2	2	2	lang0,taiwan	taiwan:local_data.dat:成人 | lang0:lang0.pak:Adult
DST_MASCOTEX_GRADE_3	2	2	lang0,taiwan	taiwan:local_data.dat:輕武裝 | lang0:lang0.pak:Light armed
DST_MASCOTEX_GRADE_4	2	2	lang0,taiwan	taiwan:local_data.dat:重武裝 | lang0:lang0.pak:Heavily armed
DST_MASCOTEX_MASCOTNAME	2	2	lang0,taiwan	taiwan:local_data.dat:寵物名稱 | lang0:lang0.pak:Mascot Name
DST_MASCOTEX_MASCOTSEAL_CONFIRM_BOX	2	2	lang0,taiwan	"taiwan:local_data.dat:[font size = ""9"" color = ""ffffff""] 解除封印的話寵物將會收回背包.[br]要解除封印嗎? [/font] | lang0:lang0.pak:[font size = ""9"" color = ""ffffff""]Sealed Mascots return to your inventory[br]Are you sure?[/font]"
DST_MASCOTEX_MASCOTSEAL_EXPALANATION	2	2	lang0,taiwan	taiwan:local_data.dat:寵物的等級不同，膠囊生成所需的工具數量也不同。 | lang0:lang0.pak:To seal the Pet a different amount\nof seal kits are required.
DST_MASCOTEX_MASCOTSEAL_FULL_INVENTORY	2	2	lang0,taiwan	taiwan:local_data.dat:背包空間已滿。 | lang0:lang0.pak:Inventory is full
DST_MASCOTEX_MASCOTSEAL_FULL_MASCOTINVENTORY	2	2	lang0,taiwan	taiwan:local_data.dat:寵物背包空間已滿。 | lang0:lang0.pak:Pet-Inventory is full
DST_MASCOTEX_MASCOTSEAL_MASCOT	2	2	lang0,taiwan	taiwan:local_data.dat:寵物 | lang0:lang0.pak:Pets
DST_MASCOTEX_MASCOTSEAL_MASCOT_EXPALANATION	2	2	lang0,taiwan	taiwan:local_data.dat:請置入寵物。 | lang0:lang0.pak:Please insert a pet
DST_MASCOTEX_MASCOTSEAL_NEED_KIT	2	2	lang0,taiwan	taiwan:local_data.dat:需要使用寵物封印的工具。 | lang0:lang0.pak:A seal kit is required
DST_MASCOTEX_MASCOTSEAL_NEED_MASCOT	2	2	lang0,taiwan	taiwan:local_data.dat:請置入寵物。 | lang0:lang0.pak:A Pet is required.
DST_MASCOTEX_MASCOTSEAL_NEED_MORE_KIT	2	2	lang0,taiwan	taiwan:local_data.dat:寵物封印工具不足。 | lang0:lang0.pak:You need more seal kits
DST_MASCOTEX_MASCOTSEAL_NOT_SEALITEM	2	2	lang0,taiwan	taiwan:local_data.dat:請置入寵物封印工具。 | lang0:lang0.pak:Please insert a pet seal kit
DST_MASCOTEX_MASCOTSEAL_SEALKIT	2	2	lang0,taiwan	taiwan:local_data.dat:寵物封印工具 | lang0:lang0.pak:Pet Seal Kit
DST_MASCOTEX_MASCOTSEAL_SEALKIT_EXPALANATION	2	2	lang0,taiwan	taiwan:local_data.dat:請置入封印工具。 | lang0:lang0.pak:Please place seal kit.
DST_MASCOTEX_MASCOTSEAL_SUMMON	2	2	lang0,taiwan	taiwan:local_data.dat:請解除召喚。 | lang0:lang0.pak:Pet is summoned
DST_MASCOTEX_MASCOTSEAL_SUMMON_MASCOT	2	2	lang0,taiwan	taiwan:local_data.dat:Cannot seal summoned pet. | lang0:lang0.pak:Cannot seal summoned pet.
DST_MASCOTEX_MASCOTSEAL_TITEL	2	2	lang0,taiwan	taiwan:local_data.dat:寵物封印 | lang0:lang0.pak:Pet seal
DST_MASCOTEX_MASCOT_GRADE	2	2	lang0,taiwan	taiwan:local_data.dat:(等級) | lang0:lang0.pak:(Grade)
DST_MASCOTEX_MAX_GRADE_LIMITED	2	2	lang0,taiwan	taiwan:local_data.dat:不可指定最高等寵物。 | lang0:lang0.pak:Pet already max Grade
DST_MASCOTEX_NOT_SELECT	2	2	lang0,taiwan	taiwan:local_data.dat:請選擇寵物。 | lang0:lang0.pak:No Pet has been selected
DST_MASCOTEX_ROLLBUTTON	2	2	lang0,taiwan	taiwan:local_data.dat:使用 | lang0:lang0.pak:Change
DST_MASCOTEX_ROLL_EXPALANATION	2	2	lang0,taiwan	taiwan:local_data.dat:想要重新使用技能必須置入重新使用道具並點擊重新使用按鈕。[br]若不想要該技能的話可以點擊確認並再次進行重新使用。 | lang0:lang0.pak:You can change the skill (random).
DST_MASCOTEX_ROLL_HAVESKILL	2	2	lang0,taiwan	taiwan:local_data.dat:維持技能 | lang0:lang0.pak:Before
DST_MASCOTEX_ROLL_HAVESKILL_TITLE	2	2	lang0,taiwan	taiwan:local_data.dat:變更前 | lang0:lang0.pak:Before
DST_MASCOTEX_ROLL_ROLLITEM	2	2	lang0,taiwan	taiwan:local_data.dat:重新使用道具 | lang0:lang0.pak:Change-Item
DST_MASCOTEX_ROLL_ROLLSKILL	2	2	lang0,taiwan	taiwan:local_data.dat:變更技能 | lang0:lang0.pak:After
DST_MASCOTEX_ROLL_ROLLSKILL_TITLE	2	2	lang0,taiwan	taiwan:local_data.dat:變更後 | lang0:lang0.pak:After
DST_MASCOTEX_ROLL_TITLE	2	2	lang0,taiwan	taiwan:local_data.dat:重新使用技能 | lang0:lang0.pak:Pet Skills
DST_MASCOTEX_SKILL	2	2	lang0,taiwan	taiwan:local_data.dat:技能 | lang0:lang0.pak:Skills
DST_MASCOTEX_SKILLBUTTON	2	2	lang0,taiwan	taiwan:local_data.dat:重新使用技能 | lang0:lang0.pak:Upgrade
DST_MASCOTEX_SKILLBUTTON_CREATE	2	2	lang0,taiwan	taiwan:local_data.dat:生成技能 | lang0:lang0.pak:Add a skill
DST_MASCOTEX_SKILLGRADEUP_DONT_HAVE_SKILL	2	2	lang0,taiwan	taiwan:local_data.dat:快捷欄中不存在該技能。 | lang0:lang0.pak:The Skill isn't in the short cut bar.
DST_MASCOTEX_SKILLGRADEUP_DONT_SUMMON	2	2	lang0,taiwan	taiwan:local_data.dat:請召喚寵物。 | lang0:lang0.pak:Please summon your pet.
DST_MASCOTEX_SKILLGRADEUP_DONT_USE	2	2	lang0,taiwan	taiwan:local_data.dat:請使用於寵物技能。 | lang0:lang0.pak:Please use the pet skill.
DST_MASCOTEX_SKILLGRADEUP_MAX	2	2	lang0,taiwan	taiwan:local_data.dat:此為該技能最高階段。 | lang0:lang0.pak:The skill already at max.
DST_MASCOTEX_SKILLGRADEUP_SUCESS	2	2	lang0,taiwan	taiwan:local_data.dat:寵物技能等級上升。 | lang0:lang0.pak:Pet ability has increased
DST_MASCOTEX_SKILLGRADEUP_USING	2	2	lang0,taiwan	taiwan:local_data.dat:請選擇想要上升的寵物技能。 | lang0:lang0.pak:Choose the ability to improve
DST_MASCOTEX_SKILLROLL_BUTTON	2	2	lang0,taiwan	taiwan:local_data.dat:重新使用技能 | lang0:lang0.pak:Change Skill
DST_MASCOTEX_SKILLROLL_ITEM_AGAINE	2	2	lang0,taiwan	taiwan:local_data.dat:已經置入重新使用道具。 | lang0:lang0.pak:Change-item already exists
DST_MASCOTEX_SKILLROLL_ITEM_NO	2	2	lang0,taiwan	taiwan:local_data.dat:不是技能重新使用的道具。 | lang0:lang0.pak:No item insert
DST_MASCOTEX_SKILLROLL_LEFTCLICK	2	2	lang0,taiwan	taiwan:local_data.dat:點擊滑鼠右鍵以刪除技能重新使用道具。 | lang0:lang0.pak:Right-click to remove the item
DST_MASCOTEX_SKILLROLL_NOT_ITEM	2	2	lang0,taiwan	taiwan:local_data.dat:請置入技能重新使用道具。 | lang0:lang0.pak:No Change-Item found.
DST_MASCOTEX_SKILLROLL_NOT_SKILL	2	2	lang0,taiwan	taiwan:local_data.dat:不需要置入重新使用道具。 | lang0:lang0.pak:It isn't required.
DST_MASCOTEX_SKILLROLL_OPEN_AGAINE	2	2	lang0,taiwan	taiwan:local_data.dat:技能重新使用視窗已經開啟。 | lang0:lang0.pak:Window is already open
DST_MASCOTEX_SKILLROLL_REFRESH	2	2	lang0,taiwan	taiwan:local_data.dat:確認 | lang0:lang0.pak:Confirmation
DST_MASCOTEX_SKILL_CONFIRM	2	2	lang0,taiwan	taiwan:local_data.dat:寵物技能使用中。 | lang0:lang0.pak:Pet skill use.
DST_MASCOTEX_SKILL_COOLTIME	2	2	lang0,taiwan	taiwan:local_data.dat:技能冷卻時間尚未結束。 | lang0:lang0.pak:Skill in cooldown
DST_MASCOTEX_SKILL_CREATE_BUTTON	2	2	lang0,taiwan	taiwan:local_data.dat:生成 | lang0:lang0.pak:Add
DST_MASCOTEX_SKILL_CREATE_EXPALANATION	2	2	lang0,taiwan	taiwan:local_data.dat:請按下生成按鈕生成技能。[br]若不滿意技能時請按確認按鈕重新開始。 | lang0:lang0.pak:Press the Generate button[br]to generate a skill.
DST_MASCOTEX_SKILL_CREATE_TITLE	2	2	lang0,taiwan	taiwan:local_data.dat:生成技能 | lang0:lang0.pak:Generating Skill
DST_MASCOTEX_SKILL_DASH_INFINITE	2	2	lang0,taiwan	taiwan:local_data.dat:追加使用衝刺發動不會消耗EP。 | lang0:lang0.pak:Dash doesn't consume EP
DST_MASCOTEX_SKILL_FAIL	2	2	lang0,taiwan	taiwan:local_data.dat:戰鬥中無法使用。 | lang0:lang0.pak:Pet skill fail
DST_MASCOTEX_SKILL_GRADEUP	2	2	lang0,taiwan	"taiwan:local_data.dat:[align = ""center""][font size = ""12"" color=""f4d762""]技能等級上升[/font][br][br][font size = ""10"" color=""269eff""]在該技能使用上升的花生。[/font][br][br][font size = ""10"" color=""f4d762""]確認：技能等級上升1。[/font][br][br][font size = ""10"" color=""ffffff""]要在該技能上使用上升的花生嗎？[/font] | lang0:lang0.pak:[align = ""center""][font size = ""12"" color=""f4d762""]Rise the Skill level[/font][br][br][font size = ""10"" color=""269eff""]The Item will be consumed.[/font][br][br][font size = ""10"" color=""f4d762""]Confirmation: Use 1x Item.[/font][br][br][font size = ""10"" color=""ffffff""]Rise the skill?[/font]"
DST_MASCOTEX_SKILL_GUILD_SUMMON	2	2	lang0,taiwan	"taiwan:local_data.dat:[align = ""center""][font size = ""12"" color=""f4d762""]召喚流派[/font][br][br][font size = ""10"" color=""269eff""]流派成員 %s透過寵物使用召喚流派技能。[/font][br][br][font size = ""10"" color=""f4d762""]使用：使用VP。[/font][br][br][font size = ""10"" color=""ffffff""]要答應召喚嗎？[/font] | lang0:lang0.pak:[align = ""center""][font size = ""12"" color=""f4d762""]Summon Guild[/font][br][br][font size = ""10"" color=""269eff""]%s summoning the Guild.[/font][br][br][font size = ""10"" color=""f4d762""]Consume: VP[/font][br][br][font size = ""10"" color=""ffffff""]Accept the call?[/font]"
DST_MASCOTEX_SKILL_GUILD_SUMMON_USE	2	2	lang0,taiwan	taiwan:local_data.dat:申請召喚流派。 | lang0:lang0.pak:Guild summoned
DST_MASCOTEX_SKILL_NPC_TELEPORT	2	2	lang0,taiwan	"taiwan:local_data.dat:[align = ""center""][font size = ""12"" color=""f4d762""]NPC 瞬間移動[/font][br][br][font size = ""10"" color=""269eff""]使用寵物 NPC 瞬間移動技能。[/font][br][br][font size = ""10"" color=""f4d762""]確認：以%s NPC瞬間移動。[/font][br][br][font size = ""10"" color=""ffffff""]要使用技能嗎？[/font] | lang0:lang0.pak:[align = ""center""][font size = ""12"" color=""f4d762""]NPC Teleportation[/font][br][br][font size = ""10"" color=""269eff""]Teleport you to the NPC.[br][font size = ""10"" color=""f4d762""]Target: %s[/font][br][br][font size = ""10"" color=""ffffff""]Teleport now ?[/font]"
DST_MASCOTEX_SKILL_NPC_TELEPORT_FAIL	2	2	lang0,taiwan	taiwan:local_data.dat:戰鬥中無法使用瞬間移動。 | lang0:lang0.pak:Not during a battle
DST_MASCOTEX_SKILL_NPC_TELEPORT_USE	2	2	lang0,taiwan	taiwan:local_data.dat:在右上方的分類中選擇 想要的NPC後 點擊想要的地點。 | lang0:lang0.pak:Choose the NPC type and desire location
DST_MASCOTEX_SKILL_PARTY_SUMMON	2	2	lang0,taiwan	"taiwan:local_data.dat:[align = ""center""][font size = ""12"" color=""f4d762""]召喚隊伍[/font][br][br][font size = ""10"" color=""269eff""]隊員 %s透過寵物使用召喚隊伍技能。[/font][br][br][font size = ""10"" color=""f4d762""]使用：使用VP。[/font][br][br][font size = ""10"" color=""ffffff""]要答應召喚嗎？[/font] | lang0:lang0.pak:[align = ""center""][font size = ""12"" color=""f4d762""]Summon Party[/font][br][br][font size = ""10"" color=""269eff""]%s summoning the Party.[/font][br][br][font size = ""10"" color=""f4d762""]Consume: VP[/font][br][br][font size = ""10"" color=""ffffff""]Accept the call?[/font]"
DST_MASCOTEX_SKILL_PARTY_SUMMON_USE	2	2	lang0,taiwan	taiwan:local_data.dat:申請召喚隊伍。 | lang0:lang0.pak:Party summoned
DST_MASCOTEX_SKILL_REMOTE_SELL_FINISH	2	2	lang0,taiwan	taiwan:local_data.dat:遠端販賣結束。 | lang0:lang0.pak:Remote Shop ends
DST_MASCOTEX_SKILL_REMOTE_SELL_USE	2	2	lang0,taiwan	taiwan:local_data.dat:遠端販賣開始。 | lang0:lang0.pak:Remote Shop opens
DST_MASCOTEX_SKILL_REMOTE_WAREHOUSE_FINISH	2	2	lang0,taiwan	taiwan:local_data.dat:遠端倉庫關閉。 | lang0:lang0.pak:Remote Bank closed
DST_MASCOTEX_SKILL_REMOTE_WAREHOUSE_USE	2	2	lang0,taiwan	taiwan:local_data.dat:遠端倉庫開啟。 | lang0:lang0.pak:Remote Bank opens
DST_MASCOTEX_SKILL_RESCUE	2	2	lang0,taiwan	"taiwan:local_data.dat:[align = ""center""][font size = ""12"" color=""f4d762""]復活[/font][br][br][font size = ""10"" color=""269eff""]可以使用寵物復活技能。[/font][br][br][font size = ""10"" color=""f4d762""]使用：使用VP。[/font][br][br][font size = ""10"" color=""ffffff""]要使用嗎？[/font] | lang0:lang0.pak:[align = ""center""][font size = ""12"" color=""f4d762""]Resurrection[/font][br][br][font size = ""10"" color=""269eff""]You can use the pet skill.[/font][br][br][font size = ""10"" color=""f4d762""]Consume: VP.[/font][br][br][font size = ""10"" color=""ffffff""]You want to use it?[/font]"
DST_MASCOTEX_SKILL_VPLACK	2	2	lang0,taiwan	taiwan:local_data.dat:VP不足。 | lang0:lang0.pak:VP is too low.
DST_MASCOTEX_SKILL_VP_CONSUMPTION	2	2	lang0,taiwan	taiwan:local_data.dat:使用VP %5d | lang0:lang0.pak:Using %5d VP
DST_MASCOTEX_STATUS_SUBTITLE	2	2	lang0,taiwan	taiwan:local_data.dat:寵物信息 | lang0:lang0.pak:Mascot Information
DST_MASCOTEX_STATUS_SUBTITLE_SUMMON	2	2	lang0,taiwan	taiwan:local_data.dat:(召喚中) | lang0:lang0.pak:(Summoned)
DST_MASCOTEX_UI_OPEN	2	2	lang0,taiwan	taiwan:local_data.dat:已經開啟其他視窗。 | lang0:lang0.pak:Mascot window already open
DST_MASCOTEX_VP_REGEN	2	2	lang0,taiwan	taiwan:local_data.dat:VP每10秒恢復 1 點。 | lang0:lang0.pak:Regenerate 1 VP every 10 Seconds
DST_MASCOT_ADVANTAGE_RING_ITEM_SP_RATE	2	2	lang0,taiwan	taiwan:local_data.dat:項圈道具需要VP %d%% 減少 | lang0:lang0.pak:Ring VP %d%% item loss
DST_MASCOT_DELETE_MB_CONFIRM	2	2	lang0,taiwan	"taiwan:local_data.dat:[align = ""center""][font size = ""12"" color=""f4d762""]刪除寵物[/font][br][br][font size = ""10"" color=""2699""][br][font size = ""10"" color=""2699""] 刪除現在擁有的寵物。 color=""f4d762""]刪除 : 刪除登入清單的寵物[/font][br][br][font size = ""10"" color=""f36a7c""][警告] 您真的要刪除嗎？ | lang0:lang0.pak:[align = ""center""][font size = ""12"" color=""f4d762""]Delete Pet[/font][br][br][font size = ""10"" color=""269eff""]Delete the Pet.[/font][br][br][font size = ""10"" color=""f36a7c""]WARNING: Are you sure?[/font]"
DST_MASCOT_REGISTER_DESC	2	2	lang0,taiwan	taiwan:local_data.dat:登入寵物後可進行召喚或解除。 | lang0:lang0.pak:Register Pet on Summon
DST_MASCOT_RING_CAN_NOT_USE_RING_ITEM	2	2	lang0,taiwan	taiwan:local_data.dat:現在為無法使用寵物項圈的狀態。 | lang0:lang0.pak:Can't use right now.
DST_MASCOT_RING_ITEM_EQUIP_DESC	2	2	lang0,taiwan	taiwan:local_data.dat:召喚中寵物可裝置項圈道具。 | lang0:lang0.pak:Ring can be equipped to summon Pet.
DST_MASCOT_RING_NEED_MAIL_PARTS	2	2	lang0,taiwan	taiwan:local_data.dat:欲連線郵箱需在寵物上裝置相關功能的項圈。 | lang0:lang0.pak:Your Pet needs the Mail Ring to do this.
DST_MASCOT_RING_TOOLTIP_SP_NEED_CONTINUOS	2	2	lang0,taiwan	taiwan:local_data.dat:需要VP: %s 時將消耗1VP | lang0:lang0.pak:Need VP: %s always uses 1 VP
DST_MASCOT_RING_TOOLTIP_SP_NEED_EACHTIME	2	2	lang0,taiwan	taiwan:local_data.dat:需要 VP : 使用時每次消耗%d VP | lang0:lang0.pak:Need VP: %d VP each time
DST_MASK	2	2	lang0,taiwan	taiwan:local_data.dat:假面 | lang0:lang0.pak:Mask
DST_MECH_MANIA	2	2	lang0,taiwan	taiwan:local_data.dat:Mechmania | lang0:lang0.pak:Mech Maniac
DST_MIGHTY_MAJIN	2	2	lang0,taiwan	taiwan:local_data.dat:大魔人 | lang0:lang0.pak:Mighty Majin
DST_MINIMAP_CHECK_POINT	2	2	lang0,taiwan	taiwan:local_data.dat:確認點數 | lang0:lang0.pak:Check Point
DST_MINIMAP_HIDDEN	2	2	lang0,taiwan	taiwan:local_data.dat:隱藏物體 | lang0:lang0.pak:Hidden
DST_MINIMAP_MINIMIZE	2	2	lang0,taiwan	taiwan:local_data.dat:小地圖最小化 | lang0:lang0.pak:Minimize
DST_MINIMAP_POPOSTONE	2	2	lang0,taiwan	taiwan:local_data.dat:波波之石 | lang0:lang0.pak:Popo Stone
DST_MINIMAP_SHOW_MINIMAP	2	2	lang0,taiwan	taiwan:local_data.dat:查看小地圖 | lang0:lang0.pak:Minimap
DST_MINIMAP_SHOW_WORLDMAP	2	2	lang0,taiwan	taiwan:local_data.dat:世界地圖 | lang0:lang0.pak:Worldmap
DST_MINIMAP_UNKNOWN	2	2	lang0,taiwan	taiwan:local_data.dat:未知的地方 | lang0:lang0.pak:Unknown
DST_MINIMAP_ZOOM_IN	2	2	lang0,taiwan	taiwan:local_data.dat:小地圖放大 | lang0:lang0.pak:Zoom In
DST_MINIMAP_ZOOM_OUT	2	2	lang0,taiwan	taiwan:local_data.dat:小地圖縮小 | lang0:lang0.pak:Zoom Out
DST_MINUTE	2	2	lang0,taiwan	taiwan:local_data.dat:分 | lang0:lang0.pak:M
DST_MOB_GRADE_BOSS	2	2	lang0,taiwan	taiwan:local_data.dat:BOSS級怪物 | lang0:lang0.pak:Boss
DST_MOB_GRADE_HERO	2	2	lang0,taiwan	taiwan:local_data.dat:HERO級怪物 | lang0:lang0.pak:Hero
DST_MOB_GRADE_SUPER	2	2	lang0,taiwan	taiwan:local_data.dat:SUPER級怪物 | lang0:lang0.pak:Super
DST_MOB_GRADE_ULTRA	2	2	lang0,taiwan	taiwan:local_data.dat:ULTRA級怪物 | lang0:lang0.pak:Ultra
DST_MOB_TYPE_ALIEN	2	2	lang0,taiwan	taiwan:local_data.dat:外星人型 | lang0:lang0.pak:Alien
DST_MOB_TYPE_ANDROID	2	2	lang0,taiwan	taiwan:local_data.dat:人造人型 | lang0:lang0.pak:Android
DST_MOB_TYPE_ANIMAL	2	2	lang0,taiwan	taiwan:local_data.dat:野獸型 | lang0:lang0.pak:Animal
DST_MOB_TYPE_BUILDING	2	2	lang0,taiwan	taiwan:local_data.dat:建築物型 | lang0:lang0.pak:Building
DST_MOB_TYPE_DEVIL	2	2	lang0,taiwan	taiwan:local_data.dat:魔界型 | lang0:lang0.pak:Devil
DST_MOB_TYPE_DINOSAUR	2	2	lang0,taiwan	taiwan:local_data.dat:恐龍型 | lang0:lang0.pak:Dinosaur
DST_MOB_TYPE_DRAGON	2	2	lang0,taiwan	taiwan:local_data.dat:龍型 | lang0:lang0.pak:Dragon
DST_MOB_TYPE_HUMAN	2	2	lang0,taiwan	taiwan:local_data.dat:人類型 | lang0:lang0.pak:Human
DST_MOB_TYPE_HUMAN_ANIMAL	2	2	lang0,taiwan	taiwan:local_data.dat:動物人型 | lang0:lang0.pak:Humanoid
DST_MOB_TYPE_INSECT	2	2	lang0,taiwan	taiwan:local_data.dat:昆蟲型 | lang0:lang0.pak:Insect
DST_MOB_TYPE_ITEM_BOX	2	2	lang0,taiwan	taiwan:local_data.dat:道具箱類 | lang0:lang0.pak:Item box
DST_MOB_TYPE_MAJIN	2	2	lang0,taiwan	taiwan:local_data.dat:魔人型 | lang0:lang0.pak:Majin
DST_MOB_TYPE_NAMEC	2	2	lang0,taiwan	taiwan:local_data.dat:那美剋星人型 | lang0:lang0.pak:Namek
DST_MOB_TYPE_PLANT	2	2	lang0,taiwan	taiwan:local_data.dat:栽培人型 | lang0:lang0.pak:Plant
DST_MOB_TYPE_ROBOT	2	2	lang0,taiwan	taiwan:local_data.dat:機械型 | lang0:lang0.pak:Robot
DST_MOB_TYPE_UNDEAD	2	2	lang0,taiwan	taiwan:local_data.dat:不死型 | lang0:lang0.pak:Undead
DST_MONDAY	2	2	lang0,taiwan	taiwan:local_data.dat:一 | lang0:lang0.pak:Monday
DST_MOVE	2	2	lang0,taiwan	taiwan:local_data.dat:移動 | lang0:lang0.pak:Move
DST_MOVE_POSITION	2	2	lang0,taiwan	taiwan:local_data.dat:移動地區: | lang0:lang0.pak:Move In:
DST_MOVIE_AGE1000	2	2	lang0,taiwan	taiwan:local_data.dat:Age1000年 | lang0:lang0.pak:Age 1000
DST_MOVIE_THE_BASE_OF_TENKAICHI	2	2	lang0,taiwan	taiwan:local_data.dat:天下第一 | lang0:lang0.pak:Tenkaichi
DST_MSG_BOX_TITLE	2	2	lang0,taiwan	taiwan:local_data.dat:資訊 | lang0:lang0.pak:Message
DST_MSG_BTN_CANCEL	2	2	lang0,taiwan	taiwan:local_data.dat:取消 | lang0:lang0.pak:Cancel
DST_MSG_BTN_OK	2	2	lang0,taiwan	taiwan:local_data.dat:確認 | lang0:lang0.pak:Ok
DST_MSG_MUST_INPUT_MESSAGE	2	2	lang0,taiwan	taiwan:local_data.dat:請輸入必要的資訊。 | lang0:lang0.pak:Necessary Info missing
DST_MSG_REMAIN_TIME	2	2	lang0,taiwan	"taiwan:local_data.dat:[br][font size = ""10"" color=""f4d762""]剩餘時間 : %s[/font] | lang0:lang0.pak:Time: %s"
DST_MULTIDIALOG_BUYBANKMENU_BUYBANK	2	2	lang0,taiwan	taiwan:local_data.dat:倉庫 %d 購買 - %s Sony | lang0:lang0.pak:Buy Bank %d - %s Zeni
DST_MULTIDIALOG_BUYBANKMENU_BUYPUBLIC_BANK	2	2	lang0,taiwan	taiwan:local_data.dat:購買共享倉庫(現金) | lang0:lang0.pak:Shared Bank
DST_MULTIDIALOG_DOJO_ACCOUNT	2	2	lang0,taiwan	taiwan:local_data.dat:道場倉庫使用明細 | lang0:lang0.pak:Dojo Account
DST_MULTIDIALOG_DOJO_ESTABLISHMENT	2	2	lang0,taiwan	taiwan:local_data.dat:成立道場 | lang0:lang0.pak:Dojo Establishment
DST_MULTIDIALOG_DOJO_INFO	2	2	lang0,taiwan	taiwan:local_data.dat:道場情報 | lang0:lang0.pak:Dojo Info
DST_MULTIDIALOG_EVENTREWARD	2	2	lang0,taiwan	taiwan:local_data.dat:領取獎勵 | lang0:lang0.pak:Event Reward
DST_MULTIDIALOG_GUILDFUNCTION_CAN_CHANGE_DOGI	2	2	lang0,taiwan	taiwan:local_data.dat:道服變更 | lang0:lang0.pak:Can Change Uniform
DST_MULTIDIALOG_GUILDFUNCTION_CAN_HAVE_BOOK	2	2	lang0,taiwan	taiwan:local_data.dat:道場範本 | lang0:lang0.pak:Guild Book
DST_MULTIDIALOG_GUILDFUNCTION_CAN_HAVE_SKILL	2	2	lang0,taiwan	taiwan:local_data.dat:道場技能 | lang0:lang0.pak:Guild Skills
DST_MULTIDIALOG_GUILDFUNCTION_CHANGE_EMBLEM	2	2	lang0,taiwan	taiwan:local_data.dat:流派紋章變更 | lang0:lang0.pak:Change Emblem
DST_MULTIDIALOG_GUILDFUNCTION_DOJO_MIX_RATE_UP_1	2	2	lang0,taiwan	taiwan:local_data.dat:道場混合機率增加1 | lang0:lang0.pak:Mix Rate 1
DST_MULTIDIALOG_GUILDFUNCTION_DOJO_MIX_RATE_UP_2	2	2	lang0,taiwan	taiwan:local_data.dat:道場混合機率增加2 | lang0:lang0.pak:Mix Rate 2
DST_MULTIDIALOG_GUILDFUNCTION_DOJO_QUEST_1	2	2	lang0,taiwan	taiwan:local_data.dat:道場任務1 | lang0:lang0.pak:Dojo Quest 1
DST_MULTIDIALOG_GUILDFUNCTION_DOJO_QUEST_2	2	2	lang0,taiwan	taiwan:local_data.dat:道場任務2 | lang0:lang0.pak:Dojo Quest 2
DST_MULTIDIALOG_GUILDFUNCTION_DOJO_UPGRADE_1	2	2	lang0,taiwan	taiwan:local_data.dat:道場升級等級2 | lang0:lang0.pak:Upgrade Dojo Lv.2
DST_MULTIDIALOG_GUILDFUNCTION_DOJO_UPGRADE_2	2	2	lang0,taiwan	taiwan:local_data.dat:道場升級等級3 | lang0:lang0.pak:Upgrade Dojo Lv.3
DST_MULTIDIALOG_GUILDFUNCTION_DOJO_UPGRADE_3	2	2	lang0,taiwan	taiwan:local_data.dat:道場升級等級4 | lang0:lang0.pak:Upgrade Dojo Lv.4
DST_MULTIDIALOG_GUILDFUNCTION_DOJO_UPGRADE_4	2	2	lang0,taiwan	taiwan:local_data.dat:道場升級等級5 | lang0:lang0.pak:Upgrade Dojo Lv.5
DST_MULTIDIALOG_GUILDFUNCTION_DOJO_UPGRADE_5	2	2	lang0,taiwan	taiwan:local_data.dat:道場升級等級6 | lang0:lang0.pak:Upgrade Dojo Lv.6
DST_MULTIDIALOG_GUILDFUNCTION_DOJO_UPGRADE_6	2	2	lang0,taiwan	taiwan:local_data.dat:道場升級等級7 | lang0:lang0.pak:Upgrade Dojo Lv.7
DST_MULTIDIALOG_GUILDFUNCTION_DOJO_UPGRADE_7	2	2	lang0,taiwan	taiwan:local_data.dat:道場升級等級8 | lang0:lang0.pak:Upgrade Dojo Lv.8
DST_MULTIDIALOG_GUILDFUNCTION_DOJO_VEHICLE	2	2	lang0,taiwan	taiwan:local_data.dat:道場交通工具使用 | lang0:lang0.pak:Dojo Vehicle
DST_MULTIDIALOG_GUILDFUNCTION_HAVE_DOJO	2	2	lang0,taiwan	taiwan:local_data.dat:持有道場 | lang0:lang0.pak:Get Dojo
DST_MULTIDIALOG_GUILDFUNCTION_MAKE_DOGI	2	2	lang0,taiwan	taiwan:local_data.dat:道服染色 | lang0:lang0.pak:Uniform
DST_MULTIDIALOG_GUILDFUNCTION_MAX_MEMBER_100	2	2	lang0,taiwan	taiwan:local_data.dat:解除流派成員限制(最大100人) | lang0:lang0.pak:Max Members (190)
DST_MULTIDIALOG_GUILDFUNCTION_MAX_MEMBER_20	2	2	lang0,taiwan	taiwan:local_data.dat:解除流派成員限制(最多20人) | lang0:lang0.pak:Max Members (30)
DST_MULTIDIALOG_GUILDFUNCTION_MAX_MEMBER_30	2	2	lang0,taiwan	taiwan:local_data.dat:解除流派成員限制(最多30人) | lang0:lang0.pak:Max Members (50)
DST_MULTIDIALOG_GUILDFUNCTION_MAX_MEMBER_40	2	2	lang0,taiwan	taiwan:local_data.dat:解除流派成員限制(最大40人) | lang0:lang0.pak:Max Members (70)
DST_MULTIDIALOG_GUILDFUNCTION_MAX_MEMBER_50	2	2	lang0,taiwan	taiwan:local_data.dat:解除流派成員限制(最大50人) | lang0:lang0.pak:Max Members (90)
DST_MULTIDIALOG_GUILDFUNCTION_MAX_MEMBER_60	2	2	lang0,taiwan	taiwan:local_data.dat:解除流派成員限制(最大60人) | lang0:lang0.pak:Max Members (110)
DST_MULTIDIALOG_GUILDFUNCTION_MAX_MEMBER_70	2	2	lang0,taiwan	taiwan:local_data.dat:解除流派成員限制(最大70人) | lang0:lang0.pak:Max Members (130)
DST_MULTIDIALOG_GUILDFUNCTION_MAX_MEMBER_80	2	2	lang0,taiwan	taiwan:local_data.dat:解除流派成員限制(最大80人) | lang0:lang0.pak:Max Members (150)
DST_MULTIDIALOG_GUILDFUNCTION_MAX_MEMBER_90	2	2	lang0,taiwan	taiwan:local_data.dat:解除流派成員限制(最大90人) | lang0:lang0.pak:Max Members (170)
DST_MULTIDIALOG_GUILDFUNCTION_MAX_SECOND_MASTER_1	2	2	lang0,taiwan	taiwan:local_data.dat:任命師範(最大多1人) | lang0:lang0.pak:Jr. Masters (1)
DST_MULTIDIALOG_GUILDFUNCTION_MAX_SECOND_MASTER_2	2	2	lang0,taiwan	taiwan:local_data.dat:任命師範(最大2人) | lang0:lang0.pak:Jr. Masters (2)
DST_MULTIDIALOG_GUILDFUNCTION_MAX_SECOND_MASTER_3	2	2	lang0,taiwan	taiwan:local_data.dat:任命師範(最大3人) | lang0:lang0.pak:Jr. Masters (3)
DST_MULTIDIALOG_GUILDFUNCTION_MAX_SECOND_MASTER_4	2	2	lang0,taiwan	taiwan:local_data.dat:任命師範(最大4人) | lang0:lang0.pak:Jr. Masters (4)
DST_MULTIDIALOG_GUILDFUNCTION_NOTICE	2	2	lang0,taiwan	taiwan:local_data.dat:流派公告 | lang0:lang0.pak:Notice
DST_MULTIDIALOG_GUILDFUNCTION_POST	2	2	lang0,taiwan	taiwan:local_data.dat:流派信件 | lang0:lang0.pak:Guild Mail
DST_MULTIDIALOG_GUILDFUNCTION_SET_EMBLEM	2	2	lang0,taiwan	taiwan:local_data.dat:流派紋章使用 | lang0:lang0.pak:Set Emblem
DST_MULTIDIALOG_GUILDFUNCTION_TENKAICHI_SEED	2	2	lang0,taiwan	taiwan:local_data.dat:天下第一武道會種子指定 | lang0:lang0.pak:Tournament Seed
DST_MULTIDIALOG_GUILDFUNCTION_USE_DOJO_TELEPORT	2	2	lang0,taiwan	taiwan:local_data.dat:道場傳送 | lang0:lang0.pak:Dojo Teleport
DST_MULTIDIALOG_GUILDFUNCTION_WAREHOUSE	2	2	lang0,taiwan	taiwan:local_data.dat:流派倉庫 | lang0:lang0.pak:Guild Warehouse
DST_MULTIDIALOG_GUILDMENU_CANCEL_DISSOLVE	2	2	lang0,taiwan	taiwan:local_data.dat:取消解散流派 | lang0:lang0.pak:Cancel Disband
DST_MULTIDIALOG_GUILDMENU_CONTIBUTION	2	2	lang0,taiwan	taiwan:local_data.dat:捐贈索尼 | lang0:lang0.pak:Zeni Donations
DST_MULTIDIALOG_GUILDMENU_CONTIBUTION_TITLE	2	2	lang0,taiwan	taiwan:local_data.dat:捐贈索尼%s | lang0:lang0.pak:%s Zeni Donations
DST_MULTIDIALOG_GUILDMENU_DISSOLVE	2	2	lang0,taiwan	taiwan:local_data.dat:解散流派 | lang0:lang0.pak:Disband Guild
DST_MULTIDIALOG_GUILDMENU_MAKE	2	2	lang0,taiwan	taiwan:local_data.dat:開立流派 | lang0:lang0.pak:Create Guild
DST_MULTIDIALOG_GUILDMENU_POINT_USE	2	2	lang0,taiwan	taiwan:local_data.dat:使用流派點數 | lang0:lang0.pak:Use Style Points
DST_MULTIDIALOG_HOIPOIMIX_RESET_COMMAND	2	2	lang0,taiwan	taiwan:local_data.dat:製造技能初始化 | lang0:lang0.pak:Reset Crafting
DST_MULTIDIALOG_HOIPOIMIX_RESET_NORMAL	2	2	lang0,taiwan	taiwan:local_data.dat:學習製造基本製造技能初始化 | lang0:lang0.pak:Reset Normal Crafting
DST_MULTIDIALOG_HOIPOIMIX_RESET_SPECIAL	2	2	lang0,taiwan	taiwan:local_data.dat:特殊製造技能初始化 | lang0:lang0.pak:Reset Special Crafting
DST_MULTIDIALOG_HOIPOIMIX_SET_ACCESSORY	2	2	lang0,taiwan	taiwan:local_data.dat:學習製造裝飾品製造(50等級以上) | lang0:lang0.pak:Accessory Crafting(Lv.50)
DST_MULTIDIALOG_HOIPOIMIX_SET_CLOTH_ARMOR	2	2	lang0,taiwan	taiwan:local_data.dat:學習製造氣功防具(15等級以上) | lang0:lang0.pak:Cloth Armor Crafting(Lv.15)
DST_MULTIDIALOG_HOIPOIMIX_SET_COMMAND	2	2	lang0,taiwan	taiwan:local_data.dat:學習製造技能 | lang0:lang0.pak:Learn Crafting Skills
DST_MULTIDIALOG_HOIPOIMIX_SET_FOOD_DRINK	2	2	lang0,taiwan	taiwan:local_data.dat:學習基本製造 | lang0:lang0.pak:Food Crafting
DST_MULTIDIALOG_HOIPOIMIX_SET_MAIN_WEAPON	2	2	lang0,taiwan	taiwan:local_data.dat:學習製造主武器(15等級以上) | lang0:lang0.pak:Weapon Crafting(Lv.15)
DST_MULTIDIALOG_HOIPOIMIX_SET_SUB_WEAPON	2	2	lang0,taiwan	taiwan:local_data.dat:學習製造輔助武器(30等級以上) | lang0:lang0.pak:Sub-Weapon Crafting(Lv.30)
DST_MULTIDIALOG_HOIPOIMIX_SET_TECH_ARMOR	2	2	lang0,taiwan	taiwan:local_data.dat:學習製造格鬥防具(15等級以上) | lang0:lang0.pak:Tech Armor Crafting(Lv.50)
DST_MULTIDIALOG_MENU_BANK	2	2	lang0,taiwan	taiwan:local_data.dat:倉庫開啟 | lang0:lang0.pak:Open Bank
DST_MULTIDIALOG_MENU_BUY_BANK	2	2	lang0,taiwan	taiwan:local_data.dat:購買倉庫 | lang0:lang0.pak:Buy Bank
DST_MULTIDIALOG_MENU_CCBD	2	2	lang0,taiwan	taiwan:local_data.dat:進入CC 競技副本 | lang0:lang0.pak:Enter
DST_MULTIDIALOG_MENU_EXIT	2	2	lang0,taiwan	taiwan:local_data.dat:離開 | lang0:lang0.pak:Exit
DST_MULTIDIALOG_MENU_GUILD	2	2	lang0,taiwan	taiwan:local_data.dat:流派管理 | lang0:lang0.pak:Guild
DST_MULTIDIALOG_MENU_ITEMSWAP	2	2	lang0,taiwan	taiwan:local_data.dat:交換獎勵 | lang0:lang0.pak:Exchange Reward
DST_MULTIDIALOG_MENU_OPEN_GUILD_BANK	2	2	lang0,taiwan	taiwan:local_data.dat:流派倉庫開啟 | lang0:lang0.pak:Open Guild Bank
DST_MULTIDIALOG_MENU_PORTAL	2	2	lang0,taiwan	taiwan:local_data.dat:使用瞬間行動服務 | lang0:lang0.pak:Teleport
DST_MULTIDIALOG_MENU_QUEST	2	2	lang0,taiwan	taiwan:local_data.dat:執行任務 | lang0:lang0.pak:Read Quest
DST_MULTIDIALOG_MENU_SHOP	2	2	lang0,taiwan	taiwan:local_data.dat:商店開啟 | lang0:lang0.pak:Shop
DST_MULTIDIALOG_MENU_SKILL	2	2	lang0,taiwan	taiwan:local_data.dat:學習技能 | lang0:lang0.pak:Skills
DST_MULTIDIALOG_MENU_SKILL_INIT	2	2	lang0,taiwan	taiwan:local_data.dat:技能初始化(初始化冷卻時間7日) | lang0:lang0.pak:Skill reset
DST_MULTIDIALOG_MENU_SMITH_DISASSEMBLE	2	2	lang0,taiwan	taiwan:local_data.dat:分解 | lang0:lang0.pak:Disassemble
DST_MULTIDIALOG_MENU_SMITH_UPGRADE	2	2	lang0,taiwan	taiwan:local_data.dat:強化 | lang0:lang0.pak:Upgrade
DST_MULTIDIALOG_MENU_TMQ	2	2	lang0,taiwan	taiwan:local_data.dat:時光機任務 | lang0:lang0.pak:Time Machine Quests
DST_MULTIDIALOG_MENU_UPGRADE	2	2	lang0,taiwan	taiwan:local_data.dat:道具升級 | lang0:lang0.pak:Item Upgrade
DST_MULTIDIALOG_MENU_UPGRADEEX	2	2	lang0,taiwan	taiwan:local_data.dat:道具強化 | lang0:lang0.pak:Item Upgrade
DST_MULTIDIALOG_UPDATE_ITEMGRADETRANSFER	2	2	lang0,taiwan	taiwan:local_data.dat:強化等級轉移 | lang0:lang0.pak:Grade transfer
DST_MUST_SELECT_REWARD	2	2	lang0,taiwan	taiwan:local_data.dat:請選擇要領取的道具。 | lang0:lang0.pak:Select Reward
DST_M_MIGHTY_ULTI_GRAND	2	2	lang0,taiwan	taiwan:local_data.dat:大魔人,奧迪魔, 格蘭魔 | lang0:lang0.pak:Mighty Majin Classes
DST_M_WONDER_PLAS_KAR	2	2	lang0,taiwan	taiwan:local_data.dat:意魔人, 普利茲魔, 卡爾魔 | lang0:lang0.pak:Wonder Majin Classes
DST_NAMEK	2	2	lang0,taiwan	taiwan:local_data.dat:那美克星人 | lang0:lang0.pak:Namek
DST_NAMEK_FIGHTER	2	2	lang0,taiwan	taiwan:local_data.dat:那美克戰士 | lang0:lang0.pak:Warrior
DST_NAMEK_MYSTIC	2	2	lang0,taiwan	taiwan:local_data.dat:那美克龍族 | lang0:lang0.pak:Dragon Clan
DST_NAMEK_SIGN	2	2	lang0,taiwan	taiwan:local_data.dat:那美坎印記 | lang0:lang0.pak:Revealer
DST_NETMARBLE_CASH_PAYMENT_URL	2	2	lang0,taiwan	taiwan:local_data.dat:https://member.wasabii.com.tw/payment_online.aspx | lang0:lang0.pak:https://dbozero.com/
DST_NETPY	2	2	lang0,taiwan	taiwan:local_data.dat:時間點數 | lang0:lang0.pak:Token
DST_NETPYSHOP	2	2	lang0,taiwan	taiwan:local_data.dat:時間商城 | lang0:lang0.pak:Token Shop
DST_NETPY_CURRENT_NETPY	2	2	lang0,taiwan	taiwan:local_data.dat:現在持有時間 | lang0:lang0.pak:Current Tokens
DST_NETPY_GET_NETPY	2	2	lang0,taiwan	taiwan:local_data.dat:連線後獲得數量 | lang0:lang0.pak:Tokens you've collected this session
DST_NETPY_GET_NOTIFY	2	2	lang0,taiwan	taiwan:local_data.dat:獲得%d 點。 | lang0:lang0.pak:%d Token(s) earned
DST_NETPY_ITEM	2	2	lang0,taiwan	taiwan:local_data.dat:時間商城道具 | lang0:lang0.pak:Token Item
DST_NETPY_POINT	2	2	lang0,taiwan	taiwan:local_data.dat:點數 | lang0:lang0.pak:Tokens
DST_NETPY_REMAIN_TIME	2	2	lang0,taiwan	taiwan:local_data.dat:下次獲得時間 | lang0:lang0.pak:Time until next Token
DST_NETPY_SHOW_FIRSTTIME	2	2	lang0,taiwan	taiwan:local_data.dat:第一次獲得點數後將會標示 | lang0:lang0.pak:First Token
DST_NETSTORE	2	2	lang0,taiwan	taiwan:local_data.dat:時間倉庫 | lang0:lang0.pak:Netstore
DST_NOTICE_URL	2	2	lang0,taiwan	taiwan:local_data.dat:http://www.wasabii.com.tw/ | lang0:lang0.pak:https://opendbo.org/news
DST_NOTIFY_CHANGE_CLASS	2	2	lang0,taiwan	taiwan:local_data.dat:恭喜您！職業從%s 變更為 %s了 | lang0:lang0.pak:Class change: %s to %s
DST_NOTIFY_GAIN_EXP	2	2	lang0,taiwan	taiwan:local_data.dat:獲得經驗值( %u )了。 | lang0:lang0.pak:+%u EXP
DST_NOTIFY_GAIN_EXP_AND_BONUS	2	2	lang0,taiwan	taiwan:local_data.dat:獲得經驗值( %u +%u) | lang0:lang0.pak:+%u(+%u)EXP
DST_NOTIFY_GAIN_MIX_EXP	2	2	lang0,taiwan	taiwan:local_data.dat:獲得( %u )製造經驗值. | lang0:lang0.pak:Gain (%u) EXP.
DST_NOTIFY_GAIN_MIX_EXP_FAIL	2	2	lang0,taiwan	taiwan:local_data.dat:沒有獲得製造經驗值. | lang0:lang0.pak:No EXP gained.
DST_NOTIFY_GAIN_MIX_EXP_MAX	2	2	lang0,taiwan	taiwan:local_data.dat:達到了最大混和等級了. | lang0:lang0.pak:Max EXP reached.
DST_NOTIFY_GET_BUFF	2	2	lang0,taiwan	taiwan:local_data.dat:得到%s Buff | lang0:lang0.pak:Received Buff: %s
DST_NOTIFY_GET_ITEM	2	2	lang0,taiwan	taiwan:local_data.dat:獲得道具 %d 個 %s | lang0:lang0.pak:Obtained: %dx %s
DST_NOTIFY_GET_QUEST_ITEM	2	2	lang0,taiwan	taiwan:local_data.dat:獲得了 %s 目前任務( %d個 ) | lang0:lang0.pak:%s Updated ( %d / %d )
DST_NOTIFY_GET_QUEST_MOB	2	2	lang0,taiwan	taiwan:local_data.dat:擊殺了 %s 目前任務( %d個 ) | lang0:lang0.pak:%s ( %d / %d )
DST_NOTIFY_GET_REPUTATION	2	2	lang0,taiwan	taiwan:local_data.dat:獲得名聲 %u | lang0:lang0.pak:+%u Reputation
DST_NOTIFY_GET_UNIDENTIFIED_ITEM	2	2	lang0,taiwan	taiwan:local_data.dat:獲得未知的道具 | lang0:lang0.pak:Mystery Item
DST_NOTIFY_GET_ZENNY	2	2	lang0,taiwan	taiwan:local_data.dat:獲得索尼%s | lang0:lang0.pak:+%s Zeni
DST_NOTIFY_GET_ZENNY_AND_BONUS	2	2	lang0,taiwan	taiwan:local_data.dat:獲得%s(+%s)Sony | lang0:lang0.pak:+%s(+%s) Zeni
DST_NOTIFY_LEARN_SKILL	2	2	lang0,taiwan	taiwan:local_data.dat:習得技能%s了 | lang0:lang0.pak:Learned: %s
DST_NOTIFY_LEVEL_UP	2	2	lang0,taiwan	taiwan:local_data.dat:恭喜您，等級上升(從%u到%u) | lang0:lang0.pak:Level Up!(%u - %u)
DST_NOTIFY_SKILL_INIT	2	2	lang0,taiwan	taiwan:local_data.dat:技能已初始化 | lang0:lang0.pak:Skill Cleared
DST_NOTIFY_UPGRADE_SKILL	2	2	lang0,taiwan	taiwan:local_data.dat:%s 技能等級上升了 | lang0:lang0.pak:Upgraded: %s
DST_NOTTING	2	2	lang0,taiwan	taiwan:local_data.dat:無 | lang0:lang0.pak:None
DST_NOT_ACTIVATE_COMMON_WAREHOUSE	2	2	lang0,taiwan	taiwan:local_data.dat:共享倉庫尚未啟用，請使用亞德拉特倉庫鑰匙。 | lang0:lang0.pak:Key for Guild Warehouse isn't set
DST_NOT_AVAILABLE	2	2	lang0,taiwan	taiwan:local_data.dat:現在無法使用。 | lang0:lang0.pak:Can't be used now.
DST_NOT_BATTLE_AVALIABLE_LOCATION	2	2	lang0,taiwan	taiwan:local_data.dat:此區域無法進行戰鬥。 | lang0:lang0.pak:Can't fight here.
DST_NOT_GETHER	2	2	lang0,taiwan	taiwan:local_data.dat:現在無法取得. | lang0:lang0.pak:Unavailable right now.
DST_NOT_INPUTED_TEXT_FOR_CHARACTER_DELETION	2	2	lang0,taiwan	"taiwan:local_data.dat:[align =""center""][font size=""12""color=""f4d762""]情報輸入說明[/font][br][br][font size=""10""color=""ff""ff""][font size=""10""color=""ff""ff""][font size=""10""color=""ff""ff""][font size=""10""color=""ff""]」。 | lang0:lang0.pak:[align = ""center""]Information Input[br][br]you didn't enter anything.[br]Please try again later."
DST_NOT_JOINED_GUILD	2	2	lang0,taiwan	taiwan:local_data.dat:無流派 | lang0:lang0.pak:No Guild
DST_NOT_PREVIEW_CAN_EQUIP	2	2	lang0,taiwan	taiwan:local_data.dat:無法裝備的道具. | lang0:lang0.pak:Can't equip item.
DST_NOT_PREVIEW_EQUIP	2	2	lang0,taiwan	taiwan:local_data.dat:該道具無法預覽。 | lang0:lang0.pak:Can't preview item.
DST_NOT_PREVIEW_FOR_SHOPCART	2	2	lang0,taiwan	taiwan:local_data.dat:無法在Shop Cart中進行預覽. | lang0:lang0.pak:Can't previewed in Shop Cart.
DST_NOT_SELECTED_SLOT	2	2	lang0,taiwan	taiwan:local_data.dat:請選擇欄位。 | lang0:lang0.pak:Select a Slot.
DST_NO_RESET_PREVIEW	2	2	lang0,taiwan	taiwan:local_data.dat:無可預覽的道具。 | lang0:lang0.pak:Preview resets.
DST_NPCSHOP_FREE_ITEMSWAP_BUY_CONFIRM	2	2	lang0,taiwan	"taiwan:local_data.dat:[align = ""center""][font size = ""12"" color = ""f4d762""]%s x %d[/font][br][br][font size = ""10"" %d[/font][br][br][font size = ""10"" %d[/font]"" ""10"" color = ""f4d762""]%d[/font][font size = ""10"" color = ""ffffff""] Sony。 | lang0:lang0.pak:[align = ""center""][font size = ""12"" color = ""f4d762""]%s x %d[/font][br][br][font size = ""10"" color = ""ffffff""]This Item cost [/font][font size = ""10"" color = ""f4d762""]%d[/font][font size = ""10"" color = ""ffffff""] Zeni. [br]Sure you want to buy it? [/font][/align]"
DST_NPCSHOP_ITEMSWAP_BUY_CONFIRM	2	2	lang0,taiwan	"taiwan:local_data.dat:[align = ""center""][font size = ""12"" color = ""f4d762""]%s x %d[/font][br][br][font size = ""10"" color = ""fff""ff""f""pff""""ff""ff""ff"" 的color = ""f4d762""]%s x %d[/font][font size = ""10"" color = ""ffffff""] 則與[/font][font size = ""10"" color = ""f4d762""]%[/font][font ize""f""ff""索尼。 | lang0:lang0.pak:[align = ""center""][font size = ""12"" color = ""f4d762""]%s x %d[/font][br][br][font size = ""10"" color = ""ffffff""]This Item cost [/font][font size = ""10"" color = ""f4d762""]%s x %d[/font][br][font size = ""10"" color = ""ffffff""]and [/font][font size = ""10"" color = ""f4d762""]%d[/font][font size = ""10"" color = ""ffffff""] Zeni.[br]Sure you want to buy it?[/font][/align]"
DST_NPCSHOP_ITEMSWAP_BUY_EXPLAIN	2	2	lang0,taiwan	taiwan:local_data.dat:熱鍵: Alt - 立即購買。Ctrl - 選擇數量後購買 | lang0:lang0.pak:Hotkeys: Alt -Buy Now. Ctrl -Select number to purchase
DST_NPCSHOP_ITEM_ALL_REPAIR	2	2	lang0,taiwan	taiwan:local_data.dat:修裡裝備中耐久度低下的道具。 | lang0:lang0.pak:Repair All
DST_NPCSHOP_ITEM_IDENTIFY	2	2	lang0,taiwan	taiwan:local_data.dat:道具鑑定 | lang0:lang0.pak:Identify Item
DST_NPCSHOP_ITEM_REPAIR	2	2	lang0,taiwan	taiwan:local_data.dat:修理所選道具。 | lang0:lang0.pak:Repair
DST_NPCSHOP_LARGE_BUY_EXPLAIN	2	2	lang0,taiwan	taiwan:local_data.dat:點選Ctrl+滑鼠右鍵:一次選擇20個 | lang0:lang0.pak:Ctrl + Right Click to Buy 20
DST_NPCSHOP_MUDOA_POINT	2	2	lang0,taiwan	taiwan:local_data.dat:武道寺紅利 | lang0:lang0.pak:Mileage Mudosa
DST_NPCSHOP_MYZENNY	2	2	lang0,taiwan	taiwan:local_data.dat:所持金額 | lang0:lang0.pak:Zeni
DST_NPCSHOP_NO_MORE_REPAIR_REG_ITEM	2	2	lang0,taiwan	taiwan:local_data.dat:現在裝備中的所有道具無需修理。 | lang0:lang0.pak:No repairs needed
DST_NPCSHOP_SHOPINGCART	2	2	lang0,taiwan	taiwan:local_data.dat:購物車 | lang0:lang0.pak:Buying
DST_NPCSHOP_SUCCESS_REMOTE_SELL	2	2	lang0,taiwan	taiwan:local_data.dat:已遠距離販賣道具%s。 | lang0:lang0.pak:%s was sold.
DST_NPC_SERVER_MSG_SHUTDOWN_NOTICE	2	2	lang0,taiwan	"taiwan:local_data.dat:[align = ""center""]NPC伺服器連結提示[/font][br][br][font size = ""10"" color=""f36a7c""]與NPC伺服器的連線中斷了。[/font][ ][/font]"" color=""f36a7c""]若您現在正在進行時光機任務、原作劇情任務、[br]新手任務、極限副本的話，[br]請取消進行[br]並將移動到主世界。 | lang0:lang0.pak:[align = ""center""]NPC server disconnected[br][br]Please go to your Main World![br][br]Our apologies for any inconvenience,[br]please wait for the disconnect."
DST_NPC_SKILL_POINT_RESET_MSG	2	2	lang0,taiwan	"taiwan:local_data.dat:[align = ""center""][font size = ""12"" color=""f4d762""]技能點數(SP)初始化[/font][br][br][font size = ""10"" color=""269][br][39][font size = ""10"" color=""269][3][3][3]"" 可以初始化size = ""10"" color=""f4d762""]回收技能點數(SP) : %u[/font][br][br][font size = ""10"" color=""f4d762""] 消耗金額 : %s 索尼 [/font][fontsize""[/font][fontsize"" color=""f36a7c""]不須點數的技能將不會被初始化。 | lang0:lang0.pak:[align = ""center""][font size = ""12"" color=""f4d762""]Skill Point (SP) Reset[/font][br][br][font size = ""10"" color=""269eff""]Any level (1-70) can reset once a week.[/font][br][br][font size = ""10"" color=""f4d762""]SP recovered: %u [/font][br][font size = ""10"" color=""f4d762""]Cost: %s Zeni [/font][br][br][font size = ""10"" color=""f36a7c""]All Skills will be removed.[/font][br][br][font size = ""10"" color=""ffffff""]Reset the Skills now ?[/font]"
DST_NPGAMEGUARD_ERROR_ETC	2	2	lang0,taiwan	"taiwan:local_data.dat:[align = ""center""][font size = ""12"" color=""f4d762""]Gamegaurd公告[/font][br][br][font size = ""10"" color=""fffffff""][br][font size = ""10"" color=""fffffff""][br][fontTegacomh設備上執行時的錯誤。資料夾裡的[br]*.erl 所有檔案附加在郵件中，[br]寄送到Game1@inca.co.kr。 | lang0:lang0.pak:[align = ""center""]nProtect Gameguard[br][br]If you have received this error[br]delete your Gameguard folder[br]and relaunch the game."
DST_NPGAMEMON_COMM_CLOSE	2	2	lang0,taiwan	"taiwan:local_data.dat:[align =""center""][font size=""12""color=""f4d762""]Gamegaurd公告[/font][br][br][font size=""10""color=""ffffff""]Gamegaurd已結束。 | lang0:lang0.pak:[align = ""center""]nProtect Gameguard[br][br]Gameguard has been terminated."
DST_NPGAMEMON_COMM_ERROR	2	2	lang0,taiwan	"taiwan:local_data.dat:[align =""center""][font size=""12""color=""f4d762""]Gamegaurd公告[/font][br][br][font size=""10""color=""ffffff""]與Gamegaurd的連結中斷」。 | lang0:lang0.pak:[align = ""center""]nProtect Gameguard[br][br]Connection with Gameguard Lost[br][br]The game will now close.[br][br]Delete your Gameguard folder and relaunch the game."
DST_NPGAMEMON_ERROR_CRYPTOAPI	2	2	lang0,taiwan	"taiwan:local_data.dat:[align =""center""][font size=""12""color=""f4d762""]Gamegaurd公告[/font][br][br][font size=""10""color=""ffffffff"" | lang0:lang0.pak:[align = ""center""]nProtect Gameguard[br][br]Some of the Windows system files are corrupted.[br][br] Internet Explorer(IE)[br]Please try again later."
DST_NPGAMEMON_ERROR_EXECUTE	2	2	lang0,taiwan	"taiwan:local_data.dat:[align =""center""][font size=""12""color=""f4d762""]Gamegaurdfff[/font][br][br][font size=""10""Gamcolor=""ffffff"" | lang0:lang0.pak:[align = ""center""]nProtect Gameguard[br][br]Failed[br][br]to execute[br]Gameguard setup file."
DST_NPGAMEMON_ERROR_EXIST	2	2	lang0,taiwan	"taiwan:local_data.dat:[align =""center""][font size=""12""color=""f4d762""]Gamegaurd公告[/font][br][br][font size=""10""color=""ffffff""]Gamegaurdbr][font size=""10""color=""ffffff""]Gamegaurd | lang0:lang0.pak:[align = ""center""]nProtect Gameguard[br][br]An error has[br]occurred."
DST_NPGAMEMON_ERROR_GAMEGUARD	2	2	lang0,taiwan	"taiwan:local_data.dat:[align =""center""][font size=""12""color=""f4d762""]Gamegaurd公告[/font][br][br][font size=""10""color=""ffffff""]Gamegaurd初始化錯誤或為舊版的Gamegaurd檔案。 | lang0:lang0.pak:[align = ""center""]nProtect Gameguard[br][br]Gameguard files[br]out-dated.[br][br]Please[br]update."
DST_NPGAMEMON_ERROR_GAME_EXIST	2	2	lang0,taiwan	"taiwan:local_data.dat:[align =""center""][font size=""12""color=""f4d762""]Gamegaurd公告[/font][br][br][font size=""10""color=""ffffff""dfont已開啟遊戲後開啟或重新開啟遊戲。 | lang0:lang0.pak:[align = ""center""]nProtect Gameguard[br][br]Gameguard is already running."
DST_NPGAMEMON_ERROR_ILLEGAL_PRG	2	2	lang0,taiwan	"taiwan:local_data.dat:[align =""center""][font size=""12""color=""f4d762""]Gamegaurd公告[/font][br][br][font size=""10""color=""ffffffff"">「 | lang0:lang0.pak:[align = ""center""]nProtect Gameguard[br][br]An illegal program[br][br]has been detected.[br]The game will now close."
DST_NPGAMEMON_ERROR_INIT	2	2	lang0,taiwan	"taiwan:local_data.dat:[align =""center""][font size=""12""color=""f4d762""]Gamegaurd公告[/font][br][br][font size=""10""color=""ffffff | lang0:lang0.pak:[align = ""center""]nProtect Gameguard[br][br]Initialization Error[br]Reboot."
DST_NPGAMEMON_ERROR_NO_CONFIG_FILE	2	2	lang0,taiwan	"taiwan:local_data.dat:[align =""center""][font size=""12""color=""f4d762""]Gamegaurd公告[/font][br][br][font size=""10""color=""ffffff"".無檔位或無檔位或已變更。 | lang0:lang0.pak:[align = ""center""]nProtect Gameguard[br][br]Gameguard setup file is missing or has been altered."
DST_NPGAMEMON_ERROR_NPSCAN	2	2	lang0,taiwan	"taiwan:local_data.dat:[align =""center""][font size=""12""color=""f4d762""]Gamegaurdffff[/font][br][br][font size=""10""color=""ffffff""]載入記憶體及外查失敗。 | lang0:lang0.pak:[align = ""center""]nProtect Gameguard[br][br]Anti-virus and Anti-hack modules[br]failed to load.[br][br]The game will now[br]close."
DST_NPGAMEMON_GAMEHACK_DETECT	2	2	lang0,taiwan	"taiwan:local_data.dat:[align =""center""][font size=""12""color=""f4d762""]Gamegaurd公告[/font][br][br][font size=""10""color=""ffffff""""]發現外程式。 | lang0:lang0.pak:[align = ""center""]nProtect Gameguard[br][br]Hack Detected."
DST_NPGAMEMON_GAMEHACK_DOUBT	2	2	lang0,taiwan	"taiwan:local_data.dat:[align =""center""][font size=""12""color=""f4d762""]Gamegaurd公告[/font][br][br][font size=""10""color=""ffffff""""遊戲或[br][font size=""10""color=""ffffff""""遊戲更改。 | lang0:lang0.pak:[align = ""center""]nProtect Gameguard[br][br]Gameguard has been modified."
DST_NPGAMEMON_GAMEHACK_KILLED	2	2	lang0,taiwan	"taiwan:local_data.dat:[align =""center""][font size=""12""color=""f4d762""]Gamegaurd公告[/font][br][br][font size=""10""color=""ffffff""""]發現外程式。 | lang0:lang0.pak:[align = ""center""]nProtect Gameguard[br][br]Hack Detected."
DST_NPGAMEMON_INIT_ERROR	2	2	lang0,taiwan	"taiwan:local_data.dat:[align = ""center""][font size = ""12"" color=""f4d762""]Gameguard公告[/font][br][br][font size = ""10"" color=""ffffff""Game% | lang0:lang0.pak:[align = ""center""]nProtect Gameguard[br][br]GG Execute Error: %u"
DST_NPGAMEMON_SPEEDHACK	2	2	lang0,taiwan	"taiwan:local_data.dat:[align =""center""][font size=""12""color=""f4d762""]Gamegaurd公告[/font][br][br][font size=""10""color=""ffffff""""]探測到加速器。[/font] | lang0:lang0.pak:[align = ""center""]nProtect Gameguard[br][br]Speed Hack Detected."
DST_NPGMUP_ERROR_ABORT	2	2	lang0,taiwan	"taiwan:local_data.dat:[align =""center""][font size=""12""color=""f4d762""]Gamegaurd公告[/font][br][br][font size=""10""color=""ffffffff""]Gamegaurdbr][font size=""10""color=""ffffff""]Gamegaurdbr]「 | lang0:lang0.pak:[align = ""center""]nProtect Gameguard[br][br]Update Cancelled.[br][br]Try adjusting[br]your firewall[br]settings."
DST_NPGMUP_ERROR_AUTH	2	2	lang0,taiwan	"taiwan:local_data.dat:[align =""center""][font size=""12""color=""f4d762""]Gamegaurd公告[/font][br][br][font size=""10""color=""ffffff""]Gamegaurd更新未完成。 | lang0:lang0.pak:[align = ""center""]nProtect Gameguard[br][br]Failed to complete update.[br][br]The game will now close.[br]"
DST_NPGMUP_ERROR_CONNECT	2	2	lang0,taiwan	"taiwan:local_data.dat:[align =""center""][font size=""12""color=""f4d762""]Gamegaurd公告[/font][br][br][font size=""10""color=""ffffffff""] | lang0:lang0.pak:[align = ""center""]nProtect Gameguard[br][br]Gameguard[br]couldn't download[br]the update."
DST_NPGMUP_ERROR_DOWNCFG	2	2	lang0,taiwan	"taiwan:local_data.dat:[align =""center""][font size=""12""color=""f4d762""]Gamegaurd公告[/font][br][br][font size=""10""color=""ffffff""]連線Gamegaurd更新伺服器失敗。 | lang0:lang0.pak:[align = ""center""]nProtect Gameguard[br][br]Update Failed.[br][br]Try adjusting firewall settings."
DST_NPGMUP_ERROR_INIT	2	2	lang0,taiwan	"taiwan:local_data.dat:[align =""center""][font size=""12""color=""f4d762""]Gamegaurd公告[/font][br][br][font size=""10""color=""ffffffff""][br][br][font size=""10""color=""ffffffff""]][br][br][font size=""10""color=""ffffffff""][jgmm” 執行錯誤配置。 | lang0:lang0.pak:[align = ""center""]nProtect Gameguard[br][br]Gameguard (npgmup.des) has encountered an error.[br][br]Reinstall Gameguard."
DST_NPGMUP_ERROR_PARAM	2	2	lang0,taiwan	"taiwan:local_data.dat:[align =""center""][font size=""12""color=""f4d762""]Gamegaurd公告[/font][br][br][font size=""10""color=""ffffffff""][br][br][font size=""10""color=""ffffffff""]也缺少變更檔[字檔或重裝。 | lang0:lang0.pak:[align = ""center""]nProtect Gameguard[br][br]Gameguard (.ini) file is missing.[br]Reinstall Gameguard."
DST_N_FIGHTER_DARK_SHADOW	2	2	lang0,taiwan	taiwan:local_data.dat:戰士, 魔界戰士, 魔導戰士 | lang0:lang0.pak:Warrior Classes
DST_N_MYSTIC_DENDEN_POCO	2	2	lang0,taiwan	taiwan:local_data.dat:龍族, 天天導師, 波可導師 | lang0:lang0.pak:Dragon Clan Classes
DST_OBSERVER_CAMERA_LOC	2	2	lang0,taiwan	taiwan:local_data.dat:相機位置變更 | lang0:lang0.pak:Change Camera Position
DST_OBSERVER_CAMERA_MOVE	2	2	lang0,taiwan	taiwan:local_data.dat:相機移動 | lang0:lang0.pak:Move Camera
DST_OBSERVER_DBOTABLETOOLS	2	2	lang0,taiwan	taiwan:local_data.dat:table工具 | lang0:lang0.pak:DBO Table Tools
DST_OBSERVER_FREE_CAMERA	2	2	lang0,taiwan	taiwan:local_data.dat:自由視角 | lang0:lang0.pak:Free Camera
DST_OBSERVER_HIDE_AVATAR	2	2	lang0,taiwan	taiwan:local_data.dat:角色隱藏 | lang0:lang0.pak:Hide Avatar
DST_OBSERVER_MENU_OFF	2	2	lang0,taiwan	taiwan:local_data.dat:選單隱藏 | lang0:lang0.pak:Hide Menu
DST_OBSERVER_MENU_ON	2	2	lang0,taiwan	taiwan:local_data.dat:選單顯示 | lang0:lang0.pak:Show Menu
DST_OBSERVER_NORMAL_CAMERA	2	2	lang0,taiwan	taiwan:local_data.dat:第3人稱視角 | lang0:lang0.pak:Normal Camera
DST_OBSERVER_PLAYER_INFO	2	2	lang0,taiwan	taiwan:local_data.dat:選手情報 | lang0:lang0.pak:Player Info
DST_OBSERVER_PORTAL	2	2	lang0,taiwan	taiwan:local_data.dat:角色移動 | lang0:lang0.pak:Move
DST_OBSERVER_RECORD	2	2	lang0,taiwan	taiwan:local_data.dat:%d戰 %d勝 %d敗 | lang0:lang0.pak:%dW %dL %dD
DST_OBSERVER_SHOW_AVATAR	2	2	lang0,taiwan	taiwan:local_data.dat:角色顯示 | lang0:lang0.pak:Show Avatar
DST_OBSERVER_TENKAICHI	2	2	lang0,taiwan	taiwan:local_data.dat:天下第一武道會選單 | lang0:lang0.pak:Budokai Menu
DST_OBSERVER_TOURNAMENT	2	2	lang0,taiwan	taiwan:local_data.dat:賽程表 | lang0:lang0.pak:Tournament
DST_OPTION_CANCEL	2	2	lang0,taiwan	taiwan:local_data.dat:關閉 | lang0:lang0.pak:Cancel
DST_OPTION_CHATTING_ADDED_GUILD	2	2	lang0,taiwan	taiwan:local_data.dat:流派 | lang0:lang0.pak:Guild
DST_OPTION_CHATTING_ADDED_NORMAL	2	2	lang0,taiwan	taiwan:local_data.dat:一般對話 | lang0:lang0.pak:Normal
DST_OPTION_CHATTING_ADDED_PARTY	2	2	lang0,taiwan	taiwan:local_data.dat:隊伍 | lang0:lang0.pak:Party
DST_OPTION_CHATTING_ADDED_PARTY_SEARCH	2	2	lang0,taiwan	taiwan:local_data.dat:搜尋隊伍 | lang0:lang0.pak:Party Search
DST_OPTION_CHATTING_ADDED_SHOUT	2	2	lang0,taiwan	taiwan:local_data.dat:廣播 | lang0:lang0.pak:Shout
DST_OPTION_CHATTING_ADDED_SYSTEM	2	2	lang0,taiwan	taiwan:local_data.dat:系統 | lang0:lang0.pak:System
DST_OPTION_CHATTING_ADDED_TRADE	2	2	lang0,taiwan	taiwan:local_data.dat:交易 | lang0:lang0.pak:Trade
DST_OPTION_CHATTING_ADDED_WISPHER	2	2	lang0,taiwan	taiwan:local_data.dat:悄悄話 | lang0:lang0.pak:Whisper
DST_OPTION_CHATTING_BASIC_GUILD	2	2	lang0,taiwan	taiwan:local_data.dat:流派 | lang0:lang0.pak:Guild
DST_OPTION_CHATTING_BASIC_NORMAL	2	2	lang0,taiwan	taiwan:local_data.dat:一般對話 | lang0:lang0.pak:Normal
DST_OPTION_CHATTING_BASIC_PARTY	2	2	lang0,taiwan	taiwan:local_data.dat:隊伍 | lang0:lang0.pak:Party
DST_OPTION_CHATTING_BASIC_PARTY_SEARCH	2	2	lang0,taiwan	taiwan:local_data.dat:搜尋隊伍 | lang0:lang0.pak:Party Search
DST_OPTION_CHATTING_BASIC_SHOUT	2	2	lang0,taiwan	taiwan:local_data.dat:廣播 | lang0:lang0.pak:Shout
DST_OPTION_CHATTING_BASIC_SYSTEM	2	2	lang0,taiwan	taiwan:local_data.dat:系統 | lang0:lang0.pak:System
DST_OPTION_CHATTING_BASIC_TRADE	2	2	lang0,taiwan	taiwan:local_data.dat:交易 | lang0:lang0.pak:Trade
DST_OPTION_CHATTING_BASIC_WISPHER	2	2	lang0,taiwan	taiwan:local_data.dat:悄悄話 | lang0:lang0.pak:Whisper
DST_OPTION_CHATTING_COMMON_ADDEDWINDOW	2	2	lang0,taiwan	taiwan:local_data.dat:其他聊天視窗 | lang0:lang0.pak:Window+
DST_OPTION_CHATTING_COMMON_ADDEDWINDOW2	2	2	lang0,taiwan	taiwan:local_data.dat:其他聊天視窗2 | lang0:lang0.pak:Window++
DST_OPTION_CHATTING_COMMON_INPUTMODE	2	2	lang0,taiwan	taiwan:local_data.dat:顯示聊天鍵入欄 | lang0:lang0.pak:Input Mode
DST_OPTION_CHATTING_COMMON_LOCK	2	2	lang0,taiwan	taiwan:local_data.dat:鎖定聊天視窗 | lang0:lang0.pak:Lock Chat
DST_OPTION_CHATTING_COMMON_OPACITY	2	2	lang0,taiwan	taiwan:local_data.dat:聊天視窗透明度 | lang0:lang0.pak:Opacity
DST_OPTION_CHATTING_COMMON_SCROLL	2	2	lang0,taiwan	taiwan:local_data.dat:可瀏覽聊天內容 | lang0:lang0.pak:Scroll Chat
DST_OPTION_CHATTING_TITLE_ADDED	2	2	lang0,taiwan	taiwan:local_data.dat:其他聊天視窗 | lang0:lang0.pak:Window+
DST_OPTION_CHATTING_TITLE_ADDED2	2	2	lang0,taiwan	taiwan:local_data.dat:其他聊天視窗2 | lang0:lang0.pak:Window++
DST_OPTION_CHATTING_TITLE_BASIC	2	2	lang0,taiwan	taiwan:local_data.dat:基本聊天視窗 | lang0:lang0.pak:Basic
DST_OPTION_CHATTING_TITLE_COMMON	2	2	lang0,taiwan	taiwan:local_data.dat:共同設定 | lang0:lang0.pak:Common
DST_OPTION_CONTROL_ACTION_AVATAR_AUTORUN	2	2	lang0,taiwan	taiwan:local_data.dat:自動奔跑 | lang0:lang0.pak:Auto-run
DST_OPTION_CONTROL_ACTION_AVATAR_BACKWARD	2	2	lang0,taiwan	taiwan:local_data.dat:後退 | lang0:lang0.pak:Back
DST_OPTION_CONTROL_ACTION_AVATAR_BLOCKING	2	2	lang0,taiwan	taiwan:local_data.dat:使用防衛技能 | lang0:lang0.pak:Block
DST_OPTION_CONTROL_ACTION_AVATAR_CHARGE	2	2	lang0,taiwan	taiwan:local_data.dat:集氣 | lang0:lang0.pak:Charge
DST_OPTION_CONTROL_ACTION_AVATAR_FORWARD	2	2	lang0,taiwan	taiwan:local_data.dat:前進 | lang0:lang0.pak:Forward
DST_OPTION_CONTROL_ACTION_AVATAR_JUMP	2	2	lang0,taiwan	taiwan:local_data.dat:跳躍 | lang0:lang0.pak:Jump
DST_OPTION_CONTROL_ACTION_AVATAR_LEFTSIDE	2	2	lang0,taiwan	taiwan:local_data.dat:向左移動人物 | lang0:lang0.pak:Left
DST_OPTION_CONTROL_ACTION_AVATAR_LEFTTURN	2	2	lang0,taiwan	taiwan:local_data.dat:左轉 | lang0:lang0.pak:Turn Left
DST_OPTION_CONTROL_ACTION_AVATAR_LOOTING	2	2	lang0,taiwan	taiwan:local_data.dat:撿拾道具 | lang0:lang0.pak:Loot
DST_OPTION_CONTROL_ACTION_AVATAR_RIGHTSIDE	2	2	lang0,taiwan	taiwan:local_data.dat:向右移動人物 | lang0:lang0.pak:Right
DST_OPTION_CONTROL_ACTION_AVATAR_RIGHTTURN	2	2	lang0,taiwan	taiwan:local_data.dat:右轉 | lang0:lang0.pak:Turn Right
DST_OPTION_CONTROL_ACTION_AVATAR_SCOUTER	2	2	lang0,taiwan	taiwan:local_data.dat:Scott 開啟/關閉 | lang0:lang0.pak:Scouter on / off
DST_OPTION_CONTROL_ACTION_AVATAR_SITDOWN	2	2	lang0,taiwan	taiwan:local_data.dat:坐下/起立 | lang0:lang0.pak:Sit
DST_OPTION_CONTROL_ACTION_CHAT_PGDN	2	2	lang0,taiwan	taiwan:local_data.dat:次頁聊天視窗 | lang0:lang0.pak:Scroll Down
DST_OPTION_CONTROL_ACTION_CHAT_PGUP	2	2	lang0,taiwan	taiwan:local_data.dat:前頁聊天視窗 | lang0:lang0.pak:Scroll Up
DST_OPTION_CONTROL_ACTION_GLOBAL_CANCLE	2	2	lang0,taiwan	taiwan:local_data.dat:取消/關閉視窗 | lang0:lang0.pak:Cancel
DST_OPTION_CONTROL_ACTION_GLOBAL_CHAT	2	2	lang0,taiwan	taiwan:local_data.dat:聊天 | lang0:lang0.pak:Start Chat
DST_OPTION_CONTROL_ACTION_GLOBAL_RENDERGUI	2	2	lang0,taiwan	taiwan:local_data.dat:隱藏UI | lang0:lang0.pak:Hide UI
DST_OPTION_CONTROL_ACTION_GLOBAL_SNAPSHOT	2	2	lang0,taiwan	taiwan:local_data.dat:拍圖 | lang0:lang0.pak:Screenshot
DST_OPTION_CONTROL_ACTION_MINIMAP_ZOOMIN	2	2	lang0,taiwan	taiwan:local_data.dat:放大地圖 | lang0:lang0.pak:Minimap Zoom-In
DST_OPTION_CONTROL_ACTION_MINIMAP_ZOOMOUT	2	2	lang0,taiwan	taiwan:local_data.dat:縮小地圖 | lang0:lang0.pak:Minimap Zoom-Out
DST_OPTION_CONTROL_ACTION_QUICKSLOT_2NDCAP	2	2	lang0,taiwan	taiwan:local_data.dat:2號膠囊盒 | lang0:lang0.pak:Bag2
DST_OPTION_CONTROL_ACTION_QUICKSLOT_3RDCAP	2	2	lang0,taiwan	taiwan:local_data.dat:3號膠囊盒 | lang0:lang0.pak:Bag3
DST_OPTION_CONTROL_ACTION_QUICKSLOT_4THCAP	2	2	lang0,taiwan	taiwan:local_data.dat:4號膠囊盒 | lang0:lang0.pak:Bag4
DST_OPTION_CONTROL_ACTION_QUICKSLOT_5THCAP	2	2	lang0,taiwan	taiwan:local_data.dat:5號膠囊盒 | lang0:lang0.pak:Bag5
DST_OPTION_CONTROL_ACTION_QUICKSLOT_NEXT	2	2	lang0,taiwan	taiwan:local_data.dat:次快速列 | lang0:lang0.pak:Next Bar
DST_OPTION_CONTROL_ACTION_QUICKSLOT_PREV	2	2	lang0,taiwan	taiwan:local_data.dat:前一快捷列 | lang0:lang0.pak:Prev Bar
DST_OPTION_CONTROL_ACTION_QUICKSLOT_QUICK0	2	2	lang0,taiwan	taiwan:local_data.dat:快捷列0 | lang0:lang0.pak:Slot0
DST_OPTION_CONTROL_ACTION_QUICKSLOT_QUICK0_EX	2	2	lang0,taiwan	taiwan:local_data.dat:擴充欄位0號 | lang0:lang0.pak:Slot0+
DST_OPTION_CONTROL_ACTION_QUICKSLOT_QUICK0_EX2	2	2	lang0,taiwan	taiwan:local_data.dat:擴充欄位0號 | lang0:lang0.pak:Slot0++
DST_OPTION_CONTROL_ACTION_QUICKSLOT_QUICK1	2	2	lang0,taiwan	taiwan:local_data.dat:快速列1 | lang0:lang0.pak:Slot1
DST_OPTION_CONTROL_ACTION_QUICKSLOT_QUICK1_EX	2	2	lang0,taiwan	taiwan:local_data.dat:擴充欄位1號 | lang0:lang0.pak:Slot1+
DST_OPTION_CONTROL_ACTION_QUICKSLOT_QUICK1_EX2	2	2	lang0,taiwan	taiwan:local_data.dat:擴充欄位1號 | lang0:lang0.pak:Slot1++
DST_OPTION_CONTROL_ACTION_QUICKSLOT_QUICK2	2	2	lang0,taiwan	taiwan:local_data.dat:快捷列2 | lang0:lang0.pak:Slot2
DST_OPTION_CONTROL_ACTION_QUICKSLOT_QUICK2_EX	2	2	lang0,taiwan	taiwan:local_data.dat:擴充欄位2號 | lang0:lang0.pak:Slot2+
DST_OPTION_CONTROL_ACTION_QUICKSLOT_QUICK2_EX2	2	2	lang0,taiwan	taiwan:local_data.dat:擴充欄位2號 | lang0:lang0.pak:Slot2++
DST_OPTION_CONTROL_ACTION_QUICKSLOT_QUICK3	2	2	lang0,taiwan	taiwan:local_data.dat:快捷列3 | lang0:lang0.pak:Slot3
DST_OPTION_CONTROL_ACTION_QUICKSLOT_QUICK3_EX	2	2	lang0,taiwan	taiwan:local_data.dat:擴充欄位3號 | lang0:lang0.pak:Slot3+
DST_OPTION_CONTROL_ACTION_QUICKSLOT_QUICK3_EX2	2	2	lang0,taiwan	taiwan:local_data.dat:擴充欄位3號 | lang0:lang0.pak:Slot3++
DST_OPTION_CONTROL_ACTION_QUICKSLOT_QUICK4	2	2	lang0,taiwan	taiwan:local_data.dat:快捷列4 | lang0:lang0.pak:Slot4
DST_OPTION_CONTROL_ACTION_QUICKSLOT_QUICK4_EX	2	2	lang0,taiwan	taiwan:local_data.dat:擴充欄位4號 | lang0:lang0.pak:Slot4+
DST_OPTION_CONTROL_ACTION_QUICKSLOT_QUICK4_EX2	2	2	lang0,taiwan	taiwan:local_data.dat:擴充欄位4號 | lang0:lang0.pak:Slot4++
DST_OPTION_CONTROL_ACTION_QUICKSLOT_QUICK5	2	2	lang0,taiwan	taiwan:local_data.dat:快捷列5 | lang0:lang0.pak:Slot5
DST_OPTION_CONTROL_ACTION_QUICKSLOT_QUICK5_EX	2	2	lang0,taiwan	taiwan:local_data.dat:擴充欄位5號 | lang0:lang0.pak:Slot5+
DST_OPTION_CONTROL_ACTION_QUICKSLOT_QUICK5_EX2	2	2	lang0,taiwan	taiwan:local_data.dat:擴充欄位5號 | lang0:lang0.pak:Slot5++
DST_OPTION_CONTROL_ACTION_QUICKSLOT_QUICK6	2	2	lang0,taiwan	taiwan:local_data.dat:快捷列6 | lang0:lang0.pak:Slot6
DST_OPTION_CONTROL_ACTION_QUICKSLOT_QUICK6_EX	2	2	lang0,taiwan	taiwan:local_data.dat:擴充欄位6號 | lang0:lang0.pak:Slot6+
DST_OPTION_CONTROL_ACTION_QUICKSLOT_QUICK6_EX2	2	2	lang0,taiwan	taiwan:local_data.dat:擴充欄位6號 | lang0:lang0.pak:Slot6++
DST_OPTION_CONTROL_ACTION_QUICKSLOT_QUICK7	2	2	lang0,taiwan	taiwan:local_data.dat:快速列7 | lang0:lang0.pak:Slot7
DST_OPTION_CONTROL_ACTION_QUICKSLOT_QUICK7_EX	2	2	lang0,taiwan	taiwan:local_data.dat:擴充欄位7號 | lang0:lang0.pak:Slot7+
DST_OPTION_CONTROL_ACTION_QUICKSLOT_QUICK7_EX2	2	2	lang0,taiwan	taiwan:local_data.dat:擴充欄位7號 | lang0:lang0.pak:Slot7++
DST_OPTION_CONTROL_ACTION_QUICKSLOT_QUICK8	2	2	lang0,taiwan	taiwan:local_data.dat:快捷列8 | lang0:lang0.pak:Slot8
DST_OPTION_CONTROL_ACTION_QUICKSLOT_QUICK8_EX	2	2	lang0,taiwan	taiwan:local_data.dat:擴充欄位8號 | lang0:lang0.pak:Slot8+
DST_OPTION_CONTROL_ACTION_QUICKSLOT_QUICK8_EX2	2	2	lang0,taiwan	taiwan:local_data.dat:擴充欄位8號 | lang0:lang0.pak:Slot8++
DST_OPTION_CONTROL_ACTION_QUICKSLOT_QUICK9	2	2	lang0,taiwan	taiwan:local_data.dat:快捷列9 | lang0:lang0.pak:Slot9
DST_OPTION_CONTROL_ACTION_QUICKSLOT_QUICK9_EX	2	2	lang0,taiwan	taiwan:local_data.dat:擴充欄位9號 | lang0:lang0.pak:Slot9+
DST_OPTION_CONTROL_ACTION_QUICKSLOT_QUICK9_EX2	2	2	lang0,taiwan	taiwan:local_data.dat:擴充欄位9號 | lang0:lang0.pak:Slot9++
DST_OPTION_CONTROL_ACTION_QUICKSLOT_QUICKMIN	2	2	lang0,taiwan	taiwan:local_data.dat:快捷列- | lang0:lang0.pak:Slot-
DST_OPTION_CONTROL_ACTION_QUICKSLOT_QUICKMIN_EX	2	2	lang0,taiwan	taiwan:local_data.dat:擴充欄位- | lang0:lang0.pak:Slot-+
DST_OPTION_CONTROL_ACTION_QUICKSLOT_QUICKMIN_EX2	2	2	lang0,taiwan	taiwan:local_data.dat:擴充欄位- | lang0:lang0.pak:Slot-++
DST_OPTION_CONTROL_ACTION_QUICKSLOT_QUICKPLUS	2	2	lang0,taiwan	taiwan:local_data.dat:快捷列= | lang0:lang0.pak:Slot=
DST_OPTION_CONTROL_ACTION_QUICKSLOT_QUICKPLUS_EX	2	2	lang0,taiwan	taiwan:local_data.dat:擴充欄位= | lang0:lang0.pak:Slot++
DST_OPTION_CONTROL_ACTION_QUICKSLOT_QUICKPLUS_EX2	2	2	lang0,taiwan	taiwan:local_data.dat:擴充欄位+ | lang0:lang0.pak:Slot+++
DST_OPTION_CONTROL_ACTION_QUICKSLOT_SUMMON_1	2	2	lang0,taiwan	taiwan:local_data.dat:召喚獸快捷欄 1 | lang0:lang0.pak:Quick Summon 1
DST_OPTION_CONTROL_ACTION_QUICKSLOT_SUMMON_2	2	2	lang0,taiwan	taiwan:local_data.dat:召喚獸快捷欄 2 | lang0:lang0.pak:Quick Summon 2
DST_OPTION_CONTROL_ACTION_QUICKSLOT_SUMMON_3	2	2	lang0,taiwan	taiwan:local_data.dat:召喚獸快速欄 3 | lang0:lang0.pak:Quick Summon 3
DST_OPTION_CONTROL_ACTION_QUICKSLOT_SUMMON_4	2	2	lang0,taiwan	taiwan:local_data.dat:召喚獸快捷欄 4 | lang0:lang0.pak:Quick Summon 4
DST_OPTION_CONTROL_ACTION_QUICKSLOT_SUMMON_5	2	2	lang0,taiwan	taiwan:local_data.dat:召喚獸快捷欄 5 | lang0:lang0.pak:Quick Summon 5
DST_OPTION_CONTROL_ACTION_QUICKSLOT_SUMMON_6	2	2	lang0,taiwan	taiwan:local_data.dat:召喚獸快捷欄 6 | lang0:lang0.pak:Quick Summon 6
DST_OPTION_CONTROL_ACTION_QUICKSLOT_SUMMON_7	2	2	lang0,taiwan	taiwan:local_data.dat:召喚獸快速欄 7 | lang0:lang0.pak:Quick Summon 7
DST_OPTION_CONTROL_ACTION_QUICKSLOT_SUMMON_8	2	2	lang0,taiwan	taiwan:local_data.dat:召喚獸快速欄 8 | lang0:lang0.pak:Quick Summon 8
DST_OPTION_CONTROL_ACTION_TARGET_1STPARTY	2	2	lang0,taiwan	taiwan:local_data.dat:選擇第一位隊員 | lang0:lang0.pak:Target Member1
DST_OPTION_CONTROL_ACTION_TARGET_2NDPARTY	2	2	lang0,taiwan	taiwan:local_data.dat:選擇第二位隊員 | lang0:lang0.pak:Target Member2
DST_OPTION_CONTROL_ACTION_TARGET_3RDPARTY	2	2	lang0,taiwan	taiwan:local_data.dat:選擇第三位隊員 | lang0:lang0.pak:Target Member3
DST_OPTION_CONTROL_ACTION_TARGET_4THPARTY	2	2	lang0,taiwan	taiwan:local_data.dat:選出第四位隊員 | lang0:lang0.pak:Target Member4
DST_OPTION_CONTROL_ACTION_TARGET_AUTO	2	2	lang0,taiwan	taiwan:local_data.dat:自動選擇較近目標 | lang0:lang0.pak:Auto-Target
DST_OPTION_CONTROL_ACTION_TARGET_AUTOATK	2	2	lang0,taiwan	taiwan:local_data.dat:自動攻擊 | lang0:lang0.pak:Auto-Attack
DST_OPTION_CONTROL_ACTION_TARGET_AUTOFOLLOW	2	2	lang0,taiwan	taiwan:local_data.dat:跟隨 | lang0:lang0.pak:Auto-Follow
DST_OPTION_CONTROL_ACTION_TARGET_AUTOPARTY	2	2	lang0,taiwan	taiwan:local_data.dat:自動選擇隊員 | lang0:lang0.pak:Target Member
DST_OPTION_CONTROL_ACTION_TARGET_MARKING1	2	2	lang0,taiwan	taiwan:local_data.dat:指定共同目標1 | lang0:lang0.pak:Mark1
DST_OPTION_CONTROL_ACTION_TARGET_MARKING2	2	2	lang0,taiwan	taiwan:local_data.dat:指定共同目標2 | lang0:lang0.pak:Mark2
DST_OPTION_CONTROL_ACTION_TARGET_MARKING3	2	2	lang0,taiwan	taiwan:local_data.dat:指定共同目標3 | lang0:lang0.pak:Mark3
DST_OPTION_CONTROL_ACTION_TARGET_MARKING4	2	2	lang0,taiwan	taiwan:local_data.dat:指定共同目標4 | lang0:lang0.pak:Mark4
DST_OPTION_CONTROL_ACTION_TARGET_MARKING5	2	2	lang0,taiwan	taiwan:local_data.dat:指定共同目標5 | lang0:lang0.pak:Mark5
DST_OPTION_CONTROL_ACTION_TARGET_SELECTING1	2	2	lang0,taiwan	taiwan:local_data.dat:選擇共同目標1 | lang0:lang0.pak:Target Mark1
DST_OPTION_CONTROL_ACTION_TARGET_SELECTING2	2	2	lang0,taiwan	taiwan:local_data.dat:選擇共同目標2 | lang0:lang0.pak:Target Mark2
DST_OPTION_CONTROL_ACTION_TARGET_SELECTING3	2	2	lang0,taiwan	taiwan:local_data.dat:選擇共同目標3 | lang0:lang0.pak:Target Mark3
DST_OPTION_CONTROL_ACTION_TARGET_SELECTING4	2	2	lang0,taiwan	taiwan:local_data.dat:選擇共同目標4 | lang0:lang0.pak:Target Mark4
DST_OPTION_CONTROL_ACTION_TARGET_SELECTING5	2	2	lang0,taiwan	taiwan:local_data.dat:選擇共同目標5 | lang0:lang0.pak:Target Mark5
DST_OPTION_CONTROL_ACTION_TARGET_SELF	2	2	lang0,taiwan	taiwan:local_data.dat:選擇自己 | lang0:lang0.pak:Target Self
DST_OPTION_CONTROL_ACTION_WINDOW_DWC	2	2	lang0,taiwan	taiwan:local_data.dat:龍珠世界挑戰 | lang0:lang0.pak:DWC
DST_OPTION_CONTROL_ACTION_WINDOW_FRIEND	2	2	lang0,taiwan	taiwan:local_data.dat:好友視窗 | lang0:lang0.pak:Friends List
DST_OPTION_CONTROL_ACTION_WINDOW_GUILD	2	2	lang0,taiwan	taiwan:local_data.dat:流派視窗 | lang0:lang0.pak:Guild Window
DST_OPTION_CONTROL_ACTION_WINDOW_HELP	2	2	lang0,taiwan	taiwan:local_data.dat:小幫手 | lang0:lang0.pak:Help
DST_OPTION_CONTROL_ACTION_WINDOW_HOIPOIMIX	2	2	lang0,taiwan	taiwan:local_data.dat:混合膠囊 | lang0:lang0.pak:HoiPoi Mix
DST_OPTION_CONTROL_ACTION_WINDOW_MAIN	2	2	lang0,taiwan	taiwan:local_data.dat:主選單 | lang0:lang0.pak:Main Menu
DST_OPTION_CONTROL_ACTION_WINDOW_MAINCAP	2	2	lang0,taiwan	taiwan:local_data.dat:膠囊盒 | lang0:lang0.pak:Bag
DST_OPTION_CONTROL_ACTION_WINDOW_MASCOT	2	2	lang0,taiwan	taiwan:local_data.dat:寵物視窗 | lang0:lang0.pak:Pets
DST_OPTION_CONTROL_ACTION_WINDOW_MINIMAP	2	2	lang0,taiwan	taiwan:local_data.dat:小地圖 | lang0:lang0.pak:Minimap
DST_OPTION_CONTROL_ACTION_WINDOW_OPTION	2	2	lang0,taiwan	taiwan:local_data.dat:設定視窗 | lang0:lang0.pak:Options
DST_OPTION_CONTROL_ACTION_WINDOW_PARTY	2	2	lang0,taiwan	taiwan:local_data.dat:隊員情報開/關 | lang0:lang0.pak:Party Info
DST_OPTION_CONTROL_ACTION_WINDOW_PROFILE	2	2	lang0,taiwan	taiwan:local_data.dat:角色視窗 | lang0:lang0.pak:Character
DST_OPTION_CONTROL_ACTION_WINDOW_QUEST	2	2	lang0,taiwan	taiwan:local_data.dat:任務視窗 | lang0:lang0.pak:Quests
DST_OPTION_CONTROL_ACTION_WINDOW_RANKBOARD	2	2	lang0,taiwan	taiwan:local_data.dat:查看排名 | lang0:lang0.pak:Rank Board
DST_OPTION_CONTROL_ACTION_WINDOW_SCOUTER	2	2	lang0,taiwan	taiwan:local_data.dat:史考特 ON/OFF | lang0:lang0.pak:Scouter
DST_OPTION_CONTROL_ACTION_WINDOW_SCOUTERUI	2	2	lang0,taiwan	taiwan:local_data.dat:史考特視窗 | lang0:lang0.pak:Scouter UI
DST_OPTION_CONTROL_ACTION_WINDOW_SKILL	2	2	lang0,taiwan	taiwan:local_data.dat:技能視窗 | lang0:lang0.pak:Skills
DST_OPTION_CONTROL_ACTION_WINDOW_WORLDMAP	2	2	lang0,taiwan	taiwan:local_data.dat:世界地圖 | lang0:lang0.pak:Worldmap
DST_OPTION_CONTROL_CATEGORY_AVATAR	2	2	lang0,taiwan	taiwan:local_data.dat:角色動作 | lang0:lang0.pak:Character
DST_OPTION_CONTROL_CATEGORY_FIXED	2	2	lang0,taiwan	taiwan:local_data.dat:其他熱鍵(不可變更) | lang0:lang0.pak:Other
DST_OPTION_CONTROL_CATEGORY_QUICKSLOT	2	2	lang0,taiwan	taiwan:local_data.dat:快捷列熱鍵 | lang0:lang0.pak:Skill Slots
DST_OPTION_CONTROL_CATEGORY_TARGET	2	2	lang0,taiwan	taiwan:local_data.dat:指定目標熱鍵 | lang0:lang0.pak:Target
DST_OPTION_CONTROL_CATEGORY_WINDOW	2	2	lang0,taiwan	taiwan:local_data.dat:視窗熱鍵 | lang0:lang0.pak:Window
DST_OPTION_CONTROL_TEXT_CHANGEGUIDE	2	2	lang0,taiwan	taiwan:local_data.dat:熱鍵與 %s 鍵重複。%s鍵已變更為%s鍵。 | lang0:lang0.pak:Key %s is used by %s, change to %s.
DST_OPTION_CONTROL_TEXT_EMPTYKEY	2	2	lang0,taiwan	taiwan:local_data.dat:尚未指定 | lang0:lang0.pak:None
DST_OPTION_CONTROL_TEXT_FIXEDKEYGUIDE	2	2	lang0,taiwan	taiwan:local_data.dat:輸入此鍵無法變更。 | lang0:lang0.pak:Can't be changed
DST_OPTION_CONTROL_TEXT_GUIDE	2	2	lang0,taiwan	taiwan:local_data.dat:熱鍵重複時將會回復先前的熱鍵 %s 狀態。 | lang0:lang0.pak:Duplicates found: %s
DST_OPTION_CONTROL_TEXT_NEGATIVEMODEGUIDE	2	2	lang0,taiwan	taiwan:local_data.dat:該模式下無法變更鍵盤。 | lang0:lang0.pak:Wrong Key
DST_OPTION_CONTROL_TEXT_NEGATIVE_BY_OTHER	2	2	lang0,taiwan	taiwan:local_data.dat:無法使用與結合其他動作的按鍵 | lang0:lang0.pak:Key is already being used.
DST_OPTION_CONTROL_TEXT_NOTCHANGEGUIDE	2	2	lang0,taiwan	taiwan:local_data.dat:%s 鍵無法變更。 | lang0:lang0.pak:%s can't be changed
DST_OPTION_CONTROL_TEXT_NOTCOMBINEGUIDE	2	2	lang0,taiwan	taiwan:local_data.dat:組合鍵無法使用此動作。 | lang0:lang0.pak:Can't use Key
DST_OPTION_CONTROL_TEXT_NOTCOMBINEGUIDE_FOR_OTHER	2	2	lang0,taiwan	taiwan:local_data.dat:輸入的組合鍵與其他特殊動作重複，無法使用。 | lang0:lang0.pak:Key combination is already being used.
DST_OPTION_CONTROL_TEXT_READYGUIDE	2	2	lang0,taiwan	taiwan:local_data.dat:請輸入要變更的鍵盤。 | lang0:lang0.pak:Please input the key you desire.
DST_OPTION_CONTROL_TEXT_SAMEKEYGUIDE	2	2	lang0,taiwan	taiwan:local_data.dat:與現在設定相同。 | lang0:lang0.pak:No duplicate Keys
DST_OPTION_CONTROL_TEXT_TITLE	2	2	lang0,taiwan	taiwan:local_data.dat:鍵盤設定 | lang0:lang0.pak:Control
DST_OPTION_CONTROL_TEXT_WAITGUIDE	2	2	lang0,taiwan	taiwan:local_data.dat:無變更的鍵盤或無法套用。 | lang0:lang0.pak:No changes.
DST_OPTION_DROPFILTER_ARMORDOWNGRADE	2	2	lang0,taiwan	taiwan:local_data.dat:護甲降級石 | lang0:lang0.pak:Armor Downgrade Stone
DST_OPTION_DROPFILTER_ARMORGREATERUPGRADE	2	2	lang0,taiwan	taiwan:local_data.dat:護甲高級強化石 | lang0:lang0.pak:Armor Greater Stone
DST_OPTION_DROPFILTER_ARMORUPGRADE	2	2	lang0,taiwan	taiwan:local_data.dat:護甲強化石 | lang0:lang0.pak:Armor Stone
DST_OPTION_DROPFILTER_AUTOCOLLECT	2	2	lang0,taiwan	taiwan:local_data.dat:自動擷取 | lang0:lang0.pak:Auto-Collect
DST_OPTION_DROPFILTER_DRAGONBALL	2	2	lang0,taiwan	taiwan:local_data.dat:七龍珠 | lang0:lang0.pak:DragonBall
DST_OPTION_DROPFILTER_EXCELENT	2	2	lang0,taiwan	taiwan:local_data.dat:優 | lang0:lang0.pak:Excelent
DST_OPTION_DROPFILTER_FOOD	2	2	lang0,taiwan	taiwan:local_data.dat:食物道具 | lang0:lang0.pak:Food Items
DST_OPTION_DROPFILTER_JUNK	2	2	lang0,taiwan	taiwan:local_data.dat:Event Items | lang0:lang0.pak:Event Items
DST_OPTION_DROPFILTER_LEGENDARY	2	2	lang0,taiwan	taiwan:local_data.dat:傳說 | lang0:lang0.pak:Legendary
DST_OPTION_DROPFILTER_NORMAL	2	2	lang0,taiwan	taiwan:local_data.dat:普通 | lang0:lang0.pak:Normal
DST_OPTION_DROPFILTER_RARE	2	2	lang0,taiwan	taiwan:local_data.dat:稀有 | lang0:lang0.pak:Rare
DST_OPTION_DROPFILTER_RECOVER	2	2	lang0,taiwan	taiwan:local_data.dat:恢復道具 | lang0:lang0.pak:Recover Items
DST_OPTION_DROPFILTER_STONECORE	2	2	lang0,taiwan	taiwan:local_data.dat:強化保護石 | lang0:lang0.pak:White Stone
DST_OPTION_DROPFILTER_SUPERIOR	2	2	lang0,taiwan	taiwan:local_data.dat:高級 | lang0:lang0.pak:Superior
DST_OPTION_DROPFILTER_TITLE_ITEMS	2	2	lang0,taiwan	taiwan:local_data.dat:物品 | lang0:lang0.pak:Items
DST_OPTION_DROPFILTER_TITLE_STONES	2	2	lang0,taiwan	taiwan:local_data.dat:寶石 | lang0:lang0.pak:Stones
DST_OPTION_DROPFILTER_TOOLTIP_ARMORDOWNGRADE	2	2	lang0,taiwan	taiwan:local_data.dat:過濾護甲降級石 | lang0:lang0.pak:Filter Armor Downgrade Stone
DST_OPTION_DROPFILTER_TOOLTIP_ARMORGREATERUPGRADE	2	2	lang0,taiwan	taiwan:local_data.dat:過濾護甲高級強化石 | lang0:lang0.pak:Filter Armor Greater Stone
DST_OPTION_DROPFILTER_TOOLTIP_ARMORUPGRADE	2	2	lang0,taiwan	taiwan:local_data.dat:過濾護甲強化石 | lang0:lang0.pak:Filter Armor Stone
DST_OPTION_DROPFILTER_TOOLTIP_AUTOCOLLECT	2	2	lang0,taiwan	taiwan:local_data.dat:自動擷取物品 | lang0:lang0.pak:Auto-Collect Items
DST_OPTION_DROPFILTER_TOOLTIP_DRAGONBALL	2	2	lang0,taiwan	taiwan:local_data.dat:過濾龍珠 | lang0:lang0.pak:Filter Legendary Items
DST_OPTION_DROPFILTER_TOOLTIP_EXCELENT	2	2	lang0,taiwan	taiwan:local_data.dat:過濾精良物品 | lang0:lang0.pak:Filter Excelent Items
DST_OPTION_DROPFILTER_TOOLTIP_FOOD	2	2	lang0,taiwan	taiwan:local_data.dat:過濾食物道具 | lang0:lang0.pak:Filter Food Items
DST_OPTION_DROPFILTER_TOOLTIP_LEGENDARY	2	2	lang0,taiwan	taiwan:local_data.dat:過濾傳說物品 | lang0:lang0.pak:Filter Legendary Items
DST_OPTION_DROPFILTER_TOOLTIP_NORMAL	2	2	lang0,taiwan	taiwan:local_data.dat:過濾普通物品 | lang0:lang0.pak:Filter Normal Items
DST_OPTION_DROPFILTER_TOOLTIP_RARE	2	2	lang0,taiwan	taiwan:local_data.dat:過濾稀有物品 | lang0:lang0.pak:Filter Rare Items
DST_OPTION_DROPFILTER_TOOLTIP_RECOVER	2	2	lang0,taiwan	taiwan:local_data.dat:過濾復原道具 | lang0:lang0.pak:Filter Recover Items
DST_OPTION_DROPFILTER_TOOLTIP_STONECORE	2	2	lang0,taiwan	taiwan:local_data.dat:過濾白石 | lang0:lang0.pak:Filter White Stone
DST_OPTION_DROPFILTER_TOOLTIP_SUPERIOR	2	2	lang0,taiwan	taiwan:local_data.dat:過濾高級物品 | lang0:lang0.pak:Filter Superior Items
DST_OPTION_DROPFILTER_TOOLTIP_UTILITY	2	2	lang0,taiwan	taiwan:local_data.dat:過濾功能道具 | lang0:lang0.pak:Filter Utility Items
DST_OPTION_DROPFILTER_TOOLTIP_WEAPONDOWNGRADE	2	2	lang0,taiwan	taiwan:local_data.dat:過濾武器降級石 | lang0:lang0.pak:Filter Weapon Downgrade Stone
DST_OPTION_DROPFILTER_TOOLTIP_WEAPONGREATERUPGRADE	2	2	lang0,taiwan	taiwan:local_data.dat:過濾武器高級強化石 | lang0:lang0.pak:Filter Weapon Greater Stone
DST_OPTION_DROPFILTER_TOOLTIP_WEAPONUPGRADE	2	2	lang0,taiwan	taiwan:local_data.dat:過濾武器強化石 | lang0:lang0.pak:Filter Weapon Stone
DST_OPTION_DROPFILTER_UTILITY	2	2	lang0,taiwan	taiwan:local_data.dat:功能性道具 | lang0:lang0.pak:Utility Items
DST_OPTION_DROPFILTER_WEAPONDOWNGRADE	2	2	lang0,taiwan	taiwan:local_data.dat:武器降級石 | lang0:lang0.pak:Weapon Downgrade Stone
DST_OPTION_DROPFILTER_WEAPONGREATERUPGRADE	2	2	lang0,taiwan	taiwan:local_data.dat:武器高級強化石 | lang0:lang0.pak:Weapon Greater Stone
DST_OPTION_DROPFILTER_WEAPONUPGRADE	2	2	lang0,taiwan	taiwan:local_data.dat:武器強化石 | lang0:lang0.pak:Weapon Stone
DST_OPTION_ETC_EX_QUICKSLOT1	2	2	lang0,taiwan	taiwan:local_data.dat:擴充快捷列1 | lang0:lang0.pak:Extended Bar 1
DST_OPTION_ETC_EX_QUICKSLOT2	2	2	lang0,taiwan	taiwan:local_data.dat:擴充快捷列2 | lang0:lang0.pak:Extended Bar 2
DST_OPTION_ETC_EX_QUICKSLOT_LOCK	2	2	lang0,taiwan	taiwan:local_data.dat:鎖定擴充快速列 | lang0:lang0.pak:Lock Bars
DST_OPTION_ETC_FOV	2	2	lang0,taiwan	taiwan:local_data.dat:視覺 | lang0:lang0.pak:FOV
DST_OPTION_ETC_FRIENDCONNECT	2	2	lang0,taiwan	taiwan:local_data.dat:好友上線情報 | lang0:lang0.pak:Friend Connection Info
DST_OPTION_ETC_GUILDCONNECT	2	2	lang0,taiwan	taiwan:local_data.dat:流派成員上線情報 | lang0:lang0.pak:Guild Login
DST_OPTION_ETC_MOUSEDASH	2	2	lang0,taiwan	taiwan:local_data.dat:滑鼠點擊間隔 | lang0:lang0.pak:Mouse Dash Interval
DST_OPTION_ETC_QUESTEFFECT	2	2	lang0,taiwan	taiwan:local_data.dat:任務文字效果 | lang0:lang0.pak:Quest Text Effects
DST_OPTION_ETC_SELF_TARGET_APPLY	2	2	lang0,taiwan	taiwan:local_data.dat:施展SELF技能 | lang0:lang0.pak:Self casting
DST_OPTION_ETC_USERTRADE	2	2	lang0,taiwan	taiwan:local_data.dat:交易 | lang0:lang0.pak:Trade
DST_OPTION_ETC_VIEW_POINT	2	2	lang0,taiwan	taiwan:local_data.dat:視點 | lang0:lang0.pak:Point
DST_OPTION_ETC_WINDOWMOVE	2	2	lang0,taiwan	taiwan:local_data.dat:可移動視窗 | lang0:lang0.pak:Lock Windows
DST_OPTION_ETC_WINDOWMOVE_DEFAULT	2	2	lang0,taiwan	taiwan:local_data.dat:還原視窗位置 | lang0:lang0.pak:Default Window Positions
DST_OPTION_GMT_TAB	2	2	lang0,taiwan	taiwan:local_data.dat:修練者 | lang0:lang0.pak:Bonus
DST_OPTION_GRAPHIC_CARTOON_EDGE	2	2	lang0,taiwan	taiwan:local_data.dat:卡通效果 | lang0:lang0.pak:Cell Shading
DST_OPTION_GRAPHIC_CHARACTER_EFFECT	2	2	lang0,taiwan	taiwan:local_data.dat:角色效果 | lang0:lang0.pak:Character Effects
DST_OPTION_GRAPHIC_CHARACTER_RANGE	2	2	lang0,taiwan	taiwan:local_data.dat:角色視野距離 | lang0:lang0.pak:Player Range
DST_OPTION_GRAPHIC_CHARACTER_SHADOW	2	2	lang0,taiwan	taiwan:local_data.dat:角色陰影 | lang0:lang0.pak:Player Shadows
DST_OPTION_GRAPHIC_ETC_TITLE	2	2	lang0,taiwan	taiwan:local_data.dat:其他效果 | lang0:lang0.pak:Other Effects
DST_OPTION_GRAPHIC_GAMMA	2	2	lang0,taiwan	taiwan:local_data.dat:明度 | lang0:lang0.pak:Gamma
DST_OPTION_GRAPHIC_HDR_EFFECT	2	2	lang0,taiwan	taiwan:local_data.dat:HDR效果 | lang0:lang0.pak:HDR FX
DST_OPTION_GRAPHIC_MAGIC_EFFECT	2	2	lang0,taiwan	taiwan:local_data.dat:魔法細部效果 | lang0:lang0.pak:Spell Effects
DST_OPTION_GRAPHIC_PERFORMANCE_MODE	2	2	lang0,taiwan	taiwan:local_data.dat:Performance Mode | lang0:lang0.pak:Performance Mode
DST_OPTION_GRAPHIC_QUALITY_HIGH	2	2	lang0,taiwan	taiwan:local_data.dat:高 | lang0:lang0.pak:High
DST_OPTION_GRAPHIC_QUALITY_LOW	2	2	lang0,taiwan	taiwan:local_data.dat:低 | lang0:lang0.pak:Low
DST_OPTION_GRAPHIC_QUALITY_MIDDLE	2	2	lang0,taiwan	taiwan:local_data.dat:中 | lang0:lang0.pak:Medium
DST_OPTION_GRAPHIC_QUALITY_OBJECT_RANGE	2	2	lang0,taiwan	taiwan:local_data.dat:物件視野 | lang0:lang0.pak:Object Distance
DST_OPTION_GRAPHIC_QUALITY_TERRAIN_RANGE	2	2	lang0,taiwan	taiwan:local_data.dat:地形視野 | lang0:lang0.pak:Terrain Distance
DST_OPTION_GRAPHIC_QUALITY_TOTAL	2	2	lang0,taiwan	taiwan:local_data.dat:圖項品質 | lang0:lang0.pak:Total
DST_OPTION_GRAPHIC_QUALITY_USER	2	2	lang0,taiwan	taiwan:local_data.dat:使用者 | lang0:lang0.pak:Custom
DST_OPTION_GRAPHIC_RESOLUTION	2	2	lang0,taiwan	taiwan:local_data.dat:解析度設定 | lang0:lang0.pak:Resolution
DST_OPTION_GRAPHIC_RESOLUTION_TITLE	2	2	lang0,taiwan	taiwan:local_data.dat:解析度設定 | lang0:lang0.pak:Resolution
DST_OPTION_GRAPHIC_TERRAIN_SHADOW	2	2	lang0,taiwan	taiwan:local_data.dat:地型陰影 | lang0:lang0.pak:Object Shadows
DST_OPTION_GRAPHIC_TEXTURE_QUALITY	2	2	lang0,taiwan	taiwan:local_data.dat:字型解析度 | lang0:lang0.pak:Texture Quality
DST_OPTION_GRAPHIC_TITLE	2	2	lang0,taiwan	taiwan:local_data.dat:效果 | lang0:lang0.pak:Quality
DST_OPTION_GRAPHIC_UPGRADE_EFFECT	2	2	lang0,taiwan	taiwan:local_data.dat:升級效果 | lang0:lang0.pak:Upgrade Effects
DST_OPTION_GRAPHIC_WATER_EFFECT	2	2	lang0,taiwan	taiwan:local_data.dat:水波效果 | lang0:lang0.pak:Water Effects
DST_OPTION_GRAPHIC_WEATHER_EFFECT	2	2	lang0,taiwan	taiwan:local_data.dat:天氣效果 | lang0:lang0.pak:Weather Effects
DST_OPTION_GRAPHIC_WINDOWMODE	2	2	lang0,taiwan	taiwan:local_data.dat:視窗模式 | lang0:lang0.pak:Windowed Mode
DST_OPTION_INFO_ACHAR_NAME	2	2	lang0,taiwan	taiwan:local_data.dat:顯示角色姓名 | lang0:lang0.pak:Show your name
DST_OPTION_INFO_AGGRO_MODE	2	2	lang0,taiwan	taiwan:local_data.dat:顯示怪物Aggro視窗 | lang0:lang0.pak:Show your agro
DST_OPTION_INFO_COSTUME_RENDER	2	2	lang0,taiwan	taiwan:local_data.dat:標示自己的套裝 | lang0:lang0.pak:Show Costumes
DST_OPTION_INFO_DAMAGE_RENDER	2	2	lang0,taiwan	taiwan:local_data.dat:角色戰鬥訊息 | lang0:lang0.pak:Combat info
DST_OPTION_INFO_DOJOMARK	2	2	lang0,taiwan	taiwan:local_data.dat:所屬道場顯示 | lang0:lang0.pak:Show Dojo Mark
DST_OPTION_INFO_DROPITEM_OWNERSHIP	2	2	lang0,taiwan	taiwan:local_data.dat:標示掉落道具情報 | lang0:lang0.pak:Show loot Icon
DST_OPTION_INFO_GUILDEMBLEM	2	2	lang0,taiwan	taiwan:local_data.dat:流派紋章顯示 | lang0:lang0.pak:Guild Emblem
DST_OPTION_INFO_SCOUTERMODEL	2	2	lang0,taiwan	taiwan:local_data.dat:顯示史考特 | lang0:lang0.pak:Show Scouter
DST_OPTION_INFO_TOOLTIP_ACHAR_NAME	2	2	lang0,taiwan	taiwan:local_data.dat:設定是否顯示自身角色姓名。 | lang0:lang0.pak:Display Names.
DST_OPTION_INFO_TOOLTIP_AGGRO	2	2	lang0,taiwan	taiwan:local_data.dat:設定是否顯示Aggro清單視窗。 | lang0:lang0.pak:Display Agro values.
DST_OPTION_INFO_TOOLTIP_COSTUME_RENDER	2	2	lang0,taiwan	taiwan:local_data.dat:請設定是否要標示自己的套裝。 | lang0:lang0.pak:Possibility to hide/show Costumes
DST_OPTION_INFO_TOOLTIP_DAMAGE_RENDER	2	2	lang0,taiwan	taiwan:local_data.dat:設定是否顯示所有戰鬥訊息。 | lang0:lang0.pak:Display all combat info
DST_OPTION_INFO_TOOLTIP_DROPITEM_OWNERSHIP	2	2	lang0,taiwan	taiwan:local_data.dat:選擇是否要標示掉落物品的所有權情報。 | lang0:lang0.pak:Show the loot Icon
DST_OPTION_KIT_ITEM_EMPTY_TOOLTIP	2	2	lang0,taiwan	taiwan:local_data.dat:屬性盒道具放置的位置. | lang0:lang0.pak:Place your item here.
DST_OPTION_OK	2	2	lang0,taiwan	taiwan:local_data.dat:套用 | lang0:lang0.pak:Apply
DST_OPTION_OKEFFECT	2	2	lang0,taiwan	taiwan:local_data.dat:Apply Only Effect | lang0:lang0.pak:Apply Only Effect
DST_OPTION_PERF_HIDE_MASCOT	2	2	lang0,taiwan	taiwan:local_data.dat:Hide Mascots/Pets | lang0:lang0.pak:Hide Mascots/Pets
DST_OPTION_PERF_HIDE_MASCOT_TOOLTIP	2	2	lang0,taiwan	taiwan:local_data.dat:Hides other players' mascots and pet summons | lang0:lang0.pak:Hides other players' mascots and pet summons
DST_OPTION_PERF_HIDE_PLAYER_EFFECTS	2	2	lang0,taiwan	taiwan:local_data.dat:Hide Player Effects | lang0:lang0.pak:Hide Player Effects
DST_OPTION_PERF_HIDE_PLAYER_EFFECTS_TOOLTIP	2	2	lang0,taiwan	taiwan:local_data.dat:Hides all combat effects from other players (skills, attacks, projectiles). Only your own effects will be visible. | lang0:lang0.pak:Hides all combat effects from other players (skills, attacks, projectiles). Only your own effects will be visible.
DST_OPTION_PERF_PLAYER_FILTER	2	2	lang0,taiwan	taiwan:local_data.dat:Player Filter: | lang0:lang0.pak:Player Filter:
DST_OPTION_PERF_PLAYER_FILTER_ALL	2	2	lang0,taiwan	taiwan:local_data.dat:Show All | lang0:lang0.pak:Show All
DST_OPTION_PERF_PLAYER_FILTER_ALL_SOCIAL	2	2	lang0,taiwan	taiwan:local_data.dat:Party + Guild + Friends | lang0:lang0.pak:Party + Guild + Friends
DST_OPTION_PERF_PLAYER_FILTER_FRIENDS	2	2	lang0,taiwan	taiwan:local_data.dat:Friends Only | lang0:lang0.pak:Friends Only
DST_OPTION_PERF_PLAYER_FILTER_GUILD	2	2	lang0,taiwan	taiwan:local_data.dat:Guild Only | lang0:lang0.pak:Guild Only
DST_OPTION_PERF_PLAYER_FILTER_HIDE_ALL	2	2	lang0,taiwan	taiwan:local_data.dat:Hide All | lang0:lang0.pak:Hide All
DST_OPTION_PERF_PLAYER_FILTER_PARTY	2	2	lang0,taiwan	taiwan:local_data.dat:Party Only | lang0:lang0.pak:Party Only
DST_OPTION_PERF_PLAYER_FILTER_PARTY_GUILD	2	2	lang0,taiwan	taiwan:local_data.dat:Party + Guild | lang0:lang0.pak:Party + Guild
DST_OPTION_RADIO_OFF	2	2	lang0,taiwan	taiwan:local_data.dat:關閉 | lang0:lang0.pak:Off
DST_OPTION_RADIO_ON	2	2	lang0,taiwan	taiwan:local_data.dat:開啟 | lang0:lang0.pak:On
DST_OPTION_RESET	2	2	lang0,taiwan	taiwan:local_data.dat:預設值 | lang0:lang0.pak:Default
DST_OPTION_RESOLUTION_FORMAT	2	2	lang0,taiwan	taiwan:local_data.dat:%d*%d*%d bit | lang0:lang0.pak:%d*%d*%dbit
DST_OPTION_RESOLUTION_FORMAT_WINMODE	2	2	lang0,taiwan	taiwan:local_data.dat:%d*%d | lang0:lang0.pak:%d*%d
DST_OPTION_SOUND_BGM	2	2	lang0,taiwan	taiwan:local_data.dat:背景音量 | lang0:lang0.pak:Background Music
DST_OPTION_SOUND_ENV	2	2	lang0,taiwan	taiwan:local_data.dat:環境音量 | lang0:lang0.pak:Environment Sound
DST_OPTION_SOUND_MAIN	2	2	lang0,taiwan	taiwan:local_data.dat:主音量 | lang0:lang0.pak:Main Volume
DST_OPTION_SOUND_SE	2	2	lang0,taiwan	taiwan:local_data.dat:效果音量 | lang0:lang0.pak:Sound Effects
DST_OPTION_TAB_DROP_FILTER	2	2	lang0,taiwan	taiwan:local_data.dat:擷取 | lang0:lang0.pak:Drop Filter
DST_OPTION_TAB_DROP_SELL	2	2	lang0,taiwan	taiwan:local_data.dat:Drop Sell | lang0:lang0.pak:Drop Sell
DST_OPTION_TAB_GAME	2	2	lang0,taiwan	taiwan:local_data.dat:遊戲 | lang0:lang0.pak:Game
DST_OPTION_TAB_GAME_CHATTING	2	2	lang0,taiwan	taiwan:local_data.dat:聊天 | lang0:lang0.pak:Chat
DST_OPTION_TAB_GAME_CONTROL	2	2	lang0,taiwan	taiwan:local_data.dat:鍵盤 | lang0:lang0.pak:Controls
DST_OPTION_TAB_GAME_ETC	2	2	lang0,taiwan	taiwan:local_data.dat:其他 | lang0:lang0.pak:Other
DST_OPTION_TAB_GAME_INFO	2	2	lang0,taiwan	taiwan:local_data.dat:情報 | lang0:lang0.pak:Info
DST_OPTION_TAB_SYSTEM	2	2	lang0,taiwan	taiwan:local_data.dat:系統 | lang0:lang0.pak:System
DST_OPTION_TAB_SYSTEM_EFFECT	2	2	lang0,taiwan	taiwan:local_data.dat:效果 | lang0:lang0.pak:FX
DST_OPTION_TAB_SYSTEM_GRAPHIC	2	2	lang0,taiwan	taiwan:local_data.dat:圖片 | lang0:lang0.pak:GFX
DST_OPTION_TAB_SYSTEM_SOUND	2	2	lang0,taiwan	taiwan:local_data.dat:音效 | lang0:lang0.pak:Sound
DST_OPTION_TITLE	2	2	lang0,taiwan	taiwan:local_data.dat:設定 | lang0:lang0.pak:Options
DST_OPTION_TOOLTIP_BGMVOLUME	2	2	lang0,taiwan	taiwan:local_data.dat:設定遊戲背景音量。 | lang0:lang0.pak:Background Volume
DST_OPTION_TOOLTIP_CARTOON_EDGE	2	2	lang0,taiwan	taiwan:local_data.dat:可設定是否使用漫畫外框。 | lang0:lang0.pak:Cartoon Outline Yes/No
DST_OPTION_TOOLTIP_CHARACTER_DISTANCE	2	2	lang0,taiwan	taiwan:local_data.dat:可以設定視野距離的遠近。 | lang0:lang0.pak:Far or Near Viewing Distance
DST_OPTION_TOOLTIP_CHAT_ADDED2_WINDOW	2	2	lang0,taiwan	taiwan:local_data.dat:設定其他聊天視窗2顯示與否。 | lang0:lang0.pak:Add 2nd Chat Window
DST_OPTION_TOOLTIP_CHAT_ADDED_WINDOW	2	2	lang0,taiwan	taiwan:local_data.dat:設定其他聊天視窗顯示與否。 | lang0:lang0.pak:Separate Chat Window
DST_OPTION_TOOLTIP_CHAT_GUILD	2	2	lang0,taiwan	taiwan:local_data.dat:設定聊天視窗中流派對話顯示與否。 | lang0:lang0.pak:Guild Chat
DST_OPTION_TOOLTIP_CHAT_INPUTMODE	2	2	lang0,taiwan	taiwan:local_data.dat:設定聊天輸入視窗顯示與否。 | lang0:lang0.pak:Chat Prompt
DST_OPTION_TOOLTIP_CHAT_LOCK	2	2	lang0,taiwan	taiwan:local_data.dat:聊天視窗已鎖定無法變更位置。 | lang0:lang0.pak:Chat Window Lock
DST_OPTION_TOOLTIP_CHAT_MOUSESCROLL	2	2	lang0,taiwan	taiwan:local_data.dat:設定聊天視窗中使用滑鼠拉桿。 | lang0:lang0.pak:Mouse Scroll in Chat Window Active or Not
DST_OPTION_TOOLTIP_CHAT_NORMAL	2	2	lang0,taiwan	taiwan:local_data.dat:設定聊天視窗中一般對話顯示與否。 | lang0:lang0.pak:Chat Normal
DST_OPTION_TOOLTIP_CHAT_PARTY	2	2	lang0,taiwan	taiwan:local_data.dat:聊天視窗中隊伍對話顯示與否。 | lang0:lang0.pak:Party Chat
DST_OPTION_TOOLTIP_CHAT_PARTY_SEARCH	2	2	lang0,taiwan	taiwan:local_data.dat:此為尋找組隊的專用聊天視窗 | lang0:lang0.pak:Party Search Chat
DST_OPTION_TOOLTIP_CHAT_SHOUT	2	2	lang0,taiwan	taiwan:local_data.dat:設定聊天視窗中廣播內容顯示與否。 | lang0:lang0.pak:Shout Chat
DST_OPTION_TOOLTIP_CHAT_SYSTEM	2	2	lang0,taiwan	taiwan:local_data.dat:設定聊天視窗中系統資訊顯示與否。 | lang0:lang0.pak:System Chat
DST_OPTION_TOOLTIP_CHAT_TRADE	2	2	lang0,taiwan	taiwan:local_data.dat:設定聊天視窗中交易資訊顯示與否。 | lang0:lang0.pak:Trade Chat
DST_OPTION_TOOLTIP_CHAT_WHISPER	2	2	lang0,taiwan	taiwan:local_data.dat:設定聊天視窗中悄悄話顯示與否。 | lang0:lang0.pak:Chat Whisper
DST_OPTION_TOOLTIP_CHAT_WINDOW_OPACITY	2	2	lang0,taiwan	taiwan:local_data.dat:設定聊天視窗透明度。 | lang0:lang0.pak:Opacity
DST_OPTION_TOOLTIP_DOJO_MARK	2	2	lang0,taiwan	taiwan:local_data.dat:設定所屬道場標示。 | lang0:lang0.pak:Show Dojo Mark
DST_OPTION_TOOLTIP_EFFECTVOLUME	2	2	lang0,taiwan	taiwan:local_data.dat:設定遊戲效果音量。 | lang0:lang0.pak:Effect Volume
DST_OPTION_TOOLTIP_ENVVOLUME	2	2	lang0,taiwan	taiwan:local_data.dat:設定遊戲環境效果音量。 | lang0:lang0.pak:Environment Volume
DST_OPTION_TOOLTIP_EX_QUICKSLOT1	2	2	lang0,taiwan	taiwan:local_data.dat:設定擴充第一排快捷列。 | lang0:lang0.pak:Activate Quickbar 1
DST_OPTION_TOOLTIP_EX_QUICKSLOT2	2	2	lang0,taiwan	taiwan:local_data.dat:設定擴充第二排快速列。 | lang0:lang0.pak:Activate Quickbar 2
DST_OPTION_TOOLTIP_FOV	2	2	lang0,taiwan	taiwan:local_data.dat:設定視野角度。 | lang0:lang0.pak:Adjust Angle
DST_OPTION_TOOLTIP_FRIEND_CONNECT	2	2	lang0,taiwan	taiwan:local_data.dat:好友上線時將透過波波提示來告知。 | lang0:lang0.pak:Shows when a Friend Connects
DST_OPTION_TOOLTIP_GAMMA	2	2	lang0,taiwan	taiwan:local_data.dat:全螢幕模式下可以變更明度。 | lang0:lang0.pak:Change Brightness (Full Screen)
DST_OPTION_TOOLTIP_GRAPHIC_QUALITY	2	2	lang0,taiwan	taiwan:local_data.dat:可以設定遊戲的全部影像品質。 | lang0:lang0.pak:Overall Graphic Quality
DST_OPTION_TOOLTIP_GUILD_EMBLEM	2	2	lang0,taiwan	taiwan:local_data.dat:設定流派紋章標示。 | lang0:lang0.pak:Show Guild Emblem
DST_OPTION_TOOLTIP_HDR	2	2	lang0,taiwan	taiwan:local_data.dat:設定是否使用遊戲HDR效果。 | lang0:lang0.pak:Set HDR Effects
DST_OPTION_TOOLTIP_MAGIC_DETAIL	2	2	lang0,taiwan	taiwan:local_data.dat:可以設定技能效果的品質。 | lang0:lang0.pak:Set Skill Effects Quality
DST_OPTION_TOOLTIP_MAINVOLUME	2	2	lang0,taiwan	taiwan:local_data.dat:設定遊戲音量。 | lang0:lang0.pak:Main Volume
DST_OPTION_TOOLTIP_MEMBER_CONNECT	2	2	lang0,taiwan	taiwan:local_data.dat:流派成員上線時將透過波波提示來告知。 | lang0:lang0.pak:Shows when a Member connects
DST_OPTION_TOOLTIP_MOUSE_DASH	2	2	lang0,taiwan	taiwan:local_data.dat:設定使用衝刺的滑鼠點擊按鍵。 | lang0:lang0.pak:Double click to dash.
DST_OPTION_TOOLTIP_OBJECT_DISTANCE	2	2	lang0,taiwan	taiwan:local_data.dat:可以進行看到物體視野距離遠近設定。 | lang0:lang0.pak:Object Distance
DST_OPTION_TOOLTIP_PERFORMANCE_MODE	2	2	lang0,taiwan	taiwan:local_data.dat:Disables all visual effects for maximum performance (Overrides Player Filter, hides all players, pets and mascots) | lang0:lang0.pak:Disables all visual effects for maximum performance (Overrides Player Filter, hides all players, pets and mascots)
DST_OPTION_TOOLTIP_QUEST_TEXT	2	2	lang0,taiwan	taiwan:local_data.dat:設定任務文字顯示效果。 | lang0:lang0.pak:Instant Quest Text
DST_OPTION_TOOLTIP_QUICKSLOT_LOCK	2	2	lang0,taiwan	taiwan:local_data.dat:鎖定快速列或解除。 | lang0:lang0.pak:Lock Quickbar
DST_OPTION_TOOLTIP_RESOLUTION	2	2	lang0,taiwan	taiwan:local_data.dat:可以變更解析度。 | lang0:lang0.pak:Change Resolution
DST_OPTION_TOOLTIP_SCOUTER	2	2	lang0,taiwan	taiwan:local_data.dat:設定角色裝備史考特。 | lang0:lang0.pak:Indicate Power Level of other Beings
DST_OPTION_TOOLTIP_SELF_TARGET_APPLY	2	2	lang0,taiwan	taiwan:local_data.dat:按下SHIFT鍵發動技能時可對自己使用該技能 | lang0:lang0.pak:Hold Shift to target yourself.
DST_OPTION_TOOLTIP_SHADOW	2	2	lang0,taiwan	taiwan:local_data.dat:設定角色陰影顯示。 | lang0:lang0.pak:Character Shadows
DST_OPTION_TOOLTIP_TAB_CHATTING	2	2	lang0,taiwan	taiwan:local_data.dat:設定遊戲內聊天設定。 | lang0:lang0.pak:In-game Chat Option
DST_OPTION_TOOLTIP_TAB_CONTROL	2	2	lang0,taiwan	taiwan:local_data.dat:設定遊戲熱鍵。 | lang0:lang0.pak:Game Options
DST_OPTION_TOOLTIP_TAB_ETC	2	2	lang0,taiwan	taiwan:local_data.dat:其他設定。 | lang0:lang0.pak:Other Options
DST_OPTION_TOOLTIP_TAB_GRAPHIC	2	2	lang0,taiwan	taiwan:local_data.dat:進行遊戲影像設定。 | lang0:lang0.pak:Graphics
DST_OPTION_TOOLTIP_TAB_INFO	2	2	lang0,taiwan	taiwan:local_data.dat:設定遊戲情報。 | lang0:lang0.pak:Info Display
DST_OPTION_TOOLTIP_TAB_SOUND	2	2	lang0,taiwan	taiwan:local_data.dat:設定遊戲音效。 | lang0:lang0.pak:Sound Options
DST_OPTION_TOOLTIP_TERRAIN_DISTANCE	2	2	lang0,taiwan	taiwan:local_data.dat:可以進行看到地形視野距離遠近設定。 | lang0:lang0.pak:Terrain Distance
DST_OPTION_TOOLTIP_TERRAIN_SHADOW	2	2	lang0,taiwan	taiwan:local_data.dat:可以設定是否顯示地形事物陰影。 | lang0:lang0.pak:Shadow of Terrain
DST_OPTION_TOOLTIP_TEXTURE_LEVEL	2	2	lang0,taiwan	taiwan:local_data.dat:可以進行字型品質設定，重啟遊戲後即可套用。 | lang0:lang0.pak:Set Texture Level
DST_OPTION_TOOLTIP_TRADE	2	2	lang0,taiwan	taiwan:local_data.dat:不接受玩家間交易申請。 | lang0:lang0.pak:Decline Trades
DST_OPTION_TOOLTIP_UPGRADE_EFFECT	2	2	lang0,taiwan	taiwan:local_data.dat:可設定是否顯示裝備升級效果。 | lang0:lang0.pak:Glow Upgrade Effects
DST_OPTION_TOOLTIP_VIEW_POINT	2	2	lang0,taiwan	taiwan:local_data.dat:調整視點。 | lang0:lang0.pak:Adjust View
DST_OPTION_TOOLTIP_WATER_EFFECT	2	2	lang0,taiwan	taiwan:local_data.dat:可以設定真實水波顯示效果。 | lang0:lang0.pak:Effects of Water
DST_OPTION_TOOLTIP_WEATHER_EFFECT	2	2	lang0,taiwan	taiwan:local_data.dat:可以設定天氣效果的品質。 | lang0:lang0.pak:Set Weather Effects Quality
DST_OPTION_TOOLTIP_WINDOWMODE	2	2	lang0,taiwan	taiwan:local_data.dat:可選擇使用全螢幕或視窗模式來進行遊戲。 | lang0:lang0.pak:Fullscreen or Windowed
DST_OPTION_TOOLTIP_WINDOW_DEFAULT	2	2	lang0,taiwan	taiwan:local_data.dat:所有視窗回到基本位置。 | lang0:lang0.pak:Set All Windows to Default Location
DST_OPTION_TOOLTIP_WINDOW_MOVEABLE	2	2	lang0,taiwan	taiwan:local_data.dat:還原除倉庫外所有視窗位置。 | lang0:lang0.pak:Lock the Windows
DST_OUT_RANGE_FROM_POPOSTONE	2	2	lang0,taiwan	taiwan:local_data.dat:不在波波之石附近。 | lang0:lang0.pak:Too far away from a Popo Stone.
DST_PARTYGUI_CANCEL_PARTYMATCHING	2	2	lang0,taiwan	taiwan:local_data.dat:解除隊伍配對。 | lang0:lang0.pak:Cancel Party matching.
DST_PARTYGUI_CHARM	2	2	lang0,taiwan	taiwan:local_data.dat:隊伍護身符 | lang0:lang0.pak:Charm
DST_PARTYGUI_CHARM_EXPLAIN	2	2	lang0,taiwan	taiwan:local_data.dat:使用隊伍護身符時全體隊員可獲得特殊效果。 | lang0:lang0.pak:If used in Party,members will benefit from this power.
DST_PARTYGUI_CHARM_USE	2	2	lang0,taiwan	taiwan:local_data.dat:使用護身符 | lang0:lang0.pak:Can't Use
DST_PARTYGUI_DEST_ZENNY	2	2	lang0,taiwan	taiwan:local_data.dat:目標金額 | lang0:lang0.pak:Cost
DST_PARTYGUI_DUNGEON	2	2	lang0,taiwan	taiwan:local_data.dat:初始化UD副本。 | lang0:lang0.pak:Dungeon Settings
DST_PARTYGUI_ENTER_DUNGEON	2	2	lang0,taiwan	taiwan:local_data.dat:將會立即進入副本。 | lang0:lang0.pak:Enter
DST_PARTYGUI_FOLD	2	2	lang0,taiwan	taiwan:local_data.dat:隱藏隊伍選單。 | lang0:lang0.pak:Hide Options
DST_PARTYGUI_INVEN	2	2	lang0,taiwan	taiwan:local_data.dat:隊伍背包 | lang0:lang0.pak:Party Inventory
DST_PARTYGUI_INVEN_COMPETITOR	2	2	lang0,taiwan	taiwan:local_data.dat:貢獻點數的玩家數 | lang0:lang0.pak:Join Investment grade
DST_PARTYGUI_INVEN_EXCUTE_DIVIDE	2	2	lang0,taiwan	taiwan:local_data.dat:進行分配 | lang0:lang0.pak:Divide
DST_PARTYGUI_INVEN_ITEM_GRADE	2	2	lang0,taiwan	taiwan:local_data.dat:移至隊伍背包保管 | lang0:lang0.pak:Item Grade
DST_PARTYGUI_INVEN_LOCK	2	2	lang0,taiwan	taiwan:local_data.dat:拍賣中止 | lang0:lang0.pak:Lock
DST_PARTYGUI_INVEN_MYSCORE	2	2	lang0,taiwan	taiwan:local_data.dat:我付出的貢獻度 | lang0:lang0.pak:I join Investment rating
DST_PARTYGUI_INVEN_RESET_OCTION	2	2	lang0,taiwan	taiwan:local_data.dat:拍賣情報初始化 | lang0:lang0.pak:Reset Auction
DST_PARTYGUI_INVEN_SUCCESSFUL_BID	2	2	lang0,taiwan	taiwan:local_data.dat:流標 | lang0:lang0.pak:Bid Successful
DST_PARTYGUI_INVEN_UNLOCK	2	2	lang0,taiwan	taiwan:local_data.dat:拍賣開始 | lang0:lang0.pak:Unlock
DST_PARTYGUI_INVITE_BUTTON	2	2	lang0,taiwan	taiwan:local_data.dat:邀請 | lang0:lang0.pak:Invite
DST_PARTYGUI_ITEM_LOOTING	2	2	lang0,taiwan	taiwan:local_data.dat:變更道具分配方式。 | lang0:lang0.pak:Item Looting
DST_PARTYGUI_ITEM_LOOTING_BY_DICE	2	2	lang0,taiwan	taiwan:local_data.dat:擲骰子 : 無限制 | lang0:lang0.pak:By Dice
DST_PARTYGUI_ITEM_LOOTING_BY_DICE_BY_EQUIPPED	2	2	lang0,taiwan	taiwan:local_data.dat:擲骰子 : 裝備者優先 | lang0:lang0.pak:By Dice (Equipable)
DST_PARTYGUI_ITEM_LOOTING_BY_LEADER	2	2	lang0,taiwan	taiwan:local_data.dat:由隊長分配 | lang0:lang0.pak:By Leader
DST_PARTYGUI_ITEM_LOOTING_BY_ZENNY	2	2	lang0,taiwan	taiwan:local_data.dat:拍賣 | lang0:lang0.pak:By Zeni
DST_PARTYGUI_ITEM_LOOTING_IN_GRADE	2	2	lang0,taiwan	taiwan:local_data.dat:篩選等級後依序分配 | lang0:lang0.pak:By Grade
DST_PARTYGUI_ITEM_LOOTING_IN_ORDER	2	2	lang0,taiwan	taiwan:local_data.dat:依序分配 | lang0:lang0.pak:In Order
DST_PARTYGUI_ITEM_LOOTING_PICKUP_PERSON	2	2	lang0,taiwan	taiwan:local_data.dat:拾得者優先 | lang0:lang0.pak:Free for All
DST_PARTYGUI_LEAVE_BUTTON	2	2	lang0,taiwan	taiwan:local_data.dat:退出 | lang0:lang0.pak:Leave
DST_PARTYGUI_MEMBER	2	2	lang0,taiwan	taiwan:local_data.dat:隊伍選單 | lang0:lang0.pak:Party
DST_PARTYGUI_PARTYLEADER	2	2	lang0,taiwan	taiwan:local_data.dat:隊長 | lang0:lang0.pak:Leader
DST_PARTYGUI_SPREAD	2	2	lang0,taiwan	taiwan:local_data.dat:展開隊伍選單。 | lang0:lang0.pak:Show Options
DST_PARTYGUI_SWITCH	2	2	lang0,taiwan	taiwan:local_data.dat:可以查看隊員情報。 | lang0:lang0.pak:Options
DST_PARTYGUI_ZENNY_LOOTING	2	2	lang0,taiwan	taiwan:local_data.dat:變更索尼的分配方式。 | lang0:lang0.pak:Zeni Distribution
DST_PARTYGUI_ZENNY_LOOTING_EQUAL	2	2	lang0,taiwan	taiwan:local_data.dat:平分 | lang0:lang0.pak:Divide Equally
DST_PARTYGUI_ZENNY_LOOTING_PICKUP_PERSON	2	2	lang0,taiwan	taiwan:local_data.dat:拾得者優先取得 | lang0:lang0.pak:Free for All
DST_PARTYPOPO_MB_RECALL_FROM_PARTY_MEMBER	2	2	lang0,taiwan	"taiwan:local_data.dat:[align = ""center""][font size = ""12"" color=""f4d762""]召喚隊員[/font][br][br][font size = ""10""""]召喚隊員[/font][br][br][font size = ""10"" color=""69][ ""10"" color=""f4d762""]移動 : 瞬間移動前往發送召喚邀請的場所。 | lang0:lang0.pak:[align = ""center""][font size = ""12"" color=""f4d762""]Summon Party Members[/font][br][br][font size = ""10"" color=""269eff""]Your party wants to summon you.[/font][br][br][font size = ""10"" color=""ffffff""]Accept summon?[\font]"
DST_PARTYPOPO_RECALL_FROM_PERTY	2	2	lang0,taiwan	taiwan:local_data.dat:來自隊長的召喚 | lang0:lang0.pak:Party Popo request
DST_PARTY_ACTIVATE_CHARM	2	2	lang0,taiwan	taiwan:local_data.dat:已發動隊伍護身符 %s。 | lang0:lang0.pak:Charm %s enabled.
DST_PARTY_CHANGE_ITEM_DIVISION	2	2	lang0,taiwan	taiwan:local_data.dat:道具分配方式變更為%s。 | lang0:lang0.pak:Item Divide: %s
DST_PARTY_CHANGE_ITEM_DIVISION_GRADE	2	2	lang0,taiwan	taiwan:local_data.dat:道具分配等及設定變更為%s。 | lang0:lang0.pak:Item divide %s
DST_PARTY_CHANGE_LEADER	2	2	lang0,taiwan	taiwan:local_data.dat:%s 成為新隊長。 | lang0:lang0.pak:New Leader: %s
DST_PARTY_CHANGE_ZENNY_DIVISION	2	2	lang0,taiwan	taiwan:local_data.dat:索尼分配方式變更為%s。 | lang0:lang0.pak:Zeni Divide: %s
DST_PARTY_CHARMSLOT_NOT_EMPTY	2	2	lang0,taiwan	taiwan:local_data.dat:沒有空的隊伍護身符欄位。 | lang0:lang0.pak:No Empty Slots
DST_PARTY_CHARM_START_DICE	2	2	lang0,taiwan	taiwan:local_data.dat:使用隊伍護身符，進行擲骰子決定。 | lang0:lang0.pak:Start Roll
DST_PARTY_CHARM_START_DICE_RESULT_FAIL	2	2	lang0,taiwan	taiwan:local_data.dat:隊伍護身符擲骰結果過低無法使用護身符。 | lang0:lang0.pak:Roll too Low
DST_PARTY_CREATE	2	2	lang0,taiwan	"taiwan:local_data.dat:[align = ""center""][font size = ""12"" color=""f4d762""]建立隊伍[/font][br][br][font size = ""10"" color=""269eff""]隊伍最多可以有5名隊員，[br]可以和隊員一起進行遊戲，[br]體驗更多遊戲內容。 [/font][br][br][font size = ""10"" color=""f36a7c""]隊伍名稱以中文為準可輸入[br]2font [br][10]。 color=""ffffff""]請輸入隊伍名稱。 | lang0:lang0.pak:[align = ""center""][font size = ""12"" color=""f4d762""]Make Party[/font][br][br][font size = ""10"" color=""269eff""]You can Create a Party up to 5 People.[/font][br][br][font size = ""10"" color=""f36a7c""]Party Name[br]Must be: 2-8 Characters[/font][br][br][font size = ""10"" color=""ffffff""]Enter Name of the Party[/font]"
DST_PARTY_DECLARE_ZENNY	2	2	lang0,taiwan	taiwan:local_data.dat:為了使用隊伍護身符，現在登入了 %s 索尼。 | lang0:lang0.pak:For the Party %s Zeni.
DST_PARTY_DECLARE_ZENNY_PART	2	2	lang0,taiwan	taiwan:local_data.dat:為了使用隊伍護身符， %s 索尼中登入了 %s 索尼。 | lang0:lang0.pak:For the Party %s Zeni, %s are yours.
DST_PARTY_DUNGEON_CHANGE_HARD	2	2	lang0,taiwan	taiwan:local_data.dat:極限副本難易度已變更為困難。 | lang0:lang0.pak:Difficulty: Hard
DST_PARTY_DUNGEON_CHANGE_LEGENDARY	2	2	lang0,taiwan	taiwan:local_data.dat:極限副本難易度已變更為超難。 | lang0:lang0.pak:Difficulty: Legendary
DST_PARTY_DUNGEON_CHANGE_NORMAL	2	2	lang0,taiwan	taiwan:local_data.dat:極限副本難易度已變更為普通。 | lang0:lang0.pak:Difficulty: Normal
DST_PARTY_DUNGEON_HARD	2	2	lang0,taiwan	taiwan:local_data.dat:困難 | lang0:lang0.pak:Hard
DST_PARTY_DUNGEON_INITIALIZE	2	2	lang0,taiwan	taiwan:local_data.dat:極限副本已初始化。 | lang0:lang0.pak:Dungeon reseted.
DST_PARTY_DUNGEON_NORMAL	2	2	lang0,taiwan	taiwan:local_data.dat:普通 | lang0:lang0.pak:Normal
DST_PARTY_ENTER_DUNGEON_NOTIFY_REMAIN_TIME	2	2	lang0,taiwan	taiwan:local_data.dat:若沒有按下入場按鈕的話，\n%d秒後將會自動取消。 | lang0:lang0.pak:%d seconds left to press the button.
DST_PARTY_ENTER_DUNGEON_NOTIFY_TITLE	2	2	lang0,taiwan	taiwan:local_data.dat:副本入場邀請 | lang0:lang0.pak:Invited to Party
DST_PARTY_GET_ITEM	2	2	lang0,taiwan	taiwan:local_data.dat:%s 獲得了道具%s。 | lang0:lang0.pak:%s got %s
DST_PARTY_GET_ZENNY	2	2	lang0,taiwan	taiwan:local_data.dat:獲得 %s 索尼中分配到了%s 索尼。 | lang0:lang0.pak:Party: +%s Zeni / You: +%s Zeni
DST_PARTY_GET_ZENNY_AND_BONUS	2	2	lang0,taiwan	taiwan:local_data.dat:獲得 %s索尼中，獲得了%s (+%s)索尼。 | lang0:lang0.pak:Party: +%s Zeni / You: +%s Zeni (+%s)
DST_PARTY_GET_ZENNY_OTHER	2	2	lang0,taiwan	taiwan:local_data.dat:%s 獲得了 %s 索尼。 | lang0:lang0.pak:%s: +%s Zeni
DST_PARTY_GET_ZENNY_OTHER_AND_BONUS	2	2	lang0,taiwan	taiwan:local_data.dat:%s 獲得了 %s (+%s) Sony。 | lang0:lang0.pak:%s gained +%s Zeni (+%s)
DST_PARTY_INVEN_ADD_ITEM	2	2	lang0,taiwan	taiwan:local_data.dat:獲得 %s 道具存放於隊伍背包。 | lang0:lang0.pak:Item %s added to inventory.
DST_PARTY_INVEN_ADD_UNDEFINED_ITEM	2	2	lang0,taiwan	taiwan:local_data.dat:隊伍背包內獲得未知道具。 | lang0:lang0.pak:Mystery Item added to inventory
DST_PARTY_INVEN_ADD_UNDEFINED_ITEM_OTHER	2	2	lang0,taiwan	taiwan:local_data.dat:%s 獲得了未知道具。 | lang0:lang0.pak:%s got Mystery Item
DST_PARTY_INVEN_CHANGE_ITEM_GRADE	2	2	lang0,taiwan	taiwan:local_data.dat:隊伍背包設定為只有 %s級以上的道具可以置入。 | lang0:lang0.pak:Set to (%s) and above looting
DST_PARTY_INVEN_DICE_WINNER	2	2	lang0,taiwan	taiwan:local_data.dat:隊伍背包的 %s 道具分配給 %s 。 | lang0:lang0.pak:item:%s , %s has been sent to the winner.
DST_PARTY_INVEN_DICE_WINNER_WITH_UNIDENTIFY	2	2	lang0,taiwan	taiwan:local_data.dat:隊伍背包的未知道具分配給 %s 。 | lang0:lang0.pak:%s won the Mystery Item.
DST_PARTY_INVEN_GIVE_BY_LEADER	2	2	lang0,taiwan	taiwan:local_data.dat:隊長將 %s 道具分配給 %s 。 | lang0:lang0.pak:Party Found: %s , %s has been given.
DST_PARTY_INVEN_GIVE_BY_LEADER_WITH_UNIDENTIFY	2	2	lang0,taiwan	taiwan:local_data.dat:隊長將未知道具分配給 %s 。 | lang0:lang0.pak:Mystery Item assigned to %s.
DST_PARTY_INVEN_OCTION_LOCK	2	2	lang0,taiwan	taiwan:local_data.dat:隊伍背包拍賣中止。 | lang0:lang0.pak:Auction suspended.
DST_PARTY_INVEN_OCTION_RESET	2	2	lang0,taiwan	taiwan:local_data.dat:隊伍背包拍賣資料初始化。 | lang0:lang0.pak:Team backpack auction data initialized.
DST_PARTY_INVEN_OCTION_SUCCESSFUL_BID	2	2	lang0,taiwan	taiwan:local_data.dat:隊伍背包內的 %s 道具由 %s 得標。 | lang0:lang0.pak:Provides for %s %s.
DST_PARTY_INVEN_OCTION_SUCCESSFUL_BID_WITH_UNIDENTIFY	2	2	lang0,taiwan	taiwan:local_data.dat:由 %s 獲得隊伍背包的未知道具。 | lang0:lang0.pak:Got Mystery Item from %s.
DST_PARTY_INVEN_OCTION_UNLOCK	2	2	lang0,taiwan	taiwan:local_data.dat:隊伍背包拍賣開始。 | lang0:lang0.pak:Auction starts.
DST_PARTY_INVEN_START_DICE	2	2	lang0,taiwan	taiwan:local_data.dat:使用骰子進行道具分配。 | lang0:lang0.pak:Roll for loot!
DST_PARTY_INVITE_DECLINE	2	2	lang0,taiwan	taiwan:local_data.dat:%s 拒絕了您的邀請。 | lang0:lang0.pak:%s Declined Invite
DST_PARTY_INVITE_SUCCESS	2	2	lang0,taiwan	taiwan:local_data.dat:邀請%s 至隊伍中。 | lang0:lang0.pak:Invited: %s
DST_PARTY_LEAVE	2	2	lang0,taiwan	taiwan:local_data.dat:%s 退出了對伍。 | lang0:lang0.pak:%s left the Party
DST_PARTY_LEAVE_ASK	2	2	lang0,taiwan	"taiwan:local_data.dat:[align =""center""][font size=""12""color=""f4d762""]退出隊伍[/font][br][br][font size=""10""color=""f36a7c""""][br][font size=""10""color=""f36a7c""""]加入隊伍後隨時都可以退出隊伍後隨時都可以退出。 size=""10""color=""ffffff""]您真的要退出隊伍嗎?[/font] | lang0:lang0.pak:[align = ""center""][font size=""12""color=""f4d762""]Leaving Party[/font][br][br][font size=""10""color=""f36a7c""]You are now leaving the Party.[/font][br][br][font size=""10""color=""ffffff""]Leave Party?[/font]"
DST_PARTY_MATCHING_DETAIL_INFO_CHANNEL	2	2	lang0,taiwan	taiwan:local_data.dat:%d頻道 | lang0:lang0.pak:Channel %d
DST_PARTY_MATCHING_DETAIL_INFO_DIVIDE_RULE	2	2	lang0,taiwan	taiwan:local_data.dat:分配規則 | lang0:lang0.pak:Loot:
DST_PARTY_MATCHING_DETAIL_INFO_LEVEL	2	2	lang0,taiwan	taiwan:local_data.dat:LV.%d | lang0:lang0.pak:Lv %d
DST_PARTY_MATCHING_DETAIL_INFO_PARTY_LEADER	2	2	lang0,taiwan	taiwan:local_data.dat:隊長 | lang0:lang0.pak:Leader
DST_PARTY_MATCHING_DETAIL_INFO_PARTY_MEMBER	2	2	lang0,taiwan	taiwan:local_data.dat:隊員 | lang0:lang0.pak:Member
DST_PARTY_MATCHING_DETAIL_INFO_TITLE	2	2	lang0,taiwan	taiwan:local_data.dat:瀏覽隊伍組成 | lang0:lang0.pak:Composed of:
DST_PARTY_MATCHING_ENTER_DUNGEON_AGREE_NO	2	2	lang0,taiwan	taiwan:local_data.dat:%s取消了副本入場。 | lang0:lang0.pak:%s canceled.
DST_PARTY_MATCHING_LIST_LEVEL_LIMIT	2	2	lang0,taiwan	taiwan:local_data.dat:%dLv以上 | lang0:lang0.pak:Lv min.:%d
DST_PARTY_MATCHING_LIST_MEMBER_COUNT	2	2	lang0,taiwan	taiwan:local_data.dat:%d/%d | lang0:lang0.pak:%d/%d
DST_PARTY_MATCHING_LIST_NO_RESULT	2	2	lang0,taiwan	taiwan:local_data.dat:依照您設定的條件去搜尋，沒有符合條件的隊伍。 | lang0:lang0.pak:No results could be found.
DST_PARTY_MATCHING_LIST_PAGE_COUNT	2	2	lang0,taiwan	taiwan:local_data.dat:%d/%d | lang0:lang0.pak:%d/%d
DST_PARTY_MATCHING_LIST_SELECT_DUNGEON	2	2	lang0,taiwan	taiwan:local_data.dat:副本選擇 | lang0:lang0.pak:Dungeon:
DST_PARTY_MATCHING_LIST_SELECT_REGION	2	2	lang0,taiwan	taiwan:local_data.dat:地區選擇 | lang0:lang0.pak:Region:
DST_PARTY_MATCHING_LIST_TITLE	2	2	lang0,taiwan	taiwan:local_data.dat:組隊配對 | lang0:lang0.pak:Party List
DST_PARTY_MATCHING_REGIST	2	2	lang0,taiwan	taiwan:local_data.dat:隊伍申請 | lang0:lang0.pak:Party Search
DST_PARTY_MATCHING_SUCCESS	2	2	lang0,taiwan	taiwan:local_data.dat:已經登錄至組隊配對。 | lang0:lang0.pak:Party created.
DST_PARTY_NAME_RULE	2	2	lang0,taiwan	taiwan:local_data.dat:隊伍名稱以中文為準可輸入2~8字以內。 | lang0:lang0.pak:Party Name 2-8 Characters
DST_PARTY_NEED_ZENNY	2	2	lang0,taiwan	taiwan:local_data.dat:欲使用隊伍護身符的話，需要支付 %u Sony。 | lang0:lang0.pak:need %u Zeni.
DST_PARTY_NEW_MEMBER	2	2	lang0,taiwan	taiwan:local_data.dat:%s 參加了對伍。 | lang0:lang0.pak:%s Joined Party
DST_PARTY_NOTIFY_DIVISION_INFO	2	2	lang0,taiwan	taiwan:local_data.dat:分配方式變更後請按此按鈕。 | lang0:lang0.pak:Apply Division Change
DST_PARTY_NOTIFY_WAIT_DIVISION	2	2	lang0,taiwan	taiwan:local_data.dat:與重新改變分配方式的話請稍後。 | lang0:lang0.pak:Please Wait
DST_PARTY_PARTY_INVITE	2	2	lang0,taiwan	"taiwan:local_data.dat:[align = ""center""][font size = ""12"" color=""f4d762""]參加隊伍[/font][br][br][font size = ""10"" color=""269eff""][br][font size = ""10"" color=""2699""]參加比賽中的遊戲隊伍最多可以參加遊戲和遊戲[brfont]。 size = ""10"" color=""f4d762""]%s 隊長向您[br]發出了邀請。 [/font][br][br][font size = ""10"" color=""ffffff""]您要參加隊伍嗎？ [/font] | lang0:lang0.pak:[align = ""center""][font size = ""12"" color=""f4d762""]Party Invite[/font][br][br][font size = ""10"" color=""ffffff""]Join %s's party?[/font][br][br]"
DST_PARTY_PARTY_INVITE_WITHOUT_PARTY	2	2	lang0,taiwan	"taiwan:local_data.dat:[align = ""center""][font size = ""12"" color=""f4d762""]參加隊伍[/font][br][br][font size = ""10"" color=""269eff""]參加隊伍的話，最多可以和5名隊員一起進行遊戲，體驗更多的遊戲內容。 color=""ffffff""]您要參加隊伍嗎？ | lang0:lang0.pak:[align = ""center""][font size = ""12"" color=""f4d762""]Party Invite[/font][br][br][font size = ""10"" color=""f4d762""]%s invited you[br]to join a party.[/font][br][br][font size = ""10"" color=""ffffff""]Join the party?[/font]"
DST_PARTY_REG_VICTIM_ITEM	2	2	lang0,taiwan	taiwan:local_data.dat:%s 登入了隊伍護身符 %s。 | lang0:lang0.pak:%s is %s bad party
DST_PARTY_RELEASE_CHARM	2	2	lang0,taiwan	"taiwan:local_data.dat:[align = ""center""][font size = ""12"" color=""f4d762""]中止隊伍護身符[/font][br][br][font size = ""10"" color=""f36a7c""]中止使用中的隊伍護身符的話，[br]隊伍護身符效果將會一同消失。 | lang0:lang0.pak:[align = ""center""]Party Charm[br][br]Stop using charm?"
DST_PARTY_REQUEST_POSSIBLE_ONLY_LEADER	2	2	lang0,taiwan	taiwan:local_data.dat:只有隊長可以申請。 | lang0:lang0.pak:Only the leader can apply.
DST_PARTY_ROLE_ACCEPT	2	2	lang0,taiwan	taiwan:local_data.dat:參加隊伍 | lang0:lang0.pak:Accept
DST_PARTY_ROLE_CANCEL	2	2	lang0,taiwan	taiwan:local_data.dat:取消參加 | lang0:lang0.pak:Cancel
DST_PARTY_ROLE_CANCEL_INFO	2	2	lang0,taiwan	taiwan:local_data.dat:若是在剩餘時間內不進行選擇的話，將會自動取消。 | lang0:lang0.pak:Canceled when time is up.
DST_PARTY_ROLE_NOT_SELECTED_USER	2	2	lang0,taiwan	taiwan:local_data.dat:%s取消了角色選擇。 | lang0:lang0.pak:%s cancel the selection
DST_PARTY_ROLE_SELECT_REMAIN_TIME	2	2	lang0,taiwan	taiwan:local_data.dat:%02d : %02d : %02d | lang0:lang0.pak:%02d : %02d : %02d
DST_PARTY_ROLE_TITLE	2	2	lang0,taiwan	taiwan:local_data.dat:選擇隊伍角色 | lang0:lang0.pak:Select Party Role
DST_PARTY_STOP_CHARM	2	2	lang0,taiwan	taiwan:local_data.dat:隊伍護身符(%s)已解除。 | lang0:lang0.pak:Charm (%s) disabled.
DST_PARTY_TOOLTIP_ZENNY	2	2	lang0,taiwan	taiwan:local_data.dat:已登入%u索尼。 | lang0:lang0.pak:%u
DST_PARTY_UNREG_VICTIM_ITEM	2	2	lang0,taiwan	taiwan:local_data.dat:隊伍護身符(%s)已經解除了。 | lang0:lang0.pak:Charm (%s) disabled.
DST_PAY_REGISTER	2	2	lang0,taiwan	taiwan:local_data.dat:https://dbozero.com/ | lang0:lang0.pak:Register Payment
DST_PAY_WEB	2	2	lang0,taiwan	taiwan:local_data.dat:https://dbozero.com/ | lang0:lang0.pak:Web Payment
DST_PERMANENT_COMMERCIAL_ITEM	2	2	lang0,taiwan	taiwan:local_data.dat:永久制(可使用至服務結束為止) | lang0:lang0.pak:Permanent
DST_PETITION_CANCEL_PETITION	2	2	lang0,taiwan	taiwan:local_data.dat:GM商談取消 | lang0:lang0.pak:Cancel GM Request
DST_PETITION_CATEGORY1_ACCUSE	2	2	lang0,taiwan	taiwan:local_data.dat:申訴不法玩家 | lang0:lang0.pak:Abuse
DST_PETITION_CATEGORY1_BUG	2	2	lang0,taiwan	taiwan:local_data.dat:申訴Bug | lang0:lang0.pak:Bugs
DST_PETITION_CATEGORY1_GAMEINFO	2	2	lang0,taiwan	taiwan:local_data.dat:遊戲情報相關 | lang0:lang0.pak:Game Information
DST_PETITION_CATEGORY1_STUCK	2	2	lang0,taiwan	taiwan:local_data.dat:卡點相關 | lang0:lang0.pak:Stuck character
DST_PETITION_CATEGORY2_ACCUSE_AUTOPROGRAM	2	2	lang0,taiwan	taiwan:local_data.dat:外掛程式 | lang0:lang0.pak:Botting
DST_PETITION_CATEGORY2_ACCUSE_FRAUD	2	2	lang0,taiwan	taiwan:local_data.dat:詐騙 | lang0:lang0.pak:Scam
DST_PETITION_CATEGORY2_ACCUSE_PAPERING	2	2	lang0,taiwan	taiwan:local_data.dat:洗版 | lang0:lang0.pak:Papering
DST_PETITION_CATEGORY2_BUG_ETC	2	2	lang0,taiwan	taiwan:local_data.dat:其他 | lang0:lang0.pak:Etc
DST_PETITION_CATEGORY2_BUG_GRAPHIC	2	2	lang0,taiwan	taiwan:local_data.dat:圖片 | lang0:lang0.pak:Graphics Bug
DST_PETITION_CATEGORY2_BUG_SYSTEM	2	2	lang0,taiwan	taiwan:local_data.dat:系統 | lang0:lang0.pak:System Bug
DST_PETITION_CATEGORY2_GAME_INFO	2	2	lang0,taiwan	taiwan:local_data.dat:遊戲情報 | lang0:lang0.pak:Game Information
DST_PETITION_CATEGORY2_STUCK	2	2	lang0,taiwan	taiwan:local_data.dat:卡點相關 | lang0:lang0.pak:Stuck character
DST_PETITION_CHOICE_GREATE_CATEGORY	2	2	lang0,taiwan	taiwan:local_data.dat:請選擇對談內容的大分類。 | lang0:lang0.pak:Choose Category
DST_PETITION_CHOICE_SMALL_CATEGORY	2	2	lang0,taiwan	taiwan:local_data.dat:請選擇對談內容的小分類。 | lang0:lang0.pak:Choose Sub Category
DST_PETITION_GM_CHAT_TITLE	2	2	lang0,taiwan	taiwan:local_data.dat:GM對話視窗 | lang0:lang0.pak:GM Chat
DST_PETITION_GREAT_CATEGORY	2	2	lang0,taiwan	taiwan:local_data.dat:分類一 | lang0:lang0.pak:Main Category
DST_PETITION_INPUT_CONTENT	2	2	lang0,taiwan	taiwan:local_data.dat:回報內容請輸入中文 2~128字內 | lang0:lang0.pak:Please Use 2-128 Characters
DST_PETITION_SATISFACTION_BAD	2	2	lang0,taiwan	taiwan:local_data.dat:不滿意 | lang0:lang0.pak:Bad
DST_PETITION_SATISFACTION_COMMENT	2	2	lang0,taiwan	taiwan:local_data.dat:您對於申請商談的GM回答滿意嗎? | lang0:lang0.pak:What do you think?
DST_PETITION_SATISFACTION_GOOD	2	2	lang0,taiwan	taiwan:local_data.dat:滿意 | lang0:lang0.pak:Good
DST_PETITION_SATISFACTION_GREAT	2	2	lang0,taiwan	taiwan:local_data.dat:很滿意 | lang0:lang0.pak:Great
DST_PETITION_SATISFACTION_NOT_BAD	2	2	lang0,taiwan	taiwan:local_data.dat:普通 | lang0:lang0.pak:Not Bad
DST_PETITION_SATISFACTION_TITLE	2	2	lang0,taiwan	taiwan:local_data.dat:GM商談申請 | lang0:lang0.pak:Request GM
DST_PETITION_SATISFACTION_WORST	2	2	lang0,taiwan	taiwan:local_data.dat:很不滿意 | lang0:lang0.pak:Worst
DST_PETITION_SEND	2	2	lang0,taiwan	taiwan:local_data.dat:傳送 | lang0:lang0.pak:Send
DST_PETITION_SIDEVIEW_MESSAGE	2	2	lang0,taiwan	taiwan:local_data.dat:已接收客服內容進行處理中，請稍後。 | lang0:lang0.pak:please wait
DST_PETITION_SMALL_CATEGORY	2	2	lang0,taiwan	taiwan:local_data.dat:分類一 | lang0:lang0.pak:Sub Category
DST_PETITION_TITLE	2	2	lang0,taiwan	taiwan:local_data.dat:GM商談申請 | lang0:lang0.pak:GM Request
DST_PETITION_TOO_LONG_CONTENT	2	2	lang0,taiwan	taiwan:local_data.dat:可輸入中文為準128字。 | lang0:lang0.pak:Max 128 Characters
DST_PET_STATUS_BLOCK_RATE	2	2	lang0,taiwan	taiwan:local_data.dat:防禦率 | lang0:lang0.pak:Defense Rate
DST_PET_STATUS_DC_SUCCESS	2	2	lang0,taiwan	taiwan:local_data.dat:詛咒成功 | lang0:lang0.pak:Success Rate
DST_PET_STATUS_DC_TOLERANCE	2	2	lang0,taiwan	taiwan:local_data.dat:抵抗詛咒 | lang0:lang0.pak:Resistance Rate
DST_PET_STATUS_ENERGY_DEFENSE	2	2	lang0,taiwan	taiwan:local_data.dat:氣功防禦力 | lang0:lang0.pak:Energy Defense
DST_PET_STATUS_ENERGY_OFFENSE	2	2	lang0,taiwan	taiwan:local_data.dat:氣功攻擊力 | lang0:lang0.pak:Energy Attack
DST_PET_STATUS_PHYSICAL_DEFENSE	2	2	lang0,taiwan	taiwan:local_data.dat:格鬥防禦力 | lang0:lang0.pak:Physical Defense
DST_PET_STATUS_PHYSICAL_OFFENSE	2	2	lang0,taiwan	taiwan:local_data.dat:格鬥攻擊力 | lang0:lang0.pak:Melee Attack
DST_PET_TOOLTIP_ATTACK	2	2	lang0,taiwan	taiwan:local_data.dat:攻擊指定物件。 | lang0:lang0.pak:Pet Attack
DST_PET_TOOLTIP_OUT	2	2	lang0,taiwan	taiwan:local_data.dat:解除召喚獸. | lang0:lang0.pak:Un-summon Pet.
DST_PET_TOOLTIP_RECALL	2	2	lang0,taiwan	taiwan:local_data.dat:召喚獸已移動至腳色旁。 | lang0:lang0.pak:Your pet will move forward.
DST_PKALARM_AGREE_BUTTON	2	2	lang0,taiwan	taiwan:local_data.dat:同意自由對戰 | lang0:lang0.pak:Agree
DST_PKALARM_AGREE_MSG	2	2	lang0,taiwan	taiwan:local_data.dat:目前的區域是可進行自由對戰的區域。\n遵守遊戲規則的話，可以玩得更愉快。 | lang0:lang0.pak:Free Battle in this region is allowed. Follow the rules of the game.
DST_PLAS_MA	2	2	lang0,taiwan	taiwan:local_data.dat:普立茲魔 | lang0:lang0.pak:Plasma Majin
DST_PLAYER_COUNT	2	2	lang0,taiwan	taiwan:local_data.dat: %d 人 | lang0:lang0.pak: %d players
DST_PLEASE_RETRY	2	2	lang0,taiwan	taiwan:local_data.dat:資料處理中。請稍候重試。 | lang0:lang0.pak:Data Process. Try Again
DST_PLEASE_TRY_AGAIN	2	2	lang0,taiwan	taiwan:local_data.dat:請稍候重試。 | lang0:lang0.pak:Try Again Later
DST_POCO_SUMMONER	2	2	lang0,taiwan	taiwan:local_data.dat:波可導師 | lang0:lang0.pak:Poko Priest
DST_POISON_DEFENCE	2	2	lang0,taiwan	taiwan:local_data.dat:中毒防禦力 | lang0:lang0.pak:Poison Def.
DST_POPOSTONE_RESURRECT_SAY	2	2	lang0,taiwan	taiwan:local_data.dat:醒了嗎?這裡是村子。人生是很寶貴的，小心一點啊。 | lang0:lang0.pak:Welcome back!\nPlease be careful,don't die!
DST_POPOSTONE_TITLE	2	2	lang0,taiwan	taiwan:local_data.dat:波波之石 | lang0:lang0.pak:Popo Stone
DST_POPUPMENU_BUTTON_TOOLTIP	2	2	lang0,taiwan	taiwan:local_data.dat:整理保管中的道具\n或說明. | lang0:lang0.pak:Organize Items or view description.
DST_POPUPMENU_CANCEL	2	2	lang0,taiwan	taiwan:local_data.dat:取消 | lang0:lang0.pak:Cancel
DST_POPUPMENU_CANCEL_EQUIP	2	2	lang0,taiwan	taiwan:local_data.dat:解除裝備 | lang0:lang0.pak:Don't Equip
DST_POPUPMENU_CLEAR	2	2	lang0,taiwan	taiwan:local_data.dat:清空 | lang0:lang0.pak:Clear
DST_POPUPMENU_DELETE	2	2	lang0,taiwan	taiwan:local_data.dat:丟棄 | lang0:lang0.pak:Delete
DST_POPUPMENU_DIVIDE	2	2	lang0,taiwan	taiwan:local_data.dat:切割 | lang0:lang0.pak:Divide
DST_POPUPMENU_EQUIP	2	2	lang0,taiwan	taiwan:local_data.dat:裝備 | lang0:lang0.pak:Equip
DST_POPUPMENU_FOLLOW	2	2	lang0,taiwan	taiwan:local_data.dat:跟隨 | lang0:lang0.pak:Follow
DST_POPUPMENU_FRIEND_ADD	2	2	lang0,taiwan	taiwan:local_data.dat:新增好友 | lang0:lang0.pak:Add Friend
DST_POPUPMENU_GUILD_APPOINT_SECOND_MASTER	2	2	lang0,taiwan	taiwan:local_data.dat:任命為師範 | lang0:lang0.pak:Make Jr. Master
DST_POPUPMENU_GUILD_CHANGE_MASTER	2	2	lang0,taiwan	taiwan:local_data.dat:任命為最高師範 | lang0:lang0.pak:Appoint Guild Leader
DST_POPUPMENU_GUILD_DISAPPOINT_SECOND_MASTER	2	2	lang0,taiwan	taiwan:local_data.dat:解除師範資格 | lang0:lang0.pak:Demote Jr. Master
DST_POPUPMENU_GUILD_INVITE	2	2	lang0,taiwan	taiwan:local_data.dat:邀請加入流派 | lang0:lang0.pak:Invite to Guild
DST_POPUPMENU_GUILD_KICK_OUT	2	2	lang0,taiwan	taiwan:local_data.dat:放逐 | lang0:lang0.pak:Expel
DST_POPUPMENU_GUILD_POST	2	2	lang0,taiwan	taiwan:local_data.dat:寄信 | lang0:lang0.pak:Send Mail
DST_POPUPMENU_HELP	2	2	lang0,taiwan	taiwan:local_data.dat:說明 | lang0:lang0.pak:Help
DST_POPUPMENU_ITEM_SORT	2	2	lang0,taiwan	taiwan:local_data.dat:整理 | lang0:lang0.pak:Sort Items(In Progress)
DST_POPUPMENU_ITEM_SORT_TOOLTIP	2	2	lang0,taiwan	taiwan:local_data.dat:整理保管中的道具。 | lang0:lang0.pak:Clean up your Inventory
DST_POPUPMENU_OPEN	2	2	lang0,taiwan	taiwan:local_data.dat:開啟 | lang0:lang0.pak:Open
DST_POPUPMENU_PARTY_CREATE	2	2	lang0,taiwan	taiwan:local_data.dat:成立隊伍 | lang0:lang0.pak:Create Party
DST_POPUPMENU_PARTY_DIVIDE_EQUAL	2	2	lang0,taiwan	taiwan:local_data.dat:平分 | lang0:lang0.pak:Divide
DST_POPUPMENU_PARTY_DIVIDE_ORDER	2	2	lang0,taiwan	taiwan:local_data.dat:依序 | lang0:lang0.pak:In Order
DST_POPUPMENU_PARTY_DIVIDE_PICKUP_PERSON	2	2	lang0,taiwan	taiwan:local_data.dat:撿拾者優先取得 | lang0:lang0.pak:Free for all
DST_POPUPMENU_PARTY_DUNGEON_HARD	2	2	lang0,taiwan	taiwan:local_data.dat:難易度:困難 | lang0:lang0.pak:Hard
DST_POPUPMENU_PARTY_DUNGEON_INIT	2	2	lang0,taiwan	taiwan:local_data.dat:極限副本初始化 | lang0:lang0.pak:Reset UD
DST_POPUPMENU_PARTY_DUNGEON_LEGENDARY	2	2	lang0,taiwan	taiwan:local_data.dat:難易度:非常困難 | lang0:lang0.pak:Legendary
DST_POPUPMENU_PARTY_DUNGEON_NORMAL	2	2	lang0,taiwan	taiwan:local_data.dat:難易度:普通 | lang0:lang0.pak:Normal
DST_POPUPMENU_PARTY_GRADE_ITEM	2	2	lang0,taiwan	taiwan:local_data.dat:篩選等級後依序分配 | lang0:lang0.pak:By Rating
DST_POPUPMENU_PARTY_INVITE	2	2	lang0,taiwan	taiwan:local_data.dat:邀請組隊 | lang0:lang0.pak:Invite to Party
DST_POPUPMENU_PARTY_KICK_OUT	2	2	lang0,taiwan	taiwan:local_data.dat:強制退出球員 | lang0:lang0.pak:Expel from Party
DST_POPUPMENU_PARTY_LEADER_CHANGE	2	2	lang0,taiwan	taiwan:local_data.dat:委任隊長 | lang0:lang0.pak:Appoint Leader
DST_POPUPMENU_PARTY_LEAVE	2	2	lang0,taiwan	taiwan:local_data.dat:退出隊伍 | lang0:lang0.pak:Leave Party
DST_POPUPMENU_PARTY_MENU_SWITCH_MEMBER	2	2	lang0,taiwan	taiwan:local_data.dat:顯示/隱藏隊員 | lang0:lang0.pak:Toggle Members
DST_POPUPMENU_PARTY_MENU_SWITCH_MEMBER_BUFF	2	2	lang0,taiwan	taiwan:local_data.dat:顯示/隱藏球員BUFF | lang0:lang0.pak:Toggle Buffs
DST_POPUPMENU_PARTY_USE_INVEN	2	2	lang0,taiwan	taiwan:local_data.dat:使用隊伍背包 | lang0:lang0.pak:Use Party Inventory
DST_POPUPMENU_PICKUP	2	2	lang0,taiwan	taiwan:local_data.dat:撿拾 | lang0:lang0.pak:Pickup
DST_POPUPMENU_PULLOUT	2	2	lang0,taiwan	taiwan:local_data.dat:登入取消 | lang0:lang0.pak:Pull Out
DST_POPUPMENU_PVP_REQUEST_FIGHT	2	2	lang0,taiwan	taiwan:local_data.dat:自由對戰挑戰 | lang0:lang0.pak:Duel
DST_POPUPMENU_SELL	2	2	lang0,taiwan	taiwan:local_data.dat:販賣 | lang0:lang0.pak:Sell
DST_POPUPMENU_SEND_WHISPER	2	2	lang0,taiwan	taiwan:local_data.dat:悄悄話 | lang0:lang0.pak:Whisper
DST_POPUPMENU_SET_SHARETARGET_1	2	2	lang0,taiwan	taiwan:local_data.dat:設定目標1 | lang0:lang0.pak:Set Target 1
DST_POPUPMENU_SET_SHARETARGET_2	2	2	lang0,taiwan	taiwan:local_data.dat:設定目標2 | lang0:lang0.pak:Set Target 2
DST_POPUPMENU_SET_SHARETARGET_3	2	2	lang0,taiwan	taiwan:local_data.dat:設定目標3 | lang0:lang0.pak:Set Target 3
DST_POPUPMENU_SET_SHARETARGET_4	2	2	lang0,taiwan	taiwan:local_data.dat:設定目標4 | lang0:lang0.pak:Set Target 4
DST_POPUPMENU_SET_SHARETARGET_5	2	2	lang0,taiwan	taiwan:local_data.dat:設定目標5 | lang0:lang0.pak:Set Target 5
DST_POPUPMENU_STOP_USE	2	2	lang0,taiwan	taiwan:local_data.dat:結束使用 | lang0:lang0.pak:Disable
DST_POPUPMENU_UNSET_SHARETARGET_1	2	2	lang0,taiwan	taiwan:local_data.dat:解除目標1 | lang0:lang0.pak:Unset Target 1
DST_POPUPMENU_UNSET_SHARETARGET_2	2	2	lang0,taiwan	taiwan:local_data.dat:解除目標2 | lang0:lang0.pak:Unset Target 2
DST_POPUPMENU_UNSET_SHARETARGET_3	2	2	lang0,taiwan	taiwan:local_data.dat:解除目標3 | lang0:lang0.pak:Unset Target 3
DST_POPUPMENU_UNSET_SHARETARGET_4	2	2	lang0,taiwan	taiwan:local_data.dat:解除目標4 | lang0:lang0.pak:Unset Target 4
DST_POPUPMENU_UNSET_SHARETARGET_5	2	2	lang0,taiwan	taiwan:local_data.dat:解除目標5 | lang0:lang0.pak:Unset Target 5
DST_POPUPMENU_USE	2	2	lang0,taiwan	taiwan:local_data.dat:使用 | lang0:lang0.pak:Use
DST_POPUPMENU_USER_BLOCK	2	2	lang0,taiwan	taiwan:local_data.dat:黑名單 | lang0:lang0.pak:Block
DST_POPUPMENU_USER_TRADE	2	2	lang0,taiwan	taiwan:local_data.dat:交易 | lang0:lang0.pak:Trade
DST_POPUPMENU_VIEW	2	2	lang0,taiwan	taiwan:local_data.dat:查看 | lang0:lang0.pak:View
DST_POPUP_CONTENT_ITEM_AUTOMATICENERGY	2	2	lang0,taiwan	"taiwan:local_data.dat:[font size = ""9"" color=""269eff""]EV EP Recovery Potion [/font][font size = ""9"" color=""#323232""]The EP will be filled automatically. When EP is more than 30% of the EP will be automatically restored to 100%. The maximum amount is 100000.[/font] | lang0:lang0.pak:[font size = ""9"" color=""269eff""]EV EP Recovery Potion [/font][font size = ""9"" color=""#323232""]The EP will be filled automatically. When EP is more than 30% of the EP will be automatically restored to 100%. The maximum amount is 100000.[/font]"
DST_POPUP_CONTENT_ITEM_AUTOMATICLIFE	2	2	lang0,taiwan	"taiwan:local_data.dat:[font size = ""9"" color=""269eff""]EV LP Recovery Potion[/font][font size = ""9"" color=""#323232""]The LP will be filled automatically. LP when LP is higher than 30% are automatically restored to 100%. The maximum amount is 100000.[/font] | lang0:lang0.pak:[font size = ""9"" color=""269eff""]EV LP Recovery Potion[/font][font size = ""9"" color=""#323232""]The LP will be filled automatically. LP when LP is higher than 30% are automatically restored to 100%. The maximum amount is 100000.[/font]"
DST_POPUP_CONTENT_ITEM_CAPSULEKIT	2	2	lang0,taiwan	"taiwan:local_data.dat:[font size = ""9"" color=""269eff""]Red capsule box N20[15 Days][/font][font size = ""9"" color=""#323232""]The most advanced type of capsulebox. Expand the storage space to 20 slots.[/font] | lang0:lang0.pak:[font size = ""9"" color=""269eff""]Red capsule box N20[15 Days][/font][font size = ""9"" color=""#323232""]The most advanced type of capsulebox. Expand the storage space to 20 slots.[/font]"
DST_POPUP_CONTENT_ITEM_DEFENSEINTENSIFY	2	2	lang0,taiwan	"taiwan:local_data.dat:[font size = ""9"" color=""269eff""]+12 Armor Coupon Lv11 [2 Days][/font][font size = ""9"" color=""#323232""]Upgrade with coupon only works on non-upgraded item and can't fail. The effect can only be used for certain time.[/font] | lang0:lang0.pak:[font size = ""9"" color=""269eff""]+12 Armor Coupon Lv11 [2 Days][/font][font size = ""9"" color=""#323232""]Upgrade with coupon only works on non-upgraded item and can't fail. The effect can only be used for certain time.[/font]"
DST_POPUP_CONTENT_ITEM_ENERGY	2	2	lang0,taiwan	"taiwan:local_data.dat:[font size = ""9"" color=""269eff""]EV Magic Pill X[/font][font size = ""9"" color=""#323232""]Capsule's proud masterpiece.[/font] | lang0:lang0.pak:[font size = ""9"" color=""269eff""]EV Magic Pill X[/font][font size = ""9"" color=""#323232""]Capsule's proud masterpiece.[/font]"
DST_POPUP_CONTENT_ITEM_EXP	2	2	lang0,taiwan	"taiwan:local_data.dat:[font size = ""9"" color=""269eff""]EV Lower EXP Boost[2 Hours][/font][font size = ""9"" color=""#323232""]You may acquire additional experience points to 50%, only available at Lv 1 Lv 30. It can be used only for 2 hours. [/font] | lang0:lang0.pak:[font size = ""9"" color=""269eff""]EV Lower EXP Boost[2 Hours][/font][font size = ""9"" color=""#323232""]You may acquire additional experience points to 50%, only available at Lv 1 Lv 30. It can be used only for 2 hours. [/font]"
DST_POPUP_CONTENT_ITEM_LIFE	2	2	lang0,taiwan	"taiwan:local_data.dat:[font size = ""9"" color=""269eff""]EV Life Pill X[/font][font size = ""9"" color=""#323232""]Capsule's proud masterpiece.[/font] | lang0:lang0.pak:[font size = ""9"" color=""269eff""]EV Life Pill X[/font][font size = ""9"" color=""#323232""]Capsule's proud masterpiece.[/font]"
DST_POPUP_CONTENT_ITEM_POPOJEWELRYBOX	2	2	lang0,taiwan	"taiwan:local_data.dat:[font size = ""9"" color=""269eff""]Popo Jewelry Box Lv11[/font][font size = ""9"" color=""#323232""]To use need Lv 11 box contains the appropriate accessories. When you right-click on the ring, earrings, necklace comes out.[/font] | lang0:lang0.pak:[font size = ""9"" color=""269eff""]Popo Jewelry Box Lv11[/font][font size = ""9"" color=""#323232""]To use need Lv 11 box contains the appropriate accessories. When you right-click on the ring, earrings, necklace comes out.[/font]"
DST_POPUP_CONTENT_ITEM_POPOPIECE	2	2	lang0,taiwan	"taiwan:local_data.dat:[font size = ""9"" color=""269eff""]EV Popo Pieces[/font][font size = ""9"" color=""#323232""]Is an item that can only revive you in place you died. When a character becomes faint, you can choose whether or not to use.[/font] | lang0:lang0.pak:[font size = ""9"" color=""269eff""]EV Popo Pieces[/font][font size = ""9"" color=""#323232""]Is an item that can only revive you in place you died. When a character becomes faint, you can choose whether or not to use.[/font]"
DST_POPUP_CONTENT_ITEM_SKYSKILL	2	2	lang0,taiwan	"taiwan:local_data.dat:[font size = ""9"" color=""269eff""]EV Fly Scroll[/font][font size = ""9"" color=""#323232""]Press the spacebar twice, you can levitate then. The total duration is 3 minutes more information, please refer to Help (H).[/font] | lang0:lang0.pak:[font size = ""9"" color=""269eff""]EV Fly Scroll[/font][font size = ""9"" color=""#323232""]Press the spacebar twice, you can levitate then. The total duration is 3 minutes more information, please refer to Help (H).[/font]"
DST_POPUP_CONTENT_ITEM_SPEEDINCREASE	2	2	lang0,taiwan	"taiwan:local_data.dat:[font size = ""9"" color=""269eff""]EV movement speed increase item[/font][font size = ""9"" color=""#323232""]It's an item that give you speed. The speed is increased 20% for 10 minutes.[/font] | lang0:lang0.pak:[font size = ""9"" color=""269eff""]EV movement speed increase item[/font][font size = ""9"" color=""#323232""]It's an item that give you speed. The speed is increased 20% for 10 minutes.[/font]"
DST_POPUP_CONTENT_ITEM_TELEPOPOP	2	2	lang0,taiwan	"taiwan:local_data.dat:[font size = ""9"" color=""269eff""]EV Tele Popo [/font][font size = ""9"" color=""#323232""]The item that is able to move you to popo stone.[/font] | lang0:lang0.pak:[font size = ""9"" color=""269eff""]EV Tele Popo [/font][font size = ""9"" color=""#323232""]The item that is able to move you to popo stone.[/font]"
DST_POPUP_CONTENT_ITEM_VEHICLE	2	2	lang0,taiwan	"taiwan:local_data.dat:[font size = ""9"" color=""269eff""]Flying Jet Squirrel [7 Days][/font][font size = ""9"" color=""#323232""] Pressing the ESC button, you can get off. Note that you can use for 7 days.[/font] | lang0:lang0.pak:[font size = ""9"" color=""269eff""]Flying Jet Squirrel [7 Days][/font][font size = ""9"" color=""#323232""] Pressing the ESC button, you can get off. Note that you can use for 7 days.[/font]"
DST_POPUP_CONTENT_ITEM_VEHICLEFUEL	2	2	lang0,taiwan	"taiwan:local_data.dat:[font size = ""9"" color=""269eff""]EV Liquid Fuel S2 [7 Days][/font][font size = ""9"" color=""#323232""]Capsule fuel S2,developed by Capsule Corp.[/font] | lang0:lang0.pak:[font size = ""9"" color=""269eff""]EV Liquid Fuel S2 [7 Days][/font][font size = ""9"" color=""#323232""]Capsule fuel S2,developed by Capsule Corp.[/font]"
DST_POPUP_CONTENT_ITEM_WEAPONINTENSIFY	2	2	lang0,taiwan	"taiwan:local_data.dat:[font size = ""9"" color=""269eff""]12 Weapon Coupon Lv11[2 Days][/font][font size = ""9"" color=""#323232""]Upgrade with coupon only works on non upgraded item and can't fail. The effect can only be used for certain time.[/font] | lang0:lang0.pak:[font size = ""9"" color=""269eff""]12 Weapon Coupon Lv11[2 Days][/font][font size = ""9"" color=""#323232""]Upgrade with coupon only works on non upgraded item and can't fail. The effect can only be used for certain time.[/font]"
DST_POPUP_ITEMBOX_LVTWO	2	2	lang0,taiwan	"taiwan:local_data.dat:[font size = ""9"" color=""269eff""]Rating Box[/font][font size = ""9"" color=""#323232""]Gift box item.[br]Open the capsule kit (shortcut I), use the mouse to right-click the ratings box.[/font] | lang0:lang0.pak:[font size = ""9"" color=""269eff""]Rating Box[/font][font size = ""9"" color=""#323232""]Gift box item.[br]Open the capsule kit (shortcut I), use the mouse to right-click the ratings box.[/font]"
DST_PORTAL_ADD_NOTIFY	2	2	lang0,taiwan	taiwan:local_data.dat:新增瞬間行動服務地區 | lang0:lang0.pak:Teleportation point added.
DST_PORTAL_CONFIRM	2	2	lang0,taiwan	"taiwan:local_data.dat:[align = ""center""][font size = ""12"" color=""f4d762""]瞬間移動[/font][br][br][font size = ""10"" color=""269eff""][br][font size = ""10"" color=""269eff""][br][font size = ""10"" color=""269eff""][br]支付費用後，將可前往即時移動的方式[brfonts =[br/font]][brfont]]支付費用後，將可前往點][brfonts = 1/3][3/font][brfont][brfont]]。 ""10"" color=""f36a7c""]瞬間移動所需索尼 : %s[br]目的地 : %s[/font][br][br][font size = ""10"" color=""ffffff""]您要移動嗎？ | lang0:lang0.pak:[align = ""center""][font size = ""12"" color=""f4d762""]Teleport[/font][br][br][font size = ""10"" color=""269eff""]You'll be Teleported to the selected Area[/font][br][br][font size = ""10"" color=""f36a7c""]Fee: %s Zeni[br]Area: %s[/font][br][br][font size = ""10"" color=""ffffff""]Teleport?[/font]"
DST_PORTAL_DISABLE	2	2	lang0,taiwan	taiwan:local_data.dat:無法從現在位置前往。 | lang0:lang0.pak:Location Not Allowed
DST_PORTAL_FEARLAND	2	2	lang0,taiwan	taiwan:local_data.dat:奧索羅島 | lang0:lang0.pak:Fearland
DST_PORTAL_ICON_DISABLE	2	2	lang0,taiwan	taiwan:local_data.dat:登入傳送點 | lang0:lang0.pak:Registered Points
DST_PORTAL_ICON_ENABLE	2	2	lang0,taiwan	taiwan:local_data.dat:連結傳送點 | lang0:lang0.pak:Available Area
DST_PORTAL_ICON_NOT_REGIST	2	2	lang0,taiwan	taiwan:local_data.dat:未登入傳送點 | lang0:lang0.pak:Next Location
DST_PORTAL_ICON_START	2	2	lang0,taiwan	taiwan:local_data.dat:當地傳送點 | lang0:lang0.pak:Current
DST_PORTAL_MAINWORLD	2	2	lang0,taiwan	taiwan:local_data.dat:世界 | lang0:lang0.pak:World
DST_PORTAL_START_POINT	2	2	lang0,taiwan	taiwan:local_data.dat:現在位置 | lang0:lang0.pak:Start Point
DST_PORTAL_ZENNY	2	2	lang0,taiwan	taiwan:local_data.dat:需要索尼 | lang0:lang0.pak:Zeni
DST_PRESENT_ITEM_NAME	2	2	lang0,taiwan	taiwan:local_data.dat:道具名稱 : %s | lang0:lang0.pak:Name: %s
DST_PRESENT_SENDER	2	2	lang0,taiwan	taiwan:local_data.dat:寄件者 : %s | lang0:lang0.pak:Sender: %s
DST_PRESENT_TIME	2	2	lang0,taiwan	taiwan:local_data.dat:寄件時間 : %s | lang0:lang0.pak:Time: %s
DST_PRIVATESHOP_AWAY	2	2	lang0,taiwan	taiwan:local_data.dat:離開 | lang0:lang0.pak: Away
DST_PRIVATESHOP_BUSINESS_BUTTON_CANT_TOOLTIP	2	2	lang0,taiwan	taiwan:local_data.dat:無法與對方進行議價。 | lang0:lang0.pak:You can't Bargain
DST_PRIVATESHOP_BUSINESS_BUTTON_TOOLTIP	2	2	lang0,taiwan	taiwan:local_data.dat:與對方進行議價。 | lang0:lang0.pak:You can Bargain
DST_PRIVATESHOP_BUSINESS_CONSENT	2	2	lang0,taiwan	"taiwan:local_data.dat:[align = ""center""][font size = ""12"" color=""f4d762""]議價[/font][br][br][font size = ""10"" color=""269eff""]與個人商店的主人進行議價，[br]道具將會調整為[br]更合理的價格。 [/font][br][br][font size = ""10"" color=""f4d762""]%s [br]發出下列道具的議價邀請。 color=""f36a7c""]議價道具: %s[/font][br][br][font size = ""10"" color=""ffffff""]您要進行議價嗎？ | lang0:lang0.pak:[align = ""center""]Bargain prices[br][br]%s will be bargained for[br][br]Bargain item : %s[br][br]Do you want to haggle?"
DST_PRIVATESHOP_BUSINESS_TRADEBOX_ACCEPT	2	2	lang0,taiwan	taiwan:local_data.dat:套用 | lang0:lang0.pak:Accept
DST_PRIVATESHOP_BUSINESS_TRADEBOX_CANCEL	2	2	lang0,taiwan	taiwan:local_data.dat:取消 | lang0:lang0.pak:Cancel
DST_PRIVATESHOP_BUSINESS_TRADEBOX_FLUCTUATIONS	2	2	lang0,taiwan	taiwan:local_data.dat:變更道具。 | lang0:lang0.pak:Price Adjustment
DST_PRIVATESHOP_BUSINESS_TRADEBOX_NEXTPRICE	2	2	lang0,taiwan	taiwan:local_data.dat:變更後價格 | lang0:lang0.pak:Next Price
DST_PRIVATESHOP_BUSINESS_TRADEBOX_PREVPRICE	2	2	lang0,taiwan	taiwan:local_data.dat:變更前價格 | lang0:lang0.pak:Prev Price
DST_PRIVATESHOP_BUSINESS_TRADEBOX_TITLE	2	2	lang0,taiwan	taiwan:local_data.dat:價格調整 | lang0:lang0.pak:Tradebox
DST_PRIVATESHOP_BUSINESS_TRADE_APPLYNOTIFY	2	2	lang0,taiwan	"taiwan:local_data.dat:[align = ""center""][font size = ""12"" color=""f4d762""]價格調整[/font][br][br][font size = ""10"""" color=""269eff""]個人商店主人與客人[br]對道具進行議價，[br]道具將調整為更合適的價格。 [/font][br][br][font size = ""10"" color=""ffffff""]請確認調整過後的價格。 | lang0:lang0.pak:[align = ""center""]Adjusting Prices[br][br]Prices Subject to[br]Change."
DST_PRIVATESHOP_BUSINESS_TRADE_APPLYPRICE	2	2	lang0,taiwan	"taiwan:local_data.dat:[align = ""center""][font size = ""12"" color=""f4d762""""]價格調整[/font][br][br][font size = ""10"" color=""269eff""]個人商店主人與客人[br]對道具進行議價，[br]道具將調整為更合適的價格。 [/font][br][br][font size = ""10"" color=""ffffff""]請確認調整過後的價格。 | lang0:lang0.pak:[align = ""center""]Apply Price[br][br]Prices Subject to[br]Change."
DST_PRIVATESHOP_BUSINESS_TRADE_CHAT	2	2	lang0,taiwan	taiwan:local_data.dat:議價內容 | lang0:lang0.pak:Trade Chat
DST_PRIVATESHOP_BUSINESS_TRADE_FLUCTUATIONS	2	2	lang0,taiwan	taiwan:local_data.dat:價格調整 | lang0:lang0.pak:Price Adjustment
DST_PRIVATESHOP_BUSINESS_TRADE_IMMEDIATE	2	2	lang0,taiwan	taiwan:local_data.dat:馬上買 | lang0:lang0.pak:Immediately Available
DST_PRIVATESHOP_BUSINESS_TRADE_ITEMPRICE	2	2	lang0,taiwan	taiwan:local_data.dat:現在價格 | lang0:lang0.pak:Price
DST_PRIVATESHOP_BUSINESS_TRADE_ITEMTITLE	2	2	lang0,taiwan	taiwan:local_data.dat:議價中道具 | lang0:lang0.pak:Item
DST_PRIVATESHOP_BUSINESS_TRADE_REALLYBUY	2	2	lang0,taiwan	"taiwan:local_data.dat:[align =""center""][font size=""12""color=""f4d762""]購買道具[/font][br][br][font size=""10""color=""ffffff""][br][br][font size=""10""color=""ffffff""? | lang0:lang0.pak:[align = ""center""][font size=""12""color=""f4d762""]Confirm Trade[/font][br][br][font size=""10""color=""ffffff""]Accept Trade?[/font]"
DST_PRIVATESHOP_BUSINESS_TRADE_TITLE	2	2	lang0,taiwan	taiwan:local_data.dat:議價 | lang0:lang0.pak:Item price dealing
DST_PRIVATESHOP_BUSINESS_WAITREQUEST	2	2	lang0,taiwan	"taiwan:local_data.dat:[align = ""center""][font size = ""12"" color=""f4d762""]個人商店情報處理中[/font][br][br][font size = ""10"" color=""269eff""]目前正在等待您所要求的作業[br]回應。 | lang0:lang0.pak:[align = ""center""]Store info queued[br][br]Please wait."
DST_PRIVATESHOP_CART_BUY	2	2	lang0,taiwan	taiwan:local_data.dat:購買 | lang0:lang0.pak:Buy
DST_PRIVATESHOP_CART_PRICE	2	2	lang0,taiwan	taiwan:local_data.dat:總 | lang0:lang0.pak:Total
DST_PRIVATESHOP_EMPTY_SLOT	2	2	lang0,taiwan	taiwan:local_data.dat:所有道具已售出。 | lang0:lang0.pak:Empty Slot
DST_PRIVATESHOP_ITEM_NOT_IDENTIFICATION	2	2	lang0,taiwan	taiwan:local_data.dat:未知道具 | lang0:lang0.pak:Mystery Item
DST_PRIVATESHOP_MSG_BUY_PROCESS	2	2	lang0,taiwan	taiwan:local_data.dat:使用滑鼠右鍵將道具登入購物車。 | lang0:lang0.pak:Right-Click to Add to Cart
DST_PRIVATESHOP_MSG_ITEM_NOT_REG	2	2	lang0,taiwan	taiwan:local_data.dat:該道具無法登入店內。 | lang0:lang0.pak:You can't sell Personal Items
DST_PRIVATESHOP_MSG_NOTICE_BUFFEROVER	2	2	lang0,taiwan	taiwan:local_data.dat:商店說明超過(最大64字)無法進行開啟。 | lang0:lang0.pak:Store can have maximum of 64 signs
DST_PRIVATESHOP_MSG_NOTICE_SLANGDER	2	2	lang0,taiwan	"taiwan:local_data.dat:[align = ""center""][font size = ""12"" color=""f4d762""]開啟個人商店[/font][br][br][font size = ""10"" color=""269eff""]開設個人商店時，可以設定商店說明或是[br]新增情報等。 color=""ffffff""]請重新輸入個人商店說明。 | lang0:lang0.pak:[align = ""center""][font size = ""12"" color=""f4d762""]Shop Name[/font][br][br]font size = ""10"" color=""ffffff""]Click to Input personal Shop Explanation Again. [/font]"
DST_PRIVATESHOP_MSG_SALE_CLOSE	2	2	lang0,taiwan	"taiwan:local_data.dat:[align =""center""][font size=""12""color=""f4d762""]關閉個人商店[/font][br][br][font size=""10""color=""ffffff""font]關閉個人商店結束道具」標籤。 | lang0:lang0.pak:[align = ""center""][font size=""12""color=""f4d762""]Close Personal Store[/font][br][br][font size=""10""color=""ffffff""]Close the shop on sale?[/font]"
DST_PRIVATESHOP_MSG_SALE_ITEM	2	2	lang0,taiwan	"taiwan:local_data.dat:[align = ""center""][font size = ""12"" color=""f4d762""]登入欲販賣道具[/font][br][br][font size = ""10"" color=""269][br][br][font size = ""10"" color=""269][br][br][fonts)」。 ""10"" color=""ffffff""]利用滑鼠右鍵膠囊盒中的道具，[br]道具將可登入商店中，[br]登入後請務必設定販賣價格。 | lang0:lang0.pak:[align = ""center""]Insert at least one item."
DST_PRIVATESHOP_MSG_SALE_OPEN	2	2	lang0,taiwan	"taiwan:local_data.dat:[align =""center""][font size=""12""color=""f4d762""]開啟個人商店[/font][br][br][font size=""10""color=""ffffff""""""開店開啟 | lang0:lang0.pak:[align = ""center""][font size=""12""color=""f4d762""]Personal Store[/font][br][br][font size=""10""color=""ffffff""]Open store?[/font]"
DST_PRIVATESHOP_MSG_SHOPNAME_SLANGDER	2	2	lang0,taiwan	"taiwan:local_data.dat:[align = ""center""][font size = ""12"" color=""f4d762""]開啟個人商店[/font][br][br][font size = ""10"" color=""269eff""]開啟個人商店時，[br]可以設定商店名稱。 [/font][br][br][font size = ""10"" color=""f36a7c""]現在所設定的個人商店名稱中，[br]包含了禁用語。 color=""ffffff""]請重新輸入個人商店的名稱。 | lang0:lang0.pak:[align = ""center""][font size = ""12"" color=""f4d762""]Shop Name[/font][br][br][font size = ""10"" color=""269eff""]Private Shop[/font][br][font size = ""10"" color=""f36a7c""]Shop name[br][br]Contains Prohibited words[/fony][br][br][font size = ""10"" color=""ffffff""]Please Re-Enter.[/font]"
DST_PRIVATESHOP_NAMETAG_AWAY	2	2	lang0,taiwan	taiwan:local_data.dat:離開 | lang0:lang0.pak: - Away
DST_PRIVATESHOP_NAMETAG_READY	2	2	lang0,taiwan	taiwan:local_data.dat:個人商店準備中 | lang0:lang0.pak:Personal Shop Closed
DST_PRIVATESHOP_NOTICE	2	2	lang0,taiwan	taiwan:local_data.dat:提示 | lang0:lang0.pak:Ready
DST_PRIVATESHOP_NOTICE_FOOT	2	2	lang0,taiwan	taiwan:local_data.dat:%s 上 | lang0:lang0.pak:Signed: %s
DST_PRIVATESHOP_SALE_START	2	2	lang0,taiwan	taiwan:local_data.dat:開始販賣 | lang0:lang0.pak:Start
DST_PRIVATESHOP_SALE_STOP	2	2	lang0,taiwan	taiwan:local_data.dat:結束販賣 | lang0:lang0.pak:Close
DST_PRIVATESHOP_SHOPNAME	2	2	lang0,taiwan	taiwan:local_data.dat:商店名稱 | lang0:lang0.pak:Name
DST_PRIVATESHOP_SHOPNAME_EMPTY	2	2	lang0,taiwan	taiwan:local_data.dat:的個人商店 | lang0:lang0.pak:'s Shop
DST_PRIVATESHOP_TAB_BUY_1	2	2	lang0,taiwan	taiwan:local_data.dat:商品 | lang0:lang0.pak:Buy
DST_PRIVATESHOP_TAB_BUY_2	2	2	lang0,taiwan	taiwan:local_data.dat:備註 | lang0:lang0.pak:Info
DST_PRIVATESHOP_TAB_SELL_1	2	2	lang0,taiwan	taiwan:local_data.dat:商品 | lang0:lang0.pak:Sale
DST_PRIVATESHOP_TAB_SELL_2	2	2	lang0,taiwan	taiwan:local_data.dat:設定 | lang0:lang0.pak:Info
DST_PRIVATESHOP_ZENNY	2	2	lang0,taiwan	taiwan:local_data.dat:所持金額 | lang0:lang0.pak:Zeni
DST_PURE_MARGIN_CAN_NOT_USE_SOCIAL	2	2	lang0,taiwan	taiwan:local_data.dat:真魔人無法使用動作技能 | lang0:lang0.pak:Can't use while transformed.
DST_PVP_ZONE_ENTER	2	2	lang0,taiwan	taiwan:local_data.dat:您已經進入對戰練習場。 | lang0:lang0.pak:PvP Zone entered.
DST_PVP_ZONE_LEFT	2	2	lang0,taiwan	taiwan:local_data.dat:您已經離開對戰練習場。 | lang0:lang0.pak:PvP Zone left.
DST_QUESTFLINKFLOWCHART	2	2	lang0,taiwan	taiwan:local_data.dat:相關任務情報 | lang0:lang0.pak:Quest Link
DST_QUESTINDICATOR_ALLEXTEND_OFF	2	2	lang0,taiwan	taiwan:local_data.dat:顯示所有任務新增資訊。 | lang0:lang0.pak:Show all quest information.
DST_QUESTINDICATOR_ALLEXTEND_ON	2	2	lang0,taiwan	taiwan:local_data.dat:隱藏所有任務新增資訊。 | lang0:lang0.pak:Hide all quest information.
DST_QUESTINDICATOR_EXTEND	2	2	lang0,taiwan	taiwan:local_data.dat:任務擴張資訊 | lang0:lang0.pak:Hide quest information.
DST_QUESTINDICATOR_QUESTLIST_BTN	2	2	lang0,taiwan	taiwan:local_data.dat:開啟或關閉任務目錄視窗. | lang0:lang0.pak:Turn on OR off the quest list window.
DST_QUESTINDICATOR_QUESTLIST_OPEN	2	2	lang0,taiwan	taiwan:local_data.dat:開啟任務清單視窗 | lang0:lang0.pak:Open Questlist
DST_QUESTINDICATOR_TIP_QUESTTYPE	2	2	lang0,taiwan	taiwan:local_data.dat:[ %s 任務 ] | lang0:lang0.pak:[%s Quest]
DST_QUESTINDICATOR_TRANSFORM_MINI	2	2	lang0,taiwan	taiwan:local_data.dat:通知視窗最小化 | lang0:lang0.pak:Minimize quest window
DST_QUESTINDICATOR_TRANSFORM_NORMAL	2	2	lang0,taiwan	taiwan:local_data.dat:檢視通知視窗 | lang0:lang0.pak:View quest window
DST_QUESTINFOMATION	2	2	lang0,taiwan	taiwan:local_data.dat:任務情報 | lang0:lang0.pak:Quest Info
DST_QUESTLIST_INVENTITLE	2	2	lang0,taiwan	taiwan:local_data.dat:任務背包 | lang0:lang0.pak:Quest Items
DST_QUESTLIST_NOQUEST	2	2	lang0,taiwan	taiwan:local_data.dat:無可執行的任務。 | lang0:lang0.pak:No Quests
DST_QUESTLIST_TIP_CLEARD_QUEST	2	2	lang0,taiwan	taiwan:local_data.dat:已完成任務 | lang0:lang0.pak:Complete
DST_QUESTLIST_TIP_ERROR_BLOCK	2	2	lang0,taiwan	taiwan:local_data.dat:任務錯誤 | lang0:lang0.pak:Error
DST_QUESTLIST_TIP_FAILD_QUEST	2	2	lang0,taiwan	taiwan:local_data.dat:失敗任務 | lang0:lang0.pak:Failed
DST_QUESTLIST_TIP_NEW_QUEST	2	2	lang0,taiwan	taiwan:local_data.dat:新任務 | lang0:lang0.pak:New Quest
DST_QUESTLIST_TIP_PROGRESS_QUEST	2	2	lang0,taiwan	taiwan:local_data.dat:進行中任務 | lang0:lang0.pak:In-progress
DST_QUESTLIST_TITLE	2	2	lang0,taiwan	taiwan:local_data.dat:任務目錄 | lang0:lang0.pak:Quests
DST_QUESTMESSAGE_TEXT_SKIP	2	2	lang0,taiwan	taiwan:local_data.dat:下一頁 | lang0:lang0.pak:Skip
DST_QUESTREWARD_CHANGE_ADULT	2	2	lang0,taiwan	taiwan:local_data.dat:成長為成人 | lang0:lang0.pak:Grow Up
DST_QUESTREWARD_CONVERT_CLASS_RIGHT	2	2	lang0,taiwan	taiwan:local_data.dat:可進行轉職 | lang0:lang0.pak:Master Class
DST_QUESTREWARD_INFO_CLASS	2	2	lang0,taiwan	taiwan:local_data.dat:職業變更為%s | lang0:lang0.pak:Class Change: %s
DST_QUESTREWARD_INFO_EXP	2	2	lang0,taiwan	taiwan:local_data.dat:獲得%d經驗值 | lang0:lang0.pak:%d EXP
DST_QUESTREWARD_INFO_REPUTATION	2	2	lang0,taiwan	taiwan:local_data.dat:獲得名聲%d | lang0:lang0.pak:%d Rep
DST_QUESTREWARD_INFO_ZENNY	2	2	lang0,taiwan	taiwan:local_data.dat:獲得%s索尼 | lang0:lang0.pak:%s Zeni
DST_QUESTREWARD_PROB_REWARD	2	2	lang0,taiwan	taiwan:local_data.dat:機率獎勵 | lang0:lang0.pak:Reward
DST_QUESTREWARD_TEXT_BASIC	2	2	lang0,taiwan	taiwan:local_data.dat:基本獎勵 | lang0:lang0.pak:Reward
DST_QUESTREWARD_TEXT_GET_EXP	2	2	lang0,taiwan	taiwan:local_data.dat:獲得經驗值 | lang0:lang0.pak:Exp:
DST_QUESTREWARD_TEXT_GET_ZENNY	2	2	lang0,taiwan	taiwan:local_data.dat:獲得索尼 | lang0:lang0.pak:Zeni:
DST_QUESTREWARD_TEXT_SELECT	2	2	lang0,taiwan	taiwan:local_data.dat:選擇獎勵 | lang0:lang0.pak:Select
DST_QUESTREWARD_TEXT_SEL_CNT	2	2	lang0,taiwan	taiwan:local_data.dat:選擇個數 | lang0:lang0.pak:Choose
DST_QUEST_ACCEPT_BTN	2	2	lang0,taiwan	taiwan:local_data.dat:接受 | lang0:lang0.pak:Accept
DST_QUEST_CANCEL_BTN	2	2	lang0,taiwan	taiwan:local_data.dat:取消 | lang0:lang0.pak:Cancel
DST_QUEST_CAT_DRAGONBALL	2	2	lang0,taiwan	taiwan:local_data.dat:龍珠任務 | lang0:lang0.pak:Dragon Ball
DST_QUEST_CAT_ELITE	2	2	lang0,taiwan	taiwan:local_data.dat:精銳任務 | lang0:lang0.pak:Elite Quest
DST_QUEST_CAT_EVENT	2	2	lang0,taiwan	taiwan:local_data.dat:活動任務 | lang0:lang0.pak:Event Quest
DST_QUEST_CAT_JOBCHANGE	2	2	lang0,taiwan	taiwan:local_data.dat:轉職任務 | lang0:lang0.pak:Class Change
DST_QUEST_CAT_SCENARIO	2	2	lang0,taiwan	taiwan:local_data.dat:劇情任務 | lang0:lang0.pak:Scenario Quest
DST_QUEST_CAT_SYSTEM	2	2	lang0,taiwan	taiwan:local_data.dat:系統任務 | lang0:lang0.pak:System Quest
DST_QUEST_CAT_TASK	2	2	lang0,taiwan	taiwan:local_data.dat:一般任務 | lang0:lang0.pak:General Quest
DST_QUEST_CAT_TIMEMACHINE	2	2	lang0,taiwan	taiwan:local_data.dat:時光機任務 | lang0:lang0.pak:Time-Machine
DST_QUEST_CAT_TLQ	2	2	lang0,taiwan	taiwan:local_data.dat:原作任務 | lang0:lang0.pak:Time Line
DST_QUEST_CLEAR	2	2	lang0,taiwan	taiwan:local_data.dat:完成任務%s。 | lang0:lang0.pak:Cleared: %s
DST_QUEST_CLOSE_BTN	2	2	lang0,taiwan	taiwan:local_data.dat:關閉 | lang0:lang0.pak:Close
DST_QUEST_COMPLETE	2	2	lang0,taiwan	taiwan:local_data.dat:完成任務%s。 | lang0:lang0.pak:Completed: %s
DST_QUEST_FAILED	2	2	lang0,taiwan	taiwan:local_data.dat:任務%s失敗。 | lang0:lang0.pak:Failed: %s
DST_QUEST_GAVEUP_MESSAGE	2	2	lang0,taiwan	taiwan:local_data.dat:放棄任務%s。 | lang0:lang0.pak:Abandoned: %s
DST_QUEST_GIVEUP_BTN	2	2	lang0,taiwan	taiwan:local_data.dat:放棄 | lang0:lang0.pak:Abandon
DST_QUEST_GIVEUP_MESSAGE	2	2	lang0,taiwan	"taiwan:local_data.dat:[align = ""center""][font size = ""12"" color=""f4d762""]放棄任務[/font][br][br][font size = ""10"" color=""269eff""]您可以放棄已進行的任務。 color=""ffffff""][/font]即便放棄了任務，一般情況可以[br]透過NPC可以重新接受任務。 ""10"" color=""ffffff""]您確定要放棄任務嗎？ | lang0:lang0.pak:[align = ""center""][font size = ""12"" color=""f4d762""]Abandon the Quest[/font][br][br][font size = ""10"" color=""269eff""]Caution[/font][br][br]You can speak to the NPC to receive the Quest again.[br][br][font size = ""10"" color=""f36a7c""]Quests with Special Conditions may be lost.[/font][br][br][font size = ""10"" color=""ffffff""]Are you sure you want to abandon?[/font]"
DST_QUEST_GUID_TOGGLE_OFF	2	2	lang0,taiwan	taiwan:local_data.dat:全地圖中已刪除了任務提示列。 | lang0:lang0.pak:Quest Guide Off.
DST_QUEST_GUID_TOGGLE_ON	2	2	lang0,taiwan	taiwan:local_data.dat:全地圖中已顯示了任務提示列。 | lang0:lang0.pak:Quest Guide On.
DST_QUEST_HIDE_QUEST_CATALOG	2	2	lang0,taiwan	taiwan:local_data.dat:隱藏任務目錄 | lang0:lang0.pak:Hide
DST_QUEST_INDICATOR	2	2	lang0,taiwan	taiwan:local_data.dat:點選可將任務登入在提示欄裡，解除時則不會在提示欄裡顯示。 | lang0:lang0.pak:Track Quest
DST_QUEST_INDICATOR_CANNOT_ADD_INDICATE_ITEM	2	2	lang0,taiwan	taiwan:local_data.dat:無法再登入任務至任務提示欄。 | lang0:lang0.pak:Quest Log Full
DST_QUEST_LIMIT_TIME	2	2	lang0,taiwan	taiwan:local_data.dat:限制時間 | lang0:lang0.pak:Timeout
DST_QUEST_LINK_ACTION_ERROR	2	2	lang0,taiwan	taiwan:local_data.dat:請稍候重試。 | lang0:lang0.pak:Try Again
DST_QUEST_NEW	2	2	lang0,taiwan	taiwan:local_data.dat:[最新] | lang0:lang0.pak:[NEW quest]
DST_QUEST_NEXT_INVENTORY	2	2	lang0,taiwan	taiwan:local_data.dat:次頁 | lang0:lang0.pak:Next
DST_QUEST_PREV_INVENTORY	2	2	lang0,taiwan	taiwan:local_data.dat:前頁 | lang0:lang0.pak:Previous
DST_QUEST_PROGRESS_INFO	2	2	lang0,taiwan	taiwan:local_data.dat:進行狀況 | lang0:lang0.pak:Progress
DST_QUEST_PROGRESS_WINDOW_TITLE	2	2	lang0,taiwan	taiwan:local_data.dat:任務進行 | lang0:lang0.pak:Quest Info
DST_QUEST_PROPOSAL_WINDOW_TITLE	2	2	lang0,taiwan	taiwan:local_data.dat:任務提示 | lang0:lang0.pak:Quest Offers
DST_QUEST_RECIEVER	2	2	lang0,taiwan	taiwan:local_data.dat:報告書 | lang0:lang0.pak:Receiver
DST_QUEST_REJECT_BTN	2	2	lang0,taiwan	taiwan:local_data.dat:拒絕 | lang0:lang0.pak:Reject
DST_QUEST_REMAIN_TIME	2	2	lang0,taiwan	taiwan:local_data.dat:剩餘時間 %02d : %02d | lang0:lang0.pak:Time Left %02d:%02d
DST_QUEST_REWARD_BTN	2	2	lang0,taiwan	taiwan:local_data.dat:獎勵 | lang0:lang0.pak:Reward
DST_QUEST_REWARD_WINDOW_TITLE	2	2	lang0,taiwan	taiwan:local_data.dat:任務獎勵 | lang0:lang0.pak:Reward
DST_QUEST_SENDER	2	2	lang0,taiwan	taiwan:local_data.dat:任務站 | lang0:lang0.pak:Sender
DST_QUEST_SHARE	2	2	lang0,taiwan	taiwan:local_data.dat:任務分享 | lang0:lang0.pak:Share
DST_QUEST_SHARE_ALREADY_PROGRESS	2	2	lang0,taiwan	taiwan:local_data.dat:%s 任務為正在進行的任務。 | lang0:lang0.pak:In-Progress: %s
DST_QUEST_SHARE_COND_COMPLETE	2	2	lang0,taiwan	taiwan:local_data.dat:%s 任務為連續任務，所以無法進行任務分享。 | lang0:lang0.pak:%s can't share (Chain)
DST_QUEST_SHARE_COND_EQUIP_ITEM	2	2	lang0,taiwan	taiwan:local_data.dat:%s 任務需要裝備特定道具才能夠分享。 | lang0:lang0.pak:Can't share, %s miss an item
DST_QUEST_SHARE_COND_IN_WORLD	2	2	lang0,taiwan	taiwan:local_data.dat:%s 任務只能在指定區域進行分享。 | lang0:lang0.pak:%s can't share, wrong area
DST_QUEST_SHARE_COND_ITEM	2	2	lang0,taiwan	taiwan:local_data.dat:%s 任務需要持有某樣道具，才能進行分享。 | lang0:lang0.pak:%s Quest: Certain Item
DST_QUEST_SHARE_COND_LEVEL	2	2	lang0,taiwan	taiwan:local_data.dat:等級不符無法共享 %s 。 | lang0:lang0.pak:Can't share, %s level too low
DST_QUEST_SHARE_COND_NPC_REGION	2	2	lang0,taiwan	taiwan:local_data.dat:%s 任務只能在任務NPC附近可以進行分享。 | lang0:lang0.pak:%s need to be near the NPC
DST_QUEST_SHARE_COND_PC_CLASS	2	2	lang0,taiwan	taiwan:local_data.dat:職業不符無法共享 %s 任務。 | lang0:lang0.pak:Can't share, wrong Class: %s
DST_QUEST_SHARE_COND_PC_RACE	2	2	lang0,taiwan	taiwan:local_data.dat:種族不符無法共享 %s 任務。 | lang0:lang0.pak:Can't share, wrong Race: %s
DST_QUEST_SHARE_COND_QITEM	2	2	lang0,taiwan	taiwan:local_data.dat:%s 任務必須要持有任務道具才能夠進行分享。 | lang0:lang0.pak:%s Quest Item
DST_QUEST_SHARE_HAS_BEEN	2	2	lang0,taiwan	taiwan:local_data.dat:%s 任務為已完成的任務。 | lang0:lang0.pak:Shared: %s
DST_QUEST_SHARE_MAX_OVERFLOW	2	2	lang0,taiwan	taiwan:local_data.dat:任務最大可接20個。 | lang0:lang0.pak:Log Full
DST_QUEST_SHARE_OTHER_QUEST_PROGRESS	2	2	lang0,taiwan	taiwan:local_data.dat:%s 任務正在處理中。請稍後再重新嘗試。 | lang0:lang0.pak:%s Quest in progress try again
DST_QUEST_SHARE_TRY	2	2	lang0,taiwan	taiwan:local_data.dat:%s 任務和隊員共享。 | lang0:lang0.pak:Shared: %s
DST_QUEST_SHOW_QUEST_CATALOG	2	2	lang0,taiwan	taiwan:local_data.dat:顯示任務目錄 | lang0:lang0.pak:Show
DST_QUEST_SUCCESS_COLLECTION	2	2	lang0,taiwan	taiwan:local_data.dat:%s 任務道具收集完成 | lang0:lang0.pak:Collection Completed: %s
DST_QUEST_SUCCESS_CUSTOM	2	2	lang0,taiwan	taiwan:local_data.dat:任務%s 任務完成 | lang0:lang0.pak:Mission Success: %s
DST_QUEST_SUCCESS_DELIVERY	2	2	lang0,taiwan	taiwan:local_data.dat:%s 任務道具發送完成 | lang0:lang0.pak:Delivery Completed: %s
DST_QUEST_SUCCESS_MOBHUNT	2	2	lang0,taiwan	taiwan:local_data.dat:%s 任務完成 | lang0:lang0.pak:Mob Hunt Complete: %s
DST_QUEST_SUCCESS_VISIT	2	2	lang0,taiwan	taiwan:local_data.dat:%s 任務完成 | lang0:lang0.pak:Visited: %s
DST_QUEST_TEXT_AIM	2	2	lang0,taiwan	taiwan:local_data.dat:目標 | lang0:lang0.pak:Target
DST_QUEST_TEXT_CONVERSATION	2	2	lang0,taiwan	taiwan:local_data.dat:對話 | lang0:lang0.pak:Information
DST_QUICKSLOT_IS_LOCK	2	2	lang0,taiwan	taiwan:local_data.dat:快捷列已鎖定。 | lang0:lang0.pak:Bar Locked
DST_QUICK_TELEPORT	2	2	lang0,taiwan	taiwan:local_data.dat:無線波波 | lang0:lang0.pak:Teleport
DST_QUICK_TELEPORT_ERROR_POS_MOVE	2	2	lang0,taiwan	taiwan:local_data.dat:現在無法進行移動。 | lang0:lang0.pak:Can't teleport.
DST_QUICK_TELEPORT_ERROR_POS_SAVE	2	2	lang0,taiwan	taiwan:local_data.dat:現在無法儲存。 | lang0:lang0.pak:Can't teleport.
DST_QUICK_TELEPORT_ERROR_SLOT_FAINT	2	2	lang0,taiwan	taiwan:local_data.dat:無法在死亡專用欄位儲存。 | lang0:lang0.pak:Can't teleport.
DST_QUICK_TELEPORT_INFO	2	2	lang0,taiwan	taiwan:local_data.dat:死亡位置 | lang0:lang0.pak:Info
DST_QUICK_TELEPORT_SAVE_POS	2	2	lang0,taiwan	taiwan:local_data.dat:儲存位置: %s | lang0:lang0.pak:Save: %s
DST_QUICK_TELEPORT_SAVE_TIME	2	2	lang0,taiwan	taiwan:local_data.dat:儲存時間:%2d年%2d月%2d日%2d點%2d分 | lang0:lang0.pak:Save Time: %2dYear %2dMonth %2dDay %2dMinute %2dSecond
DST_QUICK_TELEPORT_TO_FAINT_POS	2	2	lang0,taiwan	taiwan:local_data.dat:移動到死亡位置 | lang0:lang0.pak:Teleport to where you died
DST_RACE	2	2	lang0,taiwan	taiwan:local_data.dat:種族 | lang0:lang0.pak:Race
DST_RACE_CHANNEL_BUFF_SIDEICON_EFFECT	2	2	lang0,taiwan	taiwan:local_data.dat:[套用效果] | lang0:lang0.pak:Apply effect
DST_RACE_CHANNEL_BUFF_SIDEICON_INCREASE_ALLSTAT	2	2	lang0,taiwan	taiwan:local_data.dat:所有能力值增加 %d%% | lang0:lang0.pak:All state increased by %d%%
DST_RACE_CHANNEL_BUFF_SIDEICON_INCREASE_MOVE_SPEED	2	2	lang0,taiwan	taiwan:local_data.dat:移動速度增加 %d%% | lang0:lang0.pak:Movement speed increased by %d%%
DST_RACE_CHANNEL_BUFF_SIDEICON_INCREASE_VEHICLE_SPEED	2	2	lang0,taiwan	taiwan:local_data.dat:機車移動速度增加 %d%% | lang0:lang0.pak:Vehicle speed increased by %d%%
DST_RACE_CHANNEL_BUFF_SIDEICON_TARGET	2	2	lang0,taiwan	taiwan:local_data.dat:套用物件: %d ~ %dLv(%s) | lang0:lang0.pak:Apply to: %d ~ %d Lv(%s)
DST_RACE_CHANNEL_BUFF_SIDEICON_TITLE	2	2	lang0,taiwan	taiwan:local_data.dat:種族 (%s)BUFF | lang0:lang0.pak:Race (%s)BUFF
DST_RANKBATTLE_CANCELED	2	2	lang0,taiwan	taiwan:local_data.dat:申請的排名戰已取消。 | lang0:lang0.pak:Rank Cancelled
DST_RANKBATTLE_DIRECT_REGISTER	2	2	lang0,taiwan	taiwan:local_data.dat:立即登入 | lang0:lang0.pak:Sign in
DST_RANKBATTLE_MATCH_READY	2	2	lang0,taiwan	taiwan:local_data.dat:排名戰準備中無法開啟公告欄。 | lang0:lang0.pak:Get ready to battle
DST_RANKBATTLE_MEMBER_FAINT	2	2	lang0,taiwan	taiwan:local_data.dat:%s 昏過去了。 | lang0:lang0.pak:%s Fainted.
DST_RANKBATTLE_MEMBER_GIVEUP	2	2	lang0,taiwan	taiwan:local_data.dat:%s 逃走了。 | lang0:lang0.pak:%s Fled
DST_RANKBATTLE_MEMBER_OUTOFAREA	2	2	lang0,taiwan	taiwan:local_data.dat:%s 現在在場外。 | lang0:lang0.pak:%s Out of Area
DST_RANKBATTLE_MUST_SELECT_ROOMID	2	2	lang0,taiwan	taiwan:local_data.dat:請選擇要挑戰的排名戰房間。 | lang0:lang0.pak:Choose Battle Room Challenge.
DST_RANKBATTLE_NOTIFY_COUNT	2	2	lang0,taiwan	taiwan:local_data.dat:等待排名戰結束中. | lang0:lang0.pak:Waiting for the end of the Ranked Battle.
DST_RANKBATTLE_SIDEVIEW_MESSAGE_JOIN	2	2	lang0,taiwan	taiwan:local_data.dat:%s\n申請參加。 | lang0:lang0.pak:For %s you must apply.
DST_RANKBATTLE_SIDEVIEW_MESSAGE_MATCHFAIL	2	2	lang0,taiwan	taiwan:local_data.dat:搜尋不到戰鬥對手，比賽將進行延遲。 | lang0:lang0.pak:Player Not Found
DST_RANKBATTLE_SIDEVIEW_MESSAGE_NEED_PARTYMEMBER	2	2	lang0,taiwan	taiwan:local_data.dat:還需要其他隊友. | lang0:lang0.pak:Party member required.
DST_RANKBOARD_BOARD_DATALOADING	2	2	lang0,taiwan	taiwan:local_data.dat:資料處理中請稍後。 | lang0:lang0.pak:Loading
DST_RANKBOARD_BOARD_MSGBOX_INPUTSEARCH	2	2	lang0,taiwan	"taiwan:local_data.dat:[align =""center""][font size=""12""color=""f4d762""]查看排名[/font][br][br][font size=""10""color=""ffffff""]請輸入欲搜尋的姓名。 | lang0:lang0.pak:[align = ""center""][font size=""12""color=""f4d762""]View Rank Board[/font][br][br][font size=""12""color=""ffffff""]Please enter a Name.[/font]"
DST_RANKBOARD_BOARD_MSGBOX_NODATA	2	2	lang0,taiwan	"taiwan:local_data.dat:[align =""center""][font size=""12""color=""f4d762""]查看排名[/font][br][br][font size=""10""color=""ffffff""""font]無其他資料[//]""font] | lang0:lang0.pak:[align = ""center""][font size=""12""color=""f4d762""]View Rank Board[/font][br][br][font size=""12""color=""ffffff""]No more data.[/font]"
DST_RANKBOARD_BOARD_MSGBOX_NONESCENARIO	2	2	lang0,taiwan	"taiwan:local_data.dat:[align =""center""][font size=""12""color=""f4d762""]查看排名[/font][br][br][font size=""10""color=""ffffff""]無其他任務。 | lang0:lang0.pak:[align = ""center""][font size=""12""color=""f4d762""]View Rank Board[/font][br][br][font size=""12""color=""ffffff""]Quests not Displayed.[/font]"
DST_RANKBOARD_BOARD_MSGBOX_NOTMEMBER	2	2	lang0,taiwan	"taiwan:local_data.dat:[align =""center""][font size=""12""color=""f4d762""]查看排名[/font][br][br][font size=""10""color=""ffffff""""]無其他隊員情報。 | lang0:lang0.pak:[align = ""center""][font size=""12""color=""f4d762""]View Rank Board[/font][br][br][font size=""10""color=""ffffff""]Party members can't display more Info.[/font]"
DST_RANKBOARD_BOARD_MSGBOX_NOTPAGE	2	2	lang0,taiwan	"taiwan:local_data.dat:[align =""center""][font size=""12""color=""f4d762""]查看排名[/font][br][br][font size=""10""color=""ffffffff""]您現在看到的是排行榜的最後一頁。 | lang0:lang0.pak:[align = ""center""][font size=""12""color=""f4d762""]View Rank Board[/font][br][br][font size=""10""color=""ffffff""]Last Page of rank board.[/font]"
DST_RANKBOARD_BOARD_MSGBOX_TOPPAGE	2	2	lang0,taiwan	"taiwan:local_data.dat:[align =""center""][font size=""12""color=""f4d762""]查看排名[/font][br][br][font size=""10""color=""ffffff""]您現在看到的是排行榜的首頁[font/]」。 | lang0:lang0.pak:[align = ""center""][font size=""12""color=""f4d762""]View Rank Board[/font][br][br][font size=""12""color=""ffffff""]First Page of rank board.[/font]"
DST_RANKBOARD_BOARD_NEXT	2	2	lang0,taiwan	taiwan:local_data.dat:次頁 | lang0:lang0.pak:Next
DST_RANKBOARD_BOARD_PREV	2	2	lang0,taiwan	taiwan:local_data.dat:前頁 | lang0:lang0.pak:Previous
DST_RANKBOARD_BOARD_TITLE_PVP	2	2	lang0,taiwan	taiwan:local_data.dat:排名戰 | lang0:lang0.pak:Resets
DST_RANKBOARD_BOARD_TITLE_TMQ	2	2	lang0,taiwan	taiwan:local_data.dat:時光機任務 | lang0:lang0.pak:TMQ
DST_RANKBOARD_RANKBATTLE_SUBJECT_CLASS	2	2	lang0,taiwan	taiwan:local_data.dat:職業 | lang0:lang0.pak:Class
DST_RANKBOARD_RANKBATTLE_SUBJECT_COMPARE	2	2	lang0,taiwan	taiwan:local_data.dat:排名變動 | lang0:lang0.pak:Change
DST_RANKBOARD_RANKBATTLE_SUBJECT_COMPARE_1	2	2	lang0,taiwan	taiwan:local_data.dat:1日戰 | lang0:lang0.pak:1 Day
DST_RANKBOARD_RANKBATTLE_SUBJECT_COMPARE_2	2	2	lang0,taiwan	taiwan:local_data.dat:2日戰 | lang0:lang0.pak:2 Days
DST_RANKBOARD_RANKBATTLE_SUBJECT_COMPARE_3	2	2	lang0,taiwan	taiwan:local_data.dat:3日戰 | lang0:lang0.pak:3 Days
DST_RANKBOARD_RANKBATTLE_SUBJECT_COMPARE_4	2	2	lang0,taiwan	taiwan:local_data.dat:4日戰 | lang0:lang0.pak:4 Days
DST_RANKBOARD_RANKBATTLE_SUBJECT_COMPARE_5	2	2	lang0,taiwan	taiwan:local_data.dat:5日戰 | lang0:lang0.pak:5 Days
DST_RANKBOARD_RANKBATTLE_SUBJECT_COMPARE_6	2	2	lang0,taiwan	taiwan:local_data.dat:6日戰 | lang0:lang0.pak:6 Days
DST_RANKBOARD_RANKBATTLE_SUBJECT_GUILD	2	2	lang0,taiwan	taiwan:local_data.dat:類型 | lang0:lang0.pak:Guild
DST_RANKBOARD_RANKBATTLE_SUBJECT_LEVEL	2	2	lang0,taiwan	taiwan:local_data.dat:等級 | lang0:lang0.pak:Lv.
DST_RANKBOARD_RANKBATTLE_SUBJECT_NAME	2	2	lang0,taiwan	taiwan:local_data.dat:姓名 | lang0:lang0.pak:Name
DST_RANKBOARD_RANKBATTLE_SUBJECT_POINT	2	2	lang0,taiwan	taiwan:local_data.dat:分數 | lang0:lang0.pak:Resets
DST_RANKBOARD_RANKBATTLE_SUBJECT_RANK	2	2	lang0,taiwan	taiwan:local_data.dat:排名 | lang0:lang0.pak:Rank
DST_RANKBOARD_RANKBATTLE_SUBJECT_STRAIGHTWIN	2	2	lang0,taiwan	taiwan:local_data.dat:連勝 | lang0:lang0.pak:Reputation
DST_RANKBOARD_TITLE	2	2	lang0,taiwan	taiwan:local_data.dat:查看排名 | lang0:lang0.pak:View Rankings
DST_RANKBOARD_TMQ_OVER_TIME	2	2	lang0,taiwan	taiwan:local_data.dat:整天 | lang0:lang0.pak:Overtime
DST_RANKBOARD_TMQ_SUBJECT_CLASS	2	2	lang0,taiwan	taiwan:local_data.dat:職業 | lang0:lang0.pak:Job
DST_RANKBOARD_TMQ_SUBJECT_CLEARTIME	2	2	lang0,taiwan	taiwan:local_data.dat:完成時間 | lang0:lang0.pak:Clear Time
DST_RANKBOARD_TMQ_SUBJECT_LEVEL	2	2	lang0,taiwan	taiwan:local_data.dat:等級 | lang0:lang0.pak:Lv.
DST_RANKBOARD_TMQ_SUBJECT_PARTYMEMBER	2	2	lang0,taiwan	taiwan:local_data.dat:隊員 | lang0:lang0.pak:Members
DST_RANKBOARD_TMQ_SUBJECT_PARTYMEMBERINFO	2	2	lang0,taiwan	taiwan:local_data.dat:隊員情報 | lang0:lang0.pak:Members Info
DST_RANKBOARD_TMQ_SUBJECT_PARTYNAME	2	2	lang0,taiwan	taiwan:local_data.dat:隊名 | lang0:lang0.pak:Party
DST_RANKBOARD_TMQ_SUBJECT_RANK	2	2	lang0,taiwan	taiwan:local_data.dat:排名 | lang0:lang0.pak:Rank
DST_RANKBOARD_TMQ_SUBJECT_SCENARIO	2	2	lang0,taiwan	taiwan:local_data.dat:劇情 %d | lang0:lang0.pak:Scenario %d
DST_RANK_BATTLE	2	2	lang0,taiwan	taiwan:local_data.dat:排名戰 | lang0:lang0.pak:Rank Battle
DST_RB_APPLY_CHALLANGE	2	2	lang0,taiwan	taiwan:local_data.dat:您要報名挑戰嗎? | lang0:lang0.pak:Do you want to apply?
DST_RB_BLUE_TEAM	2	2	lang0,taiwan	taiwan:local_data.dat:藍隊 | lang0:lang0.pak:Blue
DST_RB_BTN_APPLY	2	2	lang0,taiwan	taiwan:local_data.dat:參賽申請 | lang0:lang0.pak:Apply
DST_RB_BTN_CANCEL	2	2	lang0,taiwan	taiwan:local_data.dat:參賽取消 | lang0:lang0.pak:Cancel
DST_RB_BTN_INDIVIDUAL	2	2	lang0,taiwan	taiwan:local_data.dat:個人戰 | lang0:lang0.pak:Single
DST_RB_BTN_PARTY	2	2	lang0,taiwan	taiwan:local_data.dat:隊伍戰鬥 | lang0:lang0.pak:Party
DST_RB_BTN_RELAY	2	2	lang0,taiwan	taiwan:local_data.dat:接力賽 | lang0:lang0.pak:Relay
DST_RB_CAMERA_REVIEW	2	2	lang0,taiwan	taiwan:local_data.dat:返回 | lang0:lang0.pak:Return
DST_RB_CAMERA_VIEW	2	2	lang0,taiwan	taiwan:local_data.dat:觀戰: | lang0:lang0.pak:Spectators:
DST_RB_CANCEL	2	2	lang0,taiwan	taiwan:local_data.dat:取消 | lang0:lang0.pak:Cancel
DST_RB_CHALLENGER_COUNT	2	2	lang0,taiwan	taiwan:local_data.dat:參加人員 | lang0:lang0.pak:Challengers
DST_RB_COUNT_INFO	2	2	lang0,taiwan	taiwan:local_data.dat:您可參加排名戰的次數剩下%d回。 | lang0:lang0.pak:Ranked Battle Number: %d
DST_RB_COUNT_INFO_NOTIFY	2	2	lang0,taiwan	taiwan:local_data.dat:您可參加排名戰的次數剩下%d回。 | lang0:lang0.pak:Battle Rank Nr. %d left to join
DST_RB_ENEMY_MEMBER	2	2	lang0,taiwan	taiwan:local_data.dat:對方成員 | lang0:lang0.pak:Opponent
DST_RB_FIELD	2	2	lang0,taiwan	taiwan:local_data.dat:比賽場地 | lang0:lang0.pak:Stadium
DST_RB_INFO_1	2	2	lang0,taiwan	taiwan:local_data.dat:%s 後，將開始進行戰鬥。 | lang0:lang0.pak:%s until next battle begin.
DST_RB_INFO_2	2	2	lang0,taiwan	taiwan:local_data.dat:戰鬥形式 : %s\n競技場 : %s\n戰鬥預計時間 : %s 後 | lang0:lang0.pak:Type: %s\nStadium: %s\nTime: %s
DST_RB_LEVEL	2	2	lang0,taiwan	taiwan:local_data.dat:%d 等級 | lang0:lang0.pak:Lv.%d
DST_RB_LEVEL_LIMIT	2	2	lang0,taiwan	taiwan:local_data.dat:%u級 ~ %u級 | lang0:lang0.pak:Lv.%u - Lv.%u
DST_RB_NOT_ACTION	2	2	lang0,taiwan	taiwan:local_data.dat:在執行其他動作時不能使用. | lang0:lang0.pak:Can't be used during other actions.
DST_RB_NOT_USE	2	2	lang0,taiwan	taiwan:local_data.dat:進行排名戰時不可使用. | lang0:lang0.pak:Can't be used during battle.
DST_RB_OK	2	2	lang0,taiwan	taiwan:local_data.dat:確認 | lang0:lang0.pak:Ok
DST_RB_PAGE	2	2	lang0,taiwan	taiwan:local_data.dat:%u / %u | lang0:lang0.pak:%u / %u
DST_RB_PERFECT_WIN	2	2	lang0,taiwan	taiwan:local_data.dat:勝利 | lang0:lang0.pak:Perfect
DST_RB_RED_TEAM	2	2	lang0,taiwan	taiwan:local_data.dat:紅隊 | lang0:lang0.pak:Red
DST_RB_RELAY_INFO	2	2	lang0,taiwan	taiwan:local_data.dat:<%s隊>的「%s」 ,「%s」是先發. | lang0:lang0.pak:<%s Team 「%s」 ,「%s」 move first.
DST_RB_RELAY_INFO_ONEPLAY	2	2	lang0,taiwan	taiwan:local_data.dat:<%s 隊> 的先發是「 %s.」 | lang0:lang0.pak:<%s Team>, 「%s」 move first.
DST_RB_RELAY_INFO_OUT	2	2	lang0,taiwan	taiwan:local_data.dat:<%s隊>的「%s」 出局. “%s”加入戰場. | lang0:lang0.pak:<%s Team 「%s」 to ringout 「%s」 enter.
DST_RB_RELAY_INFO_OUT_ALONG	2	2	lang0,taiwan	taiwan:local_data.dat:<%s隊>的「%s」出局. | lang0:lang0.pak:<%s Team 「%s」 to ringout.
DST_RB_RESULT_EACH_LEVEL_REWARD	2	2	lang0,taiwan	taiwan:local_data.dat:依等級支付 | lang0:lang0.pak:Depends On Level
DST_RB_RESULT_MESSAGE	2	2	lang0,taiwan	"taiwan:local_data.dat:[font size=""13""color=""000000""]您辛苦了。[br][br]稍後將會移到場外。[/font] | lang0:lang0.pak:[font size=""14""color=""000000""]The Ranked Battle is over.[br][br]Exiting Soon![/font]"
DST_RB_RESULT_POINT_RESULT	2	2	lang0,taiwan	taiwan:local_data.dat:結果 | lang0:lang0.pak:Results
DST_RB_RESULT_POINT_TEXT	2	2	lang0,taiwan	taiwan:local_data.dat:比 | lang0:lang0.pak:Score
DST_RB_RESULT_RECORD_INFO_1	2	2	lang0,taiwan	taiwan:local_data.dat:總 %u 戰 %u 勝 %u 敗 | lang0:lang0.pak:Total: %u I, %u W, %u L
DST_RB_RESULT_RECORD_INFO_2	2	2	lang0,taiwan	taiwan:local_data.dat:%u 連勝 (完勝 : %u回) | lang0:lang0.pak:%u Win Streak (Victory: %u Times)
DST_RB_RESULT_WAIT_TEXT	2	2	lang0,taiwan	taiwan:local_data.dat:請稍後。 | lang0:lang0.pak:Please Wait
DST_RB_RESULT_WAIT_TIME	2	2	lang0,taiwan	taiwan:local_data.dat:(限制時間: %d秒) | lang0:lang0.pak:(Timeout: %dSec)
DST_RB_SIDECIEWMSG	2	2	lang0,taiwan	taiwan:local_data.dat:在等待大廳可使用觀戰按鈕. | lang0:lang0.pak:In the waiting room, you can only watch.
DST_RB_SIDE_CHECK_FOR_ENTER	2	2	lang0,taiwan	taiwan:local_data.dat:確認參加排名賽(%u級~%u級) | lang0:lang0.pak:Check Rank (Lv.%u-Lv.%u)
DST_RB_SIDE_DOING_RANKBATTLE	2	2	lang0,taiwan	taiwan:local_data.dat:排名戰進行中。 | lang0:lang0.pak:Rank Battle
DST_RB_SIDE_DO_ENTER_RANKBATTLE	2	2	lang0,taiwan	taiwan:local_data.dat:您要報名排名戰嗎? | lang0:lang0.pak:Enter Ranked Battle?
DST_RB_SIDE_ENTER_FAIL	2	2	lang0,taiwan	taiwan:local_data.dat:不可報名 | lang0:lang0.pak:Failed
DST_RB_SIDE_ENTER_MUST_HAVE_NEED_ITEM	2	2	lang0,taiwan	taiwan:local_data.dat:(沒有道具。) | lang0:lang0.pak:(No items)
DST_RB_SIDE_ENTER_MUST_HAVE_NEED_ZENNY	2	2	lang0,taiwan	taiwan:local_data.dat:(Sony不足。) | lang0:lang0.pak:(Not enough Zeni)
DST_RB_SIDE_ENTER_STATE_ERROR	2	2	lang0,taiwan	taiwan:local_data.dat:(狀態異常) | lang0:lang0.pak:(Status)
DST_RB_SIDE_ENTER_SUCESS	2	2	lang0,taiwan	taiwan:local_data.dat:可報名 | lang0:lang0.pak:Entered
DST_RB_SIDE_ENTER_TOO_HIGHTLEVEL	2	2	lang0,taiwan	taiwan:local_data.dat:(等級過高無法參加排名戰。) | lang0:lang0.pak:(Level too High)
DST_RB_SIDE_ENTER_TOO_LOW_LEVEL	2	2	lang0,taiwan	taiwan:local_data.dat:(等級不足。) | lang0:lang0.pak:(Level too Low)
DST_RB_SIDE_ON_ENTER	2	2	lang0,taiwan	taiwan:local_data.dat:請入場。 | lang0:lang0.pak:Position
DST_RB_SIDE_ON_ENTER_SECOND	2	2	lang0,taiwan	taiwan:local_data.dat:%d秒後入場 | lang0:lang0.pak:%d sec after position
DST_RB_SIDE_RANKBATTLE_CANCELED	2	2	lang0,taiwan	taiwan:local_data.dat:取消排名戰。 | lang0:lang0.pak:Battle Cancelled
DST_RB_SIDE_WAIT_FOR_ENTER	2	2	lang0,taiwan	taiwan:local_data.dat:排名賽待機中 (%u級~%u級) | lang0:lang0.pak:Ranked Battle (Lv.%u-Lv.%u)
DST_RB_START_BATTLE	2	2	lang0,taiwan	taiwan:local_data.dat:決定戰鬥順序. | lang0:lang0.pak:Start Battle
DST_RB_START_BATTLE_READY	2	2	lang0,taiwan	taiwan:local_data.dat:請上BUFF與戰鬥裝備. | lang0:lang0.pak:Buff and prepare please.
DST_RB_STRAIGHT_WIN	2	2	lang0,taiwan	taiwan:local_data.dat:連勝 | lang0:lang0.pak:Win Streak
DST_RB_TITLE	2	2	lang0,taiwan	taiwan:local_data.dat:參加申請 | lang0:lang0.pak:Registration
DST_RB_VS	2	2	lang0,taiwan	taiwan:local_data.dat:對 | lang0:lang0.pak:VS
DST_RECALL	2	2	lang0,taiwan	taiwan:local_data.dat:召喚 | lang0:lang0.pak:Summon
DST_RECALL_START_MASCOT_MB_CONFIRM	2	2	lang0,taiwan	"taiwan:local_data.dat:[align = ""center""][font size = ""12"" color=""f4d762""]召喚寵物[/font][br][br][font size = ""10"" color=""269eff""][br][font/font]"" color=""ffffff""]確認 : 召喚寵物[/font][br][br][font size = ""10"" color=""ffffff""]您要召喚寵物嗎？ | lang0:lang0.pak:[align = ""center""][font size = ""12"" color=""f4d762""]Summon Pet[/font][br][br][font size = ""10"" color=""ffffff""]Summon your Pet?[/font]"
DST_RECALL_STOP_MASCOT_MB_CONFIRM	2	2	lang0,taiwan	"taiwan:local_data.dat:[align = ""center""][font size = ""12"" color=""f4d762""]解除寵物[/font][br][br][font size = ""10"" color=""269eff""][br][font size = ""10"" color=""269eff""][br][font][//font]Sfont] 解除""10"" color=""ffffff""]確認 : 解除寵物的召喚狀態[/font][br][br][font size = ""10"" color=""ffffff""]您要解除寵物的召喚狀態嗎？ | lang0:lang0.pak:[align = ""center""][font size = ""12"" color=""f4d762""]Dismiss Pet[/font][br][br][font size = ""10"" color=""ffffff""]Dismiss your Pet?[/font]"
DST_RECIPE_INVALID	2	2	lang0,taiwan	taiwan:local_data.dat:當前配方無效請登錄有效配方 %d | lang0:lang0.pak:Invalid Recipe
DST_RECIPE_LOGIN	2	2	lang0,taiwan	taiwan:local_data.dat:請登錄配方 | lang0:lang0.pak:Recipe Login
DST_RECORD	2	2	lang0,taiwan	taiwan:local_data.dat:排名戰戰績 | lang0:lang0.pak:Record
DST_REFUND_POLICY	2	2	lang0,taiwan	taiwan:local_data.dat:WEB商城 | lang0:lang0.pak:Refund Policy
DST_REFUND_POLICY_URL	2	2	lang0,taiwan	taiwan:local_data.dat:http://dbo.wasabii.com.tw/DB_WebShop/index.aspx | lang0:lang0.pak:https://opendbo.org/donate
DST_REGEN_MB_DOJO_RETRY_BTN	2	2	lang0,taiwan	taiwan:local_data.dat:重新挑戰 | lang0:lang0.pak:Retry
DST_REGEN_MB_MAINWORLD_MOVE_TO_POPOSTONE_BTN	2	2	lang0,taiwan	taiwan:local_data.dat:移動 | lang0:lang0.pak:Respawn
DST_REGEN_MB_MAINWORLD_USE_POPOSTONE_CHUNK_BTN	2	2	lang0,taiwan	taiwan:local_data.dat:波波碎片 | lang0:lang0.pak:Revive
DST_REGEN_MB_PARTYDUNGEON_RETRY_BTN	2	2	lang0,taiwan	taiwan:local_data.dat:重新挑戰 | lang0:lang0.pak:Retry
DST_REGEN_MB_TLQ_MOVE_TO_MAINWORLD_BTN	2	2	lang0,taiwan	taiwan:local_data.dat:返回 | lang0:lang0.pak:Respawn
DST_REGEN_MB_TLQ_RETRY_BTN	2	2	lang0,taiwan	taiwan:local_data.dat:重新挑戰 | lang0:lang0.pak:Retry
DST_REGEN_MB_TMQ_MOVE_TO_MAINWORLD_BTN	2	2	lang0,taiwan	taiwan:local_data.dat:返回 | lang0:lang0.pak:Leave
DST_REGEN_PLAYER_CCBD	2	2	lang0,taiwan	"taiwan:local_data.dat:[align = ""center""][font size = ""12"" color=""f4d762""]準備復活中[/font][br][br][font size = ""10"" color=""ffffff""]成為屍體的狀態時，[br]可利用技能進行復活。 | lang0:lang0.pak:[align = ""center""][font size = ""12"" color=""f4d762""]Waiting for Revive[/font][br][br][font size = ""10"" color=""eb436b""]If you click OK you'll leave the dungeon and party.[/font][br][font size = ""10"" color=""ffffff""]Leave dungeon and party?[/font]"
DST_REGEN_PLAYER_DOJO	2	2	lang0,taiwan	"taiwan:local_data.dat:[align = ""center""][font size = ""12"" color=""f4d762""]角色昏厥[/font][br][br][font size = ""10"" color=""269eff""]角色陷入昏厥，無法進行任何的動作，[br]您可以等待同伴的救援或是[br]從初始位置重新開始。 color=""ffffff""]您要再挑戰嗎？ | lang0:lang0.pak:[align = ""center""][font size = ""12"" color=""f4d762""]You Fainted[/font][br][br][font size = ""10"" color=""269eff""]Can't do anything while dead[br]Please wait[br]until you get resurrected.[/font][br][br][font size = ""10"" color=""f4d762""]Retry: Stay in this world[/font][br][br][font size = ""10"" color=""ffffff""]Retry?[/font]"
DST_REGEN_PLAYER_MAINWORLD	2	2	lang0,taiwan	"taiwan:local_data.dat:[align = ""center""][font size = ""12"" color=""f4d762""]角色昏厥[/font][br][br][font size = ""10"" color=""269eff""]角色陷入昏厥，無法進行任何的動作，[br]您可以等待同伴的救援或是[br]移動到記錄了精神及時間的波波之石[br]的位置。[/font][br][br][font size = ""10"" color=""f4d762""f4d762""-10"""" color=""f4d762""-100762""。 color=""ef1f1f""]警告 : 進行移動時，特定時間內，耐久度、攻擊力、防禦力、[br]移動速度、LP/EP上限將會減少。 | lang0:lang0.pak:[align = ""center""][font size = ""12"" color=""f4d762""]You Fainted[/font][br][br][font size = ""10"" color=""269eff""]Can't do anything while dead[/font][br][font size = ""10"" color=""f4d762""]Wait for a friend[br]To bring you back[br]or go to Popo Stone.[/font][br][br][font size = ""10"" color=""ef1f1f""]Go to: Popostone location[/font][br][br][font size = ""10"" color=""ffffff""]Select an action?[/font]"
DST_REGEN_PLAYER_MAINWORLD_WITH_POPO	2	2	lang0,taiwan	"taiwan:local_data.dat:[align = ""center""][font size = ""12"" color=""f4d762""]角色昏厥[/font][br][br][font size = ""10"""" color=""269eff""]角色陷入昏厥，無法進行任何的動作，[br]您可以等待同伴的救援或是[br]移動到記錄了精神及時間的波波之石[br]的位置。[/font][br][br][font size = ""10"" color=""f4d762"", 0d762""。消耗波波雕像並在原地復活[br][br][font size = ""10"" color=""ef1f1f""]警告 : 進行移動時，特定時間內，耐久度、攻擊力、防禦力、[br]移動速度、LP/EP上限將會減少。 | lang0:lang0.pak:[align = ""center""][font size = ""12"" color=""f4d762""]You Fainted[/font][br][br][font size = ""10"" color=""269eff""]You have lost all of your Life Points.[/font][br][br][font size = ""10"" color=""f4d762""]You can Respawn in Town or[br][br]Revive yourself using a Popo Stone[/font][br][br][font size = ""10"" color=""ffffff""]Select an action?[/font]"
DST_REGEN_PLAYER_PARTY_DUNGEON	2	2	lang0,taiwan	"taiwan:local_data.dat:[align = ""center""][font size = ""12"" color=""f4d762""]角色昏厥[/font][br][br][font size = ""10"" color=""269eff""]角色陷入昏厥，無法進行任何的動作，[br]您可以等待同伴的救援或從初始位置[br]重新開始。 color=""ef1f1f""]警告 : 進行移動時，特定時間內，耐久度、攻擊力、防禦力、[br]移動速度、LP/EP上限將會減少。 | lang0:lang0.pak:[align = ""center""][font size = ""12"" color=""f4d762""]You Fainted[/font][br][br][font size = ""10"" color=""269eff""]You've Fainted[br]Please wait[br]until you are resurrected[/font][br][br][font size = ""10"" color=""ffffff""]Select an action?[/font]"
DST_REGEN_PLAYER_PARTY_DUNGEON_NO	2	2	lang0,taiwan	"taiwan:local_data.dat:[align = ""center""][font size = ""12"" color=""f4d762""""]角色昏厥[/font][br][br][font size = ""10"" color=""269eff""]角色陷入昏厥，無法進行任何的動作，[br]您可以等待同伴的救援或從初始位置[br]重新開始。移到副本的初始位置[/font][br][br][font size = ""10"" color=""ef1f1f""]警告 : 進行移動時，特定時間內，耐久度、攻擊力、防禦力、[br]移動速度、LP/EP上限將會減少。 color=""ffffff""]您要再挑戰嗎？ | lang0:lang0.pak:[align = ""center""][font size = ""12"" color=""f4d762""]You Fainted[/font][br][br][font size = ""10"" color=""269eff""]Can't do anything while dead[br]Please wait[br]for the timer[br]you can't respawn[br]until the timer[br]runs out[br]please wait.[/font][br][br][font size = ""10"" color=""f4d762""]Land : Stay in this world[/font][br][br][font size = ""10"" color=""ffffff""]Select an action?[/font][br]"
DST_REGEN_PLAYER_TLQ	2	2	lang0,taiwan	"taiwan:local_data.dat:[align = ""center""][font size = ""12"" color=""f4d762""]角色昏厥[/font][br][br][font size = ""10"" color=""269eff""]角色陷入昏厥的話，將無法進行任何動作，[br]請進行再挑戰或回到原本的[br]世界中。 ""10"" color=""ffffff""]您要再進行挑戰嗎？ | lang0:lang0.pak:[align = ""center""][font size = ""12"" color=""f4d762""]You Fainted[/font][br][br][font size = ""10"" color=""269eff""]Can't do anything while dead[/font][br][font size = ""10"" color=""f4d762""]Teleport back[br]To your own world.[br][br]Return: Back to your world[br]Land: Stay in this world[/font][br][br][font size = ""10"" color=""ffffff""]Select an action?[/font]"
DST_REGEN_PLAYER_TMQ	2	2	lang0,taiwan	"taiwan:local_data.dat:[align = ""center""][font size = ""12"" color=""f4d762""]角色昏厥[/font][br][br][font size = ""10"" color=""269eff""]角色陷入昏厥，無法進行任何的動作，[br]您可以等待同伴的救援或是[br]回到原本的世界中。 color=""ef1f1f""]警告 : 進行移動時，特定時間內，耐久度、攻擊力、防禦力、[br]移動速度、LP/EP上限將會減少。 | lang0:lang0.pak:[align = ""center""][font size = ""12"" color=""f4d762""]You Fainted[/font][br][br][font size = ""10"" color=""269eff""]Can't do anything while dead[/font][br][font size = ""10"" color=""f4d762""]Releasing will bring you[br]Back to your world[/font][br][br][font size = ""10"" color=""ffffff""]Select an action?[/font]"
DST_REGISTER	2	2	lang0,taiwan	taiwan:local_data.dat:登入 | lang0:lang0.pak:Register
DST_REGISTER_MASCOT_MB_CONFIRM	2	2	lang0,taiwan	"taiwan:local_data.dat:[align = ""center""][font size = ""12"" color=""f4d762""]登入寵物[/font][br][br][font size = ""10"" color=""2690""][br][font size = ""10"" color=""269font""]br][font 4font]並刪除。 size = ""10"" color=""ffffff""]確認 : 登入寵物[/font][br][br][font size = ""10"" color=""ffffff""]您要登入寵物嗎？ | lang0:lang0.pak:[align = ""center""][font size = ""12"" color=""f4d762""]Pet Registration[/font][br][br][font size = ""10"" color=""269eff""]To avoid losing your Pet it's[br]recommended to register it.[/font][br][br][font size = ""10"" color=""ffffff""]Register your Pet now?[/font]"
DST_REJECT_PARTY_RECALL	2	2	lang0,taiwan	taiwan:local_data.dat:%s拒絕了召喚邀請。 | lang0:lang0.pak:%s Reject recall.
DST_RELEASE	2	2	lang0,taiwan	taiwan:local_data.dat:解除 | lang0:lang0.pak:Dismiss
DST_REMOVE_ALL_PART	2	2	lang0,taiwan	taiwan:local_data.dat:卸載晶片 | lang0:lang0.pak:Remove All Parts
DST_RENAME_MB_CHARAC_RENAME	2	2	lang0,taiwan	"taiwan:local_data.dat:[align =""center""][font size=""12""color=""f4d762""]角色名稱變更[/font][br][br][font size=""10""color=""269eff""""]請輸入想要變更]的角色名稱。 | lang0:lang0.pak:[align = ""center""][font size=""12""color=""f4d762""]Character Rename[/font][br][br][font size=""10""color=""269eff""]Enter new name.[/font]"
DST_RENAME_MB_ENTER_LOBBY	2	2	lang0,taiwan	"taiwan:local_data.dat:[align =""center""][font size=""12""color=""f4d762""]移到角色選擇畫面[/font][br][br][font size=""10""color=""269eff""""]10秒後將回到主頁。 | lang0:lang0.pak:[align = ""center""][font size=""12""color=""f4d762""]Character Selection[/font][br][br][font size=""10""color=""269eff""]Will enter lobby in 10 seconds.[br][/font]"
DST_REPAIR_ALL_ITEM	2	2	lang0,taiwan	taiwan:local_data.dat:支付%s索尼即可修復裝備中道具耐久度低的道具。 | lang0:lang0.pak:All Items repaired! Cost: %s Zeni
DST_REPAIR_ITEM	2	2	lang0,taiwan	taiwan:local_data.dat:支付%s索尼，修理道具 %s 。 | lang0:lang0.pak:%s Repaired %s
DST_RESET	2	2	lang0,taiwan	taiwan:local_data.dat:初始化 | lang0:lang0.pak:Reset
DST_RESETEXP_MSG	2	2	lang0,taiwan	"taiwan:local_data.dat:[align =""center""][font size=""12""color=""f4d762""]刪除經驗值確認[/font][br][br][font size=""10""color=""269eff""]確認後將會清空當前經驗槽裡的所有經驗[/font][br][br][font size=""10""color=""ff0000""]確定要這樣做嗎?[/font] | lang0:lang0.pak:Are you sure you want to reset your EXP?"
DST_RESETS_TITLE	2	2	lang0,taiwan	taiwan:local_data.dat:Reset your Character Level | lang0:lang0.pak:Reset your Character Level
DST_RESET_CONFIRM_MSGBOX	2	2	lang0,taiwan	"taiwan:local_data.dat:[align = ""center""][font size = ""12"" color=""f4d762""]Reset: %s[/font][br][br][font size = ""10"" color=""ffffff""]By doing this, your character will return to   Level 1 and receive a bonus. Are you sure?[/font] | lang0:lang0.pak:[align = ""center""][font size = ""12"" color=""f4d762""]Reset: %s[/font][br][br][font size = ""10"" color=""ffffff""]By doing this, your character will return to   Level 1 and receive a bonus. Are you sure?[/font]"
DST_RESTRICTION_CCBD	2	2	lang0,taiwan	taiwan:local_data.dat:CC競技副本進行中無法使用 | lang0:lang0.pak:CCBD disabled
DST_RESTRICTION_DOJO	2	2	lang0,taiwan	taiwan:local_data.dat:在道場爭奪戰中無法使用 | lang0:lang0.pak:Dojo Disabled
DST_RESTRICTION_HUNT	2	2	lang0,taiwan	taiwan:local_data.dat:極限副本裡面無法使用 | lang0:lang0.pak:Scramble Disabled
DST_RESTRICTION_NORMAL	2	2	lang0,taiwan	taiwan:local_data.dat:一般地區無法使用 | lang0:lang0.pak:General Disabled
DST_RESTRICTION_RAID	2	2	lang0,taiwan	taiwan:local_data.dat:特戰隊地區中無法使用 | lang0:lang0.pak:Raid Disabled
DST_RESTRICTION_RANKBATTLE	2	2	lang0,taiwan	taiwan:local_data.dat:排名戰地區中無法使用 | lang0:lang0.pak:Ranked Disabled
DST_RESTRICTION_TEINKAICHIBUDOKAI	2	2	lang0,taiwan	taiwan:local_data.dat:天下第一武道會進行中無法使用 | lang0:lang0.pak:Budokai Disabled
DST_RESTRICTION_TIMEQUEST	2	2	lang0,taiwan	taiwan:local_data.dat:時光機任務進行中無法使用 | lang0:lang0.pak:TMQ Disabled
DST_RESTRICTION_TLQ	2	2	lang0,taiwan	taiwan:local_data.dat:原作任務任務進行中無法使用 | lang0:lang0.pak:TLQ Disabled
DST_RESTRICTION_TUTORIAL	2	2	lang0,taiwan	taiwan:local_data.dat:新手教學進行中無法使用 | lang0:lang0.pak:Tutorial Disabled
DST_RESTRUCTURE_ITEM_EMPTY_TOOLTIP	2	2	lang0,taiwan	taiwan:local_data.dat:放置準備進行屬性重組道具的位置。 | lang0:lang0.pak:Place item for restructuring.
DST_REVERTED_ACCOUNT	2	2	lang0,taiwan	taiwan:local_data.dat:取得時帳號綁定 | lang0:lang0.pak:Account Bound
DST_REVERTED_ACTIVATE	2	2	lang0,taiwan	taiwan:local_data.dat:(綁定中) | lang0:lang0.pak:(Activate)
DST_REVERTED_BATTLE_DRAGONBALL	2	2	lang0,taiwan	taiwan:local_data.dat:爭奪龍珠綁定 | lang0:lang0.pak:Battle Dragon Ball
DST_REVERTED_DRAGONBALL	2	2	lang0,taiwan	taiwan:local_data.dat:七龍珠綁定 | lang0:lang0.pak:Dragon Ball
DST_REVERTED_EQUIP	2	2	lang0,taiwan	taiwan:local_data.dat:裝備後綁定 | lang0:lang0.pak:Binds
DST_REVERTED_GENERAL	2	2	lang0,taiwan	taiwan:local_data.dat:取得後綁定 | lang0:lang0.pak:Binds
DST_REVERTED_INVENTORY	2	2	lang0,taiwan	taiwan:local_data.dat:背包綁定 | lang0:lang0.pak:Inventory Bound
DST_REVERTED_ITEM	2	2	lang0,taiwan	taiwan:local_data.dat:綁定道具 | lang0:lang0.pak:Sealing
DST_REVERTED_MB_CONFIRM_ACTIVATE	2	2	lang0,taiwan	"taiwan:local_data.dat:[align = ""center""][font size = ""12"" color=""f4d762""]確定綁定道具[/font][br][br][font size = ""10"" color=""f36ac""道具綁定。 | lang0:lang0.pak:[align = ""center""][font size = ""12"" color=""f4d762""]Check Item Attribute[/font][br][br][font size = ""10"" color=""f36a7c""]Attribute: %s.[/font][br][br][font size = ""10"" color=""f36a7c""]Change the status of the item? (can't be undone)[/font]"
DST_REVERTED_QUEST	2	2	lang0,taiwan	taiwan:local_data.dat:綁定膠囊盒 | lang0:lang0.pak:Quest Bound
DST_REVERTED_USE	2	2	lang0,taiwan	taiwan:local_data.dat:使用時綁定 | lang0:lang0.pak:Binds
DST_REWARDLIST	2	2	lang0,taiwan	taiwan:local_data.dat:獎勵目錄 | lang0:lang0.pak:List
DST_REWARD_ACCOUNT	2	2	lang0,taiwan	taiwan:local_data.dat:物件為帳戶內所有角色 | lang0:lang0.pak:All characters available
DST_REWARD_CHAR	2	2	lang0,taiwan	taiwan:local_data.dat:對方角色 | lang0:lang0.pak:Other roles
DST_REWARD_CLOSE	2	2	lang0,taiwan	taiwan:local_data.dat:關閉 | lang0:lang0.pak:Close
DST_REWARD_EVENT_AD	2	2	lang0,taiwan	taiwan:local_data.dat:活動管理員 | lang0:lang0.pak:Manager
DST_REWARD_INDEX_ERROR	2	2	lang0,taiwan	taiwan:local_data.dat:Index錯誤 | lang0:lang0.pak:Index Error
DST_REWARD_INFO	2	2	lang0,taiwan	taiwan:local_data.dat:獎勵內容 | lang0:lang0.pak:Reward info
DST_REWARD_NOT_ACCOUNT_CHARID	2	2	lang0,taiwan	"taiwan:local_data.dat:[align = ""center""][font size = ""12"" color=""f4d762""]系統問題提示[/font][br][br][font size = ""10"" color=""ffffff""） | lang0:lang0.pak:[align = ""center""][font size = ""12"" color=""f4d762""]Information system problem[/font][br][br][font size = ""10"" color=""ffffff""]Compensation of receiving[br]data error occurred (02).[/font]"
DST_REWARD_NOT_CHARID	2	2	lang0,taiwan	"taiwan:local_data.dat:[align = ""center""][font size = ""12"" color=""f4d762""]系統出錯提示[/font][br][br][font size = ""10"" color=""ffffff""""]獎勵相關資料中 | lang0:lang0.pak:[align = ""center""][font size = ""12"" color=""f4d762""]Error[/font[br][br][font size = ""10"" color=""ffffff""]An error occurred.[/font]"
DST_REWARD_NOT_CHAR_CHARID	2	2	lang0,taiwan	"taiwan:local_data.dat:[align = ""center""][font size = ""12"" color=""f4d762""]系統問題提示[/font][br][br][font size = ""10"" color=""ffffff""""font)。 | lang0:lang0.pak:[align = ""center""][font size = ""12"" color=""f4d762""]Information system problem[/font][br][br][font size = ""10"" color=""ffffff""]Compensation of receiving[br]data error occurred (02).[/font]"
DST_REWARD_NOT_REWARD	2	2	lang0,taiwan	taiwan:local_data.dat:該角色無獎勵獲得。 | lang0:lang0.pak:Reward not available
DST_REWARD_NOT_TABLE	2	2	lang0,taiwan	"taiwan:local_data.dat:[align = ""center""][font size = ""12"" color=""f4d762""]系統問題提示[/font][br][br][font size = ""10"""" color=""ffffff""[br][br][font size = ""10"" color=""ffffff""""font)傳送資料時發生錯誤[ | lang0:lang0.pak:[align = ""center""][font size = ""12"" color=""f4d762""]Information system problem[/font][br][br][font size = ""10"" color=""ffffff""]Compensation of receiving[br]data error occurred (01).[/font]"
DST_REWARD_SENDCHAR	2	2	lang0,taiwan	taiwan:local_data.dat:寄件者 | lang0:lang0.pak:From
DST_REWARD_SENT	2	2	lang0,taiwan	taiwan:local_data.dat:接受 | lang0:lang0.pak:Reward Accepted
DST_REWARD_SENT_CHARACTER	2	2	lang0,taiwan	"taiwan:local_data.dat:[align = ""center""][font size = ""12"" color=""f4d762""]帳戶獎勵提示[/font][br][br][font size = ""10"" color=""FFFFFF""[br][br][font size = ""10"""" color=""FFFFFF""[brfont]無法獲得獎勵 [brfont]。 size = ""10"" color=""eb436b""]您是否確定選擇該角色？ | lang0:lang0.pak:[align = ""center""][font size = ""12"" color=""f4d762""]Reward[/font][br][br][size = ""10"" color=""FFFFFF""]Only the current character will receive the reward.[/font][br][br][font size = ""10"" color=""eb436b""]Do you want to continue?[/font]"
DST_REWARD_TABLE_ERROR	2	2	lang0,taiwan	taiwan:local_data.dat:未知的錯誤獎品 | lang0:lang0.pak:Table error
DST_RING	2	2	lang0,taiwan	taiwan:local_data.dat:項圈 | lang0:lang0.pak:Ring
DST_RPBALL_TOOLTIP	2	2	lang0,taiwan	taiwan:local_data.dat:可以透過集氣技能獲得RP，並透過RP球使用技能AP或HTB技能。 | lang0:lang0.pak:Use RP to boost skills or to use HTB skills
DST_SATURDAY	2	2	lang0,taiwan	taiwan:local_data.dat:六 | lang0:lang0.pak:Saturday
DST_SAVE	2	2	lang0,taiwan	taiwan:local_data.dat:收納 | lang0:lang0.pak:Save
DST_SCOUTERITEM_OFF_EQUIPMENT	2	2	lang0,taiwan	taiwan:local_data.dat:史考特道具 OFF 狀態. | lang0:lang0.pak:Scouter Status: Off
DST_SCOUTERITEM_ON_EQUIPMENT	2	2	lang0,taiwan	taiwan:local_data.dat:史考特道具 ON 狀態. | lang0:lang0.pak:Scouter Status: On
DST_SCOUTERPARTS_BEST_START	2	2	lang0,taiwan	taiwan:local_data.dat:史考特晶片優化 | lang0:lang0.pak:Best Start
DST_SCOUTERPARTS_FIND_MOB_TO_GET_DRAGONBALL	2	2	lang0,taiwan	taiwan:local_data.dat:顯示持有七龍珠怪物 | lang0:lang0.pak:Finds Dragon Balls
DST_SCOUTERPARTS_FIND_OBJECT	2	2	lang0,taiwan	taiwan:local_data.dat:搜尋隱藏物件 | lang0:lang0.pak:Find hidden objects
DST_SCOUTERPARTS_INFO_LUMINOSITY	2	2	lang0,taiwan	taiwan:local_data.dat:額外增加一次掉寶機率 | lang0:lang0.pak:Item Drop
DST_SCOUTERPARTS_INFO_METERIAL_DECOMPOSITION	2	2	lang0,taiwan	taiwan:local_data.dat:分解物品 | lang0:lang0.pak:Material Degradation
DST_SCOUTERPARTS_INFO_REMOTE_BANK	2	2	lang0,taiwan	taiwan:local_data.dat:遠端倉庫 | lang0:lang0.pak:Remote Warehouse
DST_SCOUTERPARTS_INFO_REMOTE_SHOP	2	2	lang0,taiwan	taiwan:local_data.dat:連接虛擬商店 | lang0:lang0.pak:Remote Store
DST_SCOUTERPARTS_INFO_REMOTE_SHOP_BUY	2	2	lang0,taiwan	taiwan:local_data.dat:虛擬購買 | lang0:lang0.pak:Remote Buy
DST_SCOUTERPARTS_INFO_REMOTE_SHOP_IDENTIFY	2	2	lang0,taiwan	taiwan:local_data.dat:虛擬鑑定 | lang0:lang0.pak:Remote Identify
DST_SCOUTERPARTS_INFO_REMOTE_SHOP_REPAIR	2	2	lang0,taiwan	taiwan:local_data.dat:虛擬修理 | lang0:lang0.pak:Remote Repair
DST_SCOUTERPARTS_INFO_REMOTE_SHOP_SELL	2	2	lang0,taiwan	taiwan:local_data.dat:虛擬販賣 | lang0:lang0.pak:Remote Sell
DST_SCOUTERPARTS_INFO_REMOTE_TMP	2	2	lang0,taiwan	taiwan:local_data.dat:虛擬天下第一大市場 | lang0:lang0.pak:Remote Auction
DST_SCOUTERPARTS_ITEM_IDENTIFICATION	2	2	lang0,taiwan	taiwan:local_data.dat:道具鑑定 | lang0:lang0.pak:Identify Item
DST_SCOUTERPARTS_MAIL_CONNECTOR	2	2	lang0,taiwan	taiwan:local_data.dat:連接信箱 | lang0:lang0.pak:Mailbox Access
DST_SCOUTERPARTS_MAIL_TRANSMITTER	2	2	lang0,taiwan	taiwan:local_data.dat:連接信箱及傳送物品 | lang0:lang0.pak:Mailbox Access + Item transfer
DST_SCOUTERPARTS_PC_INFO_JAMMING	2	2	lang0,taiwan	taiwan:local_data.dat:影響裝備檢視 | lang0:lang0.pak:Avoid Inspect
DST_SCOUTERPARTS_PC_INFO_VIEWER	2	2	lang0,taiwan	taiwan:local_data.dat:查看他人裝備 | lang0:lang0.pak:Inspect Others
DST_SCOUTERPARTS_QUEST_SEARCH	2	2	lang0,taiwan	taiwan:local_data.dat:任務搜尋 | lang0:lang0.pak:Quest Search
DST_SCOUTERPARTS_SPECIAL_START	2	2	lang0,taiwan	taiwan:local_data.dat:預測合成效率: %d%% 精確度 | lang0:lang0.pak:Predicts:%d%% Accuracy
DST_SCOUTER_BA	2	2	lang0,taiwan	taiwan:local_data.dat:被動 | lang0:lang0.pak:Passive
DST_SCOUTER_BACK	2	2	lang0,taiwan	taiwan:local_data.dat:迴避 | lang0:lang0.pak:Runs
DST_SCOUTER_BALL	2	2	lang0,taiwan	taiwan:local_data.dat:可能會掉落龍珠 | lang0:lang0.pak:May Drop a Dragon Ball
DST_SCOUTER_BUTTON_EXPLANATION_NON	2	2	lang0,taiwan	taiwan:local_data.dat:未配戴史考特/史考特損壞 | lang0:lang0.pak:Scouter On/Off Button.
DST_SCOUTER_BUTTON_EXPLANATION_OFF	2	2	lang0,taiwan	taiwan:local_data.dat:史考特 OFF \n點擊T鍵變成 ON 的話 \n可以使用史考特功能. | lang0:lang0.pak:Scouter: Off. Click on the T key to turn on.
DST_SCOUTER_BUTTON_EXPLANATION_ON	2	2	lang0,taiwan	taiwan:local_data.dat:史考特 ON \n可以使用史考特. | lang0:lang0.pak:Scouter: On. Click on the T key to turn off.
DST_SCOUTER_CAN_NOT_MOVE_PARTS_ON_MENU	2	2	lang0,taiwan	taiwan:local_data.dat:史考特使用時無法變更晶片。 | lang0:lang0.pak:Can't Move Part Error
DST_SCOUTER_CHECK_ABILITY_ATTACK	2	2	lang0,taiwan	taiwan:local_data.dat:偵測戰鬥能力 | lang0:lang0.pak:Aggression Scan
DST_SCOUTER_CHECK_DRAGONBALL	2	2	lang0,taiwan	taiwan:local_data.dat:尋找龍珠 | lang0:lang0.pak:Dragon Ball Radar
DST_SCOUTER_CHECK_EQUIPMENT	2	2	lang0,taiwan	taiwan:local_data.dat:觀看他人裝備 | lang0:lang0.pak:Equipment Scan
DST_SCOUTER_CHECK_MENU_EQUIPMENT	2	2	lang0,taiwan	taiwan:local_data.dat:觀看他人裝備 | lang0:lang0.pak:Scan Equipment
DST_SCOUTER_CHECK_MONSTER	2	2	lang0,taiwan	taiwan:local_data.dat:持有技能/人工智慧/屬性 | lang0:lang0.pak:AI/Skill/Prop.
DST_SCOUTER_COME	2	2	lang0,taiwan	taiwan:local_data.dat:必死 | lang0:lang0.pak:Calls for Help
DST_SCOUTER_DB	2	2	lang0,taiwan	taiwan:local_data.dat:祝福 | lang0:lang0.pak:Buffs
DST_SCOUTER_DC	2	2	lang0,taiwan	taiwan:local_data.dat:詛咒 | lang0:lang0.pak:Curse
DST_SCOUTER_DD	2	2	lang0,taiwan	taiwan:local_data.dat:傷害 | lang0:lang0.pak:Damage
DST_SCOUTER_DH	2	2	lang0,taiwan	taiwan:local_data.dat:治療 | lang0:lang0.pak:Heals
DST_SCOUTER_ENDURANCE	2	2	lang0,taiwan	taiwan:local_data.dat:耐久度 | lang0:lang0.pak:Durability
DST_SCOUTER_ENERGE	2	2	lang0,taiwan	taiwan:local_data.dat:%d%% 氣功 | lang0:lang0.pak:%d%% Agro
DST_SCOUTER_EQUIPMENT_ALLOFF	2	2	lang0,taiwan	taiwan:local_data.dat:關閉所有功能的話史考特屬性的功能就無法使用了. | lang0:lang0.pak:Scouter: Off. Click on the T key to turn on
DST_SCOUTER_EQUIPMENT_NONE	2	2	lang0,taiwan	taiwan:local_data.dat:需要裝備觀賞他人裝備功能的史考特才能夠使用. | lang0:lang0.pak:No Equipment scan function
DST_SCOUTER_EQUIPMENT_OFF	2	2	lang0,taiwan	taiwan:local_data.dat:關閉觀看他人裝備屬性功能的話無法使用. | lang0:lang0.pak:Scan function is disabled
DST_SCOUTER_EXPLAIN_SLOT	2	2	lang0,taiwan	taiwan:local_data.dat:利用熱鍵%s即可開啟史考特視窗。 | lang0:lang0.pak:Open Scouter %s
DST_SCOUTER_FA	2	2	lang0,taiwan	taiwan:local_data.dat:主動 | lang0:lang0.pak:Aggressive
DST_SCOUTER_FULL	2	2	lang0,taiwan	taiwan:local_data.dat:史考特上沒有空的晶片欄位。 | lang0:lang0.pak:Scouter Full
DST_SCOUTER_MUST_CLEAR_SCOUTER	2	2	lang0,taiwan	taiwan:local_data.dat:要摘下史考特請先取下所有晶片。 | lang0:lang0.pak:Remove All Parts First
DST_SCOUTER_NEED_SCOUTER	2	2	lang0,taiwan	taiwan:local_data.dat:請裝備史考特後使用。 | lang0:lang0.pak:Equip Scouter to Use
DST_SCOUTER_NONE	2	2	lang0,taiwan	taiwan:local_data.dat:未配戴史考特/史考特未開機 | lang0:lang0.pak:No Scouter
DST_SCOUTER_NOT_EXIST_HIDDEN_OBJECT	2	2	lang0,taiwan	taiwan:local_data.dat:附近無隱藏物件。 | lang0:lang0.pak:No Hidden Object Found
DST_SCOUTER_OFF_MENU	2	2	lang0,taiwan	taiwan:local_data.dat:已激活晶片 | lang0:lang0.pak:Turn Scouter Off
DST_SCOUTER_ON_MENU	2	2	lang0,taiwan	taiwan:local_data.dat:未激活晶片 | lang0:lang0.pak:Turn Scouter On
DST_SCOUTER_OUT_OF_ORDER_SCOUTER	2	2	lang0,taiwan	taiwan:local_data.dat:因為史考特故障無法使用,請修理史考特. | lang0:lang0.pak:Scouter Needs Repair
DST_SCOUTER_PARTS_NAME	2	2	lang0,taiwan	taiwan:local_data.dat:晶片 | lang0:lang0.pak:Part
DST_SCOUTER_PARTS_OPTION	2	2	lang0,taiwan	taiwan:local_data.dat:晶片設定 | lang0:lang0.pak:Part Options
DST_SCOUTER_PARTS_POWER_CUNSUMPTION	2	2	lang0,taiwan	taiwan:local_data.dat:戰力消耗量 %d | lang0:lang0.pak:Power Consumption %d
DST_SCOUTER_PART_TOO_LOW_LEVEL	2	2	lang0,taiwan	taiwan:local_data.dat:等級不足 | lang0:lang0.pak:Scouter part level too low
DST_SCOUTER_PC_VIEWER_ACCESARY	2	2	lang0,taiwan	taiwan:local_data.dat:裝飾品 | lang0:lang0.pak:Accessories
DST_SCOUTER_PC_VIEWER_COSTUME	2	2	lang0,taiwan	taiwan:local_data.dat:套裝 | lang0:lang0.pak:Costume
DST_SCOUTER_PC_VIEWER_DEFENCE	2	2	lang0,taiwan	taiwan:local_data.dat:防具 | lang0:lang0.pak:Defense
DST_SCOUTER_PC_VIEWER_SPECIAL	2	2	lang0,taiwan	taiwan:local_data.dat:特殊 | lang0:lang0.pak:Special
DST_SCOUTER_PC_VIEWER_WEAPON	2	2	lang0,taiwan	taiwan:local_data.dat:武器 | lang0:lang0.pak:Weapon
DST_SCOUTER_PHYSICAL	2	2	lang0,taiwan	taiwan:local_data.dat:格鬥 %d%% | lang0:lang0.pak:Physical %d%%
DST_SCOUTER_POSSIBLE_QUEST	2	2	lang0,taiwan	taiwan:local_data.dat:可進行的任務 | lang0:lang0.pak:Quest Search
DST_SCOUTER_POWER	2	2	lang0,taiwan	taiwan:local_data.dat:使用量 | lang0:lang0.pak:Power
DST_SCOUTER_POWER_CURRENT_INFO	2	2	lang0,taiwan	taiwan:local_data.dat:史考特戰力容量 %d / %d | lang0:lang0.pak:Power Capacity %d/%d
DST_SCOUTER_POWER_MAX_INFO	2	2	lang0,taiwan	taiwan:local_data.dat:史考特最大戰鬥容量 %d | lang0:lang0.pak:Maximum Power: %d
DST_SCOUTER_QUEST_SEARCH_NOT_QUEST	2	2	lang0,taiwan	taiwan:local_data.dat:在史考特蒐尋範圍內找不到任務NPC。 | lang0:lang0.pak:Scan found no NPC's with Quests.
DST_SCOUTER_REMOVER_ALL_PARTS	2	2	lang0,taiwan	taiwan:local_data.dat:將史考特上的全部裝置晶片移至膠囊盒。 | lang0:lang0.pak:Remove All Parts
DST_SCOUTER_REPAIR_TWENTY	2	2	lang0,taiwan	taiwan:local_data.dat:史考特耐久度未滿 10% . 請修理史考特. | lang0:lang0.pak:Scouter durability below 10% Please repair.
DST_SCOUTER_REPAIR_ZERO	2	2	lang0,taiwan	taiwan:local_data.dat:史考特耐久度為 0 .\n無法使用全部史考特功能,請修理史考特. | lang0:lang0.pak:Scouter durability 0 No scan possible.
DST_SCOUTER_SCOUTER_ABILITY	2	2	lang0,taiwan	taiwan:local_data.dat:史考特功能 | lang0:lang0.pak:Scouter Stats
DST_SCOUTER_SCOUTER_NAME	2	2	lang0,taiwan	taiwan:local_data.dat:裝備史考特 | lang0:lang0.pak:Scouter
DST_SCOUTER_SMART_FA	2	2	lang0,taiwan	taiwan:local_data.dat:出奇制勝 | lang0:lang0.pak:Smart
DST_SCOUTER_SUCCESS_FIND_HIDDEN_OBJECT	2	2	lang0,taiwan	taiwan:local_data.dat:找到隱藏物件%d個。 | lang0:lang0.pak:%d Hidden Object Found
DST_SCOUTER_TIMID	2	2	lang0,taiwan	taiwan:local_data.dat:膽小鬼 | lang0:lang0.pak:Coward
DST_SCOUTER_TYPE_ERROR	2	2	lang0,taiwan	taiwan:local_data.dat:目前史考特類型無法使用晶片 | lang0:lang0.pak:Invalid Scouter Type
DST_SCOUTER_WATT_FULL	2	2	lang0,taiwan	taiwan:local_data.dat:史考特功率不足 | lang0:lang0.pak:Watt Full
DST_SCOUTER_WORKING	2	2	lang0,taiwan	taiwan:local_data.dat:史考特使用中。 | lang0:lang0.pak:Scouter in Use
DST_SCROLL	2	2	lang0,taiwan	taiwan:local_data.dat:捲軸 | lang0:lang0.pak:Scroll
DST_SCS_BEGIN_ALARMMSG	2	2	lang0,taiwan	taiwan:local_data.dat:史考特維護服務開始。 | lang0:lang0.pak:Anti-Bot verification initiated
DST_SCS_BEGIN_BTN	2	2	lang0,taiwan	taiwan:local_data.dat:服務開始 | lang0:lang0.pak:Start Verification
DST_SCS_BEGIN_ICONVIEWMSG_1	2	2	lang0,taiwan	taiwan:local_data.dat:史考特維護服務開始。\n請按開始鍵。 | lang0:lang0.pak:Bot check started. Press 'Start Verification' to begin.
DST_SCS_BEGIN_ICONVIEWMSG_2	2	2	lang0,taiwan	taiwan:local_data.dat:注意:請先行移動至安全的場所，如果輸入3次錯誤時將會受到懲罰。 | lang0:lang0.pak:Move to a safe location before starting. 2 incorrect attempts will result in penalty.
DST_SCS_BEGIN_ICONVIEWMSG_3	2	2	lang0,taiwan	taiwan:local_data.dat:距離下次史考特維修服務剩餘時間: %d分 %d秒 | lang0:lang0.pak:Time remaining: %d minutes %d seconds
DST_SCS_BLUNDER_NARRATION_1	2	2	lang0,taiwan	"taiwan:local_data.dat:[font size=""9""color=""000000""]天啊![br]史考特維護服務竟然失敗了[/font] | lang0:lang0.pak:Incorrect![br]Please try again"
DST_SCS_BLUNDER_NARRATION_2	2	2	lang0,taiwan	"taiwan:local_data.dat:[font size=""9""color=""000000""]稍後再見。[/font] | lang0:lang0.pak:Don't worry![br]You still have chances left"
DST_SCS_BLUNDER_NARRATION_3	2	2	lang0,taiwan	"taiwan:local_data.dat:[font size = ""9"" color = ""6e0000""]注意 : 拒絕測試或是輸入錯誤的代碼[br]%d 次以上，將會遭到懲罰。[/font] | lang0:lang0.pak:Incorrect attempts: %d[br]Warning: More fails will trigger a penalty"
DST_SCS_CANCEL	2	2	lang0,taiwan	taiwan:local_data.dat:史考特維護服務已取消。 | lang0:lang0.pak:Verification cancelled. You may be prompted again.
DST_SCS_FAIL_NARRATION_1	2	2	lang0,taiwan	"taiwan:local_data.dat:[font size = ""9"" color = ""000000""]史考特維護服務失敗 %d 回，所以[br]中斷連線。[/font] | lang0:lang0.pak:Verification failed after %d attempts.[br]You will be disconnected for safety."
DST_SCS_FAIL_NARRATION_2	2	2	lang0,taiwan	"taiwan:local_data.dat:[font size=""9""color=""000000""]重新上線時將會從記錄的波波之石開始進行。[/font] | lang0:lang0.pak:For security reasons, you will be disconnected.[br] if you fail again"
DST_SCS_FAIL_NARRATION_3	2	2	lang0,taiwan	"taiwan:local_data.dat:[font size = ""9"" color = ""6e0000""]%d秒後中止。[/font] | lang0:lang0.pak:Cooldown time: %d seconds"
DST_SCS_GUI_BUTTON_DIFFERENT	2	2	lang0,taiwan	taiwan:local_data.dat:更換其他問題 | lang0:lang0.pak:Get New Code
DST_SCS_GUI_BUTTON_DIFFERENT_TOOLTIP	2	2	lang0,taiwan	taiwan:local_data.dat:僅可使用一次。 | lang0:lang0.pak:Request a different code (Limited uses)
DST_SCS_GUI_BUTTON_RESEND	2	2	lang0,taiwan	taiwan:local_data.dat:重新輸入 | lang0:lang0.pak:Clear
DST_SCS_GUI_BUTTON_RESEND_TOOLTIP	2	2	lang0,taiwan	taiwan:local_data.dat:全部取消。 | lang0:lang0.pak:Clear input and try again
DST_SCS_GUI_BUTTON_SEND	2	2	lang0,taiwan	taiwan:local_data.dat:結束 | lang0:lang0.pak:Submit Code
DST_SCS_GUI_BUTTON_SEND_TOOLTIP	2	2	lang0,taiwan	taiwan:local_data.dat:輸入完畢。 | lang0:lang0.pak:Click to verify your code
DST_SCS_GUI_CODE	2	2	lang0,taiwan	taiwan:local_data.dat:圖型組合 | lang0:lang0.pak:Code Image
DST_SCS_GUI_FAIL_MOVE	2	2	lang0,taiwan	taiwan:local_data.dat:距離中止時間還剩 : %d 秒 | lang0:lang0.pak:Final warning! %d seconds left
DST_SCS_GUI_INPUT	2	2	lang0,taiwan	taiwan:local_data.dat:輸入 | lang0:lang0.pak:Enter Code Here
DST_SCS_GUI_INPUTTIME	2	2	lang0,taiwan	taiwan:local_data.dat:輸入限制時間 | lang0:lang0.pak:Time Remaining
DST_SCS_GUI_INPUTTIME_TOOLTIP	2	2	lang0,taiwan	taiwan:local_data.dat:請在時間軸結束前輸入正確的答案。 | lang0:lang0.pak:Time left to complete verification
DST_SCS_GUI_QUESTION	2	2	lang0,taiwan	taiwan:local_data.dat:問題 | lang0:lang0.pak:Verification Code
DST_SCS_GUI_QUESTIONTEXT	2	2	lang0,taiwan	taiwan:local_data.dat:在符號欄中找到相同的符號並移動到相對的位置。\n!遮住的符號可以不用輸入。 | lang0:lang0.pak:Enter the code shown in the image below.
DST_SCS_GUI_QUESTION_TOOLTIP	2	2	lang0,taiwan	taiwan:local_data.dat:問題將以圖型或文字方式呈現。 | lang0:lang0.pak:Code may contain letters, numbers, and symbols
DST_SCS_GUI_TITLE	2	2	lang0,taiwan	taiwan:local_data.dat:史考特維護服務 | lang0:lang0.pak:Anti-Bot Verification
DST_SCS_GUI_WARNING_MOVE	2	2	lang0,taiwan	taiwan:local_data.dat:距離移動剩 : %d 秒 | lang0:lang0.pak:Warning! Time remaining: %d seconds
DST_SCS_LOGIN_ALERT	2	2	lang0,taiwan	"taiwan:local_data.dat:[align = ""center""][font size = ""12"" color=""f4d762""]Bot Check Required[/font][br][br][font size = ""9"" color=""ffffff""]To receive experience and item drops,[br]you must complete the Bot Verification.[br][br]Complete it once for 1 hour of immunity![/font] | lang0:lang0.pak:[align = ""center""][font size = ""12"" color=""f4d762""]Bot Check Required[/font][br][br][font size = ""9"" color=""ffffff""]To receive experience and item drops,[br]you must complete the Bot Verification.[br][br]Complete it once for 1 hour of immunity![/font]"
DST_SCS_START_ALARMMSG_1	2	2	lang0,taiwan	taiwan:local_data.dat:史考特維護服務開始了，請遵循下列說明。 | lang0:lang0.pak:Bot verification started. Please follow the instructions carefully.
DST_SCS_START_ALARMMSG_2	2	2	lang0,taiwan	taiwan:local_data.dat:注意 : 拒絕測試或是輸入不正確的代碼%d次以上，將會受到懲罰。 | lang0:lang0.pak:Warning: %d incorrect attempts will result in a temporary disconnect.
DST_SCS_START_NARRATION_1	2	2	lang0,taiwan	"taiwan:local_data.dat:[font size=""9""color=""000000""]您好，我是史考特維護服務的負責機器人。[/font] | lang0:lang0.pak:Hello![br]Welcome to the verification system"
DST_SCS_START_NARRATION_2	2	2	lang0,taiwan	"taiwan:local_data.dat:[font size=""9""color=""000000""]此服務是為了確認史考特是否有正常啟用，對於正確回答的玩家將會提供小小的獎勵。[/font] | lang0:lang0.pak:Let's verify you're not a bot!"
DST_SCS_START_NARRATION_3	2	2	lang0,taiwan	"taiwan:local_data.dat:[font size = ""9"" color = ""6e0000""]現在測試失敗次數[br] : %d 回[/font] | lang0:lang0.pak:Failed attempts so far: %d"
DST_SCS_START_NARRATION_4	2	2	lang0,taiwan	"taiwan:local_data.dat:[font size = ""9"" color = ""6e0000""]注意 : 拒絕測試或輸入不正確的代碼%d次以上，將會受到懲罰。[/font] | lang0:lang0.pak:Warning: %d failed attempts[br]will result in temporary disconnect"
DST_SCS_START_NARRATION_5	2	2	lang0,taiwan	"taiwan:local_data.dat:[font size=""9""color=""000000""]請依序正確輸入下列畫面中所顯示的數字和字母。[/font] | lang0:lang0.pak:You'll receive an image with a code.[br]Please enter the code exactly as shown."
DST_SCS_START_NARRATION_6	2	2	lang0,taiwan	"taiwan:local_data.dat:[font size = ""9"" color = ""6e0000""]參考 : 現在登入的Buff超過16個，[br]無法接收獎勵Buff。[/font] | lang0:lang0.pak:Note: You must have a buff slot available[br]to receive the verification reward."
DST_SCS_SUCCESS_NARRATION_1	2	2	lang0,taiwan	"taiwan:local_data.dat:[font size = ""9"" color = ""000000""]恭喜您。~！[br]史考特維護時間已順利結束。[/font] | lang0:lang0.pak:Excellent![br]Verification completed successfully!"
DST_SCS_SUCCESS_NARRATION_2	2	2	lang0,taiwan	"taiwan:local_data.dat:[font size=""9""color=""000000""]抱歉造成不便，在此提供小小的獎勵做為補償。[/font] | lang0:lang0.pak:Thank you for playing fair![br]We appreciate your cooperation."
DST_SCS_SUCCESS_NARRATION_3	2	2	lang0,taiwan	"taiwan:local_data.dat:[font size=""9""color=""6e0000""]獎勵[br]:維護機器人超值BUFF[/font] | lang0:lang0.pak:Reward:[br]Verification Buff VIP(4 hour)/ non VIP(2 hour)[br]Have a Great Gameplay!"
DST_SCS_TIMEFAIL	2	2	lang0,taiwan	taiwan:local_data.dat:時間已超過，SCS服務即將結束。 | lang0:lang0.pak:Time's up! Verification expired.
DST_SCS_WARNING_NARRATION_1	2	2	lang0,taiwan	"taiwan:local_data.dat:[font size = ""9"" color = ""000000""]由於史考特維修服務失敗了%d回，[br]將回到最後記錄的波波之石。[/font] | lang0:lang0.pak:Incorrect code![br]You have 1 more attempt.[br]A new code has been generated."
DST_SCS_WARNING_NARRATION_2	2	2	lang0,taiwan	"taiwan:local_data.dat:[font size = ""9"" color = ""6e0000""]%d秒後移動。[/font] | lang0:lang0.pak:For security reasons, you will be disconnected."
DST_SEALING_CONFIRM_BOX	2	2	lang0,taiwan	"taiwan:local_data.dat:[font size = ""9"" color = ""000000""]欲購買的道具為「裝備時綁定」的道具。 [br]購買後解除了膠囊狀態後，將變成「裝備時綁定」的屬性。 [br]您真的要買嗎？ [/font] | lang0:lang0.pak:[font size = ""9"" color = ""000000""]After sealing, the item stays un-bound[br]till the capsule gets opened.[br]The Gold coins get consumed.[br][br]Seal the Item now ?[/font]"
DST_SEALING_EMPTY_ITEM	2	2	lang0,taiwan	taiwan:local_data.dat:放上道具，並請試著進行強化。 | lang0:lang0.pak:Insert Item to sealing.
DST_SEALING_EXTRACT_CONFIRM_BOX	2	2	lang0,taiwan	"taiwan:local_data.dat:[font size = ""9"" color = ""ffffff""]解除膠囊狀態後，將會回到綁定狀態。[br]您確定要解除膠囊狀態嗎？[/font] | lang0:lang0.pak:[align = ""center""][font size = ""12"" color=""f4d762""]Open Capsule[/font][br][br][font size = ""9"" color = ""ffffff""]After opening the capsule, the item return to bound.[br]Are you sure to open it?[/font]"
DST_SEALING_MODE	2	2	lang0,taiwan	taiwan:local_data.dat:(封印中) | lang0:lang0.pak:(Seal)
DST_SEALING_NEED_GOLD_COIN	2	2	lang0,taiwan	taiwan:local_data.dat:必須使用封印道具的硬幣。 | lang0:lang0.pak:Need Seal coin.
DST_SEALING_NEED_MORE_COIN	2	2	lang0,taiwan	taiwan:local_data.dat:封印硬幣的數量不足。 | lang0:lang0.pak:Need more coin.
DST_SEALING_NEED_RESTRICT_EQUIP	2	2	lang0,taiwan	taiwan:local_data.dat:需要放上裝備後綁定屬性的道具。 | lang0:lang0.pak:Item not possible.
DST_SEALING_NOT_EXTRACT	2	2	lang0,taiwan	taiwan:local_data.dat:封印後的膠囊不能夠賣給NPC、不可丟棄、不可分解。請在解除膠囊狀態後，再試一次。 | lang0:lang0.pak:A sealing capsule can't be discarded or sold to NPC.
DST_SEALING_REVERTED	2	2	lang0,taiwan	taiwan:local_data.dat:封印綁定 | lang0:lang0.pak:Sealing
DST_SEALING_RULE_NOTICE	2	2	lang0,taiwan	taiwan:local_data.dat:根據道具的質量，生成膠囊時，所需的硬幣數量不同。 | lang0:lang0.pak:Based on the Quality different amount\nof Seal coins are required.
DST_SEALING_SUCCESS	2	2	lang0,taiwan	taiwan:local_data.dat:成功的生成膠囊了。 | lang0:lang0.pak:Success!
DST_SEALING_TITLE	2	2	lang0,taiwan	taiwan:local_data.dat:道具封印 | lang0:lang0.pak:Item seal
DST_SEARCH_EMPTY	2	2	lang0,taiwan	taiwan:local_data.dat:無搜尋結果。 | lang0:lang0.pak:No results.
DST_SERVER_CONNECTING	2	2	lang0,taiwan	"taiwan:local_data.dat:[align = ""center""][font size = ""12"" color=""f4d762""]同步伺服器[/font][br][br][font size = ""10"" color=""269eff""][br][font size = ""10"" color=""269eff""][br][font size = ""10"" color=""269eff""][br][font 10""br)"" color=""ffffff""]或依確認結束遊戲。 | lang0:lang0.pak:[align = ""center""][font size = ""12"" color=""f4d762""]Server[/font][br][br][font size = ""10"" color=""269eff""]Receiving Server Information[br][br]Please wait...[br][/font]"
DST_SERVER_DISCONNECT	2	2	lang0,taiwan	"taiwan:local_data.dat:[align =""center""][font size=""12""color=""f4d762""]伺服器連線結束[/font][br][br][font size=""10""color=""ffffff""]伺服器連線結束。[/font] | lang0:lang0.pak:[align = ""center""][font size=""12""color=""f4d762""]Server[/font][br][br][font size=""10""color=""ffffff""]You have disconnected.[/font]"
DST_SET_COIN	2	2	lang0,taiwan	taiwan:local_data.dat:請放上硬幣 | lang0:lang0.pak:Please Insert Coin
DST_SET_REVERTED_ITEM	2	2	lang0,taiwan	taiwan:local_data.dat:請放上綁定狀態的道具。 | lang0:lang0.pak:Insert Item to seal.
DST_SEWING_KIT_BTN_BUY	2	2	lang0,taiwan	taiwan:local_data.dat:購買 | lang0:lang0.pak:Buy
DST_SEWING_KIT_BTN_CLOSE	2	2	lang0,taiwan	taiwan:local_data.dat:關閉 | lang0:lang0.pak:Close
DST_SEWING_KIT_BTN_DISASSEMBLE	2	2	lang0,taiwan	taiwan:local_data.dat:分解 | lang0:lang0.pak:Disassemble
DST_SEWING_KIT_DISASSEMBLE_NOT_COSTUME	2	2	lang0,taiwan	taiwan:local_data.dat:請登記服裝道具 | lang0:lang0.pak:Not a Dogi
DST_SEWING_KIT_DISASSEMBLE_NOT_SEWING_KIT	2	2	lang0,taiwan	taiwan:local_data.dat:請登記裁縫膠囊 | lang0:lang0.pak:Not a Disassemble kit
DST_SEWING_KIT_DISASSEMBLE_PROGRESS	2	2	lang0,taiwan	taiwan:local_data.dat:正在進行分解 | lang0:lang0.pak:Ongoing Disassemble
DST_SEWING_KIT_SLOT_COSTUME	2	2	lang0,taiwan	taiwan:local_data.dat:材料服裝 | lang0:lang0.pak:Dogi
DST_SEWING_KIT_SLOT_SEWING_KIT	2	2	lang0,taiwan	taiwan:local_data.dat:衣服分解膠囊 | lang0:lang0.pak:Disassemble kit
DST_SEWING_KIT_TITLE	2	2	lang0,taiwan	taiwan:local_data.dat:服裝分解 | lang0:lang0.pak:Dogi disassemble
DST_SEWING_KIT_TOOLTIP	2	2	lang0,taiwan	taiwan:local_data.dat:[TIP] 已分解的服裝\n在服裝商店上兌換新的服裝 | lang0:lang0.pak:Sewing Kit
DST_SHADOW_KNIGHT	2	2	lang0,taiwan	taiwan:local_data.dat:魔導戰士 | lang0:lang0.pak:Shadow Knight
DST_SHENRON	2	2	lang0,taiwan	taiwan:local_data.dat:神龍 | lang0:lang0.pak:Shenron
DST_SHUTDOWN_WARNING	2	2	lang0,taiwan	taiwan:local_data.dat:The Server is going to shut down! | lang0:lang0.pak:The Server is going to shut down!
DST_SHUTDOWN_WARNING_MSG	2	2	lang0,taiwan	"taiwan:local_data.dat:[align = ""center""][font size = ""12"" color=""f4d762""]The Server is going to shut down![/font] | lang0:lang0.pak:[align = ""center""][font size = ""12"" color=""f4d762""]The Server is going to shut down![/font]"
DST_SIDEDLG_TITLE_QUESTINDICATOR	2	2	lang0,taiwan	taiwan:local_data.dat:任務小幫手 | lang0:lang0.pak:Quests
DST_SIDEDLG_TITLE_RANKBATTLEINFO	2	2	lang0,taiwan	taiwan:local_data.dat:排名戰情報 | lang0:lang0.pak:Rank Battle Info
DST_SIDEDLG_TITLE_TARGETITEMINFO	2	2	lang0,taiwan	taiwan:local_data.dat:物件道具情報 | lang0:lang0.pak:Item Info
DST_SIDEDLG_TITLE_TMQINFO	2	2	lang0,taiwan	taiwan:local_data.dat:時光機任務情報 | lang0:lang0.pak:TMQ Info
DST_SIDEICON_HINT_CLASS_CHANGE_TEXT	2	2	lang0,taiwan	taiwan:local_data.dat:可進行新職業轉職。 | lang0:lang0.pak:Change Master Class
DST_SIDEICON_HINT_CLASS_CHANGE_TITLE	2	2	lang0,taiwan	taiwan:local_data.dat:轉職 | lang0:lang0.pak:Class Change
DST_SIDEICON_HINT_FRIEND_TEXT	2	2	lang0,taiwan	taiwan:local_data.dat:您的好友 %s 上線了。 | lang0:lang0.pak:%s has logged in.
DST_SIDEICON_HINT_FRIEND_TITLE	2	2	lang0,taiwan	taiwan:local_data.dat:好友連線 | lang0:lang0.pak:Friend Login
DST_SIDEICON_HINT_GIFT_TEXT	2	2	lang0,taiwan	taiwan:local_data.dat:您有現金道具禮物。 | lang0:lang0.pak:Cash Shop Item received.
DST_SIDEICON_HINT_GIFT_TITLE	2	2	lang0,taiwan	taiwan:local_data.dat:禮物提示 | lang0:lang0.pak:Gift Received
DST_SIDEICON_HINT_HELP_MORE	2	2	lang0,taiwan	taiwan:local_data.dat:使用 | lang0:lang0.pak:Shortcuts
DST_SIDEICON_HINT_NEWMAIL_TEXT	2	2	lang0,taiwan	taiwan:local_data.dat:您有新的來信。 | lang0:lang0.pak:You have Mail
DST_SIDEICON_HINT_NEWMAIL_TITLE	2	2	lang0,taiwan	taiwan:local_data.dat:新信提示 | lang0:lang0.pak:New Mail
DST_SIDEICON_HINT_SKILL_UPGRADE_TEXT	2	2	lang0,taiwan	taiwan:local_data.dat:%s 技能可以升級。\n請確認技能窗。 | lang0:lang0.pak:%s to upgrade skills, check skills
DST_SIDEICON_HINT_SKILL_UPGRADE_TITLE	2	2	lang0,taiwan	taiwan:local_data.dat:技能升級提示 | lang0:lang0.pak:Upgrade Notice
DST_SKILL_ABILITY_ACCEPT	2	2	lang0,taiwan	taiwan:local_data.dat:技能AP設定完成。 | lang0:lang0.pak:Abilities Applied
DST_SKILL_ALREADY_LEARNED	2	2	lang0,taiwan	taiwan:local_data.dat:此技能已學習。 | lang0:lang0.pak:Already Learned
DST_SKILL_APPLY_INSTANCE_ENEMY	2	2	lang0,taiwan	taiwan:local_data.dat:立即套用在敵人身上 | lang0:lang0.pak:Hits Enemy Instantly
DST_SKILL_CANCEL	2	2	lang0,taiwan	taiwan:local_data.dat:技能施展遭到阻礙而取消。 | lang0:lang0.pak:Skill Cast Cancelled
DST_SKILL_CANT_LEARN	2	2	lang0,taiwan	taiwan:local_data.dat:該技能尚無法學習。 | lang0:lang0.pak:Can't Learn Skill
DST_SKILL_CANT_LEARN_FOREVER	2	2	lang0,taiwan	taiwan:local_data.dat:該技能無法學習。 | lang0:lang0.pak:Unable to learn skill
DST_SKILL_CASTTIME	2	2	lang0,taiwan	taiwan:local_data.dat:準備時間 : %s | lang0:lang0.pak:Cast: %s
DST_SKILL_CONSUME_TEXT	2	2	lang0,taiwan	taiwan:local_data.dat:使用 | lang0:lang0.pak:Use
DST_SKILL_COOLTIME	2	2	lang0,taiwan	taiwan:local_data.dat:冷卻時間 : %s | lang0:lang0.pak:Cooldown: %s
DST_SKILL_DURATIONTIME	2	2	lang0,taiwan	taiwan:local_data.dat:持續時間 : %s | lang0:lang0.pak:Duration: %s
DST_SKILL_EP_CONSUMPTION	2	2	lang0,taiwan	taiwan:local_data.dat:使用EP%5d | lang0:lang0.pak:Cost: %5d EP
DST_SKILL_EXP	2	2	lang0,taiwan	taiwan:local_data.dat:熟練度 : %41f %% | lang0:lang0.pak:Rating: %41f %%
DST_SKILL_FILTER_ACTION	2	2	lang0,taiwan	taiwan:local_data.dat:發動技能 | lang0:lang0.pak:Action
DST_SKILL_FILTER_ALL	2	2	lang0,taiwan	taiwan:local_data.dat:全部 | lang0:lang0.pak:All
DST_SKILL_FILTER_ETC	2	2	lang0,taiwan	taiwan:local_data.dat:其他動作 | lang0:lang0.pak:Etc
DST_SKILL_FILTER_HTB	2	2	lang0,taiwan	taiwan:local_data.dat:HTB | lang0:lang0.pak:HTB
DST_SKILL_FILTER_PASSIVE	2	2	lang0,taiwan	taiwan:local_data.dat:被動技能 | lang0:lang0.pak:Passive
DST_SKILL_FILTER_SOCIAL	2	2	lang0,taiwan	taiwan:local_data.dat:社交動作 | lang0:lang0.pak:Social
DST_SKILL_FILTER_SUB	2	2	lang0,taiwan	taiwan:local_data.dat:輔助技能 | lang0:lang0.pak:Assistive
DST_SKILL_GRADE	2	2	lang0,taiwan	taiwan:local_data.dat:等級 %d | lang0:lang0.pak:Level %d
DST_SKILL_GRADE_MASTERED	2	2	lang0,taiwan	taiwan:local_data.dat:精通 | lang0:lang0.pak:Master
DST_SKILL_HAVE_MORE_EFFECT	2	2	lang0,taiwan	taiwan:local_data.dat: 外 %d個 | lang0:lang0.pak: Outside of %d
DST_SKILL_LEARN_LEVEL	2	2	lang0,taiwan	taiwan:local_data.dat:習得LV : %d | lang0:lang0.pak:Lv.%d
DST_SKILL_LP_CONSUMPTION	2	2	lang0,taiwan	taiwan:local_data.dat:使用LP%5d | lang0:lang0.pak:Cost: %5d LP
DST_SKILL_MASTERED	2	2	lang0,taiwan	taiwan:local_data.dat:此技能已精通。 | lang0:lang0.pak:Mastered Skill
DST_SKILL_MASTER_LEARN	2	2	lang0,taiwan	taiwan:local_data.dat:欲學習此技能時請按此鈕。 | lang0:lang0.pak:Click to learn Skill
DST_SKILL_MASTER_UPGRADE	2	2	lang0,taiwan	taiwan:local_data.dat:欲升級此技能時請按此鈕。 | lang0:lang0.pak:Click to Upgrade Skill
DST_SKILL_MASTER_WINDOW_TITLE	2	2	lang0,taiwan	taiwan:local_data.dat:技能導師 | lang0:lang0.pak:Skill Master
DST_SKILL_MUST_EQUIP_ITEM	2	2	lang0,taiwan	taiwan:local_data.dat:使用技能時所需道具 : %s | lang0:lang0.pak:Item: %s
DST_SKILL_NEED_LEVEL	2	2	lang0,taiwan	taiwan:local_data.dat:需要等級:%3d以上 | lang0:lang0.pak:Lv.%3d
DST_SKILL_NEED_MASTERSKILL	2	2	lang0,taiwan	taiwan:local_data.dat:需要精通技能:學習 %s | lang0:lang0.pak:Mastered: %s
DST_SKILL_NEED_SKILL	2	2	lang0,taiwan	taiwan:local_data.dat:所需技能 : %s %d等級以上習得 | lang0:lang0.pak:Requires: %s Lv.%d
DST_SKILL_NEED_TEXT	2	2	lang0,taiwan	taiwan:local_data.dat:學習條件 | lang0:lang0.pak:Requirements
DST_SKILL_NOTYFY_LEARN_MASTER_SKILL_ALARM	2	2	lang0,taiwan	taiwan:local_data.dat:可學習新技能，請在技能視窗確認。 | lang0:lang0.pak:New Skills!
DST_SKILL_NOTYFY_LEARN_MASTER_SKILL_TITLE	2	2	lang0,taiwan	taiwan:local_data.dat:技能學習小幫手 | lang0:lang0.pak:Master Skills
DST_SKILL_NOTYFY_LEARN_SELF_SKILL_ALARM	2	2	lang0,taiwan	taiwan:local_data.dat:可學習新技能，請在技能視窗確認。 | lang0:lang0.pak:You can learn a new Skill.
DST_SKILL_NOTYFY_LEARN_SELF_SKILL_TITLE	2	2	lang0,taiwan	taiwan:local_data.dat:技能學習小幫手 | lang0:lang0.pak:Skills
DST_SKILL_NOTYFY_UPGRADE_ALARM	2	2	lang0,taiwan	taiwan:local_data.dat:有可升級的技能請確認技能視窗。 | lang0:lang0.pak:Upgrades Available
DST_SKILL_NOTYFY_UPGRADE_TITLE	2	2	lang0,taiwan	taiwan:local_data.dat:技能升級小幫手 | lang0:lang0.pak:Upgrade Alerts
DST_SKILL_NOT_LEARN	2	2	lang0,taiwan	taiwan:local_data.dat:尚未學習的技能。 | lang0:lang0.pak:Skill isn't learned.
DST_SKILL_OCCLUSION_CHECK	2	2	lang0,taiwan	taiwan:local_data.dat:視線遭到阻擋無法進行攻擊。 | lang0:lang0.pak:Target not in sight.
DST_SKILL_PLEASE_SELECT_TARGET	2	2	lang0,taiwan	taiwan:local_data.dat:請選擇要使用技能的物件。 | lang0:lang0.pak:Select target.
DST_SKILL_READY_LEARN	2	2	lang0,taiwan	taiwan:local_data.dat:現在可學習的技能。 | lang0:lang0.pak:Learn Skill
DST_SKILL_READY_UPGRADE	2	2	lang0,taiwan	taiwan:local_data.dat:可進行技能升級。 | lang0:lang0.pak:Change Skill
DST_SKILL_RPBONUS_TEXT_DISABLE	2	2	lang0,taiwan	taiwan:local_data.dat:不使用 | lang0:lang0.pak:Disabled
DST_SKILL_RPBONUS_TEXT_MANUAL	2	2	lang0,taiwan	taiwan:local_data.dat:手動模式 | lang0:lang0.pak:Manual
DST_SKILL_RPBONUS_TEXT_TITLE	2	2	lang0,taiwan	taiwan:local_data.dat:設定技能AP | lang0:lang0.pak:Skill Set Ability
DST_SKILL_RPBONUS_TOOLTIP_CASTING_TIME_MINUS	2	2	lang0,taiwan	taiwan:local_data.dat:基本技能AP已設定為準備時間減少。\n發動技能時準備時間將減少%s秒 | lang0:lang0.pak:Reduces cast time by %s seconds.
DST_SKILL_RPBONUS_TOOLTIP_CASTING_TIME_MINUS_NEXT	2	2	lang0,taiwan	taiwan:local_data.dat:基本技能AP已設定為準備時間減少。\n%d 級起可使用。 | lang0:lang0.pak:Reduces cast time. Unlocks at skill level %d.
DST_SKILL_RPBONUS_TOOLTIP_COOLTIME_MINUS	2	2	lang0,taiwan	taiwan:local_data.dat:基本技能AP已設定為冷卻時間減少。\n發動時技能冷卻時間將減少%s秒。 | lang0:lang0.pak:Reduces cooldown by %s seconds.
DST_SKILL_RPBONUS_TOOLTIP_COOLTIME_MINUS_NEXT	2	2	lang0,taiwan	taiwan:local_data.dat:基本技能AP已設定為冷卻時間減少。\n%d 級起可使用。 | lang0:lang0.pak:Reduces cooldown. Unlocks at skill level %d.
DST_SKILL_RPBONUS_TOOLTIP_EP_MINUS	2	2	lang0,taiwan	taiwan:local_data.dat:基本技能AP已設定為減少消耗EP。\n發動時技能消耗EP量將減少 %s%%。 | lang0:lang0.pak:Reduces EP cost by %s%%.
DST_SKILL_RPBONUS_TOOLTIP_EP_MINUS_NEXT	2	2	lang0,taiwan	taiwan:local_data.dat:基本技能AP已設定為減少消耗EP。\n%d 級起可使用。 | lang0:lang0.pak:Reduces EP cost. Unlocks at skill level %d.
DST_SKILL_RPBONUS_TOOLTIP_GUARD_CRASH	2	2	lang0,taiwan	taiwan:local_data.dat:基本技能AP已設定為反擊。\n發動時將會造成對方%s%%傷害。 | lang0:lang0.pak:Break the Guard from opponent. Damage increased by additional %s%% on success.
DST_SKILL_RPBONUS_TOOLTIP_GUARD_CRASH_NEXT	2	2	lang0,taiwan	taiwan:local_data.dat:基本技能AP已設定為反擊。\n%d 級起可使用。 | lang0:lang0.pak:Break your opponent's guard. Unlocks at skill level %d.
DST_SKILL_RPBONUS_TOOLTIP_INVALID	2	2	lang0,taiwan	taiwan:local_data.dat:不使用 | lang0:lang0.pak:Disabled
DST_SKILL_RPBONUS_TOOLTIP_KEEPTIME_PLUS	2	2	lang0,taiwan	taiwan:local_data.dat:基本技能AP已設定為持續時間增加。\n發動時技能持續時間將增加%s秒。 | lang0:lang0.pak:Increases skill effect duration %s seconds.
DST_SKILL_RPBONUS_TOOLTIP_KEEPTIME_PLUS_NEXT	2	2	lang0,taiwan	taiwan:local_data.dat:基本技能AP已設定為持續時間增加。\n%d 級起可使用。 | lang0:lang0.pak:Increases skill effect duration. Unlocks at skill level %d.
DST_SKILL_RPBONUS_TOOLTIP_KNOCKDOWN	2	2	lang0,taiwan	taiwan:local_data.dat:基本技能AP設定為擊倒。發動時可將對手在一定時間後擊倒。 | lang0:lang0.pak:Provides a chance to knockdown your target
DST_SKILL_RPBONUS_TOOLTIP_KNOCKDOWN_NEXT	2	2	lang0,taiwan	taiwan:local_data.dat:基本技能AP已設定為擊倒。\n%d 級起可使用。 | lang0:lang0.pak:Provides a chance to knockdown your target. Unlocks at skill level %d.
DST_SKILL_RPBONUS_TOOLTIP_MANUAL	2	2	lang0,taiwan	taiwan:local_data.dat:請選擇使用技能時要裝備的技能AP。 | lang0:lang0.pak:Set Custom Ability
DST_SKILL_RPBONUS_TOOLTIP_RESULT_ABSOLUTE	2	2	lang0,taiwan	taiwan:local_data.dat:基本技能AP已設定為威力增加。\n發動時將增加能力值%s。 | lang0:lang0.pak:Increases skill power by %s.
DST_SKILL_RPBONUS_TOOLTIP_RESULT_ABSOLUTE_NEXT	2	2	lang0,taiwan	taiwan:local_data.dat:基本技能AP已設定為威力增加。\n%d 級起可使用。 | lang0:lang0.pak:Increase skill power. Unlocks at skill level %d.
DST_SKILL_RPBONUS_TOOLTIP_RESULT_PERCENT	2	2	lang0,taiwan	taiwan:local_data.dat:Increases skill power by %d%%. | lang0:lang0.pak:Increases skill power by %d%%.
DST_SKILL_RPMODE	2	2	lang0,taiwan	taiwan:local_data.dat:技能AP設定 | lang0:lang0.pak:Set RP Ability
DST_SKILL_RP_CONSUMPTION	2	2	lang0,taiwan	taiwan:local_data.dat:使用RP%5d | lang0:lang0.pak:Cost: %5d RP
DST_SKILL_RQ_LEARNED	2	2	lang0,taiwan	taiwan:local_data.dat:已習得此技能。 | lang0:lang0.pak:Skill Learned!
DST_SKILL_RQ_LEARN_CLASS	2	2	lang0,taiwan	taiwan:local_data.dat:職業不符，無法學習此技能。 | lang0:lang0.pak:Your skill must be in your class.
DST_SKILL_RQ_LEARN_LEVEL	2	2	lang0,taiwan	taiwan:local_data.dat:學習技能的等級不足。 | lang0:lang0.pak:level too low to learn this.
DST_SKILL_RQ_LEARN_SKILL	2	2	lang0,taiwan	taiwan:local_data.dat:學習此技能的先行技能尚未習得。 | lang0:lang0.pak:Check Requirements
DST_SKILL_RQ_MASTERED	2	2	lang0,taiwan	taiwan:local_data.dat:已精通此技能。無法再對該技能進行升級。 | lang0:lang0.pak:Skill fully mastered.
DST_SKILL_RQ_NOT_LEARN_CHANGECLASSRIGHT	2	2	lang0,taiwan	taiwan:local_data.dat:此技能需轉職後才可學習。 | lang0:lang0.pak:Class changed! You can learn the Skills!
DST_SKILL_RQ_READY_LEARN_BY_SELF	2	2	lang0,taiwan	taiwan:local_data.dat:可以學習該技能。\n請按技能學習鈕進行學習。 | lang0:lang0.pak:You can now learn a skill. Press the button to learn.
DST_SKILL_RQ_READY_LEARN_BY_SKILLMASTER	2	2	lang0,taiwan	taiwan:local_data.dat:可以學習該技能，請找技能導師學習。 | lang0:lang0.pak:To learn this skill, go to your Class Master.
DST_SKILL_RQ_READY_UPGRADE	2	2	lang0,taiwan	taiwan:local_data.dat:此技能可升級，請找技能導師。 | lang0:lang0.pak:To upgrade this skill, see your class master.
DST_SKILL_RQ_UPGRADE_LEVEL	2	2	lang0,taiwan	taiwan:local_data.dat:技能升級的必備等級不足。 | lang0:lang0.pak:Level too low to Upgrade.
DST_SKILL_RQ_UPGRADE_SKILLEXP	2	2	lang0,taiwan	taiwan:local_data.dat:技能升級的經驗值不足。 | lang0:lang0.pak:Need more skill points.
DST_SKILL_SKILL_NOT_RESET	2	2	lang0,taiwan	taiwan:local_data.dat:此技能無法初始化 | lang0:lang0.pak:Skill cannot be reset
DST_SKILL_SP	2	2	lang0,taiwan	taiwan:local_data.dat:SP : %u | lang0:lang0.pak:SP: %u
DST_SKILL_SP_INFO_AVATAR_LEVEL	2	2	lang0,taiwan	taiwan:local_data.dat:技能升級所需等級: | lang0:lang0.pak:Required Level:
DST_SKILL_SP_INFO_CANT_LEARN	2	2	lang0,taiwan	taiwan:local_data.dat:還不能學習技能。 | lang0:lang0.pak:Can't learn this Skill.
DST_SKILL_SP_INFO_CANT_LEARN_BY_CLASS	2	2	lang0,taiwan	taiwan:local_data.dat:職業不同無法學習。 | lang0:lang0.pak:Your class can't learn this Skill.
DST_SKILL_SP_INFO_CANT_SELFTRAIN	2	2	lang0,taiwan	taiwan:local_data.dat:還不能學習技能。 | lang0:lang0.pak:Can't learn this skill yet.
DST_SKILL_SP_INFO_CURRENT_GRADE	2	2	lang0,taiwan	taiwan:local_data.dat:現在技能等級 : %u | lang0:lang0.pak:Level: %u
DST_SKILL_SP_INFO_MASTER	2	2	lang0,taiwan	taiwan:local_data.dat:現在技能等級 : %u (究極) | lang0:lang0.pak:Skill Rank: %u (Master)
DST_SKILL_SP_INFO_NEED_LEARN	2	2	lang0,taiwan	taiwan:local_data.dat:此技能需向技能導師學習。 | lang0:lang0.pak:Need to learn this Skill
DST_SKILL_SP_INFO_NEED_SKILL	2	2	lang0,taiwan	taiwan:local_data.dat:技能升級所需技能: | lang0:lang0.pak:Requires:
DST_SKILL_SP_INFO_NEED_SKILLGRADE	2	2	lang0,taiwan	taiwan:local_data.dat:%s %d等級 | lang0:lang0.pak:%s Lv.%d
DST_SKILL_SP_INFO_NEED_SP	2	2	lang0,taiwan	taiwan:local_data.dat:技能升級所需SP: | lang0:lang0.pak:SP Cost:
DST_SKILL_SP_INFO_NEED_SP_LEARN	2	2	lang0,taiwan	taiwan:local_data.dat:學習技能所需SP: | lang0:lang0.pak:SP Cost:
DST_SKILL_SP_INFO_SELFTRAIN	2	2	lang0,taiwan	taiwan:local_data.dat:無法自行學習技能。 | lang0:lang0.pak:Skill can't be self trained.
DST_SKILL_SP_INFO_UPGRADE	2	2	lang0,taiwan	taiwan:local_data.dat:還不能升級技能。 | lang0:lang0.pak:Skill is upgradable
DST_SKILL_TAB_ACTION_SKILL	2	2	lang0,taiwan	taiwan:local_data.dat:動作技能 | lang0:lang0.pak:Action Skills
DST_SKILL_TAB_BATTLE_SKILL	2	2	lang0,taiwan	taiwan:local_data.dat:戰鬥技能 | lang0:lang0.pak:Battle Skills
DST_SKILL_TAB_SUB_SKILL	2	2	lang0,taiwan	taiwan:local_data.dat:輔助技能 | lang0:lang0.pak:Sub Skills
DST_SKILL_TARGET_AND_RANGE_INFO1	2	2	lang0,taiwan	taiwan:local_data.dat:套用於自己身上 | lang0:lang0.pak:Self Cast
DST_SKILL_TARGET_AND_RANGE_INFO11	2	2	lang0,taiwan	taiwan:local_data.dat:朝指定物件的半徑%d公尺的敵人%d名使用 | lang0:lang0.pak:All Enemies within %dM of the target on %d targets
DST_SKILL_TARGET_AND_RANGE_INFO12	2	2	lang0,taiwan	taiwan:local_data.dat:朝指定物件週邊長%d公尺 寬%d公尺內的敵人%d名使用 | lang0:lang0.pak:All Enemies around the target within a %d x %dM on %d targets
DST_SKILL_TARGET_AND_RANGE_INFO13	2	2	lang0,taiwan	taiwan:local_data.dat:朝指定物件直線%d公尺內%d名敵人使用 | lang0:lang0.pak:Affects specified target & %dM in a straight line on %d targets
DST_SKILL_TARGET_AND_RANGE_INFO14	2	2	lang0,taiwan	taiwan:local_data.dat:朝指定我軍一人使用 | lang0:lang0.pak:Affects one ally
DST_SKILL_TARGET_AND_RANGE_INFO15	2	2	lang0,taiwan	taiwan:local_data.dat:朝指定物件半徑 %d公尺內我軍 %d名使用 | lang0:lang0.pak:All Members within %dM of the target on %d targets
DST_SKILL_TARGET_AND_RANGE_INFO16	2	2	lang0,taiwan	taiwan:local_data.dat:朝指定對象週邊長%d公尺 寬%d公尺內的我軍%d名使用 | lang0:lang0.pak:All Members around the target within a %d x %dM on %d targets
DST_SKILL_TARGET_AND_RANGE_INFO17	2	2	lang0,taiwan	taiwan:local_data.dat:朝指定隊員一人使用 | lang0:lang0.pak:Affects One Group Member
DST_SKILL_TARGET_AND_RANGE_INFO18	2	2	lang0,taiwan	taiwan:local_data.dat:朝指定物件半徑%d公尺內的隊員%d名使用 | lang0:lang0.pak:All Party Members within %dM of the target on %d targets
DST_SKILL_TARGET_AND_RANGE_INFO19	2	2	lang0,taiwan	taiwan:local_data.dat:指定物件週邊長 %d公尺 寬 %d公尺內的隊員%d名使用 | lang0:lang0.pak:All %d Party Members within %dM of the target on %d targets
DST_SKILL_TARGET_AND_RANGE_INFO2	2	2	lang0,taiwan	taiwan:local_data.dat:朝自身半徑 %d公尺內的敵人 %d 名使用 | lang0:lang0.pak:All Enemies within %dM on %d targets
DST_SKILL_TARGET_AND_RANGE_INFO20	2	2	lang0,taiwan	taiwan:local_data.dat:朝指定地點半徑%d公尺內的敵人%d名使用 | lang0:lang0.pak:All Enemies within %dM of the area on %d targets
DST_SKILL_TARGET_AND_RANGE_INFO21	2	2	lang0,taiwan	taiwan:local_data.dat:朝指定地點長 %d公尺 寬 %d公尺內的敵人%d名使用 | lang0:lang0.pak:All Enemies around the area within a %d x %dM on %d targets
DST_SKILL_TARGET_AND_RANGE_INFO22	2	2	lang0,taiwan	taiwan:local_data.dat:朝指定地點半徑 %d公尺內的我軍%d名使用 | lang0:lang0.pak:All Members within %dM of the area on %d targets
DST_SKILL_TARGET_AND_RANGE_INFO23	2	2	lang0,taiwan	taiwan:local_data.dat:朝指定地點長 %d公尺 寬 %d公尺內的我軍%d名使用 | lang0:lang0.pak:All Members around the area within a %d x %dM on %d targets
DST_SKILL_TARGET_AND_RANGE_INFO24	2	2	lang0,taiwan	taiwan:local_data.dat:朝指定地點半徑%d公尺內的隊員%d名使用 | lang0:lang0.pak:All Party Members within %dm of the area on %d targets
DST_SKILL_TARGET_AND_RANGE_INFO25	2	2	lang0,taiwan	taiwan:local_data.dat:朝指定地點長 %d公尺 寬%d公尺內的隊員%d名使用 | lang0:lang0.pak:All Party Members around the area within a %dx%dM on %d targets
DST_SKILL_TARGET_AND_RANGE_INFO26	2	2	lang0,taiwan	taiwan:local_data.dat:朝自身半徑範圍 %d公尺的%d 名使用 | lang0:lang0.pak:All Enemies within %dM on %d targets
DST_SKILL_TARGET_AND_RANGE_INFO27	2	2	lang0,taiwan	taiwan:local_data.dat:朝自身週邊長%d公尺 寬 %d公尺的%d 名使用 | lang0:lang0.pak:Everyone all around the caster within a range of %d x %dM on %d targets
DST_SKILL_TARGET_AND_RANGE_INFO28	2	2	lang0,taiwan	taiwan:local_data.dat:朝一名指定物件使用 | lang0:lang0.pak:Target
DST_SKILL_TARGET_AND_RANGE_INFO29	2	2	lang0,taiwan	taiwan:local_data.dat:朝指定物件週邊半徑%d公尺內的%d 名使用 | lang0:lang0.pak:Everyone within %dM of the target on %d targets
DST_SKILL_TARGET_AND_RANGE_INFO3	2	2	lang0,taiwan	taiwan:local_data.dat:朝自身週邊長%d公尺 寬%d公尺內的敵人 %d 名使用 | lang0:lang0.pak:All Enemies within %d x %dM of the surrounding landscape on %d targets
DST_SKILL_TARGET_AND_RANGE_INFO30	2	2	lang0,taiwan	taiwan:local_data.dat:朝自身週邊長%d公尺 寬%d公尺內%d名使用 | lang0:lang0.pak:Everyone around the target within a %d x %dM on %d targets
DST_SKILL_TARGET_AND_RANGE_INFO31	2	2	lang0,taiwan	taiwan:local_data.dat:朝指定地點半徑%d公尺內的%d名使用 | lang0:lang0.pak:Everyone within %dM of the Area on %d targets
DST_SKILL_TARGET_AND_RANGE_INFO32	2	2	lang0,taiwan	taiwan:local_data.dat:朝指定地點長%d公尺 寬 %d公尺內的隊員%d 名使用 | lang0:lang0.pak:Everyone around the area within a %d x %dM on %d targets
DST_SKILL_TARGET_AND_RANGE_INFO33	2	2	lang0,taiwan	taiwan:local_data.dat:瞬間移動至指定我軍附近地點 | lang0:lang0.pak:Near the character that designates immediate movement
DST_SKILL_TARGET_AND_RANGE_INFO34	2	2	lang0,taiwan	taiwan:local_data.dat:自己除外 | lang0:lang0.pak:All Except the Caster
DST_SKILL_TARGET_AND_RANGE_INFO35	2	2	lang0,taiwan	taiwan:local_data.dat:角色移動距離寬%d公尺內的敵人%d名使用 | lang0:lang0.pak:Target Range: %d targets within %dM hit
DST_SKILL_TARGET_AND_RANGE_INFO36	2	2	lang0,taiwan	taiwan:local_data.dat:向自己的召喚獸使用 | lang0:lang0.pak:Own Pet Only
DST_SKILL_TARGET_AND_RANGE_INFO37	2	2	lang0,taiwan	taiwan:local_data.dat:目標範圍情報37號 | lang0:lang0.pak:Target Range: 37
DST_SKILL_TARGET_AND_RANGE_INFO38	2	2	lang0,taiwan	taiwan:local_data.dat:目標範圍情報38號 | lang0:lang0.pak:Target Range: 38
DST_SKILL_TARGET_AND_RANGE_INFO39	2	2	lang0,taiwan	taiwan:local_data.dat:目標範圍情報39號 | lang0:lang0.pak:Target Range: 39
DST_SKILL_TARGET_AND_RANGE_INFO4	2	2	lang0,taiwan	taiwan:local_data.dat:朝自身半徑%d公尺內的我軍 %d 名使用 | lang0:lang0.pak:All Allies within %dM on %d targets
DST_SKILL_TARGET_AND_RANGE_INFO40	2	2	lang0,taiwan	taiwan:local_data.dat:目標範圍情報40號 | lang0:lang0.pak:Target Range: 40
DST_SKILL_TARGET_AND_RANGE_INFO41	2	2	lang0,taiwan	taiwan:local_data.dat:目標範圍情報41號 | lang0:lang0.pak:Target Range: 41
DST_SKILL_TARGET_AND_RANGE_INFO5	2	2	lang0,taiwan	taiwan:local_data.dat:自身週邊長%d公尺 寬%d公尺內的我軍 %d 名使用 | lang0:lang0.pak:All Allies within %d x %dM of the surrounding landscape on %d targets
DST_SKILL_TARGET_AND_RANGE_INFO6	2	2	lang0,taiwan	taiwan:local_data.dat:瞬間移動至指定物件附近 | lang0:lang0.pak:Teleport to a Specified Area
DST_SKILL_TARGET_AND_RANGE_INFO7	2	2	lang0,taiwan	taiwan:local_data.dat:朝自身半徑範圍%d公尺內的隊員%d名使用 | lang0:lang0.pak:All Party Members near the Caster within %dM on %d targets
DST_SKILL_TARGET_AND_RANGE_INFO8	2	2	lang0,taiwan	taiwan:local_data.dat:朝自身周邊長%d公尺 寬%d公尺內的隊員%d名使用 | lang0:lang0.pak:All Party Members around the Caster within a %d x %dM on %d targets
DST_SKILL_TARGET_AND_RANGE_INFO9	2	2	lang0,taiwan	taiwan:local_data.dat:對指定目標一人使用 | lang0:lang0.pak:Target
DST_SKILL_TEXT_ACTION	2	2	lang0,taiwan	taiwan:local_data.dat:動作 | lang0:lang0.pak:Action
DST_SKILL_TEXT_EMOTION	2	2	lang0,taiwan	taiwan:local_data.dat:鑑定 | lang0:lang0.pak:Emotion
DST_SKILL_TOTAL_DAMAGE	2	2	lang0,taiwan	taiwan:local_data.dat:總損傷率: %d | lang0:lang0.pak:Total Dmg: %d
DST_SKILL_TRANSFORM_USE_INFO_FLAG_ABLE_WHEN_BIG_MONKEY	2	2	lang0,taiwan	taiwan:local_data.dat:[Usable while in Oozaru form] | lang0:lang0.pak:[Usable while in Oozaru form]
DST_SKILL_TRANSFORM_USE_INFO_FLAG_ABLE_WHEN_BODY_CURSE	2	2	lang0,taiwan	taiwan:local_data.dat:[身體狀態異常下可使用] | lang0:lang0.pak:[Usable while cursed]
DST_SKILL_TRANSFORM_USE_INFO_FLAG_ABLE_WHEN_BUUHAN_SKIN	2	2	lang0,taiwan	taiwan:local_data.dat:[Usable while in Buuhan Skin form] | lang0:lang0.pak:[Usable while in Buuhan Skin form]
DST_SKILL_TRANSFORM_USE_INFO_FLAG_ABLE_WHEN_BUUHAN_SKIN2	2	2	lang0,taiwan	taiwan:local_data.dat:[Usable while in Buuhan Skin 2 form] | lang0:lang0.pak:[Usable while in Buuhan Skin 2 form]
DST_SKILL_TRANSFORM_USE_INFO_FLAG_ABLE_WHEN_CHANGE_CURSE	2	2	lang0,taiwan	taiwan:local_data.dat:[變異狀態下可使用] | lang0:lang0.pak:[Usable during a negative transformation]
DST_SKILL_TRANSFORM_USE_INFO_FLAG_ABLE_WHEN_DARK_NAMEK	2	2	lang0,taiwan	taiwan:local_data.dat:[Usable while in Dark Namek form] | lang0:lang0.pak:[Usable while in Dark Namek form]
DST_SKILL_TRANSFORM_USE_INFO_FLAG_ABLE_WHEN_EVIL_BOO	2	2	lang0,taiwan	taiwan:local_data.dat:[Usable while in Super Boo form] | lang0:lang0.pak:[Usable while in Super Boo form]
DST_SKILL_TRANSFORM_USE_INFO_FLAG_ABLE_WHEN_EVIL_NAMEK	2	2	lang0,taiwan	taiwan:local_data.dat:[Usable while in Evil Namek form] | lang0:lang0.pak:[Usable while in Evil Namek form]
DST_SKILL_TRANSFORM_USE_INFO_FLAG_ABLE_WHEN_GOTENKS_BOO_FIS	2	2	lang0,taiwan	taiwan:local_data.dat:[Usable while in Gotenks Boo Fighter form] | lang0:lang0.pak:[Usable while in Gotenks Boo Fighter form]
DST_SKILL_TRANSFORM_USE_INFO_FLAG_ABLE_WHEN_GOTENKS_BOO_MAG	2	2	lang0,taiwan	taiwan:local_data.dat:[Usable while in Gotenks Boo Mystic form] | lang0:lang0.pak:[Usable while in Gotenks Boo Mystic form]
DST_SKILL_TRANSFORM_USE_INFO_FLAG_ABLE_WHEN_GREAT_NAMEK	2	2	lang0,taiwan	taiwan:local_data.dat:[超巨身狀態下可使用] | lang0:lang0.pak:[Usable while in Great Namek form]
DST_SKILL_TRANSFORM_USE_INFO_FLAG_ABLE_WHEN_GREAT_ORANGE	2	2	lang0,taiwan	taiwan:local_data.dat:[Usable while in Great Orange form] | lang0:lang0.pak:[Usable while in Great Orange form]
DST_SKILL_TRANSFORM_USE_INFO_FLAG_ABLE_WHEN_KAIOKEN	2	2	lang0,taiwan	taiwan:local_data.dat:[界王拳狀態下可使用] | lang0:lang0.pak:[Usable during Kaio-Ken]
DST_SKILL_TRANSFORM_USE_INFO_FLAG_ABLE_WHEN_KING_NAMEK	2	2	lang0,taiwan	taiwan:local_data.dat:[Usable while in Orange Namek form] | lang0:lang0.pak:[Usable while in Orange Namek form]
DST_SKILL_TRANSFORM_USE_INFO_FLAG_ABLE_WHEN_MIND_CURSE	2	2	lang0,taiwan	taiwan:local_data.dat:[精神狀態異常下可使用] | lang0:lang0.pak:[Usable during confusion]
DST_SKILL_TRANSFORM_USE_INFO_FLAG_ABLE_WHEN_MYSTIC_MAJIN	2	2	lang0,taiwan	taiwan:local_data.dat:[Usable while in Mystic Majin form] | lang0:lang0.pak:[Usable while in Mystic Majin form]
DST_SKILL_TRANSFORM_USE_INFO_FLAG_ABLE_WHEN_NORMAL	2	2	lang0,taiwan	taiwan:local_data.dat:[一般狀態下可使用] | lang0:lang0.pak:[Usable while normal]
DST_SKILL_TRANSFORM_USE_INFO_FLAG_ABLE_WHEN_PURE_MAJIN	2	2	lang0,taiwan	taiwan:local_data.dat:[真魔人狀態下可使用] | lang0:lang0.pak:[Usable while in Pure Majin form]
DST_SKILL_TRANSFORM_USE_INFO_FLAG_ABLE_WHEN_RABIES	2	2	lang0,taiwan	taiwan:local_data.dat:[狂犬病狀態下可使用] | lang0:lang0.pak:[Usable while enraged]
DST_SKILL_TRANSFORM_USE_INFO_FLAG_ABLE_WHEN_ROLLING_ATTACK	2	2	lang0,taiwan	taiwan:local_data.dat:[滾動攻擊狀態下可使用] | lang0:lang0.pak:[Usable during a roll attack]
DST_SKILL_TRANSFORM_USE_INFO_FLAG_ABLE_WHEN_SPINNING_ATTACK	2	2	lang0,taiwan	taiwan:local_data.dat:[迴轉攻擊狀態下可使用] | lang0:lang0.pak:[Usable during a spin attack]
DST_SKILL_TRANSFORM_USE_INFO_FLAG_ABLE_WHEN_SUPER_BOO	2	2	lang0,taiwan	taiwan:local_data.dat:[Usable while in Buuhan form] | lang0:lang0.pak:[Usable while in Buuhan form]
DST_SKILL_TRANSFORM_USE_INFO_FLAG_ABLE_WHEN_SUPER_BOO2	2	2	lang0,taiwan	taiwan:local_data.dat:[Usable while in Super Boo 2 form] | lang0:lang0.pak:[Usable while in Super Boo 2 form]
DST_SKILL_TRANSFORM_USE_INFO_FLAG_ABLE_WHEN_SUPER_SAIYAN	2	2	lang0,taiwan	taiwan:local_data.dat:[超賽亞人狀態下可使用] | lang0:lang0.pak:[Usable while in Super Saiyan form]
DST_SKILL_TRANSFORM_USE_INFO_FLAG_ABLE_WHEN_SUPER_SAIYAN2	2	2	lang0,taiwan	taiwan:local_data.dat:[Usable while in Super Saiyan 2 form] | lang0:lang0.pak:[Usable while in Super Saiyan 2 form]
DST_SKILL_TRANSFORM_USE_INFO_FLAG_ABLE_WHEN_SUPER_SAIYAN3	2	2	lang0,taiwan	taiwan:local_data.dat:[Usable while in Super Saiyan God form] | lang0:lang0.pak:[Usable while in Super Saiyan God form]
DST_SKILL_TRANSFORM_USE_INFO_FLAG_ABLE_WHEN_SUPER_SAIYAN33	2	2	lang0,taiwan	taiwan:local_data.dat:[Usable while in Super Saiyan 3 form] | lang0:lang0.pak:[Usable while in Super Saiyan 3 form]
DST_SKILL_TRANSFORM_USE_INFO_FLAG_ABLE_WHEN_SUPER_SAIYAN4	2	2	lang0,taiwan	taiwan:local_data.dat:[Usable while in Super Saiyan 4 form] | lang0:lang0.pak:[Usable while in Super Saiyan 4 form]
DST_SKILL_TRANSFORM_USE_INFO_FLAG_ABLE_WHEN_SUPER_SAIYANBLUE	2	2	lang0,taiwan	taiwan:local_data.dat:[Usable while in Super Saiyan Blue form] | lang0:lang0.pak:[Usable while in Super Saiyan Blue form]
DST_SKILL_TRANSFORM_USE_INFO_FLAG_ABLE_WHEN_SUPER_SAIYANL	2	2	lang0,taiwan	taiwan:local_data.dat:[Usable while in Super Saiyan Legendary form] | lang0:lang0.pak:[Usable while in Super Saiyan Legendary form]
DST_SKILL_TRANSFORM_USE_INFO_FLAG_ABLE_WHEN_SUPER_SAIYANROSE	2	2	lang0,taiwan	taiwan:local_data.dat:[Usable while in Super Saiyan Rose form] | lang0:lang0.pak:[Usable while in Super Saiyan Rose form]
DST_SKILL_TRANSFORM_USE_INFO_FLAG_ABLE_WHEN_VEHICLE	2	2	lang0,taiwan	taiwan:local_data.dat:[騎乘機車下可使用] | lang0:lang0.pak:[Usable while in a vehicle]
DST_SKILL_TYPE_ACTIVE	2	2	lang0,taiwan	taiwan:local_data.dat:發動技術 | lang0:lang0.pak:Active
DST_SKILL_TYPE_HTB	2	2	lang0,taiwan	taiwan:local_data.dat:HTB | lang0:lang0.pak:HTB
DST_SKILL_TYPE_PASSIVE	2	2	lang0,taiwan	taiwan:local_data.dat:被動技能 | lang0:lang0.pak:Passive
DST_SKILL_USERANGE	2	2	lang0,taiwan	taiwan:local_data.dat:使用距離 : %d公尺 | lang0:lang0.pak:Range: %dM
DST_SKILL_USING_TRINER_DIALOG	2	2	lang0,taiwan	taiwan:local_data.dat:現在無法開啟角色技能視窗。 | lang0:lang0.pak:Can't open Character Skills.
DST_SKILL_WINDOW_TITLE	2	2	lang0,taiwan	taiwan:local_data.dat:技能視窗 | lang0:lang0.pak:Skills
DST_SKY_DUNGEON_ENTER_LIMIT	2	2	lang0,taiwan	taiwan:local_data.dat:當天可進入SKY副本的次數剩下%d次了. | lang0:lang0.pak:%d sec left to Enter.
DST_SLOT_COUNT	2	2	lang0,taiwan	taiwan:local_data.dat:欄位個數 : %d | lang0:lang0.pak:Slots: %d
DST_SLOT_EMPTY	2	2	lang0,taiwan	taiwan:local_data.dat:空白欄位 | lang0:lang0.pak:Empty
DST_SOCIAL_SKILL_BOAST_LIMITED_CONDITION	2	2	lang0,taiwan	taiwan:local_data.dat:使用技能的條件(轉職前) :\n主武器、上衣、下衣、鞋子的強化等級\n需在+7以上，並全部裝備在身上的狀態 | lang0:lang0.pak:Skill usage conditions (before transfer):[br]Primary, secondary weapon and Gears[br]upgraded +7 or more, all while wearing.
DST_SOCIAL_SKILL_BOAST_LIMITED_CONDITION_GRADE_2	2	2	lang0,taiwan	taiwan:local_data.dat:使用技能的條件(轉職後) :\n主武器、輔助武器、上衣、下衣、鞋子的強化等級\n需在+7以上，並全部裝備在身上的狀態 | lang0:lang0.pak:Skill usage conditions (after transfer):[br]Primary, secondary weapon and Gears[br]upgraded +7 or more, all while wearing.
DST_SPARKLE_CANT_IT	2	2	lang0,taiwan	taiwan:local_data.dat:閃亮亮膠囊盒中無法進行。 | lang0:lang0.pak:Capsule Kit Spark can't do this
DST_SPARKLE_CAPSULEKIT_TITLE	2	2	lang0,taiwan	taiwan:local_data.dat:閃亮亮膠囊盒 | lang0:lang0.pak:Capsule Kit Spark
DST_SPARKLE_NOTIFY_GET_ITEM	2	2	lang0,taiwan	taiwan:local_data.dat:取得%s道具(再起滿溢) | lang0:lang0.pak:%s item obtained (Overflowing)
DST_SPARKLE_NOTIFY_GET_UNIDENTIFIED_ITEM	2	2	lang0,taiwan	taiwan:local_data.dat:取得未知道具。(閃亮亮) | lang0:lang0.pak:Mystery Item Obtained (Shining)
DST_SP_GAGE	2	2	lang0,taiwan	taiwan:local_data.dat:VP %d/%d | lang0:lang0.pak:VP  %d/%d
DST_STACKITEM_CONFIRM_DROP	2	2	lang0,taiwan	"taiwan:local_data.dat:[align = ""center""][font size = ""12"" color=""f4d762""]丟棄道具[/font][br][br][font size = ""10"" color=""269""""]您可透過儲存盒添加[breff][ size = ""10"" color=""f36a7c""][/font]欲丟棄道具: %s[br]丟棄數量 : %d[br][br][font size = ""10"" color=""ffffff""] 丟棄的道具將會立刻消失[br]無法再度丟棄[1/font]"" color=""ffffff""]您確定要丟棄道具嗎？ | lang0:lang0.pak:[align = ""center""][font size = ""12"" color=""f4d762""]Stack Item Discard[/font][br][br][font size = ""10"" color=""269eff""]You are Discarding this Item.[/font][br][br][font size = ""10"" color=""f36a7c""]Item: %s[br]Amount: %d[/font][br][br][font size = ""10"" color=""ffffff""]You won't get this Item back.[br][br]Discard Item(s)?[/font]"
DST_STACKITEM_CONFIRM_DROP_ON_REMOTE_SELL	2	2	lang0,taiwan	"taiwan:local_data.dat:[align =""center""][font size=""12""color=""f4d762""]禁止販賣的道具[/font][br][br][font size=""10""color=""f36a7777][font size=""10""color=""f36a777]。 | lang0:lang0.pak:[align = ""center""][font size=""12""color=""f4d762""]Items sold[/font][br][br][font size=""10""color=""f36a7c""]Can't be sold.[/font]"
DST_STACKITEM_REMOTE_SELL	2	2	lang0,taiwan	"taiwan:local_data.dat:[align = ""center""][font size = ""12"" color=""f4d762""]遙控器販賣道具[/font][br][br][font size = ""10"" color=""269eff""]若裝備特殊的史考特附物[br]將可以不用丟棄道具，以50%%的價格[br]進行販賣。 Sony[br][br][font size = ""10"" color=""f36a7c""]販子賣掉的道具將會立刻消失。 | lang0:lang0.pak:[align = ""center""][font size = ""12"" color=""f4d762""]Sell items[/font][br][br]With special scout part[br]not losing 50%% of the price[br]8 can be[br][br]Selling items: %s[br]Sales: %d[br]Sale price(50%%): %s Zeni[br][br]item will be gone[br][br]sell this item"
DST_STAFF	2	2	lang0,taiwan	taiwan:local_data.dat:杖 | lang0:lang0.pak:Staff
DST_STATUS_AP	2	2	lang0,taiwan	taiwan:local_data.dat:戰鬥力 | lang0:lang0.pak:P.Level
DST_STATUS_ATTACK	2	2	lang0,taiwan	taiwan:local_data.dat:攻擊力 | lang0:lang0.pak:Attack
DST_STATUS_ATTACK_RATE	2	2	lang0,taiwan	taiwan:local_data.dat:命中率 | lang0:lang0.pak:Hit Rate
DST_STATUS_ATTR	2	2	lang0,taiwan	taiwan:local_data.dat:屬性 | lang0:lang0.pak:Attr
DST_STATUS_CURRENT_EXP	2	2	lang0,taiwan	taiwan:local_data.dat:現在 | lang0:lang0.pak:Have
DST_STATUS_DODGE	2	2	lang0,taiwan	taiwan:local_data.dat:迴避率 | lang0:lang0.pak:Dodge
DST_STATUS_ENERGY_ATTACK	2	2	lang0,taiwan	taiwan:local_data.dat:氣功攻擊力 | lang0:lang0.pak:Energy Atk.
DST_STATUS_ENERGY_CRITICAL	2	2	lang0,taiwan	taiwan:local_data.dat:暴擊機率 | lang0:lang0.pak:Crit. Energy
DST_STATUS_ENERGY_DEFENCE	2	2	lang0,taiwan	taiwan:local_data.dat:氣功防禦力 | lang0:lang0.pak:E. Defense.
DST_STATUS_GOAL_EXP	2	2	lang0,taiwan	taiwan:local_data.dat:目標 | lang0:lang0.pak:Goal
DST_STATUS_HONOR_GUIDE_HONOR	2	2	lang0,taiwan	taiwan:local_data.dat:聲望點數可透過Raid、天下第一武道會、蒐集龍珠、特殊任務等獲得。 | lang0:lang0.pak:Dragon Balls can be obtained through Special Quests
DST_STATUS_HONOR_HONOR_SCORE	2	2	lang0,taiwan	taiwan:local_data.dat:聲望點數 : %d | lang0:lang0.pak:Honor: %d
DST_STATUS_HONOR_HTMLTAG_HONOR	2	2	lang0,taiwan	taiwan:local_data.dat:%s[br][br]%s | lang0:lang0.pak:%s[br][br]%s
DST_STATUS_HONOR_HTMLTAG_RANKBATTLE	2	2	lang0,taiwan	taiwan:local_data.dat:%s[br][br]%s[br]%s | lang0:lang0.pak:%s[br][br]%s[br]%s
DST_STATUS_HONOR_MUDOSA_SCORE	2	2	lang0,taiwan	taiwan:local_data.dat:武道寺紅利 : %d 點 | lang0:lang0.pak:Mudosa: %d
DST_STATUS_HONOR_PRIVATE_SCORE	2	2	lang0,taiwan	taiwan:local_data.dat:排名戰戰績 : %d戰 %d勝 %d敗 | lang0:lang0.pak:Ranked Battles: %d Wins: %d Losses: %d
DST_STATUS_HONOR_RANK_SCORE	2	2	lang0,taiwan	taiwan:local_data.dat:戰鬥點數 : %d 點 | lang0:lang0.pak:Score: %d
DST_STATUS_HONOR_TITLE_HONOR	2	2	lang0,taiwan	taiwan:local_data.dat:聲望 | lang0:lang0.pak:Honor
DST_STATUS_HONOR_TITLE_RANKBATTLE	2	2	lang0,taiwan	taiwan:local_data.dat:排名戰 | lang0:lang0.pak:Arena
DST_STATUS_HONOR_TMQ_LIMITED_COUNT	2	2	lang0,taiwan	taiwan:local_data.dat:時間疲勞度 | lang0:lang0.pak:TMQ Count
DST_STATUS_HONOR_TMQ_LIMITED_PLUS_COUNT	2	2	lang0,taiwan	"taiwan:local_data.dat:[font size=""10"" color=""00ff00""](+%d)[/font] | lang0:lang0.pak:(+%d)"
DST_STATUS_JOB	2	2	lang0,taiwan	taiwan:local_data.dat:職業 | lang0:lang0.pak:Class
DST_STATUS_LEVEL	2	2	lang0,taiwan	taiwan:local_data.dat:等級 | lang0:lang0.pak:Level
DST_STATUS_NAME	2	2	lang0,taiwan	taiwan:local_data.dat:名稱 | lang0:lang0.pak:Name
DST_STATUS_PHYSICAL_ATTACK	2	2	lang0,taiwan	taiwan:local_data.dat:格鬥攻擊力 | lang0:lang0.pak:Physical Atk.
DST_STATUS_PHYSICAL_CRITICAL	2	2	lang0,taiwan	taiwan:local_data.dat:暴擊機率 | lang0:lang0.pak:Crit. Physical
DST_STATUS_PHYSICAL_DEFENCE	2	2	lang0,taiwan	taiwan:local_data.dat:格鬥防禦力 | lang0:lang0.pak:P. Defense.
DST_STATUS_RESETS	2	2	lang0,taiwan	taiwan:local_data.dat:Resets | lang0:lang0.pak:Resets
DST_STATUS_STAT_CON	2	2	lang0,taiwan	taiwan:local_data.dat:耐力 | lang0:lang0.pak:CON
DST_STATUS_STAT_DEX	2	2	lang0,taiwan	taiwan:local_data.dat:敏捷 | lang0:lang0.pak:DEX
DST_STATUS_STAT_ENG	2	2	lang0,taiwan	taiwan:local_data.dat:幸運 | lang0:lang0.pak:ENG
DST_STATUS_STAT_FOC	2	2	lang0,taiwan	taiwan:local_data.dat:集中 | lang0:lang0.pak:FOC
DST_STATUS_STAT_SOL	2	2	lang0,taiwan	taiwan:local_data.dat:氣合 | lang0:lang0.pak:SOL
DST_STATUS_STAT_STR	2	2	lang0,taiwan	taiwan:local_data.dat:力量 | lang0:lang0.pak:STR
DST_STATUS_TAB_AVATAR	2	2	lang0,taiwan	taiwan:local_data.dat:角色 | lang0:lang0.pak:Character
DST_STATUS_TAB_FAMILY	2	2	lang0,taiwan	taiwan:local_data.dat:戰績 | lang0:lang0.pak:Fame
DST_STATUS_TAB_MOREINFO	2	2	lang0,taiwan	taiwan:local_data.dat:更多屬性 | lang0:lang0.pak:Status
DST_STATUS_TAB_SUMMON	2	2	lang0,taiwan	taiwan:local_data.dat:寵物 | lang0:lang0.pak:Pet
DST_STATUS_TECHNIC_HOIPOIMIX_DISASSEMBLE	2	2	lang0,taiwan	taiwan:local_data.dat:分解道具 | lang0:lang0.pak:Disassemble
DST_STATUS_TECHNIC_HOIPOIMIX_DISASSEMBLE_GUIDE	2	2	lang0,taiwan	taiwan:local_data.dat:可分解裝備道具 | lang0:lang0.pak:Disassemble items
DST_STATUS_TECHNIC_HOIPOIMIX_DISASSEMBLE_GUIDE_HTML	2	2	lang0,taiwan	"taiwan:local_data.dat:[align = ""center""][font size = ""10"" color = ""ffff68""]藉由強化師可以分解裝備.[br][font size = ""ffff68""]藉由強化師可以分解裝備.[br][font size = ""ffff68""]藉由強化師可以分解裝備」的裝備 | lang0:lang0.pak:[align = ""center""][font size = ""8"" color = ""ffffff""]Items can be disassembled[br]at the NPC to get materials[br]for crafting."
DST_STATUS_TECHNIC_HOIPOIMIX_INFO	2	2	lang0,taiwan	taiwan:local_data.dat:製造技術 | lang0:lang0.pak:Crafting
DST_STATUS_TECHNIC_HOIPOIMIX_INFO_GUIDE	2	2	lang0,taiwan	taiwan:local_data.dat:藉由配方學習 | lang0:lang0.pak:Learned from recipe
DST_STATUS_TECHNIC_HOIPOIMIX_INFO_GUIDE_HTML	2	2	lang0,taiwan	"taiwan:local_data.dat:[align = ""center""][font size = ""9"" color = ""ffff68""]向混合大師購買配方吧.[br][font size = ""8"" color = ""ffff""br""]不使用 | lang0:lang0.pak:[align = ""center""][font size = ""8"" color = ""ffffff""]Buy and register a recipe to[br]craft more and better items."
DST_STATUS_TECHNIC_HOIPOIMIX_MIXEXPDATA	2	2	lang0,taiwan	taiwan:local_data.dat:混合經驗值 | lang0:lang0.pak:Craft Exp
DST_STATUS_TECHNIC_HOIPOIMIX_MIXLEVEL	2	2	lang0,taiwan	taiwan:local_data.dat:混合等級 | lang0:lang0.pak:Craft Lv.
DST_STATUS_TECHNIC_HOIPOIMIX_NORMAL_SKILL	2	2	lang0,taiwan	taiwan:local_data.dat:一般製造技能 | lang0:lang0.pak:General
DST_STATUS_TECHNIC_HOIPOIMIX_NORMAL_SKILL_GUIDE	2	2	lang0,taiwan	taiwan:local_data.dat:10級以上可學習 | lang0:lang0.pak:Above Lv.10
DST_STATUS_TECHNIC_HOIPOIMIX_NORMAL_SKILL_GUIDE_HTML	2	2	lang0,taiwan	"taiwan:local_data.dat:[align =""center""][font size=""10""color=""ffff68""]透過基本製造技能可做出飲料、食物等道具。[br][font size=""10""=""ff""ff""]即可向混合大師學習。 | lang0:lang0.pak:[align = ""center""]The basic technology to drink, and craft food items[br]You can Learn Master Mix."
DST_STATUS_TECHNIC_HOIPOIMIX_SKILL_ACCESSORY_HTML	2	2	lang0,taiwan	"taiwan:local_data.dat:[align =""center""][font size=""10""color=""ffff68""]進行裝飾品製造[br][font size=""10""color=""ffffffff""]可使用耳環、環、環、紙。 | lang0:lang0.pak:[align = ""center""]Accessory Crafting[br]You can create Accessories[br]in HoiPoi Mix Machines."
DST_STATUS_TECHNIC_HOIPOIMIX_SKILL_CLOTH_ARMOR_HTML	2	2	lang0,taiwan	"taiwan:local_data.dat:[align =""center""][font size=""10""color=""ffff68""]進行氣功戰鬥服製造[br][font size=""10""color=""ffffff""]可使用攪拌膠囊。 | lang0:lang0.pak:[align = ""center""]Armor Crafting[br]You can create Armor[br]in HoiPoi Mix Machines."
DST_STATUS_TECHNIC_HOIPOIMIX_SKILL_FOOD_HTML	2	2	lang0,taiwan	"taiwan:local_data.dat:[align =""center""][font size=""10""color=""ffff68""]進行一般製造[br][font size=""10""color=""ffffffff""]進行一般製造[br][font size=""10""color=""ffffffff""]可使用膠囊和飲料。 | lang0:lang0.pak:[align = ""center""]General Crafting[br]You can create Food and Drink[br]in HoiPoi Mix Machines."
DST_STATUS_TECHNIC_HOIPOIMIX_SKILL_MAIN_HTML	2	2	lang0,taiwan	"taiwan:local_data.dat:[align =""center""][font size=""10""color=""ffff68""]進行主武器製造[br][font size=""10""color=""ffffffff""]進行主武器製造[br][font size=""10""color=""ffffffff""]可使用手套、手杖等機製造出手法武器」。 | lang0:lang0.pak:[align = ""center""]Weapon Crafting[br]You can create Weapons[br]in HoiPoi Mix Machines."
DST_STATUS_TECHNIC_HOIPOIMIX_SKILL_SUB_WEAPON_HTML	2	2	lang0,taiwan	"taiwan:local_data.dat:[align =""center""][font size=""10""color=""ffff68""]進行輔助武器製造[br][font size=""10""color=""ffffff""]使用可轉膠囊的武器。 | lang0:lang0.pak:[align = ""center""]Sub-Weapon Crafting[br]You can create Sub-Weapons[br]in HoiPoi Mix Machines."
DST_STATUS_TECHNIC_HOIPOIMIX_SKILL_TECH_ARMOR_HTML	2	2	lang0,taiwan	"taiwan:local_data.dat:[align =""center""][font size=""10""color=""ffff68""]進行格鬥戰鬥服製造[br][font size=""10""color=""ffffff""]可使用攪拌膠囊。 | lang0:lang0.pak:[align = ""center""]Tech Armor Crafting[br]You can create Tech Armor[br]in HoiPoi Mix Machines."
DST_STATUS_TECHNIC_HOIPOIMIX_SPECIAL_SKILL	2	2	lang0,taiwan	taiwan:local_data.dat:特殊製造技能 | lang0:lang0.pak:Special Skill
DST_STATUS_TECHNIC_HOIPOIMIX_SPECIAL_SKILL_GUIDE	2	2	lang0,taiwan	taiwan:local_data.dat:15級以上可學習 | lang0:lang0.pak:Above Level 15
DST_STATUS_TECHNIC_HOIPOIMIX_SPECIAL_SKILL_GUIDE_HTML	2	2	lang0,taiwan	"taiwan:local_data.dat:[align =""center""][font size=""10""color=""ffff68""]透過特殊製造技能可以做出各式各樣的道具。[br][font size=""10""color=""ffffff""]輔助武器-30等級以上，裝飾品、史考特-50等級以上可學習 | lang0:lang0.pak:[align = ""center""][font size=""10""color=""ffff68""]With special crafting you can[br]create different items.[/font][br][font size=""10""color=""ffffff""]Above Lv.30 Accessories & Sub-Weapons, above Lv.50 you can craft Scouters[/font]"
DST_STATUS_TECHNIC_HOIPOIMIX_TITLE	2	2	lang0,taiwan	taiwan:local_data.dat:混合膠囊 | lang0:lang0.pak:HoiPoi Mix
DST_STATUS_TECHNIC_TITLE	2	2	lang0,taiwan	taiwan:local_data.dat:技能 | lang0:lang0.pak:Craft
DST_STATUS_TOOLTIP_ATTACK_RATING	2	2	lang0,taiwan	taiwan:local_data.dat:@ | lang0:lang0.pak:@
DST_STATUS_TOOLTIP_ATTR	2	2	lang0,taiwan	taiwan:local_data.dat:屬性\n可透過武器和防具屬性得知。 | lang0:lang0.pak:Attributes
DST_STATUS_TOOLTIP_CON	2	2	lang0,taiwan	taiwan:local_data.dat:耐力\n會對LP產生影響。 | lang0:lang0.pak:Increases LP\nLP regeneration
DST_STATUS_TOOLTIP_DEFENCE_BLEED	2	2	lang0,taiwan	taiwan:local_data.dat:@ | lang0:lang0.pak:@
DST_STATUS_TOOLTIP_DEFENCE_DEFENCE	2	2	lang0,taiwan	taiwan:local_data.dat:@ | lang0:lang0.pak:@
DST_STATUS_TOOLTIP_DEFENCE_POISON	2	2	lang0,taiwan	taiwan:local_data.dat:@ | lang0:lang0.pak:@
DST_STATUS_TOOLTIP_DEFENCE_STOMCHACHE	2	2	lang0,taiwan	taiwan:local_data.dat:@ | lang0:lang0.pak:@
DST_STATUS_TOOLTIP_DEX	2	2	lang0,taiwan	taiwan:local_data.dat:敏捷\n會對迴避率產生影響。 | lang0:lang0.pak:Increases Dodge\nIncreases Phy.Attack\nIncreases Phy.Crit.
DST_STATUS_TOOLTIP_DODGE_RATING	2	2	lang0,taiwan	taiwan:local_data.dat:@ | lang0:lang0.pak:@
DST_STATUS_TOOLTIP_ENERGY_ATTACK	2	2	lang0,taiwan	taiwan:local_data.dat:@ | lang0:lang0.pak:@
DST_STATUS_TOOLTIP_ENERGY_CRITICAL	2	2	lang0,taiwan	taiwan:local_data.dat:@ | lang0:lang0.pak:@
DST_STATUS_TOOLTIP_ENERGY_DEFENCE	2	2	lang0,taiwan	taiwan:local_data.dat:@ | lang0:lang0.pak:@
DST_STATUS_TOOLTIP_ENG	2	2	lang0,taiwan	taiwan:local_data.dat:幸運\n會對EP產生影響。 | lang0:lang0.pak:Increases EP\nEP regeneration
DST_STATUS_TOOLTIP_FOC	2	2	lang0,taiwan	taiwan:local_data.dat:集中\n會對命中率製造狀態異常產生影響。 | lang0:lang0.pak:Increases Hit Rate\nIncreases En.Crit.
DST_STATUS_TOOLTIP_PHYSICAL_ATTACK	2	2	lang0,taiwan	taiwan:local_data.dat:@ | lang0:lang0.pak:@
DST_STATUS_TOOLTIP_PHYSICAL_CRITICAL	2	2	lang0,taiwan	taiwan:local_data.dat:@ | lang0:lang0.pak:@
DST_STATUS_TOOLTIP_PHYSICAL_DEFENCE	2	2	lang0,taiwan	taiwan:local_data.dat:@ | lang0:lang0.pak:@
DST_STATUS_TOOLTIP_SOL	2	2	lang0,taiwan	taiwan:local_data.dat:氣合\n會對氣功攻擊力和抵抗狀態異常產生影響。 | lang0:lang0.pak:Increases Energy Attack
DST_STATUS_TOOLTIP_STR	2	2	lang0,taiwan	taiwan:local_data.dat:力量\n會對格鬥攻擊力產生影響。 | lang0:lang0.pak:Increases Physical Attack
DST_STATUS_UNIDENTIFIED_LPEP	2	2	lang0,taiwan	taiwan:local_data.dat:???/??? | lang0:lang0.pak:??? / ???
DST_STATUS_UNIDENTIFIED_NAME	2	2	lang0,taiwan	taiwan:local_data.dat:未知 | lang0:lang0.pak:Unidentified
DST_STATUS_WINDOW_TITLE	2	2	lang0,taiwan	taiwan:local_data.dat:角色 | lang0:lang0.pak:Character Status
DST_STICK	2	2	lang0,taiwan	taiwan:local_data.dat:棍 | lang0:lang0.pak:Stick
DST_STOMACHACHE_DEFENCE	2	2	lang0,taiwan	taiwan:local_data.dat:腹痛防禦力 | lang0:lang0.pak:Abdominal Pain Defense
DST_STREET_FIGHTER	2	2	lang0,taiwan	taiwan:local_data.dat:格鬥家 | lang0:lang0.pak:Fighter
DST_SUMMER_VACATION_EVENT_SIDEVIEW_CONTENT_01	2	2	lang0,taiwan	taiwan:local_data.dat:ICON標示為紅色時(90%以上)， | lang0:lang0.pak:When Icon marked red (90%),
DST_SUMMER_VACATION_EVENT_SIDEVIEW_CONTENT_02	2	2	lang0,taiwan	taiwan:local_data.dat:請點擊ICON，並接受任務！ | lang0:lang0.pak:Click on the icon and accept the mission!
DST_SUMMER_VACATION_EVENT_SIDEVIEW_PERCENTAGE	2	2	lang0,taiwan	taiwan:local_data.dat:%s%% | lang0:lang0.pak:%s%%
DST_SUMMER_VACATION_EVENT_SIDEVIEW_TITLE	2	2	lang0,taiwan	taiwan:local_data.dat:夏日活動進行率 | lang0:lang0.pak:Summer Event progress
DST_SUNDAY	2	2	lang0,taiwan	taiwan:local_data.dat:日 | lang0:lang0.pak:Sunday
DST_SUPERIOR_WARRIOR	2	2	lang0,taiwan	taiwan:local_data.dat:上級戰士 | lang0:lang0.pak:Warrior
DST_SUPERIOR_WARRIOR_ADD_EFFECT	2	2	lang0,taiwan	taiwan:local_data.dat:上級戰士新增能力值 | lang0:lang0.pak:Add Warrior Effects
DST_SUPERIOR_WARRIOR_CAN_MAKING_SUPERIOR_SLOT	2	2	lang0,taiwan	taiwan:local_data.dat:上級戰士可產生回數 : %d | lang0:lang0.pak:Greater champion can be made : %d
DST_SUPERIOR_WARRIOR_DISABLE	2	2	lang0,taiwan	taiwan:local_data.dat:未啟用上級戰士 | lang0:lang0.pak:Disable Warrior
DST_SUPERIOR_WARRIOR_ENABLE	2	2	lang0,taiwan	taiwan:local_data.dat:啟用上級戰士 | lang0:lang0.pak:Enable Warrior
DST_SUPERIOR_WARRIOR_LIMIT	2	2	lang0,taiwan	taiwan:local_data.dat:上級戰士效果結束 | lang0:lang0.pak:Warrior Limit
DST_SUPERIOR_WARRIOR_LIMIT_CONDITION	2	2	lang0,taiwan	taiwan:local_data.dat:結束條件:角色轉職前 | lang0:lang0.pak:Expire : old class
DST_SUPERIOR_WARRIOR_NEED_ITEM	2	2	lang0,taiwan	taiwan:local_data.dat:失去能力值。請使用覺醒劑重新發揮能力值。 | lang0:lang0.pak:status skill lost. need item
DST_SWORD	2	2	lang0,taiwan	taiwan:local_data.dat:劍 | lang0:lang0.pak:Sword
DST_SWORD_MASTER	2	2	lang0,taiwan	taiwan:local_data.dat:劍術家 | lang0:lang0.pak:Swordsman
DST_SYSTEMEFFECT_ENERGY	2	2	lang0,taiwan	taiwan:local_data.dat:氣功 | lang0:lang0.pak:Energy
DST_SYSTEMEFFECT_METER	2	2	lang0,taiwan	taiwan:local_data.dat:米 | lang0:lang0.pak:Meter
DST_SYSTEMEFFECT_PHYSICAL	2	2	lang0,taiwan	taiwan:local_data.dat:格鬥 | lang0:lang0.pak:Physical
DST_SYSTEMEFFECT_STATE	2	2	lang0,taiwan	taiwan:local_data.dat:狀態異常 | lang0:lang0.pak:State
DST_SYSTEMMSG_ABSORBED	2	2	lang0,taiwan	taiwan:local_data.dat:受到了%d吸收傷害。 | lang0:lang0.pak:Absorbed %d damage.
DST_SYSTEMMSG_ABSORBED_DEFENDER	2	2	lang0,taiwan	taiwan:local_data.dat:受到%s的%d吸收傷害 | lang0:lang0.pak:%s absorbed %d damage.
DST_SYSTEMMSG_ATTACKDAMAGE	2	2	lang0,taiwan	taiwan:local_data.dat:使%d受到傷害。 | lang0:lang0.pak: does %d damage.
DST_SYSTEMMSG_AVATAR	2	2	lang0,taiwan	taiwan:local_data.dat:%s 技能對 %s%s | lang0:lang0.pak:%s - %s %s
DST_SYSTEMMSG_BB_SKILL	2	2	lang0,taiwan	taiwan:local_data.dat:產生了%s的效果。 | lang0:lang0.pak:%s affected.
DST_SYSTEMMSG_BLOCK_ATTACK_ATTACKER	2	2	lang0,taiwan	taiwan:local_data.dat:阻擋了%s的攻擊 | lang0:lang0.pak:%s blocked.
DST_SYSTEMMSG_BLOCK_ATTACK_DEFENDER	2	2	lang0,taiwan	taiwan:local_data.dat:'阻擋了%s的攻擊 | lang0:lang0.pak:%s was blocked.
DST_SYSTEMMSG_BUFF_DROPITEM_ATTACKER	2	2	lang0,taiwan	taiwan:local_data.dat:%s的道具效果消失。 | lang0:lang0.pak:Item Buff expired: %s
DST_SYSTEMMSG_BUFF_DROPITEM_DEFENDER	2	2	lang0,taiwan	taiwan:local_data.dat:%s的 %s的道具效果消失。 | lang0:lang0.pak:%s lost Item Buff: %s
DST_SYSTEMMSG_BUFF_DROPSKILL_ATTACKER	2	2	lang0,taiwan	taiwan:local_data.dat:%s的效果消失。 | lang0:lang0.pak:Buff expired: %s
DST_SYSTEMMSG_BUFF_DROPSKILL_DEFENDER	2	2	lang0,taiwan	taiwan:local_data.dat:%s的%s的效果消失 | lang0:lang0.pak:%s Buff expired: %s
DST_SYSTEMMSG_BUFF_DROPSKILL_MULTI	2	2	lang0,taiwan	taiwan:local_data.dat:BUFF效果消失了%d個。 | lang0:lang0.pak:BUFF %d disappeared.
DST_SYSTEMMSG_CAN_NOT_DO_WITH_FAINTING	2	2	lang0,taiwan	taiwan:local_data.dat:昏厥中無法進行。 | lang0:lang0.pak:Can't while fainted.
DST_SYSTEMMSG_CASTING_ATTACKER	2	2	lang0,taiwan	taiwan:local_data.dat:準備%s技術中。 | lang0:lang0.pak:Charge: %s.
DST_SYSTEMMSG_CASTING_DEFENDER	2	2	lang0,taiwan	taiwan:local_data.dat:正在準備%s的 %s技術。 | lang0:lang0.pak:%s charges %s.
DST_SYSTEMMSG_CHANGE_BIG_MONKEY_ATTACKER	2	2	lang0,taiwan	taiwan:local_data.dat:You are no longer a Oozaru! | lang0:lang0.pak:You are no longer a Oozaru!
DST_SYSTEMMSG_CHANGE_BIG_MONKEY_DEFENDER	2	2	lang0,taiwan	taiwan:local_data.dat:%s is no longer a Oozaru! | lang0:lang0.pak:%s is no longer a Oozaru!
DST_SYSTEMMSG_CHANGE_EVIL_BOO_ATTACKER	2	2	lang0,taiwan	taiwan:local_data.dat:You are no longer a Super Boo! | lang0:lang0.pak:You are no longer a Super Boo!
DST_SYSTEMMSG_CHANGE_EVIL_BOO_DEFENDER	2	2	lang0,taiwan	taiwan:local_data.dat:%s is no longer a Super Boo! | lang0:lang0.pak:%s is no longer a Super Boo!
DST_SYSTEMMSG_CHANGE_EVIL_NAMEK_ATTACKER	2	2	lang0,taiwan	taiwan:local_data.dat:You are no longer a Evil Namek! | lang0:lang0.pak:You are no longer a Evil Namek!
DST_SYSTEMMSG_CHANGE_EVIL_NAMEK_DEFENDER	2	2	lang0,taiwan	taiwan:local_data.dat:%s is no longer a Evil Namek! | lang0:lang0.pak:%s is no longer a Evil Namek!
DST_SYSTEMMSG_CHANGE_GREAT_NAMEK_ATTACKER	2	2	lang0,taiwan	taiwan:local_data.dat:解除超巨身術狀態。 | lang0:lang0.pak:You are no longer a Great Namek!
DST_SYSTEMMSG_CHANGE_GREAT_NAMEK_DEFENDER	2	2	lang0,taiwan	taiwan:local_data.dat:解除%s的超巨身術狀態。 | lang0:lang0.pak:%s is no longer a Great Namek!
DST_SYSTEMMSG_CHANGE_KAIOKEN_ATTACKER	2	2	lang0,taiwan	taiwan:local_data.dat:解除界王拳。 | lang0:lang0.pak:Kaio-Ken ended!
DST_SYSTEMMSG_CHANGE_KAIOKEN_DEFENDER	2	2	lang0,taiwan	taiwan:local_data.dat:解除%s的界王拳。 | lang0:lang0.pak:%s: Kaio-Ken stopped!
DST_SYSTEMMSG_CHANGE_KING_NAMEK_ATTACKER	2	2	lang0,taiwan	taiwan:local_data.dat:You are no longer a Orange Namek! | lang0:lang0.pak:You are no longer a Orange Namek!
DST_SYSTEMMSG_CHANGE_KING_NAMEK_DEFENDER	2	2	lang0,taiwan	taiwan:local_data.dat:%s is no longer a Orange Namek! | lang0:lang0.pak:%s is no longer a Orange Namek!
DST_SYSTEMMSG_CHANGE_PURE_MAJIN_ATTACKER	2	2	lang0,taiwan	taiwan:local_data.dat:解除純魔人狀態。 | lang0:lang0.pak:You are no longer a Pure Majin!
DST_SYSTEMMSG_CHANGE_PURE_MAJIN_DEFENDER	2	2	lang0,taiwan	taiwan:local_data.dat:解除%s的純魔人狀態。 | lang0:lang0.pak:%s is no longer a Pure Majin!
DST_SYSTEMMSG_CHANGE_SUPER_BOO_ATTACKER	2	2	lang0,taiwan	taiwan:local_data.dat:You are no longer a Buuhan! | lang0:lang0.pak:You are no longer a Buuhan!
DST_SYSTEMMSG_CHANGE_SUPER_BOO_DEFENDER	2	2	lang0,taiwan	taiwan:local_data.dat:%s is no longer a Buuhan! | lang0:lang0.pak:%s is no longer a Buuhan!
DST_SYSTEMMSG_CHANGE_SUPER_SAIYAN2_ATTACKER	2	2	lang0,taiwan	taiwan:local_data.dat:You are no longer a Super Saiyan 2! | lang0:lang0.pak:You are no longer a Super Saiyan 2!
DST_SYSTEMMSG_CHANGE_SUPER_SAIYAN2_DEFENDER	2	2	lang0,taiwan	taiwan:local_data.dat:%s is no longer a Super Saiyan 2! | lang0:lang0.pak:%s is no longer a Super Saiyan 2!
DST_SYSTEMMSG_CHANGE_SUPER_SAIYAN3_ATTACKER	2	2	lang0,taiwan	taiwan:local_data.dat:You are no longer a Super Saiyan 3! | lang0:lang0.pak:You are no longer a Super Saiyan 3!
DST_SYSTEMMSG_CHANGE_SUPER_SAIYAN3_DEFENDER	2	2	lang0,taiwan	taiwan:local_data.dat:%s is no longer a Super Saiyan 3! | lang0:lang0.pak:%s is no longer a Super Saiyan 3!
DST_SYSTEMMSG_CHANGE_SUPER_SAIYAN4_ATTACKER	2	2	lang0,taiwan	taiwan:local_data.dat:You are no longer a Super Saiyan 4! | lang0:lang0.pak:You are no longer a Super Saiyan 4!
DST_SYSTEMMSG_CHANGE_SUPER_SAIYAN4_DEFENDER	2	2	lang0,taiwan	taiwan:local_data.dat:%s is no longer a Super Saiyan 4! | lang0:lang0.pak:%s is no longer a Super Saiyan 4!
DST_SYSTEMMSG_CHANGE_SUPER_SAIYANBLUE_ATTACKER	2	2	lang0,taiwan	taiwan:local_data.dat:You are no longer a Super Saiyan Blue! | lang0:lang0.pak:You are no longer a Super Saiyan Blue!
DST_SYSTEMMSG_CHANGE_SUPER_SAIYANBLUE_DEFENDER	2	2	lang0,taiwan	taiwan:local_data.dat:%s is no longer a Super Saiyan Blue! | lang0:lang0.pak:%s is no longer a Super Saiyan Blue!
DST_SYSTEMMSG_CHANGE_SUPER_SAIYAN_ATTACKER	2	2	lang0,taiwan	taiwan:local_data.dat:解除超級賽亞人狀態。 | lang0:lang0.pak:You are no longer a Super Saiyan!
DST_SYSTEMMSG_CHANGE_SUPER_SAIYAN_DEFENDER	2	2	lang0,taiwan	taiwan:local_data.dat:解除%s的超級賽亞人狀態。 | lang0:lang0.pak:%s is no longer a Super Saiyan!
DST_SYSTEMMSG_CRITICAL_ATTACK_ATTACKER	2	2	lang0,taiwan	taiwan:local_data.dat:對%s造成了%d爆擊傷害。 | lang0:lang0.pak:%s took %d critical damage.
DST_SYSTEMMSG_CRITICAL_ATTACK_DEFENDER	2	2	lang0,taiwan	taiwan:local_data.dat:受到%s的%d爆擊傷害。 | lang0:lang0.pak:%s dealt %d critical damage.
DST_SYSTEMMSG_CRITICAL_SKILLATTACK	2	2	lang0,taiwan	taiwan:local_data.dat:%s (爆擊效果) | lang0:lang0.pak:%s (Crit)
DST_SYSTEMMSG_DC_SKILL_ATTACKER	2	2	lang0,taiwan	taiwan:local_data.dat:%s受到 %s的攻擊 | lang0:lang0.pak:%s was attacked by %s
DST_SYSTEMMSG_DC_SKILL_DAMAGE_ATTACKER	2	2	lang0,taiwan	taiwan:local_data.dat:對%s 造成了%s 技能 %d 傷害。 | lang0:lang0.pak:%s get %d damage from %s.
DST_SYSTEMMSG_DC_SKILL_DAMAGE_DEFENDER	2	2	lang0,taiwan	taiwan:local_data.dat:受到%s 的%s 技巧 %d 傷害。 | lang0:lang0.pak:%s does %d damage with %s.
DST_SYSTEMMSG_DC_SKILL_DEFENDER	2	2	lang0,taiwan	taiwan:local_data.dat:受到%s影響 | lang0:lang0.pak:Affected by %s
DST_SYSTEMMSG_DH_SKILL	2	2	lang0,taiwan	taiwan:local_data.dat:利用%s 技術使 %d的LP增加。 | lang0:lang0.pak:%s increases the LP by %d.
DST_SYSTEMMSG_DODGE_ATTACK_ATTACKER	2	2	lang0,taiwan	taiwan:local_data.dat:迴避了%s的攻擊 | lang0:lang0.pak:%s dodged.
DST_SYSTEMMSG_DODGE_ATTACK_DEFENDER	2	2	lang0,taiwan	taiwan:local_data.dat:迴避了%s的攻擊。 | lang0:lang0.pak:%s missed.
DST_SYSTEMMSG_DOT_SKILL	2	2	lang0,taiwan	taiwan:local_data.dat:產生了%s的狀態。 | lang0:lang0.pak:Produced %s state.
DST_SYSTEMMSG_ENEMY	2	2	lang0,taiwan	taiwan:local_data.dat:%s的 %s 技能 %s | lang0:lang0.pak:%s received %s from %s,
DST_SYSTEMMSG_GUILDINVITE_BLACKLIST	2	2	lang0,taiwan	taiwan:local_data.dat:無法對封鎖物件發出流派邀請。 | lang0:lang0.pak:Can't invite Blacklisted user
DST_SYSTEMMSG_HOT_SKILL	2	2	lang0,taiwan	taiwan:local_data.dat:產生了%s的狀態。 | lang0:lang0.pak:Status %s occurred.
DST_SYSTEMMSG_ITEM_ALL	2	2	lang0,taiwan	taiwan:local_data.dat:利用道具%s恢復了 LP %d%%, EP %d%%。 | lang0:lang0.pak:%s restored %d%%LP and %d%%EP
DST_SYSTEMMSG_ITEM_EP	2	2	lang0,taiwan	taiwan:local_data.dat:利用道具%s 恢復了EP %d。 | lang0:lang0.pak:%s restored %d EP.
DST_SYSTEMMSG_ITEM_LP	2	2	lang0,taiwan	taiwan:local_data.dat:利用道具%s 恢復了LP %d。 | lang0:lang0.pak:%s restored %d LP.
DST_SYSTEMMSG_ITME_EP	2	2	lang0,taiwan	taiwan:local_data.dat:利用道具%s 恢復了%d的EP。 | lang0:lang0.pak:Item: %s +%d EP.
DST_SYSTEMMSG_ITME_LP	2	2	lang0,taiwan	taiwan:local_data.dat:利用道具%s 恢復%d的LP。 | lang0:lang0.pak:Item: %s +%d LP.
DST_SYSTEMMSG_KNOCKDOWN_ATTACKER	2	2	lang0,taiwan	taiwan:local_data.dat:擊倒了%s。 | lang0:lang0.pak:%s knocked down.
DST_SYSTEMMSG_KNOCKDOWN_DEFENDER	2	2	lang0,taiwan	taiwan:local_data.dat:%s被%s擊倒了。 | lang0:lang0.pak:%s knocked down by %s.
DST_SYSTEMMSG_MAIL_BLACKLIST	2	2	lang0,taiwan	taiwan:local_data.dat:無法對封鎖物件傳送郵件。 | lang0:lang0.pak:Can't Mail Blacklisted User.
DST_SYSTEMMSG_MONSTER_QUEST	2	2	lang0,taiwan	taiwan:local_data.dat:%s : %s | lang0:lang0.pak:%s : %s
DST_SYSTEMMSG_NOATTACKE	2	2	lang0,taiwan	taiwan:local_data.dat:%s對 %s沒有效果。 | lang0:lang0.pak:%s on %s has no effect.
DST_SYSTEMMSG_NORMAL_ATTACK_ATTACKER	2	2	lang0,taiwan	taiwan:local_data.dat:對%s造成了%d的傷害。 | lang0:lang0.pak:%s took %d damage.
DST_SYSTEMMSG_NORMAL_ATTACK_DEFENDER	2	2	lang0,taiwan	taiwan:local_data.dat:受到了%s %d的傷害。 | lang0:lang0.pak:%s dealt %d damage.
DST_SYSTEMMSG_PARTY_BLACKLIST	2	2	lang0,taiwan	taiwan:local_data.dat:無法與封鎖物件進行組隊。 | lang0:lang0.pak:Can't Party with Blacklisted User.
DST_SYSTEMMSG_PARTY_CREATE	2	2	lang0,taiwan	taiwan:local_data.dat:%s已成功組隊了。 | lang0:lang0.pak:Party: %s created.
DST_SYSTEMMSG_PARTY_DELETE	2	2	lang0,taiwan	taiwan:local_data.dat:退出隊伍。 | lang0:lang0.pak:Party disbanded.
DST_SYSTEMMSG_RECOVERY_EP	2	2	lang0,taiwan	taiwan:local_data.dat:%d的 EP恢復了。 | lang0:lang0.pak:%d EP recovered.
DST_SYSTEMMSG_RECOVERY_EP_DEFENDER	2	2	lang0,taiwan	taiwan:local_data.dat:%s恢復了%d的EP。 | lang0:lang0.pak:%s recover %d EP.
DST_SYSTEMMSG_RECOVERY_LP	2	2	lang0,taiwan	taiwan:local_data.dat:%d的LP恢復了。 | lang0:lang0.pak:%d LP recovered.
DST_SYSTEMMSG_RECOVERY_LP_DEFENDER	2	2	lang0,taiwan	taiwan:local_data.dat:%s恢復了%d的LP。 | lang0:lang0.pak:%s recover %d LP.
DST_SYSTEMMSG_REFLECTED_ATTACKER	2	2	lang0,taiwan	taiwan:local_data.dat:使%s受到了%d的反射傷害。 | lang0:lang0.pak:%s received %d reflected damage.
DST_SYSTEMMSG_REFLECTED_DEFENDER	2	2	lang0,taiwan	taiwan:local_data.dat:受到%s的%d反射傷害。 | lang0:lang0.pak:%s dealt %d reflected damage.
DST_SYSTEMMSG_RESISTED_ATTACK_ATTACKER	2	2	lang0,taiwan	taiwan:local_data.dat:抵抗了技能%s 。 | lang0:lang0.pak:%s resisted.
DST_SYSTEMMSG_RESISTED_ATTACK_DEFENDER	2	2	lang0,taiwan	taiwan:local_data.dat:抵抗了技能%s。 | lang0:lang0.pak:Resisted %s.
DST_SYSTEMMSG_SKILL_ABSORBED	2	2	lang0,taiwan	taiwan:local_data.dat:使%s受到 %s 技術%d的反射傷害。 | lang0:lang0.pak:%s skill %s absorbed %d.
DST_SYSTEMMSG_SKILL_ACTION_ATTACKER	2	2	lang0,taiwan	taiwan:local_data.dat:施展技能%s。 | lang0:lang0.pak:Casting: %s.
DST_SYSTEMMSG_SKILL_ACTION_DEFENDER	2	2	lang0,taiwan	taiwan:local_data.dat:%s施展技能%s | lang0:lang0.pak:%s casted %s.
DST_SYSTEMMSG_SKILL_ATTACK_ATTACKER	2	2	lang0,taiwan	taiwan:local_data.dat:使%s受到技能 %s %d的傷害。 | lang0:lang0.pak:%s use %s, does %d damage.
DST_SYSTEMMSG_SKILL_ATTACK_DEFENDER	2	2	lang0,taiwan	taiwan:local_data.dat:受到%s技能%s %d的傷害。 | lang0:lang0.pak:%s used %s, did %d damage.
DST_SYSTEMMSG_SKILL_EFFECT_ATTACKER	2	2	lang0,taiwan	taiwan:local_data.dat:%s因為技能 %s而變成 %s 了 | lang0:lang0.pak:%s use %s and become %s.
DST_SYSTEMMSG_SKILL_EFFECT_DEFENDER	2	2	lang0,taiwan	taiwan:local_data.dat:因為技能%s而變成%s了。 | lang0:lang0.pak:Because %s you become %s.
DST_SYSTEMMSG_SKILL_EP	2	2	lang0,taiwan	taiwan:local_data.dat:因%s的技術 %s恢復了EP%d。 | lang0:lang0.pak:%s: %s +%d EP.
DST_SYSTEMMSG_SKILL_EP_ABSORBED_ATTACKER	2	2	lang0,taiwan	taiwan:local_data.dat:被%s利用技術%s 吸走了EP%d。 | lang0:lang0.pak:%s use %s, absorb %d EP.
DST_SYSTEMMSG_SKILL_EP_ABSORBED_DEFENDER	2	2	lang0,taiwan	taiwan:local_data.dat:利用技術%s從%s吸收了%d的EP。 | lang0:lang0.pak:%s from %s absorbs %d EP.
DST_SYSTEMMSG_SKILL_LP	2	2	lang0,taiwan	taiwan:local_data.dat:因%s的%s技術恢復了%d的LP。 | lang0:lang0.pak:%s: %s +%d LP.
DST_SYSTEMMSG_SKILL_LP_ABSORBED_ATTACKER	2	2	lang0,taiwan	taiwan:local_data.dat:被%s利用技術%s 吸走了%d的LP。 | lang0:lang0.pak:%s use %s, absorb %d LP.
DST_SYSTEMMSG_SKILL_LP_ABSORBED_DEFENDER	2	2	lang0,taiwan	taiwan:local_data.dat:利用技術%s從%s吸收了%d的EP。 | lang0:lang0.pak:%s from %s absorbs %d LP.
DST_SYSTEMMSG_SKILL_REFLECTED_ATTACKER	2	2	lang0,taiwan	taiwan:local_data.dat:朝%s使出了技術 %s 並給予 %d的傷害，但是%d的傷害無效果。 | lang0:lang0.pak:%s use %s, did %d damage, %d blocked.
DST_SYSTEMMSG_SKILL_REFLECTED_DEFENDER	2	2	lang0,taiwan	taiwan:local_data.dat:%s的技術 %s攻擊 %d的傷害無效果，並受到了%d的傷害。 | lang0:lang0.pak:%s used %s, %d blocked, %d damage.
DST_SYSTEMMSG_SLIDING_ATTACKER	2	2	lang0,taiwan	taiwan:local_data.dat:%s滑倒了。 | lang0:lang0.pak:%s slipped.
DST_SYSTEMMSG_SLIDING_DEFENDER	2	2	lang0,taiwan	taiwan:local_data.dat:遭%s以%s擊倒。 | lang0:lang0.pak:%s slipped due to %s.
DST_SYSTEMMSG_STEAL_EP	2	2	lang0,taiwan	taiwan:local_data.dat:朝%s使出技能 %s 恢復了 %d的 EP。 | lang0:lang0.pak:%s use %s to steal %d EP.
DST_SYSTEMMSG_STEAL_LP	2	2	lang0,taiwan	taiwan:local_data.dat:朝%s使出技能 %s 恢復了%d的LP。 | lang0:lang0.pak:%s use %s to steal %d LP.
DST_SYSTEMMSG_TRADE_BLACKLIST	2	2	lang0,taiwan	taiwan:local_data.dat:無法與封鎖物件進行交易。 | lang0:lang0.pak:Can't trade with Blacklisted User.
DST_SYSTEMMSG_WHISPER_BLACKLIST	2	2	lang0,taiwan	taiwan:local_data.dat:無法傳送悄悄話給已封鎖的物件。 | lang0:lang0.pak:Can't whisper Blacklisted User.
DST_SYS_EFFECT_CONFIRM_USE_BOOSTER_MSG	2	2	lang0,taiwan	"taiwan:local_data.dat:[align = ""center""][font size = ""12"" color=""f4d762""]確定使用[/font][br][br][font size = ""10"" color=""269%)[font]>[/]」嗎？ ""10"" color=""f4d762""]使用過後的道具將無法回復到未使用狀態。 | lang0:lang0.pak:[align = ""center""][font size = ""12"" color=""f4d762""]Consume[/font][br][br][font size = ""10"" color=""269eff""]Use %s?[/font][br][br][font size = ""10"" color=""f4d762""]Can't be undone.[/font]"
DST_TABITEMUPGRADENORMALSTONE_ERR	2	2	lang0,taiwan	taiwan:local_data.dat:Please insert a normal upgrade stone. | lang0:lang0.pak:Please insert a normal upgrade stone.
DST_TABITEMUPGRADEUPPERSTONE_ERR	2	2	lang0,taiwan	taiwan:local_data.dat:Please insert an upper upgrade stone. | lang0:lang0.pak:Please insert an upper upgrade stone.
DST_TABITEMUPGRADE_DUR_ERR	2	2	lang0,taiwan	taiwan:local_data.dat:Item durability is too low. | lang0:lang0.pak:Item durability is too low.
DST_TABITEMUPGRADE_NEEDZENNY_ERR	2	2	lang0,taiwan	taiwan:local_data.dat:Not enough Zeni for upgrade. | lang0:lang0.pak:Not enough Zeni for upgrade.
DST_TABITEMUPGRADE_NEED_STONE_DOWN	2	2	lang0,taiwan	taiwan:local_data.dat:Need downgrade protection stone. | lang0:lang0.pak:Need downgrade protection stone.
DST_TABITEMUPGRADE_RESULT_BROKEN	2	2	lang0,taiwan	taiwan:local_data.dat:Item broke during upgrade. | lang0:lang0.pak:Item broke during upgrade.
DST_TABITEMUPGRADE_RESULT_FAIL	2	2	lang0,taiwan	taiwan:local_data.dat:Upgrade failed. | lang0:lang0.pak:Upgrade failed.
DST_TABITEMUPGRADE_SAFE_UPGRADE_ERR	2	2	lang0,taiwan	taiwan:local_data.dat:Safe upgrade not available. | lang0:lang0.pak:Safe upgrade not available.
DST_TABITEMUPGRADE_SPECIAL_UPGRADE_ERR	2	2	lang0,taiwan	taiwan:local_data.dat:Special upgrade not available. | lang0:lang0.pak:Special upgrade not available.
DST_TABITEMUPGRADE_SPECIAL_UPGRADE_NONE_DOWN	2	2	lang0,taiwan	taiwan:local_data.dat:No downgrade on special upgrade. | lang0:lang0.pak:No downgrade on special upgrade.
DST_TABITEMUPGRADE_STONE_MAX	2	2	lang0,taiwan	taiwan:local_data.dat:Maximum stones reached. | lang0:lang0.pak:Maximum stones reached.
DST_TAB_GUILD	2	2	lang0,taiwan	taiwan:local_data.dat:流派 | lang0:lang0.pak:Guild
DST_TAB_PARTY	2	2	lang0,taiwan	taiwan:local_data.dat:隊伍 | lang0:lang0.pak:Party
DST_TAB_RAID	2	2	lang0,taiwan	taiwan:local_data.dat:大型副本 | lang0:lang0.pak:Raid
DST_TAIL	2	2	lang0,taiwan	taiwan:local_data.dat:Tail | lang0:lang0.pak:Tail
DST_TARGET_CANNOT_TARGETING_FOR_SCOUTER	2	2	lang0,taiwan	taiwan:local_data.dat:無法測量自己的戰鬥力。 | lang0:lang0.pak:Power Level Unknown
DST_TARGET_MENU	2	2	lang0,taiwan	taiwan:local_data.dat:目標選單 | lang0:lang0.pak:Actions
DST_TARGET_NONE	2	2	lang0,taiwan	taiwan:local_data.dat:沒有指定物件。 | lang0:lang0.pak:No Target
DST_TARGET_OF_TARGET	2	2	lang0,taiwan	taiwan:local_data.dat:為選擇物件的攻擊目標。 | lang0:lang0.pak:Target of Target.
DST_TARGET_SHARED_TARGET	2	2	lang0,taiwan	taiwan:local_data.dat:隊伍共同目標設定 | lang0:lang0.pak:Shared Target
DST_TELEPORT_COMMON_CONFIRM_MSG	2	2	lang0,taiwan	"taiwan:local_data.dat:[align = ""center""][font size = ""12"" color=""f4d762""]瞬間移動[/font][br][br][font size = ""10"" color=""269eff""][br][font size = ""10"" color=""269eff""][br][fontsize = ""10"" color=""269eff""][br][ ""10"" color=""f4d762""]%s[br][font size = ""10"" color=""ffffff""]瞬間移動 : 瞬間移動到該場所[br]取消移動 : 取消瞬間移動[/font][br][br][fontffsize = ""10 | lang0:lang0.pak:[align = ""center""][font size = ""12"" color=""f4d762""]Time to move[/font][br][br][font size = ""10"" color=""269eff""]You can teleport when you want.[/font][br][br][font size = ""10"" color=""f4d762""]%s[/font][br][font size = ""10"" color=""ffffff""]Yes: Teleport to this place[br]No: Don't teleport now[/font][br][br][font size = ""10"" color=""ffffff""]Want to Teleport?[br][/font]"
DST_TELEPORT_COMMON_CONFIRM_NO_BTN	2	2	lang0,taiwan	taiwan:local_data.dat:移動取消 | lang0:lang0.pak:No
DST_TELEPORT_COMMON_CONFIRM_YES_BTN	2	2	lang0,taiwan	taiwan:local_data.dat:瞬間移動 | lang0:lang0.pak:Yes
DST_TELEPORT_FINAL_CONFIRM_MSG	2	2	lang0,taiwan	"taiwan:local_data.dat:[align = ""center""][font size = ""12"" color=""f4d762""]取消瞬間移動[/font][br][br][font size = ""10"" color=""f4d762""[br][font size = ""10"" color=""f4d762"" color=""ffffff""]是 : 取消瞬間移動[br]否 : 瞬間移動到該場所[/font][br][br][font size = ""10"" color=""ffffff""]您要取消瞬間移動嗎？ | lang0:lang0.pak:[align = ""center""][font size = ""12"" color=""f4d762""]Cancel Teleport[/font][br][br][font size = ""10"" color=""f4d762""]%s[/font][br][br][font size = ""10"" color=""ffffff""]Yes: Teleportation canceled.[br]No: Teleport to the location.[/font][br][br][font size = ""10"" color=""ffffff""]Are you sure you want to cancel?[br][/font]"
DST_TELEPORT_FINAL_CONFIRM_NO_BTN	2	2	lang0,taiwan	taiwan:local_data.dat:否 | lang0:lang0.pak:No
DST_TELEPORT_FINAL_CONFIRM_YES_BTN	2	2	lang0,taiwan	taiwan:local_data.dat:是 | lang0:lang0.pak:Yes
DST_TELEPORT_TYPE_BUDOKAI	2	2	lang0,taiwan	taiwan:local_data.dat:天下第一武道會伺服器 | lang0:lang0.pak:Tenkaichi Budokai
DST_TELEPORT_TYPE_COMMAND	2	2	lang0,taiwan	taiwan:local_data.dat:COMMAND | lang0:lang0.pak:COMMAND
DST_TELEPORT_TYPE_DOJO	2	2	lang0,taiwan	taiwan:local_data.dat:道場 | lang0:lang0.pak:Dojo
DST_TELEPORT_TYPE_DUNGEON	2	2	lang0,taiwan	taiwan:local_data.dat:副本 | lang0:lang0.pak:Dungeon
DST_TELEPORT_TYPE_FINALMATCH	2	2	lang0,taiwan	taiwan:local_data.dat:天下第一武道會決賽 | lang0:lang0.pak:Budokai Finals
DST_TELEPORT_TYPE_GAME_IN	2	2	lang0,taiwan	taiwan:local_data.dat:初次連線的傳送點 | lang0:lang0.pak:Teleport into game
DST_TELEPORT_TYPE_GAME_OUT	2	2	lang0,taiwan	taiwan:local_data.dat:離開遊戲的傳送點 | lang0:lang0.pak:Teleport out of game
DST_TELEPORT_TYPE_GM	2	2	lang0,taiwan	taiwan:local_data.dat:GM | lang0:lang0.pak:GM
DST_TELEPORT_TYPE_MAJORMATCH	2	2	lang0,taiwan	taiwan:local_data.dat:天下第一武道會決賽 | lang0:lang0.pak:Budokai Qualifiers
DST_TELEPORT_TYPE_MATCH	2	2	lang0,taiwan	taiwan:local_data.dat:天下第一武道會比賽 | lang0:lang0.pak:Budokai Match
DST_TELEPORT_TYPE_MINORMATCH	2	2	lang0,taiwan	taiwan:local_data.dat:天下第一武道會預賽 | lang0:lang0.pak:Budokai Preliminaries
DST_TELEPORT_TYPE_NPC_PORTAL	2	2	lang0,taiwan	taiwan:local_data.dat:NPC瞬間移動 | lang0:lang0.pak:NPC Teleport
DST_TELEPORT_TYPE_POPOSTONE	2	2	lang0,taiwan	taiwan:local_data.dat:波波之石 | lang0:lang0.pak:Popo Stone
DST_TELEPORT_TYPE_RANKBATTLE	2	2	lang0,taiwan	taiwan:local_data.dat:排名戰 | lang0:lang0.pak:Ranked Battle
DST_TELEPORT_TYPE_SKILL	2	2	lang0,taiwan	taiwan:local_data.dat:技能 | lang0:lang0.pak:Skills
DST_TELEPORT_TYPE_TIMEQUEST	2	2	lang0,taiwan	taiwan:local_data.dat:TIMEQUEST | lang0:lang0.pak:Time Quest
DST_TELEPORT_TYPE_TMQ_PORTAL	2	2	lang0,taiwan	taiwan:local_data.dat:TMQ瞬間移動 | lang0:lang0.pak:TMQ Teleport
DST_TELEPORT_TYPE_TMQ_WORLD_MOVE	2	2	lang0,taiwan	taiwan:local_data.dat:移動到TMQ地圖 | lang0:lang0.pak:TMQ World Teleport
DST_TELEPORT_TYPE_TUTORIAL	2	2	lang0,taiwan	taiwan:local_data.dat:新手教學 | lang0:lang0.pak:Tutorial
DST_TELEPORT_TYPE_WORLD_MOVE	2	2	lang0,taiwan	taiwan:local_data.dat:行動道主世界 | lang0:lang0.pak:World Teleport
DST_TERM	2	2	lang0,taiwan	taiwan:local_data.dat:期間 | lang0:lang0.pak:Term
DST_THURSDAY	2	2	lang0,taiwan	taiwan:local_data.dat:四 | lang0:lang0.pak:Thursday
DST_TIME	2	2	lang0,taiwan	taiwan:local_data.dat:後時間 | lang0:lang0.pak: Time left
DST_TIME_AN_HOUR	2	2	lang0,taiwan	taiwan:local_data.dat:小時 | lang0:lang0.pak: Hour
DST_TIME_DAY	2	2	lang0,taiwan	taiwan:local_data.dat:日 | lang0:lang0.pak: Day
DST_TIME_HOUR	2	2	lang0,taiwan	taiwan:local_data.dat:時 | lang0:lang0.pak: Hour
DST_TIME_MINUTE	2	2	lang0,taiwan	taiwan:local_data.dat:分 | lang0:lang0.pak: Min
DST_TIME_MONTH	2	2	lang0,taiwan	taiwan:local_data.dat:月 | lang0:lang0.pak: Month
DST_TIME_SECOND	2	2	lang0,taiwan	taiwan:local_data.dat:秒 | lang0:lang0.pak: Sec
DST_TIPS_BATTLECOMBATING	2	2	lang0,taiwan	taiwan:local_data.dat:戰鬥中 | lang0:lang0.pak:Battle
DST_TMQBOARD_COUNTTEXT	2	2	lang0,taiwan	taiwan:local_data.dat:無限制 | lang0:lang0.pak:Unlimited
DST_TMQBOARD_LIMITEDLEVEL	2	2	lang0,taiwan	taiwan:local_data.dat:%d LV 以上 | lang0:lang0.pak:Lv %d and above
DST_TMQBOARD_LIMITEDTIME	2	2	lang0,taiwan	taiwan:local_data.dat:無 | lang0:lang0.pak:None
DST_TMQ_BALLOON_LEAVE_MEMVER	2	2	lang0,taiwan	taiwan:local_data.dat:%s退出了時光機世界。 | lang0:lang0.pak:%s leave.
DST_TMQ_BALLOON_REMAIN_TIME	2	2	lang0,taiwan	taiwan:local_data.dat:剩餘時間: | lang0:lang0.pak:Time Left:
DST_TMQ_BOARD_LIMITE_LEVEL	2	2	lang0,taiwan	taiwan:local_data.dat:限制等級 | lang0:lang0.pak:Limit
DST_TMQ_BOARD_LIMITE_TIME	2	2	lang0,taiwan	taiwan:local_data.dat:限制時間 | lang0:lang0.pak:Time
DST_TMQ_BOARD_TMQ_LIMITED_POINT	2	2	lang0,taiwan	taiwan:local_data.dat:時間疲勞度 | lang0:lang0.pak:Time Exhaustion
DST_TMQ_DEGREE_OF_DIFFICULTY_1	2	2	lang0,taiwan	taiwan:local_data.dat:容易 | lang0:lang0.pak:Easy
DST_TMQ_DEGREE_OF_DIFFICULTY_2	2	2	lang0,taiwan	taiwan:local_data.dat:普通 | lang0:lang0.pak:Normal
DST_TMQ_DEGREE_OF_DIFFICULTY_3	2	2	lang0,taiwan	taiwan:local_data.dat:困難 | lang0:lang0.pak:Hard
DST_TMQ_DEGREE_OF_DIFFICULTY_4	2	2	lang0,taiwan	taiwan:local_data.dat:S11+ (Soon) | lang0:lang0.pak:S11+
DST_TMQ_INDICATE_DROPRATE	2	2	lang0,taiwan	taiwan:local_data.dat:掉寶機率: | lang0:lang0.pak:Drop Rate:
DST_TMQ_LIMIT_COUNT_PLUS	2	2	lang0,taiwan	taiwan:local_data.dat:時光機任務的疲勞度增加了。 | lang0:lang0.pak:TMQ Limit increased
DST_TMQ_RESULT_NARRATION	2	2	lang0,taiwan	"taiwan:local_data.dat:[font size=""13""color=""000000""]完成－時光機－任務－辛苦了－稍後－將－回到－原來的－世界。希望－燃料－夠－才好－才夠－夠－就。[/font] | lang0:lang0.pak:[font size=""13""color=""000000""]Completed - Time Machine - Quest[/font]"
DST_TMQ_STATUS_CAN_SEE_SENARIO	2	2	lang0,taiwan	taiwan:local_data.dat:觀賞時光機任務劇情。 | lang0:lang0.pak:TMQ
DST_TMQ_STATUS_CAN_SEE_STAGE_INFO	2	2	lang0,taiwan	taiwan:local_data.dat:查看時光機任務階段情報。 | lang0:lang0.pak:TMQ Stage
DST_TMQ_STATUS_EXPLAIN_COUPON	2	2	lang0,taiwan	taiwan:local_data.dat:將時光機禮券交給'GBT-Hope'即可獲得獎勵。 | lang0:lang0.pak:TMQ Coupon 'GBT-Hope'
DST_TMQ_STATUS_EXPLAIN_INDICATOR	2	2	lang0,taiwan	taiwan:local_data.dat:查看時光機中提供的各種任務。 | lang0:lang0.pak:TMQ
DST_TMQ_STATUS_EXPLAIN_POINT	2	2	lang0,taiwan	taiwan:local_data.dat:獎勵條集滿100%時可獲得一個時光機禮券。 | lang0:lang0.pak:Maxium Coupons
DST_TMQ_STATUS_INFO	2	2	lang0,taiwan	taiwan:local_data.dat:情報 | lang0:lang0.pak:Info
DST_TMQ_STATUS_LASTEST_RECORD	2	2	lang0,taiwan	taiwan:local_data.dat:最快紀錄 | lang0:lang0.pak:Last Record
DST_TMQ_STATUS_MUST_SELECT_ADDITION_REWARD	2	2	lang0,taiwan	taiwan:local_data.dat:請選擇要領取的獎勵。 | lang0:lang0.pak:Select Another Reward
DST_TMQ_STATUS_POINT	2	2	lang0,taiwan	taiwan:local_data.dat:點數 | lang0:lang0.pak:Point
DST_TMQ_STATUS_QUEST	2	2	lang0,taiwan	taiwan:local_data.dat:任務 | lang0:lang0.pak:Quest
DST_TMQ_STATUS_REMAIN_TIME	2	2	lang0,taiwan	taiwan:local_data.dat:剩餘時間 | lang0:lang0.pak:Time Left
DST_TMQ_STATUS_SENARIO	2	2	lang0,taiwan	taiwan:local_data.dat:劇情 | lang0:lang0.pak:Scenario
DST_TMQ_STATUS_STATUS_INFO	2	2	lang0,taiwan	taiwan:local_data.dat:進行情報 | lang0:lang0.pak:Status Info
DST_TMQ_STATUS_TITLE	2	2	lang0,taiwan	taiwan:local_data.dat:時光機任務 | lang0:lang0.pak:Quests
DST_TODAT_TIP	2	2	lang0,taiwan	taiwan:local_data.dat:今日的小幫手 | lang0:lang0.pak:Today's Tips
DST_TRADECART_BUY	2	2	lang0,taiwan	taiwan:local_data.dat:購買 | lang0:lang0.pak:Buy
DST_TRADECART_CANNOT_SELL_ITEM	2	2	lang0,taiwan	taiwan:local_data.dat:不可販賣的道具。 | lang0:lang0.pak:Can't Sell
DST_TRADECART_CHANGE	2	2	lang0,taiwan	taiwan:local_data.dat:變 更 | lang0:lang0.pak:Wait for Change
DST_TRADECART_CLOSE	2	2	lang0,taiwan	taiwan:local_data.dat:關 閉 | lang0:lang0.pak:Ready?
DST_TRADECART_NO_MORE_SLOT	2	2	lang0,taiwan	taiwan:local_data.dat:購物車已滿。 | lang0:lang0.pak:Cart is full
DST_TRADECART_OK	2	2	lang0,taiwan	taiwan:local_data.dat:確 認 | lang0:lang0.pak:OK
DST_TRADECART_SELL	2	2	lang0,taiwan	taiwan:local_data.dat:販賣 | lang0:lang0.pak:Sell
DST_TRADECART_TOTAL	2	2	lang0,taiwan	taiwan:local_data.dat:總 | lang0:lang0.pak:Total
DST_TRADE_ACCEPT_TRADE	2	2	lang0,taiwan	"taiwan:local_data.dat:[align = ""center""][font size = ""12"" color=""f4d762""]交易邀約[/font][br][br][font size = ""10"" color=""269eff""]透過交換玩家和其他角色交換角色進行交易[Sfont][Sunfont]""[brfont][brfont]。 size = ""10"" color=""f4d762""][/font]%s 提出了[br]交易邀請。 color=""f36a7c""]請注意交易詐騙。 | lang0:lang0.pak:[align = ""center""][font size = ""12"" color=""f4d762""]Trade[/font][br][br][font size = ""10"" color=""269eff""]Trade with Others! [br]You can trade Items[/font][br][br][font size = ""10"" color=""f4d762""]%s wants to Trade.[/font][br][br][font size = ""10"" color=""ffffff""]Accept Trade?[/font]"
DST_TRADE_CANCEL	2	2	lang0,taiwan	taiwan:local_data.dat:因為其他行動造成交易取消。 | lang0:lang0.pak:Trade was cancelled.
DST_TRADE_OTHER_CANCLE_TRADE	2	2	lang0,taiwan	taiwan:local_data.dat:交易物件取消交易。 | lang0:lang0.pak:Trade Cancelled
DST_TRADE_REQUEST_START	2	2	lang0,taiwan	taiwan:local_data.dat:向%s發出交易邀請。 | lang0:lang0.pak:Trade request sent to %s
DST_TRADE_THE_OTHERS_BAG_NOT_ENOUGH	2	2	lang0,taiwan	taiwan:local_data.dat:交易對象的膠囊盒空間不足。 | lang0:lang0.pak:No Empty Slots
DST_TRADE_YOUR_BAG_NOT_ENOUGH	2	2	lang0,taiwan	taiwan:local_data.dat:膠囊盒內無空間。 | lang0:lang0.pak:No Slots
DST_TRANSPORT_MATERIAL	2	2	lang0,taiwan	taiwan:local_data.dat:物體傳送 | lang0:lang0.pak:Sent Item
DST_TREASUREBOXTITLE	2	2	lang0,taiwan	taiwan:local_data.dat:%s 開啟 | lang0:lang0.pak:%s Open
DST_TREASURECANCEL	2	2	lang0,taiwan	taiwan:local_data.dat:取消 | lang0:lang0.pak:Cancel
DST_TREASURECOMMENT	2	2	lang0,taiwan	"taiwan:local_data.dat:[align = ""center""][font size = ""12"" color=""ffffff""]道具取得方法[/font][br][br][font size = ""10"" color=""ffffff""]把用來使用寶箱的道具登入空欄位後[br]按下確認鍵[br]就可以獲得道具了.[/font][br][br][font size = ""12"" color=""ff0000""]特別獎勵[/font] | lang0:lang0.pak:[align = ""center""]Open Treasure[br][br]Click to open the treasure box[br][br]"
DST_TREASUREMSGCOMMENT	2	2	lang0,taiwan	"taiwan:local_data.dat:[align = ""center""][font size = ""12"" color=""f4d762""]獲得道具[/font][br][br][font size = ""10"" color=""269eff""]獲得以下道具[br] | lang0:lang0.pak:[align = ""center""]Obtain Items[br][br]Item acquired.[br]"
DST_TREASURENEEDBOX_ERROR	2	2	lang0,taiwan	taiwan:local_data.dat:必須登入寶箱道具. | lang0:lang0.pak:Unregistered Treasure box.
DST_TREASURENEEDKEY	2	2	lang0,taiwan	taiwan:local_data.dat:用來使用寶箱的道具不足. | lang0:lang0.pak:You need the key
DST_TREASURENEEDKEY_ERROR	2	2	lang0,taiwan	taiwan:local_data.dat:未登入用來使用寶箱的道具. | lang0:lang0.pak:Unregistered Key.
DST_TREASURENOMATCHKEY	2	2	lang0,taiwan	taiwan:local_data.dat:此道具並非用來使用目前箱子的道具. | lang0:lang0.pak:Key doesn't match.
DST_TREASUREOK	2	2	lang0,taiwan	taiwan:local_data.dat:開啟 | lang0:lang0.pak:Ok
DST_TREASUREUITITLE	2	2	lang0,taiwan	taiwan:local_data.dat:獲得獎勵 | lang0:lang0.pak:Open
DST_TUESDAY	2	2	lang0,taiwan	taiwan:local_data.dat:二 | lang0:lang0.pak:Tuesday
DST_TURTLE_ROSHI	2	2	lang0,taiwan	taiwan:local_data.dat:龜仙流 | lang0:lang0.pak:Turtle Hermit
DST_TUTORIAL_ASK_BEGIN	2	2	lang0,taiwan	"taiwan:local_data.dat:[align = ""center""][font size = ""12"" color=""f4d762""]開始新手教學[/font][br][br][font size = ""10"" color=""269eff""][/font]您可以透過新手教[br]學習到七龍珠Online的基本操作方法[br]及史考特使用方法。 color=""ffffff""]您要開始新手教學嗎？ | lang0:lang0.pak:[align = ""center""][font size = ""12"" color=""f4d762""]Start Tutorial[/font][br][br][font size = ""10"" color=""ffffff""]Do you wish to start with a tutorial?[/font]"
DST_TUTORIAL_ASK_END	2	2	lang0,taiwan	"taiwan:local_data.dat:[align = ""center""][font size = ""12"" color=""f4d762""]結束新手教學[/font][br][br][font size = ""10"" color=""269eff""""""[/font][font size = ""10"" color=""269eff""""][/font][3][]] 結束新手][3][3]」新手][3][3]] 結束新手。 ""10"" color=""f36a7c""]每個角色只能進行[br]一次的新手教學[/font][br][br][font size = ""10"" color=""ffffff""]您要結束新手教學並移動至主世界嗎？ [/font] | lang0:lang0.pak:[align = ""center""]Exit[br][br]Do you want to leave?[br][br]"
DST_TUTORIAL_CAN_NOT_WORK	2	2	lang0,taiwan	taiwan:local_data.dat:請稍後。 | lang0:lang0.pak:Wait.
DST_TUTORIAL_GUIDE_TITLE	2	2	lang0,taiwan	taiwan:local_data.dat:新手教學視窗 | lang0:lang0.pak:Tutorial
DST_TUTORIAL_MESSAGE_002000	2	2	lang0,taiwan	taiwan:local_data.dat:未使用 | lang0:lang0.pak:Can't Use
DST_TUTORIAL_MESSAGE_002100	2	2	lang0,taiwan	taiwan:local_data.dat:未使用 | lang0:lang0.pak:Can't Use
DST_TUTORIAL_MESSAGE_002200	2	2	lang0,taiwan	taiwan:local_data.dat:未使用 | lang0:lang0.pak:Can't Use
DST_TUTORIAL_MESSAGE_002300	2	2	lang0,taiwan	taiwan:local_data.dat:未使用 | lang0:lang0.pak:Can't Use
DST_TUTORIAL_MESSAGE_002400	2	2	lang0,taiwan	taiwan:local_data.dat:未使用 | lang0:lang0.pak:Can't Use
DST_TUTORIAL_MESSAGE_002500	2	2	lang0,taiwan	taiwan:local_data.dat:未使用 | lang0:lang0.pak:Can't Use
DST_TUTORIAL_MESSAGE_002600	2	2	lang0,taiwan	taiwan:local_data.dat:未使用 | lang0:lang0.pak:Can't Use
DST_TUTORIAL_MESSAGE_002700	2	2	lang0,taiwan	taiwan:local_data.dat:未使用 | lang0:lang0.pak:Can't Use
DST_TUTORIAL_MESSAGE_002800	2	2	lang0,taiwan	taiwan:local_data.dat:未使用 | lang0:lang0.pak:Can't Use
DST_TUTORIAL_MESSAGE_002900	2	2	lang0,taiwan	taiwan:local_data.dat:未使用 | lang0:lang0.pak:Can't Use
DST_TUTORIAL_MESSAGE_003000	2	2	lang0,taiwan	taiwan:local_data.dat:未使用 | lang0:lang0.pak:Can't Use
DST_TUTORIAL_MESSAGE_003100	2	2	lang0,taiwan	taiwan:local_data.dat:未使用 | lang0:lang0.pak:Can't Use
DST_TUTORIAL_MESSAGE_003200	2	2	lang0,taiwan	taiwan:local_data.dat:未使用 | lang0:lang0.pak:Can't Use
DST_TUTORIAL_MESSAGE_003300	2	2	lang0,taiwan	taiwan:local_data.dat:未使用 | lang0:lang0.pak:Can't Use
DST_TUTORIAL_MESSAGE_003400	2	2	lang0,taiwan	taiwan:local_data.dat:未使用 | lang0:lang0.pak:Can't Use
DST_TUTORIAL_MESSAGE_003500	2	2	lang0,taiwan	taiwan:local_data.dat:未使用 | lang0:lang0.pak:Can't Use
DST_TUTORIAL_MESSAGE_003600	2	2	lang0,taiwan	taiwan:local_data.dat:未使用 | lang0:lang0.pak:Can't Use
DST_TUTORIAL_MESSAGE_003700	2	2	lang0,taiwan	taiwan:local_data.dat:未使用 | lang0:lang0.pak:Can't Use
DST_TUTORIAL_MESSAGE_003800	2	2	lang0,taiwan	taiwan:local_data.dat:未使用 | lang0:lang0.pak:Can't Use
DST_TUTORIAL_MESSAGE_003900	2	2	lang0,taiwan	taiwan:local_data.dat:未使用 | lang0:lang0.pak:Can't Use
DST_TUTORIAL_MESSAGE_004000	2	2	lang0,taiwan	taiwan:local_data.dat:未使用 | lang0:lang0.pak:Can't Use
DST_TUTORIAL_MESSAGE_004100	2	2	lang0,taiwan	taiwan:local_data.dat:未使用 | lang0:lang0.pak:Can't Use
DST_TUTORIAL_MESSAGE_004200	2	2	lang0,taiwan	taiwan:local_data.dat:未使用 | lang0:lang0.pak:Can't Use
DST_TUTORIAL_MESSAGE_004300	2	2	lang0,taiwan	taiwan:local_data.dat:未使用 | lang0:lang0.pak:Can't Use
DST_TUTORIAL_MESSAGE_004400	2	2	lang0,taiwan	taiwan:local_data.dat:未使用 | lang0:lang0.pak:Can't Use
DST_TUTORIAL_MESSAGE_004500	2	2	lang0,taiwan	taiwan:local_data.dat:未使用 | lang0:lang0.pak:Can't Use
DST_TUTORIAL_MESSAGE_004600	2	2	lang0,taiwan	taiwan:local_data.dat:未使用 | lang0:lang0.pak:Can't Use
DST_TUTORIAL_MESSAGE_004700	2	2	lang0,taiwan	taiwan:local_data.dat:未使用 | lang0:lang0.pak:Can't Use
DST_TUTORIAL_MESSAGE_004800	2	2	lang0,taiwan	taiwan:local_data.dat:未使用 | lang0:lang0.pak:Can't Use
DST_TUTORIAL_MESSAGE_004900	2	2	lang0,taiwan	taiwan:local_data.dat:未使用 | lang0:lang0.pak:Can't Use
DST_TUTORIAL_MESSAGE_005000	2	2	lang0,taiwan	taiwan:local_data.dat:未使用 | lang0:lang0.pak:Can't Use
DST_TUTORIAL_MESSAGE_005100	2	2	lang0,taiwan	taiwan:local_data.dat:未使用 | lang0:lang0.pak:Can't Use
DST_TUTORIAL_MESSAGE_005200	2	2	lang0,taiwan	taiwan:local_data.dat:未使用 | lang0:lang0.pak:Can't Use
DST_TUTORIAL_MESSAGE_005300	2	2	lang0,taiwan	taiwan:local_data.dat:未使用 | lang0:lang0.pak:Can't Use
DST_TUTORIAL_MESSAGE_005400	2	2	lang0,taiwan	taiwan:local_data.dat:未使用 | lang0:lang0.pak:Can't Use
DST_TUTORIAL_MESSAGE_005500	2	2	lang0,taiwan	taiwan:local_data.dat:未使用 | lang0:lang0.pak:Can't Use
DST_TUTORIAL_MESSAGE_005600	2	2	lang0,taiwan	taiwan:local_data.dat:未使用 | lang0:lang0.pak:Can't Use
DST_TUTORIAL_MESSAGE_005700	2	2	lang0,taiwan	taiwan:local_data.dat:未使用 | lang0:lang0.pak:Can't Use
DST_TUTORIAL_MESSAGE_005800	2	2	lang0,taiwan	taiwan:local_data.dat:未使用 | lang0:lang0.pak:Can't Use
DST_TUTORIAL_MESSAGE_005900	2	2	lang0,taiwan	taiwan:local_data.dat:未使用 | lang0:lang0.pak:Can't Use
DST_TUTORIAL_MESSAGE_006000	2	2	lang0,taiwan	taiwan:local_data.dat:未使用 | lang0:lang0.pak:Can't Use
DST_TUTORIAL_MESSAGE_006100	2	2	lang0,taiwan	taiwan:local_data.dat:未使用 | lang0:lang0.pak:Can't Use
DST_TUTORIAL_MESSAGE_006200	2	2	lang0,taiwan	taiwan:local_data.dat:使用ESC鍵可輕鬆關閉史考特或視窗。 | lang0:lang0.pak:Hit Esc to Exit
DST_TUTORIAL_MESSAGE_006300	2	2	lang0,taiwan	taiwan:local_data.dat:可以使用垃圾桶了。 | lang0:lang0.pak:Used the Recycle Bin
DST_TUTORIAL_MESSAGE_006400	2	2	lang0,taiwan	taiwan:local_data.dat:已裝備道具可按滑鼠右鍵卸除。 | lang0:lang0.pak:Right Click to Move Items
DST_TUTORIAL_MESSAGE_006500	2	2	lang0,taiwan	taiwan:local_data.dat:選擇主選單的小幫手或按熱鍵F1可以開啟提示說明視窗。 | lang0:lang0.pak:Help: Click the Menu, or hit F1
DST_TUTORIAL_MESSAGE_006600	2	2	lang0,taiwan	taiwan:local_data.dat:可在小幫手的新手教學中學習未知的內容。 | lang0:lang0.pak:Need Help? Try the Tutorial
DST_TUTORIAL_MESSAGE_006700	2	2	lang0,taiwan	taiwan:local_data.dat:在進行DBO世界探索時可以參考小幫手的提示。 | lang0:lang0.pak:Help helps!
DST_TUTORIAL_MESSAGE_006800	2	2	lang0,taiwan	taiwan:local_data.dat:好的，那就讓我們一同前往DBO的世界吧，加油! | lang0:lang0.pak:Enter the world of Dragon Ball!
DST_TUTORIAL_MESSAGE_006900	2	2	lang0,taiwan	taiwan:local_data.dat:小地圖最小化 | lang0:lang0.pak:To minimize the Minimap
DST_TUTORIAL_MESSAGE_START	2	2	lang0,taiwan	taiwan:local_data.dat:新手教學開始 | lang0:lang0.pak:Start Tutorial
DST_TUTORIAL_WAITING_NUMBER	2	2	lang0,taiwan	"taiwan:local_data.dat:[align = ""center""][font size = ""12"" color=""f4d762""]新手教待機[/font][br][br][font size = ""10"" color=""269eff""]您可以透過新手教學習七龍珠Online的基本操作方法及史考特使用方法。 color=""f4d762""]剩餘待機人員 : %d 名[/font][br][br][font size = ""10"" color=""f36a7c""]每名角色只能進行一次[br]新手教學。 | lang0:lang0.pak:[align = ""center""]Wait[br][br]%d People remaining[br][br]Start the Tutorial?"
DST_ULTIMATE_DUNGEON_DIFFICULTY_0	2	2	lang0,taiwan	taiwan:local_data.dat:一般 | lang0:lang0.pak:Normal
DST_ULTIMATE_DUNGEON_DIFFICULTY_1	2	2	lang0,taiwan	taiwan:local_data.dat:困難 | lang0:lang0.pak:Hard
DST_ULTIMATE_DUNGEON_DIFFICULTY_2	2	2	lang0,taiwan	taiwan:local_data.dat:傳說 | lang0:lang0.pak:Ultimate Difficulty 2
DST_ULTIMATE_DUNGEON_TITLE	2	2	lang0,taiwan	taiwan:local_data.dat:UD副本 | lang0:lang0.pak:Ultimate Dungeon
DST_ULTI_MA	2	2	lang0,taiwan	taiwan:local_data.dat:奧迪魔 | lang0:lang0.pak:Ultimate Majin
DST_UNCOVER_NAMEKAN_SIGN	2	2	lang0,taiwan	taiwan:local_data.dat:取得附近的地型資料，載入世界地圖。 | lang0:lang0.pak:Area revealed
DST_UNEXP	2	2	lang0,taiwan	taiwan:local_data.dat:刪除當前所有經驗 | lang0:lang0.pak:Reset EXP
DST_UNSTUCK_CONFIRM	2	2	lang0,taiwan	"taiwan:local_data.dat:[align = ""center""][font size=""12""color=""f4d762""]Unstuck[/font][br][br][font size=""10""color=""269eff""]You will be teleported to your bind point.[/font][br][br][font size=""10""color=""ffffff""]Are you sure you want to continue?[/font] | lang0:lang0.pak:[align = ""center""][font size=""12""color=""f4d762""]Unstuck[/font][br][br][font size=""10""color=""269eff""]You will be teleported to your bind point.[/font][br][br][font size=""10""color=""ffffff""]Are you sure you want to continue?[/font]"
DST_USE	2	2	lang0,taiwan	taiwan:local_data.dat:使用 | lang0:lang0.pak:Use
DST_USERTRADE_CHANGE_LIST	2	2	lang0,taiwan	taiwan:local_data.dat:對方的道具以及索尼發生了變化，請先確認，再進行交易。 | lang0:lang0.pak:Please view changes
DST_VEHICLE_ASK_GET_OFF	2	2	lang0,taiwan	"taiwan:local_data.dat:[align =""center""][font size=""12""color=""f4d762""]下車[/font][br][br][font size=""10""color=""269eff""][br][br][font size=""10""color=""269eff""][br][br][font size=""10""color=""269eff""][brfont][brfont][brfont][brfont][brfont]] size=""10""color=""ffffff""]您要從交通工具上下車嗎?[/font] | lang0:lang0.pak:[align = ""center""][font size=""12""color=""f4d762""]Get off[/font][br][br][font size=""10""color=""269eff""]You can get off anytime while riding.[/font][br][br][font size=""10""color=""ffffff""]Stop the machine and get off?[/font]"
DST_VEHICLE_CAN_NOT_DO_THAT_WORKING_ENGINE	2	2	lang0,taiwan	taiwan:local_data.dat:發動交通工具時無法使用。 | lang0:lang0.pak:Start Engine
DST_VEHICLE_ENGINE_START	2	2	lang0,taiwan	taiwan:local_data.dat:發動交通工具 | lang0:lang0.pak:Start Engine
DST_VEHICLE_ENGINE_STOP	2	2	lang0,taiwan	taiwan:local_data.dat:停車 | lang0:lang0.pak:Stop Engine
DST_VEHICLE_GET_OFF	2	2	lang0,taiwan	taiwan:local_data.dat:下車(Esc) | lang0:lang0.pak:Get Off
DST_VEHICLE_NEED_FUEL	2	2	lang0,taiwan	taiwan:local_data.dat:請加入燃料。 | lang0:lang0.pak:Insert Fuel in Slot
DST_VEHICLE_ONLY_REG_FUEL	2	2	lang0,taiwan	taiwan:local_data.dat:此欄位僅可放置燃料。 | lang0:lang0.pak:Insert Fuel
DST_VIRTUALKEYALLDELETE	2	2	lang0,taiwan	taiwan:local_data.dat:全部清除 | lang0:lang0.pak:Delete All
DST_VIRTUALKEYBACKSPACE	2	2	lang0,taiwan	taiwan:local_data.dat:刪除 | lang0:lang0.pak:Backspace
DST_VIRTUALKEYCAPSLOCK	2	2	lang0,taiwan	taiwan:local_data.dat:大/小寫 | lang0:lang0.pak:Caps Lock
DST_VIRTUALKEYCLOSE	2	2	lang0,taiwan	taiwan:local_data.dat:關閉 | lang0:lang0.pak:Close
DST_WAGUWAGU_BROADINFO	2	2	lang0,taiwan	taiwan:local_data.dat:恭喜 %s 玩家獲得了一等獎 %s。 | lang0:lang0.pak:WaguWagu Broadcast Info
DST_WAGUWAGU_INFODEGREE	2	2	lang0,taiwan	taiwan:local_data.dat:第%d次: %s | lang0:lang0.pak:%d: %s
DST_WAGUWAGU_INFOMATION	2	2	lang0,taiwan	taiwan:local_data.dat:觀看情報 | lang0:lang0.pak:Info
DST_WAGUWAGU_INFOTRY	2	2	lang0,taiwan	taiwan:local_data.dat:第 %d 輪扭蛋機 | lang0:lang0.pak:%d try to win
DST_WAGUWAGU_INIT_GOODS	2	2	lang0,taiwan	taiwan:local_data.dat:商品上架中 | lang0:lang0.pak:item configuring
DST_WAGUWAGU_ITEMRANK	2	2	lang0,taiwan	taiwan:local_data.dat:%d獎: %s | lang0:lang0.pak:Rank %d: %s
DST_WAGUWAGU_MACHINE	2	2	lang0,taiwan	taiwan:local_data.dat:現金扭蛋機 | lang0:lang0.pak:Wagu Machine
DST_WAGUWAGU_NUMBER	2	2	lang0,taiwan	taiwan:local_data.dat:%d號 | lang0:lang0.pak:%d No.
DST_WAGUWAGU_TITLEMACHINE	2	2	lang0,taiwan	taiwan:local_data.dat:機器 | lang0:lang0.pak:Machine
DST_WAGUWAGU_TITLENAME	2	2	lang0,taiwan	taiwan:local_data.dat:現金 | lang0:lang0.pak:Wagu
DST_WAGUWAGU_WINNER	2	2	lang0,taiwan	taiwan:local_data.dat:中獎名單 | lang0:lang0.pak:Winners
DST_WAGU_EXCUTE_RESULT	2	2	lang0,taiwan	"taiwan:local_data.dat:[align = ""center""][font size = ""10"" color=""f4d762""]恭喜您獲得以下獎勵。[br][/font] | lang0:lang0.pak:[align = ""center""][font size = ""10"" color=""f4d762""]You won Rank %u Item:[/font][font size = ""10"" color=""ffffff""] %s[br][/font]"
DST_WAGU_EXCUTE_RESULT_MORE_SET	2	2	lang0,taiwan	"taiwan:local_data.dat:[align = ""center""][font size = ""10"" color=""f4d762""]抽中了%u獎：[/font][font size = ""10"" color=""ffffffff | lang0:lang0.pak:[align = ""center""][font size = ""10"" color=""f4d762""]You won Rank %u Item:[/font][font size = ""10"" color=""ffffff""] %s (Set: %u).[/font]"
DST_WAGU_ITEM_ASK_EXCUTE	2	2	lang0,taiwan	"taiwan:local_data.dat:[align = ""center""][font size = ""10"" color=""ffffff""] 消耗硬幣 %u個。您要抽獎嗎？[/font] | lang0:lang0.pak:[align = ""center""][font size = ""10"" color=""ffffff""]%u Coins will be consumed.[br]Are you sure?[/font]"
DST_WAGU_ITEM_ASK_EXCUTE_BUNCH	2	2	lang0,taiwan	"taiwan:local_data.dat:[align = ""center""][font size = ""10"" color=""ffffff""] 消耗硬幣%u個，您要抽獎嗎？[br](扭蛋數目少時，會抽到最後一顆為止。 | lang0:lang0.pak:[align = ""center""][font size = ""10"" color=""ffffff""]%u Coins will be consumed.[br]Are you sure?[/font]"
DST_WAGU_ITEM_ASK_EXCUTE_BUNCH_WP	2	2	lang0,taiwan	"taiwan:local_data.dat:[align = ""center""][font size = ""10"" color=""ffffff""] 會消耗%u個扭蛋幣. [br]消耗幾個扭蛋幣就會得到幾個無法取得.[br]請問要繼續進行扭蛋嗎?[br](膠囊較少的狀況下, 將扭到不能再得到WP為止.)[/font] | lang0:lang0.pak:[align = ""center""][font size = ""10"" color=""ffffff""]%u Coins will be consumed.[br]Each spin will reward you a few Wagu Points.[br]After reaching the maximum of 2000 WP's you[br]will no longer receive any.[br][br]Do you want to continue?[/font]"
DST_WAGU_ITEM_ASK_EXCUTE_WP	2	2	lang0,taiwan	"taiwan:local_data.dat:[align = ""center""][font size = ""10"" color=""ffffff""] 會消耗%u個扭蛋幣.[br]消耗幾個扭蛋幣可獲得幾個WP.WP 但獲得的最大上限為 20002 超過2000.000 的最大值會消失無法取得.[br]請問要繼續進行扭蛋嗎?[/font] | lang0:lang0.pak:[align = ""center""][font size = ""10"" color=""ffffff""]%u Coins will be consumed.[br]Each spin will reward you a few Wagu Points.[br]After reaching the maximum of 2000 WP's you[br]will no longer receive any.[br][br]Do you want to continue?[/font]"
DST_WAGU_ITEM_BUNCH	2	2	lang0,taiwan	taiwan:local_data.dat:連續抽獎( %d次 ) | lang0:lang0.pak:Continuous Draw (%d times)
DST_WAGU_ITEM_CHAMPION_ITEM	2	2	lang0,taiwan	taiwan:local_data.dat:%d等商品 | lang0:lang0.pak:Rank %d item
DST_WAGU_ITEM_EXCUTE_BUTTON	2	2	lang0,taiwan	taiwan:local_data.dat:抽獎 | lang0:lang0.pak:Draw
DST_WAGU_ITEM_INFO_BUTTON	2	2	lang0,taiwan	taiwan:local_data.dat:觀看情報 | lang0:lang0.pak:Info
DST_WAGU_ITEM_LEFT_CAPSULE	2	2	lang0,taiwan	taiwan:local_data.dat:剩餘扭蛋 | lang0:lang0.pak:Left
DST_WAGU_ITEM_NEED_WAGU_COIN	2	2	lang0,taiwan	taiwan:local_data.dat:所需硬幣 : %d | lang0:lang0.pak:Need
DST_WAGU_ITEM_RESULT_EXTRA_EXCUTE	2	2	lang0,taiwan	taiwan:local_data.dat:%d次時抽中了大獎，將退還剩餘的硬幣。 | lang0:lang0.pak:%d winnings allowed in 1 week.\nExcess coins will be refunded
DST_WAGU_MACHINE_NAME	2	2	lang0,taiwan	taiwan:local_data.dat:現金扭蛋%d號機 | lang0:lang0.pak:Wagu Machine %d
DST_WAND	2	2	lang0,taiwan	taiwan:local_data.dat:短棍 | lang0:lang0.pak:Wand
DST_WAREHOUSE_ALL	2	2	lang0,taiwan	taiwan:local_data.dat:所有倉庫 | lang0:lang0.pak:All Banks
DST_WAREHOUSE_ALREADY_OPEN	2	2	lang0,taiwan	taiwan:local_data.dat:倉庫已經打開了。 | lang0:lang0.pak:Bank Already Open
DST_WAREHOUSE_FULL	2	2	lang0,taiwan	taiwan:local_data.dat:倉庫無空間。 | lang0:lang0.pak:Bank Full
DST_WAREHOUSE_NAME	2	2	lang0,taiwan	taiwan:local_data.dat:個人倉庫 | lang0:lang0.pak:Bank
DST_WAREHOUSE_NAME_1	2	2	lang0,taiwan	taiwan:local_data.dat:倉庫1 | lang0:lang0.pak:Bank 1
DST_WAREHOUSE_NAME_2	2	2	lang0,taiwan	taiwan:local_data.dat:倉庫2 | lang0:lang0.pak:Bank 2
DST_WAREHOUSE_NAME_3	2	2	lang0,taiwan	taiwan:local_data.dat:倉庫3 | lang0:lang0.pak:Bank 3
DST_WAREHOUSE_NAME_COMMON	2	2	lang0,taiwan	taiwan:local_data.dat:共享倉庫 | lang0:lang0.pak:Shared Bank
DST_WAREHOUSE_SUCCESS_BUY	2	2	lang0,taiwan	taiwan:local_data.dat:已購買倉庫。 | lang0:lang0.pak:Bank Slot Bought
DST_WAREHOUSE_WANT_YOU_BUY	2	2	lang0,taiwan	"taiwan:local_data.dat:[align = ""center""][font size = ""12"" color=""f4d762""]購買倉庫[/font][br][br][font size = ""10"" color=""269eff""]購買倉庫的話，倉庫的空間將會變大，[br]並可保管更多道具。 Sony[/font][br][br][font size = ""10"" color=""ffffff""]您要付索尼購買倉庫嗎？ | lang0:lang0.pak:[align = ""center""][font size = ""12"" color=""f4d762""]Buy Bank[/font][br][br][font size = ""10"" color=""269eff""]You are buying another Bank.[br]More Items can be Stored.[/font][br][br][font size = ""10"" color=""f36a7c""]Bank Cost: %s Zeni[/font][br][br][font size = ""10"" color=""ffffff""]Buy a Bank now?[/font]"
DST_WAREHOUSE_WANT_YOU_BUY_COMMON	2	2	lang0,taiwan	"taiwan:local_data.dat:[align = ""center""][font size = ""12"" color=""f4d762""]購買共享倉庫[/font][br][br][font size = ""10"" color=""269eff""]購買共享倉庫的話，共享倉庫的空間將會變大，[br]並可保管更多道具。 [br]其他角色與道具可共享此空間。 [/font][br][br][font size = ""10"" color=""ffff""]共享倉庫需要需要索尼。 color=""f36a7c""]所需索尼 : %s Sony[/font][br][br][font size = ""10"" color=""ffffff""]您要支付索尼併購買共享倉庫嗎？ | lang0:lang0.pak:[align = ""center""][font size = ""12"" color=""f4d762""]Shared Bank[/font][br][br][font size = ""10"" color=""269eff""]You are buying a shared Bank.[br]You can share items with others.[/font][br][br][font size = ""10"" color=""f36a7c""]Cost: %s Zeni[/font][br][br][font size = ""10"" color=""ffffff""]Do you want to buy it now?[/font]"
DST_WARN_ALREADY_RECALL_MASCOT	2	2	lang0,taiwan	taiwan:local_data.dat:已召喚寵物。 | lang0:lang0.pak:Pet already Summoned
DST_WARN_CANT_DEL_RECALLED_MASCOT	2	2	lang0,taiwan	taiwan:local_data.dat:召喚中寵物無法刪除。 | lang0:lang0.pak:Can't delete while active
DST_WARN_CANT_DISASSEMBLE_ITEM	2	2	lang0,taiwan	taiwan:local_data.dat:此道具無法進行分解。 | lang0:lang0.pak:Can't be disassembled
DST_WARN_CANT_FEED_FULL_SP_MASCOT	2	2	lang0,taiwan	taiwan:local_data.dat:無法再餵食飼料。 | lang0:lang0.pak:Pet is full
DST_WARN_CANT_FEED_NOT_RECALLED_MASCOT	2	2	lang0,taiwan	taiwan:local_data.dat:寵物限於召喚時使用飼料。 | lang0:lang0.pak:Summon to feed
DST_WARN_FULL_RINGSLOT_MASCOT	2	2	lang0,taiwan	taiwan:local_data.dat:項圈道具無空白欄位。 | lang0:lang0.pak:Ring slots full
DST_WARN_NOT_EMPTY_MASCOT_RING_SLOT	2	2	lang0,taiwan	taiwan:local_data.dat:寵物上已裝置項圈無法解除。 | lang0:lang0.pak:Pet has no Free Slots
DST_WARN_NO_EXIST_RECALLED_MASCOT	2	2	lang0,taiwan	taiwan:local_data.dat:無召喚中寵物。 | lang0:lang0.pak:Pet is Dismissed
DST_WARN_REGISTER_LIMIT_MASCOT	2	2	lang0,taiwan	taiwan:local_data.dat:無法再登入寵物。 | lang0:lang0.pak:Pet already Registered
DST_WEDNESDAY	2	2	lang0,taiwan	taiwan:local_data.dat:三 | lang0:lang0.pak:Wednesday
DST_WEEK_FRIDAY	2	2	lang0,taiwan	taiwan:local_data.dat:星期五 | lang0:lang0.pak:Friday
DST_WEEK_MONDAY	2	2	lang0,taiwan	taiwan:local_data.dat:星期一 | lang0:lang0.pak:Monday
DST_WEEK_SATURDAY	2	2	lang0,taiwan	taiwan:local_data.dat:星期六 | lang0:lang0.pak:Saturday
DST_WEEK_SUNDAY	2	2	lang0,taiwan	taiwan:local_data.dat:星期日 | lang0:lang0.pak:Sunday
DST_WEEK_THURSDAY	2	2	lang0,taiwan	taiwan:local_data.dat:星期四 | lang0:lang0.pak:Thursday
DST_WEEK_TUESDAY	2	2	lang0,taiwan	taiwan:local_data.dat:星期二 | lang0:lang0.pak:Tuesday
DST_WEEK_WEDNESDAY	2	2	lang0,taiwan	taiwan:local_data.dat:星期三 | lang0:lang0.pak:Wednesday
DST_WINTEREVENT_SIDEVIEW_IDLE_TIME	2	2	lang0,taiwan	taiwan:local_data.dat:%d點,%d點,%d點 | lang0:lang0.pak:%d:%d:%d
DST_WINTEREVENT_SIDEVIEW_IDLE_TOOLTIP_COMMENT	2	2	lang0,taiwan	taiwan:local_data.dat:在上述時間可參加魔王活動。\n活動開始後點擊按鈕可\n獲得任務並自動移動至活動地點。 | lang0:lang0.pak:Click the button below to join\nthe event and to be teleported.
DST_WINTEREVENT_SIDEVIEW_IDLE_TOOLTIP_TITLE	2	2	lang0,taiwan	taiwan:local_data.dat:回歸的基德 Event 日程 | lang0:lang0.pak:The Return of the Child
DST_WINTEREVENT_SIDEVIEW_START_TIME	2	2	lang0,taiwan	taiwan:local_data.dat:%d分鐘 | lang0:lang0.pak:%d Minutes
DST_WINTEREVENT_SIDEVIEW_START_TIME_LIMITED	2	2	lang0,taiwan	taiwan:local_data.dat:未達1分鐘 | lang0:lang0.pak:Less than 1 minute
DST_WINTEREVENT_SIDEVIEW_START_TOOLTIP_COMMENT	2	2	lang0,taiwan	taiwan:local_data.dat:召喚魔王。\n透過該按鈕獲得任務後\n可瞬間移動至活動地點。\n請幫幫可憐的基德吧! | lang0:lang0.pak:Teleport you to the Demon Lord and save the kid!
DST_WINTEREVENT_SIDEVIEW_START_TOOLTIP_TITLE	2	2	lang0,taiwan	taiwan:local_data.dat:魔王出現了。 | lang0:lang0.pak:The Demon Lord has appeared.
DST_WONDER_MAJIN	2	2	lang0,taiwan	taiwan:local_data.dat:意魔人 | lang0:lang0.pak:Wonder Majin
DST_WORLDMAP_BIND_POPOICON_TOOLTIP	2	2	lang0,taiwan	taiwan:local_data.dat:昏厥時選擇在波波之石復活即可順間移動至已記錄的波波之石。 | lang0:lang0.pak:Current Home Teleport Area
DST_WORLDMAP_BOSSMARK	2	2	lang0,taiwan	taiwan:local_data.dat:BOSS召喚據點 | lang0:lang0.pak:Boss Mark
DST_WORLDMAP_BUS_ROUTE_PAINT	2	2	lang0,taiwan	taiwan:local_data.dat:巴士路線圖 | lang0:lang0.pak:Bus Routes
DST_WORLDMAP_CAN_OPEN_AREA	2	2	lang0,taiwan	taiwan:local_data.dat:無法在此開啟大地圖。 | lang0:lang0.pak:Can't open Worldmap
DST_WORLDMAP_CHECK_BOX_TOOLTIP	2	2	lang0,taiwan	taiwan:local_data.dat:可以開啟關閉情報窗. | lang0:lang0.pak:Turn On/Off
DST_WORLDMAP_CITY_INDEX_ERROR	2	2	lang0,taiwan	taiwan:local_data.dat:城市地圖索引數錯誤。 | lang0:lang0.pak:Wrong Nr.
DST_WORLDMAP_CITY_INFO	2	2	lang0,taiwan	taiwan:local_data.dat:點擊時可查看更清楚的地圖。 | lang0:lang0.pak:Click to View Second Map
DST_WORLDMAP_FRANGFRANG	2	2	lang0,taiwan	taiwan:local_data.dat:法朗沙漠北部 | lang0:lang0.pak:Fran Fran Desert North
DST_WORLDMAP_KARIN	2	2	lang0,taiwan	taiwan:local_data.dat:凱里 | lang0:lang0.pak:Korin
DST_WORLDMAP_MUSH_NORTH	2	2	lang0,taiwan	taiwan:local_data.dat:蘑菇巨石北部 | lang0:lang0.pak:Mushroom Rocks North
DST_WORLDMAP_MUSH_SOUTH	2	2	lang0,taiwan	taiwan:local_data.dat:蘑菇巨石南部 | lang0:lang0.pak:Mushroom Rocks South
DST_WORLDMAP_PORTAL	2	2	lang0,taiwan	taiwan:local_data.dat:瞬間移動地點 | lang0:lang0.pak:Portals
DST_WORLDMAP_PORTAL_NOT_REG	2	2	lang0,taiwan	taiwan:local_data.dat:無法登入的地點. | lang0:lang0.pak:This Portal isn't registered.
DST_WORLDMAP_PORUNGAROCKS	2	2	lang0,taiwan	taiwan:local_data.dat:波路亞巨石北部 | lang0:lang0.pak:Porunga Rocks
DST_WORLDMAP_QUEST_SEARCH_TOOLTIP	2	2	lang0,taiwan	taiwan:local_data.dat:可以收尋任務後觀看情報,或關閉情報顯示. | lang0:lang0.pak:Turn ON/OFF for Quest search
DST_WORLDMAP_RECOMMENDED_LEVEL	2	2	lang0,taiwan	taiwan:local_data.dat:Lv. %d ~ %d | lang0:lang0.pak:Lv. %d ~ %d
DST_WORLDMAP_SEARCH_NOT_QUEST	2	2	lang0,taiwan	taiwan:local_data.dat:無法找到收尋範圍內的任務 NPC. | lang0:lang0.pak:No NPC with Quest found.
DST_WORLDMAP_SEARCH_NPC_DOJO	2	2	lang0,taiwan	taiwan:local_data.dat:流派/道場 | lang0:lang0.pak:Dojo
DST_WORLDMAP_SEARCH_NPC_ITEMBIND	2	2	lang0,taiwan	taiwan:local_data.dat:道具封印販賣機 | lang0:lang0.pak:Vending Machine
DST_WORLDMAP_SEARCH_NPC_MAILBOX	2	2	lang0,taiwan	taiwan:local_data.dat:信箱 | lang0:lang0.pak:Mail Box
DST_WORLDMAP_SEARCH_NPC_NONE	2	2	lang0,taiwan	taiwan:local_data.dat:不顯示 NPC | lang0:lang0.pak:No Search
DST_WORLDMAP_SEARCH_NPC_RANKBATTLE	2	2	lang0,taiwan	taiwan:local_data.dat:排行戰鬥探測器 | lang0:lang0.pak:Ranking Battle
DST_WORLDMAP_SEARCH_NPC_RECEPTION	2	2	lang0,taiwan	taiwan:local_data.dat:武道會獎勵商人 | lang0:lang0.pak:Tenkaichi Budokai
DST_WORLDMAP_SEARCH_NPC_SKILLMASTER	2	2	lang0,taiwan	taiwan:local_data.dat:技能大師 | lang0:lang0.pak:Skill Master
DST_WORLDMAP_SEARCH_NPC_SKYDGN	2	2	lang0,taiwan	taiwan:local_data.dat:SKY副本 | lang0:lang0.pak:Sky Dungeon
DST_WORLDMAP_SEARCH_NPC_TITLE	2	2	lang0,taiwan	taiwan:local_data.dat:NPC 情報 | lang0:lang0.pak:NPC Information
DST_WORLDMAP_SHOW_OTHER_GUILD	2	2	lang0,taiwan	taiwan:local_data.dat:顯示對方流派成員 | lang0:lang0.pak:Show Other Guild
DST_WORLDMAP_SHOW_OTHER_GUILD_IN_MINIMAP	2	2	lang0,taiwan	taiwan:local_data.dat:於小地圖中顯示對方流派成員 | lang0:lang0.pak:Other Guild shows on Minimap
DST_WORLDMAP_SHOW_OTHER_GUILD_MEMBER	2	2	lang0,taiwan	taiwan:local_data.dat:對方流派成員 | lang0:lang0.pak:Show Other Guild Member
DST_WORLDMAP_SHOW_OUR_GUILD	2	2	lang0,taiwan	taiwan:local_data.dat:顯示流派成員 | lang0:lang0.pak:Show Guild
DST_WORLDMAP_SHOW_OUR_GUILD_IN_MINIMAP	2	2	lang0,taiwan	taiwan:local_data.dat:於小地圖中顯示流派成員 | lang0:lang0.pak:Guild shows on Minimap
DST_WORLDMAP_SHOW_OUR_GUILD_MEMBER	2	2	lang0,taiwan	taiwan:local_data.dat:流派成員 | lang0:lang0.pak:Show Guild Member
DST_WORLDMAP_TITLE	2	2	lang0,taiwan	taiwan:local_data.dat:世界地圖 | lang0:lang0.pak:Worldmap
DST_WORLDMAP_TRANSPARENCY	2	2	lang0,taiwan	taiwan:local_data.dat:透明度 | lang0:lang0.pak:Transparency
DST_WORLDMAP_WESTLAND	2	2	lang0,taiwan	taiwan:local_data.dat:維斯特蘭 | lang0:lang0.pak:Westland
DST_WORLDMAP_WORLD_INDEX_ERROR	2	2	lang0,taiwan	taiwan:local_data.dat:世界地圖索引數錯誤。 | lang0:lang0.pak:Wrong Nr.
DST_WORLDMAP_YAHOI_EAST	2	2	lang0,taiwan	taiwan:local_data.dat:東雅荷 | lang0:lang0.pak:Yahoi East
DST_WORLDMAP_YAHOI_WEST	2	2	lang0,taiwan	taiwan:local_data.dat:西雅荷 | lang0:lang0.pak:Yahoi West
DST_WORLDMAP_ZONE_INDEX_ERROR	2	2	lang0,taiwan	taiwan:local_data.dat:村莊地圖索引數錯誤。 | lang0:lang0.pak:Wrong Nr.
DST_WORLD_CONCEPT_BUDOKAI	2	2	lang0,taiwan	taiwan:local_data.dat:天下第一武道會進行中無法使用。 | lang0:lang0.pak:Budokai is in progress.
DST_WORLD_CONCEPT_CAN_NOT_CHANGE_CHANNEL_IN_THIS_PLACE	2	2	lang0,taiwan	taiwan:local_data.dat:無法於此進行頻道變更。 | lang0:lang0.pak:Can't move channel
DST_WORLD_CONCEPT_CCBD	2	2	lang0,taiwan	taiwan:local_data.dat:CC競技副本進行時無法使用。 | lang0:lang0.pak:Can't use during Dungeon
DST_WORLD_CONCEPT_DOJO_SCRAMBLE	2	2	lang0,taiwan	taiwan:local_data.dat:道場爭奪戰進行中無法使用。 | lang0:lang0.pak:Dojo Scramble
DST_WORLD_CONCEPT_DRAGONBALL_SCRAMBLE	2	2	lang0,taiwan	taiwan:local_data.dat:參與七龍珠爭奪戰的狀態下無法使用。 | lang0:lang0.pak:Dragon Ball Scramble started
DST_WORLD_CONCEPT_FREEBATTLE	2	2	lang0,taiwan	taiwan:local_data.dat:自由對戰進行中無法使用。 | lang0:lang0.pak:You can't leave during battle
DST_WORLD_CONCEPT_FREE_PVP_ZONE	2	2	lang0,taiwan	taiwan:local_data.dat:無法在對戰練習場進行的行動。 | lang0:lang0.pak:PvP Zone
DST_WORLD_CONCEPT_NPC_COMMUNICATION	2	2	lang0,taiwan	taiwan:local_data.dat:與NPC對話中無法使用。 | lang0:lang0.pak:Can't use during NPC.
DST_WORLD_CONCEPT_PARTY_DUNGEON	2	2	lang0,taiwan	taiwan:local_data.dat:極限副本進行中無法使用。 | lang0:lang0.pak:Dungeon Progress
DST_WORLD_CONCEPT_PLAY_DIRECT	2	2	lang0,taiwan	taiwan:local_data.dat:活動進行中無法使用。 | lang0:lang0.pak:Can't proceed during this event.
DST_WORLD_CONCEPT_PLAY_DRAGONBALL	2	2	lang0,taiwan	taiwan:local_data.dat:與神龍對話中無法使用。 | lang0:lang0.pak:Wait till Shenron leaves.
DST_WORLD_CONCEPT_PLAY_PRIVATESHOP	2	2	lang0,taiwan	taiwan:local_data.dat:個人商店開設無法使用。 | lang0:lang0.pak:Can't open the shop
DST_WORLD_CONCEPT_PLAY_PRIVATESHOP_VISITOR	2	2	lang0,taiwan	taiwan:local_data.dat:個人商店使用時無法進行。 | lang0:lang0.pak:Some people may not Use.
DST_WORLD_CONCEPT_RANK_BATTLE	2	2	lang0,taiwan	taiwan:local_data.dat:排名戰進行中無法使用。 | lang0:lang0.pak:Ranked Battle in Progress
DST_WORLD_CONCEPT_TLQ	2	2	lang0,taiwan	taiwan:local_data.dat:無法在此地區使用。 | lang0:lang0.pak:Can't do this in world
DST_WORLD_CONCEPT_TMQ	2	2	lang0,taiwan	taiwan:local_data.dat:時光機任務進行中無法使用。 | lang0:lang0.pak:TMQ in Progress
DST_WORLD_CONCEPT_TRADE	2	2	lang0,taiwan	taiwan:local_data.dat:交易中無法使用。 | lang0:lang0.pak:Can't do while trading
DST_WORLD_CONCEPT_TUTORIAL	2	2	lang0,taiwan	taiwan:local_data.dat:新手教學進行中無法使用。 | lang0:lang0.pak:During tutorial you can't proceed.
DST_WORLD_CONCEPT_WAIT_TRADE	2	2	lang0,taiwan	taiwan:local_data.dat:等待其他玩家交易回應。 | lang0:lang0.pak:Please wait, trade in progress
DST_WORLD_CONCPET_DWC	2	2	lang0,taiwan	taiwan:local_data.dat:DWC 進行中無法使用 | lang0:lang0.pak:Disabled for DWC
DST_WORLD_CONCPET_MASCOTEX_SKILL	2	2	lang0,taiwan	taiwan:local_data.dat:使用寵物技能時無法使用. | lang0:lang0.pak:Not during Pet Skill.
DST_WORLD_CONCPET_REMOTE_BEHAVIOR	2	2	lang0,taiwan	taiwan:local_data.dat:使用遙控功能時，無法進行該功能。 | lang0:lang0.pak:Can't use in this Moment.
DST_WP	2	2	lang0,taiwan	taiwan:local_data.dat:扭蛋點數 | lang0:lang0.pak:WP
DST_WP_ADD_POINT	2	2	lang0,taiwan	taiwan:local_data.dat:獲得 WP %d點數了 | lang0:lang0.pak:Earned %d WP Points.
DST_WP_REFRESH_RESULT	2	2	lang0,taiwan	"taiwan:local_data.dat:[align = ""center""][font size = ""10"" color=""f4d762""]通知[/font][font size = ""10"" color=""ffffff""] WP獲得數的最大值為2000.[br]可獲得的WP點數不能超過2000以上.[br] 超過2000之後的WP都會消失.[/font] | lang0:lang0.pak:[align = ""center""][font size = ""10"" color=""f4d762""]Notification[/font][br][br][font size = ""10"" color=""ffffff""]The maximum value of the WP is 2000.[br]You will not be able to obtain more.[br]Beyond points they will be destroyed.[/font]"
DST_YADRAT_MB_GET_ITEM	2	2	lang0,taiwan	"taiwan:local_data.dat:[align = ""center""][font size = ""12"" color=""f4d762""]領取道具[/font][br][br][font size = ""10"" color=""269eff""]道具將移動至膠囊盒。[/font][br][br][font size = ""10"" color=""f36a7c""]道具移動後，[br]將無法再次放回亞德拉特倉庫。[/font] | lang0:lang0.pak:[align = ""center""][font size = ""12"" color=""f4d762""]Import Items[/font][br][br][font size = ""10"" color=""269eff""]Move the item to your inventory.[/font][br][br][font size = ""10"" color=""f36a7c""]Can't be undone, are you sure?[/font]"
DST_YADRAT_MB_ITEM_USE_HLS_ITEM_TYPE_ACCOUNT_SHARED_STORE_USE	2	2	lang0,taiwan	"taiwan:local_data.dat:[align = ""center""][font size = ""12"" color=""f4d762""]開啟亞德拉特倉庫[/font][br][br][font size = ""10"" color=""269eff""]開啟道具%s。[/font][br][br][font size = ""10"" color=""f36a7c""]此道具為及時使用道具，[br]所以無法在膠囊盒中確認，[br]請從亞德拉特商人那確認新增的[br]共享倉庫選單。[/font][br][br][font size = ""10"" color=""ffffff""]您確定要開啟嗎？[/font] | lang0:lang0.pak:[align = ""center""][font size = ""12"" color=""f4d762""]Enable Shared Warehouse[/font][br][br][font size = ""10"" color=""269eff""]%s[br]to activate.[/font][br][br][font size = ""10"" color=""f36a7c""]If you activate you won't be able to disable.[/font][br][br][font size = ""10"" color=""ef001f""]WARNING:[br]This item will be removed and the bank slot will be made available after clicking [Ok].[/font][br][br][font size = ""10"" color=""ffffff""]Are you sure you want to activate the item?[/font]"
DST_YADRAT_MB_ITEM_USE_HLS_ITEM_TYPE_DEFAULT	2	2	lang0,taiwan	"taiwan:local_data.dat:[align = ""center""][font size = ""12"" color=""f4d762""]領取道具[/font][br][br][font size = ""10"" color=""269eff""]道具%s移動到膠囊盒。[/font][br][br][font size = ""10"" color=""f36a7c""]道具移動後，[br]將無法再次放回亞德拉特倉庫。[/font] | lang0:lang0.pak:[align = ""center""]Import Items[br][br]Importing %s.[br][br]You won't be able to move the item back"
DST_YADRAT_MB_ITEM_USE_HLS_ITEM_TYPE_GMT	2	2	lang0,taiwan	"taiwan:local_data.dat:[align = ""center""][font size = ""12"" color=""f4d762""]增加1次精神修練時間[/font][br][br][font size = ""10"" color=""269eff""]利用道具%s[br]增加1次精神修練時間回數。[/font][br][br][font size = ""10"" color=""f36a7c""]此道具為及時使用道具，[br]所以無法在膠囊盒中確認，[br]請利用精神修練時間選單進行確認。[/font][br][br][font size = ""10"" color=""ffffff""]您確定要增加嗎？[/font] | lang0:lang0.pak:[align = ""center""]Add 1 Week[br][br]MSG 001 %s"
DST_YADRAT_MB_ITEM_USE_HLS_ITEM_TYPE_PACKAGE	2	2	lang0,taiwan	taiwan:local_data.dat:您要在亞德拉特倉庫中打開套裝嗎? | lang0:lang0.pak:Push package to the guild bank?
DST_YADRAT_MB_ITEM_USE_HLS_ITEM_TYPE_WAGUCOIN	2	2	lang0,taiwan	"taiwan:local_data.dat:[align = ""center""][font size = ""12"" color=""f4d762""]領取現金硬幣[/font][br][br][font size = ""10"" color=""269eff""]現金硬幣必須要先領取，[br]才可進行使用。[/font][br][br][font size = ""10"" color=""f36a7c""]此道具為及時使用道具，[br]所以無法在膠囊盒中確認，[br]你可從遊戲商城進行確認。[/font][br][br][font size = ""10"" color=""ffffff""]您確定要領取嗎？[/font] | lang0:lang0.pak:[align = ""center""][font size = ""12"" color=""f4d762""] Receive Cash Coins[/font][br][br][font size = ""10"" color=""269eff""]Use to charge your credit.[/font][br][br][font size = ""10"" color=""f36a7c""]After you import it to your[br]inventory you must use it to[br]charge your credit for first.[br]After this you can use in shop.[/font][br][br][font size = ""10"" color=""ffffff""]Are you sure you want to import it?[/font]"
DST_YARDRAT	2	2	lang0,taiwan	taiwan:local_data.dat:亞德拉特倉庫 | lang0:lang0.pak:Storage
DST_YARDRAT_MOVE_SUCCESS	2	2	lang0,taiwan	taiwan:local_data.dat:從亞德拉特倉庫中移動道具。 | lang0:lang0.pak:The Item had been moved.
DST_YARDRAT_TAB_EQUIPMENT	2	2	lang0,taiwan	taiwan:local_data.dat:裝備 | lang0:lang0.pak:Equipment
DST_YARDRAT_TAB_FUNCTIONAL	2	2	lang0,taiwan	taiwan:local_data.dat:功能性 | lang0:lang0.pak:Craft
DST_YARDRAT_TAB_WAITING	2	2	lang0,taiwan	taiwan:local_data.dat:消耗性 | lang0:lang0.pak:Consumables
DST_YARDRAT_USE_SUCCESS	2	2	lang0,taiwan	taiwan:local_data.dat:該道具已正常使用。 | lang0:lang0.pak:Normally Used.
DST_ZENNY	2	2	lang0,taiwan	taiwan:local_data.dat:索尼 | lang0:lang0.pak:Zeni
DST_ZENNY_BTN	2	2	lang0,taiwan	taiwan:local_data.dat:所持金額 | lang0:lang0.pak:Zeni
DST_ZENNY_CAN_NOT_MOVE_TO_TRADECART_NOT_VALID	2	2	lang0,taiwan	taiwan:local_data.dat:尚未開啟交易視窗。 | lang0:lang0.pak:Trade not open.
DWC_FAIL	2	2	lang0,taiwan	taiwan:local_sync_data.dat:Dragon World Championship failed. | lang0:lang0.pak:Dragon World Championship failed.
EVENT_NO_MORE_NEW_CHARACTER_ALLOWED	2	2	lang0,taiwan	"taiwan:local_sync_data.dat:[align = ""center""][font size = ""12"" color= ""f4d762""]角色创建通知[/font][br][br][font size = ""10"" color= ""f36a7c""]服务器上不能创建新角色[/font]。 | lang0:lang0.pak:[align = ""center""][font size = ""12"" color=""f4d762""]Character Creation Notice[/font][br][br][font size = ""10"" color=""f36a7c""]No new characters can be created on the server.[/font]"
EVENT_OFF_CONTENTS_USED	2	2	lang0,taiwan	taiwan:local_sync_data.dat:内容不可用。 | lang0:lang0.pak:Content Unavailable.
EVENT_YOU_ALREADY_HAVE_CHARACTER	2	2	lang0,taiwan	"taiwan:local_sync_data.dat:[align = ""center""][font size = ""12"" color= ""f4d762""]角色创建通知[/font][br][br][font size = ""10"" color= ""f36a7c""]你不能创建任何额外的角色，因为你有太多的角色。[/font] | lang0:lang0.pak:[align = ""center""][font size = ""12"" color=""f4d762""]Character Creation Notice[/font][br][br][font size = ""10"" color=""f36a7c""]You can't create any additional characters because you have too many.[/font]"
GAME_ANOTHER_SKILL_CANT_CAST_NOW	2	2	lang0,taiwan	taiwan:local_sync_data.dat:你已经在施展另一个技能。 | lang0:lang0.pak:You are already casting another skill.
GAME_BANK_ALREADY_EXIST	2	2	lang0,taiwan	taiwan:local_sync_data.dat:银行已经存在。 | lang0:lang0.pak:Bank already exists.
GAME_BANK_NOT_READY	2	2	lang0,taiwan	taiwan:local_sync_data.dat:仓库未准备好 | lang0:lang0.pak:Wrong State
GAME_BATTLE_DUNGEON_FAIL	2	2	lang0,taiwan	taiwan:local_sync_data.dat:CC战役失败。 | lang0:lang0.pak:CC Battle failed.
GAME_BATTLE_DUNGEON_FAIL_STATE	2	2	lang0,taiwan	taiwan:local_sync_data.dat:CC战斗失败。 | lang0:lang0.pak:CC Battled failed.
GAME_BATTLE_DUNGEON_NOT_EXIST_MESSAGE	2	2	lang0,taiwan	taiwan:local_sync_data.dat:信息已过期。 | lang0:lang0.pak:Message has expired.
GAME_BATTLE_DUNGEON_NOT_IN_RANGE	2	2	lang0,taiwan	taiwan:local_sync_data.dat:玩家不在范围内。 | lang0:lang0.pak:Player are not in range.
GAME_BATTLE_DUNGEON_NOT_READY_ALL	2	2	lang0,taiwan	taiwan:local_sync_data.dat:不是所有的玩家都准备好了。 | lang0:lang0.pak:Not all players are ready.
GAME_BATTLE_DUNGEON_NOT_SAME_MEMBER	2	2	lang0,taiwan	taiwan:local_sync_data.dat:不是同一个成员。 | lang0:lang0.pak:Not the same party member.
GAME_BATTLE_DUNGEON_SUCCESS	2	2	lang0,taiwan	taiwan:local_sync_data.dat:CC战斗地牢成功 | lang0:lang0.pak:CC Battle Dungeon Success
GAME_BLOCK_ATTACK_NOW	2	2	lang0,taiwan	taiwan:local_sync_data.dat:现在不能阻挡攻击。 | lang0:lang0.pak:Can't block attack now.
GAME_BUDOKAI_CAN_NOT_TELEPORT_JUNIOR	2	2	lang0,taiwan	taiwan:local_sync_data.dat:无法参加青少年竞赛。 | lang0:lang0.pak:Unable to participate in Junior Competition.
GAME_BUDOKAI_CHARACTER_ALREADY_JOIN	2	2	lang0,taiwan	taiwan:local_sync_data.dat:玩家已经加入 | lang0:lang0.pak:Player already joined
GAME_BUDOKAI_CHARACTER_NOT_JOINED	2	2	lang0,taiwan	taiwan:local_sync_data.dat:不申请竞争。 | lang0:lang0.pak:Not Applying for Competition.
GAME_BUDOKAI_INVALID_TEAM_NAME	2	2	lang0,taiwan	taiwan:local_sync_data.dat:无效的团队名称。 | lang0:lang0.pak:Invalid Team Name.
GAME_BUDOKAI_MEMBER_ALREADY_JOINED	2	2	lang0,taiwan	taiwan:local_sync_data.dat:玩家已经加入。 | lang0:lang0.pak:Player already joined.
GAME_BUDOKAI_NEED_MORE_MEMBER	2	2	lang0,taiwan	taiwan:local_sync_data.dat:没有足够的团队成员。 | lang0:lang0.pak:Not enough Team Members.
GAME_BUDOKAI_NOT_MATCH_PLAYING	2	2	lang0,taiwan	taiwan:local_sync_data.dat:没有发现对手。 | lang0:lang0.pak:No opponents found.
GAME_BUDOKAI_NOT_MATCH_WORLD	2	2	lang0,taiwan	taiwan:local_sync_data.dat:不是战斗区。 | lang0:lang0.pak:Not a Battle area.
GAME_BUDOKAI_NOT_OPENED	2	2	lang0,taiwan	taiwan:local_sync_data.dat:Budokai并没有开放。 | lang0:lang0.pak:Budokai isn't open.
GAME_BUDOKAI_NOT_REGISTER_PERIOD	2	2	lang0,taiwan	taiwan:local_sync_data.dat:注册期不活跃。 | lang0:lang0.pak:The registration period isn't active.
GAME_BUDOKAI_OVER_COUNT	2	2	lang0,taiwan	taiwan:local_sync_data.dat:参与人数已满。 | lang0:lang0.pak:The number of participants is full.
GAME_BUDOKAI_QUERY_FAIL_EXIST_MATCH_INDEX	2	2	lang0,taiwan	taiwan:local_sync_data.dat:数据已经存在。 | lang0:lang0.pak:Data already exists.
GAME_BUDOKAI_QUERY_FAIL_INSERT_FAIL	2	2	lang0,taiwan	taiwan:local_sync_data.dat:查询插入失败。 | lang0:lang0.pak:Query Insert Fail.
GAME_BUDOKAI_TOO_LONG_TEAM_NAME	2	2	lang0,taiwan	taiwan:local_sync_data.dat:团队名称太长了。 | lang0:lang0.pak:Team Name is too long.
GAME_BUDOKAI_TOO_SHORT_TEAM_NAME	2	2	lang0,taiwan	taiwan:local_sync_data.dat:队名太短。 | lang0:lang0.pak:Team Name is too short.
GAME_BUDOKAI_YOU_ARE_NOT_A_TEAM_LEADER	2	2	lang0,taiwan	taiwan:local_sync_data.dat:只为队伍的领导。 | lang0:lang0.pak:Only for Party Leader.
GAME_BUILDING_VERSION_IS_NOT_CJI_KOR	2	2	lang0,taiwan	taiwan:local_sync_data.dat:错误的游戏版本。 | lang0:lang0.pak:Wrong Game Version.
GAME_CANNOT_CONNECT_DUE_TO_INVAlID_CHARACTER	2	2	lang0,taiwan	"taiwan:local_sync_data.dat:[align = ""center""][font size = ""12"" color= ""f4d762""]频道[/font][br][br][font size = ""10"" color= ""f36a7c""]请改变频道。 [/font] | lang0:lang0.pak:[align = ""center""][font size = ""12"" color=""f4d762""]Channel[/font][br][br][font size = ""10"" color=""f36a7c""]Change the Channel please.[/font]"
GAME_CANNOT_CONNECT_DUE_TO_TIMEOUT	2	2	lang0,taiwan	taiwan:local_sync_data.dat:连接超时。 | lang0:lang0.pak:Connection timeout.
GAME_CANNOT_CONNECT_TARGET_CHANNEL_FULL	2	2	lang0,taiwan	"taiwan:local_sync_data.dat:[align = ""center""][font size = ""12"" color= ""f4d762""]频道[/font][br][font size = ""10"" color= ""f36a7c""]频道已满，请稍后尝试[/font] | lang0:lang0.pak:[align = ""center""][font size = ""12"" color=""f4d762""]Channel[/font][br][br][font size = ""10"" color=""f36a7c""]Channel is full, please try it later.[/font]"
GAME_CANNOT_TOGGLE_AURA_WITH_KAIOKEN	2	2	lang0,taiwan	taiwan:local_sync_data.dat:Cannot toggle aura while Kaioken Boost is active. | lang0:lang0.pak:Cannot toggle aura while Kaioken Boost is active.
GAME_CANNOT_TRADE_NO_BAGSLOT	2	2	lang0,taiwan	taiwan:local_sync_data.dat:不能交易，没有足够的空间。 | lang0:lang0.pak:Can't trade, not enough space.
GAME_CANNOT_VISIT_INVALID_AREA	2	2	lang0,taiwan	taiwan:local_sync_data.dat:区域错误。 | lang0:lang0.pak:Area error.
GAME_CANNOT_VISIT_SELF	2	2	lang0,taiwan	taiwan:local_sync_data.dat:无法传送给自己。 | lang0:lang0.pak:Unable to teleport to yourself.
GAME_CANT_DO_THAT_TO_FREE_PVP_ZONE_TARGET	2	2	lang0,taiwan	taiwan:local_sync_data.dat:在战斗中不能使用。 | lang0:lang0.pak:Can't use during a battle.
GAME_CAN_BE_CAST_ONLY_ON_PLAYER	2	2	lang0,taiwan	taiwan:local_sync_data.dat:只能对一个玩家施放。 | lang0:lang0.pak:Can only be cast on a player.
GAME_CAN_NOT_TELEPORT	2	2	lang0,taiwan	taiwan:local_sync_data.dat:无法传送。 | lang0:lang0.pak:Unable to teleport.
GAME_CAN_NOT_TELEPORT_THIS_STATE	2	2	lang0,taiwan	taiwan:local_sync_data.dat:在当前状态下无法传送 | lang0:lang0.pak:Unable to teleport in current state
GAME_CASHITEM_CANT_MOVE	2	2	lang0,taiwan	taiwan:local_sync_data.dat:不能移动现金道具。 | lang0:lang0.pak:Can't move cash item.
GAME_CASHITEM_NOT_FOUND	2	2	lang0,taiwan	taiwan:local_sync_data.dat:找不到现金道具。 | lang0:lang0.pak:Can't find cash item.
GAME_CASHITEM_NOT_LOADED	2	2	lang0,taiwan	taiwan:local_sync_data.dat:加载道具未完成。 | lang0:lang0.pak:Loading items not completed.
GAME_CHARACTER_FAIL_BY_BUDOKAI	2	2	lang0,taiwan	taiwan:local_sync_data.dat:天一武道会不能用。 | lang0:lang0.pak:Check the Zenni or Requirements
GAME_CHARACTER_FAIL_BY_GUILD	2	2	lang0,taiwan	taiwan:local_sync_data.dat:参与失败（流派）。 | lang0:lang0.pak:Participation failed (Guild).
GAME_CHARACTER_FAIL_BY_LIMITED	2	2	lang0,taiwan	taiwan:local_sync_data.dat:目前的处罚时间。 | lang0:lang0.pak:Current penalty time.
GAME_CHARACTER_FAIL_BY_PARTY	2	2	lang0,taiwan	taiwan:local_sync_data.dat:参与失败（队伍）。 | lang0:lang0.pak:Participation failed (Party).
GAME_CHARACTER_NAME_HAS_INVALID_CHARACTER	2	2	lang0,taiwan	"taiwan:local_sync_data.dat:[align = ""center""][font size = ""12"" color= ""f4d762""]名称[/font][br][font size = ""10"" color= ""f36a7c""]名称包含无效字符[/font] | lang0:lang0.pak:[align = ""center""][font size = ""12"" color=""f4d762""]Name[/font][br][br][font size = ""10"" color=""f36a7c""]The name contains invalid characters.[/font]"
GAME_CHARACTER_TOO_LONG_NAME	2	2	lang0,taiwan	taiwan:local_sync_data.dat:角色名称太长了。 | lang0:lang0.pak:Character name is too long.
GAME_CHARACTER_TOO_SHORT_NAME	2	2	lang0,taiwan	taiwan:local_sync_data.dat:角色名称太短了。 | lang0:lang0.pak:Character name is too short.
GAME_CHARM_POINT_IS_LOCKED	2	2	lang0,taiwan	taiwan:local_sync_data.dat:计算还没有完成。 | lang0:lang0.pak:Calculation hasn't been completed.
GAME_CHAR_CLASS_FAIL	2	2	lang0,taiwan	taiwan:local_sync_data.dat:你的职业不允许这样操作。 | lang0:lang0.pak:Your class can't do that.
GAME_CHAR_IS_WRONG_STATE	2	2	lang0,taiwan	taiwan:local_sync_data.dat:错误的状态 | lang0:lang0.pak:Wrong state
GAME_CHAR_LEVEL_FAIL	2	2	lang0,taiwan	taiwan:local_sync_data.dat:在你的等级上，你不允许这样操作。 | lang0:lang0.pak:You can't do that at your level.
GAME_CHAR_NO_AUTHORITY_FOR_CHANGING_CLASS	2	2	lang0,taiwan	taiwan:local_sync_data.dat:无法改变类别 | lang0:lang0.pak:Unable to change class
GAME_CHAR_ONLY_ADULT_CAN_CHANGE_CLASS	2	2	lang0,taiwan	taiwan:local_sync_data.dat:只有成年人才能改变阶层 | lang0:lang0.pak:Already Applied
GAME_CHAR_RACE_FAIL	2	2	lang0,taiwan	taiwan:local_sync_data.dat:你的种族不允许这样操作。 | lang0:lang0.pak:Your race can't do that.
GAME_CHAR_WRONG_REVIVAL_METHOD	2	2	lang0,taiwan	taiwan:local_sync_data.dat:选择了无效的复兴方法 | lang0:lang0.pak:Invalid revival method selected
GAME_CLOSED_BOX_FAIL	2	2	lang0,taiwan	taiwan:local_sync_data.dat:失败了 | lang0:lang0.pak:Failed
GAME_CLOSED_BOX_KEY_MISMATCH	2	2	lang0,taiwan	taiwan:local_sync_data.dat:需要一种不同的钥匙。 | lang0:lang0.pak:Requires a different kind of key.
GAME_CLOSED_BOX_KEY_NOT_ENOUGH	2	2	lang0,taiwan	taiwan:local_sync_data.dat:没有足够的钥匙。 | lang0:lang0.pak:Not enough keys.
GAME_CLOSED_BOX_KEY_NOT_FOUND	2	2	lang0,taiwan	taiwan:local_sync_data.dat:找不到宝箱的钥匙。 | lang0:lang0.pak:Can't find key to treasure chest.
GAME_CLOSED_BOX_SUCCESS	2	2	lang0,taiwan	taiwan:local_sync_data.dat:成功 | lang0:lang0.pak:Success
GAME_COMMON_ALREADY_EXIST	2	2	lang0,taiwan	taiwan:local_sync_data.dat:已经存在。 | lang0:lang0.pak:Already Exists.
GAME_COMMON_ALREADY_REGISTERED	2	2	lang0,taiwan	taiwan:local_sync_data.dat:已经注册。 | lang0:lang0.pak:Already Registered.
GAME_COMMON_CANT_DO_THAT_FOR_SOME_REASON	2	2	lang0,taiwan	taiwan:local_sync_data.dat:你此刻不允许这样操作。 | lang0:lang0.pak:You can't do that at the moment.
GAME_COMMON_CANT_DO_THAT_IN_AFFECTING_STATE	2	2	lang0,taiwan	taiwan:local_sync_data.dat:在施放时不允许这样操作。 | lang0:lang0.pak:Can't do that while cast.
GAME_COMMON_CANT_DO_THAT_IN_AFTEREFFECT_CONDITION	2	2	lang0,taiwan	taiwan:local_sync_data.dat:现在不允许这样操作。 | lang0:lang0.pak:Can't do that right now.
GAME_COMMON_CANT_DO_THAT_IN_AIR_MODE_STATE	2	2	lang0,taiwan	taiwan:local_sync_data.dat:在空中不允许的操作。 | lang0:lang0.pak:Can't do that while flying.
GAME_COMMON_CANT_DO_THAT_IN_BATTLE_STATE	2	2	lang0,taiwan	taiwan:local_sync_data.dat:在战斗中不允许这样操作。 | lang0:lang0.pak:Can't to that while battle.
GAME_COMMON_CANT_DO_THAT_IN_BLOCKING_STATE	2	2	lang0,taiwan	taiwan:local_sync_data.dat:在阻挡时不允许这样操作。 | lang0:lang0.pak:Can't do that while blocking.
GAME_COMMON_CANT_DO_THAT_IN_CAMPING_STATE	2	2	lang0,taiwan	taiwan:local_sync_data.dat:不能边吃边做。 | lang0:lang0.pak:Can't do that while champing.
GAME_COMMON_CANT_DO_THAT_IN_CASTING_ITEM_STATE	2	2	lang0,taiwan	taiwan:local_sync_data.dat:在使用物品时不允许这样操作。 | lang0:lang0.pak:Can't do that while using an item.
GAME_COMMON_CANT_DO_THAT_IN_CASTING_STATE	2	2	lang0,taiwan	taiwan:local_sync_data.dat:在铸造时不允许这样操作。 | lang0:lang0.pak:Can't do that while casting.
GAME_COMMON_CANT_DO_THAT_IN_CHARGING_BLOCKED_CONDITION	2	2	lang0,taiwan	taiwan:local_sync_data.dat:在阻挡时不允许这样操作。 | lang0:lang0.pak:Can't do that while blocking.
GAME_COMMON_CANT_DO_THAT_IN_CHARGING_STATE	2	2	lang0,taiwan	taiwan:local_sync_data.dat:充电时不允许这样操作。 | lang0:lang0.pak:Can't do that while charging.
GAME_COMMON_CANT_DO_THAT_IN_CONFUSE_CONDITION	2	2	lang0,taiwan	taiwan:local_sync_data.dat:不能在困惑的时候这样做。 | lang0:lang0.pak:Can't do that while confused.
GAME_COMMON_CANT_DO_THAT_IN_DASH_STATE	2	2	lang0,taiwan	taiwan:local_sync_data.dat:不能边潇洒边做。 | lang0:lang0.pak:Can't do that while dashing.
GAME_COMMON_CANT_DO_THAT_IN_DESPAWNING_STATE	2	2	lang0,taiwan	taiwan:local_sync_data.dat:不能在解体时这样做。 | lang0:lang0.pak:Can't do that while despawning.
GAME_COMMON_CANT_DO_THAT_IN_DESTMOVING_STATE	2	2	lang0,taiwan	taiwan:local_sync_data.dat:在目的地移动状态下不允许这样操作。 | lang0:lang0.pak:Can't do that while destination move state.
GAME_COMMON_CANT_DO_THAT_IN_DIRECT_PLAY_STATE	2	2	lang0,taiwan	taiwan:local_sync_data.dat:不能在直接播放状态下这样做。 | lang0:lang0.pak:Can't do that while direct play state.
GAME_COMMON_CANT_DO_THAT_IN_FAINTING_STATE	2	2	lang0,taiwan	taiwan:local_sync_data.dat:在昏厥状态下不允许这样操作。 | lang0:lang0.pak:Can't do that while fainting state.
GAME_COMMON_CANT_DO_THAT_IN_FALLING_STATE	2	2	lang0,taiwan	taiwan:local_sync_data.dat:不能在跌倒时做这个。 | lang0:lang0.pak:Can't do that while falling.
GAME_COMMON_CANT_DO_THAT_IN_FOCUSING_STATE	2	2	lang0,taiwan	taiwan:local_sync_data.dat:不能在专注时做这个。 | lang0:lang0.pak:Can't do that while focusing.
GAME_COMMON_CANT_DO_THAT_IN_FOLLOWING_STATE	2	2	lang0,taiwan	taiwan:local_sync_data.dat:不能在跟随的时候这样做。 | lang0:lang0.pak:Can't do that while following.
GAME_COMMON_CANT_DO_THAT_IN_HIDING_KI_CONDITION	2	2	lang0,taiwan	taiwan:local_sync_data.dat:不能在隐藏ki条件的情况下这么做。 | lang0:lang0.pak:Can't do that while hiding ki condition.
GAME_COMMON_CANT_DO_THAT_IN_HTB_STATE	2	2	lang0,taiwan	taiwan:local_sync_data.dat:在HTB时不允许这样操作。 | lang0:lang0.pak:Can't do that while HTB.
GAME_COMMON_CANT_DO_THAT_IN_INVISIBLE_CONDITION	2	2	lang0,taiwan	taiwan:local_sync_data.dat:在隐身状态下不允许这样操作。 | lang0:lang0.pak:Can't do that while invisible.
GAME_COMMON_CANT_DO_THAT_IN_JUMPING_STATE	2	2	lang0,taiwan	taiwan:local_sync_data.dat:跳的时候不允许这样操作。 | lang0:lang0.pak:Can't do that while jumping.
GAME_COMMON_CANT_DO_THAT_IN_KEEPING_EFFECT_STATE	2	2	lang0,taiwan	taiwan:local_sync_data.dat:不能在保持效果的同时做到这一点 | lang0:lang0.pak:Can't do that while keeping effect state
GAME_COMMON_CANT_DO_THAT_IN_KNOCKDOWN_STATE	2	2	lang0,taiwan	taiwan:local_sync_data.dat:你不能在被击倒的情况下这样做。 | lang0:lang0.pak:You can't do that while knocked down.
GAME_COMMON_CANT_DO_THAT_IN_LEAVING_STATE	2	2	lang0,taiwan	taiwan:local_sync_data.dat:不能在离开时这样做 | lang0:lang0.pak:Can't do that while leaving
GAME_COMMON_CANT_DO_THAT_IN_MOVING_JUMPING_STATE	2	2	lang0,taiwan	taiwan:local_sync_data.dat:跳的时候不允许这样操作 | lang0:lang0.pak:Can't do that while jumping
GAME_COMMON_CANT_DO_THAT_IN_MOVING_STATE	2	2	lang0,taiwan	taiwan:local_sync_data.dat:不能在移动中做这个 | lang0:lang0.pak:Can't do that while moving
GAME_COMMON_CANT_DO_THAT_IN_NON_JUMPING_STATE	2	2	lang0,taiwan	taiwan:local_sync_data.dat:只能在跳的时候做。 | lang0:lang0.pak:Can only do while jumping.
GAME_COMMON_CANT_DO_THAT_IN_OPERATING_STATE	2	2	lang0,taiwan	taiwan:local_sync_data.dat:操作时不允许这样操作 | lang0:lang0.pak:Can't do that while operating
GAME_COMMON_CANT_DO_THAT_IN_PARALYZED_STATE	2	2	lang0,taiwan	taiwan:local_sync_data.dat:瘫痪时不允许这样操作。 | lang0:lang0.pak:Can't do that while paralyzed.
GAME_COMMON_CANT_DO_THAT_IN_PRIVATESHOP_STATE	2	2	lang0,taiwan	taiwan:local_sync_data.dat:在私人商店时不允许这样操作。 | lang0:lang0.pak:Can't do that while private shop.
GAME_COMMON_CANT_DO_THAT_IN_RIDEON_STATE	2	2	lang0,taiwan	taiwan:local_sync_data.dat:驾驶时不允许这样操作 | lang0:lang0.pak:Can't do that while riding
GAME_COMMON_CANT_DO_THAT_IN_SANDBAG_STATE	2	2	lang0,taiwan	taiwan:local_sync_data.dat:不能在沙袋状态下这样做 | lang0:lang0.pak:Can't do that while sand bag state
GAME_COMMON_CANT_DO_THAT_IN_SITTING_STATE	2	2	lang0,taiwan	taiwan:local_sync_data.dat:坐着的时候不允许这样操作。 | lang0:lang0.pak:Can't do that while sitting.
GAME_COMMON_CANT_DO_THAT_IN_SLEEPING_STATE	2	2	lang0,taiwan	taiwan:local_sync_data.dat:睡觉的时候不允许这样操作 | lang0:lang0.pak:Can't do that while sleeping state
GAME_COMMON_CANT_DO_THAT_IN_SLIDING_STATE	2	2	lang0,taiwan	taiwan:local_sync_data.dat:不能在滑行状态下这样做 | lang0:lang0.pak:Can't do that while sliding state
GAME_COMMON_CANT_DO_THAT_IN_SPAWNING_STATE	2	2	lang0,taiwan	taiwan:local_sync_data.dat:在产卵期不允许这样操作 | lang0:lang0.pak:Can't do that while spawning
GAME_COMMON_CANT_DO_THAT_IN_STANDING_JUMPING_STATE	2	2	lang0,taiwan	taiwan:local_sync_data.dat:跳的时候不允许这样操作。 | lang0:lang0.pak:Can't do that while jump.
GAME_COMMON_CANT_DO_THAT_IN_STANDING_STATE	2	2	lang0,taiwan	taiwan:local_sync_data.dat:站着的时候不允许这样操作 | lang0:lang0.pak:Can't do that while standing
GAME_COMMON_CANT_DO_THAT_IN_STUNNED_STATE	2	2	lang0,taiwan	taiwan:local_sync_data.dat:在眩晕状态下不允许这样操作。 | lang0:lang0.pak:Can't do that while stunned.
GAME_COMMON_CANT_DO_THAT_IN_TELEPORTING_STATE	2	2	lang0,taiwan	taiwan:local_sync_data.dat:在传送过程中不允许这样操作。 | lang0:lang0.pak:Can't do that while teleporting.
GAME_COMMON_CANT_DO_THAT_IN_TERROR_CONDITION	2	2	lang0,taiwan	taiwan:local_sync_data.dat:在恐怖状态下不允许这样操作。 | lang0:lang0.pak:Can't do that while terror condition.
GAME_COMMON_CANT_DO_THAT_IN_TRANSPARENT_CONDITION	2	2	lang0,taiwan	taiwan:local_sync_data.dat:在透明状态下不允许这样操作。 | lang0:lang0.pak:Can't do that while transparent condition.
GAME_COMMON_CANT_DO_THAT_IN_TURNING_STATE	2	2	lang0,taiwan	taiwan:local_sync_data.dat:在转变状态时不允许这样操作。 | lang0:lang0.pak:Can't do that while turning state.
GAME_COMMON_CANT_DO_THAT_NOT_ALLOWED_TARGET	2	2	lang0,taiwan	taiwan:local_sync_data.dat:不允许的目标。 | lang0:lang0.pak:Not allowed target.
GAME_COMMON_CANT_FIND_OBJECT	2	2	lang0,taiwan	taiwan:local_sync_data.dat:找不到对象 | lang0:lang0.pak:Can't find the object
GAME_COMMON_CANT_INVENTORY_SORT_OUT_OF_DATE_BAG	2	2	lang0,taiwan	taiwan:local_sync_data.dat:袋子的耐久性过期了。 | lang0:lang0.pak:Bag durability expired.
GAME_COMMON_CANT_INVENTORY_SORT_WHEN_ITEM_NOT_FOUND	2	2	lang0,taiwan	taiwan:local_sync_data.dat:当你没有物品时，无法对袋子进行分类。 | lang0:lang0.pak:Can't sort bag when you have no items.
GAME_COMMON_CANT_INVENTORY_SORT_WHEN_USING_ITEM	2	2	lang0,taiwan	taiwan:local_sync_data.dat:在你使用物品时，不能对包进行分类。 | lang0:lang0.pak:Can't sort bag while you are using items.
GAME_COMMON_CAN_FIND_MEMBER	2	2	lang0,taiwan	taiwan:local_sync_data.dat:找不到同伴 | lang0:lang0.pak:Can't find companion
GAME_COMMON_CAN_NOT_DO_HERE	2	2	lang0,taiwan	taiwan:local_sync_data.dat:你不能在这里这样做。 | lang0:lang0.pak:You can't do that here.
GAME_COMMON_CAN_NOT_FIND_TABLE_DATA	2	2	lang0,taiwan	taiwan:local_sync_data.dat:找不到表格数据。 | lang0:lang0.pak:Can't find table data.
GAME_COMMON_CASHITEM_REFRESH_COOLDOWN	2	2	lang0,taiwan	taiwan:local_sync_data.dat:请等待1分钟后刷新或重新登录以立即重新加载。 | lang0:lang0.pak:You must wait 1 minute to refresh or relog for instant reload.
GAME_COMMON_EXIST_USER_WHO_DO_NOT_AGREE	2	2	lang0,taiwan	taiwan:local_sync_data.dat:玩家没有同意。 | lang0:lang0.pak:Player didn't agree.
GAME_COMMON_EXIST_USER_WHO_OVER_LIMIT_COUNT	2	2	lang0,taiwan	taiwan:local_sync_data.dat:超过了用户限制。 | lang0:lang0.pak:User limit is exceeded.
GAME_COMMON_HAVE_NOT_THE_REQUIRED_ACHIEVEMENT	2	2	lang0,taiwan	taiwan:local_sync_data.dat:未满足条件。 | lang0:lang0.pak:Not met the conditions.
GAME_COMMON_HOIPOIMIX_EXP_EXCEEDED	2	2	lang0,taiwan	taiwan:local_sync_data.dat:角色等级低的关系无法再获得经验值。 | lang0:lang0.pak:Unable to gain experience due to low character level.
GAME_COMMON_HOIPOIMIX_LEVEL_MAXIMUM	2	2	lang0,taiwan	taiwan:local_sync_data.dat:达到了最大的混和等级了。 | lang0:lang0.pak:Reached the maximum fusion level.
GAME_COMMON_LACK_OF_SPACE_REWARD_HAS_BEEN_DELIVERED_BY_MAIL	2	2	lang0,taiwan	taiwan:local_sync_data.dat:没有足够的自由空间，奖励通过邮件发送。 | lang0:lang0.pak:Not enough free space.\nReward sented by mail.
GAME_COMMON_MESSAGE_02	2	2	lang0,taiwan	taiwan:local_sync_data.dat:队伍的消息 | lang0:lang0.pak:Party Message
GAME_COMMON_NON_EXISTING_PET_SPECIFIED	2	2	lang0,taiwan	taiwan:local_sync_data.dat:宠物没有被发现。 | lang0:lang0.pak:Pet wasn't found.
GAME_COMMON_NOT_REGISTERED	2	2	lang0,taiwan	taiwan:local_sync_data.dat:玩家没有登录 | lang0:lang0.pak:Player isn't logged in
GAME_COMMON_TEMPORARY_	2	2	lang0,taiwan	taiwan:local_sync_data.dat:Temporary error. | lang0:lang0.pak:Temporary error.
GAME_COMMON_TOO_FEW_PLAYER	2	2	lang0,taiwan	taiwan:local_sync_data.dat:没有足够的玩家。 | lang0:lang0.pak:Not enough players.
GAME_COMMON_TOO_MANY_PLAYER	2	2	lang0,taiwan	taiwan:local_sync_data.dat:有太多的玩家了。 | lang0:lang0.pak:There are too many players.
GAME_COMMON_YOU_ARE_NOT_A_PARTY_LEADER	2	2	lang0,taiwan	taiwan:local_sync_data.dat:你不是一个队伍的领袖 | lang0:lang0.pak:You are not a party leader
GAME_COMMON_YOU_ARE_NOT_IN_A_PARTY	2	2	lang0,taiwan	taiwan:local_sync_data.dat:你没有一个队伍。 | lang0:lang0.pak:You're not in a party.
GAME_COMMON_ZENNY_CANT_BE_USED_RIGHT_NOW	2	2	lang0,taiwan	taiwan:local_sync_data.dat:索尼现在不能使用 | lang0:lang0.pak:Zeni can't be used right now
GAME_CONTENTS_CAN_NOT_PLAY_IN_BUDOKAI_REGISTER_STATE	2	2	lang0,taiwan	taiwan:local_sync_data.dat:没有登记时间！ | lang0:lang0.pak:No registration time!
GAME_CONTENTS_LOCK	2	2	lang0,taiwan	taiwan:local_sync_data.dat:游戏内容被锁定 | lang0:lang0.pak:Game content locked
GAME_COSTUMESHOP_CLOSE	2	2	lang0,taiwan	taiwan:local_sync_data.dat:販賣服裝時間結束 | lang0:lang0.pak:Costume shop selling time has ended
GAME_COSTUMESHOP_IS_NULL	2	2	lang0,taiwan	taiwan:local_sync_data.dat:没有服装商店的信息 | lang0:lang0.pak:There is no information about the costume shop
GAME_COSTUMESHOP_MISSMATCHING	2	2	lang0,taiwan	taiwan:local_sync_data.dat:服装商店信息不同 | lang0:lang0.pak:Mismatch in costume shop information
GAME_DB_CHAR_DATA_LOAD_FAIL	2	2	lang0,taiwan	"taiwan:local_sync_data.dat:[align = ""center""][font size = ""12"" color= ""f4d762""]角色检查[/font][br][br][font size = ""10"" color= ""f36a7c"" ]加载角色失败[/font] | lang0:lang0.pak:[align = ""center""][font size = ""12"" color=""f4d762""]Character check[/font][br][br][font size = ""10"" color=""f36a7c""]Failed to load character.[/font]"
GAME_DB_CHAR_NOT_FOUND	2	2	lang0,taiwan	"taiwan:local_sync_data.dat:[align = ""center""][font size = ""12"" color= ""f4d762""]角色[/font][br][br][font size = ""10"" color= ""f36a7c"" ]找不到角色数据[/font] | lang0:lang0.pak:[align = ""center""][font size = ""12"" color=""f4d762""]Character[/font][br][br][font size = ""10"" color=""f36a7c""]Couldn't find character data[/font]"
GAME_DISCONNECTED_FORCEDLY	2	2	lang0,taiwan	taiwan:local_sync_data.dat:强行断开连接 | lang0:lang0.pak:Forcedly disconnected
GAME_DISCONNECTED_TEMPORARILY	2	2	lang0,taiwan	taiwan:local_sync_data.dat:断开连接 | lang0:lang0.pak:Disconnected
GAME_DRAGONBALL_NOT_FOUND	2	2	lang0,taiwan	taiwan:local_sync_data.dat:找不到所有的龙珠 | lang0:lang0.pak:Couldn't find all dragon balls
GAME_DRAGONBALL_NOT_SAME_EXIST	2	2	lang0,taiwan	taiwan:local_sync_data.dat:找不到所有的龙珠 | lang0:lang0.pak:Couldn't find all dragon balls
GAME_DRAGONBALL_OBJECT_ARLEADY_USED	2	2	lang0,taiwan	taiwan:local_sync_data.dat:对象已经使用 | lang0:lang0.pak:Object already used
GAME_DRAGONBALL_REWARD_NOT_FOUND	2	2	lang0,taiwan	taiwan:local_sync_data.dat:找不到奖励 | lang0:lang0.pak:Couldn't find the reward
GAME_DRAGONBALL_SAME_EXIST	2	2	lang0,taiwan	taiwan:local_sync_data.dat:那个龙珠已经存在了。 | lang0:lang0.pak:That Dragon Ball already exists.
GAME_DRAGONBALL_TIME_OVER	2	2	lang0,taiwan	taiwan:local_sync_data.dat:时间结束 | lang0:lang0.pak:Time over
GAME_EMPTY_ITEM_SLOT_NOT_ENOUGH	2	2	lang0,taiwan	taiwan:local_sync_data.dat:没有足够的空物品槽。 | lang0:lang0.pak:Not enough empty item slots.
GAME_EQUIP_SLOT_NOT_EMPTY	2	2	lang0,taiwan	taiwan:local_sync_data.dat:已经装备到该插槽的物品。 | lang0:lang0.pak:Item already equipped to that slot.
GAME_FAIL	2	2	lang0,taiwan	taiwan:local_sync_data.dat:发生了一个系统问题。请联系管理员反馈(#G) | lang0:lang0.pak:A system problem has occurred. (#G)
GAME_FREEBATTLE_ALREADY_HAS_MATCH	2	2	lang0,taiwan	taiwan:local_sync_data.dat:已经在决斗了。 | lang0:lang0.pak:Already in a duel.
GAME_FREEBATTLE_CHALLENGE_ACCEPT_DENIED	2	2	lang0,taiwan	taiwan:local_sync_data.dat:决斗提议被拒绝。 | lang0:lang0.pak:Duel offer declined.
GAME_FREEBATTLE_CHALLENGE_ACCEPT_TIME_DENIED	2	2	lang0,taiwan	taiwan:local_sync_data.dat:挑战请求时间结束。 | lang0:lang0.pak:Challenge request time over.
GAME_FREEBATTLE_CHALLENGE_TIME_REMAIN	2	2	lang0,taiwan	taiwan:local_sync_data.dat:待命接受。 | lang0:lang0.pak:Standby for accept.
GAME_FREEBATTLE_CHALLENGE_WAIT_TIME_DENIED	2	2	lang0,taiwan	taiwan:local_sync_data.dat:挑战时间耗尽。 | lang0:lang0.pak:Challenge time run out.
GAME_FREEBATTLE_ERROR_HAS_NO_MATCH	2	2	lang0,taiwan	taiwan:local_sync_data.dat:不可能的实践。 | lang0:lang0.pak:Impossible to practice.
GAME_FREEBATTLE_ERROR_TARGET_HAS_NO_MATCH	2	2	lang0,taiwan	taiwan:local_sync_data.dat:不能互相对抗。 | lang0:lang0.pak:Can't fight against each other.
GAME_FREEBATTLE_ERROR_TARGET_WRONG_PEER	2	2	lang0,taiwan	taiwan:local_sync_data.dat:错误的目标。 | lang0:lang0.pak:Wrong target.
GAME_FREEBATTLE_ERROR_WRONG_PEER	2	2	lang0,taiwan	taiwan:local_sync_data.dat:错误的对象。 | lang0:lang0.pak:Wrong object.
GAME_FREEBATTLE_TARGET_ALREADY_HAS_MATCH	2	2	lang0,taiwan	taiwan:local_sync_data.dat:目标已经在免费的战斗比赛里面 | lang0:lang0.pak:Target already inside a free battle match
GAME_FREEBATTLE_TARGET_HAS_NO_MATCH	2	2	lang0,taiwan	taiwan:local_sync_data.dat:目标不在。 | lang0:lang0.pak:Target isn't available.
GAME_FREEBATTLE_WRONG_PLACE	2	2	lang0,taiwan	taiwan:local_sync_data.dat:无效的自由战斗场所 | lang0:lang0.pak:Invalid free battle place
GAME_GAMERULE_REG_ALREADY_JOINED_BUDOKAI	2	2	lang0,taiwan	taiwan:local_sync_data.dat:已经加入了武道会。 | lang0:lang0.pak:Already joined Budokai.
GAME_GAMERULE_REG_ALREADY_JOINED_DOJO_SCRAMBLE	2	2	lang0,taiwan	taiwan:local_sync_data.dat:已经加入了争夺战。 | lang0:lang0.pak:Already joined Scramble.
GAME_GAMERULE_REG_ALREADY_JOINED_IN_FREEBATTLE	2	2	lang0,taiwan	taiwan:local_sync_data.dat:已经加入了一场战斗。 | lang0:lang0.pak:Already joined a Battle.
GAME_GAMERULE_REG_ALREADY_JOINED_IN_RANKBATTLE	2	2	lang0,taiwan	taiwan:local_sync_data.dat:已经加入了一场战斗。 | lang0:lang0.pak:Already joined a Battle.
GAME_GAMERULE_REG_ALREADY_JOINED_IN_TMQ	2	2	lang0,taiwan	taiwan:local_sync_data.dat:已经加入TMQ。 | lang0:lang0.pak:Already joined TMQ.
GAME_GAMERULE_REG_ALREADY_OPENED_PRIVATE_SHOP	2	2	lang0,taiwan	taiwan:local_sync_data.dat:已经开了一家店。 | lang0:lang0.pak:Already opened a shop.
GAME_GAMERULE_REG_ALREADY_SUMMON_DRAGONBALL	2	2	lang0,taiwan	taiwan:local_sync_data.dat:神龙已经被召唤出来了。 | lang0:lang0.pak:Shenron has already been summoned.
GAME_GAMERULE_REG_CANT_PLAY_IN_BUDOKAI	2	2	lang0,taiwan	taiwan:local_sync_data.dat:在Budokai时无法进行。 | lang0:lang0.pak:Unable while in Budokai.
GAME_GAMERULE_REG_CANT_PLAY_IN_DOJO_SCRAMBLE	2	2	lang0,taiwan	taiwan:local_sync_data.dat:在争夺赛中无法进行。 | lang0:lang0.pak:Unable while in Scramble.
GAME_GAMERULE_REG_CANT_PLAY_IN_FREEBATTLE	2	2	lang0,taiwan	taiwan:local_sync_data.dat:在战斗中不能。 | lang0:lang0.pak:Unable while in Battle.
GAME_GAMERULE_REG_CANT_PLAY_IN_PRIVATE_SHOP	2	2	lang0,taiwan	taiwan:local_sync_data.dat:在商店期间无法使用。 | lang0:lang0.pak:Unable during Shop.
GAME_GAMERULE_REG_CANT_PLAY_IN_RANKBATTLE	2	2	lang0,taiwan	taiwan:local_sync_data.dat:在战斗中不能。 | lang0:lang0.pak:Unable while in Battle.
GAME_GAMERULE_REG_CANT_PLAY_IN_SUMMON_DRAGONBALL	2	2	lang0,taiwan	taiwan:local_sync_data.dat:在神龙被召唤的时候无法进行。 | lang0:lang0.pak:Unable while Shenron is summoned.
GAME_GAMERULE_REG_CANT_PLAY_IN_TMQ	2	2	lang0,taiwan	taiwan:local_sync_data.dat:在TMQ时无法使用。 | lang0:lang0.pak:Unable while in TMQ.
GAME_GAMERULE_REG_CANT_PLAY_IN_TUTORIAL	2	2	lang0,taiwan	taiwan:local_sync_data.dat:在教程中无法使用。 | lang0:lang0.pak:Unable while in Tutorial.
GAME_GMT_NOT_ENOUGH_RESET_POINT	2	2	lang0,taiwan	taiwan:local_sync_data.dat:没有足够的积分来重置 | lang0:lang0.pak:Not enough points to reset
GAME_GM_CANT_DO_THAT_WHEN_YOU_ARE_HIDING	2	2	lang0,taiwan	taiwan:local_sync_data.dat:在隐藏状态下不可能。 | lang0:lang0.pak:Not during Hidden state.
GAME_GM_LEVEL_NOT_FOUND	2	2	lang0,taiwan	taiwan:local_sync_data.dat:未找到GM级别。 | lang0:lang0.pak:Wrong Level to Apply.
GAME_GM_PUNISH_NOT_FOUND	2	2	lang0,taiwan	taiwan:local_sync_data.dat:没有找到。 | lang0:lang0.pak:Not found.
GAME_GM_TOOL_ACCOUNT_EXIST	2	2	lang0,taiwan	taiwan:local_sync_data.dat:账户已经存在。 | lang0:lang0.pak:Account already exists.
GAME_GM_TOOL_ACCOUNT_NOT_EXIST	2	2	lang0,taiwan	taiwan:local_sync_data.dat:没有这样的账户。 | lang0:lang0.pak:No such an account.
GAME_GM_TOOL_AGENTSERVER_NORUN	2	2	lang0,taiwan	taiwan:local_sync_data.dat:AGENT-服务器未运行。 | lang0:lang0.pak:AGENT-Server not running.
GAME_GM_TOOL_CHARACTER_EXIST	2	2	lang0,taiwan	taiwan:local_sync_data.dat:性格已经存在。 | lang0:lang0.pak:Character already exists.
GAME_GM_TOOL_CHARACTER_IS_NOT_KICK	2	2	lang0,taiwan	taiwan:local_sync_data.dat:角色踢出失败。 | lang0:lang0.pak:Character kick failed.
GAME_GM_TOOL_CHARACTER_NOT_EXIST	2	2	lang0,taiwan	taiwan:local_sync_data.dat:性格并不存在。 | lang0:lang0.pak:Character doesn't exists.
GAME_GM_TOOL_FAIL	2	2	lang0,taiwan	taiwan:local_sync_data.dat:GMTool失败。 | lang0:lang0.pak:GMTool failure.
GAME_GM_TOOL_GROUP_ALREADY_EXIST	2	2	lang0,taiwan	taiwan:local_sync_data.dat:队伍已经存在。 | lang0:lang0.pak:Party already exists.
GAME_GM_TOOL_GROUP_NEED_ADMIN	2	2	lang0,taiwan	taiwan:local_sync_data.dat:队伍需要一个领袖。 | lang0:lang0.pak:Party need a Leader.
GAME_GM_TOOL_GROUP_NOT_FOUND	2	2	lang0,taiwan	taiwan:local_sync_data.dat:未找到缔约方。 | lang0:lang0.pak:Party not found.
GAME_GM_TOOL_GUILD_NOT_FOUND	2	2	lang0,taiwan	taiwan:local_sync_data.dat:没有找到流派。 | lang0:lang0.pak:Guild not found.
GAME_GM_TOOL_INVALID_GM_TOOL_LOCALIZE_TYPE	2	2	lang0,taiwan	taiwan:local_sync_data.dat:GM工具无法连接到服务器。 | lang0:lang0.pak:GM Tool can't connect\nto the server.
GAME_GM_TOOL_INVALID_IP_ADDRESS	2	2	lang0,taiwan	taiwan:local_sync_data.dat:无效的IP地址。 | lang0:lang0.pak:Invalid IP-address.
GAME_GM_TOOL_INVALID_TOOL_VERSION	2	2	lang0,taiwan	taiwan:local_sync_data.dat:错误的GMTool版本。 | lang0:lang0.pak:Wrong GMTool version.
GAME_GM_TOOL_LOGIN_DUPLICATE	2	2	lang0,taiwan	taiwan:local_sync_data.dat:重复登录。 | lang0:lang0.pak:Duplicate Login.
GAME_GM_TOOL_LOGIN_PASS_FAIL	2	2	lang0,taiwan	taiwan:local_sync_data.dat:GMTool的错误传球。 | lang0:lang0.pak:Wrong Pass for GMTool.
GAME_GM_TOOL_NOTICE_OVER	2	2	lang0,taiwan	taiwan:local_sync_data.dat:来自GMTool的通知已经超过了可以使用的最大数量。 | lang0:lang0.pak:Notice from GMTool have exceeded\nthe max. number that can be used.
GAME_GM_TOOL_PASS_NULL	2	2	lang0,taiwan	taiwan:local_sync_data.dat:还没有设定密码。 | lang0:lang0.pak:Haven't set a Password.
GAME_GM_TOOL_RANK_BATTLE_POINT_NOT_FOUND	2	2	lang0,taiwan	taiwan:local_sync_data.dat:没有发现Ranke战斗点。 | lang0:lang0.pak:No Ranke Battle Points found.
GAME_GM_TOOL_SERVERFARMID_INVALID	2	2	lang0,taiwan	taiwan:local_sync_data.dat:服务器农场ID无效。 | lang0:lang0.pak:Server FarmID invalid.
GAME_GM_TOOL_SERVER_CANT_BE_TURNED_OFF_BY_GM_TOOL	2	2	lang0,taiwan	taiwan:local_sync_data.dat:服务器不能由GMTool关闭。 | lang0:lang0.pak:Server can't turned OFF by GMTool.
GAME_GM_TOOL_SERVER_CANT_BE_TURNED_ON_BY_GM_TOOL	2	2	lang0,taiwan	taiwan:local_sync_data.dat:服务器不能由GMTool打开。 | lang0:lang0.pak:Server can't turned ON by GMTool.
GAME_GM_TOOL_USER_NOT_FOUND	2	2	lang0,taiwan	taiwan:local_sync_data.dat:未找到用户。 | lang0:lang0.pak:User not found.
GAME_GM_TOOL_WRONG_SERVER_TO_TURN_OFF	2	2	lang0,taiwan	taiwan:local_sync_data.dat:错误的服务器要关闭。 | lang0:lang0.pak:Wrong Server to turn OFF.
GAME_GM_TOOL_WRONG_SERVER_TO_TURN_ON	2	2	lang0,taiwan	taiwan:local_sync_data.dat:开启的服务器错误。 | lang0:lang0.pak:Wrong Server to turn ON.
GAME_GUILD_ALREADY_HAS_DOJO_FUNCTION	2	2	lang0,taiwan	taiwan:local_sync_data.dat:流派已经拥有了道场的功能 | lang0:lang0.pak:Guild already possess the dojo function
GAME_GUILD_ALREADY_HAS_GUILD_FUNCTION	2	2	lang0,taiwan	taiwan:local_sync_data.dat:流派已经具备了流派的功能 | lang0:lang0.pak:Guild already posses the guild function
GAME_GUILD_DOGI_ARLEADY_CREATED	2	2	lang0,taiwan	"taiwan:local_sync_data.dat:[align = ""center""][font size = ""12"" color= ""f4d762""]流派系统[/font][br][br][font size = ""10"" color= ""f36a7c""]Dogi已经创建[/font] | lang0:lang0.pak:[align = ""center""][font size = ""12"" color=""f4d762""]Guild System[/font][br][br][font size = ""10"" color=""f36a7c""]Dogi already created[/font]"
GAME_GUILD_DOGI_CHANGE_FUNCTION_NEED	2	2	lang0,taiwan	taiwan:local_sync_data.dat:不可能改变的狗 | lang0:lang0.pak:Impossible to change the dogi
GAME_GUILD_DOGI_NOT_CREATED	2	2	lang0,taiwan	"taiwan:local_sync_data.dat:[align = ""center""][font size = ""12"" color= ""f4d762""]Dogi[/font][br][br][font size = ""10"" color= ""f36a7c""]Dogi还没有被创建。] | lang0:lang0.pak:[align = ""center""][font size = ""12"" color=""f4d762""]Dogi[/font][br][br][font size = ""10"" color=""f36a7c""]Dogi hasn't been created.[/font]"
GAME_GUILD_DOJO_ALREADY_HAVE	2	2	lang0,taiwan	"taiwan:local_sync_data.dat:[align = ""center""][font size = ""12"" color= ""f4d762""]道场[/font][br][br][font size = ""10"" color= ""f36a7c""]已经有一个道场。[/font] | lang0:lang0.pak:[align = ""center""][font size = ""12"" color=""f4d762""]Dojo[/font][br][br][font size = ""10"" color=""f36a7c""]Already have a Dojo.[/font]"
GAME_GUILD_DOJO_DOGI_CHANGE_FUNCTION_NEED	2	2	lang0,taiwan	"taiwan:local_sync_data.dat:[align = ""center""][font size = ""12"" color= ""f4d762""]道场-狗[/font][br][br][font size = ""10"" color= ""f36a7c""]需要一个道场来做这个。[/font] | lang0:lang0.pak:[align = ""center""][font size = ""12"" color=""f4d762""]Dojo-Dogi[/font][br][br][font size = ""10"" color=""f36a7c""]Requires a Dojo to make that.[/font]"
GAME_GUILD_DOJO_FUNCTION_ADD_FIRST	2	2	lang0,taiwan	taiwan:local_sync_data.dat:请先添加功能。 | lang0:lang0.pak:Please add function first.
GAME_GUILD_DOJO_MANAGER_IS_TOO_FAR	2	2	lang0,taiwan	taiwan:local_sync_data.dat:道场管理员太远了 | lang0:lang0.pak:Dojo manager is too far
GAME_GUILD_DOJO_NEED_FUNCTION	2	2	lang0,taiwan	taiwan:local_sync_data.dat:功能不可用 | lang0:lang0.pak:Function not available
GAME_GUILD_DOJO_NOT_FOUND	2	2	lang0,taiwan	taiwan:local_sync_data.dat:未找到道场 | lang0:lang0.pak:Dojo not found
GAME_GUILD_DOJO_NOT_FOUND_TABLE	2	2	lang0,taiwan	taiwan:local_sync_data.dat:找不到道场表。 | lang0:lang0.pak:Can't find Dojo Table.
GAME_GUILD_DOJO_SCRAMBLE_CHALLENGER_CANT_DO	2	2	lang0,taiwan	taiwan:local_sync_data.dat:不能被挑战。 | lang0:lang0.pak:Can't be challenged.
GAME_GUILD_DOJO_SCRAMBLE_CHALLENGE_HAVE	2	2	lang0,taiwan	taiwan:local_sync_data.dat:已经被挑战了。 | lang0:lang0.pak:Already Challenged.
GAME_GUILD_DOJO_SCRAMBLE_CHALLENGE_HAVE_DOJO	2	2	lang0,taiwan	taiwan:local_sync_data.dat:你已经拥有了一个道场。 | lang0:lang0.pak:You already own a Dojo.
GAME_GUILD_DOJO_SCRAMBLE_CHALLENGE_ONLY_ONETIME	2	2	lang0,taiwan	taiwan:local_sync_data.dat:你已经挑战了一个。 | lang0:lang0.pak:You already challenged one.
GAME_GUILD_DOJO_SCRAMBLE_CHALLENGE_STATUS_FAIL	2	2	lang0,taiwan	taiwan:local_sync_data.dat:你不能挑战。 | lang0:lang0.pak:You can't challenge.
GAME_GUILD_DOJO_SCRAMBLE_MAX_COUNT_OVER	2	2	lang0,taiwan	taiwan:local_sync_data.dat:没有更多的成员不能进入。 | lang0:lang0.pak:No more Member can't enter.
GAME_GUILD_DOJO_SCRAMBLE_NOT_A_PARTY_LEADER	2	2	lang0,taiwan	taiwan:local_sync_data.dat:你不是领导。 | lang0:lang0.pak:You aren't the leader.
GAME_GUILD_DOJO_SCRAMBLE_REJECT_STATUS_FAIL	2	2	lang0,taiwan	taiwan:local_sync_data.dat:不能拒绝挑战。 | lang0:lang0.pak:Can't refuse the Challenge.
GAME_GUILD_DOJO_SCRAMBLE_SEAL_INVEN_NOT_FOUND	2	2	lang0,taiwan	taiwan:local_sync_data.dat:没有足够的自由空间，你不能进入。 | lang0:lang0.pak:Not enough free space,\nyou can't enter.
GAME_GUILD_DOJO_SEAL_CANT_BE_ATTACKED	2	2	lang0,taiwan	taiwan:local_sync_data.dat:密封不能被攻击。 | lang0:lang0.pak:Seal can't be attacked.
GAME_GUILD_DOJO_SELF_SCRAMBLE_FAIL	2	2	lang0,taiwan	taiwan:local_sync_data.dat:不能对你们自己这样做。 | lang0:lang0.pak:Can't do that to yourselves.
GAME_GUILD_DOJO_TOO_MANY_ATTACKER_ON_SEAL	2	2	lang0,taiwan	taiwan:local_sync_data.dat:攻击者太多。 | lang0:lang0.pak:Too many attackers.
GAME_GUILD_DOJO_YOU_ARE_ARLREADY_REJECT	2	2	lang0,taiwan	taiwan:local_sync_data.dat:已经拒绝了一项挑战。 | lang0:lang0.pak:Already rejected a challenge.
GAME_GUILD_DOJO_YOU_ARE_ARLREADY_REJECT_ONE_TIME	2	2	lang0,taiwan	taiwan:local_sync_data.dat:战斗只能被拒绝一次。 | lang0:lang0.pak:The battle can be\nrejected only once.
GAME_GUILD_DOJO_YOU_ARE_NOT_A_PARTY_LEADER	2	2	lang0,taiwan	"taiwan:local_sync_data.dat:[align = ""center""][font size = ""12"" color= ""f4d762""]道场[/font][br][br][font size = ""10"" color= ""f36a7c""]你不是领袖。[/font] | lang0:lang0.pak:[align = ""center""][font size = ""12"" color=""f4d762""]Dojo[/font][br][br][font size = ""10"" color=""f36a7c""]You aren't the leader.[/font]"
GAME_GUILD_DOJO_YOU_ARE_NOT_ENOUGH_REPUTATION	2	2	lang0,taiwan	taiwan:local_sync_data.dat:信誉点不足。 | lang0:lang0.pak:Not enough Reputation points.
GAME_GUILD_DOJO_YOU_ARE_NOT_ENOUGH_ZENNY	2	2	lang0,taiwan	taiwan:local_sync_data.dat:索尼不足。 | lang0:lang0.pak:Not enough Zeni.
GAME_GUILD_DOJO_YOU_ARE_NOT_OWNNER	2	2	lang0,taiwan	"taiwan:local_sync_data.dat:[align = ""center""][font size = ""12"" color = ""f4d762""]流派[/font][br][font size = ""10"" color = ""f36a7c""]你不是主人！[/font] | lang0:lang0.pak:[align = ""center""][font size = ""12"" color = ""f4d762""]Guild[/font][br][br][font size = ""10"" color = ""f36a7c""]You aren't the owner![/font]"
GAME_GUILD_DOJO_YOU_CANT_ATTACK_YOUR_TEAM_SEAL	2	2	lang0,taiwan	taiwan:local_sync_data.dat:不能攻击你自己的印章。 | lang0:lang0.pak:Can't attack you own Seal.
GAME_GUILD_DOJO_YOU_DONT_BELONG_TO_ANY_DOJO	2	2	lang0,taiwan	taiwan:local_sync_data.dat:你不属于任何道场。 | lang0:lang0.pak:You don't belong to any Dojo.
GAME_GUILD_DOJO_YOU_DONT_BELONG_TO_THAT_DOJO	2	2	lang0,taiwan	taiwan:local_sync_data.dat:你不属于这个道场。 | lang0:lang0.pak:You don't belong to this Dojo.
GAME_GUILD_GIVE_ZENNY_NOT_MATCHED	2	2	lang0,taiwan	taiwan:local_sync_data.dat:消费超过10,000索尼才能获得积分。 | lang0:lang0.pak:Spend more than 10,000 Zeni to receive points.
GAME_GUILD_GUILD_MANAGER_IS_TOO_FAR	2	2	lang0,taiwan	taiwan:local_sync_data.dat:流派管理员太远了 | lang0:lang0.pak:Guild manager is too far
GAME_GUILD_GUILD_NAME_HAS_INVALID_CHARACTER	2	2	lang0,taiwan	"taiwan:local_sync_data.dat:[align = ""center""][font size = ""12"" color=""f4d762""]流派系统[/font][br][br][font size = ""10"" color=""f36a7c""]流派名称有一个无效字符[/font] | lang0:lang0.pak:[align = ""center""][font size = ""12"" color=""f4d762""]Guild System[/font][br][br][font size = ""10"" color=""f36a7c""]Guild Name has an invalid character[/font]"
GAME_GUILD_HOIPOIROCK_ITEM_COUNT_FAIL	2	2	lang0,taiwan	taiwan:local_sync_data.dat:没有足够的HoiPoi石。 | lang0:lang0.pak:Not enough HoiPoi Stones.
GAME_GUILD_HOIPOIROCK_ITEM_NOT_FOUND	2	2	lang0,taiwan	taiwan:local_sync_data.dat:找不到HoiPoi石。 | lang0:lang0.pak:Couldn't find HoiPoi Stone.
GAME_GUILD_HOIPOIROCK_ITEM_NOT_MATCHED	2	2	lang0,taiwan	taiwan:local_sync_data.dat:错误的HoiPoi石的类型。 | lang0:lang0.pak:Wrong type of HoiPoi Stone.
GAME_GUILD_MAKE_DOJO_ALREADY_TAKEN	2	2	lang0,taiwan	"taiwan:local_sync_data.dat:[align = ""center""][font size = ""12"" color= ""f4d762""]Dojo[/font][br][font size = ""10"" color= ""f36a7c""]Dojo已经被采用。 | lang0:lang0.pak:[align = ""center""][font size = ""12"" color=""f4d762""]Dojo[/font][br][br][font size = ""10"" color=""f36a7c""]Dojo has been adopted.[/font]"
GAME_GUILD_MAKE_DOJO_NOT_TAKEN	2	2	lang0,taiwan	taiwan:local_sync_data.dat:道场还没有主人。 | lang0:lang0.pak:Dojo hasn't an owner.
GAME_GUILD_MARK_ARLEADY_CREATED	2	2	lang0,taiwan	taiwan:local_sync_data.dat:符号已经创建 | lang0:lang0.pak:Symbol already created
GAME_GUILD_MARK_NOT_CREATED	2	2	lang0,taiwan	taiwan:local_sync_data.dat:没有徽记可用。 | lang0:lang0.pak:No emblem available.
GAME_GUILD_NEED_DOJO_NOT_FOUND	2	2	lang0,taiwan	taiwan:local_sync_data.dat:你需要一个道场 | lang0:lang0.pak:You need a dojo
GAME_GUILD_NEED_GUILD_FUNCTION	2	2	lang0,taiwan	"taiwan:local_sync_data.dat:[align = ""center""][font size = ""12"" color= ""f4d762""]流派[/font][br][font size = ""10"" color= ""f36a7c""]请先获取功能。 | lang0:lang0.pak:[align = ""center""][font size = ""12"" color=""f4d762""]Guild[/font][br][br][font size = ""10"" color=""f36a7c""]Please obtain the feature first.[/font]"
GAME_GUILD_NEED_LEVEL_MORE	2	2	lang0,taiwan	taiwan:local_sync_data.dat:流派需要一个更高的等级 | lang0:lang0.pak:Guild need a higher level
GAME_GUILD_NEED_MORE_GUILD_POINT	2	2	lang0,taiwan	taiwan:local_sync_data.dat:没有足够的流派积分。 | lang0:lang0.pak:Not enough Guild Points.
GAME_GUILD_NEED_MORE_ZENNY	2	2	lang0,taiwan	taiwan:local_sync_data.dat:不足索尼。 | lang0:lang0.pak:Not enough Zeni.
GAME_GUILD_NEED_MORE_ZENNY_FOR_NEW_GUILD	2	2	lang0,taiwan	"taiwan:local_sync_data.dat:[align = ""center""][font size = ""12"" color=""f4d762""]流派创建[/font][br][br][font size = ""10"" color=""f36a7c""]创建流派需要更多索尼[/font] | lang0:lang0.pak:[align = ""center""][font size = ""12"" color=""f4d762""]Guild Creation[/font][br][br][font size = ""10"" color=""f36a7c""]More Zeni needed to create a guild[/font]"
GAME_GUILD_NEED_PREREQUISITE_DOJO_FUNCTION	2	2	lang0,taiwan	taiwan:local_sync_data.dat:Guild function missing/nto obtain this function。 | lang0:lang0.pak:Guild function missing\nto obtain this function.
GAME_GUILD_NEED_PREREQUISITE_GUILD_FUNCTION	2	2	lang0,taiwan	taiwan:local_sync_data.dat:Guild function missing/nto obtain this function。 | lang0:lang0.pak:Guild function missing\nto obtain this function.
GAME_GUILD_NON_EXISTING_DOJO_FUNCTION	2	2	lang0,taiwan	taiwan:local_sync_data.dat:未知的Dojo函数 | lang0:lang0.pak:Unknown Dojo function
GAME_GUILD_NON_EXISTING_GUILD_FUNCTION	2	2	lang0,taiwan	"taiwan:local_sync_data.dat:[align = ""center""][font size = ""12"" color= ""f4d762""]流派[/font][br][font size = ""10"" color= ""f36a7c""]流派不取得权利，[br]你必须先取得许可。[/font] | lang0:lang0.pak:[align = ""center""][font size = ""12"" color=""f4d762""]Guild[/font][br][br][font size = ""10"" color=""f36a7c""]Guild not acquire the rights,[br]you must first obtain permission.[/font]"
GAME_GUILD_NOT_DOJO_MANAGER_NPC	2	2	lang0,taiwan	taiwan:local_sync_data.dat:不是道场管理员。 | lang0:lang0.pak:Not a Dojo Manager.
GAME_GUILD_NOT_EXIST	2	2	lang0,taiwan	taiwan:local_sync_data.dat:那个流派并不存在。 | lang0:lang0.pak:That Guild doesn't exist.
GAME_GUILD_NOT_GUILD_MANAGER_NPC	2	2	lang0,taiwan	taiwan:local_sync_data.dat:不是流派管理员。 | lang0:lang0.pak:Not a Guild Manager.
GAME_GUILD_NOT_PROPER_GUILD_NAME	2	2	lang0,taiwan	taiwan:local_sync_data.dat:不合适的流派名称。 | lang0:lang0.pak:Unsuitable Guild name.
GAME_GUILD_NOT_PROPER_GUILD_NAME_CHALLENGE_DOJO	2	2	lang0,taiwan	taiwan:local_sync_data.dat:不能使用，因为等待期和争夺期。 | lang0:lang0.pak:Can't be used because the\nwaiting period and scramble.
GAME_GUILD_NOT_PROPER_GUILD_NAME_DOJO	2	2	lang0,taiwan	taiwan:local_sync_data.dat:不能使用，因为等待期和争夺期。 | lang0:lang0.pak:Can't be used because the\nwaiting period and scramble.
GAME_GUILD_NOT_PROPER_GUILD_NAME_LENGTH	2	2	lang0,taiwan	"taiwan:local_sync_data.dat:[align = ""center""][font size = ""12"" color= ""f4d762""]流派[/font][br][br][font size = ""10"" color= ""f36a7c""]名字必须是2-16个字符[/font] | lang0:lang0.pak:[align = ""center""][font size = ""12"" color=""f4d762""]Guild[/font][br][br][font size = ""10"" color=""f36a7c""]Name must be 2-16 characters.[/font]"
GAME_GUILD_NO_DOJO_MANAGER_NPC_FOUND	2	2	lang0,taiwan	taiwan:local_sync_data.dat:找不到道场管理员。 | lang0:lang0.pak:Couldn't find Dojo Manager.
GAME_GUILD_NO_GUILD_FOUND	2	2	lang0,taiwan	"taiwan:local_sync_data.dat:[align = ""center""][font size = ""12"" color= ""f4d762""]流派[/font][br][br][font size = ""10"" color= ""f36a7c""]请先加入一个流派。[/font] | lang0:lang0.pak:[align = ""center""][font size = ""12"" color=""f4d762""]Guild[/font][br][br][font size = ""10"" color=""f36a7c""]Please join a Guild first.[/font]"
GAME_GUILD_NO_GUILD_MANAGER_NPC_FOUND	2	2	lang0,taiwan	taiwan:local_sync_data.dat:找不到流派管理员。 | lang0:lang0.pak:Couldn't find Guild Manager.
GAME_GUILD_SAME_GUILD_NAME_EXIST	2	2	lang0,taiwan	taiwan:local_sync_data.dat:流派名称已经存在。 | lang0:lang0.pak:Guild name already exists.
GAME_GUILD_YOUR_GUILD_CANT_DO_DOJO_TELEPORT	2	2	lang0,taiwan	taiwan:local_sync_data.dat:不能使用道场传送。 | lang0:lang0.pak:Can't use the dojo teleport.
GAME_HAVE_NEED_ZENNY_MEMBER	2	2	lang0,taiwan	taiwan:local_sync_data.dat:成员需要更多的索尼。 | lang0:lang0.pak:Member need more Zeni.
GAME_HTB_CANT_FORWARD_ANYMORE	2	2	lang0,taiwan	taiwan:local_sync_data.dat:HTB现在不可能。 | lang0:lang0.pak:HTB not possible right now.
GAME_HTB_NOT_ENOUGH_RP_BALL	2	2	lang0,taiwan	taiwan:local_sync_data.dat:没有足够的RP球。 | lang0:lang0.pak:Not enough RP Balls.
GAME_HTB_NO_HTB_RESULT	2	2	lang0,taiwan	taiwan:local_sync_data.dat:未使用HTB。 | lang0:lang0.pak:HTB not used.
GAME_HTB_YOU_ALREADY_USED_RP_BALL	2	2	lang0,taiwan	taiwan:local_sync_data.dat:RP已经使用。 | lang0:lang0.pak:RP already used.
GAME_HTB_YOU_HAVE_NO_RELATION_WITH_HTB	2	2	lang0,taiwan	taiwan:local_sync_data.dat:国家和HTB没有关系。 | lang0:lang0.pak:State and HTB irrelevant.
GAME_INPUT_PARAMETER_WRONG	2	2	lang0,taiwan	taiwan:local_sync_data.dat:不是一个有效的条目。 | lang0:lang0.pak:Not a valid entry.
GAME_INVALID_AUTH_KEY	2	2	lang0,taiwan	"taiwan:local_sync_data.dat:[align = ""center""][font size = ""12"" color=""f4d762""]游戏服务器[/font][br][br][font size = ""10"" color=""f36a7c""]游戏服务器认证失败[/font] | lang0:lang0.pak:[align = ""center""][font size = ""12"" color=""f4d762""]Game Server[/font][br][br][font size = ""10"" color=""f36a7c""]Game Server authentication failed[/font]"
GAME_ITEM_ALREADY_EXIST	2	2	lang0,taiwan	taiwan:local_sync_data.dat:道具已经存在 | lang0:lang0.pak:Item already exist
GAME_ITEM_ALREADY_SEAL	2	2	lang0,taiwan	taiwan:local_sync_data.dat:物品已经密封 | lang0:lang0.pak:Item already sealed
GAME_ITEM_BAG_IS_NOT_EMPTY	2	2	lang0,taiwan	taiwan:local_sync_data.dat:物品袋并不是空的 | lang0:lang0.pak:Item bag isn't empty
GAME_ITEM_CANNOT_BUY_NOW	2	2	lang0,taiwan	taiwan:local_sync_data.dat:该物品无法购买。 | lang0:lang0.pak:The item can't be purchased.
GAME_ITEM_CANNOT_DELETE	2	2	lang0,taiwan	taiwan:local_sync_data.dat:无法删除道具 | lang0:lang0.pak:Can't delete item
GAME_ITEM_CANNOT_EXTRACT_SEAL_INVALID_ITEM	2	2	lang0,taiwan	taiwan:local_sync_data.dat:不是密封物品。 | lang0:lang0.pak:Not a sealing Item.
GAME_ITEM_CANNOT_INSERT_BEAD_BY_NO_MATCH_ITEM	2	2	lang0,taiwan	taiwan:local_sync_data.dat:错误的道具。 | lang0:lang0.pak:Wrong Item.
GAME_ITEM_CANNOT_SEAL_BY_INVALID_RESTRICT	2	2	lang0,taiwan	taiwan:local_sync_data.dat:物品不能密封。 | lang0:lang0.pak:Item can't be sealing.
GAME_ITEM_CANNOT_SEAL_MORE_SEALITEM	2	2	lang0,taiwan	taiwan:local_sync_data.dat:没有足够的印章币。 | lang0:lang0.pak:Not enough Seal Coins.
GAME_ITEM_CANNOT_USE_INVALID_TARGET	2	2	lang0,taiwan	taiwan:local_sync_data.dat:不能对该目标使用物品。 | lang0:lang0.pak:Can't use item on that target.
GAME_ITEM_CANT_BE_USED_ON_YOURSELF	2	2	lang0,taiwan	taiwan:local_sync_data.dat:不能对自己使用该物品。 | lang0:lang0.pak:Can't use that item on yourself.
GAME_ITEM_CANT_RENEWRAL	2	2	lang0,taiwan	taiwan:local_sync_data.dat:道具不能续期 | lang0:lang0.pak:Item can't be renewed
GAME_ITEM_CANT_USE_ADD_CHARACTER_PLUS	2	2	lang0,taiwan	taiwan:local_sync_data.dat:现在无法使用。 | lang0:lang0.pak:Unable to use right now.
GAME_ITEM_CANT_USE_CAUSE_CAPSULE_ITEM_ALREADY_IN_USE	2	2	lang0,taiwan	taiwan:local_sync_data.dat:已经在使用。 | lang0:lang0.pak:Already in use.
GAME_ITEM_CANT_USE_FOR_SOME_REASON	2	2	lang0,taiwan	taiwan:local_sync_data.dat:现在不能使用道具。 | lang0:lang0.pak:Can't use item now.
GAME_ITEM_CANT_USE_INVALID_PLAYER	2	2	lang0,taiwan	taiwan:local_sync_data.dat:无法使用于不存在的玩家身上 | lang0:lang0.pak:Cannot be used on a non-existent player
GAME_ITEM_CANT_USE_INVALID_WORLD	2	2	lang0,taiwan	taiwan:local_sync_data.dat:无法用於不存在的地区的玩家身上 | lang0:lang0.pak:Cannot be used on a player in a non-existent area
GAME_ITEM_CANT_USE_NOW	2	2	lang0,taiwan	taiwan:local_sync_data.dat:现在不能使用道具。 | lang0:lang0.pak:Can't use item now.
GAME_ITEM_CASTING_CANCELED	2	2	lang0,taiwan	taiwan:local_sync_data.dat:取消了道具铸造 | lang0:lang0.pak:Item casting canceled
GAME_ITEM_CHANGE_BATTLE_ATTRIBUTE_NO_SUBJECT_ITEM	2	2	lang0,taiwan	taiwan:local_sync_data.dat:没有可用于此的道具。 | lang0:lang0.pak:No Item available for that.
GAME_ITEM_CHANGE_BATTLE_ATTRIBUTE_WRONG_ITEM_TYPE	2	2	lang0,taiwan	taiwan:local_sync_data.dat:错误的道具类型。 | lang0:lang0.pak:Wrong item type.
GAME_ITEM_CHANGE_BATTLE_ATTRIBUTE_WRONG_LV	2	2	lang0,taiwan	taiwan:local_sync_data.dat:需要相同或更高的Lv. | lang0:lang0.pak:Same or higher Lv. needed.
GAME_ITEM_CHANGE_BATTLE_ATTRIBUTE_WRONG_RANK	2	2	lang0,taiwan	taiwan:local_sync_data.dat:需要相同或更高的等级。 | lang0:lang0.pak:Same or higher Grade needed.
GAME_ITEM_CHANGE_BATTLE_ATTRIBUTE_WRONG_SUB_ITEM_TYPE	2	2	lang0,taiwan	taiwan:local_sync_data.dat:错误的道具类型。 | lang0:lang0.pak:Wrong item type.
GAME_ITEM_CLASS_FAIL	2	2	lang0,taiwan	taiwan:local_sync_data.dat:无效的职业类型 | lang0:lang0.pak:Invalid Class
GAME_ITEM_CREATE_COUNT_OVER	2	2	lang0,taiwan	taiwan:local_sync_data.dat:不能一下子创造更多。 | lang0:lang0.pak:Can't create more at once.
GAME_ITEM_DELETE_COUNT_OVER	2	2	lang0,taiwan	taiwan:local_sync_data.dat:不能一下子删除更多。 | lang0:lang0.pak:Can't delete more at once.
GAME_ITEM_DICE_FAIL_INVALID_DICE	2	2	lang0,taiwan	taiwan:local_sync_data.dat:Invalid dice roll. | lang0:lang0.pak:Invalid dice roll.
GAME_ITEM_DICE_FAIL_INVALID_PARTY	2	2	lang0,taiwan	taiwan:local_sync_data.dat:Invalid party for dice. | lang0:lang0.pak:Invalid party for dice.
GAME_ITEM_DICE_FAIL_LIMITED_STATE	2	2	lang0,taiwan	taiwan:local_sync_data.dat:Cannot roll dice in current state. | lang0:lang0.pak:Cannot roll dice in current state.
GAME_ITEM_DICE_FAIL_NOT_EQUIPED	2	2	lang0,taiwan	taiwan:local_sync_data.dat:Item not equipped for dice. | lang0:lang0.pak:Item not equipped for dice.
GAME_ITEM_DICE_FAIL_NOT_FIND	2	2	lang0,taiwan	taiwan:local_sync_data.dat:Dice item not found. | lang0:lang0.pak:Dice item not found.
GAME_ITEM_DICE_FAIL_OVERFLOW_PARTYINVEN	2	2	lang0,taiwan	taiwan:local_sync_data.dat:Party inventory overflow. | lang0:lang0.pak:Party inventory overflow.
GAME_ITEM_DURATIONTIME_ZERO	2	2	lang0,taiwan	taiwan:local_sync_data.dat:道具持续时间为0 | lang0:lang0.pak:Item duration time is 0
GAME_ITEM_DUR_ZERO	2	2	lang0,taiwan	taiwan:local_sync_data.dat:物品耐久性为0 | lang0:lang0.pak:Item durability is zero.
GAME_ITEM_EXCHANGE_FAIL	2	2	lang0,taiwan	taiwan:local_sync_data.dat:交换物品失败 | lang0:lang0.pak:Failed to exchange items
GAME_ITEM_EXCHANGE_NOT_STACKED	2	2	lang0,taiwan	taiwan:local_sync_data.dat:道具不能堆叠，请继续。 | lang0:lang0.pak:Item not stackable,\nplease continue.
GAME_ITEM_EXCHANGE_SUCCESS	2	2	lang0,taiwan	taiwan:local_sync_data.dat:成功地交换了。 | lang0:lang0.pak:Successfully exchanged.
GAME_ITEM_GENDER_DOESNT_MATCH	2	2	lang0,taiwan	taiwan:local_sync_data.dat:性别不匹配。 | lang0:lang0.pak:Gender doesn't match.
GAME_ITEM_HOIPOIMIX_FARE_CAN_NOT_SET	2	2	lang0,taiwan	taiwan:local_sync_data.dat:收费道具不可用。 | lang0:lang0.pak:Fee set not available.
GAME_ITEM_HOIPOIMIX_FARE_NOT_SET	2	2	lang0,taiwan	taiwan:local_sync_data.dat:费用未定。 | lang0:lang0.pak:Fee isn't set.
GAME_ITEM_HOIPOIMIX_FARE_RATE_FAIL	2	2	lang0,taiwan	taiwan:local_sync_data.dat:费用已经超过了。 | lang0:lang0.pak:Fee has been exceeded.
GAME_ITEM_HOIPOI_CANNOT_MAKE_INVEN_FULL	2	2	lang0,taiwan	taiwan:local_sync_data.dat:库存已满 | lang0:lang0.pak:Inventory full
GAME_ITEM_INSERT_BEAD_FAIL_AND_DEL	2	2	lang0,taiwan	taiwan:local_sync_data.dat:时装球镶嵌失败。 | lang0:lang0.pak:Dogi stats appliance failed.
GAME_ITEM_INVALID_BEAD_OPTION	2	2	lang0,taiwan	taiwan:local_sync_data.dat:来自珠子道具的价值并不正确。 | lang0:lang0.pak:Value from the bead item isn't correct.
GAME_ITEM_INVALID_DESTROY_BEAD	2	2	lang0,taiwan	taiwan:local_sync_data.dat:首先应用狗球效应。 | lang0:lang0.pak:First apply a dogiball effect.
GAME_ITEM_INVALID_DURATION_BEAD	2	2	lang0,taiwan	taiwan:local_sync_data.dat:时间到了。 | lang0:lang0.pak:Duration time's up.
GAME_ITEM_INVEN_FULL	2	2	lang0,taiwan	taiwan:local_sync_data.dat:库存已满 | lang0:lang0.pak:Inventory is full
GAME_ITEM_IS_LOCK	2	2	lang0,taiwan	taiwan:local_sync_data.dat:道具已被锁定 | lang0:lang0.pak:Item is locked
GAME_ITEM_LOOTING	2	2	lang0,taiwan	taiwan:local_sync_data.dat:提货道具 | lang0:lang0.pak:Pickup Item
GAME_ITEM_LOOTING_FAIL_FOR_DICELOOT	2	2	lang0,taiwan	taiwan:local_sync_data.dat:正在进行中的骰子无法获得。 | lang0:lang0.pak:Dice in progress can't be obtained.
GAME_ITEM_MAX_COUNT_OVER	2	2	lang0,taiwan	taiwan:local_sync_data.dat:道具数量超过限制 | lang0:lang0.pak:Item count is over the limit
GAME_ITEM_MAX_WATT_OVER	2	2	lang0,taiwan	taiwan:local_sync_data.dat:Scouter是超负荷的。 | lang0:lang0.pak:Scouter is overloaded.
GAME_ITEM_NEED_LESS_LEVEL	2	2	lang0,taiwan	taiwan:local_sync_data.dat:需要更少的等级 | lang0:lang0.pak:Need less level
GAME_ITEM_NEED_MORE_LEVEL	2	2	lang0,taiwan	taiwan:local_sync_data.dat:需要更多的等级 | lang0:lang0.pak:Need more level
GAME_ITEM_NEED_MORE_PARAMETER	2	2	lang0,taiwan	taiwan:local_sync_data.dat:需要更多的参数 | lang0:lang0.pak:Need more parameter
GAME_ITEM_NOT_BATTLE_AVAILABLE_LOCATION	2	2	lang0,taiwan	taiwan:local_sync_data.dat:在这个战斗区域不能使用它。 | lang0:lang0.pak:Can't use it in this battle area.
GAME_ITEM_NOT_BEAD	2	2	lang0,taiwan	taiwan:local_sync_data.dat:这不是一个珠子道具。 | lang0:lang0.pak:It isn't a bead item.
GAME_ITEM_NOT_DESTROY_BEAD	2	2	lang0,taiwan	taiwan:local_sync_data.dat:消除效果失败。 | lang0:lang0.pak:Failed to remove the effect.
GAME_ITEM_NOT_ENOUGH	2	2	lang0,taiwan	taiwan:local_sync_data.dat:物品不足。 | lang0:lang0.pak:Not enough items.
GAME_ITEM_NOT_ENOUGH_EP	2	2	lang0,taiwan	taiwan:local_sync_data.dat:没有足够的EP。 | lang0:lang0.pak:Not enough EP.
GAME_ITEM_NOT_ENOUGH_LP	2	2	lang0,taiwan	taiwan:local_sync_data.dat:没有足够的LP。 | lang0:lang0.pak:Not enough LP.
GAME_ITEM_NOT_ENOUGH_RP_BALL	2	2	lang0,taiwan	taiwan:local_sync_data.dat:没有足够的RP球。 | lang0:lang0.pak:Not enough RP Balls.
GAME_ITEM_NOT_FOR_USE	2	2	lang0,taiwan	taiwan:local_sync_data.dat:物品不能这样使用。 | lang0:lang0.pak:Item can't be used like that.
GAME_ITEM_NOT_FOUND	2	2	lang0,taiwan	taiwan:local_sync_data.dat:找不到道具。 | lang0:lang0.pak:Couldn't find item.
GAME_ITEM_NOT_GO_THERE	2	2	lang0,taiwan	taiwan:local_sync_data.dat:无法移动物品。 | lang0:lang0.pak:Couldn't move item.
GAME_ITEM_NOT_INSERT_BEAD_FOR_DURATION	2	2	lang0,taiwan	taiwan:local_sync_data.dat:不可能，因为期限。 | lang0:lang0.pak:Not possible because duration.
GAME_ITEM_NOT_INSERT_BEAD_INVALID_LEVEL	2	2	lang0,taiwan	taiwan:local_sync_data.dat:不可能，因为等级问题。 | lang0:lang0.pak:Not possible because the level.
GAME_ITEM_NOT_PROPER_PLACE_TO_USE	2	2	lang0,taiwan	taiwan:local_sync_data.dat:使用该物品的地方不对。 | lang0:lang0.pak:Wrong place to use that item.
GAME_ITEM_NOT_READY_TO_BE_USED	2	2	lang0,taiwan	taiwan:local_sync_data.dat:物品仍在冷却中。 | lang0:lang0.pak:Item is still on cooldown.
GAME_ITEM_NOT_SAME	2	2	lang0,taiwan	taiwan:local_sync_data.dat:道具不一样。 | lang0:lang0.pak:Items are not the same.
GAME_ITEM_NOT_SEALITEM	2	2	lang0,taiwan	taiwan:local_sync_data.dat:物品没有密封。 | lang0:lang0.pak:Item isn't sealed.
GAME_ITEM_NOT_SOCKET	2	2	lang0,taiwan	taiwan:local_sync_data.dat:道具没有免费的插座 | lang0:lang0.pak:Item don't have a free socket
GAME_ITEM_NOT_USE_THIS_PLACE	2	2	lang0,taiwan	taiwan:local_sync_data.dat:道具不能在这里使用。 | lang0:lang0.pak:Item can't be used here.
GAME_ITEM_NUM_NULL	2	2	lang0,taiwan	taiwan:local_sync_data.dat:道具为空 | lang0:lang0.pak:Item is null
GAME_ITEM_OWNER_NOT_SAME	2	2	lang0,taiwan	taiwan:local_sync_data.dat:你不是主人 | lang0:lang0.pak:You are not the owner
GAME_ITEM_OWNER_NULL	2	2	lang0,taiwan	taiwan:local_sync_data.dat:没有设置道具所有者 | lang0:lang0.pak:No item owner set
GAME_ITEM_POSITION_FAIL	2	2	lang0,taiwan	taiwan:local_sync_data.dat:道具位置失败 | lang0:lang0.pak:Item position fail
GAME_ITEM_RECIPE_ALREADY_EXIST	2	2	lang0,taiwan	taiwan:local_sync_data.dat:配方已经存在。 | lang0:lang0.pak:Recipe already exists.
GAME_ITEM_RECIPE_CANNOT_RESET_CAUSE_NOT_STARTED_YET	2	2	lang0,taiwan	taiwan:local_sync_data.dat:不能重置 | lang0:lang0.pak:Can't reset
GAME_ITEM_RECIPE_CANNOT_RESET_NORMAL_TYPE	2	2	lang0,taiwan	taiwan:local_sync_data.dat:无法重置正常配方 | lang0:lang0.pak:Can't reset normal recipe
GAME_ITEM_RECIPE_CANNOT_SET_YOU_NEED_HIGHER_LEVEL	2	2	lang0,taiwan	taiwan:local_sync_data.dat:需要更高的等级 | lang0:lang0.pak:Higher level required
GAME_ITEM_RECIPE_CANNOT_SET_YOU_NEED_MORE_ZENNY	2	2	lang0,taiwan	taiwan:local_sync_data.dat:需要更多的索尼 | lang0:lang0.pak:More Zeni required
GAME_ITEM_RECIPE_LEVEL_MISMATCHED	2	2	lang0,taiwan	taiwan:local_sync_data.dat:配方等级不匹配 | lang0:lang0.pak:Recipe level mismatched
GAME_ITEM_RECIPE_NORMAL_RECIPE_ALREADY_STARTED	2	2	lang0,taiwan	taiwan:local_sync_data.dat:配方已经注册 | lang0:lang0.pak:Recipe already registered
GAME_ITEM_RECIPE_NOT_FOUND	2	2	lang0,taiwan	taiwan:local_sync_data.dat:未找到配方 | lang0:lang0.pak:Recipe not found
GAME_ITEM_RECIPE_REGISTER_FAIL	2	2	lang0,taiwan	taiwan:local_sync_data.dat:失败的注册配方 | lang0:lang0.pak:Failed registering recipe
GAME_ITEM_RECIPE_REGISTER_PROFESSION	2	2	lang0,taiwan	taiwan:local_sync_data.dat:你还没有学会混合技能。 | lang0:lang0.pak:You haven't learn the mix skill.
GAME_ITEM_RECIPE_REGISTER_PROFESSION_FAIL	2	2	lang0,taiwan	taiwan:local_sync_data.dat:注册配方失败。 | lang0:lang0.pak:Register recipe failed.
GAME_ITEM_RECIPE_SPECIAL_RECIPE_ALREADY_STARTED	2	2	lang0,taiwan	taiwan:local_sync_data.dat:已经注册的特殊配方 | lang0:lang0.pak:Special recipe already registered
GAME_ITEM_RECIPE_TYPE_MISMATCHED	2	2	lang0,taiwan	taiwan:local_sync_data.dat:配方类型不匹配 | lang0:lang0.pak:Recipe type mismatched
GAME_ITEM_SEAL_SEALCOIN	2	2	lang0,taiwan	taiwan:local_sync_data.dat:插入密封硬币。 | lang0:lang0.pak:Insert Seal Coin.
GAME_ITEM_STACK_FAIL	2	2	lang0,taiwan	taiwan:local_sync_data.dat:失败的堆积道具 | lang0:lang0.pak:Failed stacking item
GAME_ITEM_STACK_FAIL_ITEMTYPE_DURATION	2	2	lang0,taiwan	taiwan:local_sync_data.dat:失败的堆积道具（持续时间）。 | lang0:lang0.pak:Failed stacking item (duration).
GAME_ITEM_STACK_FULL	2	2	lang0,taiwan	taiwan:local_sync_data.dat:失败的堆积道具 | lang0:lang0.pak:Item stack is full.
GAME_ITEM_TOO_HIGH_LEVEL_TO_USE_ITEM	2	2	lang0,taiwan	taiwan:local_sync_data.dat:你的等级太高了。 | lang0:lang0.pak:Your level is too high.
GAME_ITEM_TOO_LOW_LEVEL_TO_USE_ITEM	2	2	lang0,taiwan	taiwan:local_sync_data.dat:你的等级太低了。 | lang0:lang0.pak:Your level is too low.
GAME_ITEM_TYPE_NOT_MISMATCHED	2	2	lang0,taiwan	taiwan:local_sync_data.dat:道具类型不匹配。 | lang0:lang0.pak:Item type doesn't match.
GAME_ITEM_UNIDENTIFY	2	2	lang0,taiwan	taiwan:local_sync_data.dat:物品无法识别。 | lang0:lang0.pak:Item is unidentified.
GAME_ITEM_UNIDENTIFY_FAIL	2	2	lang0,taiwan	taiwan:local_sync_data.dat:识别道具失败。 | lang0:lang0.pak:Identify item failed.
GAME_ITEM_UPGRADED_EXCHANGE_ITEM_FAIL	2	2	lang0,taiwan	taiwan:local_sync_data.dat:只针对同一类型。 | lang0:lang0.pak:Only for the same type.
GAME_ITEM_UPGRADED_EXCHANGE_LEVEL_FAIL	2	2	lang0,taiwan	taiwan:local_sync_data.dat:道具级别不匹配。 | lang0:lang0.pak:Item level doesn't match.
GAME_ITEM_UPGRADED_EXCHANGE_NEW_ITEM_GRADE_FAIL	2	2	lang0,taiwan	taiwan:local_sync_data.dat:物品等级不匹配。 | lang0:lang0.pak:Item grade doesn't match.
GAME_ITEM_UPGRADED_EXCHANGE_OLD_ITEM_GRADE_FAIL	2	2	lang0,taiwan	taiwan:local_sync_data.dat:错误的道具。 | lang0:lang0.pak:Wrong Item.
GAME_ITEM_UPGRADED_EXCHANGE_POWDER_NEED_MORE	2	2	lang0,taiwan	taiwan:local_sync_data.dat:没有足够的神秘粉末。 | lang0:lang0.pak:Not enough mysterious powder.
GAME_ITEM_UPGRADED_EXCHANGE_POWDER_NOT_FOUND	2	2	lang0,taiwan	taiwan:local_sync_data.dat:插入神秘的粉末。 | lang0:lang0.pak:Insert mysterious powder.
GAME_ITEM_UPGRADED_EXCHANGE_SUCCESS	2	2	lang0,taiwan	taiwan:local_sync_data.dat:成功 | lang0:lang0.pak:Success
GAME_ITEM_UPGRADE_ALREADY_HIGHEST_GRADE	2	2	lang0,taiwan	taiwan:local_sync_data.dat:道具已经是最高等级 | lang0:lang0.pak:Item already highest grade
GAME_ITEM_UPGRADE_ALREADY_LOWEST_GRADE	2	2	lang0,taiwan	taiwan:local_sync_data.dat:道具已经是最低等级 | lang0:lang0.pak:Item already lowest grade
GAME_ITEM_UPGRADE_ALREADY_MAX_GRADE	2	2	lang0,taiwan	taiwan:local_sync_data.dat:道具已经是最高等级 | lang0:lang0.pak:Item already highest grade
GAME_ITEM_UPGRADE_CANT_USE_STONE_CORE_WITH_BLACK_STONE	2	2	lang0,taiwan	taiwan:local_sync_data.dat:你不能使用这个核心。 | lang0:lang0.pak:You can't use this core.
GAME_ITEM_UPGRADE_CANT_USE_STONE_CORE_WITH_SAFE	2	2	lang0,taiwan	taiwan:local_sync_data.dat:已经有100%的成功率。 | lang0:lang0.pak:Already 100% success rate.
GAME_ITEM_UPGRADE_COUPON_GRADE_FAIL	2	2	lang0,taiwan	taiwan:local_sync_data.dat:只适用于非升级的道具。 | lang0:lang0.pak:Only for non-upgraded items.
GAME_ITEM_UPGRADE_COUPON_NOT_FOUND	2	2	lang0,taiwan	taiwan:local_sync_data.dat:未找到优惠券。 | lang0:lang0.pak:Invalid Item. Read Description
GAME_ITEM_UPGRADE_FAIL	2	2	lang0,taiwan	taiwan:local_sync_data.dat:升级道具失败。 | lang0:lang0.pak:Upgrading item failed.
GAME_ITEM_UPGRADE_FAIL_AND_DEL	2	2	lang0,taiwan	taiwan:local_sync_data.dat:失败了，物品被毁。 | lang0:lang0.pak:Failed and Item got destroyed.
GAME_ITEM_UPGRADE_FAIL_AND_NODEL_BY_CORE	2	2	lang0,taiwan	taiwan:local_sync_data.dat:失败了，但道具得到了保护。 | lang0:lang0.pak:Failed but Item was protected.
GAME_ITEM_UPGRADE_FAIL_FOR_DURATION_ITEM	2	2	lang0,taiwan	taiwan:local_sync_data.dat:无法强化（期限）。 | lang0:lang0.pak:Not upgradeable (duration).
GAME_ITEM_UPGRADE_FAIL_FOR_GRADE_DATA	2	2	lang0,taiwan	taiwan:local_sync_data.dat:等级不正确。 | lang0:lang0.pak:Incorrect grade.
GAME_ITEM_UPGRADE_ITEM_AND_HOIPOI_STONE_DONT_MATCH	2	2	lang0,taiwan	taiwan:local_sync_data.dat:错误的HoiPoi石头升级道具。 | lang0:lang0.pak:Wrong HoiPoi Stone to upgrade item.
GAME_ITEM_UPGRADE_ITEM_IS_ZERO_GRADE	2	2	lang0,taiwan	taiwan:local_sync_data.dat:道具已经是+0。 | lang0:lang0.pak:Item is already +0.
GAME_ITEM_UPGRADE_MUST_USE_PROPER_LEVEL_CORE_STONE	2	2	lang0,taiwan	taiwan:local_sync_data.dat:错误的石级。 | lang0:lang0.pak:Wrong stone Level.
GAME_ITEM_UPGRADE_MUST_USE_PROPER_LEVEL_STONE	2	2	lang0,taiwan	taiwan:local_sync_data.dat:错误的石级。 | lang0:lang0.pak:Wrong stone Level.
GAME_ITEM_UPGRADE_MUST_USE_STONE_ARMOR	2	2	lang0,taiwan	taiwan:local_sync_data.dat:请使用盔甲石。 | lang0:lang0.pak:Please use armor stone.
GAME_ITEM_UPGRADE_MUST_USE_STONE_WEAPON	2	2	lang0,taiwan	taiwan:local_sync_data.dat:请使用武器石。 | lang0:lang0.pak:Please use weapon stone.
GAME_ITEM_UPGRADE_NO_HOIPOI_STONE	2	2	lang0,taiwan	taiwan:local_sync_data.dat:插入升级石。 | lang0:lang0.pak:Insert upgrade Stone.
GAME_ITEM_UPGRADE_NO_HOIPOI_STONE_CORE	2	2	lang0,taiwan	taiwan:local_sync_data.dat:插入保护石。 | lang0:lang0.pak:Insert protect stone.
GAME_ITEM_UPGRADE_NO_SUBJECT_ITEM	2	2	lang0,taiwan	taiwan:local_sync_data.dat:插入升级的道具。 | lang0:lang0.pak:Insert item for upgrade.
GAME_ITEM_UPGRADE_WRONG_ITEM_TYPE	2	2	lang0,taiwan	taiwan:local_sync_data.dat:只有武器和盔甲。 | lang0:lang0.pak:Only weapons and armor.
GAME_ITEM_USEFUL_ONLY_WHEN_FAINTING	2	2	lang0,taiwan	taiwan:local_sync_data.dat:只有在晕倒的状态下。 | lang0:lang0.pak:Only when fainting state.
GAME_ITEM_USE_NEED_FISRT_ADULT_QUEST	2	2	lang0,taiwan	taiwan:local_sync_data.dat:使用该物品需要成人的探索 | lang0:lang0.pak:Adult quest required to use item
GAME_ITEM_USE_ONLY_CHARACTER	2	2	lang0,taiwan	taiwan:local_sync_data.dat:该道具不能用在玩家身上 | lang0:lang0.pak:Item can't be used on players
GAME_ITEM_USE_ONLY_PLYAER	2	2	lang0,taiwan	taiwan:local_sync_data.dat:该道具只能在玩家身上使用 | lang0:lang0.pak:Item can only be used on players
GAME_ITEM_YOU_ARE_USING_AN_ITEM	2	2	lang0,taiwan	taiwan:local_sync_data.dat:道具正在使用。 | lang0:lang0.pak:You are already using an item.
GAME_ITEM_YOU_HAVE_NO_RELATED_QUEST_TO_USE	2	2	lang0,taiwan	taiwan:local_sync_data.dat:没有发现这个道具的任务。 | lang0:lang0.pak:No quest found for this item.
GAME_KAIOKEN_BOOST_NOT_AVAILABLE	2	2	lang0,taiwan	taiwan:local_sync_data.dat:Kaioken Boost is not available in this form. | lang0:lang0.pak:Kaioken Boost is not available in this form.
GAME_KAIOKEN_BOOST_REQUIRES_AURA	2	2	lang0,taiwan	taiwan:local_sync_data.dat:Kaioken Boost requires aura to be active. | lang0:lang0.pak:Kaioken Boost requires aura to be active.
GAME_LOOTING_FAIL	2	2	lang0,taiwan	taiwan:local_sync_data.dat:不是你的战利品。 | lang0:lang0.pak:Not your Loot.
GAME_MAIL_ALREADY_READ	2	2	lang0,taiwan	taiwan:local_sync_data.dat:邮件已经读过了。 | lang0:lang0.pak:Mail has already been read.
GAME_MAIL_CANT_SEND_MAIL_TO_YOURSELF	2	2	lang0,taiwan	taiwan:local_sync_data.dat:不能给自己寄信。 | lang0:lang0.pak:Can't send mail to yourself.
GAME_MAIL_INVALID_ACCEPT	2	2	lang0,taiwan	taiwan:local_sync_data.dat:不能接受。 | lang0:lang0.pak:Can't be accepted.
GAME_MAIL_INVALID_CHAR_DEL	2	2	lang0,taiwan	taiwan:local_sync_data.dat:发送者不存在。 | lang0:lang0.pak:Sender doesn't exist.
GAME_MAIL_INVALID_DEL	2	2	lang0,taiwan	taiwan:local_sync_data.dat:不能被删除。 | lang0:lang0.pak:Can't be deleted.
GAME_MAIL_INVALID_LOCK	2	2	lang0,taiwan	taiwan:local_sync_data.dat:邮件已被锁定 | lang0:lang0.pak:Mail is locked
GAME_MAIL_INVALID_RETURN	2	2	lang0,taiwan	taiwan:local_sync_data.dat:不可能退回邮件 | lang0:lang0.pak:Impossible to return mail
GAME_MAIL_INVALID_ZENNY	2	2	lang0,taiwan	taiwan:local_sync_data.dat:没有足够的索尼 | lang0:lang0.pak:Not enough Zeni
GAME_MAIL_MAILING_PARTS_NOT_FOUND	2	2	lang0,taiwan	taiwan:local_sync_data.dat:不要有Mail Scouter芯片。 | lang0:lang0.pak:Don't have a Mail Scouter Chip.
GAME_MAIL_NOT_EXISTING_PLAYER	2	2	lang0,taiwan	taiwan:local_sync_data.dat:玩家不存在。 | lang0:lang0.pak:Player doesn't exist.
GAME_MAIL_NOT_FOUND	2	2	lang0,taiwan	taiwan:local_sync_data.dat:未找到邮件。 | lang0:lang0.pak:Mail not found.
GAME_MAIL_SCOUTER_FAIL	2	2	lang0,taiwan	taiwan:local_sync_data.dat:Scouter不能使用功能。 | lang0:lang0.pak:Scouter can't use function.
GAME_MAIL_TARGET_AWAY_STATE	2	2	lang0,taiwan	taiwan:local_sync_data.dat:目标是在客场 | lang0:lang0.pak:Target is in away state
GAME_MAIL_TRANSMIT_PARTS_NOT_FOUND	2	2	lang0,taiwan	taiwan:local_sync_data.dat:Scouter。没有邮件芯片。 | lang0:lang0.pak:Scouter: No Mail chip.
GAME_MATCH_CAN_NOT_USE_SKILL_IN_OUTOFAREA	2	2	lang0,taiwan	taiwan:local_sync_data.dat:不能在这里使用。 | lang0:lang0.pak:Can't be used here.
GAME_MATCH_CAN_NOT_USE_SKILL_IN_THIS_WORLD	2	2	lang0,taiwan	taiwan:local_sync_data.dat:不能在这里使用。 | lang0:lang0.pak:Can't be used here.
GAME_MINORMATCH_CANNOT_TELEPORT_THIS_STATE	2	2	lang0,taiwan	taiwan:local_sync_data.dat:时间已过，无法进入。 | lang0:lang0.pak:Time has expired, unable to enter.
GAME_MOVE_CANT_ALLOWED_ENTER	2	2	lang0,taiwan	taiwan:local_sync_data.dat:你不允许进入。 | lang0:lang0.pak:You're not allowed to enter.
GAME_MOVE_CANT_GO_THERE	2	2	lang0,taiwan	taiwan:local_sync_data.dat:不能去那里 | lang0:lang0.pak:Can't go there
GAME_MUDOSA_NOT_OPEND	2	2	lang0,taiwan	taiwan:local_sync_data.dat:武道红利目前无法使用。 | lang0:lang0.pak:Mudosa currently unavailable.
GAME_MUDOSA_POINT_CANT_BE_USED_RIGHT_NOW	2	2	lang0,taiwan	taiwan:local_sync_data.dat:现在不能使用武道红利点 | lang0:lang0.pak:Can't use mudosa points right now
GAME_MUDOSA_POINT_MAX_OVER	2	2	lang0,taiwan	taiwan:local_sync_data.dat:武道红利点数已经达到了最大值。 | lang0:lang0.pak:Mudosa Points already maxed out.
GAME_MUDOSA_POINT_NOT_ENOUGH	2	2	lang0,taiwan	taiwan:local_sync_data.dat:没有足够的武道红利点数。 | lang0:lang0.pak:Not enough Mudosa Points.
GAME_NEEDITEM_NOT_FOUND	2	2	lang0,taiwan	taiwan:local_sync_data.dat:未找到所需道具 | lang0:lang0.pak:Required item not found
GAME_NEEDITEM_NOT_FOUND_INVANTORY	2	2	lang0,taiwan	taiwan:local_sync_data.dat:库存中没有找到所需物品 | lang0:lang0.pak:Required item not found in inventory
GAME_NETMARBLEMEMBER_IS_NOT	2	2	lang0,taiwan	taiwan:local_sync_data.dat:你不是N服管理成员。 | lang0:lang0.pak:You aren't a wasabii member.
GAME_NETPY_IS_LOCK	2	2	lang0,taiwan	taiwan:local_sync_data.dat:时间商店被锁定了。 | lang0:lang0.pak:NetPY is Locked.
GAME_NETPY_NOT_ENOUGH	2	2	lang0,taiwan	taiwan:local_sync_data.dat:时间点不足。 | lang0:lang0.pak:Not enough Tokken.
GAME_NETP_POINT_CANT_BE_USED_RIGHT_NOW	2	2	lang0,taiwan	taiwan:local_sync_data.dat:时间点现在不能使用 | lang0:lang0.pak:Netpy point can't be used right now
GAME_NETP_POINT_MAX_OVER	2	2	lang0,taiwan	taiwan:local_sync_data.dat:净点数已经达到上限。 | lang0:lang0.pak:Net Points already maxed out.
GAME_NETP_POINT_NOT_ENOUGH	2	2	lang0,taiwan	taiwan:local_sync_data.dat:没有足够的净点数。 | lang0:lang0.pak:Not enough Net Points.
GAME_NO_REVIVAL_AFTEREFFECT_TO_REMOVE	2	2	lang0,taiwan	taiwan:local_sync_data.dat:没有复活的病症可以消除。 | lang0:lang0.pak:No resurrection sickness to remove.
GAME_NPC_SERVER_IS_DOWN	2	2	lang0,taiwan	taiwan:local_sync_data.dat:NPC服务器已关闭，你现在无法进展。 | lang0:lang0.pak:NPC Server is down, you can't progress at this time.
GAME_PARTYMATCHING_ALREADY_REGISTERED	2	2	lang0,taiwan	taiwan:local_sync_data.dat:已经注册 | lang0:lang0.pak:Already registered
GAME_PARTYMATCHING_ANY_MEMBER_IN_DYNAMIC_WORLD	2	2	lang0,taiwan	taiwan:local_sync_data.dat:里面还有成员。 | lang0:lang0.pak:There are still members inside.
GAME_PARTYMATCHING_ENTER_DUNGEON_AGREE_FAIL	2	2	lang0,taiwan	taiwan:local_sync_data.dat:不是所有玩家都准备好了。 | lang0:lang0.pak:Not all Player ready.
GAME_PARTYMATCHING_INVITE_FAIL	2	2	lang0,taiwan	taiwan:local_sync_data.dat:Party matching invite failed. | lang0:lang0.pak:Party matching invite failed.
GAME_PARTYMATCHING_PARTY_IS_NOT_REGISTER	2	2	lang0,taiwan	taiwan:local_sync_data.dat:队伍没有登记。 | lang0:lang0.pak:Party isn't registered.
GAME_PARTYMATCHING_PARTY_IS_REGISTER_ALREADY	2	2	lang0,taiwan	taiwan:local_sync_data.dat:队伍已经登记了。 | lang0:lang0.pak:Party is already registered.
GAME_PARTYMATCHING_REGISTER_WRONG_STATE	2	2	lang0,taiwan	taiwan:local_sync_data.dat:Cannot register in current state. | lang0:lang0.pak:Cannot register in current state.
GAME_PARTYMATCHING_ROLEPLAY_CANCEL	2	2	lang0,taiwan	taiwan:local_sync_data.dat:Roleplay cancelled. | lang0:lang0.pak:Roleplay cancelled.
GAME_PARTYMATCHING_ROLEPLAY_HAVE_NO_CHOICE	2	2	lang0,taiwan	taiwan:local_sync_data.dat:这个角色已经被选中了。 | lang0:lang0.pak:The role has already been selected.
GAME_PARTYMATCHING_ROLEPLAY_INVALD	2	2	lang0,taiwan	taiwan:local_sync_data.dat:Invalid roleplay. | lang0:lang0.pak:Invalid roleplay.
GAME_PARTYMATCHING_ROLEPLAY_NOT_SELECTED	2	2	lang0,taiwan	taiwan:local_sync_data.dat:玩家还没有选择角色。 | lang0:lang0.pak:Player hasn't select a role.
GAME_PARTY_ALREADY_IN_PARTY	2	2	lang0,taiwan	taiwan:local_sync_data.dat:已经参加了一个聚会。 | lang0:lang0.pak:Already in a party.
GAME_PARTY_ANOTHER_PARTY_IS_INVITING_YOU	2	2	lang0,taiwan	"taiwan:local_sync_data.dat:[align = ""center""][font size = ""12""color=""f4d762""]派对邀请函[/font][br][br][font size = ""10""color=""f36a7c""]你被邀请参加另一个派对。[/font] | lang0:lang0.pak:[align = ""center""][font size = ""12"" color=""f4d762""]Party Invitation[/font][br][br][font size = ""10""Color=""f36a7c""]You've been invited to another party.[/font]"
GAME_PARTY_ANOTHER_PLAYER_IS_INVITING_YOU	2	2	lang0,taiwan	taiwan:local_sync_data.dat:一个玩家邀请你。 | lang0:lang0.pak:A Players invites you.
GAME_PARTY_APPOINTING_A_LEADER_IS_NOT_ALLOWED	2	2	lang0,taiwan	taiwan:local_sync_data.dat:无法任命一个领导人。 | lang0:lang0.pak:Unable to appoint a leader.
GAME_PARTY_CANT_CHANGE_LOOTING_METHOD_YET	2	2	lang0,taiwan	taiwan:local_sync_data.dat:抢劫的方法现在不能改变。 | lang0:lang0.pak:Looting method can't be changed now.
GAME_PARTY_CANT_INVITE_FOR_SOME_REASON	2	2	lang0,taiwan	taiwan:local_sync_data.dat:未能邀请 | lang0:lang0.pak:Failed to invite
GAME_PARTY_CANT_INVITE_IN_WORLD	2	2	lang0,taiwan	taiwan:local_sync_data.dat:不能在这个世界上邀请 | lang0:lang0.pak:Can't invite in this world
GAME_PARTY_CANT_INVITE_TARGET_SANDBAG	2	2	lang0,taiwan	taiwan:local_sync_data.dat:在HTB期间不可能。 | lang0:lang0.pak:Not possible during HTB.
GAME_PARTY_CANT_INVITE_YOURSELF	2	2	lang0,taiwan	taiwan:local_sync_data.dat:不能邀请自己参加聚会。 | lang0:lang0.pak:Can't invite yourself to a party.
GAME_PARTY_CANT_JOIN_TARGET_SANDBAG	2	2	lang0,taiwan	taiwan:local_sync_data.dat:在HTB期间没有。 | lang0:lang0.pak:Not during HTB.
GAME_PARTY_CANT_KICK_OUT_HIMSELF	2	2	lang0,taiwan	taiwan:local_sync_data.dat:不能把自己从派对上踢出去。 | lang0:lang0.pak:Can't kick yourself from a party.
GAME_PARTY_CANT_UNREGISTER_CHARM_DUE_TO_VITIM	2	2	lang0,taiwan	taiwan:local_sync_data.dat:无法给当事人打电话。 | lang0:lang0.pak:Unable to call the party.
GAME_PARTY_CHARM_BUFF_REGISTERED_ALREADY	2	2	lang0,taiwan	taiwan:local_sync_data.dat:Buff已经存在。 | lang0:lang0.pak:Buff already exists.
GAME_PARTY_CHARM_INVENTORY_IS_CLOSED	2	2	lang0,taiwan	taiwan:local_sync_data.dat:关闭库存。 | lang0:lang0.pak:Close Inventory.
GAME_PARTY_CHARM_INVENTORY_IS_OPEN	2	2	lang0,taiwan	taiwan:local_sync_data.dat:开放库存。 | lang0:lang0.pak:Open Inventory.
GAME_PARTY_CHARM_INVENTORY_SLOT_IS_EMPTY	2	2	lang0,taiwan	taiwan:local_sync_data.dat:库存槽是空的。 | lang0:lang0.pak:Inventory slot is empty.
GAME_PARTY_CHARM_INVENTORY_SLOT_IS_NOT_EMPTY	2	2	lang0,taiwan	taiwan:local_sync_data.dat:库存槽不是空的。 | lang0:lang0.pak:Inventory slot isn't empty.
GAME_PARTY_CHARM_ITEM_HASNT_BEEN_REGISTERED	2	2	lang0,taiwan	taiwan:local_sync_data.dat:道具没有通知。 | lang0:lang0.pak:Item isn't notified.
GAME_PARTY_CHARM_SLOT_HAS_AN_ITEM_OF_IMPROPER_TYPE	2	2	lang0,taiwan	taiwan:local_sync_data.dat:错误的道具。 | lang0:lang0.pak:Wrong Item.
GAME_PARTY_CHARM_SLOT_HAS_UNKNOWN_CHARM_ITEM	2	2	lang0,taiwan	taiwan:local_sync_data.dat:未知道具。 | lang0:lang0.pak:Unknown Item.
GAME_PARTY_COULDNT_ASSIGN_A_LEADER_FOR_SOME_REASON	2	2	lang0,taiwan	taiwan:local_sync_data.dat:无法指定一个领导 | lang0:lang0.pak:Could not assign a leader
GAME_PARTY_COULDNT_BE_DONE_FOR_SOME_REASON	2	2	lang0,taiwan	taiwan:local_sync_data.dat:无法加入，请稍后再试。 | lang0:lang0.pak:Couldn't join, please try it again later.
GAME_PARTY_COULDNT_JOIN_FOR_SOME_REASON	2	2	lang0,taiwan	taiwan:local_sync_data.dat:由于某种原因无法加入聚会 | lang0:lang0.pak:Couldn't join party for some reason
GAME_PARTY_COULDNT_KICK_OUT_FOR_SOME_REASON	2	2	lang0,taiwan	taiwan:local_sync_data.dat:由于某种原因无法踢出 | lang0:lang0.pak:Couldn't kick for some reason
GAME_PARTY_DICE_FAIL	2	2	lang0,taiwan	taiwan:local_sync_data.dat:使用骰子失败 | lang0:lang0.pak:Using dice failed
GAME_PARTY_DUNGEON_BEING_INITIALIZED	2	2	lang0,taiwan	taiwan:local_sync_data.dat:副本正在被初始化 | lang0:lang0.pak:Dungeon is being initialized
GAME_PARTY_DUNGEON_DIFF_NOT_USE	2	2	lang0,taiwan	taiwan:local_sync_data.dat:无难定矣。 | lang0:lang0.pak:No difficult is set.
GAME_PARTY_DUNGEON_ENTER_PARTY_FAIL	2	2	lang0,taiwan	taiwan:local_sync_data.dat:需要一个队伍。 | lang0:lang0.pak:Requires a Party.
GAME_PARTY_DUNGEON_ENTER_USING_NPC	2	2	lang0,taiwan	taiwan:local_sync_data.dat:使用NPC进入。 | lang0:lang0.pak:Use NPC to enter.
GAME_PARTY_DUNGEON_IN_CHANGE_DIFF_NOW	2	2	lang0,taiwan	taiwan:local_sync_data.dat:现在不能改变困难。 | lang0:lang0.pak:Can't change the difficult now.
GAME_PARTY_DUNGEON_IN_PLAYER_FOUND	2	2	lang0,taiwan	taiwan:local_sync_data.dat:玩家还在地牢里。 | lang0:lang0.pak:Players still in the dungeon.
GAME_PARTY_DUNGEON_IS_NOT_CREATED	2	2	lang0,taiwan	taiwan:local_sync_data.dat:副本没有创建 | lang0:lang0.pak:Dungeon isn't created
GAME_PARTY_DUNGEON_MIN_PLAYER_FAIL	2	2	lang0,taiwan	taiwan:local_sync_data.dat:需要更多的玩家才能进入地牢 | lang0:lang0.pak:More players required to enter the dungeon
GAME_PARTY_DUNGEON_OUT_RESERVED	2	2	lang0,taiwan	taiwan:local_sync_data.dat:等待30秒后再退出地牢。 | lang0:lang0.pak:Wait 30 seconds before exit dungeon.
GAME_PARTY_IDENTIFIED_ITEM_NEEDED_FOR_CHARM_POINT	2	2	lang0,taiwan	taiwan:local_sync_data.dat:分数不足。 | lang0:lang0.pak:Not enough points.
GAME_PARTY_INVALID_INVENTORY_SLOT_INDEX	2	2	lang0,taiwan	taiwan:local_sync_data.dat:队伍的库存错误。 | lang0:lang0.pak:Party inventory error.
GAME_PARTY_INVEN_DISTRIBUTE_METHOD_NOT_MATCH	2	2	lang0,taiwan	taiwan:local_sync_data.dat:团队分配错误。 | lang0:lang0.pak:Team allocation error.
GAME_PARTY_INVEN_INVEST_ZENNY_NOT_ENOUGH	2	2	lang0,taiwan	taiwan:local_sync_data.dat:团队还没有足够的索尼。 | lang0:lang0.pak:Team hasn't enough Zeni.
GAME_PARTY_INVEN_ITEM_EXIST	2	2	lang0,taiwan	taiwan:local_sync_data.dat:道具已经分配。 | lang0:lang0.pak:Item already allocated.
GAME_PARTY_INVEN_ITEM_NON_EXIST	2	2	lang0,taiwan	taiwan:local_sync_data.dat:背包是空的。 | lang0:lang0.pak:Backpack is empty.
GAME_PARTY_INVEN_LOCKED	2	2	lang0,taiwan	taiwan:local_sync_data.dat:团队背包被锁住了。 | lang0:lang0.pak:Team backpack is locked.
GAME_PARTY_INVEN_LOCK_FIRST	2	2	lang0,taiwan	taiwan:local_sync_data.dat:关闭团队背包。 | lang0:lang0.pak:Close the team backpack.
GAME_PARTY_INVEN_UNDER_INVEST	2	2	lang0,taiwan	taiwan:local_sync_data.dat:出价必须更高。 | lang0:lang0.pak:The bid must be higher.
GAME_PARTY_INVITING_IS_NOT_ALLOWED	2	2	lang0,taiwan	taiwan:local_sync_data.dat:邀请是不允许的 | lang0:lang0.pak:Inviting isn't allowed
GAME_PARTY_INVITOR_PLAYER_IS_IN_A_PARTY	2	2	lang0,taiwan	taiwan:local_sync_data.dat:找不到有邀请的玩家。 | lang0:lang0.pak:Can't find player who has invited.
GAME_PARTY_ITEMS_DONT_SATISFY_THE_CONDITION	2	2	lang0,taiwan	taiwan:local_sync_data.dat:道具不符合条件。 | lang0:lang0.pak:Item doesn't meet the conditions.
GAME_PARTY_ITEM_DICE_NOT_USING_NOW	2	2	lang0,taiwan	taiwan:local_sync_data.dat:不使用骰子。 | lang0:lang0.pak:Not using dice.
GAME_PARTY_ITEM_DICE_USING_NOW	2	2	lang0,taiwan	taiwan:local_sync_data.dat:使用骰子。 | lang0:lang0.pak:Using dice.
GAME_PARTY_KICKING_OUT_IS_NOT_ALLOWED	2	2	lang0,taiwan	taiwan:local_sync_data.dat:不能把玩家踢出队伍。 | lang0:lang0.pak:Can't kick player from party.
GAME_PARTY_LEAVING_IS_NOT_ALLOWED	2	2	lang0,taiwan	taiwan:local_sync_data.dat:不能离开队伍。 | lang0:lang0.pak:Can't leave party.
GAME_PARTY_MEMBER_CHARM_POINT_IS_IN_TRANSACTION	2	2	lang0,taiwan	taiwan:local_sync_data.dat:现在不能使用积分。 | lang0:lang0.pak:Can't use points right now.
GAME_PARTY_MEMBER_DOESNT_HAVE_ENOUGH_CHARM_POINT	2	2	lang0,taiwan	taiwan:local_sync_data.dat:没有足够的魅力值。 | lang0:lang0.pak:Not enough Charm Points.
GAME_PARTY_MEMBER_DOESNT_HAVE_ENOUGH_ZENNY	2	2	lang0,taiwan	taiwan:local_sync_data.dat:不足索尼。 | lang0:lang0.pak:Not enough Zeni.
GAME_PARTY_MEMBER_DOESNT_SATISFY_THE_CONDITION	2	2	lang0,taiwan	taiwan:local_sync_data.dat:不符合要求。 | lang0:lang0.pak:Doesn't meet requirements.
GAME_PARTY_MEMBER_IS_ALREADY_REGISTERED_TIMEQUEST	2	2	lang0,taiwan	taiwan:local_sync_data.dat:成员已经登记。 | lang0:lang0.pak:Party member is already registered.
GAME_PARTY_MEMBER_IS_TOO_FAR	2	2	lang0,taiwan	taiwan:local_sync_data.dat:成员离得太远，无法分享任务。 | lang0:lang0.pak:Party member is too far away to share quest.
GAME_PARTY_MEMBER_NOT_SAME	2	2	lang0,taiwan	taiwan:local_sync_data.dat:成员是不一样的。 | lang0:lang0.pak:Party member aren't the same.
GAME_PARTY_MEMBER_ZENNY_IS_IN_TRANSACTION	2	2	lang0,taiwan	taiwan:local_sync_data.dat:索尼在交易中。 | lang0:lang0.pak:Zeni are in transaction.
GAME_PARTY_MEMBER_ZENNY_IS_LOCK	2	2	lang0,taiwan	taiwan:local_sync_data.dat:成员索尼被锁定 | lang0:lang0.pak:Party member Zeni locked
GAME_PARTY_NOBODY_CANT_RECEIVE_ITEM_RIGHT_NOW	2	2	lang0,taiwan	taiwan:local_sync_data.dat:现在没有成员能收到物品 | lang0:lang0.pak:No party member can receive an item now
GAME_PARTY_NOT_AVAILABLE_OPERATION_RIGHT_NOW	2	2	lang0,taiwan	taiwan:local_sync_data.dat:需要其他班级做下一步的工作。 | lang0:lang0.pak:Need other class to do the next step.
GAME_PARTY_NOT_CREATED_FOR_SOME_REASON	2	2	lang0,taiwan	taiwan:local_sync_data.dat:由于某种原因无法创建聚会 | lang0:lang0.pak:Couldn't create party for some reason
GAME_PARTY_NOT_PROPER_PARTY_NAME_LENGTH	2	2	lang0,taiwan	taiwan:local_sync_data.dat:不是一个合适的队伍名 | lang0:lang0.pak:Not a proper party name
GAME_PARTY_NO_CHARM_BUFF_REGISTERED	2	2	lang0,taiwan	taiwan:local_sync_data.dat:没有登记的符咒BUFF。 | lang0:lang0.pak:No Charm buff registered.
GAME_PARTY_NO_EMPTY_SPACE_IN_INVENTORY	2	2	lang0,taiwan	taiwan:local_sync_data.dat:胶囊箱中没有空槽。 | lang0:lang0.pak:No empty slots in Capsule Case.
GAME_PARTY_NO_EMPTY_SPACE_IN_PARTY_INVENTORY	2	2	lang0,taiwan	taiwan:local_sync_data.dat:《队伍章》中没有空隙。 | lang0:lang0.pak:No empty space in Party Inventory.
GAME_PARTY_NO_ROOM_FOR_NEW_MEMBER	2	2	lang0,taiwan	taiwan:local_sync_data.dat:聚会已经满了。 | lang0:lang0.pak:Party is already full.
GAME_PARTY_NO_SUCH_A_PARTY	2	2	lang0,taiwan	taiwan:local_sync_data.dat:队伍并不存在。 | lang0:lang0.pak:Party doesn't exist.
GAME_PARTY_NO_SUCH_A_PLAYER	2	2	lang0,taiwan	taiwan:local_sync_data.dat:不能邀请这个玩家。 | lang0:lang0.pak:Couldn't invite this player.
GAME_PARTY_NO_SUCH_A_PLAYER_IN_THE_PARTY	2	2	lang0,taiwan	taiwan:local_sync_data.dat:玩家不在队伍内。 | lang0:lang0.pak:Player isn't in party.
GAME_PARTY_NO_SUCH_A_VICTIM_ITEM	2	2	lang0,taiwan	taiwan:local_sync_data.dat:物品丢失。 | lang0:lang0.pak:Item is missing.
GAME_PARTY_ONLY_ALLOWED_TO_PARTY_LEADER	2	2	lang0,taiwan	taiwan:local_sync_data.dat:只允许队伍的领导人 | lang0:lang0.pak:Only party leader allowed
GAME_PARTY_ONLY_CHARM_ITEM_AVAILABLE_IN_THAT_SLOT	2	2	lang0,taiwan	taiwan:local_sync_data.dat:只为魅力-道具。 | lang0:lang0.pak:Only for Charm-Item.
GAME_PARTY_ONLY_EQUIP_ITEM_ALLOWED_FOR_CHARM_POINT	2	2	lang0,taiwan	taiwan:local_sync_data.dat:只用于设备。 | lang0:lang0.pak:Only for equipment.
GAME_PARTY_ONLY_EQUIP_ITEM_AVAILABLE_IN_THAT_SLOT	2	2	lang0,taiwan	taiwan:local_sync_data.dat:只用于设备。 | lang0:lang0.pak:Only for equipment.
GAME_PARTY_ONLY_LEADER_CAN_REGISTER_CHARM	2	2	lang0,taiwan	taiwan:local_sync_data.dat:只有作为队长才有可能。 | lang0:lang0.pak:Only possible as leader.
GAME_PARTY_PARTY_NAME_HAS_INVALID_CHARACTER	2	2	lang0,taiwan	taiwan:local_sync_data.dat:队伍的名称有一个无效的字符 | lang0:lang0.pak:Party name has an invalid character
GAME_PARTY_SAME_CHARM_ALREADY_HAS_BEEN_REGISTERED	2	2	lang0,taiwan	taiwan:local_sync_data.dat:已经投票了。 | lang0:lang0.pak:Already voted.
GAME_PARTY_SHARETARGET_NOTFINDOBJECT	2	2	lang0,taiwan	taiwan:local_sync_data.dat:找不到那个物体。 | lang0:lang0.pak:Couldn't find the object.
GAME_PARTY_SHARETARGET_SLOTID_FAIL	2	2	lang0,taiwan	taiwan:local_sync_data.dat:共享目标失败 | lang0:lang0.pak:Sharing target failed
GAME_PARTY_TARGET_ALREADY_HAS_INVITATION	2	2	lang0,taiwan	taiwan:local_sync_data.dat:目标已经有了一个邀请 | lang0:lang0.pak:Target already has an invitation
GAME_PARTY_TARGET_ALREADY_IN_PARTY	2	2	lang0,taiwan	taiwan:local_sync_data.dat:已经属于一个队伍。 | lang0:lang0.pak:Already belong to an party.
GAME_PARTY_THE_ITEM_IS_LOCKED	2	2	lang0,taiwan	taiwan:local_sync_data.dat:无法移动。 | lang0:lang0.pak:Unable to move.
GAME_PARTY_TOO_MANY_CONTRIBUTION_POINTS_TO_INVEST	2	2	lang0,taiwan	taiwan:local_sync_data.dat:超过了积分限制。 | lang0:lang0.pak:Points limit exceeded.
GAME_PARTY_TOO_MUCH_VICTIM_ZENNY_TO_UNREGISTER	2	2	lang0,taiwan	taiwan:local_sync_data.dat:超过了索尼极限。 | lang0:lang0.pak:Zeni limit exceeded.
GAME_PARTY_UNIDENTIFIED_VICTIM_ITEM	2	2	lang0,taiwan	taiwan:local_sync_data.dat:道具没有确定。 | lang0:lang0.pak:Item isn't identified.
GAME_PARTY_UNKNOWN_ITEM_LOOTING_METHOD	2	2	lang0,taiwan	taiwan:local_sync_data.dat:未知方道具掠夺方法 | lang0:lang0.pak:Unknown party Item looting method
GAME_PARTY_UNKNOWN_ZENNY_LOOTING_METHOD	2	2	lang0,taiwan	taiwan:local_sync_data.dat:未知方索尼掠夺法 | lang0:lang0.pak:Unknown party Zeni looting method
GAME_PARTY_VICTIM_ITEM_IS_NOT_YOURS	2	2	lang0,taiwan	taiwan:local_sync_data.dat:不是你的道具。 | lang0:lang0.pak:Not your item.
GAME_PARTY_VICTIM_ZENNY_HASNT_CHANGED	2	2	lang0,taiwan	taiwan:local_sync_data.dat:索尼额没有变化。 | lang0:lang0.pak:Zeni amount hasn't changed.
GAME_PARTY_WRONG_CHARM_INVENTORY_SPECIFIED	2	2	lang0,taiwan	taiwan:local_sync_data.dat:背包错误。 | lang0:lang0.pak:Backpack error.
GAME_PARTY_YOU_ARE_ALREADY_A_LEADER	2	2	lang0,taiwan	taiwan:local_sync_data.dat:你已经是队长了。 | lang0:lang0.pak:You're already the Party Leader.
GAME_PARTY_YOU_ARE_NOT_IN_PARTY	2	2	lang0,taiwan	taiwan:local_sync_data.dat:你没有一个队伍。 | lang0:lang0.pak:You're not a member of the party.
GAME_PARTY_YOU_DONT_BELONG_TO_THE_PARTY	2	2	lang0,taiwan	taiwan:local_sync_data.dat:你不属于这个队伍。 | lang0:lang0.pak:You don't belong to the party.
GAME_PARTY_YOU_DONT_HAVE_THAT_MUCH_ZENNY	2	2	lang0,taiwan	taiwan:local_sync_data.dat:不足索尼。 | lang0:lang0.pak:Not enough Zeni.
GAME_PARTY_YOU_HAVENT_REGISTERED_VICTIM_ZENNY	2	2	lang0,taiwan	taiwan:local_sync_data.dat:请安排索尼的收藏。 | lang0:lang0.pak:Please arrange Zeni collection.
GAME_PARTY_YOU_HAVE_NO_INVITATION	2	2	lang0,taiwan	taiwan:local_sync_data.dat:你没有聚会邀请 | lang0:lang0.pak:You have no party invitation
GAME_PARTY_ZENNY_DOESNT_SATISFY_THE_CONDITION	2	2	lang0,taiwan	taiwan:local_sync_data.dat:索尼团队不足。 | lang0:lang0.pak:Team Zeni insufficient.
GAME_PARTY_ZENNY_IS_LOCKED_RIGHT_NOW	2	2	lang0,taiwan	taiwan:local_sync_data.dat:索尼不能用。 | lang0:lang0.pak:Zeni can't be used.
GAME_PETITION_ACCOUNTNOTPETITION	2	2	lang0,taiwan	taiwan:local_sync_data.dat:在这个问题上没有协商。 | lang0:lang0.pak:No consultation on that account.
GAME_PETITION_ALREADYFINISH	2	2	lang0,taiwan	taiwan:local_sync_data.dat:已经完成了。 | lang0:lang0.pak:Already finished.
GAME_PETITION_ALREADYSTARTED	2	2	lang0,taiwan	taiwan:local_sync_data.dat:已经开始了。 | lang0:lang0.pak:Already started.
GAME_PETITION_ALREADY_INSERT	2	2	lang0,taiwan	taiwan:local_sync_data.dat:已经插入。 | lang0:lang0.pak:Already insert.
GAME_PETITION_CATEGORY_1_FAIL	2	2	lang0,taiwan	taiwan:local_sync_data.dat:第一类失败。 | lang0:lang0.pak:Category 1 failed.
GAME_PETITION_CATEGORY_2_FAIL	2	2	lang0,taiwan	taiwan:local_sync_data.dat:第二类失败。 | lang0:lang0.pak:Category 2 failed.
GAME_PETITION_CREATE_PETITION_FAILE	2	2	lang0,taiwan	taiwan:local_sync_data.dat:协商一代失败。 | lang0:lang0.pak:Consultation generation failed.
GAME_PETITION_CREATE_PETITION_ID_FAILE	2	2	lang0,taiwan	taiwan:local_sync_data.dat:ID生成失败。 | lang0:lang0.pak:ID generation failed.
GAME_PETITION_DELETE_FAILE_STARTED	2	2	lang0,taiwan	taiwan:local_sync_data.dat:不能被删除。 | lang0:lang0.pak:Can't be deleted.
GAME_PETITION_INSERT_ALLREADY_ID	2	2	lang0,taiwan	taiwan:local_sync_data.dat:ID已经登录了。 | lang0:lang0.pak:ID is already logged in.
GAME_PETITION_INSERT_ERROR_ZERO_ID	2	2	lang0,taiwan	taiwan:local_sync_data.dat:数据存储失败 - ID=0。 | lang0:lang0.pak:Data storage failure - ID=0.
GAME_PETITION_INSERT_FAILE	2	2	lang0,taiwan	taiwan:local_sync_data.dat:数据存储失败 - STD:MAP。 | lang0:lang0.pak:Data storage failure - STD:MAP.
GAME_PETITION_ISNOT_STARTED	2	2	lang0,taiwan	taiwan:local_sync_data.dat:还没有开始。 | lang0:lang0.pak:Not started yet.
GAME_PETITION_LOCK	2	2	lang0,taiwan	taiwan:local_sync_data.dat:已锁定 | lang0:lang0.pak:Locked
GAME_PETITION_NOTAUTH	2	2	lang0,taiwan	taiwan:local_sync_data.dat:没有这种权力。 | lang0:lang0.pak:No such authority.
GAME_PETITION_NOTRUNSTATE	2	2	lang0,taiwan	taiwan:local_sync_data.dat:没有信任状态。 | lang0:lang0.pak:No trust state.
GAME_PETITION_PETITIONID_INVALID	2	2	lang0,taiwan	taiwan:local_sync_data.dat:账户不正确。 | lang0:lang0.pak:Account is incorrect.
GAME_PETITION_TOO_LONG_NAME	2	2	lang0,taiwan	taiwan:local_sync_data.dat:名字太长，最多8个字符。 | lang0:lang0.pak:Name to long, maximum 8 characters.
GAME_PETITION_TOO_LONG_QUESTION_CONTENT	2	2	lang0,taiwan	taiwan:local_sync_data.dat:太长了，最多128个字符。 | lang0:lang0.pak:To long, maximum 128 characters.
GAME_PETITION_TOO_SHORT_NAME	2	2	lang0,taiwan	taiwan:local_sync_data.dat:名字太短，最少2个字符。 | lang0:lang0.pak:Name to short, minimum 2 characters.
GAME_PETITION_TOO_SHORT_QUESTION_CONTENT	2	2	lang0,taiwan	taiwan:local_sync_data.dat:至少要输入2个字符。 | lang0:lang0.pak:Enter at least 2 characters.
GAME_PET_CANT_MAKE_MORE_ITEM_PET	2	2	lang0,taiwan	taiwan:local_sync_data.dat:不能再这样做了。 | lang0:lang0.pak:Can't do this anymore.
GAME_PET_CANT_MAKE_MORE_SUMMON_PET	2	2	lang0,taiwan	taiwan:local_sync_data.dat:无法召唤另一个宠物。 | lang0:lang0.pak:Unable to summon another pet.
GAME_PET_COULDNT_BE_DONE_FOR_SOME_REASON	2	2	lang0,taiwan	taiwan:local_sync_data.dat:临时错误，请稍后再试。 | lang0:lang0.pak:Temporary error, please try again later.
GAME_PET_TARGET_IS_NOT_SPAWNED	2	2	lang0,taiwan	taiwan:local_sync_data.dat:宠物还没有产卵。 | lang0:lang0.pak:Pet hasn't spawned yet.
GAME_PORTAL_ARLEADY_ADDED	2	2	lang0,taiwan	taiwan:local_sync_data.dat:传送位置已经注册。 | lang0:lang0.pak:Teleport location already registered.
GAME_PORTAL_NOT_EXIST	2	2	lang0,taiwan	taiwan:local_sync_data.dat:传送位置还没有被登记。 | lang0:lang0.pak:Teleport location hasn't been registered.
GAME_PRIVATESHOP_INVENTORY_NOTINVENTTORY	2	2	lang0,taiwan	taiwan:local_sync_data.dat:无效的胶囊盒。 | lang0:lang0.pak:Invalid Capsule Case.
GAME_PRIVATESHOP_INVENTORY_SAVEITEM_OVER	2	2	lang0,taiwan	taiwan:local_sync_data.dat:胶囊箱中没有空槽。 | lang0:lang0.pak:No empty slot in Capsule Case.
GAME_PRIVATESHOP_ITEM_NOTVALID	2	2	lang0,taiwan	taiwan:local_sync_data.dat:不能卖道具。 | lang0:lang0.pak:Can't sell Item.
GAME_PRIVATESHOP_ITEM_NULL	2	2	lang0,taiwan	taiwan:local_sync_data.dat:道具不存在。 | lang0:lang0.pak:Item doesn't exist.
GAME_PRIVATESHOP_ITEM_SELECTITEM_NOTBUSINESS	2	2	lang0,taiwan	taiwan:local_sync_data.dat:已经选择的道具。 | lang0:lang0.pak:Item already selected.
GAME_PRIVATESHOP_ITEM_TABLE_ITEMID_DIFFERENT	2	2	lang0,taiwan	taiwan:local_sync_data.dat:非相同道具 | lang0:lang0.pak:Non-identical item
GAME_PRIVATESHOP_NOTAUTH	2	2	lang0,taiwan	taiwan:local_sync_data.dat:你没有许可。 | lang0:lang0.pak:You don't have permission.
GAME_PRIVATESHOP_NOTRUNSTATE	2	2	lang0,taiwan	taiwan:local_sync_data.dat:无法开店 | lang0:lang0.pak:Unable to open shop
GAME_PRIVATESHOP_NOT_PROGRESS_COMPLETE	2	2	lang0,taiwan	taiwan:local_sync_data.dat:商店进度已被改变。请再试一次 | lang0:lang0.pak:Shop progress has been changed. Please try again
GAME_PRIVATESHOP_OWNER_BARGAINS	2	2	lang0,taiwan	taiwan:local_sync_data.dat:店主正在与他人讨价还价。请稍后再试。 | lang0:lang0.pak:Shop owner is bargaining with others. Please try again later.
GAME_PRIVATESHOP_OWNER_BUSINESS_NOT_CONSENT	2	2	lang0,taiwan	taiwan:local_sync_data.dat:店主拒绝讨价还价。 | lang0:lang0.pak:Shop owner refused to bargain.
GAME_PRIVATESHOP_OWNER_BUSINESS_REFUSED	2	2	lang0,taiwan	taiwan:local_sync_data.dat:店主拒绝讨价还价。 | lang0:lang0.pak:Shop owner refused to bargain.
GAME_PRIVATESHOP_OWNER_MONEY_FULL	2	2	lang0,taiwan	taiwan:local_sync_data.dat:卖方有太多的索尼 | lang0:lang0.pak:Seller has too much Zeni
GAME_PRIVATESHOP_OWNER_THEREISNO	2	2	lang0,taiwan	taiwan:local_sync_data.dat:没有找到店主 | lang0:lang0.pak:No shop owner found
GAME_PRIVATESHOP_PRIVATESHOP_ANOTHER_NPC	2	2	lang0,taiwan	taiwan:local_sync_data.dat:不能在NPC附近开店 | lang0:lang0.pak:Can't open shop near NPC
GAME_PRIVATESHOP_PRIVATESHOP_ANOTHER_PRIVATESHOP	2	2	lang0,taiwan	taiwan:local_sync_data.dat:不能在其他商店附近开店 | lang0:lang0.pak:Can't open shop near other shops
GAME_PRIVATESHOP_PRIVATESHOP_INVENTORY_SAVEITEM_OVER	2	2	lang0,taiwan	taiwan:local_sync_data.dat:存储空间已满 | lang0:lang0.pak:Storage space is full
GAME_PRIVATESHOP_PRIVATESHOP_INVENTORY_SLOT_ALREADY_ITEM	2	2	lang0,taiwan	taiwan:local_sync_data.dat:槽位已经在使用中。 | lang0:lang0.pak:Slot is already in use.
GAME_PRIVATESHOP_PRIVATESHOP_NOT_CREATE_PLACE	2	2	lang0,taiwan	taiwan:local_sync_data.dat:无法在这里开设个人商店。 | lang0:lang0.pak:Unable to open personal shop here.
GAME_PRIVATESHOP_PRIVATESHOP_NULL	2	2	lang0,taiwan	taiwan:local_sync_data.dat:找不到商店 | lang0:lang0.pak:Could not find the shop
GAME_PRIVATESHOP_SAMENOT_PRICEFLUCTUATIONSCOUNTER	2	2	lang0,taiwan	taiwan:local_sync_data.dat:请再试一次，因为讨价还价有变化。 | lang0:lang0.pak:Please try again because change in bargaining.
GAME_PRIVATESHOP_STOP_PROGRESS	2	2	lang0,taiwan	taiwan:local_sync_data.dat:商店关闭 | lang0:lang0.pak:Shop closed
GAME_PRIVATESHOP_VISITOR_ALREADYENTER	2	2	lang0,taiwan	taiwan:local_sync_data.dat:游客已经在店里了。 | lang0:lang0.pak:Visitor already in the store.
GAME_PRIVATESHOP_VISITOR_FULL	2	2	lang0,taiwan	taiwan:local_sync_data.dat:现在访客太多。 | lang0:lang0.pak:Too much visitors right now.
GAME_PRIVATESHOP_VISITOR_NOT_INVENTORY_EMPTY	2	2	lang0,taiwan	taiwan:local_sync_data.dat:游客没有足够的自由空间。 | lang0:lang0.pak:Visitor hasn't enough free space.
GAME_PRIVATESHOP_VISITOR_NOT_MONEY	2	2	lang0,taiwan	taiwan:local_sync_data.dat:游客还没有足够的索尼。 | lang0:lang0.pak:Visitor hasn't enough Zeni.
GAME_PRIVATESHOP_VISITOR_NULL	2	2	lang0,taiwan	taiwan:local_sync_data.dat:没有访客。 | lang0:lang0.pak:No visitor.
GAME_PRIVATESHOP_VISITOR_SELECTITEM_ALLSELL	2	2	lang0,taiwan	taiwan:local_sync_data.dat:无法购买所选物品。 | lang0:lang0.pak:Can't buy the selected item.
GAME_PRIVATESHOP_VISITOR_SELECTITEM_ALREADY	2	2	lang0,taiwan	taiwan:local_sync_data.dat:道具已被保留。 | lang0:lang0.pak:Item is already reserved.
GAME_PRIVATESHOP_VISITOR_SELECTITEM_ALREADYBUYANDBUSINESSITEM	2	2	lang0,taiwan	taiwan:local_sync_data.dat:道具已经售出。 | lang0:lang0.pak:Item is already sold.
GAME_PRIVATESHOP_VISITOR_SELECTITEM_INVENSOLT_SHORTOF	2	2	lang0,taiwan	taiwan:local_sync_data.dat:没有足够的自由空间。 | lang0:lang0.pak:Not enough free space.
GAME_PRIVATESHOP_VISITOR_SELECTITEM_NULL	2	2	lang0,taiwan	taiwan:local_sync_data.dat:游客不指定道具。 | lang0:lang0.pak:Visitor don't specify item.
GAME_PRIVATESHOP_VISITOR_SELECTITEM_OVER	2	2	lang0,taiwan	taiwan:local_sync_data.dat:无法指定道具。 | lang0:lang0.pak:Unable to specify items.
GAME_PRIVATESHOP_ZENNY_LOCK	2	2	lang0,taiwan	taiwan:local_sync_data.dat:处理其他人，请等待。 | lang0:lang0.pak:Zeni is locked during transaction.
GAME_PROCESSING_DB	2	2	lang0,taiwan	taiwan:local_sync_data.dat:请等待数据库被处理。 | lang0:lang0.pak:Please wait database being processed.
GAME_QUEST_ALREADY_EXIST	2	2	lang0,taiwan	taiwan:local_sync_data.dat:你已经有了这个任务。 | lang0:lang0.pak:You already have that quest.
GAME_QUEST_COUNT_OVER	2	2	lang0,taiwan	taiwan:local_sync_data.dat:你不能再得到任何任务。 | lang0:lang0.pak:You can't get any more quests.
GAME_QUEST_NOT_EXIST	2	2	lang0,taiwan	taiwan:local_sync_data.dat:任务不存在。 | lang0:lang0.pak:Quest doesn't exist.
GAME_QUICK_TELEPORT_INFO_NOT_FOUND	2	2	lang0,taiwan	taiwan:local_sync_data.dat:该插槽中没有存储数据。 | lang0:lang0.pak:No data stored in that slot.
GAME_QUICK_TELEPORT_INFO_NOT_VALID	2	2	lang0,taiwan	taiwan:local_sync_data.dat:存储在该插槽中的数据无效。 | lang0:lang0.pak:Data stored in that slot are invalid.
GAME_QUICK_TELEPORT_ITEM_LOCK	2	2	lang0,taiwan	taiwan:local_sync_data.dat:道具被锁定。 | lang0:lang0.pak:Item is locked.
GAME_QUICK_TELEPORT_ITEM_NOT_FOUND	2	2	lang0,taiwan	taiwan:local_sync_data.dat:未找到传送物品。 | lang0:lang0.pak:Teleport Item not found.
GAME_QUSET_ITEM_CREATE_COUNT_OVER	2	2	lang0,taiwan	taiwan:local_sync_data.dat:你可以再次生产同样的物品。 | lang0:lang0.pak:You can produce the same item again.
GAME_RANKBATTLE_ARENA_IS_FULL	2	2	lang0,taiwan	taiwan:local_sync_data.dat:竞技场目前已满。 | lang0:lang0.pak:Arena is currently full.
GAME_RANKBATTLE_CANNOT_FIND_ARENA	2	2	lang0,taiwan	taiwan:local_sync_data.dat:找不到竞技场。 | lang0:lang0.pak:Can't find the arena.
GAME_RANKBATTLE_CANNOT_FIND_OPPONENT	2	2	lang0,taiwan	taiwan:local_sync_data.dat:找不到对手。 | lang0:lang0.pak:Can't find an opponent.
GAME_RANKBATTLE_CANNOT_LEAVE_IN_MATCH	2	2	lang0,taiwan	taiwan:local_sync_data.dat:战斗期间不能离开。 | lang0:lang0.pak:Can't leave during fight.
GAME_RANKBATTLE_CANNOT_LEAVE_NOW	2	2	lang0,taiwan	taiwan:local_sync_data.dat:现在不能离开。 | lang0:lang0.pak:Can't leave now.
GAME_RANKBATTLE_IP_ACCOUNT_CONFLICT	2	2	lang0,taiwan	taiwan:local_sync_data.dat:你不能加入排位赛。来自同一网络或账号的另一名玩家已经在队列中。 | lang0:lang0.pak:You cannot join ranked battle. Another player from the same network or account is already in the queue.
GAME_RANKBATTLE_MEMBER_ALREADY_JOINED_RANKBATTLE	2	2	lang0,taiwan	taiwan:local_sync_data.dat:一个成员已经注册了。 | lang0:lang0.pak:A member is already registered.
GAME_RANKBATTLE_NOR_REGISTERED	2	2	lang0,taiwan	taiwan:local_sync_data.dat:没有登记。 | lang0:lang0.pak:Not Registered.
GAME_RANKBATTLE_NO_REMAIN_COUNT	2	2	lang0,taiwan	taiwan:local_sync_data.dat:限制用尽。 | lang0:lang0.pak:Limit exhausted.
GAME_RANKBATTLE_OBJECT_IS_TOO_FAR	2	2	lang0,taiwan	taiwan:local_sync_data.dat:太远了。 | lang0:lang0.pak:Too far away.
GAME_REPAIR_NOT_FOUND	2	2	lang0,taiwan	taiwan:local_sync_data.dat:没有什么需要修复的。 | lang0:lang0.pak:Nothing need repaired.
GAME_REPAIR_VALUE_FAIL	2	2	lang0,taiwan	taiwan:local_sync_data.dat:物品无法修复。 | lang0:lang0.pak:Item can't be repaired.
GAME_RESKILL_TIME_NON	2	2	lang0,taiwan	taiwan:local_sync_data.dat:Skill reset time not available. | lang0:lang0.pak:Skill reset time not available.
GAME_REVIVAL_AFTEREFFECT_IS_TOO_STRONG_TO_BE_CURED	2	2	lang0,taiwan	taiwan:local_sync_data.dat:死刑太强了。 | lang0:lang0.pak:Death punishment is too strong.
GAME_RIDE_ON_STATE	2	2	lang0,taiwan	taiwan:local_sync_data.dat:你已经在车辆上了。 | lang0:lang0.pak:You are already on Vehicle.
GAME_ROOM_CAN_NOT_FIND_PARTY_MEMBER	2	2	lang0,taiwan	taiwan:local_sync_data.dat:找不到成员。 | lang0:lang0.pak:Can't find Party members.
GAME_ROOM_ENTER_EXCEED_MAX_MEMBER_COUNT	2	2	lang0,taiwan	taiwan:local_sync_data.dat:目前已达到最大成员数。 | lang0:lang0.pak:Max member currently reached.
GAME_ROOM_ENTER_EXCEED_MAX_ROOM_COUNT	2	2	lang0,taiwan	taiwan:local_sync_data.dat:目前已达到最大房间数。 | lang0:lang0.pak:Max rooms currently reached.
GAME_ROOM_ENTER_FAIL	2	2	lang0,taiwan	taiwan:local_sync_data.dat:房间失败。 | lang0:lang0.pak:Room failure.
GAME_ROOM_ENTER_MUST_HAVE_NEED_ITEM	2	2	lang0,taiwan	taiwan:local_sync_data.dat:没有必要的道具。 | lang0:lang0.pak:Don't have the necessary Item.
GAME_ROOM_ENTER_MUST_HAVE_NEED_ZENNY	2	2	lang0,taiwan	taiwan:local_sync_data.dat:需要更多的索尼。 | lang0:lang0.pak:More Zeni needed.
GAME_ROOM_ENTER_NEED_MORE_MEMBER	2	2	lang0,taiwan	taiwan:local_sync_data.dat:需要更多的成员。 | lang0:lang0.pak:More members needed.
GAME_ROOM_ENTER_NEED_MORE_PARTY_MEMEBER	2	2	lang0,taiwan	taiwan:local_sync_data.dat:需要更多的成员。 | lang0:lang0.pak:More Party members needed.
GAME_ROOM_ENTER_NOT_MATCH_MEMBER	2	2	lang0,taiwan	taiwan:local_sync_data.dat:没有找到匹配的。 | lang0:lang0.pak:No match found.
GAME_ROOM_ENTER_NOT_WAIT_STATE	2	2	lang0,taiwan	taiwan:local_sync_data.dat:没有发现待机。 | lang0:lang0.pak:No standby found.
GAME_ROOM_ENTER_ROOMMANAGER_NOT_EXIST	2	2	lang0,taiwan	taiwan:local_sync_data.dat:留言板不存在。 | lang0:lang0.pak:Message board doesn't exist.
GAME_ROOM_ENTER_ROOM_NOT_EXIST	2	2	lang0,taiwan	taiwan:local_sync_data.dat:房间并不存在。 | lang0:lang0.pak:Room doesn't exist.
GAME_ROOM_ENTER_TOO_HIGHTLEVEL	2	2	lang0,taiwan	taiwan:local_sync_data.dat:你的等级太高了。 | lang0:lang0.pak:Your level is too high.
GAME_ROOM_ENTER_TOO_LOW_LEVEL	2	2	lang0,taiwan	taiwan:local_sync_data.dat:你的等级太低了。 | lang0:lang0.pak:Your level is too low.
GAME_ROOM_LEAVE_FAIL	2	2	lang0,taiwan	taiwan:local_sync_data.dat:你现在不能离开。 | lang0:lang0.pak:You can't leave now.
GAME_ROOM_LEAVE_LIMIT_TIME_ELAPSED	2	2	lang0,taiwan	taiwan:local_sync_data.dat:待命，现在才可以离开。 | lang0:lang0.pak:Standby, can't leave till now.
GAME_ROOM_NOT_OWNER	2	2	lang0,taiwan	taiwan:local_sync_data.dat:你不是主人。 | lang0:lang0.pak:You are not the owner.
GAME_SAMENAME_EXIST	2	2	lang0,taiwan	"taiwan:local_sync_data.dat:[align = ""center""][font size = ""12"" color= ""f4d762""]角色名称[/font][br][br][font size = ""10"" color= ""f36a7c""]该角色名称已经被占用[/font]。 | lang0:lang0.pak:[align = ""center""][font size = ""12"" color=""f4d762""]Character Name[/font][br][br][font size = ""10"" color=""f36a7c""]That character name has been taken already.[/font]"
GAME_SCOUTER_BODY_IS_NOT_EMPTY	2	2	lang0,taiwan	taiwan:local_sync_data.dat:所有史考特已满。 | lang0:lang0.pak:All Scouter Slots are full.
GAME_SCOUTER_CANNOT_WEARING	2	2	lang0,taiwan	taiwan:local_sync_data.dat:无法装备的史考特。 | lang0:lang0.pak:Cannot equip the Scouter.
GAME_SCOUTER_CANNOT_WEARTING	2	2	lang0,taiwan	taiwan:local_sync_data.dat:无法装备的史考特。 | lang0:lang0.pak:Cannot equip the Scouter.
GAME_SCOUTER_CHIP_NOT_EXIST	2	2	lang0,taiwan	taiwan:local_sync_data.dat:找不到Scouter Chip。 | lang0:lang0.pak:Can't find Scouter Chip.
GAME_SCOUTER_JAMMING	2	2	lang0,taiwan	taiwan:local_sync_data.dat:设备扫描被卡住了。 | lang0:lang0.pak:Equipment scan is jammed.
GAME_SCOUTER_MAIN_PARTS_NOT_FOUND	2	2	lang0,taiwan	taiwan:local_sync_data.dat:找不到Scouter。 | lang0:lang0.pak:Scouter main parts not found.
GAME_SCOUTER_MAX_OVER	2	2	lang0,taiwan	taiwan:local_sync_data.dat:由于力量等级高，史考特被打破了。 | lang0:lang0.pak:Scouter got broken due to the high Power Level.
GAME_SCOUTER_PARTS_LEVEL_FAIL	2	2	lang0,taiwan	taiwan:local_sync_data.dat:错误的史考特芯片Lv. | lang0:lang0.pak:Wrong Scouter chip Lv.
GAME_SCOUTER_PARTS_NOT_FOUND	2	2	lang0,taiwan	taiwan:local_sync_data.dat:找不到必要的芯片。 | lang0:lang0.pak:Can't find the necessary chip.
GAME_SCOUTER_PC_INFO_JAMMING	2	2	lang0,taiwan	taiwan:local_sync_data.dat:扫描卡住了。 | lang0:lang0.pak:Scan jammed.
GAME_SCOUTER_TARGET_FAIL	2	2	lang0,taiwan	taiwan:local_sync_data.dat:不是一个有效的目标。 | lang0:lang0.pak:Not a valid target.
GAME_SCOUTER_TARGET_FAIL_FOR_NPC	2	2	lang0,taiwan	taiwan:local_sync_data.dat:不能调查NPC的设备。 | lang0:lang0.pak:Can't investigate NPC's Equipment.
GAME_SCOUTER_TARGET_SELF_FAIL	2	2	lang0,taiwan	taiwan:local_sync_data.dat:你的史考特不能以自己为目标。 | lang0:lang0.pak:Your Scouter can't target yourself.
GAME_SCS_CHECK_FAIL	2	2	lang0,taiwan	taiwan:local_sync_data.dat:SCS-检查失败。 | lang0:lang0.pak:Verification failed.
GAME_SERVER_LOCKED	2	2	lang0,taiwan	"taiwan:local_sync_data.dat:[align = ""center""][font size = ""12"" color= ""f4d762""]服务器连接[/font][br][br][font size = ""10"" color= ""f36a7c""]你不能连接到服务器。[br]请稍后再试。[/font] | lang0:lang0.pak:[align = ""center""][font size = ""12"" color=""f4d762""]Server connection[/font][br][br][font size = ""10"" color=""f36a7c""]You can't connect to the server.[br]Please try again later.[/font]"
GAME_SHOP_ITEM_INVALID	2	2	lang0,taiwan	taiwan:local_sync_data.dat:无效的道具。 | lang0:lang0.pak:Invalid Item.
GAME_SHOP_NOT_CLOSED	2	2	lang0,taiwan	taiwan:local_sync_data.dat:商店是开放的。 | lang0:lang0.pak:The shop is open.
GAME_SHOP_NOT_FOUND	2	2	lang0,taiwan	taiwan:local_sync_data.dat:Shop not found. | lang0:lang0.pak:Shop not found.
GAME_SHOP_SO_FAR	2	2	lang0,taiwan	taiwan:local_sync_data.dat:商店太远了。 | lang0:lang0.pak:Shop is too far away.
GAME_SHORTCUT_KEY_ARLEADY_FOUND	2	2	lang0,taiwan	taiwan:local_sync_data.dat:钥匙已经分配好了。 | lang0:lang0.pak:Key has already been assigned.
GAME_SHORTCUT_KEY_DEL_NOT_FOUND	2	2	lang0,taiwan	taiwan:local_sync_data.dat:找不到快捷键 | lang0:lang0.pak:Couldn't find shortcut key
GAME_SHORTCUT_KEY_MODIFY_NOT_FOUND	2	2	lang0,taiwan	taiwan:local_sync_data.dat:找不到要修改的快捷键 | lang0:lang0.pak:Couldn't find shortcut key to modify
GAME_SKILL_ALREADY_EXIST_SAME_KIND_BUFF	2	2	lang0,taiwan	taiwan:local_sync_data.dat:已经注册的同类BUFF | lang0:lang0.pak:Same kind of buff already registered
GAME_SKILL_ALREADY_MASTERED_SKILL	2	2	lang0,taiwan	taiwan:local_sync_data.dat:已经掌握了这种技能。 | lang0:lang0.pak:Already mastered that skill.
GAME_SKILL_ALREADY_TRANSFORMED	2	2	lang0,taiwan	taiwan:local_sync_data.dat:你已经被改造了 | lang0:lang0.pak:You are already transformed
GAME_SKILL_BUFF_IS_FULL	2	2	lang0,taiwan	taiwan:local_sync_data.dat:Buff名单已满 | lang0:lang0.pak:Buff list is full
GAME_SKILL_CANNOT_USE_NO_DOT_BLEED	2	2	lang0,taiwan	taiwan:local_sync_data.dat:你没有在流血 | lang0:lang0.pak:You are not bleeding
GAME_SKILL_CANNOT_USE_NO_DOT_BUFF	2	2	lang0,taiwan	taiwan:local_sync_data.dat:没有发现DOT BUFF | lang0:lang0.pak:No DOT buff found
GAME_SKILL_CANNOT_USE_NO_DOT_BURN	2	2	lang0,taiwan	taiwan:local_sync_data.dat:你不是在燃烧 | lang0:lang0.pak:You are not burning
GAME_SKILL_CANNOT_USE_NO_DOT_POISON	2	2	lang0,taiwan	taiwan:local_sync_data.dat:你没有被毒死 | lang0:lang0.pak:You are not poisoned
GAME_SKILL_CANNOT_USE_NO_DOT_STOMACHACHE	2	2	lang0,taiwan	taiwan:local_sync_data.dat:你没有腹痛 | lang0:lang0.pak:You don't have Abdominal Pain
GAME_SKILL_CANT_BE_CAST_ON_YOURSELF	2	2	lang0,taiwan	taiwan:local_sync_data.dat:技能不能对自己施放 | lang0:lang0.pak:Skill can't be casted on yourself
GAME_SKILL_CANT_BE_GAINED_BY_YOURSELF	2	2	lang0,taiwan	taiwan:local_sync_data.dat:不能靠自己学习技能。 | lang0:lang0.pak:Can't learn skill by yourself.
GAME_SKILL_CANT_CANCEL_TRANSFORM_WHEN_USING_SKILL	2	2	lang0,taiwan	taiwan:local_sync_data.dat:不能用来取消转变。 | lang0:lang0.pak:Can't be used to cancel transformation.
GAME_SKILL_CANT_CAST_NOW	2	2	lang0,taiwan	taiwan:local_sync_data.dat:现在无法施展技能 | lang0:lang0.pak:Can't cast skill now
GAME_SKILL_CANT_SET_THAT_RP_BONUS_IN_SKILL	2	2	lang0,taiwan	taiwan:local_sync_data.dat:不能设定RP奖励 | lang0:lang0.pak:Can't set that RP bonus
GAME_SKILL_CANT_USE_FOR_SOME_REASON	2	2	lang0,taiwan	taiwan:local_sync_data.dat:由于某种原因不能使用技能 | lang0:lang0.pak:Can't use skill for some reason
GAME_SKILL_CANT_USE_HTB_WHEN_TRANSFORMED	2	2	lang0,taiwan	taiwan:local_sync_data.dat:改造时不能使用HTB | lang0:lang0.pak:Can't use HTB while transformation
GAME_SKILL_CANT_USE_ON_THIS_TARGET	2	2	lang0,taiwan	taiwan:local_sync_data.dat:技能不能对这个目标施放。 | lang0:lang0.pak:Skill can't be cast on this target.
GAME_SKILL_CANT_USE_SKILL_BOAST_NOW	2	2	lang0,taiwan	taiwan:local_sync_data.dat:现在不能使用自夸。 | lang0:lang0.pak:Can't use Boast now.
GAME_SKILL_CANT_USE_SKILL_WHEN_BIG_MONKEY	2	2	lang0,taiwan	taiwan:local_sync_data.dat:Can't use skill while great ape. | lang0:lang0.pak:Can't use skill while great ape.
GAME_SKILL_CANT_USE_SKILL_WHEN_BUUHAN_SKIN	2	2	lang0,taiwan	taiwan:local_sync_data.dat:Can't use skill while buuhan. | lang0:lang0.pak:Can't use skill while buuhan.
GAME_SKILL_CANT_USE_SKILL_WHEN_BUUHAN_SKIN2	2	2	lang0,taiwan	taiwan:local_sync_data.dat:Can't use skill while buuhan 2. | lang0:lang0.pak:Can't use skill while buuhan 2.
GAME_SKILL_CANT_USE_SKILL_WHEN_DARK_NAMEK	2	2	lang0,taiwan	taiwan:local_sync_data.dat:Can't use skill while dark namek. | lang0:lang0.pak:Can't use skill while dark namek.
GAME_SKILL_CANT_USE_SKILL_WHEN_EVIL_BOO	2	2	lang0,taiwan	taiwan:local_sync_data.dat:Can't use skill while evil boo. | lang0:lang0.pak:Can't use skill while evil boo.
GAME_SKILL_CANT_USE_SKILL_WHEN_EVIL_NAMEK	2	2	lang0,taiwan	taiwan:local_sync_data.dat:Can't use skill while evil namek. | lang0:lang0.pak:Can't use skill while evil namek.
GAME_SKILL_CANT_USE_SKILL_WHEN_GOTENKS_BOO_FIS	2	2	lang0,taiwan	taiwan:local_sync_data.dat:Can't use skill while gotenks boo. | lang0:lang0.pak:Can't use skill while gotenks boo.
GAME_SKILL_CANT_USE_SKILL_WHEN_GOTENKS_BOO_MAG	2	2	lang0,taiwan	taiwan:local_sync_data.dat:Can't use skill while gotenks boo magic. | lang0:lang0.pak:Can't use skill while gotenks boo magic.
GAME_SKILL_CANT_USE_SKILL_WHEN_GREAT_NAMEK	2	2	lang0,taiwan	taiwan:local_sync_data.dat:在大名鼎鼎的时候不能使用技能。 | lang0:lang0.pak:Can't use skill while great namek.
GAME_SKILL_CANT_USE_SKILL_WHEN_GREAT_ORANGE	2	2	lang0,taiwan	taiwan:local_sync_data.dat:Can't use skill while great orange. | lang0:lang0.pak:Can't use skill while great orange.
GAME_SKILL_CANT_USE_SKILL_WHEN_KAIOKEN	2	2	lang0,taiwan	taiwan:local_sync_data.dat:在界王拳时不能使用技能。 | lang0:lang0.pak:Can't use skill while Kaio-Ken.
GAME_SKILL_CANT_USE_SKILL_WHEN_KING_NAMEK	2	2	lang0,taiwan	taiwan:local_sync_data.dat:Can't use skill while king namek. | lang0:lang0.pak:Can't use skill while king namek.
GAME_SKILL_CANT_USE_SKILL_WHEN_MYSTIC_MAJIN	2	2	lang0,taiwan	taiwan:local_sync_data.dat:Can't use skill while mystic majin. | lang0:lang0.pak:Can't use skill while mystic majin.
GAME_SKILL_CANT_USE_SKILL_WHEN_NOT_TRANSFORMED	2	2	lang0,taiwan	taiwan:local_sync_data.dat:未变身时无法使用技能。 | lang0:lang0.pak:Can't use skill when not transformed.
GAME_SKILL_CANT_USE_SKILL_WHEN_PURE_MAJIN	2	2	lang0,taiwan	taiwan:local_sync_data.dat:纯粹魔人时不能使用技能。 | lang0:lang0.pak:Can't use skill while pure majin.
GAME_SKILL_CANT_USE_SKILL_WHEN_RABIES	2	2	lang0,taiwan	taiwan:local_sync_data.dat:狂拳期间不能使用技能。 | lang0:lang0.pak:Can't use skill while rabies.
GAME_SKILL_CANT_USE_SKILL_WHEN_ROLLING_ATTACK	2	2	lang0,taiwan	taiwan:local_sync_data.dat:在滚动攻击期间不能使用技能。 | lang0:lang0.pak:Can't use skill during rolling attack.
GAME_SKILL_CANT_USE_SKILL_WHEN_SPINNING_ATTACK	2	2	lang0,taiwan	taiwan:local_sync_data.dat:在旋转攻击中不能使用技能。 | lang0:lang0.pak:Can't use skill during spinning attack.
GAME_SKILL_CANT_USE_SKILL_WHEN_SUPER_BOO	2	2	lang0,taiwan	taiwan:local_sync_data.dat:Can't use skill while super boo. | lang0:lang0.pak:Can't use skill while super boo.
GAME_SKILL_CANT_USE_SKILL_WHEN_SUPER_BOO2	2	2	lang0,taiwan	taiwan:local_sync_data.dat:Can't use skill while super boo 2. | lang0:lang0.pak:Can't use skill while super boo 2.
GAME_SKILL_CANT_USE_SKILL_WHEN_SUPER_SAIYAN	2	2	lang0,taiwan	taiwan:local_sync_data.dat:超级赛亚人时不能使用技能。 | lang0:lang0.pak:Can't use skill while super saiyan.
GAME_SKILL_CANT_USE_SKILL_WHEN_SUPER_SAIYAN2	2	2	lang0,taiwan	taiwan:local_sync_data.dat:Can't use skill while super saiyan 2. | lang0:lang0.pak:Can't use skill while super saiyan 2.
GAME_SKILL_CANT_USE_SKILL_WHEN_SUPER_SAIYAN3	2	2	lang0,taiwan	taiwan:local_sync_data.dat:Can't use skill while super saiyan God. | lang0:lang0.pak:Can't use skill while super saiyan God.
GAME_SKILL_CANT_USE_SKILL_WHEN_SUPER_SAIYAN33	2	2	lang0,taiwan	taiwan:local_sync_data.dat:Can't use skill while super saiyan god super saiyan. | lang0:lang0.pak:Can't use skill while super saiyan god super saiyan.
GAME_SKILL_CANT_USE_SKILL_WHEN_SUPER_SAIYAN4	2	2	lang0,taiwan	taiwan:local_sync_data.dat:Can't use skill while super saiyan 4. | lang0:lang0.pak:Can't use skill while super saiyan 4.
GAME_SKILL_CANT_USE_SKILL_WHEN_SUPER_SAIYANBLUE	2	2	lang0,taiwan	taiwan:local_sync_data.dat:Can't use skill while super saiyan blue. | lang0:lang0.pak:Can't use skill while super saiyan blue.
GAME_SKILL_CANT_USE_SKILL_WHEN_SUPER_SAIYANL	2	2	lang0,taiwan	taiwan:local_sync_data.dat:Can't use skill while legendary super saiyan. | lang0:lang0.pak:Can't use skill while legendary super saiyan.
GAME_SKILL_CANT_USE_SKILL_WHEN_SUPER_SAIYANMAJIN	2	2	lang0,taiwan	taiwan:local_sync_data.dat:Can't use skill while majin super saiyan. | lang0:lang0.pak:Can't use skill while majin super saiyan.
GAME_SKILL_CANT_USE_SKILL_WHEN_SUPER_SAIYANNAMEK	2	2	lang0,taiwan	taiwan:local_sync_data.dat:Can't use skill while namek super saiyan. | lang0:lang0.pak:Can't use skill while namek super saiyan.
GAME_SKILL_CANT_USE_SKILL_WHEN_SUPER_SAIYANROSE	2	2	lang0,taiwan	taiwan:local_sync_data.dat:Can't use skill while super saiyan rose. | lang0:lang0.pak:Can't use skill while super saiyan rose.
GAME_SKILL_CANT_USE_SKILL_WHEN_VEHICLE	2	2	lang0,taiwan	taiwan:local_sync_data.dat:在车辆上时不能使用技能。 | lang0:lang0.pak:Can't use skill while on vehicle.
GAME_SKILL_CANT_USE_THAT_RP_BONUS_IN_SKILL	2	2	lang0,taiwan	taiwan:local_sync_data.dat:RP不能用。 | lang0:lang0.pak:RP can't be used.
GAME_SKILL_CANT_USE_VEHICLE_WHEN_TRANSFORMED	2	2	lang0,taiwan	taiwan:local_sync_data.dat:变身时不能使用。 | lang0:lang0.pak:Can't use while transformed.
GAME_SKILL_CANT_USE_WHEN_TRANSFORMED	2	2	lang0,taiwan	taiwan:local_sync_data.dat:改造时不能使用。 | lang0:lang0.pak:Can't use while transformation.
GAME_SKILL_CAN_BE_CAST_ONLY_ON_PLAYER	2	2	lang0,taiwan	taiwan:local_sync_data.dat:技能只能对玩家施放。 | lang0:lang0.pak:Skill can be casted only on players.
GAME_SKILL_CASTING_CANCELED_BY_DAMAGE	2	2	lang0,taiwan	taiwan:local_sync_data.dat:施法被伤害所取消 | lang0:lang0.pak:Casting canceled by damage
GAME_SKILL_CASTING_CANCELED_BY_TARGET_NEW_STATE	2	2	lang0,taiwan	taiwan:local_sync_data.dat:技能中断，目标状态改变。 | lang0:lang0.pak:Skill interrupted, target state changed.
GAME_SKILL_CASTING_CANCELED_OBJECT_OCCLUSION	2	2	lang0,taiwan	taiwan:local_sync_data.dat:技能中断了，看不见了。 | lang0:lang0.pak:Skill interrupted, out of sight.
GAME_SKILL_CURRENT_BUFF_IS_STRONGER_THEN_NEW	2	2	lang0,taiwan	taiwan:local_sync_data.dat:目前的BUFF比新BUFF更强。 | lang0:lang0.pak:Current buff is stronger then new buff.
GAME_SKILL_DEBUFF_IS_FULL	2	2	lang0,taiwan	taiwan:local_sync_data.dat:Debuff列表已满 | lang0:lang0.pak:Debuff list is full
GAME_SKILL_ERASE_FAIL	2	2	lang0,taiwan	taiwan:local_sync_data.dat:忘却技能失败 | lang0:lang0.pak:Failed to erase skill
GAME_SKILL_GM_BUF_SUCCESS	2	2	lang0,taiwan	taiwan:local_sync_data.dat:收到了来自通用汽车的BUFF。 | lang0:lang0.pak:Received a buff from GM.
GAME_SKILL_HAVE_UPGRADED_SKILL	2	2	lang0,taiwan	taiwan:local_sync_data.dat:先升级技能。 | lang0:lang0.pak:Upgrade the Skill first.
GAME_SKILL_ID_NULL	2	2	lang0,taiwan	taiwan:local_sync_data.dat:未找到技能ID。 | lang0:lang0.pak:Skill ID Not found.
GAME_SKILL_INVALID_TARGET_APPOINTED	2	2	lang0,taiwan	taiwan:local_sync_data.dat:指定的目标无效。 | lang0:lang0.pak:Invalid target appointed.
GAME_SKILL_NOT_ACTIVE_TYPE	2	2	lang0,taiwan	taiwan:local_sync_data.dat:不是一个积极的技能。 | lang0:lang0.pak:Not an active Skill.
GAME_SKILL_NOT_BATTLE_AVAILABLE_LOCATION	2	2	lang0,taiwan	taiwan:local_sync_data.dat:在这个地方不能使用技能。 | lang0:lang0.pak:Can't use skill in this location.
GAME_SKILL_NOT_ENOUGH_EP	2	2	lang0,taiwan	taiwan:local_sync_data.dat:没有足够的EP。 | lang0:lang0.pak:Not enough EP.
GAME_SKILL_NOT_ENOUGH_LP	2	2	lang0,taiwan	taiwan:local_sync_data.dat:没有足够的LP。 | lang0:lang0.pak:Not enough LP.
GAME_SKILL_NOT_ENOUGH_RP_BALL	2	2	lang0,taiwan	taiwan:local_sync_data.dat:没有足够的RP球。 | lang0:lang0.pak:Not enough RP Balls.
GAME_SKILL_NOT_ENOUGH_SP_POINT	2	2	lang0,taiwan	taiwan:local_sync_data.dat:没有足够的技能点。 | lang0:lang0.pak:Not enough Skill Points.
GAME_SKILL_NOT_ENOUGH_ZENNY	2	2	lang0,taiwan	taiwan:local_sync_data.dat:索尼不足。 | lang0:lang0.pak:Not enough Zeni.
GAME_SKILL_NOT_EXISTING_SKILL	2	2	lang0,taiwan	taiwan:local_sync_data.dat:技能并不存在。 | lang0:lang0.pak:Skill doesn't exist.
GAME_SKILL_NOT_FOUND	2	2	lang0,taiwan	taiwan:local_sync_data.dat:未找到技能。 | lang0:lang0.pak:Skill not found.
GAME_SKILL_NOT_READY_TO_BE_CAST	2	2	lang0,taiwan	taiwan:local_sync_data.dat:技能仍在冷却期。 | lang0:lang0.pak:Skill is still on cooldown.
GAME_SKILL_NOT_TRANSFORMED	2	2	lang0,taiwan	taiwan:local_sync_data.dat:只有在转变的时候。 | lang0:lang0.pak:Only when transformed.
GAME_SKILL_NO_BUFF_TO_DROP_FOUND	2	2	lang0,taiwan	taiwan:local_sync_data.dat:没有发现BUFF掉落。 | lang0:lang0.pak:No buff to drop found.
GAME_SKILL_NO_EMPTY_SKILL_SLOT	2	2	lang0,taiwan	taiwan:local_sync_data.dat:没有发现空的技能槽。 | lang0:lang0.pak:No empty skill slot found.
GAME_SKILL_NO_PREREQUISITE_SKILLS_YOU_HAVE	2	2	lang0,taiwan	taiwan:local_sync_data.dat:要求学习失踪。 | lang0:lang0.pak:Requirement to learn missing.
GAME_SKILL_NO_REQUIRED_ITEM	2	2	lang0,taiwan	taiwan:local_sync_data.dat:未找到所需道具。 | lang0:lang0.pak:Required item not found.
GAME_SKILL_NO_SKILL_TO_INIT	2	2	lang0,taiwan	taiwan:local_sync_data.dat:没有发现要初始化的技能。 | lang0:lang0.pak:No skills found to be initialized.
GAME_SKILL_NO_TARGET_APPOINTED	2	2	lang0,taiwan	taiwan:local_sync_data.dat:还没有指定目标。 | lang0:lang0.pak:No target has been appointed.
GAME_SKILL_ONE_RESET_FAIL	2	2	lang0,taiwan	taiwan:local_sync_data.dat:重置技能失败。 | lang0:lang0.pak:Failed to reset skill.
GAME_SKILL_OWNER_NULL	2	2	lang0,taiwan	taiwan:local_sync_data.dat:技能所有者为空。 | lang0:lang0.pak:Skill owner is null.
GAME_SKILL_RESISTED	2	2	lang0,taiwan	taiwan:local_sync_data.dat:技能被封锁了。 | lang0:lang0.pak:Skill is blocked.
GAME_SKILL_REVIVAL_AFTEREFFECT_BUFF_IS_FULL	2	2	lang0,taiwan	taiwan:local_sync_data.dat:复兴的效果已经存在。 | lang0:lang0.pak:Revival after effect already exists.
GAME_SKILL_SAME_EXIST	2	2	lang0,taiwan	taiwan:local_sync_data.dat:技能已经存在。 | lang0:lang0.pak:Skill already exist.
GAME_SKILL_SHOULD_BE_GAINED_BY_YOURSELF	2	2	lang0,taiwan	taiwan:local_sync_data.dat:技能应该由自己来获得。 | lang0:lang0.pak:Skill should be gained by yourself.
GAME_SKILL_SLOT_FAIL	2	2	lang0,taiwan	taiwan:local_sync_data.dat:技能槽失败。 | lang0:lang0.pak:Skill slot fail.
GAME_SKILL_SUB_BUFF_IS_FULL	2	2	lang0,taiwan	taiwan:local_sync_data.dat:Buff名单已满。 | lang0:lang0.pak:Buff list is full.
GAME_SKILL_TARGET_IS_IN_FAINT	2	2	lang0,taiwan	taiwan:local_sync_data.dat:目标已死。 | lang0:lang0.pak:Target is dead.
GAME_SKILL_TARGET_IS_NOT_FAINTING	2	2	lang0,taiwan	taiwan:local_sync_data.dat:目标并没有死。 | lang0:lang0.pak:Target isn't dead.
GAME_SKILL_TARGET_IS_NOT_IN_FRONT_SIDE	2	2	lang0,taiwan	taiwan:local_sync_data.dat:目标不在前面。 | lang0:lang0.pak:Target isn't in front.
GAME_SKILL_TARGET_IS_NOT_KNOCKED_DOWN	2	2	lang0,taiwan	taiwan:local_sync_data.dat:目标没有被击倒。 | lang0:lang0.pak:Target isn't knocked down.
GAME_SKILL_TOO_HIGH_LEVEL_FOR_SKILL_INIT	2	2	lang0,taiwan	taiwan:local_sync_data.dat:级别太高，无法重置技能 | lang0:lang0.pak:Level too high to reset skills
GAME_SKILL_TOO_HIGH_LEVEL_TO_TRAIN	2	2	lang0,taiwan	taiwan:local_sync_data.dat:等级太高，无法训练技能 | lang0:lang0.pak:Too high level to train the skill
GAME_SKILL_TOO_MANY_LP_TO_USE_SKILL	2	2	lang0,taiwan	taiwan:local_sync_data.dat:技能要求LP低于50%。 | lang0:lang0.pak:Skills required LP less than 50%.
GAME_SKILL_TRIED_TO_LEARN_AN_EXISTING_SKILL	2	2	lang0,taiwan	taiwan:local_sync_data.dat:你已经学会了这种技能。 | lang0:lang0.pak:You already learn this skill.
GAME_SKILL_TRIED_TO_LEARN_WRONG_CLASS_SKILL	2	2	lang0,taiwan	taiwan:local_sync_data.dat:学习这种技能的班级不对。 | lang0:lang0.pak:Wrong class to learn that skill.
GAME_SKILL_UPGRADE_ONLY_SKILL	2	2	lang0,taiwan	taiwan:local_sync_data.dat:首先学习这个技能。 | lang0:lang0.pak:First learn this skill.
GAME_SKILL_YOU_ARE_NOT_IN_BACKSIDE_OF_TARGET	2	2	lang0,taiwan	taiwan:local_sync_data.dat:不在目标后面。 | lang0:lang0.pak:Not behind the target.
GAME_SKILL_YOU_DONT_HAVE_THE_SKILL	2	2	lang0,taiwan	taiwan:local_sync_data.dat:你还没有学会这种技能。 | lang0:lang0.pak:You haven't learned that skill.
GAME_SKILL_YOU_HAVE_NO_LOWER_LEVEL_SKILL	2	2	lang0,taiwan	taiwan:local_sync_data.dat:首先学习前一阶段的技能。 | lang0:lang0.pak:First learn the skill of the previous stage.
GAME_SKY_DUNGEON_CAN_NOT_EXIST_PARTY	2	2	lang0,taiwan	taiwan:local_sync_data.dat:你需要参加一个聚会才能进入副本。 | lang0:lang0.pak:You need to be in a party to enter Dungeon.
GAME_SKY_DUNGEON_PLAYER_LIMIT_COUNT_IS_OVER	2	2	lang0,taiwan	taiwan:local_sync_data.dat:天空副本已经达到极限。 | lang0:lang0.pak:Sky Dungeon Limit has been reach.
GAME_SKY_DUNGEON_WORLD_CAN_NOT_CREATE_DYNAMIC_WOLRD	2	2	lang0,taiwan	taiwan:local_sync_data.dat:天空副本已经达到极限。 | lang0:lang0.pak:Sky Dungeon Limit has been reach.
GAME_TARGET_HAS_DIFFERENT_JOB	2	2	lang0,taiwan	taiwan:local_sync_data.dat:目标的类别是无效的。 | lang0:lang0.pak:The class of the target isn't valid.
GAME_TARGET_HAS_NOT_FUNCTION	2	2	lang0,taiwan	taiwan:local_sync_data.dat:这不被支持。 | lang0:lang0.pak:This isn't supported.
GAME_TARGET_IS_WRONG_STATE	2	2	lang0,taiwan	taiwan:local_sync_data.dat:目标处于错误状态 | lang0:lang0.pak:Target is in wrong state
GAME_TARGET_NOT_FOUND	2	2	lang0,taiwan	taiwan:local_sync_data.dat:找不到目标。 | lang0:lang0.pak:Couldn't find target.
GAME_TARGET_TOO_CLOSE	2	2	lang0,taiwan	taiwan:local_sync_data.dat:你离目标太近了。 | lang0:lang0.pak:You're too close to the target.
GAME_TARGET_TOO_FAR	2	2	lang0,taiwan	taiwan:local_sync_data.dat:你离目标太远了。 | lang0:lang0.pak:You're too far away from the target.
GAME_TIMEQUEST_ALREADY_JOINED	2	2	lang0,taiwan	taiwan:local_sync_data.dat:已经加入TMQ。 | lang0:lang0.pak:Already joined TMQ.
GAME_TIMEQUEST_CANNOT_LEAVE_IN_PARTY_WHEN_PLAYING_RANKBATTLE	2	2	lang0,taiwan	taiwan:local_sync_data.dat:现在不能离开队伍。 | lang0:lang0.pak:Can't leave the Party now.
GAME_TIMEQUEST_CANNOT_LEAVE_IN_PARTY_WHEN_PLAYING_TMQ	2	2	lang0,taiwan	taiwan:local_sync_data.dat:未知 | lang0:lang0.pak:You cannot leave the team while the TMQ is in progress.
GAME_TIMEQUEST_CANT_MAKE_PARTY	2	2	lang0,taiwan	taiwan:local_sync_data.dat:在TMQ期间无法加入。 | lang0:lang0.pak:Unable to join during TMQ.
GAME_TIMEQUEST_DAYRECORD_IS_ALREADY_RESET	2	2	lang0,taiwan	taiwan:local_sync_data.dat:记录已被重置。 | lang0:lang0.pak:Records has been reset.
GAME_TIMEQUEST_ERROR	2	2	lang0,taiwan	taiwan:local_sync_data.dat:时间机器错误。 | lang0:lang0.pak:Time Machine error.
GAME_TIMEQUEST_EXCEED_MAX_MEMBER_COUNT	2	2	lang0,taiwan	taiwan:local_sync_data.dat:超过了TMQ的最大成员数。 | lang0:lang0.pak:Max Member for TMQ exceeded.
GAME_TIMEQUEST_HAVE_NO_JOIN_ROOM	2	2	lang0,taiwan	taiwan:local_sync_data.dat:没有找到搜索结果。 | lang0:lang0.pak:No search results found.
GAME_TIMEQUEST_MEMBER_LIMIT_COUNT_IS_OVER	2	2	lang0,taiwan	taiwan:local_sync_data.dat:现在有太多的成员。 | lang0:lang0.pak:Too many members right now.
GAME_TIMEQUEST_MEMBER_LIMIT_PLUS_COUNT_IS_OVER	2	2	lang0,taiwan	taiwan:local_sync_data.dat:超过了可能的复位次数。 | lang0:lang0.pak:Number of possible resets exceeded.
GAME_TIMEQUEST_MUST_HAVE_NEED_ITEM	2	2	lang0,taiwan	taiwan:local_sync_data.dat:没有燃料来启动机器。 | lang0:lang0.pak:No fuel to start the machine.
GAME_TIMEQUEST_MUST_HAVE_NEED_ZENNY	2	2	lang0,taiwan	taiwan:local_sync_data.dat:需要更多的索尼来进入。 | lang0:lang0.pak:Need more Zeni to enter.
GAME_TIMEQUEST_NEED_MORE_MEMBER	2	2	lang0,taiwan	taiwan:local_sync_data.dat:需要更多的玩家才能进入。 | lang0:lang0.pak:Need more Player to enter.
GAME_TIMEQUEST_NOT_ALLOWED_MEMBER	2	2	lang0,taiwan	taiwan:local_sync_data.dat:玩家（们）不符合条件。 | lang0:lang0.pak:Player(s) don't meet the conditions.
GAME_TIMEQUEST_ROOM_CANNOT_TELEPORT_NOW	2	2	lang0,taiwan	taiwan:local_sync_data.dat:现在无法将你传送出去。 | lang0:lang0.pak:Unable to teleport you now.
GAME_TIMEQUEST_ROOM_NOT_FOUND	2	2	lang0,taiwan	taiwan:local_sync_data.dat:找不到等候室。 | lang0:lang0.pak:Can't find the waiting room.
GAME_TIMEQUEST_ROOM_NOT_WAIT_STATE	2	2	lang0,taiwan	taiwan:local_sync_data.dat:不能进入等候室。 | lang0:lang0.pak:Can't enter the waiting room.
GAME_TIMEQUEST_ROOM_OUT_OF_ENTER_RANGE	2	2	lang0,taiwan	taiwan:local_sync_data.dat:遥不可及。 | lang0:lang0.pak:Out of reach.
GAME_TIMEQUEST_ROOM_PARTY_ALREADY_JOINED	2	2	lang0,taiwan	taiwan:local_sync_data.dat:队伍已经登记。 | lang0:lang0.pak:Party already registered.
GAME_TIMEQUEST_ROOM_PARTY_JOIN_FAIL	2	2	lang0,taiwan	taiwan:local_sync_data.dat:注册方失败。 | lang0:lang0.pak:Register party failed.
GAME_TIMEQUEST_TOO_HIGH_LEVEL	2	2	lang0,taiwan	taiwan:local_sync_data.dat:你的等级太高了。 | lang0:lang0.pak:Your level is too high.
GAME_TIMEQUEST_TOO_LOW_LEVEL	2	2	lang0,taiwan	taiwan:local_sync_data.dat:你的等级太低了。 | lang0:lang0.pak:Your level is too low.
GAME_TIMEQUEST_WORLD_ENTER_FAIL	2	2	lang0,taiwan	taiwan:local_sync_data.dat:时间机器故障。 | lang0:lang0.pak:Time machine failure.
GAME_TIMEQUEST_WORLD_NOT_FOUND	2	2	lang0,taiwan	taiwan:local_sync_data.dat:没有找到TMQ世界。 | lang0:lang0.pak:TMQ world not found.
GAME_TOO_HIGHT_MEMBER_LEVEL	2	2	lang0,taiwan	taiwan:local_sync_data.dat:一个成员的等级太高了。 | lang0:lang0.pak:A party member's level is too high.
GAME_TOO_LOW_MEMBER_LEVEL	2	2	lang0,taiwan	taiwan:local_sync_data.dat:一个成员的等级太低了。 | lang0:lang0.pak:A party member's level is too low.
GAME_TRADE_ALREADY_CLOSE	2	2	lang0,taiwan	taiwan:local_sync_data.dat:交易已经结束 | lang0:lang0.pak:Trade already closed
GAME_TRADE_ALREADY_OPEN	2	2	lang0,taiwan	taiwan:local_sync_data.dat:交易已经开始 | lang0:lang0.pak:Trade already open
GAME_TRADE_ALREADY_USE	2	2	lang0,taiwan	taiwan:local_sync_data.dat:你已经在交易了 | lang0:lang0.pak:You are already trading
GAME_TRADE_BLACKLIST	2	2	lang0,taiwan	taiwan:local_sync_data.dat:你已被列入黑名单 | lang0:lang0.pak:You have been blacklisted
GAME_TRADE_CHANGED_STATE	2	2	lang0,taiwan	taiwan:local_sync_data.dat:交易状态改变。再试一次 | lang0:lang0.pak:Trade state changed. Try again
GAME_TRADE_DENY	2	2	lang0,taiwan	taiwan:local_sync_data.dat:交易被拒绝 | lang0:lang0.pak:Trade rejected
GAME_TRADE_DENY_USE	2	2	lang0,taiwan	taiwan:local_sync_data.dat:交易已被拒绝 | lang0:lang0.pak:Deal has been rejected
GAME_TRADE_ITEM_INVALID	2	2	lang0,taiwan	taiwan:local_sync_data.dat:没有找到交易中的物品 | lang0:lang0.pak:Item in trade not found
GAME_TRADE_ONLY_PARTY	2	2	lang0,taiwan	taiwan:local_sync_data.dat:只能在队伍内交易 | lang0:lang0.pak:Can only trade within party
GAME_TRADE_REPLY_WAIT_OVER	2	2	lang0,taiwan	taiwan:local_sync_data.dat:交易请求已超时 | lang0:lang0.pak:Trade request timed out
GAME_TRADE_TARGET_WRONG_STATE	2	2	lang0,taiwan	taiwan:local_sync_data.dat:目标错误的状态 | lang0:lang0.pak:Target wrong state
GAME_TRADE_WRONG_STATE	2	2	lang0,taiwan	taiwan:local_sync_data.dat:交易错误的状态 | lang0:lang0.pak:Trade wrong state
GAME_TS_ERROR_BEGIN	2	2	lang0,taiwan	taiwan:local_sync_data.dat:触发错误START。 | lang0:lang0.pak:Trigger Error START.
GAME_TS_ERROR_CANNOT_ADD_QUEST_EVENT_DATA	2	2	lang0,taiwan	taiwan:local_sync_data.dat:无法注册事件。 | lang0:lang0.pak:Can't register event.
GAME_TS_ERROR_CANNOT_CREATE_TS_OBJECT	2	2	lang0,taiwan	taiwan:local_sync_data.dat:无法创建对象 | lang0:lang0.pak:Can't create object
GAME_TS_ERROR_CANNOT_FIND_ITEM_TBLIDX	2	2	lang0,taiwan	taiwan:local_sync_data.dat:找不到道具tblidx | lang0:lang0.pak:Can't find item tblidx
GAME_TS_ERROR_CANNOT_FIND_PC	2	2	lang0,taiwan	taiwan:local_sync_data.dat:找不到玩家 | lang0:lang0.pak:Can't find player
GAME_TS_ERROR_CANNOT_FIND_QUEST_ITEM	2	2	lang0,taiwan	taiwan:local_sync_data.dat:找不到任务道具 | lang0:lang0.pak:Can't find quest item
GAME_TS_ERROR_CANNOT_FIND_SKILL_TBLIDX	2	2	lang0,taiwan	taiwan:local_sync_data.dat:找不到技能tblidx | lang0:lang0.pak:Can't find skill tblidx
GAME_TS_ERROR_CANNOT_FIND_TCID	2	2	lang0,taiwan	taiwan:local_sync_data.dat:找不到容器ID | lang0:lang0.pak:Can't find container id
GAME_TS_ERROR_CANNOT_FIND_TID	2	2	lang0,taiwan	taiwan:local_sync_data.dat:找不到触发器ID | lang0:lang0.pak:Can't find trigger id
GAME_TS_ERROR_CANNOT_LEARN_SKILL	2	2	lang0,taiwan	taiwan:local_sync_data.dat:无法学习技能 | lang0:lang0.pak:Can't learn skill
GAME_TS_ERROR_CANNOT_PROGRESS_REPEAT_QUEST	2	2	lang0,taiwan	taiwan:local_sync_data.dat:任务工作只有一次。 | lang0:lang0.pak:Quest work only once.
GAME_TS_ERROR_CREATE_ITEM_COUNT_OVER	2	2	lang0,taiwan	taiwan:local_sync_data.dat:不能一下子创造更多。 | lang0:lang0.pak:Can't create more at once.
GAME_TS_ERROR_CS_SCRIPT_MISSMATCH	2	2	lang0,taiwan	taiwan:local_sync_data.dat:容器类型错误。 | lang0:lang0.pak:Container-type error.
GAME_TS_ERROR_DELETE_ITEM_COUNT_OVER	2	2	lang0,taiwan	taiwan:local_sync_data.dat:不能一下子删除更多。 | lang0:lang0.pak:Can't delete more at once.
GAME_TS_ERROR_END	2	2	lang0,taiwan	taiwan:local_sync_data.dat:Trigger Error END. | lang0:lang0.pak:Trigger Error END.
GAME_TS_ERROR_NO_IMP_CONT_TYPE	2	2	lang0,taiwan	taiwan:local_sync_data.dat:使用了错误的容器类型。 | lang0:lang0.pak:Wrong container type has been used.
GAME_TS_ERROR_QUERY_SERVER	2	2	lang0,taiwan	taiwan:local_sync_data.dat:查询服务器错误。 | lang0:lang0.pak:Query Server Error.
GAME_TS_ERROR_RUN_ERROR	2	2	lang0,taiwan	taiwan:local_sync_data.dat:正在触发错误。 | lang0:lang0.pak:Trigger error in progress.
GAME_TS_ERROR_SYSTEM	2	2	lang0,taiwan	taiwan:local_sync_data.dat:发生系统错误。 | lang0:lang0.pak:System error occurred.
GAME_TS_ERROR_TRIGGER_OBJECT_INVALID_FUNCFLAG	2	2	lang0,taiwan	taiwan:local_sync_data.dat:触发对象不是能力。 | lang0:lang0.pak:Trigger object isn't capability.
GAME_TS_ERROR_TRIGGER_OBJECT_NOT_EXIST	2	2	lang0,taiwan	taiwan:local_sync_data.dat:选择适当的目的地。 | lang0:lang0.pak:Select the appropriate destination.
GAME_TS_ERROR_TRIGGER_SYSTEM	2	2	lang0,taiwan	taiwan:local_sync_data.dat:发生触发系统错误。 | lang0:lang0.pak:Trigger system error occurred.
GAME_TS_WARNING_ALREADY_VISITED	2	2	lang0,taiwan	taiwan:local_sync_data.dat:任务已经完成。 | lang0:lang0.pak:Quest already completed.
GAME_TS_WARNING_BEGIN	2	2	lang0,taiwan	taiwan:local_sync_data.dat:触发警告信息开始。 | lang0:lang0.pak:Trigger warning messages start.
GAME_TS_WARNING_CANNOT_FIND_QUEST_ITEM	2	2	lang0,taiwan	taiwan:local_sync_data.dat:找不到任务物品。 | lang0:lang0.pak:Can't find the quest item or Inventory is Full.
GAME_TS_WARNING_CAN_NOT_FIND_VISIT_EVT	2	2	lang0,taiwan	taiwan:local_sync_data.dat:没有访问过相关事件。 | lang0:lang0.pak:No related events visited or Inventory is Full.
GAME_TS_WARNING_CLASS_CHANGE_CLASS_FAIL	2	2	lang0,taiwan	taiwan:local_sync_data.dat:发生了类别变更错误。 | lang0:lang0.pak:Class change error occurred.
GAME_TS_WARNING_CLASS_CHANGE_LEVEL_FAIL	2	2	lang0,taiwan	taiwan:local_sync_data.dat:级别太低，不适合换班。 | lang0:lang0.pak:Level too low for Class change.
GAME_TS_WARNING_DEL_FORBIDDENDEL_QUEST_ITEM	2	2	lang0,taiwan	taiwan:local_sync_data.dat:无法删除任务道具。 | lang0:lang0.pak:Can't delete quest items.
GAME_TS_WARNING_END	2	2	lang0,taiwan	taiwan:local_sync_data.dat:触发警告结束。 | lang0:lang0.pak:Trigger warning ended.
GAME_TS_WARNING_EQUIP_SLOT_LOCK	2	2	lang0,taiwan	taiwan:local_sync_data.dat:设备槽被锁定。 | lang0:lang0.pak:Equipment Slot is locked.
GAME_TS_WARNING_EQUIP_SLOT_NOT_EMPTY	2	2	lang0,taiwan	taiwan:local_sync_data.dat:设备槽不是空的。 | lang0:lang0.pak:Equipment Slot isn't empty.
GAME_TS_WARNING_ESCORT_ALREADY_EXIST	2	2	lang0,taiwan	taiwan:local_sync_data.dat:已经在使用。 | lang0:lang0.pak:Already in use.
GAME_TS_WARNING_ESCORT_EXCEED_MEMBER	2	2	lang0,taiwan	taiwan:local_sync_data.dat:现在有太多的玩家。 | lang0:lang0.pak:Too many players right now.
GAME_TS_WARNING_ESCORT_NOT_SHARED	2	2	lang0,taiwan	taiwan:local_sync_data.dat:任务不能分享。 | lang0:lang0.pak:Quest can't be shared.
GAME_TS_WARNING_ESCORT_PARTY_WRONG	2	2	lang0,taiwan	taiwan:local_sync_data.dat:不同的队伍。 | lang0:lang0.pak:Different Party.
GAME_TS_WARNING_ESCORT_TRIGGER_ID_WRONG	2	2	lang0,taiwan	taiwan:local_sync_data.dat:错误的触发器ID。 | lang0:lang0.pak:Wrong Trigger ID.
GAME_TS_WARNING_ESCORT_TRIGGER_TYPE_WRONG	2	2	lang0,taiwan	taiwan:local_sync_data.dat:错误的触发器类型。 | lang0:lang0.pak:Wrong Trigger Type.
GAME_TS_WARNING_IMPROPER_NUMBER_OF_SEL_REWARD	2	2	lang0,taiwan	taiwan:local_sync_data.dat:选择一个合适的号码。 | lang0:lang0.pak:Select a proper number.
GAME_TS_WARNING_INVALID_QUEST_ITEM_DELETE_COUNT	2	2	lang0,taiwan	taiwan:local_sync_data.dat:选择一个合适的号码。 | lang0:lang0.pak:Select a proper number.
GAME_TS_WARNING_INVENTORY_IS_FULL	2	2	lang0,taiwan	taiwan:local_sync_data.dat:库存已满。 | lang0:lang0.pak:Inventory is full.
GAME_TS_WARNING_INVENTORY_IS_LOCK	2	2	lang0,taiwan	taiwan:local_sync_data.dat:库存被锁定。 | lang0:lang0.pak:Inventory is locked.
GAME_TS_WARNING_MUST_SELECT_ONE_SEL_REWARD	2	2	lang0,taiwan	taiwan:local_sync_data.dat:请选择你的奖励。 | lang0:lang0.pak:Please choose your reward.
GAME_TS_WARNING_NOT_SATISFY_REWARD_CONDITIONS	2	2	lang0,taiwan	taiwan:local_sync_data.dat:不符合条件。 | lang0:lang0.pak:Doesn't meet the conditions.
GAME_TS_WARNING_NOT_YET_PROCESSED	2	2	lang0,taiwan	taiwan:local_sync_data.dat:处理，请等待。 | lang0:lang0.pak:Processing, please wait.
GAME_TS_WARNING_NOW_TIME_WAIT	2	2	lang0,taiwan	taiwan:local_sync_data.dat:处理，请等待。 | lang0:lang0.pak:Processing, please wait.
GAME_TS_WARNING_OVERFLOW_MAX_TS_NUM	2	2	lang0,taiwan	taiwan:local_sync_data.dat:任务清单已满。 | lang0:lang0.pak:Questlist is full.
GAME_TS_WARNING_PROCESSING_PRE_CONFIRM_REQ	2	2	lang0,taiwan	taiwan:local_sync_data.dat:处理，请等待。 | lang0:lang0.pak:Processing, please wait.
GAME_TS_WARNING_QUEST_INVENTORY_IS_FULL	2	2	lang0,taiwan	taiwan:local_sync_data.dat:任务库存已满。 | lang0:lang0.pak:Quest inventory is full.
GAME_TS_WARNING_REWARD_FAIL	2	2	lang0,taiwan	taiwan:local_sync_data.dat:没有得到奖励（错误）。 | lang0:lang0.pak:Didn't get a reward (Error).
GAME_TS_WARNING_ROLLBACK	2	2	lang0,taiwan	taiwan:local_sync_data.dat:ROLLBACK触发正常。 | lang0:lang0.pak:ROLLBACK trigger normal.
GAME_TS_WARNING_ROLLBACK_FAIL	2	2	lang0,taiwan	taiwan:local_sync_data.dat:ROLLBACK触发失败。 | lang0:lang0.pak:ROLLBACK trigger failed.
GAME_TS_WARNING_SYSTEM_WAIT	2	2	lang0,taiwan	taiwan:local_sync_data.dat:临时任务错误，请稍后再试。 | lang0:lang0.pak:Temporary Quest error, please try later.
GAME_TS_WARNING_TMQ_COUPON_NOT_ENOUGH	2	2	lang0,taiwan	taiwan:local_sync_data.dat:没有足够的TMQ优惠券。 | lang0:lang0.pak:Not enough TMQ Coupons.
GAME_TS_WARNING_WPS_ALREDY_USED_BY_OTHER_PLAYER	2	2	lang0,taiwan	taiwan:local_sync_data.dat:已经被其他玩家使用。 | lang0:lang0.pak:Already used by other player.
GAME_TS_WARNING_WPS_CAN_NOT_JOIN_NOW	2	2	lang0,taiwan	taiwan:local_sync_data.dat:就是不可能。 | lang0:lang0.pak:Just not possible.
GAME_TS_WARNING_WRONG_CONDITION	2	2	lang0,taiwan	taiwan:local_sync_data.dat:不符合条件。 | lang0:lang0.pak:Doesn't meet the conditions.
GAME_TUTORIAL_CANT_ENTER_TUTORIAL_WAIT_ROOM	2	2	lang0,taiwan	"taiwan:local_sync_data.dat:[align = ""center""][font size = ""12"" color = ""f4d762""]教程[/font][br][font size = ""10"" color = ""f36a7c""]无法进入教程等待室。[/font] | lang0:lang0.pak:[align = ""center""][font size = ""12"" color = ""f4d762""]Tutorial[/font][br][br][font size = ""10"" color = ""f36a7c""]Can't enter Tutorial waiting room.[/font]"
GAME_TUTORIAL_CANT_FIND_TUTORIAL_WAIT_ROOM	2	2	lang0,taiwan	"taiwan:local_sync_data.dat:[align = ""center""][font size = ""12"" color = ""f4d762""]教程[/font][br][font size = ""10"" color = ""f36a7c""]找不到教程等待室。[/font] | lang0:lang0.pak:[align = ""center""][font size = ""12"" color = ""f4d762""]Tutorial[/font][br][br][font size = ""10"" color = ""f36a7c""]Can't find Tutorial waiting room.[/font]"
GAME_TUTORIAL_CHAR_ALREADY_TUTORIAL_ACCOMPLISHED	2	2	lang0,taiwan	"taiwan:local_sync_data.dat:[align = ""center""][font size = ""12"" color = ""f4d762""]教程完成[/font][br][br][font size = ""10"" color = ""f36a7c""]你已经完成教程。[/font] | lang0:lang0.pak:[align = ""center""][font size = ""12"" color = ""f4d762""]Tutorial finished[/font][br][br][font size = ""10"" color = ""f36a7c""]You already completed the tutorial.[/font]"
GAME_TUTORIAL_YOU_HAVE_NO_JOIN_ROOM	2	2	lang0,taiwan	"taiwan:local_sync_data.dat:[align = ""center""][font size = ""12"" color = ""f4d762""]教程[/font][br][font size = ""10"" color = ""f36a7c""]不要等待教程。[/font] | lang0:lang0.pak:[align = ""center""][font size = ""12"" color = ""f4d762""]Tutorial[/font][br][br][font size = ""10"" color = ""f36a7c""]Don't wait for a tutorial.[/font]"
GAME_USER_EXIST	2	2	lang0,taiwan	"taiwan:local_sync_data.dat:[align = ""center""][font size = ""12"" color= ""f4d762""]连接[/font][br][br][font size = ""10"" color= ""f36a7c""]角色已经连接。[br]请稍后再试。[/font] | lang0:lang0.pak:[align = ""center""][font size = ""12"" color=""f4d762""]Connection[/font][br][br][font size = ""10"" color=""f36a7c""]The character is already connected.[br]Please try again later.[/font]"
GAME_VEHICLE_CANNOT_WHILE_DRIVING	2	2	lang0,taiwan	taiwan:local_sync_data.dat:开车时不允许这样操作 | lang0:lang0.pak:Can't do that while driving
GAME_VEHICLE_END_BY_CONVERTCLASS	2	2	lang0,taiwan	taiwan:local_sync_data.dat:车辆终端按类转换 | lang0:lang0.pak:Vehicle end by class convertation
GAME_VEHICLE_END_BY_FORBIDDEN_ZONE	2	2	lang0,taiwan	taiwan:local_sync_data.dat:车辆在禁区内结束 | lang0:lang0.pak:Vehicle end by forbidden zone
GAME_VEHICLE_END_BY_FORCED	2	2	lang0,taiwan	taiwan:local_sync_data.dat:强行下车。 | lang0:lang0.pak:Forced dismount.
GAME_VEHICLE_END_BY_HIT	2	2	lang0,taiwan	taiwan:local_sync_data.dat:通过攻击下车！ | lang0:lang0.pak:Dismounted by attack!
GAME_VEHICLE_END_BY_TELEPORT	2	2	lang0,taiwan	taiwan:local_sync_data.dat:通过远距离传送下车。 | lang0:lang0.pak:Dismounted by teleportation.
GAME_VEHICLE_END_BY_TMQ	2	2	lang0,taiwan	taiwan:local_sync_data.dat:TMQ的车辆终端 | lang0:lang0.pak:Vehicle end by TMQ
GAME_VEHICLE_END_BY_USER	2	2	lang0,taiwan	taiwan:local_sync_data.dat:玩家的车辆终端 | lang0:lang0.pak:Vehicle end by player
GAME_VEHICLE_ENGINE_ALREADY_STARTED	2	2	lang0,taiwan	taiwan:local_sync_data.dat:车辆发动机已经启动 | lang0:lang0.pak:Vehicle engine already started
GAME_VEHICLE_ENGINE_ALREADY_STOPED	2	2	lang0,taiwan	taiwan:local_sync_data.dat:车辆引擎已经停止。 | lang0:lang0.pak:Vehicle engine already stopped.
GAME_VEHICLE_FAIL_TO_USE_FUEL_ITEM	2	2	lang0,taiwan	taiwan:local_sync_data.dat:未能使用燃料道具 | lang0:lang0.pak:Auto-Attack ON!
GAME_VEHICLE_INVALID_FUEL_ITEM	2	2	lang0,taiwan	taiwan:local_sync_data.dat:无效的燃料道具 | lang0:lang0.pak:Invalid fuel item
GAME_VEHICLE_NOT_ON_VEHICLE	2	2	lang0,taiwan	taiwan:local_sync_data.dat:你不在车上 | lang0:lang0.pak:You are not on a vehicle
GAME_VEHICLE_NO_FUEL_ITEM_REMAINING	2	2	lang0,taiwan	taiwan:local_sync_data.dat:没有剩余的燃料道具。 | lang0:lang0.pak:Auto-Attack OFF!
GAME_VEHICLE_WILL_GET_OFF_SOON	2	2	lang0,taiwan	taiwan:local_sync_data.dat:You will get off the vehicle soon. | lang0:lang0.pak:You will get off the vehicle soon.
GAME_WARFOG_ARLEADY_ADDED	2	2	lang0,taiwan	taiwan:local_sync_data.dat:地图阴影已经解除了 | lang0:lang0.pak:Warfog already lifted
GAME_WORLD_ALREADY_WORLD_AREA_ENTERED	2	2	lang0,taiwan	taiwan:local_sync_data.dat:已经进入世界区域 | lang0:lang0.pak:Already entered world area
GAME_WORLD_ALREADY_WORLD_ENTERED	2	2	lang0,taiwan	taiwan:local_sync_data.dat:世界已经进入 | lang0:lang0.pak:World already entered
GAME_WORLD_CANT_ENTER_WORLD	2	2	lang0,taiwan	taiwan:local_sync_data.dat:无法进入这个世界 | lang0:lang0.pak:Can't enter the world
GAME_WORLD_CANT_ENTER_WORLD_AREA	2	2	lang0,taiwan	taiwan:local_sync_data.dat:无法进入世界区域 | lang0:lang0.pak:Can't enter world area
GAME_WORLD_CANT_FIND_WORLD_AREA	2	2	lang0,taiwan	taiwan:local_sync_data.dat:找不到世界区域 | lang0:lang0.pak:Can't find world area
GAME_WORLD_CANT_MOVE_AGAIN	2	2	lang0,taiwan	taiwan:local_sync_data.dat:在这个世界上不能移动 | lang0:lang0.pak:Can't move in this world
GAME_WORLD_CAN_NOT_CREATE_DYNAMIC_WORLD	2	2	lang0,taiwan	taiwan:local_sync_data.dat:不能创造动态世界 | lang0:lang0.pak:Can't create dynamic world
GAME_WORLD_ENTER_DISAPPROVAL	2	2	lang0,taiwan	taiwan:local_sync_data.dat:不能进入这个区域。 | lang0:lang0.pak:Can't enter this area.
GAME_WORLD_ENTER_NEED_HIGH_LEVEL	2	2	lang0,taiwan	taiwan:local_sync_data.dat:需要更高的等级才能进入这个世界 | lang0:lang0.pak:Need higher level to enter this world
GAME_WORLD_ENTER_NEED_ITEM	2	2	lang0,taiwan	taiwan:local_sync_data.dat:需要进入的道具 | lang0:lang0.pak:Item required to enter
GAME_WORLD_ENTER_NEED_LOW_LEVEL	2	2	lang0,taiwan	taiwan:local_sync_data.dat:需要较低的等级 | lang0:lang0.pak:Lower level required
GAME_WORLD_ENTER_NEED_REPUTATION	2	2	lang0,taiwan	taiwan:local_sync_data.dat:需要信誉才能进入 | lang0:lang0.pak:Reputation required to enter
GAME_WORLD_NOT_EXIST	2	2	lang0,taiwan	taiwan:local_sync_data.dat:世界并不存在 | lang0:lang0.pak:World doesn't exist
GAME_WORLD_NOT_FOUND	2	2	lang0,taiwan	taiwan:local_sync_data.dat:未找到世界 | lang0:lang0.pak:World not found
GAME_WORLD_NOW_CREATING	2	2	lang0,taiwan	taiwan:local_sync_data.dat:现在创造世界 | lang0:lang0.pak:Creating world now
GAME_WRONG_SERVER_CHANNEL_HAS_BEEN_SPECIFIED	2	2	lang0,taiwan	taiwan:local_sync_data.dat:选择了错误的服务器频道 | lang0:lang0.pak:Wrong server channel has been selected
GAME_ZENNY_IS_LOCK	2	2	lang0,taiwan	taiwan:local_sync_data.dat:索尼被锁定 | lang0:lang0.pak:Zeni are locked
GAME_ZENNY_LOOTING	2	2	lang0,taiwan	taiwan:local_sync_data.dat:索尼拾取 | lang0:lang0.pak:Zeni pickup
GAME_ZENNY_LOOTING_FAIL	2	2	lang0,taiwan	taiwan:local_sync_data.dat:索尼拾取失败 | lang0:lang0.pak:Looting Zeni failed
GAME_ZENNY_NOT_ENOUGH	2	2	lang0,taiwan	taiwan:local_sync_data.dat:索尼不足。 | lang0:lang0.pak:Not enough Zeni.
GAME_ZENNY_OVER	2	2	lang0,taiwan	taiwan:local_sync_data.dat:不能再容纳任何索尼了。 | lang0:lang0.pak:Can't hold any more Zeni.
GIFTSHOP_NOT_OPEN	2	2	lang0,taiwan	taiwan:local_sync_data.dat:礼品店目前是禁用的。请等待，直到打开。 | lang0:lang0.pak:Gift Shop is currently disabled.\nPlease wait until opened.
GIFTSHOP_WP_NOT_ENOUGH	2	2	lang0,taiwan	taiwan:local_sync_data.dat:没有足够的WP。 | lang0:lang0.pak:Not enough WP.
MASCOT_ALREADY_EXIST	2	2	lang0,taiwan	taiwan:local_sync_data.dat:宠物已召唤。 | lang0:lang0.pak:Mascot already exists.
MASCOT_BODY_ITEM_IS_INVALID	2	2	lang0,taiwan	taiwan:local_sync_data.dat:无效的宠物蛋。 | lang0:lang0.pak:Invalid Mascot item.
MASCOT_CANNOT_FUSION_EXP_IS_NOT_FULL	2	2	lang0,taiwan	taiwan:local_sync_data.dat:无法融合。没有足够的EXP。 | lang0:lang0.pak:Unable to Fuse. Not enough EXP.
MASCOT_CANNOT_USE_CURMASCOT_GRADE	2	2	lang0,taiwan	taiwan:local_sync_data.dat:融合，宠物等级错误。 | lang0:lang0.pak:Fusion, pet level error.
MASCOT_CANNOT_USE_SCAPEMASCOT_GRADE	2	2	lang0,taiwan	taiwan:local_sync_data.dat:宠物级材料错误。 | lang0:lang0.pak:Pet grade material error.
MASCOT_DB_USING	2	2	lang0,taiwan	taiwan:local_sync_data.dat:已经在使用。 | lang0:lang0.pak:Already in use.
MASCOT_EXCEED_HAVE_COUNT	2	2	lang0,taiwan	taiwan:local_sync_data.dat:你不能登记超过40个宠物 | lang0:lang0.pak:You can't register more than 40 Pets
MASCOT_FAIL	2	2	lang0,taiwan	taiwan:local_sync_data.dat:宠物系统故障 | lang0:lang0.pak:Pet System failure
MASCOT_FAIL_ACTIVATE_FUSION	2	2	lang0,taiwan	taiwan:local_sync_data.dat:宠物融合正在进行。 | lang0:lang0.pak:Pet fusion in progress.
MASCOT_FAIL_ACTIVATE_RING	2	2	lang0,taiwan	taiwan:local_sync_data.dat:无法启动。 | lang0:lang0.pak:Fail to activate.
MASCOT_FAIL_EXIST_ACTIVE_RING	2	2	lang0,taiwan	taiwan:local_sync_data.dat:戒指已经激活。 | lang0:lang0.pak:Ring already active.
MASCOT_FAIL_GUARD_ITEM_USE_FAIL	2	2	lang0,taiwan	taiwan:local_sync_data.dat:Failed to use guard item on mascot. | lang0:lang0.pak:Failed to use guard item on mascot.
MASCOT_FAIL_INACTIVE_RING_CONTENT	2	2	lang0,taiwan	taiwan:local_sync_data.dat:不活动的戒指。 | lang0:lang0.pak:Inactive ring.
MASCOT_FAIL_NOT_ACTIVATE_RING	2	2	lang0,taiwan	taiwan:local_sync_data.dat:无法激活铃声。 | lang0:lang0.pak:Unable to active ring.
MASCOT_FAIL_NOT_DISASSEMBLE_ITEM	2	2	lang0,taiwan	taiwan:local_sync_data.dat:这个道具不能被分解。 | lang0:lang0.pak:This item can't be broken down.
MASCOT_FUSION_FAIL	2	2	lang0,taiwan	taiwan:local_sync_data.dat:宠物融合失败。 | lang0:lang0.pak:Pet fusion failure.
MASCOT_IS_SAME_CUR_MASCOT	2	2	lang0,taiwan	taiwan:local_sync_data.dat:这个宠物已经被召唤出来了。 | lang0:lang0.pak:This Pet is already summoned.
MASCOT_ITEM_INVALID	2	2	lang0,taiwan	taiwan:local_sync_data.dat:无效的宠物。 | lang0:lang0.pak:Invalid Pet.
MASCOT_NOT_ENOUGH_SP	2	2	lang0,taiwan	taiwan:local_sync_data.dat:仅有宠物的满足是不足的。 | lang0:lang0.pak:Pet satisfaction isn't enough.
MASCOT_NOT_ENOUGH_VP	2	2	lang0,taiwan	taiwan:local_sync_data.dat:没有足够的副总裁。 | lang0:lang0.pak:Not enough VP.
MASCOT_NOT_EXIST	2	2	lang0,taiwan	taiwan:local_sync_data.dat:宠物并不存在。 | lang0:lang0.pak:Mascot doesn't exist.
MASCOT_NPC_TELEPORT_SKILL_CANT_USE	2	2	lang0,taiwan	taiwan:local_sync_data.dat:NPC不能用于传送。 | lang0:lang0.pak:NPC can't be used for teleportation.
MASCOT_RING_ITEM_ABILITY_NOT_EXIST	2	2	lang0,taiwan	taiwan:local_sync_data.dat:环形能力不存在。 | lang0:lang0.pak:Ring ability doesn't exist.
MASCOT_RING_ITEM_NOT_EXIST	2	2	lang0,taiwan	taiwan:local_sync_data.dat:戒指道具不存在。 | lang0:lang0.pak:Ring item doesn't exist.
MASCOT_SCAPE_NOT_EXIST	2	2	lang0,taiwan	taiwan:local_sync_data.dat:宠物并不存在。 | lang0:lang0.pak:Pet doesn't exist.
MASCOT_SEAL_FULL_INVENTORY	2	2	lang0,taiwan	taiwan:local_sync_data.dat:库存已满。 | lang0:lang0.pak:Inventory is full.
MASCOT_SEAL_FULL_MASCOTINVENTORY	2	2	lang0,taiwan	taiwan:local_sync_data.dat:Pet-Inventory已满。 | lang0:lang0.pak:Pet-Inventory is full.
MASCOT_SEAL_NOT_ENOUGH_SEALITEM	2	2	lang0,taiwan	taiwan:local_sync_data.dat:没有足够的海豹套装。 | lang0:lang0.pak:Not enough seal-kits.
MASCOT_SEAL_NOT_SEALITEM	2	2	lang0,taiwan	taiwan:local_sync_data.dat:把宠物放进密封盒。 | lang0:lang0.pak:Place pet into the seal-kit.
MASCOT_SEAL_SUMMON_MASCOT	2	2	lang0,taiwan	taiwan:local_sync_data.dat:宠物被传唤了。 | lang0:lang0.pak:Pet is summoned.
MASCOT_SKILL_UPDATE_FAIL	2	2	lang0,taiwan	taiwan:local_sync_data.dat:技能升级失败。 | lang0:lang0.pak:Skill upgrade failed.
MASCOT_SKILL_UPDATE_FAIL_NOT_ITEM	2	2	lang0,taiwan	taiwan:local_sync_data.dat:错过了升级的道具。 | lang0:lang0.pak:Item missed for upgrade.
MASCOT_SKILL_UPDATE_SHUFFLE_FAIL	2	2	lang0,taiwan	taiwan:local_sync_data.dat:升级系统失败。 | lang0:lang0.pak:Upgrade system failure.
MASCOT_SP_IS_FULL	2	2	lang0,taiwan	taiwan:local_sync_data.dat:SP已满 | lang0:lang0.pak:SP is full
MASCOT_SP_IS_HUNGRY	2	2	lang0,taiwan	taiwan:local_sync_data.dat:宠物很饿。 | lang0:lang0.pak:Pet is hungry.
MASCOT_TBLDAT_FINDING_FAILED	2	2	lang0,taiwan	taiwan:local_sync_data.dat:找不到宠物数据 | lang0:lang0.pak:Couldn't find mascot data
MASCOT_WAS_NOT_SUMMONED	2	2	lang0,taiwan	taiwan:local_sync_data.dat:宠物没有被召唤出来。 | lang0:lang0.pak:Mascot isn't summoned.
PETITION_AREADY_GM_CHATTING	2	2	lang0,taiwan	taiwan:local_sync_data.dat:玩家们正在与总管理员交谈。 | lang0:lang0.pak:Players are talking to GM.
PETITION_DIFFERENT_CHAATING_GM_ID	2	2	lang0,taiwan	taiwan:local_sync_data.dat:玩家与另一位GM交谈。 | lang0:lang0.pak:Player talking to another GM.
PETITION_FAIL	2	2	lang0,taiwan	taiwan:local_sync_data.dat:请愿失败。 | lang0:lang0.pak:Petition failed.
PETITION_NOT_STARTED_CLEINT_GM_CHAT	2	2	lang0,taiwan	taiwan:local_sync_data.dat:客户总管理员的聊天还没有开始。 | lang0:lang0.pak:Client GM chatting hasn't started.
PETITION_NOT_YET_ENTER_WORLD	2	2	lang0,taiwan	taiwan:local_sync_data.dat:玩家还没有进入世界。 | lang0:lang0.pak:Players have not yet entered the World.
PETITION_SUCCESS	2	2	lang0,taiwan	taiwan:local_sync_data.dat:请愿成功 | lang0:lang0.pak:Petition success
QUERY_CANNOT_FIND_SQLUNIT	2	2	lang0,taiwan	"taiwan:local_sync_data.dat:[align = ""center""][font size = ""12"" color= ""f4d762""]信息系统[/font][br][br][font size = ""10"" color= ""f36a7c""]出现了系统问题。[br]请联系运营团队。(#Q)[/font] | lang0:lang0.pak:[align = ""center""][font size = ""12"" color=""f4d762""]Information system[/font][br][br][font size = ""10"" color=""f36a7c""]A system problem has occurred.[br]Please contact the Operations Team. (# Q)[/font]"
QUERY_EXECUTE_FAIL	2	2	lang0,taiwan	"taiwan:local_sync_data.dat:[align = ""center""][font size = ""12"" color= ""f4d762""]信息系统[/font][br][br][font size = ""10"" color= ""f36a7c""]出现了系统问题。[br]请联系运营团队。(#Q)[/font] | lang0:lang0.pak:[align = ""center""][font size = ""12"" color=""f4d762""]Information system[/font][br][br][font size = ""10"" color=""f36a7c""]A system problem has occurred.[br]Please contact the Operations Team. (# Q)[/font]"
QUERY_FAIL	2	2	lang0,taiwan	"taiwan:local_sync_data.dat:[align = ""center""][font size = ""12"" color= ""f4d762""]查询失败。[/font][br][br][font size = ""10"" color= ""f36a7c"" ] (#Q)[/font] | lang0:lang0.pak:[align = ""center""][font size = ""12"" color=""f4d762""]Query fail.[/font][br][br][font size = ""10"" color=""f36a7c""](#Q)[/font]"
REPORT_FAIL	2	2	lang0,taiwan	taiwan:local_sync_data.dat:报告失败。 | lang0:lang0.pak:Report failed.
REPORT_SUCCESS	2	2	lang0,taiwan	taiwan:local_sync_data.dat:报告成功。 | lang0:lang0.pak:Report Successful.
RESULT_FAIL	2	2	lang0,taiwan	"taiwan:local_sync_data.dat:[align = ""center""][font size = ""12"" color= ""f4d762""]结果失败[/font][br][br][font size = ""10"" color= ""f36a7c"" ]执行失败[/font] | lang0:lang0.pak:[align = ""center""][font size = ""12"" color=""f4d762""]Result fail[/font][br][br][font size = ""10"" color=""f36a7c""]Execution Failed[/font]"
SAME_RING_EXIST_IN_MASCOT_RING_CONTAINER	2	2	lang0,taiwan	taiwan:local_sync_data.dat:宠物戒指已经存在。 | lang0:lang0.pak:Mascot ring already exist.
SCRAMBLE_CANNOT_DO_ALREADY_REWARDED	2	2	lang0,taiwan	taiwan:local_sync_data.dat:玩家已经得到了奖励。 | lang0:lang0.pak:Player has already been awarded.
SCRAMBLE_CANNOT_DO_TARGET_IS_NOT_JOINED	2	2	lang0,taiwan	taiwan:local_sync_data.dat:无法添加玩家。 | lang0:lang0.pak:Unable to add player.
SCRAMBLE_CANNOT_DO_WHILE_JOINED	2	2	lang0,taiwan	taiwan:local_sync_data.dat:在争夺活动中不允许这样操作。 | lang0:lang0.pak:Can't do this while in Scramble Event.
SCRAMBLE_CANNOT_DO_WHILE_NOT_JOINED	2	2	lang0,taiwan	taiwan:local_sync_data.dat:由于你没有报名参加争夺赛，所以不能拾取龙珠。 | lang0:lang0.pak:Can't pick up since you haven't signed up for scramble.
SCRAMBLE_CANNOT_INVITE_TARGET_IS_JOINED	2	2	lang0,taiwan	taiwan:local_sync_data.dat:不能邀请玩家。 | lang0:lang0.pak:Can't invite player.
SCRAMBLE_CANNOT_INVITE_TARGET_IS_NOT_JOINED	2	2	lang0,taiwan	taiwan:local_sync_data.dat:不能邀请没有参加活动的玩家。 | lang0:lang0.pak:Can't invite player, that isn't participating in the event.
SCRAMBLE_CANNOT_JOIN_LEVEL_IS_TOO_LOW	2	2	lang0,taiwan	taiwan:local_sync_data.dat:等级太低了。 | lang0:lang0.pak:Level is too low.
SCRAMBLE_CANNOT_JOIN_WHILE_DOJO	2	2	lang0,taiwan	taiwan:local_sync_data.dat:在道场时不能加入。 | lang0:lang0.pak:Can't join while in Dojo.
SCRAMBLE_CANNOT_JOIN_WHILE_FREEBATTLE	2	2	lang0,taiwan	taiwan:local_sync_data.dat:在自由战斗中不能加入。 | lang0:lang0.pak:Can't join while in Free Battle.
SCRAMBLE_CANNOT_JOIN_WHILE_RANKBATTLE	2	2	lang0,taiwan	taiwan:local_sync_data.dat:无法参加等级战期间的争夺活动。 | lang0:lang0.pak:Unable to attend Scramble event during Rank Battle.
SCRAMBLE_CANNOT_JOIN_WHILE_TENKAICHIBUDOKAI	2	2	lang0,taiwan	taiwan:local_sync_data.dat:在争夺赛期间无法加入武道会。 | lang0:lang0.pak:Unable to join Budokai during Scramble event.
SCRAMBLE_CANNOT_JOIN_WHILE_TMQ	2	2	lang0,taiwan	taiwan:local_sync_data.dat:在争夺活动中无法加入时间机器任务。 | lang0:lang0.pak:Unable to join Time Machine Quest during Scramble event.
SCRAMBLE_CANNOT_NO_SEASON	2	2	lang0,taiwan	taiwan:local_sync_data.dat:请在正确的频道申请争夺战。 | lang0:lang0.pak:Scramble Event hasn't started yet.
SCRAMBLE_CANNOT_PICK_ALREADY_REWARDED	2	2	lang0,taiwan	taiwan:local_sync_data.dat:已经收到奖励。 | lang0:lang0.pak:Already received reward.
SCRAMBLE_CANNOT_PICK_LIMIT_COUNT_OVER	2	2	lang0,taiwan	taiwan:local_sync_data.dat:不能再捡了。 | lang0:lang0.pak:Can't pickup any more.
SCRAMBLE_CANNOT_PICK_WHILE_COOLTIME	2	2	lang0,taiwan	"taiwan:local_sync_data.dat:龙珠 ""不能被捡走。 | lang0:lang0.pak:Dragon Ball can't be picked up."
SCRAMBLE_CANNOT_PICK_WHILE_NOT_JOINED	2	2	lang0,taiwan	taiwan:local_sync_data.dat:不参加活动就不能拿起龙珠。 | lang0:lang0.pak:Can't pick up Dragon Ball without being in the event.
SCRAMBLE_CANNOT_REWARD_LIMIT_COUNT_OVER	2	2	lang0,taiwan	taiwan:local_sync_data.dat:奖励已经达到最大值。 | lang0:lang0.pak:Rewards reached max already.
SCRAMBLE_CANNOT_REWARD_SEASON_IS_END	2	2	lang0,taiwan	taiwan:local_sync_data.dat:龙珠活动结束了，不能得到奖励。 | lang0:lang0.pak:Dragon Ball Event is over can't get rewards.
SCRAMBLE_CANNOT_REWARD_WHILE_COOLTIME	2	2	lang0,taiwan	taiwan:local_sync_data.dat:龙珠还在石化。 | lang0:lang0.pak:Dragon Ball is still petrified.
SCRAMBLE_CANNOT_REWARD_WHILE_FAINT	2	2	lang0,taiwan	taiwan:local_sync_data.dat:在昏厥状态下不允许这样操作。 | lang0:lang0.pak:Can't do that in fainting state.
SCRAMBLE_CANNOT_REWARD_WHILE_SANDBAG	2	2	lang0,taiwan	taiwan:local_sync_data.dat:在HTB期间不允许这样操作。 | lang0:lang0.pak:Can't to that during HTB.
SCRAMBLE_CANNOT_RIDE_BUS_WHILE_JOINED	2	2	lang0,taiwan	taiwan:local_sync_data.dat:在登记的争夺赛期间没有。 | lang0:lang0.pak:Not during registered Scramble.
SCRAMBLE_CANNOT_TRADE_TARGET_IS_ALREADY_REWARED	2	2	lang0,taiwan	taiwan:local_sync_data.dat:目标已经得到了回报。 | lang0:lang0.pak:Target has already been rewarded.
SCRAMBLE_CANNOT_TRADE_TARGET_IS_NOT_PARTY_MEMBER	2	2	lang0,taiwan	taiwan:local_sync_data.dat:不能交易，没有成员。 | lang0:lang0.pak:Can't trade, no Party member.
SCRAMBLE_INVALID_BATTLE_DRAGONBALL	2	2	lang0,taiwan	taiwan:local_sync_data.dat:不寻常的龙珠。 | lang0:lang0.pak:Unusual Dragon Ball.
SHUTDOWN_SELECT_WARNING_1HOUR	2	2	lang0,taiwan	taiwan:local_sync_data.dat:服务器将在1小时内关闭！ | lang0:lang0.pak:The Server is going to shut down in 1 hour!
SHUTDOWN_SELECT_WARNING_30MINUTE	2	2	lang0,taiwan	taiwan:local_sync_data.dat:服务器将在30分钟内关闭！ | lang0:lang0.pak:The Server is going to shut down in 30 minutes!
SHUTDOWN_SELECT_WARNING_MSG	2	2	lang0,taiwan	"taiwan:local_sync_data.dat:[align = ""center""][font size = ""12"" color=""f4d762""]可选择关闭[/font][br][br][font size = ""10"" color=""fffff""]你只能根据为孩子的爱设置的游戏时间来使用游戏，你只能在游戏允许的时间内使用游戏。[/font][br][br][font size = ""10"" color=""fffff""] [/font] | lang0:lang0.pak:[align = ""center""][font size = ""12"" color=""f4d762""]Optional Shutdown[/font][br][br][font size = ""10"" color=""ffffff""]You are limited to use the game according to the game time set for your child's love, and you can only use the game for the time allowed for the game.[/font][br][br][font size = ""10"" color=""ffffff""][/font]"
SUMMONING_MASCOT_CANT_DELETE	2	2	lang0,taiwan	taiwan:local_sync_data.dat:不能删除一个被召唤的宠物。 | lang0:lang0.pak:Can't delete a summoned Pet.
TENKAICHIDAISIJYOU_CANNOT_BUY_MYITEM	2	2	lang0,taiwan	taiwan:local_sync_data.dat:你不能购买你自己的物品。 | lang0:lang0.pak:You can't buy your own Items.
TENKAICHIDAISIJYOU_CANNOT_BUY_NOT_MATCH_ITEM	2	2	lang0,taiwan	taiwan:local_sync_data.dat:道具不匹配。 | lang0:lang0.pak:Item doesn't match.
TENKAICHIDAISIJYOU_CANNOT_BUY_NO_MONEY	2	2	lang0,taiwan	taiwan:local_sync_data.dat:你没有足够的索尼 | lang0:lang0.pak:You don't have enough Zeni
TENKAICHIDAISIJYOU_CANNOT_CANCEL_OTHER_ITEM	2	2	lang0,taiwan	taiwan:local_sync_data.dat:不能取消其他道具。 | lang0:lang0.pak:Can't cancel the other item.
TENKAICHIDAISIJYOU_CANNOT_FIND_INVALID_LEVEL	2	2	lang0,taiwan	taiwan:local_sync_data.dat:无效级别 | lang0:lang0.pak:Invalid Level
TENKAICHIDAISIJYOU_CANNOT_INVALID_ITEM	2	2	lang0,taiwan	taiwan:local_sync_data.dat:无效的道具 | lang0:lang0.pak:Invalid Item
TENKAICHIDAISIJYOU_CANNOT_LACK_OF_ITEM_STACK	2	2	lang0,taiwan	taiwan:local_sync_data.dat:没有足够的物品。 | lang0:lang0.pak:Not enough items.
TENKAICHIDAISIJYOU_CANNOT_LIST_COMPLETE	2	2	lang0,taiwan	taiwan:local_sync_data.dat:无法完成清单。 | lang0:lang0.pak:Can't complete list.
TENKAICHIDAISIJYOU_CANNOT_LIST_INVALID_ITEMNAME	2	2	lang0,taiwan	taiwan:local_sync_data.dat:无效的道具名称。 | lang0:lang0.pak:Invalid item name.
TENKAICHIDAISIJYOU_CANNOT_LIST_IS_NOT	2	2	lang0,taiwan	taiwan:local_sync_data.dat:没有火柴。 | lang0:lang0.pak:No matches.
TENKAICHIDAISIJYOU_CANNOT_NOT_EXIST	2	2	lang0,taiwan	taiwan:local_sync_data.dat:道具不存在。 | lang0:lang0.pak:Item doesn't exist.
TENKAICHIDAISIJYOU_CANNOT_NOT_SELL_INVALID_TAB_TYPE	2	2	lang0,taiwan	taiwan:local_sync_data.dat:无效的标签类型。 | lang0:lang0.pak:Invalid tab type.
TENKAICHIDAISIJYOU_CANNOT_NOT_SELL_NOT_TAB_TYPE	2	2	lang0,taiwan	taiwan:local_sync_data.dat:这个道具不存在。 | lang0:lang0.pak:This item doesn't exist.
TENKAICHIDAISIJYOU_CANNOT_NOT_SELL_RESTRICT	2	2	lang0,taiwan	taiwan:local_sync_data.dat:你不能卖这个东西。 | lang0:lang0.pak:You can't sell this item.
TENKAICHIDAISIJYOU_CANNOT_NO_SELL_LIST	2	2	lang0,taiwan	taiwan:local_sync_data.dat:道具不存在。 | lang0:lang0.pak:Item doesn't exist.
TENKAICHIDAISIJYOU_CANNOT_SELL_INVALID_DUR	2	2	lang0,taiwan	taiwan:local_sync_data.dat:道具无效的耐久性。 | lang0:lang0.pak:Item invalid durability.
TENKAICHIDAISIJYOU_CANNOT_SELL_INVALID_PRICE	2	2	lang0,taiwan	taiwan:local_sync_data.dat:无效的销售价格。 | lang0:lang0.pak:Invalid sell price.
TENKAICHIDAISIJYOU_CANNOT_SELL_INVALID_TIME	2	2	lang0,taiwan	taiwan:local_sync_data.dat:无效的卖出时间。 | lang0:lang0.pak:Invalid sell time.
TENKAICHIDAISIJYOU_CANNOT_SELL_NO_MONEY	2	2	lang0,taiwan	taiwan:local_sync_data.dat:不足索尼。 | lang0:lang0.pak:Not enough Zeni.
TENKAICHIDAISIJYOU_CANNOT_SYSTEM_DATA_ERROR	2	2	lang0,taiwan	taiwan:local_sync_data.dat:系统数据错误。 | lang0:lang0.pak:System data error.
WAGUWAGUMACHINE_FAIL	2	2	lang0,taiwan	taiwan:local_sync_data.dat:老虎机故障 | lang0:lang0.pak:Wagu machine failed
WAGUWAGUMACHINE_INVALID_CHARID	2	2	lang0,taiwan	taiwan:local_sync_data.dat:无效的角色ID | lang0:lang0.pak:Invalid character id
WAGUWAGUMACHINE_NOT_ENOUGH_COIN	2	2	lang0,taiwan	taiwan:local_sync_data.dat:硬币不足 | lang0:lang0.pak:Not Enough Coins
WAGUWAGUMACHINE_NOT_ENOUGH_ITEMS	2	2	lang0,taiwan	taiwan:local_sync_data.dat:连续选择的胶囊数量不足。 | lang0:lang0.pak:Insufficient capsules for consecutive selection.
WAGUWAGUMACHINE_NOT_EXIST_MACHINE	2	2	lang0,taiwan	taiwan:local_sync_data.dat:机器并不存在。 | lang0:lang0.pak:Machine doesn't exist.
WAGUWAGUMACHINE_NOT_EXIST_QNTT	2	2	lang0,taiwan	taiwan:local_sync_data.dat:你选择的胶囊有错误。 | lang0:lang0.pak:There is an error with the capsule you selected.
WAGUWAGUMACHINE_NOT_LIST_WINNERS	2	2	lang0,taiwan	taiwan:local_sync_data.dat:没有赢家。 | lang0:lang0.pak:There is no winners.
WAGUWAGUMACHINE_NO_HAVE_ITEMS	2	2	lang0,taiwan	taiwan:local_sync_data.dat:没有发现任何物品。 | lang0:lang0.pak:No items found.
WAGUWAGUMACHINE_OVER_MAX_COIN	2	2	lang0,taiwan	taiwan:local_sync_data.dat:最多可以容纳999个硬币的数量。 | lang0:lang0.pak:Number of coins that can hold a maximum of 999.
WAGUWAGUMACHINE_OVER_MAX_EVENTCOIN	2	2	lang0,taiwan	taiwan:local_sync_data.dat:活动代币最多可持有500枚 | lang0:lang0.pak:Can only hold 500 event coins.
WAGUWAGUMACHINE_SOME_FAILED_TO_EXTRACT	2	2	lang0,taiwan	taiwan:local_sync_data.dat:扭蛋失败。 | lang0:lang0.pak:Failed to extract capsules.
WAGUWAGUMACHINE_STOP_MACHINE	2	2	lang0,taiwan	taiwan:local_sync_data.dat:本机已停止 | lang0:lang0.pak:This machine has stopped
WAGUWAGUMACHINE_WINNER_REST	2	2	lang0,taiwan	taiwan:local_sync_data.dat:在获得第一名后，机器会重新设置。 | lang0:lang0.pak:After a 1st place win, the machine resets.
