来源	文件	位置	原文	参考译文	填写中文	长度状态
UI	lang0.pak	DST_ACCOUNT_CREATE_SUCCESS	"[align = ""center""][font size = ""12"" color=""f4d762""]Account Creation Successful[/font][br][br][font size = ""10"" color=""ffffff""]Your account has been created and should[br]now have access to Dragon Ball Online[/font]"			
UI	lang0.pak	DST_ACCOUNT_SERVER_CONNECT_FAIL	"[align = ""center""][font size = ""12"" color=""f4d762""]Authentication Failure[/font][br][br][font size = ""10"" color=""f36a7c""]You've failed to connect to[br]the authentication server.[/font][br][br][font size = ""10"" color=""ffffff""]Please try again in a few minutes.[/font]"			
UI	lang0.pak	DST_ACTION_TYPE_NORMAL	Normal			
UI	lang0.pak	DST_ACTION_TYPE_SOCIAL	Social			
UI	lang0.pak	DST_AGGROLIST_TITLE	Aggro List			
UI	lang0.pak	DST_AGGROPT_AVATAR	Your Aggro.			
UI	lang0.pak	DST_AGGROPT_PARTY	Party's Aggro.			
UI	lang0.pak	DST_AGGROPT_PET	Pet's Aggro.			
UI	lang0.pak	DST_AIRING_POSE	Motion posture			
UI	lang0.pak	DST_AIR_AP_GUI_COMMENT	AP is consumed only during accelerated flying.\nIt regenerates while you fly slowly or while on ground.			
UI	lang0.pak	DST_AIR_CAN_NOT_FLY	You can't fly right now.			
UI	lang0.pak	DST_AIR_CAN_NOT_USE_BATTLE_MODE	You can't fly during a fight.			
UI	lang0.pak	DST_AIR_EFFECT	Air effect			
UI	lang0.pak	DST_AIR_POSE	Air pose			
UI	lang0.pak	DST_ALRAM_ITEMBOX_USE	"[align = ""center""][font size = ""9"" color=""269eff""]%s[/font][br]Popo's Chest box contains an exp. scroll."			
UI	lang0.pak	DST_ALREADY_EXIST_SAME_TYPE_EQIP	That type has already been equipped.			
UI	lang0.pak	DST_ALREADY_SAME_CHANNEL	You are already on this Channel			
UI	lang0.pak	DST_ASK_CHANGE_CHANNEL	"[align = ""center""][font size = ""12"" color=""f4d762""]Change Channel[/font][br][br][font size = ""10"" color=""ffffff""]You're about to change channel.[/font]"			
UI	lang0.pak	DST_AUTO_RECOVER_ARRAY	Remaining amount of recovery: %s			
UI	lang0.pak	DST_AUTO_RECOVER_COMMENT	If %s less than %d%% recover %d%% 			
UI	lang0.pak	DST_AUTO_RECOVER_COMMENT1	Must wait %s seconds after recovery			
UI	lang0.pak	DST_AVATAR_SEX_FEMALE	Female			
UI	lang0.pak	DST_AVATAR_SEX_MALE	Male			
UI	lang0.pak	DST_AVATAR_SEX_NOT_EXIST	No Gender			
UI	lang0.pak	DST_AXE	Axe			
UI	lang0.pak	DST_A_DAY	Date			
UI	lang0.pak	DST_BACKDST_PACK	Backpack			
UI	lang0.pak	DST_TAIL	Tail			
UI	lang0.pak	DST_BAG_REMOTE_SELL	Remote Sales			
UI	lang0.pak	DST_BAG_SLOT	Bag Slot			
UI	lang0.pak	DST_BAG_TITLE	Inventory			
UI	lang0.pak	DST_BASE_POSE	Basic Position			
UI	lang0.pak	DST_BATTLEATTR_ARMOR	Armor Properties: 			
UI	lang0.pak	DST_BATTLEATTR_ATTACK_RATE	Damage %.0f%%			
UI	lang0.pak	DST_BATTLEATTR_ATTACK_RATE_TARGET	 Attack Attribute: %.0f%%			
UI	lang0.pak	DST_BATTLEATTR_ATTR	Attributes: 			
UI	lang0.pak	DST_BATTLEATTR_DEFENCE_RATE	Defense %.0f%%			
UI	lang0.pak	DST_BATTLEATTR_DEFENCE_RATE_TARGET	 Defense Attribute: %.0f%%			
UI	lang0.pak	DST_BATTLEATTR_ON_TARGET	On Target			
UI	lang0.pak	DST_BATTLEATTR_WEAPON	Weapon Properties: 			
UI	lang0.pak	DST_BATTLE_ATTRIBUTE_CHANG_ZENNY_ERR	Insufficient Zeni.			
UI	lang0.pak	DST_BATTLE_CAN_NOT_ATTACK_TARGET	Can't attack.			
UI	lang0.pak	DST_BAZOOKA	Bazooka			
UI	lang0.pak	DST_BENEFIT_ADD_EXP_PC	%d%% Bonus EXP			
UI	lang0.pak	DST_BENEFIT_ADD_USE_NETSTORE_PC	NetStore Available			
UI	lang0.pak	DST_BENEFIT_ADD_VEHICLE_SPEED_PC	%d%% Bonus Vehicle speed			
UI	lang0.pak	DST_BENEFIT_ADD_ZENNY_PC	%d%% Bonus Zeni			
UI	lang0.pak	DST_BENEFIT_BASIC_TITLE	Bonus			
UI	lang0.pak	DST_BIND_SUCCESS	This is your new Home Teleport area!			
UI	lang0.pak	DST_BIND_TEXT	"[align = ""center""][font size = ""12"" color=""f4d762""]Home Teleport[/font][br][br][font size = ""10"" color=""269eff""]When the player dies he can re-spawn[br]to his chosen Popo Stone.[/font][br][br][font size = ""10"" color=""ffffff""]Change your Home Teleport[br]Location to this Area?[/font]"			
UI	lang0.pak	DST_BLEED_DEFENCE	Bleeding Def.			
UI	lang0.pak	DST_BLOCK_MODE_COOLTIME	Block is on cooldown			
UI	lang0.pak	DST_BLOCK_WATCH_MY_EQUIP	Scan jammed			
UI	lang0.pak	DST_CCBD_FINISH_MSG	%s CLEARED CC Battle Dungeon 40 Floor			
UI	lang0.pak	DST_BROADCAST_CCBD_CLEAR	%s CLEARED CC Battle Dungeon 200 Floor			
UI	lang0.pak	DST_BROADCAST_CCBD_CLEAR_USER_NOT_FOUND	CC Battle Dungeon 200 Floor WAS CLEARED			
UI	lang0.pak	DST_BUDOKAI_INDI_DOJO_RECOMMNED	Dojo Finalists			
UI	lang0.pak	DST_BUDOKAI_INDI_REQ_CANCEL	"[align =""center""][font size=""12""color=""f4d762""]Cancel Registration[/font][br][br][font size=""10""color=""f36a7c""]Are you sure to cancel the registration?[/font]"			
UI	lang0.pak	DST_BUDOKAI_INDI_REQ_CLASS	Class			
UI	lang0.pak	DST_BUDOKAI_INDI_REQ_GUILD	Guild			
UI	lang0.pak	DST_BUDOKAI_INDI_REQ_LEVEL	Level			
UI	lang0.pak	DST_BUDOKAI_INDI_REQ_NAME	Name			
UI	lang0.pak	DST_BUDOKAI_INDI_REQ_RANKING	Battle Points			
UI	lang0.pak	DST_BUDOKAI_INDI_REQ_RECORD	Battle Rank			
UI	lang0.pak	DST_BUDOKAI_INDI_REQ_RECORD_DATA	%dW %dL %dD			
UI	lang0.pak	DST_BUDOKAI_MAJORMATCH_INFO_TITLE_16	RO16			
UI	lang0.pak	DST_BUDOKAI_MAJORMATCH_INFO_TITLE_16_WAIT	RO16 standby			
UI	lang0.pak	DST_BUDOKAI_MAJORMATCH_INFO_TITLE_32	RO32			
UI	lang0.pak	DST_BUDOKAI_MAJORMATCH_INFO_TITLE_32_WAIT	RO32 standby			
UI	lang0.pak	DST_BUDOKAI_MAJORMATCH_INFO_TITLE_8	RO8			
UI	lang0.pak	DST_BUDOKAI_MAJORMATCH_INFO_TITLE_8_WAIT	RO8 standby			
UI	lang0.pak	DST_BUDOKAI_MAJORMATCH_INFO_TITLE_END	Awards			
UI	lang0.pak	DST_BUDOKAI_MAJORMATCH_INFO_TITLE_FINAL	Finals			
UI	lang0.pak	DST_BUDOKAI_MAJORMATCH_INFO_TITLE_SEMIFINAL	Semi-finals			
UI	lang0.pak	DST_BUDOKAI_MAJORMATCH_INFO_TITLE_SEMIFINAL_WAIT	Semi-final standby			
UI	lang0.pak	DST_BUDOKAI_MINORMATCH_ALIVE_TITLE	Alive			
UI	lang0.pak	DST_BUDOKAI_MINORMATCH_ENEMY_NAME_TITLE	Name			
UI	lang0.pak	DST_BUDOKAI_MINORMATCH_INFO_TITLE	Battle Royale			
UI	lang0.pak	DST_BUDOKAI_MINORMATCH_INFO_TITLE_BATTLE	Qualifiers			
UI	lang0.pak	DST_BUDOKAI_MINORMATCH_INFO_TITLE_WAIT	Qualifier standby			
UI	lang0.pak	DST_BUDOKAI_MINORMATCH_KOCOUNTER_TITLE	K.O			
UI	lang0.pak	DST_BUDOKAI_MINORMATCH_TOTAL_TITLE	Total			
UI	lang0.pak	DST_BUDOKAI_MINOR_DICE_READY_NOTIFY	%u ready up			
UI	lang0.pak	DST_BUDOKAI_MINOR_DICE_SCORE_NOTIFY	%s Score Results %u			
UI	lang0.pak	DST_BUDOKAI_MINOR_DICE_SCORE_NOTIFY_TEAM	%s Team Result ( %u )			
UI	lang0.pak	DST_BUDOKAI_MINOR_DICE_WIN_NOTIFY	%s Won %u			
UI	lang0.pak	DST_BUDOKAI_MINOR_DICE_WIN_NOTIFY_TEAM	%s team has won %u			
UI	lang0.pak	DST_BUDOKAI_MINOR_KILL_ANNOUNCE	%s Killed %s 			
UI	lang0.pak	DST_BUDOKAI_MINOR_WAIT_FOR_DICE_NOTIFY	Please Wait I'm Busy			
UI	lang0.pak	DST_BUDOKAI_MINOR_WAIT_FOR_KO	%d seconds to KO			
UI	lang0.pak	DST_BUDOKAI_MINOR_WAIT_FOR_RINGOUT	%d seconds to ring out			
UI	lang0.pak	DST_BUDOKAI_MUDOSA_INFO	Mudosa Village %d			
UI	lang0.pak	DST_BUDOKAI_MUDOSA_TELEPOR_INFO	TP INFO: 200,000 Zeni Fee			
UI	lang0.pak	DST_BUDOKAI_NEWS_BUTTON_INDIREQ	Join Solo			
UI	lang0.pak	DST_BUDOKAI_NEWS_BUTTON_TEAMREQ	Join Team			
UI	lang0.pak	DST_BUDOKAI_NEWS_BUTTON_TICKET	Receipt			
UI	lang0.pak	DST_BUDOKAI_NEWS_BUTTON_TOURNAMENT	Tournament			
UI	lang0.pak	DST_BUDOKAI_NEWS_CAN_ONLY_LEADER	Party Leader Apply			
UI	lang0.pak	DST_BUDOKAI_NEWS_HEADLINE_AWARD	Budokai is closed!			
UI	lang0.pak	DST_BUDOKAI_NEWS_HEADLINE_DOJORECOMMEND	Best Dojo			
UI	lang0.pak	DST_BUDOKAI_NEWS_HEADLINE_MAJOR	Tournament Qualifiers			
UI	lang0.pak	DST_BUDOKAI_NEWS_HEADLINE_OPENNOTICE	Budokai is open!			
UI	lang0.pak	DST_BUDOKAI_NEWS_HEADLINE_REGISTER	Register now!			
UI	lang0.pak	DST_BUDOKAI_NEWS_INFO_INDI_STATE	You are a solo %s			
UI	lang0.pak	DST_BUDOKAI_NEWS_INFO_STATE_FINAL_MATCH	%s final match started.			
UI	lang0.pak	DST_BUDOKAI_NEWS_INFO_STATE_MAJOR_MATCH	%s %s in progress.			
UI	lang0.pak	DST_BUDOKAI_NEWS_INFO_STATE_MATCH_END	%s is over.			
UI	lang0.pak	DST_BUDOKAI_NEWS_INFO_STATE_MINOR_MATCH	%s qualifiers started.			
UI	lang0.pak	DST_BUDOKAI_NEWS_INFO_STATE_REGISTER	%s registration ends in %s.			
UI	lang0.pak	DST_BUDOKAI_NEWS_INFO_STATE_SEMIFINAL_MATCH	%s semi-finals started.			
UI	lang0.pak	DST_BUDOKAI_NEWS_INFO_STATE_WAIT_FINAL_MATCH	%s finals start in %s.			
UI	lang0.pak	DST_BUDOKAI_NEWS_INFO_STATE_WAIT_MAJOR_MATCH	%s %s will start in %s.			
UI	lang0.pak	DST_BUDOKAI_NEWS_INFO_STATE_WAIT_MINOR_MATCH	%s qualifiers will start in %s.			
UI	lang0.pak	DST_BUDOKAI_NEWS_INFO_STATE_WAIT_SEMIFINAL_MATCH	%s semi-finals start in %s.			
UI	lang0.pak	DST_BUDOKAI_NEWS_INFO_TEAM_STATE	You're in a Party %s			
UI	lang0.pak	DST_BUDOKAI_NEWS_MUDOSA_ENTER_LEFT_TIME	Entry Time: %s left.			
UI	lang0.pak	DST_BUDOKAI_NEWS_NEXT_MUDOSA_OPEN	Next round: %s			
UI	lang0.pak	DST_BUDOKAI_NEWS_NOPLAN	Undecided			
UI	lang0.pak	DST_BUDOKAI_NEWS_NOTICE_GUIDE_DOJO_TITLE	Dojo			
UI	lang0.pak	DST_BUDOKAI_NEWS_NOTICE_GUIDE_MINOR_TITLE	Application Period			
UI	lang0.pak	DST_BUDOKAI_NEWS_NOTICE_GUIDE_TIME	%d month %d day %s %d:%02d			
UI	lang0.pak	DST_BUDOKAI_NEWS_NOTICE_GUIDE_TIME_FULL	%s ~ %s			
UI	lang0.pak	DST_BUDOKAI_NEWS_NOTICE_INDI_REGISTER	Sign Up			
UI	lang0.pak	DST_BUDOKAI_NEWS_NOTICE_INDI_STATE	State Info			
UI	lang0.pak	DST_BUDOKAI_NEWS_NOTICE_INDI_WINNER	1st/2nd			
UI	lang0.pak	DST_BUDOKAI_NEWS_NOTICE_NOT_PRIZE	No Winners			
UI	lang0.pak	DST_BUDOKAI_NEWS_NOTICE_PRIZE_SECOND_WINNER	2nd: %s			
UI	lang0.pak	DST_BUDOKAI_NEWS_NOTICE_PRIZE_TEAM_SECOND_WINNER	2nd: %s			
UI	lang0.pak	DST_BUDOKAI_NEWS_NOTICE_PRIZE_TEAM_WINNER	1st: %s			
UI	lang0.pak	DST_BUDOKAI_NEWS_NOTICE_PRIZE_WINNER	1st: %s			
UI	lang0.pak	DST_BUDOKAI_NEWS_NOTICE_TEAM_REGISTER	Team Sign Up			
UI	lang0.pak	DST_BUDOKAI_NEWS_NOTICE_TEAM_STATE	Team State Info			
UI	lang0.pak	DST_BUDOKAI_NEWS_NOTICE_TEAM_WINNER	Team 1st/2nd			
UI	lang0.pak	DST_BUDOKAI_NEWS_NOTICE_WAIT_GUIDE	%s duration: %s			
UI	lang0.pak	DST_BUDOKAI_NEWS_NTOCIE_NOT_PRIZE_TEAM	No Winning Party			
UI	lang0.pak	DST_BUDOKAI_NEWS_TITLE	Tenkaichi Budokai Nr. %d 			
UI	lang0.pak	DST_BUDOKAI_NEWS_YOU_ARE_NOT_ENTRANT	You have not signed up.			
UI	lang0.pak	DST_BUDOKAI_NOTICE_DATA_LOADING	Loading Data...			
UI	lang0.pak	DST_BUDOKAI_NOTICE_DOJO_RECOMMEND	%s recommendations.			
UI	lang0.pak	DST_BUDOKAI_NOTICE_END	%s %s Awards in progress.			
UI	lang0.pak	DST_BUDOKAI_NOTICE_FINAL_MATCH	%s %s finals have started.			
UI	lang0.pak	DST_BUDOKAI_NOTICE_MAJOR_MATCH	%s %s %s has begun.			
UI	lang0.pak	DST_BUDOKAI_NOTICE_MINOR_MATCH	%s %s qualifiers have started.			
UI	lang0.pak	DST_BUDOKAI_NOTICE_OPEN_NOTICE	Tournament %s is starting.			
UI	lang0.pak	DST_BUDOKAI_NOTICE_PARTY	Party			
UI	lang0.pak	DST_BUDOKAI_NOTICE_REGISTER	%s %s apply for qualifiers.			
UI	lang0.pak	DST_BUDOKAI_NOTICE_SEMIFINAL_MATCH	%s %s semi-finals have started.			
UI	lang0.pak	DST_BUDOKAI_NOTICE_SOLO	Solo			
UI	lang0.pak	DST_BUDOKAI_NOTICE_WAIT_FINAL_MATCH	%s %s finals will start soon.			
UI	lang0.pak	DST_BUDOKAI_NOTICE_WAIT_MAJOR_MATCH	%s %s %s will start soon.			
UI	lang0.pak	DST_BUDOKAI_NOTICE_WAIT_MINOR_MATCH	%s %s qualifiers will start soon.			
UI	lang0.pak	DST_BUDOKAI_NOTICE_WAIT_SEMIFINAL_MATCH	%s %s semi-finals will start soon.			
UI	lang0.pak	DST_BUDOKAI_PC_STATE_16_DROPOUT	RO16 contestant			
UI	lang0.pak	DST_BUDOKAI_PC_STATE_16_ENTRY	RO16 finalist			
UI	lang0.pak	DST_BUDOKAI_PC_STATE_32_DROPOUT	RO32 contestant			
UI	lang0.pak	DST_BUDOKAI_PC_STATE_32_ENTRY	RO32 finalist			
UI	lang0.pak	DST_BUDOKAI_PC_STATE_8_DROPOUT	RO8 contestant			
UI	lang0.pak	DST_BUDOKAI_PC_STATE_8_ENTRY	RO8 finalist			
UI	lang0.pak	DST_BUDOKAI_PC_STATE_FINAL_ENTRY	Finalist			
UI	lang0.pak	DST_BUDOKAI_PC_STATE_FINAL_WINNER	Winner			
UI	lang0.pak	DST_BUDOKAI_PC_STATE_MINOR_APPLICANT	Qualifier			
UI	lang0.pak	DST_BUDOKAI_PC_STATE_MINOR_DROPOUT	Contestant			
UI	lang0.pak	DST_BUDOKAI_PC_STATE_MINOR_ENTRY	Qualifier finalist			
UI	lang0.pak	DST_BUDOKAI_PC_STATE_NONE	N/A			
UI	lang0.pak	DST_BUDOKAI_PC_STATE_PRIZE_WINNER	Winner			
UI	lang0.pak	DST_BUDOKAI_PC_STATE_SEMIFINAL_ENTRY	Semi-finalist			
UI	lang0.pak	DST_BUDOKAI_PC_STATE_SEMIFINAL_WINNER	Runner-up			
UI	lang0.pak	DST_BUDOKAI_PROGRESS_MESSAGE_16	RO16			
UI	lang0.pak	DST_BUDOKAI_PROGRESS_MESSAGE_32	RO32			
UI	lang0.pak	DST_BUDOKAI_PROGRESS_MESSAGE_8	RO8			
UI	lang0.pak	DST_BUDOKAI_PROGRESS_MESSAGE_END	All battles have ended.			
UI	lang0.pak	DST_BUDOKAI_PROGRESS_MESSAGE_FINAL_WAIT_LOSER	Upcoming: Final			
UI	lang0.pak	DST_BUDOKAI_PROGRESS_MESSAGE_FINAL_WAIT_LOSER1	Stay & Be Rewarded			
UI	lang0.pak	DST_BUDOKAI_PROGRESS_MESSAGE_MATCH_ALL_FINISHED	%s all finished			
UI	lang0.pak	DST_BUDOKAI_PROGRESS_MESSAGE_MATCH_BEFORE_10SEC	10s %s goes into the arena			
UI	lang0.pak	DST_BUDOKAI_PROGRESS_MESSAGE_MATCH_DECISION_NEXT	%s will continue			
UI	lang0.pak	DST_BUDOKAI_PROGRESS_MESSAGE_MATCH_END	%s - %s Battle ended			
UI	lang0.pak	DST_BUDOKAI_PROGRESS_MESSAGE_MATCH_LOSER	%s has Lost			
UI	lang0.pak	DST_BUDOKAI_PROGRESS_MESSAGE_MATCH_WINNER	%s has Won			
UI	lang0.pak	DST_BUDOKAI_PROGRESS_MESSAGE_MINOR	Qualifier			
UI	lang0.pak	DST_BUDOKAI_PROGRESS_MESSAGE_MINORMATCH_BEFORE_1MIN	Tournament starts soon			
UI	lang0.pak	DST_BUDOKAI_PROGRESS_MESSAGE_MINORMATCH_BEFORE_1MIN2	Registration close soon			
UI	lang0.pak	DST_BUDOKAI_PROGRESS_MESSAGE_MINORMATCH_ENTERING	Enter the Tournament			
UI	lang0.pak	DST_BUDOKAI_PROGRESS_MESSAGE_MINORMATCH_ENTERING2	Please Join			
UI	lang0.pak	DST_BUDOKAI_PROGRESS_MESSAGE_RECEIVE_NEWS	Budokai Announcement			
UI	lang0.pak	DST_BUDOKAI_PROGRESS_MESSAGE_SEMI_FINAL_RUNNING	Semi Final On-Going			
UI	lang0.pak	DST_BUDOKAI_PROGRESS_MESSAGE_SF	Semi-final			
UI	lang0.pak	DST_BUDOKAI_PROGRESS_MESSAGE_START	The Tournament is about to Start!			
UI	lang0.pak	DST_BUDOKAI_REGISTER_INFO_TITLE	Registration period			
UI	lang0.pak	DST_BUDOKAI_REQUEST_FINAL	Final			
UI	lang0.pak	DST_BUDOKAI_REQUEST_MAJOR	Qualification			
UI	lang0.pak	DST_BUDOKAI_REQUEST_MINOR	Preliminary			
UI	lang0.pak	DST_BUDOKAI_REQUEST_TITLE	Application			
UI	lang0.pak	DST_BUDOKAI_REQ_BUTTON_ACCEPT	yes			
UI	lang0.pak	DST_BUDOKAI_REQ_BUTTON_CANCEL	Cancel			
UI	lang0.pak	DST_BUDOKAI_RESULT_MESSAGE	"[font size=""14""color=""000000""]That was a great battle![br][br]You'll be moved out soon!"			
UI	lang0.pak	DST_BUDOKAI_RESULT_MESSAGE_FINAL	"[font size=""14""color=""000000""]What's this? Ladies and gentlemen we finally have a winner![br][br]That was amazing, congratulations!"			
UI	lang0.pak	DST_BUDOKAI_RESULT_MESSAGE_SEMIFINAL_1	"[font size=""14""color=""000000""]What an amazing fight![br][br]It was worth seeing!"			
UI	lang0.pak	DST_BUDOKAI_RESULT_MESSAGE_SEMIFINAL_2	"[font size=""14""color=""000000""]Next fight will start soon.[br][br]I wish you good luck and hope you win!"			
UI	lang0.pak	DST_BUDOKAI_RESULT_POINT_WINNER_GUIDE	%s team member %s must decide %d : %d.			
UI	lang0.pak	DST_BUDOKAI_SIDEICON_TITLE	Tenkaichi Budokai			
UI	lang0.pak	DST_FFA_ARENA_SIDEICON_TITLE	PvP Arena (FFA)			
UI	lang0.pak	DST_FFA_ARENA_NOTIFY_OPEN	Event window open. Registered: %d. Use Register in the side panel.			
UI	lang0.pak	DST_FFA_ARENA_NOTIFY_READY	%d players registered. Teleport starts when the match begins.			
UI	lang0.pak	DST_FFA_ARENA_NOTIFY_COMBAT	FFA combat in progress. Fighters in arena: %d.			
UI	lang0.pak	DST_FFA_ARENA_HELP_BODY	"[font color=""FFFFFF""]Free-for-all PvP arena event.[br][br]• Open this panel and tap Register during the event window.[br]• With 2+ players you are teleported automatically.[br]• Fight until the event ends.[br][br]Ask city NPCs for schedule info.[/font]"			
UI	lang0.pak	DST_FFA_ARENA_REGISTER_BTN	Register			
UI	lang0.pak	DST_FFA_ARENA_REGISTER_ALREADY	You are already registered for this event.			
UI	lang0.pak	DST_FFA_ARENA_REGISTER_NOT_ACTIVE	The event is not open.			
UI	lang0.pak	DST_FFA_ARENA_REGISTER_NOT_READY	The arena is not configured on this server.			
UI	lang0.pak	DST_FFA_ARENA_REGISTER_FAIL	Registration failed.			
UI	lang0.pak	DST_FFA_ARENA_RANK_HEADER	Player Kills			
UI	lang0.pak	DST_FFA_ARENA_RANK_EMPTY	No registered players yet.			
UI	lang0.pak	DST_FFA_ARENA_RANK_CLOSE	Close			
UI	lang0.pak	DST_BUDOKAI_SUCCESS_APPLICATION	%s Application completed.			
UI	lang0.pak	DST_BUDOKAI_SUCCESS_GUIDE	%s's Number : 			
UI	lang0.pak	DST_BUDOKAI_SUCCESS_MEMBER	Team			
UI	lang0.pak	DST_BUDOKAI_TEAMINFO_CLASS	Class			
UI	lang0.pak	DST_BUDOKAI_TEAMINFO_DOJO_RECOMMAND	Leader			
UI	lang0.pak	DST_BUDOKAI_TEAMINFO_GUILD_NAME	Guild			
UI	lang0.pak	DST_BUDOKAI_TEAMINFO_LEVEL	Level			
UI	lang0.pak	DST_BUDOKAI_TEAMINFO_LEVEL_CLASS	Lv.%u %s			
UI	lang0.pak	DST_BUDOKAI_TEAMINFO_LEVEL_VALUE	Lv.%u			
UI	lang0.pak	DST_BUDOKAI_TEAMINFO_MATCH_NAME_COMMON	%d Elimination Round %u			
UI	lang0.pak	DST_BUDOKAI_TEAMINFO_MATCH_NAME_FINAL	Finals			
UI	lang0.pak	DST_BUDOKAI_TEAMINFO_MATCH_NAME_SEMIFINAL	Semi Final %u			
UI	lang0.pak	DST_BUDOKAI_TEAMINFO_NOT_IN_GUILD	Not in a Guild			
UI	lang0.pak	DST_BUDOKAI_TEAMINFO_PRIVATE_RECORD	Battle Ranked			
UI	lang0.pak	DST_BUDOKAI_TEAMINFO_RANKING_POINT	World Ranking Points			
UI	lang0.pak	DST_BUDOKAI_TEAMINFO_RECORD	Ranked Battle			
UI	lang0.pak	DST_BUDOKAI_TEAMINFO_RECORD_DATA	%u I %u W %u L			
UI	lang0.pak	DST_BUDOKAI_TEAMINFO_TITLE	Match Info			
UI	lang0.pak	DST_BUDOKAI_TEAM_LEAVE_NOTIFY	The leader cancelled the registration.			
UI	lang0.pak	DST_BUDOKAI_TEAM_MEMBER_LEAVE_NOTIFY	%s Request to cancel.			
UI	lang0.pak	DST_BUDOKAI_TEAM_REQ_CANCEL	"[align = ""center""][font size=""12""color=""f4d762""]Team Registration Cancel[/font][br][br][font size=""10""color=""f36a7c""]Are you sure to Cancel?[/font]"			
UI	lang0.pak	DST_BUDOKAI_TEAM_REQ_TEAMLEVEL	Level %d			
UI	lang0.pak	DST_BUDOKAI_TEAM_REQ_TEAMNAME	Name : 			
UI	lang0.pak	DST_BUDOKAI_TELEPORT_MSG_MATCH	%s Stadium			
UI	lang0.pak	DST_BUDOKAI_TELEPORT_MSG_TBSERVER	Mudosa			
UI	lang0.pak	DST_BUDOKAI_TICKET_TITLE	Ticket			
UI	lang0.pak	DST_BUDOKAI_TIME_DAY	%d day			
UI	lang0.pak	DST_BUDOKAI_TIME_HOUR	%d hour			
UI	lang0.pak	DST_BUDOKAI_TIME_MINUTE	%d minute			
UI	lang0.pak	DST_BUDOKAI_TIME_SECOND	%d second			
UI	lang0.pak	DST_BUDOKAI_TOURNAMENT_A_GROUP	Group A			
UI	lang0.pak	DST_BUDOKAI_TOURNAMENT_B_GROUP	Group B			
UI	lang0.pak	DST_BUDOKAI_TOURNAMENT_FINAL	Final			
UI	lang0.pak	DST_BUDOKAI_TOURNAMENT_INFO_1	Qualifiers will continue.			
UI	lang0.pak	DST_BUDOKAI_TYPE_ADULT_TITLE	Senior			
UI	lang0.pak	DST_BUDOKAI_TYPE_CHILD_TITLE	Kid			
UI	lang0.pak	DST_BUFF_ACTIVATE_BUFF_MSG	%s Buff Activated			
UI	lang0.pak	DST_BUFF_CAN_NOT_DELETE_SUB_BUFF_MSG	Can't Remove Buff			
UI	lang0.pak	DST_BUFF_CAN_NOT_DROP_TEXT	Can't Remove			
UI	lang0.pak	DST_BUFF_DEACTIVATE_BUFF_MSG	Buff: %s Disabled			
UI	lang0.pak	DST_BUFF_DROP_TEXT	Click icon to disable/enable or remove buff			
UI	lang0.pak	DST_BUFF_MB_DELETE_SUB_BUFF_MSG	"[align = ""center""][font size=""12""color=""f4d762""]Buff Removal[/font][br][br][font size=""10""color=""269eff""]Remove Buff: %s ?[/font][br][br][font size=""10""color=""f4d762""]INFO: Autopots can't be removed but you can [br]disable/enable them.[/font]"			
UI	lang0.pak	DST_BUFF_REMAIN_TIME	Cooldown : %s			
UI	lang0.pak	DST_BUFF_RESTRICTION	Buff Restriction			
UI	lang0.pak	DST_BURN_DEFENCE	Burn Def.			
UI	lang0.pak	DST_BUS_ASK_GET_OFF	"[align = ""center""][font size=""12""color=""f4d762""]Stopping Bus[/font] [br][br][font size=""10""color=""269eff""]Get off before reaching the next stop.[/font][br][br][font size=""10""color=""ffffff""]Get off the Bus?[/font]"			
UI	lang0.pak	DST_BUS_ASK_GET_ON	Ride Bus?			
UI	lang0.pak	DST_BUS_SUCCESS_GET_ON	Paid %u			
UI	lang0.pak	DST_CAN_NOT_ALTAR	Can't use Shenron's altar			
UI	lang0.pak	DST_CAN_NOT_OPEN_MORE_REGULAR_DIALOG	Too many windows open			
UI	lang0.pak	DST_CASH	Cash			
UI	lang0.pak	DST_CASH_ITEM	Cash Items			
UI	lang0.pak	DST_CAUTION_SIDEICON_TITLE	Warning Messages			
UI	lang0.pak	DST_CCBD	CC Dungeon			
UI	lang0.pak	DST_CCBD_AGREE_CANCEL_ENTER	Cancel			
UI	lang0.pak	DST_CCBD_AGREE_CHALLENGE_STAGE	Floor : %d			
UI	lang0.pak	DST_CCBD_AGREE_CHAR_NAME	Name			
UI	lang0.pak	DST_CCBD_AGREE_ENTER	Enter			
UI	lang0.pak	DST_CCBD_AGREE_READY	Ready			
UI	lang0.pak	DST_CCBD_AGREE_STAND_BY	Wait			
UI	lang0.pak	DST_CCBD_AGREE_STATE	Status			
UI	lang0.pak	DST_CCBD_AGREE_TITLE	Enter			
UI	lang0.pak	DST_CCBD_BOARD_CHALLEGNE	Challenge Settings			
UI	lang0.pak	DST_CCBD_BOARD_EXPLAIN	"[font size = ""7""]Participants who enter CC Battle Dungeon will fight enemies on each floor.[br]Each floor's difficulty is different. Every 5th floor will be a boss floor, and once boss is defeated you have the option to take reward and leave or carry on.[/font][br][font size = ""8"" color = ""f36a7c""]Recommended Level: 50[/font][br][font size = ""8"" color = ""ffff68""]Higher floors give better rewards![/font]"			
UI	lang0.pak	DST_CCBD_BOARD_SETUP	Setup			
UI	lang0.pak	DST_CCBD_BOARD_SETUP_COMPLETE	Complete			
UI	lang0.pak	DST_CCBD_BOARD_YOU_CAN_ENTER_CCBD	Floor %d can be entered			
UI	lang0.pak	DST_CCBD_CANCEL_TOOLIP	Use the menu on the left to leave party.			
UI	lang0.pak	DST_CCBD_LEAVE_CCBD	"[align = ""center""][font size = ""12"" color=""f4d762""]Leave CCBD Dungeon[/font][br][br][font size = ""9"" color=""84cefc""]Current Floor: %d.[/font][br][br][font size = ""10"" color=""f36a7c""]You'll lose all progress[br]and will be moved to the entrance.[/font][br][br][font size = ""9"" color=""f36a7c""]Leave CCBD?[/font][br][br]"			
UI	lang0.pak	DST_CCBD_REWARD_EXPLAIN	"[font size = ""10"" color=""f4d762""]Dungeon Choice Rules[br][/font][font size = ""9"" color=""84cefc""]Reward: [/font][font size = ""9"" color=""ffffff""]Receive item, but leave dungeon.[br][/font][font size = ""9"" color=""84cefc""]Challenge: [/font][font size = ""9"" color=""ffffff""]Continue, but no item yet.[/font]"			
UI	lang0.pak	DST_CCBD_REWARD_EXPLAIN2	Choose one.			
UI	lang0.pak	DST_CCBD_REWARD_ITEM	CCBD Awards			
UI	lang0.pak	DST_CCBD_REWARD_LAST_EXPLAIN	"[font size = ""12"" color=""f4d762""]Dungeon Complete![br][br][/font][font size = ""9"" color=""ffffff""]You have complete the dungeon.[/font][br][br][font size = ""9"" color=""f36a7c""]You will get a reward and[br]will be moved to the entrance.[/font]"			
UI	lang0.pak	DST_CCBD_REWARD_LAST_LEVEL	Dungeon battle success			
UI	lang0.pak	DST_CCBD_REWARD_LEVEL	Floor %d complete			
UI	lang0.pak	DST_CCBD_REWARD_MEMBER_SELECT_CHALLENGE_NEXT	"[align = ""center""][font size = ""12"" color=""f4d762""]Challenge[/font][br][br][font size = ""9"" color=""f36a7c""]Continue to next floor for better reward?[/font]"			
UI	lang0.pak	DST_CCBD_REWARD_MEMBER_SELECT_REWARD	"[align = ""center""][font size = ""12"" color=""f4d762""]Reward[/font][br][br][font size = ""9"" color=""f36a7c""]Accept the following item?[br]You'll leave the dungeon.[/font]"			
UI	lang0.pak	DST_CCBD_REWARD_MEMBER_SELECT_REWARD_LAST_STAGE	Congrats! Dungeon Complete			
UI	lang0.pak	DST_CCBD_REWARD_SELECT_CHALLENGE	Challenge			
UI	lang0.pak	DST_CCBD_REWARD_SELECT_MOVE	Move			
UI	lang0.pak	DST_CCBD_REWARD_SELECT_REWARD	Reward			
UI	lang0.pak	DST_CCBD_REWARD_STATE_CHALLENGE_NEXT	Challenge			
UI	lang0.pak	DST_CCBD_REWARD_STATE_SELECTED_REWARD	Reward			
UI	lang0.pak	DST_CCBD_REWARD_STATE_SELECTING	Choosing...			
UI	lang0.pak	DST_CCBD_REWARD_TITLE	Selection			
UI	lang0.pak	DST_CCBD_REWARD_TITLE_LAST	Reward			
UI	lang0.pak	DST_CCBD_STATUS_DISABLE_CHARGE_LPEP	LP/EP recovery disabled			
UI	lang0.pak	DST_CCBD_STATUS_DISABLE_GET_EXP	EXP gains disabled			
UI	lang0.pak	DST_CCBD_STATUS_DISABLE_ITEM	Consumables disabled			
UI	lang0.pak	DST_CCBD_WAIT_AFTER_REWARD	Please Wait.			
UI	lang0.pak	DST_CHANGE_ITEMBATTLEATTR_BTN_CANCEL_TOOLTIP	Return to element selection without spending Zeni.			
UI	lang0.pak	DST_CHANGE_ITEMBATTLEATTR_BTN_OK_TOOLTIP	Confirm and apply the selected element to your item.			
UI	lang0.pak	DST_CHANGE_ITEMBATTLEATTR_ONE_MSG	"[align = ""center""][font size = ""12"" color=""f4d762""]Change Item PROP[/font][br][br][font size = ""10"" color=""ffffff""]Selected Element: %s[br]Price: %s Zeni[br]Success Rate: %d%%[br][br]On success, %s PROP is applied.[br]On failure, PROP is cleared.[br]No sacrifice item is required.[/font]"			
UI	lang0.pak	DST_CHANGE_ITEMBATTLEATTR_TWO_MSG	"[align = ""center""][font size = ""12"" color=""f4d762""]Change Item PROP[/font][br][br][font size = ""10"" color=""ffffff""]Selected Element: %s[br]Price: %s Zeni[br]Success Rate: %d%%[br][br]On success, %s PROP is applied.[br]On failure, PROP is cleared.[/font]"			
UI	lang0.pak	DST_ITEMBATTLEATTR_INFO_ELEMENT_CLICK	Click to select this element for your item.			
UI	lang0.pak	DST_ITEMBATTLEATTR_INFO_ELEMENT_FAIL	If it fails, the item PROP is cleared.			
UI	lang0.pak	DST_ITEMBATTLEATTR_INFO_ELEMENT_TITLE	Element Slot			
UI	lang0.pak	DST_ITEMBATTLEATTR_INFO_ITEM_SLOT	Insert gloves or jacket here.			
UI	lang0.pak	DST_ITEMBATTLEATTR_MSG_READY	"[font size = ""10"" color = ""ffffff""]Item ready.[br]Selected element: %s[br]Press Change Attributes to confirm.[/font]"			
UI	lang0.pak	DST_ITEMBATTLEATTR_MSG_SELECT_ELEMENT	"[font size = ""10"" color = ""ffffff""]Item inserted.[br]Click an element slot to choose the PROP you want.[br]No sacrifice item required.[/font]"			
UI	lang0.pak	DST_ITEMBATTLEATTR_NOTIFY_SELECT_ELEMENT	Select an element before continuing.			
UI	lang0.pak	DST_ITEMBATTLEATTR_VIP_REMOTE_ONLY	VIP members can open Change Attributes remotely from the status bar.			
UI	lang0.pak	DST_VIP_REMOTE_HUB_TITLE	VIP Remote Services			
UI	lang0.pak	DST_VIP_REMOTE_EVENT_REWARD	Event Reward			
UI	lang0.pak	DST_VIP_REMOTE_HUB_OPEN_FAIL	Could not open VIP menu. Rebuild the client and ensure vipremotehubgui.frm is in the gui folder.			
UI	lang0.pak	DST_CHARACTER_FAIL_BY_BUDOKAI	Can't join Budokai.			
UI	lang0.pak	DST_CHARACTER_FAIL_BY_GUILD	Can't Sign			
UI	lang0.pak	DST_CHARACTER_NAME_RULE	2-8 Characters			
UI	lang0.pak	DST_CHARM_COOLTIME	Cooldown Reduced by %d%%			
UI	lang0.pak	DST_CHARM_DROPRATE	Increase Drop Rate by %d%%			
UI	lang0.pak	DST_CHARM_EXP	obtain %d%% extra XP			
UI	lang0.pak	DST_CHARM_RP_SHARING	Share %d RP			
UI	lang0.pak	DST_CHARTITLE_ADD	Title %s acquired.			
UI	lang0.pak	DST_CHARTITLE_INVALID	Not Obtained			
UI	lang0.pak	DST_CHARTITLE_NOSELECT	No Title			
UI	lang0.pak	DST_CHARTITLE_NOT_SELECTED	Not Obtained			
UI	lang0.pak	DST_CHARTITLE_PROVIDE	Title Effect			
UI	lang0.pak	DST_CHAR_CAN_CHANGE_CLASS	Need Master Class			
UI	lang0.pak	DST_CHAR_GROWN_DOWN	You are a kid!			
UI	lang0.pak	DST_CHAR_GROWN_UP	You are an adult!			
UI	lang0.pak	DST_CHAR_SERVER_CONNECT_FAIL	"[align = ""center""][font size = ""12"" color=""f4d762""]Connection Failed[/font][br][br][font size = ""10"" color=""f36a7c""]Failed to connect to[br]Character Server.[/font][br][br][font size = ""10"" color=""ffffff""]Please try again later.[/font]"			
UI	lang0.pak	DST_CHAR_SERVER_EXIT	"[align = ""center""][font size = ""12"" color=""f4d762""]Log Out[/font][br][br][font size = ""10"" color=""269eff""]Returning to the Lobby.[/font][br][br][font size = ""10"" color=""ffffff""]Do you wish to Log Out?[/font]"			
UI	lang0.pak	DST_CHAR_TITLE	Title			
UI	lang0.pak	DST_CHAT_CAN_SEND_WHISPER_TO_ME	Can't whisper yourself.			
UI	lang0.pak	DST_CHAT_COMMAND	Command: %s			
UI	lang0.pak	DST_CHAT_DISP_COMMAND_FIRST	Top			
UI	lang0.pak	DST_CHAT_DISP_COMMAND_LAST	Last			
UI	lang0.pak	DST_CHAT_DISP_COMMAND_LOCK	Lock			
UI	lang0.pak	DST_CHAT_DISP_COMMAND_NEXT	Down			
UI	lang0.pak	DST_CHAT_DISP_COMMAND_UNLOCK	Unlock			
UI	lang0.pak	DST_CHAT_FAIL_TO_NO_GUILD	Not in a Guild			
UI	lang0.pak	DST_CHAT_FAIL_TO_NO_PARTY	Not in a Party			
UI	lang0.pak	DST_CHAT_FAIL_TO_USE_WHISPER	To whisper enter [/w ID].			
UI	lang0.pak	DST_CHAT_FAIL_TO_WHISPER_NO_TARGET	%s isn't Online			
UI	lang0.pak	DST_CHAT_FILTER	Menu			
UI	lang0.pak	DST_CHAT_HAVE_NO_USER_TO_REPLY	No User to Reply			
UI	lang0.pak	DST_CHAT_HELP_TEXT	[/w ID] : whisper\n[/p] : Party Dialog\n[/g] : Style Dialog\n[/s] : cry\n[/r] : To reply to last whisper			
UI	lang0.pak	DST_CHAT_IME_KOR	end			
UI	lang0.pak	DST_CHAT_MODE_COMMENT	Reply			
UI	lang0.pak	DST_CHAT_MODE_FIND_PARTY	LFP			
UI	lang0.pak	DST_CHAT_MODE_FIND_PARTY_EXTEND	LFG: %s			
UI	lang0.pak	DST_CHAT_MODE_GENERAL	All			
UI	lang0.pak	DST_CHAT_MODE_GUILD	Guild			
UI	lang0.pak	DST_CHAT_MODE_GUILD_MASTER	Guild Master			
UI	lang0.pak	DST_CHAT_MODE_PARTY	Party			
UI	lang0.pak	DST_CHAT_MODE_PARTY_MASTER	Party Master			
UI	lang0.pak	DST_CHAT_MODE_SHOUT	Shout			
UI	lang0.pak	DST_CHAT_MODE_SYSTEM	System			
UI	lang0.pak	DST_CHAT_MODE_TRADE	Trade			
UI	lang0.pak	DST_CHAT_MODE_TRADE_EXTEND	Trade: %s			
UI	lang0.pak	DST_CHAT_MODE_TYPE	%s: 			
UI	lang0.pak	DST_CHAT_MODE_WHISPER	Whisper			
UI	lang0.pak	DST_CHAT_OPTION_GUI_TITLE	Chat mode			
UI	lang0.pak	DST_CHAT_SERVER_CONNECT_FAIL	"[align = ""center""]Connection Failed[br][br]Failed to connect to a chat server.[br][br]try again later."			
UI	lang0.pak	DST_CHAT_SERVER_DISCONNECT	Chat disconnected.			
UI	lang0.pak	DST_CHAT_SERVER_RECONNECT	Chat connected.			
UI	lang0.pak	DST_CHAT_SERVER_TITLE	Chat Server Notification			
UI	lang0.pak	DST_CHAT_SHORT_CUT_COMMAND	Help			
UI	lang0.pak	DST_CHAT_SHORT_CUT_INVITE_PARTY	/invite 			
UI	lang0.pak	DST_CHAT_TOO_FAST_INPUT_MESSAGE	Don't Spam			
UI	lang0.pak	DST_CHAT_TOO_FAST_INPUT_MESSAGE_ON_SHOUT	Don't Spam the Shout			
UI	lang0.pak	DST_CHAT_TOO_FAST_INPUT_MESSAGE_ON_TIME_CHECK	Chatting Too Fast			
UI	lang0.pak	DST_CHAT_TYPE_GENERAL	[%s] %s: %s			
UI	lang0.pak	DST_CHAT_TYPE_WHISPER_AVATER	[%s] From '%s': %s			
UI	lang0.pak	DST_CHAT_TYPE_WHISPER_TARGET	[%s] To '%s': %s			
UI	lang0.pak	DST_CHAT_WHISPER	%s %s: 			
UI	lang0.pak	DST_CHECKING_COMMUNITY_SERVER	"[align = ""center""]Community Server[br][br]Dragon Ball Online Community Server[br]is being checked[br][br]You can access the game later."			
UI	lang0.pak	DST_CHECKING_GAME_SERVER	"[align = ""center""]Game Check[br][br]Dragon Ball Online is Offline.[br][br]You can access the game later."			
UI	lang0.pak	DST_CINEMATIC_EXPLAIN_ESCKEY	Hit ESC to skip			
UI	lang0.pak	DST_CINEMATIC_USER_CANCLE	%s skipped the movie.			
UI	lang0.pak	DST_CITYMAP_DEADMINE	HoiPoi Mine			
UI	lang0.pak	DST_CITYMAP_DRAGON	Dragon Cave			
UI	lang0.pak	DST_CITYMAP_FEARLAND	Fearland			
UI	lang0.pak	DST_CITYMAP_HEADOFFICE	Red Pants HQ			
UI	lang0.pak	DST_CITYMAP_RUIN	Red Ribbon HQ			
UI	lang0.pak	DST_CITYMAP_WATERFALL	Aria Waterfall Cave			
UI	lang0.pak	DST_CITYMAP_WATERWAY	Underground Waterway			
UI	lang0.pak	DST_CITYMAP_WESTCITY	West City			
UI	lang0.pak	DST_CITYMAP_YAHOI	Yahoi Fortress			
UI	lang0.pak	DST_CLAW	Claws			
UI	lang0.pak	DST_CLIENT_DATA_IS_CRACK	"[align = ""center""]Error[br][br]Client error, Re-run the Launcher.[br][br]Sorry! (Disconnecting)"			
UI	lang0.pak	DST_CLUB	Club			
UI	lang0.pak	DST_COIN	Coins			
UI	lang0.pak	DST_COMMERCIAL_BUDOKAI	#%d Tournament Winner: %s %s %s %s.			
UI	lang0.pak	DST_COMMERCIAL_CANT_EXTEND_TERM_LIMETED_ITEM	Can't Extend			
UI	lang0.pak	DST_COMMERCIAL_DAILY_TMQRECORD	New TMQ Daily Record: %s TMQ %s mode %s by %s.			
UI	lang0.pak	DST_COMMERCIAL_GUILD_NAME_CHANGE_MSG	"[align = ""center""][font size = ""12"" color=""f4d762""]Guild Rename[/font][br][br][font size = ""10"" color=""269eff""]You're renaming the Guild.[/font][br][br][size = ""10"" color=""f36a7c""]Renaming takes[br]%s 1day.[/font][br][br][font size = ""10"" color=""ffffff""]Rename the Guild?[/font]"			
UI	lang0.pak	DST_COMMERCIAL_HAVE_NOT_CRESCENT_POPO	Missing Popo Stone.			
UI	lang0.pak	DST_COMMERCIAL_HAVE_NOT_GUILD_NAME_CHANGE	Guild Name Not Changed			
UI	lang0.pak	DST_COMMERCIAL_ITEMMIX	%s created a %s.			
UI	lang0.pak	DST_COMMERCIAL_ITEMUPGRADE	%s upgraded %s to + %d.			
UI	lang0.pak	DST_COMMERCIAL_MB_CAPSULEKIT_BUY_BTN	Buy			
UI	lang0.pak	DST_COMMERCIAL_MB_CAPSULEKIT_ITEM_SELECT	"[align = ""center""][font size = ""12"" color=""f4d762""]Move Item[/font][br][br][font size = ""10"" color=""269eff""]You can move the item or[br]increase durability.[/font][br][br][font size = ""10"" color=""f36a7c""]To increase durability you need[br]the same item in your inventory.[/font][br][br][font size = ""10"" color=""ffffff""]You want increase the durability?[/font]"			
UI	lang0.pak	DST_COMMERCIAL_MB_CAPSULEKIT_ITEM_TERM_EXTENTION	"[align = ""center""][font size = ""12"" color=""f4d762""]Buy Item[/font][br][br][font size = ""10"" color=""269eff""]You can buy the item or[br]increase durability.[/font][br][br][font size = ""10"" color=""f36a7c""]To increase durability you need[br]the same item in your inventory.[/font][br][br][font size = ""10"" color=""ffffff""]You want increase the durability?[/font]"			
UI	lang0.pak	DST_COMMERCIAL_MB_CAPSULEKIT_ITEM_TERM_EXTENTION_BTN	Renewal			
UI	lang0.pak	DST_COMMERCIAL_MB_CAPSULEKIT_MOVE_BTN	Move			
UI	lang0.pak	DST_COMMERCIAL_MB_CAPSULEKIT_TERM_EXTENTION_BTN	Renewal			
UI	lang0.pak	DST_COMMERCIAL_MB_DELETE_TERM_LIMETED_ITEM_BTN	Discard			
UI	lang0.pak	DST_COMMERCIAL_MB_DELETE_TERM_LIMETED_ITEM_MSG	"[align = ""center""][font size = ""12"" color=""f4d762""]Discard item[/font][br][br][font size = ""10"" color=""f36a7c""]%s[br]This item period expires.[br]Are you sure you want discard it,[br]without extending the period?[/font][br][br][font size = ""10"" color=""269eff""]Renewal is possible without discard.[/font][br][br][font size = ""10"" color=""ffffff""]Do you really want to discard?[/font]"			
UI	lang0.pak	DST_COMMERCIAL_MB_DIRECT_BUY_MSG	"[align = ""center""][font size = ""12"" color=""f4d762""]Quick Buy item[/font][br][br][font size = ""10"" color=""269eff""]You can purchase the item right away.[/font][br][br][font size = ""10"" color=""f4d762""]If the same kind of item is already[br]in your inventory the durability got[br]renewed.[/font][br][br][font size = ""10"" color=""f36a7c""]Item: %s[br]Cost Zeni: %d[/font][br][br][font size = ""10"" color=""ffffff""]Do you want to buy it?[/font]"			
UI	lang0.pak	DST_COMMERCIAL_MB_DIRECT_BUY_NETPY_MSG	"[align = ""center""][font size = ""12"" color=""f4d762""]Quick Buy item[/font][br][br][font size = ""10"" color=""269eff""]You can purchase the item right away.[/font][br][br][font size = ""10"" color=""f4d762""]If the same kind of item is already[br]in your inventory the durability got[br]renewed.[/font][br][br][font size = ""10"" color=""f36a7c""]Item: %s[br]Cost Tokken: %d[/font][br][br][font size = ""10"" color=""ffffff""]Do you want to buy it?[/font]"			
UI	lang0.pak	DST_COMMERCIAL_MB_ITEM_BUY_CONFIRM_MSG	"[align = ""center""][font size = ""12"" color=""f4d762""]Mobile item[/font][br][br][font size = ""10"" color=""269eff""]The item will got in your inventory.[/font][br][br][font size = ""10"" color=""f36a7c""]If the same kind of item is already[br]in your inventory the durability got[br]renewed.[/font][br][br][font size = ""10"" color=""ffffff""]Are you sure to buy the item?[/font]"			
UI	lang0.pak	DST_COMMERCIAL_MB_ITEM_BUY_MSG	"[align = ""center""]Do you want to buy this item?"			
UI	lang0.pak	DST_COMMERCIAL_MB_ITEM_MOVE_CONFIRM_MSG	"[align = ""center""][font size = ""12"" color=""f4d762""]Confirm Move[/font][br][br][font size = ""10"" color=""269eff""]The selected items will be moved to the inventory.[/font][br][br][font size = ""10"" color=""ffffff""]Move your items?[/font]"			
UI	lang0.pak	DST_COMMERCIAL_MB_ITEM_TAKE_CONFIRM_MSG	"[align = ""center""][font size = ""12"" color=""f4d762""]Moving items[/font][br][br][font size = ""10"" color=""269eff""]Move the selected item to the capsule kit.[/font][br][br][font size = ""10"" color=""f36a7c""]When moved into the capsule kit[br]and the same item already exists[br]the durability get increased.[/font][br][br][font size = ""10"" color=""ffffff""]Are you sure you want to move an item?[/font]"			
UI	lang0.pak	DST_COMMERCIAL_MB_ITEM_TERM_EXTENTION_BTN	Renewal			
UI	lang0.pak	DST_COMMERCIAL_MB_QUICK_TELEPORT_SLOT_DELETE	"[align = ""center""][font size=""12""color=""f4d762""]Teleport[/font][br][br][font size=""10""color=""ffffff""]Delete this Slot?[/font]"			
UI	lang0.pak	DST_COMMERCIAL_MB_QUICK_TELEPORT_SLOT_MOVE	"[align = ""center""][font size=""12""color=""f4d762""]Teleport[/font][br][br][font size=""10""color=""ffffff""]Teleport to saved location?[/font]"			
UI	lang0.pak	DST_COMMERCIAL_MB_QUICK_TELEPORT_SLOT_OVERWRITE	"[align = ""center""][font size=""12""color=""f4d762""]Teleport[/font][br][br][font size=""10""color=""ffffff""]Overwrite this Slot?[/font]"			
UI	lang0.pak	DST_COMMERCIAL_MB_QUICK_TELEPORT_SLOT_WRITE	"[align = ""center""][font size=""12""color=""f4d762""]Teleport[/font][br][br][font size=""10""color=""ffffff""]Save location to slot?[/font]"			
UI	lang0.pak	DST_COMMERCIAL_MB_TERM_EXTENTION	"[align = ""center""][font size = ""12"" color=""f4d762""]Item Expiration[/font][br][br][font size = ""10"" color=""269eff""]The item's time limit has expired.[/font][/font][br][br][font size = ""10"" color=""ffffff""]Pay to extend it's use?[/font]"			
UI	lang0.pak	DST_COMMERCIAL_MB_TERM_EXTENTION_BTN	Renewal			
UI	lang0.pak	DST_COMMERCIAL_MB_TERM_OR_BUY_SELECT_CONFIRM_BTN	Renewal			
UI	lang0.pak	DST_COMMERCIAL_MB_TERM_OR_BUY_SELECT_CONFIRM_MSG	"[align = ""center""][font size = ""12"" color=""f4d762""]Renew Item[/font][br][br][font size = ""10"" color=""ffffff""]Renew the item?[/font]"			
UI	lang0.pak	DST_COMMERCIAL_MB_UPDATE_TERM_LIMETED_ITEM_BTN	Renew			
UI	lang0.pak	DST_COMMERCIAL_MB_UPDATE_TERM_LIMETED_ITEM_MSG	"[align = ""center""][font size = ""12"" color=""f4d762""]Renew Item[/font][br][br][font size = ""10"" color=""269eff""]You can extend the duration of the item.[/font][br][br][font size = ""10"" color=""f4d762""]Period of %s has expired.[br]It can be extended.[/font][br][br][font size = ""10"" color=""ffffff""]Purchase the extension now?[/font]"			
UI	lang0.pak	DST_COMMERCIAL_MB_USE_TERM_LIMETED_ITEM_MSG	"[align = ""center""][font size = ""12"" color=""f4d762""]Renew Item[/font][br][br][font size = ""10"" color=""269eff""]You can extend the duration of the item.[/font][br][br][font size = ""10"" color=""f4d762""]Period of %s has expired.[br]It can be extended.[/font][br][br][font size = ""10"" color=""ffffff""]Purchase the extension now?[/font]"			
UI	lang0.pak	DST_COMMERCIAL_NO_EXIST_TERM_LIMETED_ITEM	Can't extend			
UI	lang0.pak	DST_COMMERCIAL_REFILL_CASH	Charge			
UI	lang0.pak	DST_COMMERCIAL_SKILL_POINT_RESET_MSG	"[align = ""center""]SP Reset[br][br]All Skills will be Reset[br][br]Use Item: %s [br]SP Saved: %u[br]Refund: 120,000 Zeni [br][br]Learn skill[br]Refund Zeni for all that you relearn[br]No SP needed for Reset.[br][br]Reset SP[br]"			
UI	lang0.pak	DST_COMMERCIAL_SKILL_POINT_RESET_PLUS_MSG	"[align = ""center""][font size = ""12"" color=""f4d762""]SP Reset[/font][br][br][font size = ""10"" color=""269eff""]All Skills will reset.[/font][br][br][font size = ""10"" color=""f36a7c""]Item used: %s[/font][br][font size = ""10"" color=""f4d762""]Saved SP: %u[/font][br][br][font size = ""10"" color=""f36a7c""]Skills without SP don't reset.[/font][br][br][font size = ""10"" color=""ffffff""]Reset Skills now?[font][br] "			
UI	lang0.pak	DST_COMMERCIAL_TERM_LIMETED_ITEM_EXPIRE	%s Expired and Use is Suspended			
UI	lang0.pak	DST_COMMERCIAL_TERM_LIMITED_ITEM_WARNING_MSG	%s is about to expire.			
UI	lang0.pak	DST_COMMERCIAL_TMQRECORD	New TMQ Record: %s TMQ %s mode %s by %s.			
UI	lang0.pak	DST_COMMERCIAL_USE_CRESCENT_POPO	Popostone Used			
UI	lang0.pak	DST_COMMERCIAL_USE_GUILD_NAME_CHANGE_ITEM	Guild Name Changed			
UI	lang0.pak	DST_COMMERCIAL_USE_SKILL_POINT_RESET_ITEM	Item used to reset SP			
UI	lang0.pak	DST_COMMERCIAL_USE_TERM_BUY_DURATION	Renewal			
UI	lang0.pak	DST_COMMERCIAL_USE_TERM_LIMETED_ITEM_ADD_TIME	Add Time			
UI	lang0.pak	DST_COMMERCIAL_USE_TERM_LIMETED_ITEM_BUY_Q1	Extend Time?			
UI	lang0.pak	DST_COMMERCIAL_USE_TERM_LIMETED_ITEM_CASH_BUY_WARN_DESC1	This item can be Extended			
UI	lang0.pak	DST_COMMERCIAL_USE_TERM_LIMETED_ITEM_CASH_EXTEND_Q	Extend the Item?			
UI	lang0.pak	DST_COMMERCIAL_USE_TERM_LIMETED_ITEM_CONSUME_CASH	CC Cash cost			
UI	lang0.pak	DST_COMMERCIAL_USE_TERM_LIMETED_ITEM_CONSUME_JENNY	Zeni Used			
UI	lang0.pak	DST_COMMERCIAL_USE_TERM_LIMETED_ITEM_CONSUME_NETPHY	Token used			
UI	lang0.pak	DST_COMMERCIAL_USE_TERM_LIMETED_ITEM_EXTEND_Q	Extend Item?			
UI	lang0.pak	DST_COMMERCIAL_USE_TERM_LIMETED_ITEM_INFO	Remaining Time %s			
UI	lang0.pak	DST_COMMERCIAL_USE_TERM_LIMETED_ITEM_INFO_BELOW_HOUR	Less Than 1 Hour			
UI	lang0.pak	DST_COMMERCIAL_USE_TERM_LIMETED_ITEM_OWNED_CASH	CC Cash owned			
UI	lang0.pak	DST_COMMERCIAL_USE_TERM_LIMETED_ITEM_OWNED_JENNY	Zeni Owned			
UI	lang0.pak	DST_COMMERCIAL_USE_TERM_LIMETED_ITEM_OWNED_NETPHY	Tokens owned			
UI	lang0.pak	DST_COMMERCIAL_USE_TERM_LIMETED_ITEM_REMIAN_TIME	Remaining time			
UI	lang0.pak	DST_COMMERCIAL_USE_TERM_LIMITED_ITEM_BUY_SELECT	Choose Item			
UI	lang0.pak	DST_COMMERCIAL_USE_TERM_LIMITED_ITEM_BUY_TITLE	Buy			
UI	lang0.pak	DST_COMMERCIAL_USE_TERM_LIMITED_ITEM_DURATION	Duration			
UI	lang0.pak	DST_COMMERCIAL_USE_TERM_LIMITED_ITEM_EXPIRED_INFO	Expired			
UI	lang0.pak	DST_COMMERCIAL_USE_TERM_LIMITED_ITEM_TITLE	Renew			
UI	lang0.pak	DST_COMMERCIAL_WAGU1ST	%s got a %s from the Wagu Machine			
UI	lang0.pak	DST_COMMON_WAREHOUSE_ADD_DURATION	Share Guild Warehouse %dday %dhour extended			
UI	lang0.pak	DST_COMMON_WAREHOUSE_EXPIRED	Guild Warehouse Expired			
UI	lang0.pak	DST_COMMON_WAREHOUSE_REMAIN_TIME	Remaining: 			
UI	lang0.pak	DST_COMMUNITY_NAME	Guild			
UI	lang0.pak	DST_COMMU_TARGET_FRIEND	Friends			
UI	lang0.pak	DST_COMMU_TARGET_GUILD	Guild			
UI	lang0.pak	DST_COMMU_TARGET_PARTY	Party			
UI	lang0.pak	DST_CONFIRM_LEAVE_CCBD_TO_DOJO_SCRAMBLE	You'll leave the dungeon and party			
UI	lang0.pak	DST_CONFIRM_LEAVE_CCBD_TO_OTHER_ONE	You'll leave the dungeon and party			
UI	lang0.pak	DST_CONNECTSHOP_TITLE	Remote Stores			
UI	lang0.pak	DST_CONNECT_MAILBOX	Mailbox Access			
UI	lang0.pak	DST_CONTRACT_ACCEPT	Accept			
UI	lang0.pak	DST_CONTRACT_NOT_ACCEPT	Reject			
UI	lang0.pak	DST_CONTRACT_PLEASE_READ	Accept			
UI	lang0.pak	DST_CONTRACT_TITLE	Game Policies			
UI	lang0.pak	DST_CONTROL_HELPWND_TITLE	See Instruction			
UI	lang0.pak	DST_COSTUME_SHOP_ITEMSWAP_BUY_CONFIRM	"[align = ""center""][font size = ""12"" color = ""f4d762""]%s[/font][br][br][font size = ""10"" color = ""ffffff""]You are going to buy [/font][font size = ""10"" color = ""f4d762""]%s x %d[/font][font size = ""10"" color = ""ffffff""]Are you sure about this?[/font][/align]"			
UI	lang0.pak	DST_COSTUME_SHOP_NEED_MORE_COSTUME_COIN	Not enough COSTUME Coin			
UI	lang0.pak	DST_COSTUME_SHOP_TITLE_NAME	Custom Store			
UI	lang0.pak	DST_DATA_LOADING	Loading			
UI	lang0.pak	DST_DAY	Day			
UI	lang0.pak	DST_DBC_ALREADY_USE_ALTAR	The altar is in use.			
UI	lang0.pak	DST_DBC_COLLECT_COMPLETE	Dragon Ball Rewards			
UI	lang0.pak	DST_DBC_DRAGONBALL_NOT_FOUND	Dragon Ball not found.			
UI	lang0.pak	DST_DBC_ITEM_BACK	Return			
UI	lang0.pak	DST_DBC_ITEM_CONFIRM	Do you want this item?			
UI	lang0.pak	DST_DBC_KEYWORD	Order			
UI	lang0.pak	DST_DBC_NOT_DRAGONBALL	Not a Dragon Ball			
UI	lang0.pak	DST_DBC_NOT_ENOUGH	Missing a Dragon Ball			
UI	lang0.pak	DST_DBC_NOT_KEYWORD	Enter Text to Summon Shenron			
UI	lang0.pak	DST_DBC_NOT_SAME	Check Dragon Ball			
UI	lang0.pak	DST_DBC_NOT_SAME_NUMBER	Double Number			
UI	lang0.pak	DST_DBC_NO_SEASON	Dragon Ball Collection Period isn't in progress			
UI	lang0.pak	DST_DBC_REWARD_COMMENT	All Dragon Balls collected, make a wish.			
UI	lang0.pak	DST_DBC_SCRAMBLE_CANNOT_REWARD_SEASON_IS_END	Scramble has Ended, Please wait for the next Event			
UI	lang0.pak	DST_DBC_SEASON	Dragon Ball Collection Period is in progress			
UI	lang0.pak	DST_DBC_TIME_LIMIT	Limited Time			
UI	lang0.pak	DST_DELIBERATION_RANK_FIRST_ENTER_GAME_MESSAGE_WARING_1	Long term playtime may be harmful to your health.  You should take regular breaks.			
UI	lang0.pak	DST_DELIBERATION_RANK_MESSAGE_0	Since the start, %d time has elapsed.			
UI	lang0.pak	DST_DELIBERATION_RANK_MESSAGE_1	You have played for 1 Hour			
UI	lang0.pak	DST_DELIBERATION_RANK_MESSAGE_2	You have played for 2 Hours			
UI	lang0.pak	DST_DELIBERATION_RANK_MESSAGE_3	You have played for 3 Hours			
UI	lang0.pak	DST_DELIBERATION_RANK_MESSAGE_4	You have played for 4 Hours			
UI	lang0.pak	DST_DELIBERATION_RANK_MESSAGE_5	You have played for 5 Hours			
UI	lang0.pak	DST_DELIBERATION_RANK_MESSAGE_LASTMSG	Excessive play can disturb their daily life.			
UI	lang0.pak	DST_DELIBERATION_RANK_MESSAGE_WARING_1	You should take a break			
UI	lang0.pak	DST_DELIBERATION_RANK_TEXT_IN_LOGIN	Your need to be at least 12 years old to play this game.			
UI	lang0.pak	DST_DIALOG_MODE_CHAT_RESIZING	Chat Resize			
UI	lang0.pak	DST_DIALOG_MODE_ITEM_IDENTIFICATION	Select Items			
UI	lang0.pak	DST_DIALOG_MODE_ITEM_REPAIR	Item(s) Repaired			
UI	lang0.pak	DST_DIALOG_RESET	The reset limit for now is 10.			
UI	lang0.pak	DST_DICE_BUDOKAI_MINOR_EXPLAIN	The Dice will Roll			
UI	lang0.pak	DST_DICE_EXPLAIN	1-99 will Show			
UI	lang0.pak	DST_DICE_EXPLAIN2	Click on the Dice			
UI	lang0.pak	DST_DICE_RESULT	%s(dice) :%s			
UI	lang0.pak	DST_DISABLE	Not			
UI	lang0.pak	DST_DISASSEMBLE_ALREADY_DISASSEMBLING	Already decomposed			
UI	lang0.pak	DST_DISASSEMBLE_ALREADY_REGIST_TARGET	Item already Registered			
UI	lang0.pak	DST_DISASSEMBLE_CAN_NOT_FIND_TARGET	Register to degrade target item			
UI	lang0.pak	DST_DISASSEMBLE_CLOSE	Close			
UI	lang0.pak	DST_DISASSEMBLE_GET_MATERIAL	Get Materials			
UI	lang0.pak	DST_DISASSEMBLE_GRADE_ALRAM	"[align = ""center""][font size = ""12"" color=""f4d762""]Disassemble items[/font][br][br][font size = ""10"" color=""ffffff""]Are you sure you want to disassemble[br]the enhanced item?[/font][br][br][font size = ""10"" color=""dd0010""]It can't be recovered.[br][br][/font]"			
UI	lang0.pak	DST_DISASSEMBLE_MATERIAL_LEVEL	Level			
UI	lang0.pak	DST_DISASSEMBLE_MATERIAL_MAX_CLASS	Max rating			
UI	lang0.pak	DST_DISASSEMBLE_MATERIAL_MAX_CLASS_RATE	Chances of obtaining the maximum rating:%.2f%%			
UI	lang0.pak	DST_DISASSEMBLE_MATERIAL_TYPE	Kind			
UI	lang0.pak	DST_DISASSEMBLE_MATERIAL_TYPE_ETC	Other			
UI	lang0.pak	DST_DISASSEMBLE_MATERIAL_TYPE_FABRIC	Fabric			
UI	lang0.pak	DST_DISASSEMBLE_MATERIAL_TYPE_METAL	Metal			
UI	lang0.pak	DST_DISASSEMBLE_MATERIAL_TYPE_SKIN	Skin			
UI	lang0.pak	DST_DISASSEMBLE_MATERIAL_TYPE_STONE	Stone			
UI	lang0.pak	DST_DISASSEMBLE_MATERIAL_TYPE_WOOD	Wood			
UI	lang0.pak	DST_DISASSEMBLE_NEGATIVE	Not Converted			
UI	lang0.pak	DST_DISASSEMBLE_ONLY_EQUIP_ITEM	Can't be disassembled			
UI	lang0.pak	DST_DISASSEMBLE_SUCCESS	Disassemble succeed.			
UI	lang0.pak	DST_DISASSEMBLE_TARGET	Target disassemble			
UI	lang0.pak	DST_DISASSEMBLE_TITLE	Material Degradation			
UI	lang0.pak	DST_DISCARD_BTN	Trash			
UI	lang0.pak	DST_DOGI_ASK_APPLY_CHANGE	"[align =""center""][font size=""12""color=""f4d762""]Uniform dyeing[/font][br][br][font size=""10""color=""ffffff""]Would you like to end uniform staining?[/font]"			
UI	lang0.pak	DST_DOGI_CHANGED	The color has changed.			
UI	lang0.pak	DST_DOGI_COLOR	Color			
UI	lang0.pak	DST_DOGI_EXPAIN_DYE	Can't show a preview			
UI	lang0.pak	DST_DOGI_MUST_REGI_DOGI_SLOT	Register the dye.			
UI	lang0.pak	DST_DOGI_ONLY_REGISTER_DYE_ITEM	Only registered dye items.			
UI	lang0.pak	DST_DOGI_PREVIEW	Preview			
UI	lang0.pak	DST_DOGI_SETUP	Dyeing			
UI	lang0.pak	DST_DOGI_YOU_MUST_GET_DOGI_CHANGE_FUNCTION	Make sure that you've permission.			
UI	lang0.pak	DST_DOGI_YOU_MUST_GET_DOGI_FUNCTION	Make sure that you've permission.			
UI	lang0.pak	DST_DOGI_YOU_MUST_GET_DOJO_DOGI_CHANGE_FUNCTION	Make sure that you've permission.			
UI	lang0.pak	DST_DOGI_YOU_MUST_GET_DOJO_DOGI_FUNCTION	Make sure that you've permission.			
UI	lang0.pak	DST_DOJO	Dojo			
UI	lang0.pak	DST_DOJO_ACCEPTED_SCRAMBLE	Dojo Scramble Accept			
UI	lang0.pak	DST_DOJO_ACCOUNT_AMOUNT	Total			
UI	lang0.pak	DST_DOJO_ACCOUNT_BALANCE	Balance			
UI	lang0.pak	DST_DOJO_ACCOUNT_EXPENDITURE	Usage			
UI	lang0.pak	DST_DOJO_ACCOUNT_ITEM	For			
UI	lang0.pak	DST_DOJO_ACCOUNT_TYPE_BATTLE_INCOME	Battle Deposit			
UI	lang0.pak	DST_DOJO_ACCOUNT_TYPE_BATTLE_OUTCOME	Battle Withdraw			
UI	lang0.pak	DST_DOJO_ACCOUNT_TYPE_LEADER_INCOME	Deposit			
UI	lang0.pak	DST_DOJO_ACCOUNT_TYPE_LEADER_OUTCOME	Withdraw			
UI	lang0.pak	DST_DOJO_ACCOUNT_TYPE_VILLAGE_INCOME	Donate			
UI	lang0.pak	DST_DOJO_ACCOUNT_WAREHOUSE	Guild Bank			
UI	lang0.pak	DST_DOJO_ADD_FUNCTION	"[align = ""center""][font size = ""12"" color=""f4d762""]%s[/font][br][br][font size = ""10"" color=""269eff""]Get more benefits from more features.[/font][br][br][font size = ""10"" color=""ffffff""]Requirements:[/font][br][br][font size = ""10"" color=""f36a7c""]Points needed: %d [br]Zeni: %s[/font][br][br][font size = ""10"" color=""ffffff""]Add Feature?[/font]"			
UI	lang0.pak	DST_DOJO_ADD_FUNCTION_NOTIFY_TO_MASTER	"[align = ""center""][font size = ""12"" color=""f4d762""]Change[/font][br][br][font size = ""10"" color=""269eff""]Successful![/font][br][br]font size = ""10"" color=""ffffff""]Changes:[/font][br][br][font size = ""10"" color=""f4d762""]Feature: %s[/font]"			
UI	lang0.pak	DST_DOJO_ADD_FUNCTION_NOTIFY_TO_MEMBER	Dojo Feature Changed.			
UI	lang0.pak	DST_DOJO_ADD_TENKAI_SEED	"[align = ""center""][font size = ""12"" color=""f4d762""]Tournament Players[/font][br][br][font size = ""10"" color=""269eff""]Players who prove to be the best.[br]Will go to the 32 qualification spots[br]Fight to Qualify.[/font][br][br][font size = ""10"" color=""ffffff""]All players[br]Check the following:[/font][br][br][font size = ""10"" color=""f36a7c""]This is the best Tournament[br]in the world.[/font][br][br][font size = ""10"" color=""ffffff""]So you better make sure[br]You're here![/font]"			
UI	lang0.pak	DST_DOJO_ASK_ESTABLISHMENT	"[align = ""center""][font size = ""12"" color=""f4d762""]Dojo Creation[/font][br][br][font size = ""10"" color=""269eff""]Dojo Creation[br]The members in the Dojo[br]are responsible to[br]keep the Dojo safe.[br][br]When the Dojo is made[br]you get special content and benefits.[/font][br][br][font size = ""10"" color=""ffffff""]To get a Dojo:[/font][br][br][font size = ""10"" color=""f36a7c""]Dojo Ownership[br](buy with points)[/font][br][br][font size = ""10"" color=""ffffff""]Buy a Dojo?[/font]"			
UI	lang0.pak	DST_DOJO_ASK_SCRAMBLE	Dojo Scramble			
UI	lang0.pak	DST_DOJO_ASK_UPGRAGE_WITH_ZENNY	"[align = ""center""][font size = ""12"" color=""f4d762""]Dojo Upgrade[/font][br][br][font size = ""10"" color=""269eff""]Upgrade Dojo[br]If management upgrade[br]You can add special features[/font][br][br][font size = ""10"" color=""ffffff""]Click ok to pay[/font][br][br]font size = ""10"" color=""f36a7c""]Zeni: %s[/font][br][br][font size = ""10"" color=""ffffff""]Upgrade Dojo?[/font]"			
UI	lang0.pak	DST_DOJO_ASK_UPGRAGE_WITH_ZENNY_AND_HOIPOI	"[align = ""center""][font size = ""12"" color=""f4d762""]Dojo Upgrade[/font][br][br][font size = ""10"" color=""269eff""]Upgrade Dojo[br]If management upgrade[br]You can add special features.[/font][br][br][font size = ""10"" color=""ffffff""]Click ok to use the item.[/font][br][br][font size = ""10"" color=""f36a7c""]Zeni: %s [br]Items : HoiPoi %d [/font][br][br][font size = ""10"" color=""ffffff""]Upgrade Dojo?[/font]"			
UI	lang0.pak	DST_DOJO_BATTLE_APPLICATION_FOR_BATTLE	Apply			
UI	lang0.pak	DST_DOJO_BATTLE_DUEL_DEFFENCE_PLAYER	Def			
UI	lang0.pak	DST_DOJO_BATTLE_DULE_OFFENCE_PLAYER	Duel			
UI	lang0.pak	DST_DOJO_BATTLE_SCRAMBLE_OFFENCE_PLAYER	Scramble			
UI	lang0.pak	DST_DOJO_CAN_NOT_UPGRADE_BECAUSE_MAX_LEVEL	Max Level			
UI	lang0.pak	DST_DOJO_CAN_NOT_UPGRADE_BECAUSE_NEED_ITEM	Need Item			
UI	lang0.pak	DST_DOJO_CAN_NOT_UPGRADE_BECAUSE_NEED_MORE_ITEM	Need More Items			
UI	lang0.pak	DST_DOJO_HAVE_NOT_DOJO	No Dojo			
UI	lang0.pak	DST_DOJO_INFO	Dojo Info			
UI	lang0.pak	DST_DOJO_INFO_BATTLE	Battle			
UI	lang0.pak	DST_DOJO_INFO_CITY_NAME	City name			
UI	lang0.pak	DST_DOJO_INFO_DOJO_INFO	Dojo Info			
UI	lang0.pak	DST_DOJO_INFO_DOJO_LEVEL	Dojo Lv.			
UI	lang0.pak	DST_DOJO_INFO_DOJO_NAME	Dojo Name			
UI	lang0.pak	DST_DOJO_INFO_GUILD_NAME	Guild Name			
UI	lang0.pak	DST_DOJO_INFO_GUILD_NOTICE	Guild Note			
UI	lang0.pak	DST_DOJO_INFO_GUILD_POINT	Guild Point			
UI	lang0.pak	DST_DOJO_INFO_INFO	Info			
UI	lang0.pak	DST_DOJO_INFO_NOTICE_INPUT	Note in			
UI	lang0.pak	DST_DOJO_INFO_PUBLIC_SECURITY	Status			
UI	lang0.pak	DST_DOJO_INFO_SET_TENKAI_SEED_PLAYER	Seed Exhibitors			
UI	lang0.pak	DST_DOJO_INFO_TENKAI_SEED_PLAYER	Exhibitors			
UI	lang0.pak	DST_DOJO_LOST_DOJO	%s Guild %s took ownership of the Dojo.			
UI	lang0.pak	DST_DOJO_LOST_DOJO_COLOR	Uniform color reset.			
UI	lang0.pak	DST_DOJO_NAME	Name			
UI	lang0.pak	DST_DOJO_NEED_GUILD_POINT	Need Points			
UI	lang0.pak	DST_DOJO_NEED_ITEM	Need Item			
UI	lang0.pak	DST_DOJO_NEED_ZENNY	Need Zeni			
UI	lang0.pak	DST_DOJO_ONLY_REGISTER_ITEM	Can't register.			
UI	lang0.pak	DST_DOJO_ONLY_REGI_BAG_ZENNY	Only for Zeni.			
UI	lang0.pak	DST_DOJO_PEACE_STATE_COMMON	Normal			
UI	lang0.pak	DST_DOJO_PEACE_STATE_FEAR	Fear			
UI	lang0.pak	DST_DOJO_PEACE_STATE_FESTIVAL	Festive			
UI	lang0.pak	DST_DOJO_PEACE_STATE_PANIC	Panic			
UI	lang0.pak	DST_DOJO_PEACE_STATE_QUIET	Quiet			
UI	lang0.pak	DST_DOJO_REJECT_SCRAMBLE	Dojo Scramble Reject			
UI	lang0.pak	DST_DOJO_REWARD_GUILD_REPUTATION	Victory %d Guild has %u Points earned			
UI	lang0.pak	DST_DOJO_REWARD_ITEM	Victory: %s Items %d earned			
UI	lang0.pak	DST_DOJO_REWARD_NPC_NARRATION	"[font size = ""13"" color = ""000000""]If you win items, I will put them in the guild bank!"			
UI	lang0.pak	DST_DOJO_RUN_UPGRADE	Upgrade			
UI	lang0.pak	DST_DOJO_SCRAMBLE	Dojo Scramble			
UI	lang0.pak	DST_DOJO_SCRAMBLE_ACCEPT_CHALLENGE	"[align = ""center""][font size = ""12"" color=""f4d762""]Scramble Request[/font][br][br][font size = ""10"" color=""269eff""]%s Challenge from Dojo[br][br]Accept the challenge to prove your worth[br]Fight for the Dojo's fate[br]If you Reject[br]You can't win any Zeni.[/font][br][br][font size = ""10"" color=""ffffff""]Required[/font][br][br][font size = ""10"" color=""f36a7c""]Zeni: %s[/font][br][br][font size = ""10"" color=""ffffff""]Accept Challenge?[/font]"			
UI	lang0.pak	DST_DOJO_SCRAMBLE_ACCEPT_CHALLENGE_CANCEL_BTN	Cancel			
UI	lang0.pak	DST_DOJO_SCRAMBLE_ASK_CHALLENGE	"[align = ""center""][font size = ""12"" color=""f4d762""]Dojo Scramble[/font][br][br][font size = ""10"" color=""269eff""]Dojo Players[br]will send a challenge.[br]When the challenge is accepted[br]you'll have to fight.[br][br]When you send a challenge[br]You must win[br]Or be ready to laughed at[br]Know your enemy![/font][br][br][font size = ""10"" color=""ffffff""]Matches for Zeni[br](Match might be rejected.)[/font][br][br][font size = ""10"" color=""f36a7c""]Zeni: %s[/font][br][br][font size = ""10"" color=""ffffff""]Send Challenge?[/font]"			
UI	lang0.pak	DST_DOJO_SCRAMBLE_ASK_TELEPORT	"[align = ""center""][font size = ""12"" color=""f4d762""]Join Dojo Scramble[/font][br][br][font size = ""10"" color=""269eff""]It's time to fight[br]Go to the ring[br]Tension Control check.[br]Tension control used.[/font][br][br][font size = ""10"" color=""ffffff""]Fight rules:[/font][br][br][font size = ""10"" color=""f4d762""]Win : get up to 500 points[br][br]1 Learn how to fight[/font][br][font size = ""10"" color=""ffffff""]+2 points if dojo imprint acquisition[/font][br][br][font size = ""10"" color=""f4d762""]2 points to go[/font][br][font size = ""10"" color=""ffffff""]Tension Points 300 bet +8[/font][br][br][font size = ""10"" color=""f4d762""]Tension points[/font][br][font size = ""10"" color=""ffffff""]1 or 2 Tension Points[/font][br][br][font size = ""10"" color=""f36a7c""]Can't create a party in a fight[/font][br][br][font size = ""10"" color=""ffffff""]Go to the fight?[/font]"			
UI	lang0.pak	DST_DOJO_SCRAMBLE_CHANGE_SEAL_OWNER	%s captured %s!			
UI	lang0.pak	DST_DOJO_SCRAMBLE_ENTER	Enter			
UI	lang0.pak	DST_DOJO_SCRAMBLE_GUILD_MEMBER_COUNT	Members			
UI	lang0.pak	DST_DOJO_SCRAMBLE_NO_OWNER_SEAL	No Logo			
UI	lang0.pak	DST_DOJO_SCRAMBLE_OTHER_GUILD_SEAL	Other Logo			
UI	lang0.pak	DST_DOJO_SCRAMBLE_OUR_GUILD_SEAL	Our Logo			
UI	lang0.pak	DST_DOJO_SCRAMBLE_OWNER_SEAL_COUNT	Logo			
UI	lang0.pak	DST_DOJO_SCRAMBLE_REWARD_ITEM	Items			
UI	lang0.pak	DST_DOJO_SCRAMBLE_REWARD_REPUTATION	Points			
UI	lang0.pak	DST_DOJO_SCRAMBLE_RULE	"[font size=""11""color=""FFFF33""]1. 5 to 500 points to start![br][br]2. 1 hour to beat the best score![br][br]3. But, whoever survives wins!"			
UI	lang0.pak	DST_DOJO_SCRAMBLE_RULE_TITLE	Fight to win			
UI	lang0.pak	DST_DOJO_SCRAMBLE_STATE_END	Fight End!			
UI	lang0.pak	DST_DOJO_SCRAMBLE_STATE_INITIAL	Prepare to fight			
UI	lang0.pak	DST_DOJO_SCRAMBLE_STATE_NORMAL	Today %dh %dmin Dojo Scramble			
UI	lang0.pak	DST_DOJO_SCRAMBLE_STATE_NORMAL2	Today %d point for Dojo Scramble			
UI	lang0.pak	DST_DOJO_SCRAMBLE_STATE_READY	Get Ready			
UI	lang0.pak	DST_DOJO_SCRAMBLE_STATE_RECEIVE	Dojo War Scramble:\nRequest possible			
UI	lang0.pak	DST_DOJO_SCRAMBLE_STATE_REJECT_END	Dojo Scramble Rejected			
UI	lang0.pak	DST_DOJO_SCRAMBLE_STATE_STANDBY	standby: fight starting			
UI	lang0.pak	DST_DOJO_SCRAMBLE_STATE_START	Fight started!			
UI	lang0.pak	DST_DOJO_SCRAMBLE_TITLE	Scramble			
UI	lang0.pak	DST_DOJO_SUCCESS_ADDITION_TENKAI_SEED	"[align = ""center""][font size = ""12"" color=""f4d762""]Player Info[/font][br][br][font size = ""10"" color=""269eff""]%s Qualified[br]Good luck in the Tournament.[/font]"			
UI	lang0.pak	DST_DOJO_SUCCESS_ESTABLISHMENT_TO_MASTER	"[align = ""center""][font size = ""12"" color=""f4d762""]Dojo[/font][br][br][font size = ""10"" color=""269eff""]created.[/font][br][br][font size = ""10"" color=""f4d762""]%s Created.[/font] "			
UI	lang0.pak	DST_DOJO_SUCCESS_ESTABLISHMENT_TO_MEMBER	%s Created.			
UI	lang0.pak	DST_DOJO_UPGRADE	Upgrade			
UI	lang0.pak	DST_DOJO_UPGRADE_CONSUMPTION_GUILD_POINT	Got			
UI	lang0.pak	DST_DOJO_UPGRADE_CONSUMPTION_ZENNY	Current Zeni			
UI	lang0.pak	DST_DOJO_UPGRADE_CURENT_LEVEL_0	Lv.1			
UI	lang0.pak	DST_DOJO_UPGRADE_CURENT_LEVEL_1	Lv.2			
UI	lang0.pak	DST_DOJO_UPGRADE_CURENT_LEVEL_2	Lv.3			
UI	lang0.pak	DST_DOJO_UPGRADE_CURENT_LEVEL_3	Lv.4:Update			
UI	lang0.pak	DST_DOJO_UPGRADE_CURENT_LEVEL_4	Lv.5			
UI	lang0.pak	DST_DOJO_UPGRADE_CURENT_LEVEL_5	Lv.6:Update			
UI	lang0.pak	DST_DOJO_UPGRADE_CURENT_LEVEL_6	Lv.7			
UI	lang0.pak	DST_DOJO_UPGRADE_CURENT_LEVEL_7	Lv.8:Update			
UI	lang0.pak	DST_DOJO_UPGRADE_NEED_ITEM	Upgrade Stone			
UI	lang0.pak	DST_DOJO_UPGRADE_NEXT_LEVEL_1	Next Lv.2			
UI	lang0.pak	DST_DOJO_UPGRADE_NEXT_LEVEL_2	Next Lv.3			
UI	lang0.pak	DST_DOJO_UPGRADE_NEXT_LEVEL_3	Next Lv.4			
UI	lang0.pak	DST_DOJO_UPGRADE_NEXT_LEVEL_4	Next Lv.5			
UI	lang0.pak	DST_DOJO_UPGRADE_NEXT_LEVEL_5	Next Lv.6			
UI	lang0.pak	DST_DOJO_UPGRADE_NEXT_LEVEL_6	Next Lv.7			
UI	lang0.pak	DST_DOJO_UPGRADE_NEXT_LEVEL_7	Next Lv.8			
UI	lang0.pak	DST_DO_EMPTY_CAPSULEKIT	First empty Capsule kit.			
UI	lang0.pak	DST_DRAGONBALLSCRAMBLE_FOR_BASIC_BENEFIT	Maximum LP increase by: %d%%  [DBS]			
UI	lang0.pak	DST_DRAGONBALL_SCRAMBLE_ALREADY_JOIN	Already joined Scramble			
UI	lang0.pak	DST_DRAGONBALL_SCRAMBLE_CAN_NOT_TRADE_TARGET	Can't trade Dragon Ball			
UI	lang0.pak	DST_DRAGONBALL_SCRAMBLE_CHANNEL_INFO	Dragon Ball Scramble Event!			
UI	lang0.pak	DST_DRAGONBALL_SCRAMBLE_CONFIRM_CANCEL	Cancel			
UI	lang0.pak	DST_DRAGONBALL_SCRAMBLE_CONFIRM_DROP_1	Fainted			
UI	lang0.pak	DST_DRAGONBALL_SCRAMBLE_CONFIRM_DROP_2	Teleport or Exit			
UI	lang0.pak	DST_DRAGONBALL_SCRAMBLE_CONFIRM_DROP_3	PK Impossible to Enter			
UI	lang0.pak	DST_DRAGONBALL_SCRAMBLE_CONFIRM_DROP_TITLE	Losing			
UI	lang0.pak	DST_DRAGONBALL_SCRAMBLE_CONFIRM_GET_1	Dropped To pick up			
UI	lang0.pak	DST_DRAGONBALL_SCRAMBLE_CONFIRM_GET_2	Call Dragon			
UI	lang0.pak	DST_DRAGONBALL_SCRAMBLE_CONFIRM_GET_3	Spiked with Item			
UI	lang0.pak	DST_DRAGONBALL_SCRAMBLE_CONFIRM_GET_TITLE	Scramble!			
UI	lang0.pak	DST_DRAGONBALL_SCRAMBLE_CONFIRM_OK	App.			
UI	lang0.pak	DST_DRAGONBALL_SCRAMBLE_CONFIRM_TITLE	Dragon Ball Scramble App.			
UI	lang0.pak	DST_DRAGONBALL_SCRAMBLE_CONFIRM_WARNING_TITLE	Note!			
UI	lang0.pak	DST_DRAGONBALL_SCRAMBLE_CONFIRM_WARNINR	1)No Bus. 2)Not Ranked.			
UI	lang0.pak	DST_DRAGONBALL_SCRAMBLE_DROP_MSG	Dragon Ball Lost!!			
UI	lang0.pak	DST_DRAGONBALL_SCRAMBLE_FAINT_DROP_MSG	You have Fainted			
UI	lang0.pak	DST_DRAGONBALL_SCRAMBLE_GAIN_BUDOJI_MILEAGE	Earned %d Mudosa			
UI	lang0.pak	DST_DRAGONBALL_SCRAMBLE_I_AM_NOT_PLAYER	Not Scramble Participant			
UI	lang0.pak	DST_DRAGONBALL_SCRAMBLE_I_AM_PLAYER	Scramble Participant			
UI	lang0.pak	DST_DRAGONBALL_SCRAMBLE_JOIN_CONFIRM_MSGBOX	"[align = ""center""][font size=""12""color=""f4d762""]Join Dragon Ball Scramble[/font][br][br][font size=""10""color=""269eff""]Note: You can't exit Dragon Ball Scramble until it's over.[/font]"			
UI	lang0.pak	DST_DRAGONBALL_SCRAMBLE_JOIN_MSGBOX	"[align = ""center""]Dragon Ball Scramble[br][br]join?"			
UI	lang0.pak	DST_DRAGONBALL_SCRAMBLE_LOOT_BATTLE_DRAGONBALL	Earned %d Dragon Ball			
UI	lang0.pak	DST_DRAGONBALL_SCRAMBLE_PARTY_LEAVE	Left Party			
UI	lang0.pak	DST_DRAGONBALL_SCRAMBLE_READY_FOR_JOIN_RES	Ready, Waiting response			
UI	lang0.pak	DST_DRAGONBALL_SCRAMBLE_RETURN_MSG	Can't join Dragon Ball scramble			
UI	lang0.pak	DST_DRAGONBALL_SCRAMBLE_SEASON_BEGIN_NFY	Dragon Ball Scramble Event Started			
UI	lang0.pak	DST_DRAGONBALL_SCRAMBLE_SEASON_END_NFY	Dragon Ball Scramble Event End			
UI	lang0.pak	DST_DRAGONBALL_SCRAMBLE_SEASON_REWARD_COOLTIME_NFY	Battle Dragon Ball turned into a stone, you won't receive compensation			
UI	lang0.pak	DST_DRAGONBALL_SCRAMBLE_SEASON_REWARD_LIMIT_OVER_NFY	"[align = ""center""]Dragon Ball Scramble Info[br][br]Scramble full[br]no compensation in this channel"			
UI	lang0.pak	DST_DRAGONBALL_SCRAMBLE_TOOLTIP	%d Star Battle Dragon Ball			
UI	lang0.pak	DST_DRGONBALL_SCRAMBLE_SEASON_REFRESH_NFY	Battle Dragon Ball have been compensated			
UI	lang0.pak	DST_DROPITEM_ZENNY	%s Zeni			
UI	lang0.pak	DST_DUALDST_GUN	Dual Gun			
UI	lang0.pak	DST_DUNGEON_DIRECT_ENTER	Enter			
UI	lang0.pak	DST_DWC_CARDCOUNT	Card Count			
UI	lang0.pak	DST_DWC_CARD_CLEAR_TOOLTIP	Current available attacks			
UI	lang0.pak	DST_DWC_CARD_GRADE	Card Grade			
UI	lang0.pak	DST_DWC_CARD_GRADE_00	ALL			
UI	lang0.pak	DST_DWC_CARD_GRADE_01	Common			
UI	lang0.pak	DST_DWC_CARD_GRADE_02	Uncommon			
UI	lang0.pak	DST_DWC_CARD_GRADE_03	Unique			
UI	lang0.pak	DST_DWC_CARD_GRADE_04	Rare			
UI	lang0.pak	DST_DWC_CARD_GRADE_05	Legendary			
UI	lang0.pak	DST_DWC_CARD_TARGET_TOOLTIP	Attack			
UI	lang0.pak	DST_DWC_CHOOSE_TITLE	Select Target			
UI	lang0.pak	DST_DWC_CLEAR_CARD_TOOLTIP	Confirm access to the card			
UI	lang0.pak	DST_DWC_CONDITION	Target Condition			
UI	lang0.pak	DST_DWC_CONDITION_RB_STRAIGHTWIN	%d Streak			
UI	lang0.pak	DST_DWC_CONDITION_STATE	Condition Status			
UI	lang0.pak	DST_DWC_ENTER_CONDITION	Entrance Conditions			
UI	lang0.pak	DST_DWC_ENTER_CONFIRM	"[align = ""center""]Dragon World Challenge (DWC) Entry[br][br]Remaining # of entries this week: %d[br][br]You can't withdraw.[br]Do you want to enter?[br]"			
UI	lang0.pak	DST_DWC_ENTER_QUESTION	"[br][align = ""center""][font size = ""10"" color=""f4d762""]DWC Admission[/font][br][br][font size = ""10"" color=""269eff""]You can play %d more times today[/font][br][br][font size = ""10"" color=""f4d762""]Would you like to play?[/font][br]"			
UI	lang0.pak	DST_DWC_ESSENTIAL_TITLE	Goal Required			
UI	lang0.pak	DST_DWC_FIELD_ENTER	DWC Entry Status			
UI	lang0.pak	DST_DWC_FIELD_ENTER_COMMAND	Enter DWC			
UI	lang0.pak	DST_DWC_GRADE	Rating			
UI	lang0.pak	DST_DWC_GRADE_TOOLTIP	Select a card.			
UI	lang0.pak	DST_DWC_HERO_TITLE	Hero Info			
UI	lang0.pak	DST_DWC_INFO_COMMAND	DWC Info			
UI	lang0.pak	DST_DWC_MAIN_TITLE	Dragon World Challenge			
UI	lang0.pak	DST_DWC_PLAYER_COUNT	Player Count			
UI	lang0.pak	DST_DWC_PLAYER_COUNT_TEXT	%d ~ %d players			
UI	lang0.pak	DST_DWC_PLAYLEVEL	Level %d and above			
UI	lang0.pak	DST_DWC_PLAY_LEVEL	Difficulty Level			
UI	lang0.pak	DST_DWC_PROLOG_TITLE	Prolog			
UI	lang0.pak	DST_DWC_REPEAT_REWARD	Repeat Rewards			
UI	lang0.pak	DST_DWC_REWARD	Reward			
UI	lang0.pak	DST_DWC_SCENARIOINFO_TITLE	Scenario Info			
UI	lang0.pak	DST_DWC_SCENARIO_CONDITION_TITLE	Entry Details			
UI	lang0.pak	DST_DWC_SCENARIO_LIST	DWC Scenario List			
UI	lang0.pak	DST_DWC_SCENARIO_TOOLTIP	Select the plot and organize relevant cards.			
UI	lang0.pak	DST_DWC_SIDE_VIEW	DWC Completed. Press V to open the main menu.			
UI	lang0.pak	DST_DWC_STATE_CLEAR	End			
UI	lang0.pak	DST_DWC_STATE_LOCK	Locked			
UI	lang0.pak	DST_DWC_STATE_OPEN	Under Attack			
UI	lang0.pak	DST_DWC_STATE_PLAY	Attack			
UI	lang0.pak	DST_DWC_STATE_TOOLTIP	Select the card to attack the state and organize.			
UI	lang0.pak	DST_DWC_STATUS	Status			
UI	lang0.pak	DST_DWC_TARGET	Target			
UI	lang0.pak	DST_DWC_TARGET_TITLE	Target Goal			
UI	lang0.pak	DST_DWC_TITLE	Dragon World Challenge			
UI	lang0.pak	DST_DYNAMIC_FIELD_SIDEVIEW_BOSSKILLTIME	%d hour %d minute			
UI	lang0.pak	DST_DYNAMIC_FIELD_SIDEVIEW_CONTENT_01	At 100% the BOSS will appear!			
UI	lang0.pak	DST_DYNAMIC_FIELD_SIDEVIEW_CONTENT_02	After 2h the Boss disappear.			
UI	lang0.pak	DST_DYNAMIC_FIELD_SIDEVIEW_CONTENT_03	A NPC appear after success.			
UI	lang0.pak	DST_DYNAMIC_FIELD_SIDEVIEW_CONTENT_04	Click the icon for the quest!			
UI	lang0.pak	DST_DYNAMIC_FIELD_SIDEVIEW_CONTENT_05	Quest activated.			
UI	lang0.pak	DST_DYNAMIC_FIELD_SIDEVIEW_CONTENT_06	Only you can Defeat the Boss.			
UI	lang0.pak	DST_DYNAMIC_FIELD_SIDEVIEW_PERCENTAGE	%s%%			
UI	lang0.pak	DST_DYNAMIC_FIELD_SIDEVIEW_TITLE_01	Boss Monster emerges			
UI	lang0.pak	DST_DYNAMIC_FIELD_SIDEVIEW_TITLE_02	Eliminate BOSS monster			
UI	lang0.pak	DST_DYNAMIC_FIELD_SIDEVIEW_TITLE_03	Monster emerges			
UI	lang0.pak	DST_DYNAMIC_FIELD_SIDEVIEW_TITLE_04	Progress			
UI	lang0.pak	DST_ENABLE	Available			
UI	lang0.pak	DST_ENGINEER	Engineer			
UI	lang0.pak	DST_ERROR_DUPLICATE_NAME	[%s]Already Exists.			
UI	lang0.pak	DST_ERROR_NO_USE_BY_PARTY_MEMBER	Party status unavailable.			
UI	lang0.pak	DST_ERROR_RENAME_PENALTY_PERIOD	Penalty: %d remain			
UI	lang0.pak	DST_ERROR_WRONG_NAME	[%s]Unavailable.			
UI	lang0.pak	DST_EVENTMACHINE_SIDEICON_TOOLTIP	Event Machine ( Event Coin X %d )			
UI	lang0.pak	DST_EVENT_ITEM	Event Items			
UI	lang0.pak	DST_EVENT_MACHINE_NAME	Event Machine %d			
UI	lang0.pak	DST_EVENT_TIME_TABLE_TITLE	Event Time			
UI	lang0.pak	DST_EXP_AUTO_RECOVER_ARRAY	Remaining Experience Points %s			
UI	lang0.pak	DST_EXP_AUTO_RECOVER_COMMENT	Every %d seconds pet earns %d EXP			
UI	lang0.pak	DST_EXP_INFO	EXP: %d / %d			
UI	lang0.pak	DST_FINISHED_MONSTER	%s finished			
UI	lang0.pak	DST_FREEPVP_CANT_WITH_BLACKLIST	Can't Duel Blacklisted Player.			
UI	lang0.pak	DST_FREEPVP_CHALLENGE	"[align = ""center""][font size = ""12"" color=""f4d762""]Duel Request[/font][br][br][font size = ""10"" color=""269eff""]You are being challenged[br]to a Duel.[/font][br][br][font size = ""10"" color=""f4d762""]Challenger: %s[/font][br][br][font size = ""10"" color=""ffffff""]Accept Challenge?[/font]"			
UI	lang0.pak	DST_FREEPVP_DRAW	It's a draw!			
UI	lang0.pak	DST_FREEPVP_LOSE	%s lost the duel.			
UI	lang0.pak	DST_FREEPVP_OUTSIDE_STAGE	%d Seconds until you give up.			
UI	lang0.pak	DST_FREEPVP_WIN	%s won the duel.			
UI	lang0.pak	DST_FRIDAY	Friday			
UI	lang0.pak	DST_GAMBLE_COMMAND	Draw			
UI	lang0.pak	DST_GAMBLE_GUIDE	To play you need: \n- %u Mudosa Points \n- 10,000 Zeni			
UI	lang0.pak	DST_GAMBLE_GUIDE_RESULT	Capsule Earned			
UI	lang0.pak	DST_GAMBLE_GUIDE_ZENNY	%s Zeni, to get a capsule			
UI	lang0.pak	DST_GAMBLE_NOT_ENOUGH_MUDOSA_POINT	Need Mudosa Points			
UI	lang0.pak	DST_GAME_EXIT	"[align = ""center""][font size=""12""color=""f4d762""]Exit Game[/font][br][br][font size=""10""color=""269eff""]Do you wish to exit DBO?[/font][br][font size=""10""color=""ffffff""]Thanks for playing[br]Dragon Ball Online![/font]"			
UI	lang0.pak	DST_GAME_PARTY_CANT_INVITE_TARGET_SANDBAG	HTB is used, can't invite now			
UI	lang0.pak	DST_GAME_PARTY_CANT_JOIN_TARGET_SANDBAG	HTB is used, can't join the state			
UI	lang0.pak	DST_GAME_SERVER_CONNECT_FAIL	"[align = ""center""]Connection Failed[br][br]Failed to connect to game servers[br][br]Try again later."			
UI	lang0.pak	DST_GET	Get			
UI	lang0.pak	DST_GIFT_SHOP_MAX_WP	WP's maximum value is 2000.			
UI	lang0.pak	DST_GIFT_SHOP_SIDE_ICON_TOOLTIP	Current QP-Points %d			
UI	lang0.pak	DST_GIFT_SHOP_TITLE_NAME	Quest Point Shop			
UI	lang0.pak	DST_GLOVE	Gloves			
UI	lang0.pak	DST_GMT_APPLY_END_NOTICE	%s Period has Ended			
UI	lang0.pak	DST_GMT_APPLY_GUIDE	Starts next Day			
UI	lang0.pak	DST_GMT_APPLY_START_NOTICE	%s Period has Started			
UI	lang0.pak	DST_GMT_APPLY_TIME	Apply Time			
UI	lang0.pak	DST_GMT_CANT_RESET	Can't reset.			
UI	lang0.pak	DST_GMT_CHANGE_TIME	Change Time			
UI	lang0.pak	DST_GMT_DONOT_CHECK_ALL	Please set EXP and Zeni Bonus			
UI	lang0.pak	DST_GMT_ENABLE_CHECK_COUNT	Count Check: %d			
UI	lang0.pak	DST_GMT_EXP_FOR_BENEFIT	%u%% EXP Bonus [%02d:00 - %02d:00]			
UI	lang0.pak	DST_GMT_EXT_GET	Bonus Selection			
UI	lang0.pak	DST_GMT_LIST_EXP	%u%% EXP Bonus			
UI	lang0.pak	DST_GMT_LIST_ZENNY	%u%% Zeni Bonus			
UI	lang0.pak	DST_GMT_NO_TIME	No Time			
UI	lang0.pak	DST_GMT_PROFILE	Select which Bonus Option you would like to\nreceive.			
UI	lang0.pak	DST_GMT_REMAIN_COUNT	GMT Resets left: %d			
UI	lang0.pak	DST_GMT_RESET	Reset			
UI	lang0.pak	DST_GMT_RESET_ALREADY_OPEN	Window is already Opened			
UI	lang0.pak	DST_GMT_RESET_COUNT_OVER	Number of Hours Exceeded			
UI	lang0.pak	DST_GMT_RESET_TITLE	Set Time			
UI	lang0.pak	DST_GMT_TIME_INFO	%2d:00			
UI	lang0.pak	DST_GMT_TITLE	Bonus Times			
UI	lang0.pak	DST_GMT_TITLE_EXP	Bonus EXP			
UI	lang0.pak	DST_GMT_TITLE_ZENNY	Bonus Zeni			
UI	lang0.pak	DST_GMT_ZENNY_FOR_BENEFIT	%u%% Zeni Bonus [%02d:00 - %02d:00]			
UI	lang0.pak	DST_GUARD_GAUGE_CANNOT_USE	Guard is in cooldown			
UI	lang0.pak	DST_GUARD_GAUGE_CAN_USE	Can Use Guard			
UI	lang0.pak	DST_GUN	Gun			
UI	lang0.pak	DST_GUN_MANIA	Gun Maniac			
UI	lang0.pak	DST_HELPWND_GOLIST	Jump To			
UI	lang0.pak	DST_HELPWND_HELPCONTENTS	Contents			
UI	lang0.pak	DST_HELPWND_PETITION_TO_GM	GM Help			
UI	lang0.pak	DST_HELPWND_TITLE	Help			
UI	lang0.pak	DST_HELPWND_TOP_TITLE	Dragon Ball Online Guide			
UI	lang0.pak	DST_HLS_ALREADY_CONFIRM	Confirmation Already Opened			
UI	lang0.pak	DST_HLS_ALREADY_GIFT	Gift Window Already Open			
UI	lang0.pak	DST_HLS_CANT_SEARCH_IN_CURRENT_TAB	You can't search on this tab.			
UI	lang0.pak	DST_HLS_CASHCHARGE	Charge			
UI	lang0.pak	DST_HLS_CONFIRM_BTN_BUY	Buy			
UI	lang0.pak	DST_HLS_CONFIRM_BTN_CANCEL	Cancel			
UI	lang0.pak	DST_HLS_CONFIRM_BTN_CASHCHARGE	Charge			
UI	lang0.pak	DST_HLS_CONFIRM_BUY_TITLE	Confirm Purchase			
UI	lang0.pak	DST_HLS_CONFIRM_DURATION	Duration: %s			
UI	lang0.pak	DST_HLS_CONFIRM_GIFT_CHARACTER	Character			
UI	lang0.pak	DST_HLS_CONFIRM_GIFT_SELECT_PLAYER	Select Player			
UI	lang0.pak	DST_HLS_CONFIRM_GIFT_SERVER	Servers			
UI	lang0.pak	DST_HLS_CONFIRM_GIFT_TITLE	Gift			
UI	lang0.pak	DST_HLS_CONFIRM_GIFT_WHO	Gift Who?			
UI	lang0.pak	DST_HLS_CONFIRM_HAVE_CASH	Have Cash			
UI	lang0.pak	DST_HLS_CONFIRM_HTML_GUIDE	Purchases are Not Refundable.			
UI	lang0.pak	DST_HLS_CONFIRM_NEED_CASH	Need Cash			
UI	lang0.pak	DST_HLS_CONFIRM_REMAIN_CASH	Remain			
UI	lang0.pak	DST_HLS_CONFIRM_RESULT_GUIDE	Info Shown Below. Hit OK to Complete.			
UI	lang0.pak	DST_HLS_CONFIRM_TITLE	Buy			
UI	lang0.pak	DST_HLS_GIFT_CHAR_NAME_GUIDE	Enter Player Name			
UI	lang0.pak	DST_HLS_HAVE_CASH	Cash			
UI	lang0.pak	DST_HLS_HAVE_COIN	Coins			
UI	lang0.pak	DST_HLS_HAVE_EVENTCOIN	Event Coin			
UI	lang0.pak	DST_HLS_INIT_SEARCH	Refresh			
UI	lang0.pak	DST_HLS_ITEM_BUY_SUCCESS	Item Bought			
UI	lang0.pak	DST_HLS_ITEM_GIFT_SUCCESS	Item Gifted			
UI	lang0.pak	DST_HLS_ITEM_NOT_CONFIRM_GIFT	Gift Not Confirmed			
UI	lang0.pak	DST_HLS_ITEM_TOOLTIP_DURATION_TYPE_LIMIT	Limit			
UI	lang0.pak	DST_HLS_ITEM_TOOLTIP_DURATION_TYPE_NOLIMIT	Consumable			
UI	lang0.pak	DST_HLS_ITEM_TOOLTIP_PACKAGE	Package			
UI	lang0.pak	DST_HLS_ITEM_TOOLTIP_PACKAGE_ITEM	%s %d more			
UI	lang0.pak	DST_HLS_ITEM_TYPE_ACCOUNT_STORE	Extend Time of Bank Account			
UI	lang0.pak	DST_HLS_ITEM_TYPE_ADD_CHARACTER	Seniors can add more Characters			
UI	lang0.pak	DST_HLS_ITEM_TYPE_ADD_CHARACTER_PLUS	You can add a Character			
UI	lang0.pak	DST_HLS_ITEM_TYPE_EXP_ZENNY	Add Zeni to Gain Bonus EXP			
UI	lang0.pak	DST_HLS_ITEM_TYPE_GMT	Extend Time			
UI	lang0.pak	DST_HLS_ITEM_TYPE_ITEM_CREATE	Cash Shop Capsule			
UI	lang0.pak	DST_HLS_ITEM_TYPE_PACKAGE	Bundles			
UI	lang0.pak	DST_HLS_QUICK_LINK	Related Items			
UI	lang0.pak	DST_HLS_REFRESH	Refresh			
UI	lang0.pak	DST_HLS_SEARCH	Search			
UI	lang0.pak	DST_HLS_SEARCH_GUIDE	Enter Item Name			
UI	lang0.pak	DST_HLS_SLOT_BUY	Buy			
UI	lang0.pak	DST_HLS_SLOT_GIFT	Gift			
UI	lang0.pak	DST_HLS_SLOT_PREVIEW	Preview			
UI	lang0.pak	DST_HLS_TITLE	Cash Shop			
UI	lang0.pak	DST_RESETS_TITLE	Reset your Character Level			
UI	lang0.pak	DST_HOIPOIMIX_BUTTON_CREATE	Start			
UI	lang0.pak	DST_HOIPOIMIX_BUTTON_STOP	Stop			
UI	lang0.pak	DST_HOIPOIMIX_CONCENT_CATEGORY	Controls			
UI	lang0.pak	DST_HOIPOIMIX_CONCENT_CATEGORY_EX	Progress			
UI	lang0.pak	DST_HOIPOIMIX_CONCENT_RATE_BAD	Bad			
UI	lang0.pak	DST_HOIPOIMIX_CONCENT_RATE_GOOD	Good			
UI	lang0.pak	DST_HOIPOIMIX_CONCENT_RATE_PERFECT	Perfect			
UI	lang0.pak	DST_HOIPOIMIX_CREATE	Create HoiPoi Mix			
UI	lang0.pak	DST_HOIPOIMIX_CREATE_FAILED	Failed-%s			
UI	lang0.pak	DST_HOIPOIMIX_CREATE_FAILED_NOTIFY	Failed Crafting! %s			
UI	lang0.pak	DST_HOIPOIMIX_CREATE_FIRST_GUIDE	Press Space Bar at correct time to get -Superb- Crafting Bonus			
UI	lang0.pak	DST_HOIPOIMIX_CREATE_NEED_MATERIAL	Not enough materials			
UI	lang0.pak	DST_HOIPOIMIX_CREATE_NEED_SET_NUMBER	Set # of items to Craft			
UI	lang0.pak	DST_HOIPOIMIX_CREATE_SUCCESSED_NOTIFY	%d successful crafted.			
UI	lang0.pak	DST_HOIPOIMIX_CREATE_SUCCESS_GREAT	Superb-%s			
UI	lang0.pak	DST_HOIPOIMIX_CREATE_SUCCESS_GREAT_NOTIFY	Superb! %s Crafted Bonus			
UI	lang0.pak	DST_HOIPOIMIX_CREATE_SUCCESS_NORMAL	Success-%s			
UI	lang0.pak	DST_HOIPOIMIX_CREATE_SUCCESS_NORMAL_NEW	Success-%s (%s)			
UI	lang0.pak	DST_HOIPOIMIX_CREATE_SUCCESS_NORMAL_NOTIFY	Success! %s Crafted.			
UI	lang0.pak	DST_HOIPOIMIX_CREATE_SUCCESS_NORMAL_NOTIFY_NEW	Success! %s (%s)Crafted.			
UI	lang0.pak	DST_HOIPOIMIX_CREATE_TAB	Create			
UI	lang0.pak	DST_HOIPOIMIX_EMPTY_BY_FILTER	No Recipes found			
UI	lang0.pak	DST_HOIPOIMIX_EP_CONTROL_NEED_MORE_EP	Need more EP			
UI	lang0.pak	DST_HOIPOIMIX_EP_CONTROL_NOTICE_MSGBOX	"[align = ""center""]HoiPoi Mix Guide[br][br]The concentration control[br]EP is used[br][br]You can't create item when EP is low[br]Please stop, and recover your EP[br][br]If you proceed without EP, chance of success is lower[br][br]Do you want to mix?"			
UI	lang0.pak	DST_HOIPOIMIX_FARERATE	Mix Machine Setup Fee			
UI	lang0.pak	DST_HOIPOIMIX_GUIDE_ALREADY_REGIST_THIS_MATERIAL	Item already Registered			
UI	lang0.pak	DST_HOIPOIMIX_GUIDE_CAN_NOT_DEVIDE_MATERIAL	Can't Divide Item			
UI	lang0.pak	DST_HOIPOIMIX_GUIDE_CAN_NOT_REGIST_MATERIAL_FOR_CREATING	Can't register			
UI	lang0.pak	DST_HOIPOIMIX_GUIDE_CAN_NOT_UNREGIST_MATERIAL_FOR_CREATING	Can't unregister			
UI	lang0.pak	DST_HOIPOIMIX_GUIDE_NEED_TO_CLOSE_RECIPE_WINDOW	Close Window			
UI	lang0.pak	DST_HOIPOIMIX_GUIDE_NEED_TO_CORRECT_MATERIAL	Wrong Item			
UI	lang0.pak	DST_HOIPOIMIX_GUIDE_NEED_TO_REGIST_REQUIRED_MATERIAL	Register the items.			
UI	lang0.pak	DST_HOIPOIMIX_GUIDE_NEED_TO_UNREGIST_MATERIAL	Unregister Item			
UI	lang0.pak	DST_HOIPOIMIX_GUI_TITLE	HoiPoi Mix			
UI	lang0.pak	DST_HOIPOIMIX_INFOWND_NEED_TO_CREATE	Item needed			
UI	lang0.pak	DST_HOIPOIMIX_MACHINE_CREATE_FAIL_BY_POSITION	Can't Generate HoiPoi Mix in this Location			
UI	lang0.pak	DST_HOIPOIMIX_MACHINE_DEL	Recover Machine			
UI	lang0.pak	DST_HOIPOIMIX_MATERIAL_CATEGORY	Prepare			
UI	lang0.pak	DST_HOIPOIMIX_NEED_TO_SELECT_RECIPE	Choose a Recipe!			
UI	lang0.pak	DST_HOIPOIMIX_PREVIEW_CATEGORY	Preview			
UI	lang0.pak	DST_HOIPOIMIX_RECIPE_FILTER_BUILT_IN	Built			
UI	lang0.pak	DST_HOIPOIMIX_RECIPE_FILTER_NORMAL	Normal			
UI	lang0.pak	DST_HOIPOIMIX_RECIPE_FILTER_SPECIAL	Special			
UI	lang0.pak	DST_HOIPOIMIX_RECIPE_FILTER_TOTAL	Total			
UI	lang0.pak	DST_HOIPOIMIX_RECIPE_FILTER_EVENT	Events			
UI	lang0.pak	DST_HOIPOIMIX_RECIPE_TAB	Recipes			
UI	lang0.pak	DST_HOIPOIMIX_REGISTER_RECIPE	%s Recorded			
UI	lang0.pak	DST_HOIPOIMIX_REGISTER_SKILL	%s crafting learned.			
UI	lang0.pak	DST_HOIPOIMIX_REQUIRED_LEVEL	Required Lv.%d			
UI	lang0.pak	DST_HOIPOIMIX_REQUIRED_ZENNY	Cost: %d			
UI	lang0.pak	DST_HOIPOIMIX_REQUIRED_ZENNY_ON_MIXMACHINE	[Off] repair: %d			
UI	lang0.pak	DST_HOIPOIMIX_SKILL_RESET_MSGBOX	"[align = ""center""]Crafting Reset[br][br]If you lose Crafting[br]you can't make the Items anymore[br][br]you lose : %s[br][br]if you drop crafting[br]all recipes delete[br][br]Unlearn this crafting specialty?"			
UI	lang0.pak	DST_HOIPOIMIX_SKILL_RESET_RESULT	%s Unlearned			
UI	lang0.pak	DST_HOIPOIMIX_SKILL_SET_MSGBOX	"[align = ""center""]Learn crafting:[br][br]Through crafting[br]Items can be created.[br][br]For this crafting specialty[br]you require:[br][br]To learn crafting: %s[br][br]Level : %d or higher[br]Zeni : %s[br][br]Craft as follow:[br]1. Learn crafting Technique[br]2. Get Recipe[br]3. Get Materials[br]4. Mix in Mix Machine[br][br]Do you want to learn this specialty?"			
UI	lang0.pak	DST_HOIPOIMIX_TOOLTIP_CALC	Set number of items to craft			
UI	lang0.pak	DST_HOIPOIMIX_TOOLTIP_CREATE	Press Space exactly when blue bar is between the green lines.			
UI	lang0.pak	DST_HOIPOIMIX_TOOLTIP_CREATE_NEW	Can create different quality Item.			
UI	lang0.pak	DST_HOIPOIMIX_TOOLTIP_MAX	Set number of items to craft			
UI	lang0.pak	DST_HOIPOIMIX_TOOLTIP_STOP	Stop the creating progress			
UI	lang0.pak	DST_HOIPOIMIX_UNSET_FARERATE	Price Unknown			
UI	lang0.pak	DST_H_FIGHTER_STREET_SWORD	Martial Artist Classes			
UI	lang0.pak	DST_H_MYSTIC_CRANE_TURTLE	Spiritualist Classes			
UI	lang0.pak	DST_INIT_SKILL_ONE_POINT_CAN_NOT_DO_IT_NOW	Can't do it right now.			
UI	lang0.pak	DST_INIT_SKILL_ONE_POINT_CAN_NOT_INIT_HTB	HTB can't be initialized.			
UI	lang0.pak	DST_INIT_SKILL_ONE_POINT_SUCCESS	Acquired a skill point.			
UI	lang0.pak	DST_INPUT_YOUR_ID	"[align = ""center""][font size = ""12"" color=""f4d762""]Confirm ID[/font][br][br][font size = ""10"" color=""269eff""]You have entered nothing.[br]Please enter your ID[/font][br][br][font size = ""10"" color=""f36a7c""]User details:[br]2-8 characters[/font][br][br][font size = ""10"" color=""ffffff""]Click OK[/font]"			
UI	lang0.pak	DST_INPUT_YOUR_PASSWORD	"[align = ""center""][font size = ""12"" color=""f4d762""]Password[/font][br][br]Please enter your Password[br][br]Remember to keep it secure."			
UI	lang0.pak	DST_INVENTORY_SORT_MSGBOX	"[align = ""center""][font size = ""12"" color=""f4d762""]Sort: %s[/font][br][br][font size = ""10"" color=""ffffff""]Sort the items within your backpack?[/font]"			
UI	lang0.pak	DST_RESET_CONFIRM_MSGBOX	"[align = ""center""][font size = ""12"" color=""f4d762""]Reset: %s[/font][br][br][font size = ""10"" color=""ffffff""]By doing this, your character will return to   Level 1 and receive a bonus. Are you sure?[/font]"			
UI	lang0.pak	DST_INVENTORY_SORT_UNABLE	Unable to sort Item			
UI	lang0.pak	DST_LOBBY_MUST_LOGIN_FIRST	"[align = ""center""][font size = ""12"" color=""f4d762""]Appearance Change[/font][br][br][font size = ""10"" color=""ffffff""]You need login your Character First![/font]"			
UI	lang0.pak	DST_LOBBY_EDIT_ONLY_LAST	"[align = ""center""][font size = ""12"" color=""f4d762""]Appearance Change[/font][br][br][font size = ""10"" color=""ffffff""]Edit only the Last Character used![/font]"			
UI	lang0.pak	DST_ITEM	Item			
UI	lang0.pak	DST_ITEMDISASSEMBLETABNAME	Disassemble Equipment			
UI	lang0.pak	DST_ITEMDISASSEMBLE_CLOSE	Close			
UI	lang0.pak	DST_ITEMDISASSEMBLE_INFO	Click on the icon and\nchoose the Item			
UI	lang0.pak	DST_ITEMDISASSEMBLE_RESULT_NAME	Disassemble result			
UI	lang0.pak	DST_ITEMDISASSEMBLE_RESULT_TITLE	Obtaining material!			
UI	lang0.pak	DST_ITEMDOWNGRADE_ARMOR	Armor can be downgraded to level %d.			
UI	lang0.pak	DST_ITEMDOWNGRADE_NOT	Item can't be downgraded			
UI	lang0.pak	DST_ITEMDOWNGRADE_WEAPON	Weapon can be downgraded to level %d.			
UI	lang0.pak	DST_ITEMGRADETRANSFER_COMMENT	"[align = ""left""][font size = ""12"" color=""ffffff""]Item Grade transfer[/font][br][br][font size = ""10"" color=""ffffff""]Items can be upgraded but[br]the additive item disappears.[/font]"			
UI	lang0.pak	DST_ITEMGRADETRANSFER_COMPLETE_COMMENT	"[align = ""left""][font size = ""10"" color=""ffffff""]Transfer complete[br][br]Start transfer for %s ?[/font]"			
UI	lang0.pak	DST_ITEMGRADETRANSFER_ITEMLEVEL_ERR	Item doesn't meet the level.			
UI	lang0.pak	DST_ITEMGRADETRANSFER_ITEMTOOLTIP	Insert upgrade item.			
UI	lang0.pak	DST_ITEMGRADETRANSFER_ITEMTYPE_ERR	Only the same type work.			
UI	lang0.pak	DST_ITEMGRADETRANSFER_MATERIALCNT_ERR	More mysterious powder needed.			
UI	lang0.pak	DST_ITEMGRADETRANSFER_MATERIALNEED_COMMENT	"[align = ""left""][font size = ""10"" color=""f36a7c""]%d mysterious Powder [/font][font size = ""10"" color=""269eff""]Level %d[/font][br][font size = ""10"" color=""ffffff""]to enhance item [/font][font size = ""10"" color=""f4d762""]%s[br][/font][font size = ""10"" color=""ffffff""]Press the button please.[/font]"			
UI	lang0.pak	DST_ITEMGRADETRANSFER_MATERIALTOOLTIP	Place mysterious powder.			
UI	lang0.pak	DST_ITEMGRADETRANSFER_MATERIALTYPE_ERR	To proceed insert mysterious powder.			
UI	lang0.pak	DST_ITEMGRADETRANSFER_NOGRADEITEM_ERR	First, upgrade the item.			
UI	lang0.pak	DST_ITEMGRADETRANSFER_OK	Item Level Transfer			
UI	lang0.pak	DST_ITEMGRADETRANSFER_REQUESTION	"[align = ""center""][font size = ""12"" color=""f36a7c""]Notifications[/font][br][br][font size = ""10"" color=""ffffff""]Reinforced grades consume:[br][/font][font size = ""10"" color=""f4d762""] %s + %d[br][/font][font size = ""10"" color=""ffffff""]Are you sure you want to proceed?[/font]"			
UI	lang0.pak	DST_ITEMGRADETRANSFER_RESULTCOMMENT	"[align = ""center""][font size = ""12"" color=""f4d762""]Reinforced grades completed[/font][br][br][font size = ""10"" color=""ffffff""]It has acquired the following items.[br][br][/font][font size = ""10"" color=""f4d762""]%s + %d[br][/font]"			
UI	lang0.pak	DST_ITEMGRADETRANSFER_TARGETTOOLTIP	Insert Target-Item please			
UI	lang0.pak	DST_ITEMLIST	Item list			
UI	lang0.pak	DST_ITEMLIST_REMAINTIME	Time Left: %dd %dh			
UI	lang0.pak	DST_ITEMLIST_REMAINTIME_H	Time Left: %dh			
UI	lang0.pak	DST_ITEMPROPERTY_NOTIFY_TRANSITEM_NEED_LEVEL_ERR	Need an Item same or higher level			
UI	lang0.pak	DST_ITEMPROPERTY_NOTIFY_TRANSITEM_NONE	Insert the item as target first			
UI	lang0.pak	DST_ITEMPROPERTY_NOTIFY_TRANSITEM_RANK_ERR	Item must be same or above quality			
UI	lang0.pak	DST_ITEMPROPERTY_TRANSFER	Change Attributes			
UI	lang0.pak	DST_ITEMPROPERTY_TRANSFER_INFOTITLE	Select an element and apply PROP to gloves or jacket.			
UI	lang0.pak	DST_ITEMUPGRADE_ARMORDATAINFO	Press the button to attempt to upgrade by 1 level.			
UI	lang0.pak	DST_ITEMUPGRADE_ARMORTYPE	Armor Upgrade.			
UI	lang0.pak	DST_ITEMUPGRADE_ARMOR_ITEMTEXT	Level %d Gear can be upgraded.			
UI	lang0.pak	DST_ITEMUPGRADE_ARMOR_STONE	Level %d Gear can be upgraded.			
UI	lang0.pak	DST_ITEMUPGRADE_BROKEN	Item destroyed [ %s + %d ]			
UI	lang0.pak	DST_ITEMUPGRADE_BTNCLICK	Click button to attempt Upgrade.			
UI	lang0.pak	DST_ITEMUPGRADE_BTN_CANCEL	Cancel			
UI	lang0.pak	DST_ITEMUPGRADE_BTN_COMPOUND	Upgrade			
UI	lang0.pak	DST_ITEMUPGRADE_BTN_COMPOUND_DOWN	Downgrade			
UI	lang0.pak	DST_ITEMUPGRADE_COUPON_ARMOR	100%% chance to increase armor level by %d			
UI	lang0.pak	DST_ITEMUPGRADE_COUPON_COMMENT	Insert an equipment item.			
UI	lang0.pak	DST_ITEMUPGRADE_COUPON_FULL	100%% chance to increase item level by %d			
UI	lang0.pak	DST_ITEMUPGRADE_COUPON_LAST_COMMENT	You can only upgrade items that are not reinforced.			
UI	lang0.pak	DST_ITEMUPGRADE_COUPON_LEVEL_ERR	Coupon level too low for this item			
UI	lang0.pak	DST_ITEMUPGRADE_COUPON_TYPE_ERR	Can't use coupon with this type of item			
UI	lang0.pak	DST_ITEMUPGRADE_COUPON_USE_ITEM_ERR	Item is too strong to be used with coupons.			
UI	lang0.pak	DST_ITEMUPGRADE_COUPON_WEAPON	100%% chance to increase weapon level by %d			
UI	lang0.pak	DST_ITEMUPGRADE_DESTROY_PREDICT	High Break Rate			
UI	lang0.pak	DST_ITEMUPGRADE_DLGTITLE	Upgrade items			
UI	lang0.pak	DST_ITEMUPGRADE_DOWN_VALUE_MSG	Upgrade failed, reduced by %d.			
UI	lang0.pak	DST_ITEMUPGRADE_EX_AMRORGREATER_INFO	Item will gain 1-3 levels if successful.			
UI	lang0.pak	DST_ITEMUPGRADE_EX_AMRORUPGRADE_INFO	Item will gain 1 level if successful.			
UI	lang0.pak	DST_ITEMUPGRADE_EX_AMRORUPGRADE_ONLY	Level 1 ~ %d items can be upgraded.			
UI	lang0.pak	DST_ITEMUPGRADE_EX_ARMORDOWNGRADE_INFO	Item will lose 1 level.			
UI	lang0.pak	DST_ITEMUPGRADE_EX_ARMORDOWNGRADE_ONLY	Item can only be downgraded.			
UI	lang0.pak	DST_ITEMUPGRADE_EX_CON	Upgrade			
UI	lang0.pak	DST_ITEMUPGRADE_EX_GUARD_STONE_ALL_USE	All Whitestones used.			
UI	lang0.pak	DST_ITEMUPGRADE_EX_GUARD_STONE_SLOT	Place Whitestone.			
UI	lang0.pak	DST_ITEMUPGRADE_EX_ITEM_SLOT	Item upgrade slot			
UI	lang0.pak	DST_ITEMUPGRADE_EX_RETURN	Back			
UI	lang0.pak	DST_ITEMUPGRADE_EX_RE_ARMORDWONSTONE	Stone level too low.			
UI	lang0.pak	DST_ITEMUPGRADE_EX_RE_ARMORSTONE_INFO	Attempt to upgrade level %d  armor.			
UI	lang0.pak	DST_ITEMUPGRADE_EX_RE_WEAPONDWONSTONE	Place stone.			
UI	lang0.pak	DST_ITEMUPGRADE_EX_RE_WEAPONSTONE	Stone level too low.			
UI	lang0.pak	DST_ITEMUPGRADE_EX_RE_WEAPONSTONE_INFO	Attempt to upgrade level %d weapon.			
UI	lang0.pak	DST_ITEMUPGRADE_EX_SELECT	Upgrade			
UI	lang0.pak	DST_ITEMUPGRADE_EX_STONE_SLOT	Upgrade stone slot			
UI	lang0.pak	DST_ITEMUPGRADE_EX_TEXTINFO	Chances will go down even if upgrade fails.			
UI	lang0.pak	DST_ITEMUPGRADE_EX_TITLE	Item Upgrade			
UI	lang0.pak	DST_ITEMUPGRADE_EX_WEAPONDOWNGRADE_INFO	Item will lose 1 level.			
UI	lang0.pak	DST_ITEMUPGRADE_EX_WEAPONDOWNGRADE_ONLY	Item can only be downgraded.			
UI	lang0.pak	DST_ITEMUPGRADE_EX_WEAPONGREATER_INFO	Item will gain 1-3 levels if successful.			
UI	lang0.pak	DST_ITEMUPGRADE_EX_WEAPONUPGRADE_INFO	Item will gain 1 level if successful.			
UI	lang0.pak	DST_ITEMUPGRADE_EX_WEAPONUPGRADE_ONLY	Level 1 ~ %d items can be upgraded			
UI	lang0.pak	DST_ITEMUPGRADE_FAIL	Upgrade failed.			
UI	lang0.pak	DST_ITEMUPGRADE_GUARDSTONE_IS_LOW_LEVEL	Whitestone level is too low.			
UI	lang0.pak	DST_ITEMUPGRADE_GUARDSTONE_NOT_NEED	Whitestone not needed.			
UI	lang0.pak	DST_ITEMUPGRADE_INFO	The upgrade can go up to +20. If you use the special stones, they can increase the upgrade by +2 to +3 levels.			
UI	lang0.pak	DST_ITEMUPGRADE_INFOTITLE	Upgrade			
UI	lang0.pak	DST_ITEMUPGRADE_INFO_CORE_SLOT	HoiPoi prevent destruction			
UI	lang0.pak	DST_ITEMUPGRADE_INFO_DEFENCE	Defense			
UI	lang0.pak	DST_ITEMUPGRADE_INFO_HOIPOI_SLOT_ATTR	 mean			
UI	lang0.pak	DST_ITEMUPGRADE_INFO_HOIPOI_SLOT_ATTR_BETTER	 %.0f%% Gain			
UI	lang0.pak	DST_ITEMUPGRADE_INFO_HOIPOI_SLOT_ATTR_WORSE	 %.0f%% Loss			
UI	lang0.pak	DST_ITEMUPGRADE_INFO_HOIPOI_SLOT_EMPTY_LINE1	If changed successful:			
UI	lang0.pak	DST_ITEMUPGRADE_INFO_HOIPOI_SLOT_EMPTY_LINE2_1	 against 			
UI	lang0.pak	DST_ITEMUPGRADE_INFO_HOIPOI_SLOT_EMPTY_LINE3	Fail mean attribute cleared.			
UI	lang0.pak	DST_ITEMUPGRADE_INFO_HOIPOI_SLOT_EMPTY_TITLE	 assigned			
UI	lang0.pak	DST_ITEMUPGRADE_INFO_HOIPOI_SLOT_IN_1_BLACKCHANGE	%s will be downgraded.			
UI	lang0.pak	DST_ITEMUPGRADE_INFO_HOIPOI_SLOT_IN_1_CHANGE	If Successful item: %s will get different stats.			
UI	lang0.pak	DST_ITEMUPGRADE_INFO_HOIPOI_SLOT_IN_1_NO_BLACKCHANGE	Downgrade won't change stats.			
UI	lang0.pak	DST_ITEMUPGRADE_INFO_HOIPOI_SLOT_IN_1_NO_CHANGE	No changes if upgrade fails			
UI	lang0.pak	DST_ITEMUPGRADE_INFO_HOIPOI_SLOT_IN_2_BAD	Bad chance on success			
UI	lang0.pak	DST_ITEMUPGRADE_INFO_HOIPOI_SLOT_IN_2_BEST	Best chance on success			
UI	lang0.pak	DST_ITEMUPGRADE_INFO_HOIPOI_SLOT_IN_2_COMMON	Change to the stats due to failure,			
UI	lang0.pak	DST_ITEMUPGRADE_INFO_HOIPOI_SLOT_IN_2_GOOD	Good chance on success			
UI	lang0.pak	DST_ITEMUPGRADE_INFO_HOIPOI_SLOT_IN_2_LITTLE_BAD	Small chance on failure.			
UI	lang0.pak	DST_ITEMUPGRADE_INFO_HOIPOI_SLOT_IN_2_LITTLE_GOOD	Small chance on success			
UI	lang0.pak	DST_ITEMUPGRADE_INFO_HOIPOI_SLOT_IN_2_NORMAL	Normal chance on success			
UI	lang0.pak	DST_ITEMUPGRADE_INFO_HOIPOI_SLOT_IN_3	Item changes if upgrade fails.			
UI	lang0.pak	DST_ITEMUPGRADE_INFO_HOIPOI_SLOT_IN_3_NO_CHANGE	No changes if upgrade fails.			
UI	lang0.pak	DST_ITEMUPGRADE_INFO_ITEM_SLOT	Insert gloves or jacket here.			
UI	lang0.pak	DST_ITEMUPGRADE_INFO_OFFENCE	Damage			
UI	lang0.pak	DST_ITEMUPGRADE_RESULT_INFO	After +6, it's mandatory to use a white stone to progress and protect your equipment.			
UI	lang0.pak	DST_ITEMUPGRADE_ITEMDATAINFO	If you don't use a white stone after +4, your item might fail and downgrade, returning to +0.			
UI	lang0.pak	DST_ITEMUPGRADE_ITEMGUARDINFO	If you don't use a white stone after +6, the item might break, resulting in its permanent loss.			
UI	lang0.pak	DST_ITEMUPGRADE_ITEMSLOT_ERROR	Can't upgrade item.			
UI	lang0.pak	DST_ITEMUPGRADE_ITEM_TOOTLP	Place weapon or armor.			
UI	lang0.pak	DST_ITEMUPGRADE_STOP	Stop!			
UI	lang0.pak	DST_ITEMUPGRADE_MAINTITLE	1. Upgrade			
UI	lang0.pak	DST_ITEMUPGRADE_MSG_BLACKHOIPOISTONE_IN_FAIL_CLASS	Level too low			
UI	lang0.pak	DST_ITEMUPGRADE_MSG_BLACKHOIPOISTONE_IN_FAIL_QUANTITY	"[font size = ""10"" color = ""ffff33""]%s is insufficient.[br][br]%s[/font][font size = ""10"" color = ""dd0010""] %d[/font][font size = ""10"" color = ""ffff33""] requires %s[br]When successful, the item will decrease by 1.[/font]"			
UI	lang0.pak	DST_ITEMUPGRADE_MSG_BLACK_HOIPOISTONE_IN	"[font size = ""10"" color = ""ffffff""]Item ready.[br]Click an element slot to choose the PROP you want.[br]No sacrifice item required.[/font]"			
UI	lang0.pak	DST_ITEMUPGRADE_MSG_CHANGE_ATTR	Stat Changes[br]%s Stats %s Stat changes			
UI	lang0.pak	DST_ITEMUPGRADE_MSG_DOWNGRADEREADY	Possible downgrade[br]%s[br][br]Downgrade success rate 100%%[br]%s Change %s%s			
UI	lang0.pak	DST_ITEMUPGRADE_MSG_ENERGY_DOWN	Energy Attack %s Decrease %d -> %d			
UI	lang0.pak	DST_ITEMUPGRADE_MSG_ENERGY_UP	Energy Attack %s Increase %d -> %d			
UI	lang0.pak	DST_ITEMUPGRADE_MSG_HOIPOISTONE_IN	Please insert to upgrade weapons and armor[br][br]Higher chance on success on lower grade items.			
UI	lang0.pak	DST_ITEMUPGRADE_MSG_HOIPOISTONE_IN_FAIL_CLASS	HoiPoi Stone Level is too low.			
UI	lang0.pak	DST_ITEMUPGRADE_MSG_HOIPOISTONE_IN_FAIL_QUANTITY	%s need more[br][br]%s[br]%d %d need more and/or higher success rating items			
UI	lang0.pak	DST_ITEMUPGRADE_MSG_ITEM_IN	Please put in HoiPoi stones[br][br]When you upgrade[br]: %d HoiPoi stone [br] %d are required.[br][br]When downgrade[br] : %d black stones are required			
UI	lang0.pak	DST_ITEMUPGRADE_MSG_MAXLEVEL_ITEM_IN	"[font size = ""10"" color = ""FFFF33""]Please insert a second item[br][br]Note: A Second Item increases the success rate.[/font]"			
UI	lang0.pak	DST_ITEMUPGRADE_MSG_MINLEVEL_ITEM_IN	Please insert a second item[br][br]Note: A Second Item increase the success rate.			
UI	lang0.pak	DST_ITEMUPGRADE_MSG_NO_CHANGE_ATTR	No stats changed			
UI	lang0.pak	DST_ITEMUPGRADE_MSG_NO_CHANGE_PARAMETER	No change			
UI	lang0.pak	DST_ITEMUPGRADE_MSG_PHYSICAL_DOWN	Attack%s Decrease %d -> %d			
UI	lang0.pak	DST_ITEMUPGRADE_MSG_PHYSICAL_UP	Attack %s Increase %d -> %d			
UI	lang0.pak	DST_ITEMUPGRADE_MSG_PUREHOIPOISTONE_IN_FAIL_QUANTITY	%s Need more[br][br]%s %d Stone required[br]Success will increase the item rated 1~3			
UI	lang0.pak	DST_ITEMUPGRADE_MSG_PURE_ENERGY_UP	Pure Energy Attack %s Increase %d -> %d			
UI	lang0.pak	DST_ITEMUPGRADE_MSG_PURE_HOIPOISTONE_IN	Please insert to upgrade weapons and armor.[br][br]Success will increase the item rated 1-3			
UI	lang0.pak	DST_ITEMUPGRADE_MSG_PURE_PHYSICAL_UP	Pure Attack %s Increase %d -> %d			
UI	lang0.pak	DST_ITEMUPGRADE_MSG_SLOT_IS_EMPTY	"[font size = ""10"" color = ""ffffff""]Insert gloves or jacket into the center slot.[br]Then click an element to select the desired PROP.[/font]"			
UI	lang0.pak	DST_ITEMUPGRADE_MSG_UNDOWNGRADABLE_ITEM	This item Can't be Downgraded.			
UI	lang0.pak	DST_ITEMUPGRADE_MSG_UNUPGRADABLE_ITEM	This item Can't  be Upgraded.			
UI	lang0.pak	DST_ITEMUPGRADE_MSG_UPGRADEREADY	Upgrade Available[br]At Failure, item may be lost[br]%s[br][br]Upgrade Successful[br]%s Change%s%s[br][br]Upgrade Failure[br]Fail Rate: %d%%[br]%s Change%s%s			
UI	lang0.pak	DST_ITEMUPGRADE_MSG_USE_HOIPOISTONECOUNT	%s %d Using			
UI	lang0.pak	DST_ITEMUPGRADE_NOTIFY_CANNOT_CONTROL_STATE	No Upgrade Slots			
UI	lang0.pak	DST_ITEMUPGRADE_NOTIFY_CANNOT_DOWNGRADE	Can't Downgrade Anymore			
UI	lang0.pak	DST_ITEMUPGRADE_NOTIFY_CANNOT_INSERT_DUPLEX	This slot isn't empty.			
UI	lang0.pak	DST_ITEMUPGRADE_NOTIFY_CANNOT_INSERT_GUARDSTONE	This slot isn't empty.			
UI	lang0.pak	DST_ITEMUPGRADE_NOTIFY_CANNOT_INSERT_HOIPOISTONE	Insert the target item first.			
UI	lang0.pak	DST_ITEMUPGRADE_NOTIFY_CANNOT_PICKUP_UPGRADE_ITEM	Please use the right mouse button.			
UI	lang0.pak	DST_ITEMUPGRADE_NOTIFY_CANNOT_UPGRADE	Can't Upgrade Anymore			
UI	lang0.pak	DST_ITEMUPGRADE_NOTIFY_CAN_INSERT_ONLY_CORESTONE	Wrong Item			
UI	lang0.pak	DST_ITEMUPGRADE_NOTIFY_CAN_INSERT_ONLY_HOIPOISTONE	Wrong Item			
UI	lang0.pak	DST_ITEMUPGRADE_NOTIFY_CAN_INSERT_ONLY_UPGRADEBLE_ITEM	Only for Weapon or Jacket type			
UI	lang0.pak	DST_ITEMUPGRADE_NOTIFY_CAN_INSERT_ONLY_UPGRADEITEM_OR_HOIPOISTONE	Only for Weapon or Jacket type			
UI	lang0.pak	DST_ITEMUPGRADE_NOTIFY_CORESTONE_NO_USE_TO_BLACK_HOIPOISTONE	HoiPoi stone is unavailable.			
UI	lang0.pak	DST_ITEMUPGRADE_NOTIFY_CORESTONE_STOP_DESTROY_ITEM	HoiPoi Stone Prevent Destruction			
UI	lang0.pak	DST_ITEMUPGRADE_NOTIFY_DURATIONTYPE_ERR	Durability expired.			
UI	lang0.pak	DST_ITEMUPGRADE_NOTIFY_NEED_TO_REGISTER_HOIPOISTONE	Need HoiPoi Stone			
UI	lang0.pak	DST_ITEMUPGRADE_NOT_ITEMLEFTBUTTON	Right click please.			
UI	lang0.pak	DST_ITEMUPGRADE_PREDICT	High Success Rate			
UI	lang0.pak	DST_ITEMUPGRADE_PREDICT_BAD	Bad			
UI	lang0.pak	DST_ITEMUPGRADE_PREDICT_GOOD	Good			
UI	lang0.pak	DST_ITEMUPGRADE_PREDICT_HOPELESS	Hopeless			
UI	lang0.pak	DST_ITEMUPGRADE_PREDICT_NORMAL	Normal			
UI	lang0.pak	DST_ITEMUPGRADE_PREDICT_POOR	Poor			
UI	lang0.pak	DST_ITEMUPGRADE_PREDICT_VERYGOOD	Very Good			
UI	lang0.pak	DST_ITEMUPGRADE_PREDICT_VERYPOOR	Very Poor			
UI	lang0.pak	DST_ITEMUPGRADE_RESTLT_REPORT_DOWNGRADE	Item dropped(%d > %d)			
UI	lang0.pak	DST_ITEMUPGRADE_RESULT_MSG_DOWNGRADE_SUCCESS	Downgrade Success			
UI	lang0.pak	DST_ITEMUPGRADE_RESULT_MSG_FAIL	Upgrade Fail			
UI	lang0.pak	DST_ITEMUPGRADE_RESULT_MSG_SUCCESS	Item successfully Upgraded!			
UI	lang0.pak	DST_ITEMUPGRADE_RESULT_REPORT_ATTRIBUTE	Item Attribute Change (%s > %s)			
UI	lang0.pak	DST_ITEMUPGRADE_RESULT_REPORT_ITEM_DESTROY	The Item was Broken			
UI	lang0.pak	DST_ITEMUPGRADE_RESULT_REPORT_NO_ATTRIBUTE_CHANGE	Attribute untouched			
UI	lang0.pak	DST_ITEMUPGRADE_RESULT_REPORT_NO_ENERGY_DEFENCE_CHANGE	Eng. defense untouched			
UI	lang0.pak	DST_ITEMUPGRADE_RESULT_REPORT_NO_ENERGY_OFFENCE_CHANGE	Eng. attack untouched			
UI	lang0.pak	DST_ITEMUPGRADE_RESULT_REPORT_NO_PHYSICAL_DEFENCE_CHANGE	Phy. defense untouched			
UI	lang0.pak	DST_ITEMUPGRADE_RESULT_REPORT_NO_PHYSICAL_OFFENCE_CHANGE	Phy. attack untouched			
UI	lang0.pak	DST_ITEMUPGRADE_RESULT_REPORT_STATUS_ENERGY_DEFENCE_DOWN	Eng. defense decrease (%d -> %d)			
UI	lang0.pak	DST_ITEMUPGRADE_RESULT_REPORT_STATUS_ENERGY_DEFENCE_UP	Eng. defense increase (%d -> %d)			
UI	lang0.pak	DST_ITEMUPGRADE_RESULT_REPORT_STATUS_ENERGY_OFFENCE_DOWN	Eng. attack decrease (%d -> %d)			
UI	lang0.pak	DST_ITEMUPGRADE_RESULT_REPORT_STATUS_ENERGY_OFFENCE_UP	Eng. attack increase (%d -> %d)			
UI	lang0.pak	DST_ITEMUPGRADE_RESULT_REPORT_STATUS_PHYSICAL_DEFENCE_DOWN	Phy. defense decrease (%d -> %d)			
UI	lang0.pak	DST_ITEMUPGRADE_RESULT_REPORT_STATUS_PHYSICAL_DEFENCE_UP	Phy. defense increase (%d -> %d)			
UI	lang0.pak	DST_ITEMUPGRADE_RESULT_REPORT_STATUS_PHYSICAL_OFFENCE_DOWN	Phy. attack decrease (%d -> %d)			
UI	lang0.pak	DST_ITEMUPGRADE_RESULT_REPORT_STATUS_PHYSICAL_OFFENCE_UP	Phy. attack increase (%d -> %d)			
UI	lang0.pak	DST_ITEMUPGRADE_RESULT_REPORT_UPGRADE	Item Upgrade +(%d > %d)			
UI	lang0.pak	DST_ITEMUPGRADE_SELECTCARD	Select a card.			
UI	lang0.pak	DST_ITEMUPGRADE_SELECTCLICKINFO	Press the button to attempt upgrade.			
UI	lang0.pak	DST_ITEMUPGRADE_SLOT_LEVEL_ERROR	Incorrect stone level.			
UI	lang0.pak	DST_ITEMUPGRADE_SLOT_OKDATA	Press the button to begin.			
UI	lang0.pak	DST_ITEMUPGRADE_SLOT_OKINFO	Items are ready.			
UI	lang0.pak	DST_ITEMUPGRADE_STONE	Level %s stone needed			
UI	lang0.pak	DST_ITEMUPGRADE_STONELEVEL	Stone level too low.			
UI	lang0.pak	DST_ITEMUPGRADE_STONESLOT_ERROR	Wrong stone type.			
UI	lang0.pak	DST_ITEMUPGRADE_STONETYPE	Wrong stone type.			
UI	lang0.pak	DST_ITEMUPGRADE_STONE_TOOTLP	Put upgrade stone here.			
UI	lang0.pak	DST_ITEMUPGRADE_SUBTITLE	2. Item upgrade			
UI	lang0.pak	DST_ITEMUPGRADE_SUBTITLE_01	2. Downgrade Item			
UI	lang0.pak	DST_ITEMUPGRADE_SUBTITLE_02	3. Item Protection			
UI	lang0.pak	DST_ITEMUPGRADE_SUCCESS	Success! Item upgraded.			
UI	lang0.pak	DST_ITEMUPGRADE_TEXTDATA	Results [ %s + %d ]			
UI	lang0.pak	DST_ITEMUPGRADE_WEAPONTYPE	Weapon Upgrade.			
UI	lang0.pak	DST_ITEMUPGRADE_WEAPON_ITEMTEXT	Level %d Weapon can be upgraded.			
UI	lang0.pak	DST_ITEMUPGRADE_WEAPON_STONE	Level %d Weapon can be upgraded.			
UI	lang0.pak	DST_ITEM_BAG_FULL	Bag Full			
UI	lang0.pak	DST_ITEM_BEAD_CONFIRM_MESSAGE	Are you sure you want to use this item?			
UI	lang0.pak	DST_ITEM_BEAD_DESTROY_CONFIR_MESSAGE	"[align = ""center""][font size = ""12"" color=""f4d762""]Remove Effect[/font][br][br][font size = ""10"" color=""f36a7c""]Removed effects can't be recovered.[br]Are you sure to remove it?[/font]"			
UI	lang0.pak	DST_ITEM_BEAD_DESTROY_SUCCESS	Effects successfully removed.			
UI	lang0.pak	DST_ITEM_BEAD_DESTROY_TOOLTIP	Dogi effects can be removed with Shift+right mouse button.			
UI	lang0.pak	DST_ITEM_BEAD_EXPLANATION	Randomly attached two properties\nto the Dogi.			
UI	lang0.pak	DST_ITEM_BEAD_INFO_TITLE	Dogiball effect			
UI	lang0.pak	DST_ITEM_BEAD_NOT_REGISTED	Unregistered			
UI	lang0.pak	DST_ITEM_BEAD_RESULT_MSG_SUCCESS	Successful applied an effect			
UI	lang0.pak	DST_ITEM_BEAD_TEXT_01_EXPLANATION	Insert a Dogiball activates bind effect			
UI	lang0.pak	DST_ITEM_BEAD_TEXT_01_TITLE	1. Binding effects:			
UI	lang0.pak	DST_ITEM_BEAD_TEXT_02_EXPLANATION	The effect can be removed but the Dogiball\nwill be lost.			
UI	lang0.pak	DST_ITEM_BEAD_TEXT_02_TITLE	2. Remove Dogiball:			
UI	lang0.pak	DST_ITEM_BEAD_TEXT_03_EXPLANATION	If the Dogi effect ball fails the item will be\ndestroyed.			
UI	lang0.pak	DST_ITEM_BEAD_TEXT_03_TITLE	3. Dogiball fails:			
UI	lang0.pak	DST_ITEM_BEAD_TITLE	item attributes embedded			
UI	lang0.pak	DST_ITEM_BEAD_TOOLTIP_01	Level and above: %d			
UI	lang0.pak	DST_ITEM_BEAD_TOOLTIP_02	Apply to: Dogi			
UI	lang0.pak	DST_ITEM_BEAD_TOOLTIP_03	Click right mouse and use on Dogi			
UI	lang0.pak	DST_ITEM_BEAD_YES	Yes			
UI	lang0.pak	DST_ITEM_BUY_COST	Cost: %u			
UI	lang0.pak	DST_ITEM_CAN_NOT_DELETE	Can't Discard			
UI	lang0.pak	DST_ITEM_CAN_NOT_DISASSEMBLE	Can't be decomposed.			
UI	lang0.pak	DST_ITEM_CAN_NOT_DISCARD_NOT_PICKUP	Can't Discard & Can't Loot.			
UI	lang0.pak	DST_ITEM_CAN_NOT_DISCARD_NOT_STATE	Can't Discard.			
UI	lang0.pak	DST_ITEM_CAN_NOT_EQUIP_EXPIRED_DURATION	Item Expired			
UI	lang0.pak	DST_ITEM_CAN_NOT_EQUIP_ZERO_DURABILITY	Item is Broken			
UI	lang0.pak	DST_ITEM_CAN_NOT_IDENTIFIED_SELL	Mystery Items can't be sold.			
UI	lang0.pak	DST_ITEM_CAN_NOT_MOVE_BAG_EXPIRED_DURATION	Bag Expired			
UI	lang0.pak	DST_ITEM_CAN_NOT_MOVE_BASICBAG	Can't Move.			
UI	lang0.pak	DST_ITEM_CAN_NOT_MOVE_ERROR_PACKET_SEND	Network Error, Try Again Later			
UI	lang0.pak	DST_ITEM_CAN_NOT_MOVE_ERROR_SERIAL_ID	"[align = ""center""]Item ID Error[br][br]An error has occurred with the Item ID.[br][br]Dragon Ball Online will now Exit."			
UI	lang0.pak	DST_ITEM_CAN_NOT_MOVE_NETPYSTORE	Item Can't Be Moved.			
UI	lang0.pak	DST_ITEM_CAN_NOT_MOVE_NOT_EMPTY_BAG	Empty Bag Can't Be Moved			
UI	lang0.pak	DST_ITEM_CAN_NOT_MOVE_NOT_EQUIAL_EQUIPTYPE	Different from the Equip that can be used.			
UI	lang0.pak	DST_ITEM_CAN_NOT_MOVE_SCOUTER_EXPIRED_DURATION	Scouter has Expired.			
UI	lang0.pak	DST_ITEM_CAN_NOT_MOVE_THERE	Can't be moved there.			
UI	lang0.pak	DST_ITEM_CAN_NOT_MOVE_TO_BAGSLOT_FULLBAGSLOT	Bag Full Can't Move.			
UI	lang0.pak	DST_ITEM_CAN_NOT_MOVE_TO_BAGSLOT_NOT_BAG	Can't Move Bag into Bag.			
UI	lang0.pak	DST_ITEM_CAN_NOT_MOVE_TO_EQUIP_NOT_EQUIPITEM	Can't be worn.			
UI	lang0.pak	DST_ITEM_CAN_NOT_MOVE_TO_SCOUTER_NOT_SCOUTERPARTS	Not a Scouter Part.			
UI	lang0.pak	DST_ITEM_CAN_NOT_MOVE_TO_WAREHOUSE	Can't Bank			
UI	lang0.pak	DST_ITEM_CAN_NOT_SAVE_COMMON_WAREHOUSE	Can't Bank.			
UI	lang0.pak	DST_ITEM_CAN_NOT_SELL	Can't Sell			
UI	lang0.pak	DST_ITEM_CAN_NOT_TRADE	Item can't be traded			
UI	lang0.pak	DST_ITEM_CAN_NOT_UNEQUIP_BAG_FULL	Can't un-equip Bag.			
UI	lang0.pak	DST_ITEM_CAN_NOT_USE_DURING_DOJO_SCRAMBLE	Disabled for scramble			
UI	lang0.pak	DST_ITEM_CAN_NOT_USE_EXPIRED_ITEM	Item Expired			
UI	lang0.pak	DST_ITEM_CAN_NOT_USE_MAX_EP	EP is 100%			
UI	lang0.pak	DST_ITEM_CAN_NOT_USE_MAX_LP	LP is 100%			
UI	lang0.pak	DST_ITEM_CAN_NOT_USE_MAX_RP_BALL	RP is 100%			
UI	lang0.pak	DST_ITEM_CAN_NOT_USE_NO_DOJO_SCRAMBLE_SEAL	Can't Use Scramble Seal.			
UI	lang0.pak	DST_ITEM_CLOSE_ATTACK_RANGE	Melee Range			
UI	lang0.pak	DST_ITEM_CONFIRM_DROP	"[align = ""center""][font size = ""12"" color=""f4d762""]Item Discard[/font][br][br][font size = ""10"" color=""269eff""]You are Discarding this Item.[/font][br][br][font size = ""10"" color=""f36a7c""]Item: %s[/font][br][br][font size = ""10"" color=""f36a7c""]You won't get this Item back.[/font][br][br][font size = ""10"" color=""ffffff""]Discard Item?[/font]"			
UI	lang0.pak	DST_ITEM_CONFIRM_DROP_ON_REMOTE_SELL	"[align = ""center""][font size=""12""color=""f4d762""]Items sold[/font][br][br][font size=""10""color=""f36a7c""]Can't be sold.[/font]"			
UI	lang0.pak	DST_ITEM_COUNT	 %d items			
UI	lang0.pak	DST_ITEM_DIFF_STATUS	+ %u			
UI	lang0.pak	DST_ITEM_DIVISION_DICE_BID	By Dice			
UI	lang0.pak	DST_ITEM_DIVISION_DICE_BID_TOOLTIP	Play Dice			
UI	lang0.pak	DST_ITEM_DIVISION_DICE_BID_TOOLTIP_CANNOT_BID	Isn't your class, can't dice.			
UI	lang0.pak	DST_ITEM_DIVISION_DICE_CANCEL	Canceled			
UI	lang0.pak	DST_ITEM_DIVISION_DICE_CANCEL_TOOLTIP	Don't participate in the dice roll.			
UI	lang0.pak	DST_ITEM_DIVISION_DICE_FARE	Reserve			
UI	lang0.pak	DST_ITEM_DIVISION_DICE_FARE_TOOLTIP	Reserve the item if no one dices.			
UI	lang0.pak	DST_ITEM_DIVISION_DICE_LIMIT_TIME	"[align = ""center""][font size = ""10""color=""5feb5f""] After %d seconds will be automatically cancelled.[/font][/align]"			
UI	lang0.pak	DST_ITEM_DOEXTEND_SIDE_TEXT	Your Armor Broke			
UI	lang0.pak	DST_ITEM_DOFIX_SIDE_TEXT	Armor Durability Under 30%			
UI	lang0.pak	DST_ITEM_ENERGY_CLASS	Caster Class			
UI	lang0.pak	DST_ITEM_FUEL_EFFICIENCY	Fuel Consumed %d per second			
UI	lang0.pak	DST_ITEM_IDENTIFY_MUST_IDENTIFY	Identify the item.			
UI	lang0.pak	DST_ITEM_INFO_USABLE_PLACE	%s Available			
UI	lang0.pak	DST_ITEM_IS_IDENTIFIED_ALREADY	This Item Has Been Identified Already			
UI	lang0.pak	DST_ITEM_IS_UNIDENTIFIED	This Item Isn't Identified			
UI	lang0.pak	DST_ITEM_LIMITED_DELETE	No-Discard			
UI	lang0.pak	DST_ITEM_MOVE_SPEED	Speed: %d			
UI	lang0.pak	DST_ITEM_NEED_CON	Need %5d CON			
UI	lang0.pak	DST_ITEM_NEED_DEX	Need %5d DEX			
UI	lang0.pak	DST_ITEM_NEED_ENG	Need %5d ENG			
UI	lang0.pak	DST_ITEM_NEED_FOC	Need %5d FOC			
UI	lang0.pak	DST_ITEM_NEED_SOL	Need %5d SOL			
UI	lang0.pak	DST_ITEM_NEED_STR	Need %5d STR			
UI	lang0.pak	DST_ITEM_NO_TARGET_APPOINTED	No Target!			
UI	lang0.pak	DST_ITEM_OPTION_EFFECT	Item Effect			
UI	lang0.pak	DST_ITEM_OPTION_RESTRUCTURE_BUY	Buy			
UI	lang0.pak	DST_ITEM_OPTION_RESTRUCTURE_CANNOT_MOVE	The item can't be moved there			
UI	lang0.pak	DST_ITEM_OPTION_RESTRUCTURE_CANNOT_RESTRUCTURE	Unable to restructure			
UI	lang0.pak	DST_ITEM_OPTION_RESTRUCTURE_CLOSE	Close			
UI	lang0.pak	DST_ITEM_OPTION_RESTRUCTURE_COMPLETE	Complete			
UI	lang0.pak	DST_ITEM_OPTION_RESTRUCTURE_CONFIRM_MESSAGE	"[align = ""center""][font size = ""12"" color=""f4d762""]Item restructuring[/font][br][br][font size = ""10"" color=""f36a7c""]The Item specifics will be deleted,[br]and reorganized.[/font][br][br][font size = ""10"" color=""f4d762""]Confirmation: Item restructuring[/font][br][br][font size = ""10"" color=""ff1e1e""]Are you sure you want to restructure it?[/font]"			
UI	lang0.pak	DST_ITEM_OPTION_RESTRUCTURE_OPTION_KIT_TITLE	Properties box			
UI	lang0.pak	DST_ITEM_OPTION_RESTRUCTURE_RESTRUCTURE_OPTION_TITLE	New States			
UI	lang0.pak	DST_ITEM_OPTION_RESTRUCTURE_START	Restructuring			
UI	lang0.pak	DST_ITEM_OPTION_RESTRUCTURE_TARGET_ITEM_TITLE	Items			
UI	lang0.pak	DST_ITEM_OPTION_RESTRUCTURE_TARGET_OPTION_TITLE	States			
UI	lang0.pak	DST_ITEM_OPTION_RESTRUCTURE_TITLE	Item Reconstruction			
UI	lang0.pak	DST_ITEM_PHYSICAL_CLASS	Melee Class			
UI	lang0.pak	DST_ITEM_RECIPE_TYPE_ACCESSORY	Accessory Recipe			
UI	lang0.pak	DST_ITEM_RECIPE_TYPE_CLOTH_ARMOR	Armor Recipe			
UI	lang0.pak	DST_ITEM_RECIPE_TYPE_EVENT	Event Recipe			
UI	lang0.pak	DST_ITEM_RECIPE_TYPE_FOOD_DRINK	Basic Recipe			
UI	lang0.pak	DST_ITEM_RECIPE_TYPE_MAIN_WEAPON	Weapon Recipe			
UI	lang0.pak	DST_ITEM_RECIPE_TYPE_SUB_WEAPON	Sub Weapon Recipe			
UI	lang0.pak	DST_ITEM_RECIPE_TYPE_TECH_ARMOR	Tech Armor Recipe			
UI	lang0.pak	DST_ITEM_REMOTE_SELL	"[align = ""center""]Sell items[br][br]with special scout part[br]not losing 50% of the price[br][br]selling items : %s[br]Sale Price(50%%): %s Zeni[br]item will be gone[br][br]sell this item"			
UI	lang0.pak	DST_ITEM_REPAIR_COST	Repairs: %u			
UI	lang0.pak	DST_ITEM_SELL_COST	Price: %s			
UI	lang0.pak	DST_ITEM_SELL_VERIFICATION	"[align = ""center""][font size = ""12"" color=""f4d762""]Sale of Item[/font][br][br][font size = ""10"" color=""ffffff""]Selected item is improved.[br][br][font size = ""10"" color=""dd0010""]Sold items can't be undone.[br][br][/font]"			
UI	lang0.pak	DST_ITEM_SPECIAL_CLASS	Specialized Class			
UI	lang0.pak	DST_ITEM_SPECIAL_EFFECT	Specific Effects: Performance +10%			
UI	lang0.pak	DST_ITEM_SPECIAL_RACE	Specific Races			
UI	lang0.pak	DST_ITEM_STONE_CAPSULE_COUNT	Slots required for use: %d			
UI	lang0.pak	DST_ITEM_TRANSFORM_POTION_MSG	"[align = ""center""][font size = ""12"" color=""f4d762""]Change Appearance[/font][br][br][font size = ""10"" color=""269eff""]Change the time and become an adult or child.[/font][br][br][font size = ""10"" color=""f36a7c""]Consume item: %s[/font][br][br][font size = ""10"" color=""f4d762""]After successful change the appearance to[br]be an adult or child it can't be restored[br]without another use of the item.[/font][br][br][font size = ""10"" color=""ffffff""]Change appearance now?[/font][br]"			
UI	lang0.pak	DST_ITEM_UNIDENTIFIED	Mystery Item			
UI	lang0.pak	DST_ITEM_USE_ALARM	Please use the Item.			
UI	lang0.pak	DST_ITEM_USE_ITEM_LEVEL_TEXT	Lv.%d			
UI	lang0.pak	DST_ITEM_USE_ITEM_MIN_MAX_LEVEL_TEXT	Lv.%d - %d			
UI	lang0.pak	DST_JOB_ALIEN_ENGINEER	Alien Engineer			
UI	lang0.pak	DST_JOB_ARMOR_MERCHANT	Armor Merchant			
UI	lang0.pak	DST_JOB_BANKER	Banker			
UI	lang0.pak	DST_JOB_BUDOHSI_MERCHANT	Dojo Merchant			
UI	lang0.pak	DST_JOB_BUS	Transportation			
UI	lang0.pak	DST_JOB_CHAMPION_MERCHANT	Champion merchant			
UI	lang0.pak	DST_JOB_DOGI_MERCHANT	Dogi Merchant			
UI	lang0.pak	DST_JOB_DOJO_BANKER	Dojo Bank			
UI	lang0.pak	DST_JOB_DOJO_MANAGER	Dojo Manager			
UI	lang0.pak	DST_JOB_DOJO_MERCHANT	Dojo Merchant			
UI	lang0.pak	DST_JOB_DOJO_SEAL	Dojo Seal			
UI	lang0.pak	DST_JOB_DWC_NPC	DWC Teleporter			
UI	lang0.pak	DST_JOB_EVENT_NPC	Event Manager			
UI	lang0.pak	DST_JOB_GAMBLE_MERCHANT	Mudosa Gambler			
UI	lang0.pak	DST_JOB_GATE_KEEPER	Gate Keeper			
UI	lang0.pak	DST_JOB_GOODS_MERCHANT	Goods Merchant			
UI	lang0.pak	DST_JOB_GRAND_SKILL_TRAINER_HEN	Engineering Master			
UI	lang0.pak	DST_JOB_GRAND_SKILL_TRAINER_HFI	Martial Arts Master			
UI	lang0.pak	DST_JOB_GRAND_SKILL_TRAINER_HMY	Spiritualist Master			
UI	lang0.pak	DST_JOB_GRAND_SKILL_TRAINER_MMI	Mighty Majin Master			
UI	lang0.pak	DST_JOB_GRAND_SKILL_TRAINER_MWO	Wonder Majin Master			
UI	lang0.pak	DST_JOB_GRAND_SKILL_TRAINER_NFI	Warrior Master			
UI	lang0.pak	DST_JOB_GRAND_SKILL_TRAINER_NMY	Dragon Clan Master			
UI	lang0.pak	DST_JOB_GUARD	Guard			
UI	lang0.pak	DST_JOB_GUILD_MANAGER	Guild Manager			
UI	lang0.pak	DST_JOB_ITEMUPGREAD_MERCHANT	Upgrade Merchant			
UI	lang0.pak	DST_JOB_MASCOTEX_GAMBLE_MERCHANT	Pet Machine			
UI	lang0.pak	DST_JOB_MASCOTEX_MERCHANT	Pet Merchant			
UI	lang0.pak	DST_JOB_MASCOT_GAMBLE_MERCHANT	Pet Machine			
UI	lang0.pak	DST_JOB_MASCOT_MERCHANT	Pet Merchant			
UI	lang0.pak	DST_JOB_MIX_MASTER	Crafting Master			
UI	lang0.pak	DST_JOB_POTALMAN	Teleporter			
UI	lang0.pak	DST_JOB_QUEST_MERCHANT	Quest Merchant			
UI	lang0.pak	DST_JOB_RECEPTION	Budokai Receptionist			
UI	lang0.pak	DST_JOB_REFEREE	Referee			
UI	lang0.pak	DST_JOB_SCOUTER_MERCHANT	Scouter Merchant			
UI	lang0.pak	DST_JOB_SKILL_TRAINER_HEN	Engineer Expert			
UI	lang0.pak	DST_JOB_SKILL_TRAINER_HFI	Martial Artist Expert			
UI	lang0.pak	DST_JOB_SKILL_TRAINER_HMY	Spiritualist Expert			
UI	lang0.pak	DST_JOB_SKILL_TRAINER_MMI	Mighty Majin Expert			
UI	lang0.pak	DST_JOB_SKILL_TRAINER_MWO	Wonder Majin Expert			
UI	lang0.pak	DST_JOB_SKILL_TRAINER_NFI	Warrior Expert			
UI	lang0.pak	DST_JOB_SKILL_TRAINER_NMY	Dragon Clan Expert			
UI	lang0.pak	DST_JOB_SPECIAL_ARMOR_MERCHANT	Special Armor Merchant			
UI	lang0.pak	DST_JOB_SPECIAL_FOODS_MERCHANT	Special Foods Merchant			
UI	lang0.pak	DST_JOB_SPECIAL_GOODS_MERCHANT	Special Goods Merchant			
UI	lang0.pak	DST_JOB_SPECIAL_SCOUTER_MERCHANT	Special Scouter Merchant			
UI	lang0.pak	DST_JOB_SPECIAL_WEAPON_MERCHANT	Special Weapons Merchant			
UI	lang0.pak	DST_JOB_SUB_WEAPON_MERCHANT	Sub Weapons			
UI	lang0.pak	DST_JOB_SUMMON_PET	Pet Summoner			
UI	lang0.pak	DST_JOB_TALKER	NPC			
UI	lang0.pak	DST_WEEK_MONDAY	Monday			
UI	lang0.pak	DST_WEEK_TUESDAY	Tuesday			
UI	lang0.pak	DST_WEEK_WEDNESDAY	Wednesday			
UI	lang0.pak	DST_WEEK_THURSDAY	Thursday			
UI	lang0.pak	DST_WEEK_FRIDAY	Friday			
UI	lang0.pak	DST_WEEK_SATURDAY	Saturday			
UI	lang0.pak	DST_WEEK_SUNDAY	Sunday			
UI	lang0.pak	DST_JOB_TIMEMACHINE_MERCHANT	TMQ Merchant			
UI	lang0.pak	DST_JOB_VEHICLE_MERCHANT	Vehicle Merchant			
UI	lang0.pak	DST_JOB_VENDING_MACHINE	Vending Machine			
UI	lang0.pak	DST_JOB_WEAPON_MERCHANT	Weapons Merchant			
UI	lang0.pak	DST_KNOCKDOWN	Knockdown			
UI	lang0.pak	DST_LACK_OF_CASH	Not Enough Cash			
UI	lang0.pak	DST_LACK_OF_NETPY	Not Enough Tokens			
UI	lang0.pak	DST_LACK_OF_ZENNY	Not Enough Zeni			
UI	lang0.pak	DST_LEVEL_OF_DIFFICULT	Difficulty			
UI	lang0.pak	DST_LIMIT_BREAK	Breakthrough			
UI	lang0.pak	DST_LIMIT_CURRENTWEIGHT	Current Weight %d			
UI	lang0.pak	DST_LIMIT_HEAVY	Heavy			
UI	lang0.pak	DST_LIMIT_LIGHT	Light			
UI	lang0.pak	DST_LIMIT_MANYHEAVY	Heavier			
UI	lang0.pak	DST_LIMIT_MAXWEIGHT	Weight Limit %d			
UI	lang0.pak	DST_LIMIT_PROXIMITY	Heavierer			
UI	lang0.pak	DST_LIMIT_SOMEHEAVY	Heaviererer			
UI	lang0.pak	DST_LIMIT_VERYHEAVY	Heaviest			
UI	lang0.pak	DST_LIMIT_WEIGHTCURRENTDATA	Weight : %d			
UI	lang0.pak	DST_LIMIT_WEIGHTINFO	Weight Info			
UI	lang0.pak	DST_LIMTI_WEIGHT	Weight			
UI	lang0.pak	DST_LIVE_EVENT_FINISH	"[align = ""center""]All Events Complete![br](Items will be awarded at end of event.)"			
UI	lang0.pak	DST_LIVE_EVENT_LEVEL_1_MESSAGEBOX	"[align = ""center""]Event Stage 1[br]Items will be awarded at end of event.[br][br][font size = ""10"" color=""ffff00""]HL Capsule Box Z32 [30 Days][br]Wireless Popo [20x][br]Speed Potion [20x][/font]"			
UI	lang0.pak	DST_LIVE_EVENT_LEVEL_2_MESSAGEBOX	"[align = ""center""]Event Stage 2[br]Items will be awarded at end of event.[br][br][font size = ""10"" color=""ffff00""]HL Capsule Box Z32 [30 Days][br]Wireless Popo [20x][br]Speed Potion [20x][br]Pet+[/font]"			
UI	lang0.pak	DST_LIVE_EVENT_LEVEL_3_MESSAGEBOX	"[align = ""center""]Event Stage 3[br]Items will be awarded at end of event.[br][br][font size = ""10"" color=""ffff00""]HL Capsule Box Z32 [30 Days][br]Wireless Popo [20x][br]Speed Potion [20x][br]Pet+[br]Event Title[br]Event Clothes[/font]"			
UI	lang0.pak	DST_LIVE_EVENT_PANGPANG_MESSAGE	Event Progress : %d%%			
UI	lang0.pak	DST_LIVE_EVENT_PANGPANG_TITLE	Event Stage %d			
UI	lang0.pak	DST_LOBBY_ADD_CHARACTER	"[align = ""center""][font size = ""12"" color=""f4d762""]Character Creation[/font][br][br][font size = ""10"" color=""f36a7c""]You are about to finish the[br]Character Creation Process.[br][br]Choose your character settings[br]carefully because they can't be[br]changed afterwards.[/font][br][br][font size = ""10"" color=""ffffff""]Do you wish to create this character?[/font]"			
UI	lang0.pak	DST_LOBBY_ASK_RENAME	"[align = ""center""]Character Rename[br][br]Warning[br]Renaming Character[br]You Can't use Same Name[br]or the game won't Start.[br][br]Input New Name"			
UI	lang0.pak	DST_LOBBY_CAN_NOT_USE_CHAR_UNTIL_RENAME	"[align = ""center""]Character Rename[br][br]Can't use character[br]until after rename is complete.[br][br]"			
UI	lang0.pak	DST_LOBBY_CAN_NOT_USE_THE_WORD	"[align = ""center""][font size = ""12"" color=""f4d762""]Word Note[/font][br][br][font size = ""10"" color=""f36a7c""]Can't use the word you entered[/font][br][br][font size = ""10"" color=""ffffff""]Enter Again.[/font]"			
UI	lang0.pak	DST_LOBBY_CHANNEL_RACE_INFO	Race(%s)BUFF Apply this channel.			
UI	lang0.pak	DST_LOBBY_CHAR	Select			
UI	lang0.pak	DST_LOBBY_COMPLETE_RENAME	"[align = ""center""]Character Rename[br][br]From : %s[br]To : %s"			
UI	lang0.pak	DST_LOBBY_CONFIRM_ADD_RANDOM_SUPERIOR_WARRIOR	"[align = ""center""]Select Champion[br][br]Random stat chosen.[br][br]"			
UI	lang0.pak	DST_LOBBY_CONFIRM_ADD_SUPERIOR_WARRIOR	"[align = ""center""]Select Champion[br][br]You have selected:[br][br]%s ability"			
UI	lang0.pak	DST_LOBBY_CONFIRM_RENAME	"[align = ""center""]Character Rename[br][br]Confirm your character rename.[br][br]From : %s[br]To : %s"			
UI	lang0.pak	DST_LOBBY_DEFAULT_POSITION_HUMAN	Human Start Location			
UI	lang0.pak	DST_LOBBY_DEFAULT_POSITION_MAJIN	Majin Start Location			
UI	lang0.pak	DST_LOBBY_DEFAULT_POSITION_NAMEK	Namekian Start Location			
UI	lang0.pak	DST_LOBBY_DEL_CHARACTER	"[align = ""center""][font size = ""12"" color=""f4d762""]Delete Character[/font][br][br][font size = ""10"" color=""f36a7c""]Enter the DBO account password.[br][br][font size = ""10"" color=""ffffff""]Enter the password:[/font]"			
UI	lang0.pak	DST_LOBBY_DEL_CHARACTER_ALARM	"[align = ""center""]Character deleted."			
UI	lang0.pak	DST_LOBBY_DEL_OVERLIST_CHARACTER	"[align = ""center""][font size = ""12"" color=""f4d762""]Instant delete[/font][br][br][font size = ""10"" color=""ffffff""]Delete Character can't be undone[br]Please enter your password[/font]"			
UI	lang0.pak	DST_LOBBY_DEL_SERV_COMBINE_AFTER_CHARACTER	"[align = ""center""]Notify[br][br]Server merge coming soon[br][br]"			
UI	lang0.pak	DST_LOBBY_DEL_SERV_COMBINE_CHARACTER	"[align = ""center""]Notify[br][br]Server merge coming soon[br]"			
UI	lang0.pak	DST_LOBBY_EMPTYNAME	"[align = ""center""][font size=""12""color=""f4d762""]Enter Name[/font][br][br][font size=""10""color=""ffffff""]You haven't entered anything.[/font]"			
UI	lang0.pak	DST_LOBBY_ENABLE_LOCAL_TEXT	Local Text.			
UI	lang0.pak	DST_LOBBY_HUMAN_ENGINEER	Mechanics and inventors who[br]build weapons and utilize[br]technology, much like Bulma[br.			
UI	lang0.pak	DST_LOBBY_HUMAN_EXPLAIN	The Humans live on planet Earth.[br]They are speculated to be jacks[br]of all trades and fit any role.			
UI	lang0.pak	DST_LOBBY_HUMAN_FIGHTER	Fighters who specialize in[br]martial arts, comparable to[br]characters like Yamcha and[br]Krillin from the original[br]Dragon Ball series.			
UI	lang0.pak	DST_LOBBY_HUMAN_MYSTIC	Mystics who specialize in[br]spiritual techniques, like[br]Chiaotzu and Tien, who can use[br]Tri-Beam.			
UI	lang0.pak	DST_LOBBY_LEFT_DELETE_TIME	Time Until Deletion			
UI	lang0.pak	DST_LOBBY_MAJIN_EXPLAIN	The Majins live on an unknown [br]planet. They are speculated to[br]be adept in support roles, but[br]especially in healing.			
UI	lang0.pak	DST_LOBBY_MAKE	Create			
UI	lang0.pak	DST_LOBBY_SAVE	Save Character			
UI	lang0.pak	DST_LOBBY_APPEARANCE_CHANGE	Appearance Change			
UI	lang0.pak	DST_LOBBY_MIGHTY_MAJIN	Slender, evil-looking Majin[br]who have a similar[br]appearance to Majin Buu's[br]original, pure form. This[br]class utilizes physical combat[br]skills[br].			
UI	lang0.pak	DST_LOBBY_MUST_CHOICE_CHANNEL	"[align = ""center""]Choose a Channel to Login"			
UI	lang0.pak	DST_LOBBY_MUST_CHOICE_CHAR	"[align = ""center""]Character[br][br]You can choose which Character to play[br][br]choose a Character."			
UI	lang0.pak	DST_LOBBY_MUST_CHOICE_SERVER	"[align = ""center""]Server Selection[br][br]Choose a server[br][br]You can't move Characters between servers[br]be careful.[br][br]choose a server"			
UI	lang0.pak	DST_LOBBY_NAMEK_EXPLAIN	The Namekians live on the[br]planet Namek. They are[br]speculated to be adept in melee[br]combat or healing[br](Dragon Clan).			
UI	lang0.pak	DST_LOBBY_NAMEK_FIGHTER	Members of the Namekian[br]warrior caste, which[br]include Piccolo.			
UI	lang0.pak	DST_LOBBY_NAMEK_MYSTIC	Members of the Namekian[br]support caste which have[br]special abilities including[br]healing, such as Dende.			
UI	lang0.pak	DST_LOBBY_NO_HAVE_ZENNY	No Zeni			
UI	lang0.pak	DST_LOBBY_NO_RELPY_SERVER	"[align = ""center""]No reply from server[br][br]Connect Impossible. [br][br]No response  [br]try again later."			
UI	lang0.pak	DST_LOBBY_PERIOD	expires in %d			
UI	lang0.pak	DST_LOBBY_PLEASE_CHECK_DEL_AND_RECOVERY_DATA	"[align = ""center""][font size = ""12"" color=""f4d762""]Confirm the information[/font][br][br][font size = ""10"" color=""f36a7c""]Delete the Character requires the[br]last 3 numbers from your ID-Card[br]for game security reason.[/font][br][br][font size = ""10"" color=""ffffff""]Please enter them.[/font]"			
UI	lang0.pak	DST_LOBBY_RACE	Race			
UI	lang0.pak	DST_LOBBY_RANDOM_CHOICE	Random			
UI	lang0.pak	DST_LOBBY_RECOVERY_CHAR	"[align = ""center""][font size = ""12"" color=""f4d762""]Recover Character[/font][br][br][font size = ""10"" color=""f36a7c""]Enter the DBO account password[br]Or alternatively you can [br] type [/font][font size = ""10"" color=""74F36B""]123456789[/font].[br][br][font size = ""10"" color=""ffffff""]Enter the password:[/font]"			
UI	lang0.pak	DST_LOBBY_RECOVERY_CHAR_INFO	Recover Character			
UI	lang0.pak	DST_LOBBY_RESERVATED_CHAR	"[align = ""center""]Pending Delete[br][br]Request Pending"			
UI	lang0.pak	DST_LOBBY_RETURN	Back			
UI	lang0.pak	DST_LOBBY_ROOKY_CHANNEL	Channel 2			
UI	lang0.pak	DST_LOBBY_SKIN	Skin			
UI	lang0.pak	DST_LOBBY_STATE	Status			
UI	lang0.pak	DST_LOBBY_UNTIL_DEL_CHAR	Deleted in %d%s			
UI	lang0.pak	DST_LOBBY_WONDER_MAJIN	Fat, happy-looking Majin who[br]resembles Majin Buu's good[br]form. This class utilizes[br]magical combat skills.			
UI	lang0.pak	DST_LOBBY_YOU_CAN_CHOICE_SERVER	Choose Server			
UI	lang0.pak	DST_LOBBY_YOU_MUST_CHOICE_SUPERIOR_POWER	"[align = ""center""]Create Champion[br][br]Choose power of champion.[br][/align]"			
UI	lang0.pak	DST_HUD_REMOTE_SERVICE_COMBAT	Cannot open Mail or Auction House while in combat.			
UI	lang0.pak	DST_HUD_REMOTE_SERVICE_COOLDOWN	Please wait %u seconds before opening again.			
UI	lang0.pak	DST_HUD_REMOTE_SERVICE_OPEN_NOTICE	Mail and Auction House will close automatically when you enter combat.			
UI	lang0.pak	DST_HUD_REMOTE_AUCTION_TOOLTIP	Auction House			
UI	lang0.pak	DST_MAIN_CAPSULEKIT_CANT_MOVE	No chance, default capsule kit.			
UI	lang0.pak	DST_MARKET_SELLTIME_HOUT	%dh			
UI	lang0.pak	DST_MARKET_SELLTIME_MIN	%dm			
UI	lang0.pak	DST_MASCOT	Pet			
UI	lang0.pak	DST_MASCOTEX_BAG	Mascot Bag			
UI	lang0.pak	DST_MASCOTEX_FUSIONBUTTON	Fuse			
UI	lang0.pak	DST_MASCOTEX_FUSION_DEFENCEITEM_AGAINE	Item already exists.			
UI	lang0.pak	DST_MASCOTEX_FUSION_DEFENCEITEM_LEFTCLICK	Right-click to remove.			
UI	lang0.pak	DST_MASCOTEX_FUSION_DEFENCEITEM_NO	No item available.			
UI	lang0.pak	DST_MASCOTEX_FUSION_EXPLACK	Mascot EXP is too low.			
UI	lang0.pak	DST_MASCOTEX_FUSION_EXPLANATION	"1. During the fusion the offering pet will[br]be consumed.[br]2. There's a chance of failing the fusion.[br]3. A [font color=""f36a7c""]Pet Fuse Item[/font] will increase the[br]success chance.[br][font color=""f4d762""]Do you want to evolve the pet by fusing?[/font]"			
UI	lang0.pak	DST_MASCOTEX_FUSION_MAINMASCOT_SUMMONING	Un-summon Pet to fuse it.			
UI	lang0.pak	DST_MASCOTEX_FUSION_OPEN_AGAINE	Window is already open			
UI	lang0.pak	DST_MASCOTEX_FUSION_OVERGRADE	Pet level already max.			
UI	lang0.pak	DST_MASCOTEX_FUSION_SUBMASCOT_DELETED	The sacrificed pet rests in peace			
UI	lang0.pak	DST_MASCOTEX_FUSION_SUBMASCOT_LEFTCLICK	Right-click to remove the pet			
UI	lang0.pak	DST_MASCOTEX_FUSION_SUBMASCOT_MAINMASCOT	Main Pet already registered.			
UI	lang0.pak	DST_MASCOTEX_FUSION_SUBMASCOT_REGISTER	Include a pet that\nyou want to sacrifice.			
UI	lang0.pak	DST_MASCOTEX_FUSION_SUBMASCOT_SUMMONING	Un-summon Pet first			
UI	lang0.pak	DST_MASCOTEX_FUSION_TOOLTIP	Fuse Pets to make a better one			
UI	lang0.pak	DST_MASCOTEX_FUTIONTITEL	Fusion			
UI	lang0.pak	DST_MASCOTEX_GRADE_1	Child			
UI	lang0.pak	DST_MASCOTEX_GRADE_2	Adult			
UI	lang0.pak	DST_MASCOTEX_GRADE_3	Light armed			
UI	lang0.pak	DST_MASCOTEX_GRADE_4	Heavily armed			
UI	lang0.pak	DST_MASCOTEX_MASCOTNAME	Mascot Name			
UI	lang0.pak	DST_MASCOTEX_MASCOTSEAL_CONFIRM_BOX	"[font size = ""9"" color = ""ffffff""]Sealed Mascots return to your inventory[br]Are you sure?[/font]"			
UI	lang0.pak	DST_MASCOTEX_MASCOTSEAL_EXPALANATION	To seal the Pet a different amount\nof seal kits are required.			
UI	lang0.pak	DST_MASCOTEX_MASCOTSEAL_FULL_INVENTORY	Inventory is full			
UI	lang0.pak	DST_MASCOTEX_MASCOTSEAL_FULL_MASCOTINVENTORY	Pet-Inventory is full			
UI	lang0.pak	DST_MASCOTEX_MASCOTSEAL_MASCOT	Pets			
UI	lang0.pak	DST_MASCOTEX_MASCOTSEAL_MASCOT_EXPALANATION	Please insert a pet			
UI	lang0.pak	DST_MASCOTEX_MASCOTSEAL_NEED_KIT	A seal kit is required			
UI	lang0.pak	DST_MASCOTEX_MASCOTSEAL_NEED_MASCOT	A Pet is required.			
UI	lang0.pak	DST_MASCOTEX_MASCOTSEAL_NEED_MORE_KIT	You need more seal kits			
UI	lang0.pak	DST_MASCOTEX_MASCOTSEAL_NOT_SEALITEM	Please insert a pet seal kit			
UI	lang0.pak	DST_MASCOTEX_MASCOTSEAL_SEALKIT	Pet Seal Kit			
UI	lang0.pak	DST_MASCOTEX_MASCOTSEAL_SEALKIT_EXPALANATION	Please place seal kit.			
UI	lang0.pak	DST_MASCOTEX_MASCOTSEAL_SUMMON	Pet is summoned			
UI	lang0.pak	DST_MASCOTEX_MASCOTSEAL_TITEL	Pet seal			
UI	lang0.pak	DST_MASCOTEX_MASCOT_GRADE	(Grade)			
UI	lang0.pak	DST_MASCOTEX_MAX_GRADE_LIMITED	Pet already max Grade			
UI	lang0.pak	DST_MASCOTEX_NOT_SELECT	No Pet has been selected			
UI	lang0.pak	DST_MASCOTEX_ROLLBUTTON	Change			
UI	lang0.pak	DST_MASCOTEX_ROLL_EXPALANATION	You can change the skill (random).			
UI	lang0.pak	DST_MASCOTEX_ROLL_HAVESKILL	Before			
UI	lang0.pak	DST_MASCOTEX_ROLL_HAVESKILL_TITLE	Before			
UI	lang0.pak	DST_MASCOTEX_ROLL_ROLLITEM	Change-Item			
UI	lang0.pak	DST_MASCOTEX_ROLL_ROLLSKILL	After			
UI	lang0.pak	DST_MASCOTEX_ROLL_ROLLSKILL_TITLE	After			
UI	lang0.pak	DST_MASCOTEX_ROLL_TITLE	Pet Skills			
UI	lang0.pak	DST_MASCOTEX_SKILL	Skills			
UI	lang0.pak	DST_MASCOTEX_SKILLBUTTON	Upgrade			
UI	lang0.pak	DST_MASCOTEX_SKILLBUTTON_CREATE	Add a skill			
UI	lang0.pak	DST_MASCOTEX_SKILLGRADEUP_DONT_HAVE_SKILL	The Skill isn't in the short cut bar.			
UI	lang0.pak	DST_MASCOTEX_SKILLGRADEUP_DONT_SUMMON	Please summon your pet.			
UI	lang0.pak	DST_MASCOTEX_SKILLGRADEUP_DONT_USE	Please use the pet skill.			
UI	lang0.pak	DST_MASCOTEX_SKILLGRADEUP_MAX	The skill already at max.			
UI	lang0.pak	DST_MASCOTEX_SKILLGRADEUP_SUCESS	Pet ability has increased			
UI	lang0.pak	DST_MASCOTEX_SKILLGRADEUP_USING	Choose the ability to improve			
UI	lang0.pak	DST_MASCOTEX_SKILLROLL_BUTTON	Change Skill			
UI	lang0.pak	DST_MASCOTEX_SKILLROLL_ITEM_AGAINE	Change-item already exists			
UI	lang0.pak	DST_MASCOTEX_SKILLROLL_ITEM_NO	No item insert			
UI	lang0.pak	DST_MASCOTEX_SKILLROLL_LEFTCLICK	Right-click to remove the item			
UI	lang0.pak	DST_MASCOTEX_SKILLROLL_NOT_ITEM	No Change-Item found.			
UI	lang0.pak	DST_MASCOTEX_SKILLROLL_NOT_SKILL	It isn't required.			
UI	lang0.pak	DST_MASCOTEX_SKILLROLL_OPEN_AGAINE	Window is already open			
UI	lang0.pak	DST_MASCOTEX_SKILLROLL_REFRESH	Confirmation			
UI	lang0.pak	DST_MASCOTEX_SKILL_CONFIRM	Pet skill use.			
UI	lang0.pak	DST_MASCOTEX_SKILL_COOLTIME	Skill in cooldown			
UI	lang0.pak	DST_MASCOTEX_SKILL_CREATE_BUTTON	Add			
UI	lang0.pak	DST_MASCOTEX_SKILL_CREATE_EXPALANATION	Press the Generate button[br]to generate a skill.			
UI	lang0.pak	DST_MASCOTEX_SKILL_CREATE_TITLE	Generating Skill			
UI	lang0.pak	DST_MASCOTEX_SKILL_DASH_INFINITE	Dash doesn't consume EP			
UI	lang0.pak	DST_MASCOTEX_SKILL_FAIL	Pet skill fail			
UI	lang0.pak	DST_MASCOTEX_SKILL_GRADEUP	"[align = ""center""][font size = ""12"" color=""f4d762""]Rise the Skill level[/font][br][br][font size = ""10"" color=""269eff""]The Item will be consumed.[/font][br][br][font size = ""10"" color=""f4d762""]Confirmation: Use 1x Item.[/font][br][br][font size = ""10"" color=""ffffff""]Rise the skill?[/font]"			
UI	lang0.pak	DST_MASCOTEX_SKILL_GUILD_SUMMON	"[align = ""center""][font size = ""12"" color=""f4d762""]Summon Guild[/font][br][br][font size = ""10"" color=""269eff""]%s summoning the Guild.[/font][br][br][font size = ""10"" color=""f4d762""]Consume: VP[/font][br][br][font size = ""10"" color=""ffffff""]Accept the call?[/font]"			
UI	lang0.pak	DST_MASCOTEX_SKILL_GUILD_SUMMON_USE	Guild summoned			
UI	lang0.pak	DST_MASCOTEX_SKILL_NPC_TELEPORT	"[align = ""center""][font size = ""12"" color=""f4d762""]NPC Teleportation[/font][br][br][font size = ""10"" color=""269eff""]Teleport you to the NPC.[br][font size = ""10"" color=""f4d762""]Target: %s[/font][br][br][font size = ""10"" color=""ffffff""]Teleport now ?[/font]"			
UI	lang0.pak	DST_MASCOTEX_SKILL_NPC_TELEPORT_FAIL	Not during a battle			
UI	lang0.pak	DST_MASCOTEX_SKILL_NPC_TELEPORT_USE	Choose the NPC type and desire location			
UI	lang0.pak	DST_MASCOTEX_SKILL_PARTY_SUMMON	"[align = ""center""][font size = ""12"" color=""f4d762""]Summon Party[/font][br][br][font size = ""10"" color=""269eff""]%s summoning the Party.[/font][br][br][font size = ""10"" color=""f4d762""]Consume: VP[/font][br][br][font size = ""10"" color=""ffffff""]Accept the call?[/font]"			
UI	lang0.pak	DST_MASCOTEX_SKILL_PARTY_SUMMON_USE	Party summoned			
UI	lang0.pak	DST_MASCOTEX_SKILL_REMOTE_SELL_FINISH	Remote Shop ends			
UI	lang0.pak	DST_MASCOTEX_SKILL_REMOTE_SELL_USE	Remote Shop opens			
UI	lang0.pak	DST_MASCOTEX_SKILL_REMOTE_WAREHOUSE_FINISH	Remote Bank closed			
UI	lang0.pak	DST_MASCOTEX_SKILL_REMOTE_WAREHOUSE_USE	Remote Bank opens			
UI	lang0.pak	DST_MASCOTEX_SKILL_RESCUE	"[align = ""center""][font size = ""12"" color=""f4d762""]Resurrection[/font][br][br][font size = ""10"" color=""269eff""]You can use the pet skill.[/font][br][br][font size = ""10"" color=""f4d762""]Consume: VP.[/font][br][br][font size = ""10"" color=""ffffff""]You want to use it?[/font]"			
UI	lang0.pak	DST_MASCOTEX_SKILL_VPLACK	VP is too low.			
UI	lang0.pak	DST_MASCOTEX_SKILL_VP_CONSUMPTION	Using %5d VP			
UI	lang0.pak	DST_MASCOTEX_STATUS_SUBTITLE	Mascot Information			
UI	lang0.pak	DST_COMPANION_STATUS_SUBTITLE	Corp. Capsule Companion			
UI	lang0.pak	DST_MASCOTEX_STATUS_SUBTITLE_SUMMON	(Summoned)			
UI	lang0.pak	DST_MASCOTEX_UI_OPEN	Mascot window already open			
UI	lang0.pak	DST_MASCOTEX_VP_REGEN	Regenerate 1 VP every 10 Seconds			
UI	lang0.pak	DST_MASCOT_ADVANTAGE_RING_ITEM_SP_RATE	Ring VP %d%% item loss			
UI	lang0.pak	DST_MASCOT_DELETE_MB_CONFIRM	"[align = ""center""][font size = ""12"" color=""f4d762""]Delete Pet[/font][br][br][font size = ""10"" color=""269eff""]Delete the Pet.[/font][br][br][font size = ""10"" color=""f36a7c""]WARNING: Are you sure?[/font]"			
UI	lang0.pak	DST_MASCOT_REGISTER_DESC	Register Pet on Summon			
UI	lang0.pak	DST_MASCOT_RING_CAN_NOT_USE_RING_ITEM	Can't use right now.			
UI	lang0.pak	DST_MASCOT_RING_ITEM_EQUIP_DESC	Ring can be equipped to summon Pet.			
UI	lang0.pak	DST_MASCOT_RING_NEED_MAIL_PARTS	Your Pet needs the Mail Ring to do this.			
UI	lang0.pak	DST_MASCOT_RING_TOOLTIP_SP_NEED_CONTINUOS	Need VP: %s always uses 1 VP			
UI	lang0.pak	DST_MASCOT_RING_TOOLTIP_SP_NEED_EACHTIME	Need VP: %d VP each time			
UI	lang0.pak	DST_MECH_MANIA	Mech Maniac			
UI	lang0.pak	DST_MINIMAP_CHECK_POINT	Check Point			
UI	lang0.pak	DST_MINIMAP_HIDDEN	Hidden			
UI	lang0.pak	DST_MINIMAP_MINIMIZE	Minimize			
UI	lang0.pak	DST_MINIMAP_POPOSTONE	Popo Stone			
UI	lang0.pak	DST_MINIMAP_SHOW_MINIMAP	Minimap			
UI	lang0.pak	DST_MINIMAP_SHOW_WORLDMAP	Worldmap			
UI	lang0.pak	DST_MINIMAP_UNKNOWN	Unknown			
UI	lang0.pak	DST_MINIMAP_ZOOM_IN	Zoom In			
UI	lang0.pak	DST_MINIMAP_ZOOM_OUT	Zoom Out			
UI	lang0.pak	DST_MOB_GRADE_BOSS	Boss			
UI	lang0.pak	DST_MOB_GRADE_HERO	Hero			
UI	lang0.pak	DST_MOB_GRADE_SUPER	Super			
UI	lang0.pak	DST_MOB_GRADE_ULTRA	Ultra			
UI	lang0.pak	DST_MOB_TYPE_ALIEN	Alien			
UI	lang0.pak	DST_MOB_TYPE_ANDROID	Android			
UI	lang0.pak	DST_MOB_TYPE_ANIMAL	Animal			
UI	lang0.pak	DST_MOB_TYPE_BUILDING	Building			
UI	lang0.pak	DST_MOB_TYPE_DEVIL	Devil			
UI	lang0.pak	DST_MOB_TYPE_DINOSAUR	Dinosaur			
UI	lang0.pak	DST_MOB_TYPE_DRAGON	Dragon			
UI	lang0.pak	DST_MOB_TYPE_HUMAN_ANIMAL	Humanoid			
UI	lang0.pak	DST_MOB_TYPE_INSECT	Insect			
UI	lang0.pak	DST_MOB_TYPE_ITEM_BOX	Item box			
UI	lang0.pak	DST_MOB_TYPE_PLANT	Plant			
UI	lang0.pak	DST_MOB_TYPE_ROBOT	Robot			
UI	lang0.pak	DST_MOB_TYPE_UNDEAD	Undead			
UI	lang0.pak	DST_MONDAY	Monday			
UI	lang0.pak	DST_MOVE	Move			
UI	lang0.pak	DST_MOVE_POSITION	Move In: 			
UI	lang0.pak	DST_MOVIE_AGE1000	Age 1000			
UI	lang0.pak	DST_MOVIE_THE_BASE_OF_TENKAICHI	Tenkaichi			
UI	lang0.pak	DST_MSG_MUST_INPUT_MESSAGE	Necessary Info missing			
UI	lang0.pak	DST_MULTIDIALOG_BUYBANKMENU_BUYBANK	Buy Bank %d - %s Zeni			
UI	lang0.pak	DST_MULTIDIALOG_BUYBANKMENU_BUYPUBLIC_BANK	Shared Bank			
UI	lang0.pak	DST_MULTIDIALOG_DOJO_ACCOUNT	Dojo Account			
UI	lang0.pak	DST_MULTIDIALOG_DOJO_ESTABLISHMENT	Dojo Establishment			
UI	lang0.pak	DST_MULTIDIALOG_DOJO_INFO	Dojo Info			
UI	lang0.pak	DST_MULTIDIALOG_EVENTREWARD	Event Reward			
UI	lang0.pak	DST_MULTIDIALOG_GUILDFUNCTION_CAN_CHANGE_DOGI	Can Change Uniform			
UI	lang0.pak	DST_MULTIDIALOG_GUILDFUNCTION_CAN_HAVE_BOOK	Guild Book			
UI	lang0.pak	DST_MULTIDIALOG_GUILDFUNCTION_CAN_HAVE_SKILL	Guild Skills			
UI	lang0.pak	DST_MULTIDIALOG_GUILDFUNCTION_CHANGE_EMBLEM	Change Emblem			
UI	lang0.pak	DST_MULTIDIALOG_GUILDFUNCTION_DOJO_MIX_RATE_UP_1	Mix Rate 1			
UI	lang0.pak	DST_MULTIDIALOG_GUILDFUNCTION_DOJO_MIX_RATE_UP_2	Mix Rate 2			
UI	lang0.pak	DST_MULTIDIALOG_GUILDFUNCTION_DOJO_QUEST_1	Dojo Quest 1			
UI	lang0.pak	DST_MULTIDIALOG_GUILDFUNCTION_DOJO_QUEST_2	Dojo Quest 2			
UI	lang0.pak	DST_MULTIDIALOG_GUILDFUNCTION_DOJO_UPGRADE_1	Upgrade Dojo Lv.2			
UI	lang0.pak	DST_MULTIDIALOG_GUILDFUNCTION_DOJO_UPGRADE_2	Upgrade Dojo Lv.3			
UI	lang0.pak	DST_MULTIDIALOG_GUILDFUNCTION_DOJO_UPGRADE_3	Upgrade Dojo Lv.4			
UI	lang0.pak	DST_MULTIDIALOG_GUILDFUNCTION_DOJO_UPGRADE_4	Upgrade Dojo Lv.5			
UI	lang0.pak	DST_MULTIDIALOG_GUILDFUNCTION_DOJO_UPGRADE_5	Upgrade Dojo Lv.6			
UI	lang0.pak	DST_MULTIDIALOG_GUILDFUNCTION_DOJO_UPGRADE_6	Upgrade Dojo Lv.7			
UI	lang0.pak	DST_MULTIDIALOG_GUILDFUNCTION_DOJO_UPGRADE_7	Upgrade Dojo Lv.8			
UI	lang0.pak	DST_MULTIDIALOG_GUILDFUNCTION_DOJO_VEHICLE	Dojo Vehicle			
UI	lang0.pak	DST_MULTIDIALOG_GUILDFUNCTION_HAVE_DOJO	Get Dojo			
UI	lang0.pak	DST_MULTIDIALOG_GUILDFUNCTION_MAKE_DOGI	Uniform			
UI	lang0.pak	DST_MULTIDIALOG_GUILDFUNCTION_MAX_MEMBER_100	Max Members (190)			
UI	lang0.pak	DST_MULTIDIALOG_GUILDFUNCTION_MAX_MEMBER_20	Max Members (30)			
UI	lang0.pak	DST_MULTIDIALOG_GUILDFUNCTION_MAX_MEMBER_30	Max Members (50)			
UI	lang0.pak	DST_MULTIDIALOG_GUILDFUNCTION_MAX_MEMBER_40	Max Members (70)			
UI	lang0.pak	DST_MULTIDIALOG_GUILDFUNCTION_MAX_MEMBER_50	Max Members (90)			
UI	lang0.pak	DST_MULTIDIALOG_GUILDFUNCTION_MAX_MEMBER_60	Max Members (110)			
UI	lang0.pak	DST_MULTIDIALOG_GUILDFUNCTION_MAX_MEMBER_70	Max Members (130)			
UI	lang0.pak	DST_MULTIDIALOG_GUILDFUNCTION_MAX_MEMBER_80	Max Members (150)			
UI	lang0.pak	DST_MULTIDIALOG_GUILDFUNCTION_MAX_MEMBER_90	Max Members (170)			
UI	lang0.pak	DST_MULTIDIALOG_GUILDFUNCTION_MAX_SECOND_MASTER_1	Jr. Masters (1)			
UI	lang0.pak	DST_MULTIDIALOG_GUILDFUNCTION_MAX_SECOND_MASTER_2	Jr. Masters (2)			
UI	lang0.pak	DST_MULTIDIALOG_GUILDFUNCTION_MAX_SECOND_MASTER_3	Jr. Masters (3)			
UI	lang0.pak	DST_MULTIDIALOG_GUILDFUNCTION_MAX_SECOND_MASTER_4	Jr. Masters (4)			
UI	lang0.pak	DST_MULTIDIALOG_GUILDFUNCTION_NOTICE	Notice			
UI	lang0.pak	DST_MULTIDIALOG_GUILDFUNCTION_POST	Guild Mail			
UI	lang0.pak	DST_MULTIDIALOG_GUILDFUNCTION_SET_EMBLEM	Set Emblem			
UI	lang0.pak	DST_MULTIDIALOG_GUILDFUNCTION_TENKAICHI_SEED	Tournament Seed			
UI	lang0.pak	DST_MULTIDIALOG_GUILDFUNCTION_USE_DOJO_TELEPORT	Dojo Teleport			
UI	lang0.pak	DST_MULTIDIALOG_GUILDFUNCTION_WAREHOUSE	Guild Warehouse			
UI	lang0.pak	DST_MULTIDIALOG_GUILDMENU_CANCEL_DISSOLVE	Cancel Disband			
UI	lang0.pak	DST_MULTIDIALOG_GUILDMENU_CONTIBUTION	Zeni Donations			
UI	lang0.pak	DST_MULTIDIALOG_GUILDMENU_CONTIBUTION_TITLE	%s Zeni Donations			
UI	lang0.pak	DST_MULTIDIALOG_GUILDMENU_DISSOLVE	Disband Guild			
UI	lang0.pak	DST_MULTIDIALOG_GUILDMENU_MAKE	Create Guild			
UI	lang0.pak	DST_MULTIDIALOG_GUILDMENU_POINT_USE	Use Style Points			
UI	lang0.pak	DST_MULTIDIALOG_HOIPOIMIX_RESET_COMMAND	Reset Crafting			
UI	lang0.pak	DST_MULTIDIALOG_HOIPOIMIX_RESET_NORMAL	Reset Normal Crafting			
UI	lang0.pak	DST_MULTIDIALOG_HOIPOIMIX_RESET_SPECIAL	Reset Special Crafting			
UI	lang0.pak	DST_MULTIDIALOG_HOIPOIMIX_SET_ACCESSORY	Accessory Crafting(Lv.50)			
UI	lang0.pak	DST_MULTIDIALOG_HOIPOIMIX_SET_CLOTH_ARMOR	Cloth Armor Crafting(Lv.15)			
UI	lang0.pak	DST_MULTIDIALOG_HOIPOIMIX_SET_COMMAND	Learn Crafting Skills			
UI	lang0.pak	DST_MULTIDIALOG_HOIPOIMIX_SET_FOOD_DRINK	Food Crafting			
UI	lang0.pak	DST_MULTIDIALOG_HOIPOIMIX_SET_MAIN_WEAPON	Weapon Crafting(Lv.15)			
UI	lang0.pak	DST_MULTIDIALOG_HOIPOIMIX_SET_SUB_WEAPON	Sub-Weapon Crafting(Lv.30)			
UI	lang0.pak	DST_MULTIDIALOG_HOIPOIMIX_SET_TECH_ARMOR	Tech Armor Crafting(Lv.50)			
UI	lang0.pak	DST_MULTIDIALOG_MENU_BANK	Open Bank			
UI	lang0.pak	DST_MULTIDIALOG_MENU_BUY_BANK	Buy Bank			
UI	lang0.pak	DST_MULTIDIALOG_MENU_CCBD	Enter			
UI	lang0.pak	DST_MULTIDIALOG_MENU_EXIT	Exit			
UI	lang0.pak	DST_MULTIDIALOG_MENU_GUILD	Guild			
UI	lang0.pak	DST_MULTIDIALOG_MENU_ITEMSWAP	Exchange Reward			
UI	lang0.pak	DST_MULTIDIALOG_MENU_OPEN_GUILD_BANK	Open Guild Bank			
UI	lang0.pak	DST_MULTIDIALOG_MENU_PORTAL	Teleport			
UI	lang0.pak	DST_MULTIDIALOG_MENU_QUEST	Read Quest			
UI	lang0.pak	DST_MULTIDIALOG_MENU_SHOP	Shop			
UI	lang0.pak	DST_MULTIDIALOG_MENU_SKILL	Skills			
UI	lang0.pak	DST_MULTIDIALOG_MENU_SKILL_INIT	Skill reset			
UI	lang0.pak	DST_MULTIDIALOG_MENU_SMITH_UPGRADE	Upgrade			
UI	lang0.pak	DST_MULTIDIALOG_MENU_TMQ	Time Machine Quests			
UI	lang0.pak	DST_MULTIDIALOG_MENU_UPGRADEEX	Item Upgrade			
UI	lang0.pak	DST_MULTIDIALOG_UPDATE_ITEMGRADETRANSFER	Grade transfer			
UI	lang0.pak	DST_MUST_SELECT_REWARD	Select Reward			
UI	lang0.pak	DST_M_MIGHTY_ULTI_GRAND	Mighty Majin Classes			
UI	lang0.pak	DST_M_WONDER_PLAS_KAR	Wonder Majin Classes			
UI	lang0.pak	DST_NETMARBLE_CASH_PAYMENT_URL	https://dbozero.com/			
UI	lang0.pak	DST_NETPY	Token			
UI	lang0.pak	DST_NETPYSHOP	Token Shop			
UI	lang0.pak	DST_NETPY_CURRENT_NETPY	Current Tokens			
UI	lang0.pak	DST_NETPY_GET_NETPY	Tokens you've collected this session			
UI	lang0.pak	DST_NETPY_GET_NOTIFY	%d Token(s) earned			
UI	lang0.pak	DST_NETPY_ITEM	Token Item			
UI	lang0.pak	DST_NETPY_POINT	Tokens			
UI	lang0.pak	DST_NETPY_REMAIN_TIME	Time until next Token			
UI	lang0.pak	DST_NETPY_SHOW_FIRSTTIME	First Token			
UI	lang0.pak	DST_NETSTORE	Netstore			
UI	lang0.pak	DST_NOTICE_URL	https://opendbo.org/news			
UI	lang0.pak	DST_NOTIFY_CHANGE_CLASS	Class change: %s to %s 			
UI	lang0.pak	DST_NOTIFY_GAIN_EXP	+%u EXP			
UI	lang0.pak	DST_NOTIFY_GAIN_EXP_AND_BONUS	+%u(+%u)EXP			
UI	lang0.pak	DST_NOTIFY_GAIN_MIX_EXP	Gain (%u) EXP.			
UI	lang0.pak	DST_NOTIFY_GAIN_MIX_EXP_FAIL	No EXP gained.			
UI	lang0.pak	DST_NOTIFY_GAIN_MIX_EXP_MAX	Max EXP reached.			
UI	lang0.pak	DST_NOTIFY_GET_ITEM	Obtained: %dx %s			
UI	lang0.pak	DST_NOTIFY_GET_QUEST_ITEM	%s Updated ( %d / %d )			
UI	lang0.pak	DST_NOTIFY_GET_QUEST_MOB	%s ( %d / %d )			
UI	lang0.pak	DST_NOTIFY_GET_REPUTATION	+%u Reputation			
UI	lang0.pak	DST_NOTIFY_GET_UNIDENTIFIED_ITEM	Mystery Item			
UI	lang0.pak	DST_NOTIFY_GET_ZENNY	+%s Zeni			
UI	lang0.pak	DST_NOTIFY_GET_ZENNY_AND_BONUS	+%s(+%s) Zeni			
UI	lang0.pak	DST_NOTIFY_LEARN_SKILL	Learned: %s			
UI	lang0.pak	DST_NOTIFY_LEVEL_UP	Level Up!(%u - %u)			
UI	lang0.pak	DST_NOTIFY_RESETS_UP	Reset Up!(%u - %u)			
UI	lang0.pak	DST_NOTIFY_SKILL_INIT	Skill Cleared			
UI	lang0.pak	DST_NOTIFY_UPGRADE_SKILL	Upgraded: %s			
UI	lang0.pak	DST_NOT_ACTIVATE_COMMON_WAREHOUSE	Key for Guild Warehouse isn't set			
UI	lang0.pak	DST_NOT_AVAILABLE	Can't be used now.			
UI	lang0.pak	DST_NOT_BATTLE_AVALIABLE_LOCATION	Can't fight here.			
UI	lang0.pak	DST_NOT_GETHER	Unavailable right now.			
UI	lang0.pak	DST_NOT_INPUTED_TEXT_FOR_CHARACTER_DELETION	"[align = ""center""]Information Input[br][br]you didn't enter anything.[br]Please try again later."			
UI	lang0.pak	DST_NOT_JOINED_GUILD	No Guild			
UI	lang0.pak	DST_NOT_PREVIEW_CAN_EQUIP	Can't equip item.			
UI	lang0.pak	DST_NOT_PREVIEW_EQUIP	Can't preview item.			
UI	lang0.pak	DST_NOT_PREVIEW_FOR_SHOPCART	Can't previewed in Shop Cart.			
UI	lang0.pak	DST_NOT_SELECTED_SLOT	Select a Slot.			
UI	lang0.pak	DST_NO_RESET_PREVIEW	Preview resets.			
UI	lang0.pak	DST_NPCSHOP_FREE_ITEMSWAP_BUY_CONFIRM	"[align = ""center""][font size = ""12"" color = ""f4d762""]%s x %d[/font][br][br][font size = ""10"" color = ""ffffff""]This Item cost [/font][font size = ""10"" color = ""f4d762""]%d[/font][font size = ""10"" color = ""ffffff""] Zeni. [br]Sure you want to buy it? [/font][/align]"			
UI	lang0.pak	DST_NPCSHOP_ITEMSWAP_BUY_CONFIRM	"[align = ""center""][font size = ""12"" color = ""f4d762""]%s x %d[/font][br][br][font size = ""10"" color = ""ffffff""]This Item cost [/font][font size = ""10"" color = ""f4d762""]%s x %d[/font][br][font size = ""10"" color = ""ffffff""]and [/font][font size = ""10"" color = ""f4d762""]%d[/font][font size = ""10"" color = ""ffffff""] Zeni.[br]Sure you want to buy it?[/font][/align]"			
UI	lang0.pak	DST_NPCSHOP_ITEMSWAP_BUY_EXPLAIN	Hotkeys: Alt -Buy Now. Ctrl -Select number to purchase			
UI	lang0.pak	DST_NPCSHOP_ITEM_ALL_REPAIR	Repair All			
UI	lang0.pak	DST_NPCSHOP_ITEM_IDENTIFY	Identify Item			
UI	lang0.pak	DST_NPCSHOP_ITEM_REPAIR	Repair			
UI	lang0.pak	DST_NPCSHOP_LARGE_BUY_EXPLAIN	Ctrl + Right Click to Buy 20			
UI	lang0.pak	DST_NPCSHOP_MUDOA_POINT	Mileage Mudosa			
UI	lang0.pak	DST_NPCSHOP_MYZENNY	Zeni			
UI	lang0.pak	DST_NPCSHOP_NO_MORE_REPAIR_REG_ITEM	No repairs needed			
UI	lang0.pak	DST_NPCSHOP_SHOPINGCART	Buying			
UI	lang0.pak	DST_NPCSHOP_SUCCESS_REMOTE_SELL	%s was sold.			
UI	lang0.pak	DST_NPC_SERVER_MSG_SHUTDOWN_NOTICE	"[align = ""center""]NPC server disconnected[br][br]Please go to your Main World![br][br]Our apologies for any inconvenience,[br]please wait for the disconnect."			
UI	lang0.pak	DST_NPC_SKILL_POINT_RESET_MSG	"[align = ""center""][font size = ""12"" color=""f4d762""]Skill Point (SP) Reset[/font][br][br][font size = ""10"" color=""269eff""]Any level (1-70) can reset once a week.[/font][br][br][font size = ""10"" color=""f4d762""]SP recovered: %u [/font][br][font size = ""10"" color=""f4d762""]Cost: %s Zeni [/font][br][br][font size = ""10"" color=""f36a7c""]All Skills will be removed.[/font][br][br][font size = ""10"" color=""ffffff""]Reset the Skills now ?[/font]"			
UI	lang0.pak	DST_NPGAMEGUARD_ERROR_ETC	"[align = ""center""]nProtect Gameguard[br][br]If you have received this error[br]delete your Gameguard folder[br]and relaunch the game."			
UI	lang0.pak	DST_NPGAMEMON_COMM_CLOSE	"[align = ""center""]nProtect Gameguard[br][br]Gameguard has been terminated."			
UI	lang0.pak	DST_NPGAMEMON_COMM_ERROR	"[align = ""center""]nProtect Gameguard[br][br]Connection with Gameguard Lost[br][br]The game will now close.[br][br]Delete your Gameguard folder and relaunch the game."			
UI	lang0.pak	DST_NPGAMEMON_ERROR_CRYPTOAPI	"[align = ""center""]nProtect Gameguard[br][br]Some of the Windows system files are corrupted.[br][br] Internet Explorer(IE)[br]Please try again later."			
UI	lang0.pak	DST_NPGAMEMON_ERROR_EXECUTE	"[align = ""center""]nProtect Gameguard[br][br]Failed[br][br]to execute[br]Gameguard setup file."			
UI	lang0.pak	DST_NPGAMEMON_ERROR_EXIST	"[align = ""center""]nProtect Gameguard[br][br]An error has[br]occurred."			
UI	lang0.pak	DST_NPGAMEMON_ERROR_GAMEGUARD	"[align = ""center""]nProtect Gameguard[br][br]Gameguard files[br]out-dated.[br][br]Please[br]update."			
UI	lang0.pak	DST_NPGAMEMON_ERROR_GAME_EXIST	"[align = ""center""]nProtect Gameguard[br][br]Gameguard is already running."			
UI	lang0.pak	DST_NPGAMEMON_ERROR_ILLEGAL_PRG	"[align = ""center""]nProtect Gameguard[br][br]An illegal program[br][br]has been detected.[br]The game will now close."			
UI	lang0.pak	DST_NPGAMEMON_ERROR_INIT	"[align = ""center""]nProtect Gameguard[br][br]Initialization Error[br]Reboot."			
UI	lang0.pak	DST_NPGAMEMON_ERROR_NO_CONFIG_FILE	"[align = ""center""]nProtect Gameguard[br][br]Gameguard setup file is missing or has been altered."			
UI	lang0.pak	DST_NPGAMEMON_ERROR_NPSCAN	"[align = ""center""]nProtect Gameguard[br][br]Anti-virus and Anti-hack modules[br]failed to load.[br][br]The game will now[br]close."			
UI	lang0.pak	DST_NPGAMEMON_GAMEHACK_DETECT	"[align = ""center""]nProtect Gameguard[br][br]Hack Detected."			
UI	lang0.pak	DST_NPGAMEMON_GAMEHACK_DOUBT	"[align = ""center""]nProtect Gameguard[br][br]Gameguard has been modified."			
UI	lang0.pak	DST_NPGAMEMON_GAMEHACK_KILLED	"[align = ""center""]nProtect Gameguard[br][br]Hack Detected."			
UI	lang0.pak	DST_NPGAMEMON_INIT_ERROR	"[align = ""center""]nProtect Gameguard[br][br]GG Execute Error: %u"			
UI	lang0.pak	DST_NPGAMEMON_SPEEDHACK	"[align = ""center""]nProtect Gameguard[br][br]Speed Hack Detected."			
UI	lang0.pak	DST_NPGMUP_ERROR_ABORT	"[align = ""center""]nProtect Gameguard[br][br]Update Cancelled.[br][br]Try adjusting[br]your firewall[br]settings."			
UI	lang0.pak	DST_NPGMUP_ERROR_AUTH	"[align = ""center""]nProtect Gameguard[br][br]Failed to complete update.[br][br]The game will now close.[br]"			
UI	lang0.pak	DST_NPGMUP_ERROR_CONNECT	"[align = ""center""]nProtect Gameguard[br][br]Gameguard[br]couldn't download[br]the update."			
UI	lang0.pak	DST_NPGMUP_ERROR_DOWNCFG	"[align = ""center""]nProtect Gameguard[br][br]Update Failed.[br][br]Try adjusting firewall settings."			
UI	lang0.pak	DST_NPGMUP_ERROR_INIT	"[align = ""center""]nProtect Gameguard[br][br]Gameguard (npgmup.des) has encountered an error.[br][br]Reinstall Gameguard."			
UI	lang0.pak	DST_NPGMUP_ERROR_PARAM	"[align = ""center""]nProtect Gameguard[br][br]Gameguard (.ini) file is missing.[br]Reinstall Gameguard."			
UI	lang0.pak	DST_N_FIGHTER_DARK_SHADOW	Warrior Classes			
UI	lang0.pak	DST_N_MYSTIC_DENDEN_POCO	Dragon Clan Classes			
UI	lang0.pak	DST_OBSERVER_CAMERA_LOC	Change Camera Position			
UI	lang0.pak	DST_OBSERVER_CAMERA_MOVE	Move Camera			
UI	lang0.pak	DST_OBSERVER_FREE_CAMERA	Free Camera			
UI	lang0.pak	DST_OBSERVER_HIDE_AVATAR	Hide Avatar			
UI	lang0.pak	DST_OBSERVER_MENU_OFF	Hide Menu			
UI	lang0.pak	DST_OBSERVER_MENU_ON	Show Menu			
UI	lang0.pak	DST_OBSERVER_NORMAL_CAMERA	Normal Camera			
UI	lang0.pak	DST_OBSERVER_PLAYER_INFO	Player Info			
UI	lang0.pak	DST_OBSERVER_PORTAL	Move			
UI	lang0.pak	DST_OBSERVER_RECORD	%dW %dL %dD			
UI	lang0.pak	DST_OBSERVER_SHOW_AVATAR	Show Avatar			
UI	lang0.pak	DST_OBSERVER_TENKAICHI	Budokai Menu			
UI	lang0.pak	DST_OBSERVER_TOURNAMENT	Tournament			
UI	lang0.pak	DST_OPTION_CONTROL_ACTION_QUICKSLOT_QUICK0	Slot0			
UI	lang0.pak	DST_OPTION_CONTROL_ACTION_QUICKSLOT_QUICK0_EX	Slot0+			
UI	lang0.pak	DST_OPTION_CONTROL_ACTION_QUICKSLOT_QUICK0_EX2	Slot0++			
UI	lang0.pak	DST_OPTION_CONTROL_ACTION_QUICKSLOT_QUICK1	Slot1			
UI	lang0.pak	DST_OPTION_CONTROL_ACTION_QUICKSLOT_QUICK1_EX	Slot1+			
UI	lang0.pak	DST_OPTION_CONTROL_ACTION_QUICKSLOT_QUICK1_EX2	Slot1++			
UI	lang0.pak	DST_OPTION_CONTROL_ACTION_QUICKSLOT_QUICK2	Slot2			
UI	lang0.pak	DST_OPTION_CONTROL_ACTION_QUICKSLOT_QUICK2_EX	Slot2+			
UI	lang0.pak	DST_OPTION_CONTROL_ACTION_QUICKSLOT_QUICK2_EX2	Slot2++			
UI	lang0.pak	DST_OPTION_CONTROL_ACTION_QUICKSLOT_QUICK3	Slot3			
UI	lang0.pak	DST_OPTION_CONTROL_ACTION_QUICKSLOT_QUICK3_EX	Slot3+			
UI	lang0.pak	DST_OPTION_CONTROL_ACTION_QUICKSLOT_QUICK3_EX2	Slot3++			
UI	lang0.pak	DST_OPTION_CONTROL_ACTION_QUICKSLOT_QUICK4	Slot4			
UI	lang0.pak	DST_OPTION_CONTROL_ACTION_QUICKSLOT_QUICK4_EX	Slot4+			
UI	lang0.pak	DST_OPTION_CONTROL_ACTION_QUICKSLOT_QUICK4_EX2	Slot4++			
UI	lang0.pak	DST_OPTION_CONTROL_ACTION_QUICKSLOT_QUICK5	Slot5			
UI	lang0.pak	DST_OPTION_CONTROL_ACTION_QUICKSLOT_QUICK5_EX	Slot5+			
UI	lang0.pak	DST_OPTION_CONTROL_ACTION_QUICKSLOT_QUICK5_EX2	Slot5++			
UI	lang0.pak	DST_OPTION_CONTROL_ACTION_QUICKSLOT_QUICK6	Slot6			
UI	lang0.pak	DST_OPTION_CONTROL_ACTION_QUICKSLOT_QUICK6_EX	Slot6+			
UI	lang0.pak	DST_OPTION_CONTROL_ACTION_QUICKSLOT_QUICK6_EX2	Slot6++			
UI	lang0.pak	DST_OPTION_CONTROL_ACTION_QUICKSLOT_QUICK7	Slot7			
UI	lang0.pak	DST_OPTION_CONTROL_ACTION_QUICKSLOT_QUICK7_EX	Slot7+			
UI	lang0.pak	DST_OPTION_CONTROL_ACTION_QUICKSLOT_QUICK7_EX2	Slot7++			
UI	lang0.pak	DST_OPTION_CONTROL_ACTION_QUICKSLOT_QUICK8	Slot8			
UI	lang0.pak	DST_OPTION_CONTROL_ACTION_QUICKSLOT_QUICK8_EX	Slot8+			
UI	lang0.pak	DST_OPTION_CONTROL_ACTION_QUICKSLOT_QUICK8_EX2	Slot8++			
UI	lang0.pak	DST_OPTION_CONTROL_ACTION_QUICKSLOT_QUICK9	Slot9			
UI	lang0.pak	DST_OPTION_CONTROL_ACTION_QUICKSLOT_QUICK9_EX	Slot9+			
UI	lang0.pak	DST_OPTION_CONTROL_ACTION_QUICKSLOT_QUICK9_EX2	Slot9++			
UI	lang0.pak	DST_OPTION_CONTROL_ACTION_QUICKSLOT_QUICKMIN	Slot-			
UI	lang0.pak	DST_OPTION_CONTROL_ACTION_QUICKSLOT_QUICKMIN_EX	Slot-+			
UI	lang0.pak	DST_OPTION_CONTROL_ACTION_QUICKSLOT_QUICKMIN_EX2	Slot-++			
UI	lang0.pak	DST_OPTION_CONTROL_ACTION_QUICKSLOT_QUICKPLUS	Slot=			
UI	lang0.pak	DST_OPTION_CONTROL_ACTION_QUICKSLOT_QUICKPLUS_EX	Slot++			
UI	lang0.pak	DST_OPTION_CONTROL_ACTION_QUICKSLOT_QUICKPLUS_EX2	Slot+++			
UI	lang0.pak	DST_OPTION_CONTROL_TEXT_NOTCOMBINEGUIDE_FOR_OTHER	Key combination is already being used.			
UI	lang0.pak	DST_FPS_LIMIT_MAX	Unlocked			
UI	lang0.pak	DST_FPS_LIMIT_DATE	%d FPS			
UI	lang0.pak	DST_FPS_LIMIT_TITLE	FPS			
UI	lang0.pak	DST_OPTION_TOOLTIP_PERFORMANCE_MODE	Disables all visual effects for maximum performance (Overrides Player Filter, hides all players, pets and mascots)			
UI	lang0.pak	DST_OPTION_PERF_HIDE_MASCOT_TOOLTIP	Hides other players' mascots and pet summons			
UI	lang0.pak	DST_OPTION_PERF_HIDE_PLAYER_EFFECTS_TOOLTIP	Hides all combat effects from other players (skills, attacks, projectiles). Only your own effects will be visible.			
UI	lang0.pak	DST_OPTION_INFO_TOOLTIP_COSTUME_RENDER	Possibility to hide/show Costumes			
UI	lang0.pak	DST_ITEM_CAN_NOT_MOVE_ERROR_PACKET_SEND	Title Status/Effect has been setted.			
UI	lang0.pak	DST_ITEM_CAN_NOT_MOVE_ERROR_PACKET_SEND2	Title Effect has been setted.			
UI	lang0.pak	DST_OPTION_RESOLUTION_FORMAT	%d*%d*%dbit			
UI	lang0.pak	DST_OPTION_RESOLUTION_FORMAT_WINMODE	%d*%d			
UI	lang0.pak	DST_OUT_RANGE_FROM_POPOSTONE	Too far away from a Popo Stone.			
UI	lang0.pak	DST_PARTYGUI_CANCEL_PARTYMATCHING	Cancel Party matching.			
UI	lang0.pak	DST_PARTYGUI_CHARM	Charm			
UI	lang0.pak	DST_PARTYGUI_CHARM_EXPLAIN	If used in Party,members will benefit from this power.			
UI	lang0.pak	DST_PARTYGUI_CHARM_USE	Can't Use			
UI	lang0.pak	DST_PARTYGUI_DEST_ZENNY	Cost			
UI	lang0.pak	DST_PARTYGUI_DUNGEON	Dungeon Settings			
UI	lang0.pak	DST_PARTYGUI_ENTER_DUNGEON	Enter			
UI	lang0.pak	DST_PARTYGUI_FOLD	Hide Options			
UI	lang0.pak	DST_PARTYGUI_INVEN	Party Inventory			
UI	lang0.pak	DST_PARTYGUI_INVEN_COMPETITOR	Join Investment grade			
UI	lang0.pak	DST_PARTYGUI_INVEN_EXCUTE_DIVIDE	Divide			
UI	lang0.pak	DST_PARTYGUI_INVEN_ITEM_GRADE	Item Grade			
UI	lang0.pak	DST_PARTYGUI_INVEN_LOCK	Lock			
UI	lang0.pak	DST_PARTYGUI_INVEN_MYSCORE	I join Investment rating			
UI	lang0.pak	DST_PARTYGUI_INVEN_RESET_OCTION	Reset Auction			
UI	lang0.pak	DST_PARTYGUI_INVEN_SUCCESSFUL_BID	Bid Successful			
UI	lang0.pak	DST_PARTYGUI_INVEN_UNLOCK	Unlock			
UI	lang0.pak	DST_PARTYGUI_INVITE_BUTTON	Invite			
UI	lang0.pak	DST_PARTYGUI_ITEM_LOOTING	Item Looting			
UI	lang0.pak	DST_PARTYGUI_ITEM_LOOTING_BY_DICE	By Dice			
UI	lang0.pak	DST_PARTYGUI_ITEM_LOOTING_BY_DICE_BY_EQUIPPED	By Dice (Equipable)			
UI	lang0.pak	DST_PARTYGUI_ITEM_LOOTING_BY_LEADER	By Leader			
UI	lang0.pak	DST_PARTYGUI_ITEM_LOOTING_BY_ZENNY	By Zeni			
UI	lang0.pak	DST_PARTYGUI_ITEM_LOOTING_IN_GRADE	By Grade			
UI	lang0.pak	DST_PARTYGUI_ITEM_LOOTING_IN_ORDER	In Order			
UI	lang0.pak	DST_PARTYGUI_ITEM_LOOTING_PICKUP_PERSON	Free for All			
UI	lang0.pak	DST_PARTYGUI_LEAVE_BUTTON	Leave			
UI	lang0.pak	DST_PARTYGUI_MEMBER	Party			
UI	lang0.pak	DST_PARTYGUI_PARTYLEADER	Leader			
UI	lang0.pak	DST_PARTYGUI_SPREAD	Show Options			
UI	lang0.pak	DST_PARTYGUI_SWITCH	Options			
UI	lang0.pak	DST_PARTYGUI_ZENNY_LOOTING	Zeni Distribution			
UI	lang0.pak	DST_PARTYGUI_ZENNY_LOOTING_EQUAL	Divide Equally			
UI	lang0.pak	DST_PARTYGUI_ZENNY_LOOTING_PICKUP_PERSON	Free for All			
UI	lang0.pak	DST_PARTYPOPO_MB_RECALL_FROM_PARTY_MEMBER	"[align = ""center""][font size = ""12"" color=""f4d762""]Summon Party Members[/font][br][br][font size = ""10"" color=""269eff""]Your party wants to summon you.[/font][br][br][font size = ""10"" color=""ffffff""]Accept summon?[\font]"			
UI	lang0.pak	DST_PARTYPOPO_RECALL_FROM_PERTY	Party Popo request			
UI	lang0.pak	DST_PARTY_ACTIVATE_CHARM	Charm %s enabled.			
UI	lang0.pak	DST_PARTY_CHANGE_ITEM_DIVISION	Item Divide: %s			
UI	lang0.pak	DST_PARTY_CHANGE_ITEM_DIVISION_GRADE	Item divide %s			
UI	lang0.pak	DST_PARTY_CHANGE_LEADER	New Leader: %s			
UI	lang0.pak	DST_PARTY_CHANGE_ZENNY_DIVISION	Zeni Divide: %s			
UI	lang0.pak	DST_PARTY_CHARMSLOT_NOT_EMPTY	No Empty Slots			
UI	lang0.pak	DST_PARTY_CHARM_START_DICE	Start Roll			
UI	lang0.pak	DST_PARTY_CHARM_START_DICE_RESULT_FAIL	Roll too Low			
UI	lang0.pak	DST_PARTY_CREATE	"[align = ""center""][font size = ""12"" color=""f4d762""]Make Party[/font][br][br][font size = ""10"" color=""269eff""]You can Create a Party up to 5 People.[/font][br][br][font size = ""10"" color=""f36a7c""]Party Name[br]Must be: 2-8 Characters[/font][br][br][font size = ""10"" color=""ffffff""]Enter Name of the Party[/font]"			
UI	lang0.pak	DST_PARTY_DECLARE_ZENNY	For the Party %s Zeni.			
UI	lang0.pak	DST_PARTY_DECLARE_ZENNY_PART	For the Party %s Zeni, %s are yours.			
UI	lang0.pak	DST_PARTY_DUNGEON_CHANGE_HARD	Difficulty: Hard			
UI	lang0.pak	DST_PARTY_DUNGEON_CHANGE_LEGENDARY	Difficulty: Legendary			
UI	lang0.pak	DST_PARTY_DUNGEON_CHANGE_NORMAL	Difficulty: Normal			
UI	lang0.pak	DST_PARTY_DUNGEON_HARD	Hard			
UI	lang0.pak	DST_PARTY_DUNGEON_INITIALIZE	Dungeon reseted.			
UI	lang0.pak	DST_PARTY_DUNGEON_NORMAL	Normal			
UI	lang0.pak	DST_PARTY_ENTER_DUNGEON_NOTIFY_REMAIN_TIME	%d seconds left to press the button.			
UI	lang0.pak	DST_PARTY_ENTER_DUNGEON_NOTIFY_TITLE	Invited to Party			
UI	lang0.pak	DST_PARTY_GET_ITEM	%s got %s			
UI	lang0.pak	DST_PARTY_GET_ZENNY	Party: +%s Zeni / You: +%s Zeni			
UI	lang0.pak	DST_PARTY_GET_ZENNY_AND_BONUS	Party: +%s Zeni / You: +%s Zeni (+%s)			
UI	lang0.pak	DST_PARTY_GET_ZENNY_OTHER	%s: +%s Zeni			
UI	lang0.pak	DST_PARTY_GET_ZENNY_OTHER_AND_BONUS	%s gained +%s Zeni (+%s)			
UI	lang0.pak	DST_PARTY_INVEN_ADD_ITEM	Item %s added to inventory.			
UI	lang0.pak	DST_PARTY_INVEN_ADD_UNDEFINED_ITEM	Mystery Item added to inventory			
UI	lang0.pak	DST_PARTY_INVEN_ADD_UNDEFINED_ITEM_OTHER	%s got Mystery Item			
UI	lang0.pak	DST_PARTY_INVEN_CHANGE_ITEM_GRADE	Set to (%s) and above looting			
UI	lang0.pak	DST_PARTY_INVEN_DICE_WINNER	item:%s , %s has been sent to the winner.			
UI	lang0.pak	DST_PARTY_INVEN_DICE_WINNER_WITH_UNIDENTIFY	%s won the Mystery Item.			
UI	lang0.pak	DST_PARTY_INVEN_GIVE_BY_LEADER	Party Found: %s , %s has been given.			
UI	lang0.pak	DST_PARTY_INVEN_GIVE_BY_LEADER_WITH_UNIDENTIFY	Mystery Item assigned to %s.			
UI	lang0.pak	DST_PARTY_INVEN_OCTION_LOCK	Auction suspended.			
UI	lang0.pak	DST_PARTY_INVEN_OCTION_RESET	Team backpack auction data initialized.			
UI	lang0.pak	DST_PARTY_INVEN_OCTION_SUCCESSFUL_BID	Provides for %s %s.			
UI	lang0.pak	DST_PARTY_INVEN_OCTION_SUCCESSFUL_BID_WITH_UNIDENTIFY	Got Mystery Item from %s.			
UI	lang0.pak	DST_PARTY_INVEN_OCTION_UNLOCK	Auction starts.			
UI	lang0.pak	DST_PARTY_INVEN_START_DICE	Roll for loot!			
UI	lang0.pak	DST_PARTY_INVITE_DECLINE	%s Declined Invite			
UI	lang0.pak	DST_PARTY_LEAVE	%s left the Party			
UI	lang0.pak	DST_PARTY_LEAVE_ASK	"[align = ""center""][font size=""12""color=""f4d762""]Leaving Party[/font][br][br][font size=""10""color=""f36a7c""]You are now leaving the Party.[/font][br][br][font size=""10""color=""ffffff""]Leave Party?[/font]"			
UI	lang0.pak	DST_PARTY_MATCHING_DETAIL_INFO_CHANNEL	Channel %d			
UI	lang0.pak	DST_PARTY_MATCHING_DETAIL_INFO_DIVIDE_RULE	Loot:			
UI	lang0.pak	DST_PARTY_MATCHING_DETAIL_INFO_LEVEL	Lv %d			
UI	lang0.pak	DST_PARTY_MATCHING_DETAIL_INFO_PARTY_LEADER	Leader			
UI	lang0.pak	DST_PARTY_MATCHING_DETAIL_INFO_PARTY_MEMBER	Member			
UI	lang0.pak	DST_PARTY_MATCHING_DETAIL_INFO_TITLE	Composed of:			
UI	lang0.pak	DST_PARTY_MATCHING_ENTER_DUNGEON_AGREE_NO	%s canceled.			
UI	lang0.pak	DST_PARTY_MATCHING_LIST_LEVEL_LIMIT	Lv min.:%d			
UI	lang0.pak	DST_PARTY_MATCHING_LIST_MEMBER_COUNT	%d/%d			
UI	lang0.pak	DST_PARTY_MATCHING_LIST_NO_RESULT	No results could be found.			
UI	lang0.pak	DST_PARTY_MATCHING_LIST_PAGE_COUNT	%d/%d			
UI	lang0.pak	DST_PARTY_MATCHING_LIST_SELECT_DUNGEON	Dungeon:			
UI	lang0.pak	DST_PARTY_MATCHING_LIST_SELECT_REGION	Region:			
UI	lang0.pak	DST_PARTY_MATCHING_LIST_TITLE	Party List			
UI	lang0.pak	DST_PARTY_MATCHING_REGIST	Party Search			
UI	lang0.pak	DST_PARTY_MATCHING_SUCCESS	Party created.			
UI	lang0.pak	DST_PARTY_NAME_RULE	Party Name 2-8 Characters			
UI	lang0.pak	DST_PARTY_NEED_ZENNY	need %u Zeni.			
UI	lang0.pak	DST_PARTY_NEW_MEMBER	%s Joined Party			
UI	lang0.pak	DST_PARTY_NOTIFY_DIVISION_INFO	Apply Division Change			
UI	lang0.pak	DST_PARTY_NOTIFY_WAIT_DIVISION	Please Wait			
UI	lang0.pak	DST_PARTY_PARTY_INVITE	"[align = ""center""][font size = ""12"" color=""f4d762""]Party Invite[/font][br][br][font size = ""10"" color=""ffffff""]Join %s's party?[/font][br][br]"			
UI	lang0.pak	DST_PARTY_PARTY_INVITE_WITHOUT_PARTY	"[align = ""center""][font size = ""12"" color=""f4d762""]Party Invite[/font][br][br][font size = ""10"" color=""f4d762""]%s invited you[br]to join a party.[/font][br][br][font size = ""10"" color=""ffffff""]Join the party?[/font]"			
UI	lang0.pak	DST_PARTY_REG_VICTIM_ITEM	%s is %s bad party			
UI	lang0.pak	DST_PARTY_RELEASE_CHARM	"[align = ""center""]Party Charm[br][br]Stop using charm?"			
UI	lang0.pak	DST_PARTY_REQUEST_POSSIBLE_ONLY_LEADER	Only the leader can apply.			
UI	lang0.pak	DST_PARTY_ROLE_ACCEPT	Accept			
UI	lang0.pak	DST_PARTY_ROLE_CANCEL	Cancel			
UI	lang0.pak	DST_PARTY_ROLE_CANCEL_INFO	Canceled when time is up.			
UI	lang0.pak	DST_PARTY_ROLE_NOT_SELECTED_USER	%s cancel the selection			
UI	lang0.pak	DST_PARTY_ROLE_SELECT_REMAIN_TIME	%02d : %02d : %02d			
UI	lang0.pak	DST_PARTY_ROLE_TITLE	Select Party Role			
UI	lang0.pak	DST_PARTY_STOP_CHARM	Charm (%s) disabled.			
UI	lang0.pak	DST_PARTY_UNREG_VICTIM_ITEM	Charm (%s) disabled.			
UI	lang0.pak	DST_PERMANENT_COMMERCIAL_ITEM	Permanent			
UI	lang0.pak	DST_PETITION_CANCEL_PETITION	Cancel GM Request			
UI	lang0.pak	DST_PETITION_CATEGORY1_ACCUSE	Abuse			
UI	lang0.pak	DST_PETITION_CATEGORY1_BUG	Bugs			
UI	lang0.pak	DST_PETITION_CATEGORY1_GAMEINFO	Game Information			
UI	lang0.pak	DST_PETITION_CATEGORY1_STUCK	Stuck character			
UI	lang0.pak	DST_PETITION_CATEGORY2_ACCUSE_AUTOPROGRAM	Botting			
UI	lang0.pak	DST_PETITION_CATEGORY2_ACCUSE_FRAUD	Scam			
UI	lang0.pak	DST_PETITION_CATEGORY2_ACCUSE_PAPERING	Papering			
UI	lang0.pak	DST_PETITION_CATEGORY2_BUG_ETC	Etc			
UI	lang0.pak	DST_PETITION_CATEGORY2_BUG_GRAPHIC	Graphics Bug			
UI	lang0.pak	DST_PETITION_CATEGORY2_BUG_SYSTEM	System Bug			
UI	lang0.pak	DST_PETITION_CATEGORY2_GAME_INFO	Game Information			
UI	lang0.pak	DST_PETITION_CATEGORY2_STUCK	Stuck character			
UI	lang0.pak	DST_PETITION_CHOICE_GREATE_CATEGORY	Choose Category			
UI	lang0.pak	DST_PETITION_CHOICE_SMALL_CATEGORY	Choose Sub Category			
UI	lang0.pak	DST_PETITION_GM_CHAT_TITLE	GM Chat			
UI	lang0.pak	DST_PETITION_GREAT_CATEGORY	Main Category			
UI	lang0.pak	DST_PETITION_INPUT_CONTENT	Please Use 2-128 Characters			
UI	lang0.pak	DST_PETITION_SATISFACTION_BAD	Bad			
UI	lang0.pak	DST_PETITION_SATISFACTION_COMMENT	What do you think?			
UI	lang0.pak	DST_PETITION_SATISFACTION_GOOD	Good			
UI	lang0.pak	DST_PETITION_SATISFACTION_GREAT	Great			
UI	lang0.pak	DST_PETITION_SATISFACTION_NOT_BAD	Not Bad			
UI	lang0.pak	DST_PETITION_SATISFACTION_TITLE	Request GM			
UI	lang0.pak	DST_PETITION_SATISFACTION_WORST	Worst			
UI	lang0.pak	DST_PETITION_SEND	Send			
UI	lang0.pak	DST_PETITION_SIDEVIEW_MESSAGE	please wait			
UI	lang0.pak	DST_PETITION_SMALL_CATEGORY	Sub Category			
UI	lang0.pak	DST_PETITION_TITLE	GM Request			
UI	lang0.pak	DST_PETITION_TOO_LONG_CONTENT	Max 128 Characters			
UI	lang0.pak	DST_PET_STATUS_BLOCK_RATE	Defense Rate			
UI	lang0.pak	DST_PET_STATUS_DC_SUCCESS	Success Rate			
UI	lang0.pak	DST_PET_STATUS_DC_TOLERANCE	Resistance Rate			
UI	lang0.pak	DST_PET_STATUS_PHYSICAL_OFFENSE	Melee Attack			
UI	lang0.pak	DST_PET_TOOLTIP_ATTACK	Pet Attack			
UI	lang0.pak	DST_PET_TOOLTIP_OUT	Un-summon Pet.			
UI	lang0.pak	DST_PET_TOOLTIP_RECALL	Your pet will move forward.			
UI	lang0.pak	DST_PKALARM_AGREE_BUTTON	Agree			
UI	lang0.pak	DST_PKALARM_AGREE_MSG	Free Battle in this region is allowed. Follow the rules of the game.			
UI	lang0.pak	DST_PLAYER_COUNT	 %d players			
UI	lang0.pak	DST_PLEASE_RETRY	Data Process. Try Again			
UI	lang0.pak	DST_PLEASE_TRY_AGAIN	Try Again Later			
UI	lang0.pak	DST_POISON_DEFENCE	Poison Def.			
UI	lang0.pak	DST_POPOSTONE_RESURRECT_SAY	Welcome back!\nPlease be careful,don't die!			
UI	lang0.pak	DST_POPOSTONE_TITLE	Popo Stone			
UI	lang0.pak	DST_POPUPMENU_BUTTON_TOOLTIP	Organize Items or view description.			
UI	lang0.pak	DST_POPUPMENU_CANCEL_EQUIP	Don't Equip			
UI	lang0.pak	DST_POPUPMENU_DELETE	Delete			
UI	lang0.pak	DST_POPUPMENU_DIVIDE	Divide			
UI	lang0.pak	DST_POPUPMENU_EQUIP	Equip			
UI	lang0.pak	DST_POPUPMENU_HELP	Help			
UI	lang0.pak	DST_POPUPMENU_ITEM_SORT	Sort Items(In Progress)			
UI	lang0.pak	DST_POPUPMENU_ITEM_SORT_TOOLTIP	Clean up your Inventory			
UI	lang0.pak	DST_POPUPMENU_OPEN	Open			
UI	lang0.pak	DST_POPUPMENU_PARTY_CREATE	Create Party			
UI	lang0.pak	DST_POPUPMENU_PARTY_DIVIDE_EQUAL	Divide			
UI	lang0.pak	DST_POPUPMENU_PARTY_DIVIDE_ORDER	In Order			
UI	lang0.pak	DST_POPUPMENU_PARTY_DIVIDE_PICKUP_PERSON	Free for all			
UI	lang0.pak	DST_POPUPMENU_PARTY_DUNGEON_HARD	Hard			
UI	lang0.pak	DST_POPUPMENU_PARTY_DUNGEON_INIT	Reset UD			
UI	lang0.pak	DST_POPUPMENU_PARTY_DUNGEON_LEGENDARY	Legendary			
UI	lang0.pak	DST_POPUPMENU_PARTY_DUNGEON_NORMAL	Normal			
UI	lang0.pak	DST_POPUPMENU_PARTY_GRADE_ITEM	By Rating			
UI	lang0.pak	DST_POPUPMENU_PARTY_LEADER_CHANGE	Appoint Leader			
UI	lang0.pak	DST_POPUPMENU_PARTY_LEAVE	Leave Party			
UI	lang0.pak	DST_POPUPMENU_PARTY_MENU_SWITCH_MEMBER	Toggle Members			
UI	lang0.pak	DST_POPUPMENU_PARTY_MENU_SWITCH_MEMBER_BUFF	Toggle Buffs			
UI	lang0.pak	DST_POPUPMENU_PARTY_USE_INVEN	Use Party Inventory			
UI	lang0.pak	DST_POPUPMENU_PICKUP	Pickup			
UI	lang0.pak	DST_POPUPMENU_PULLOUT	Pull Out			
UI	lang0.pak	DST_POPUPMENU_SELL	Sell			
UI	lang0.pak	DST_POPUPMENU_SET_SHARETARGET_1	Set Target 1			
UI	lang0.pak	DST_POPUPMENU_SET_SHARETARGET_2	Set Target 2			
UI	lang0.pak	DST_POPUPMENU_SET_SHARETARGET_3	Set Target 3			
UI	lang0.pak	DST_POPUPMENU_SET_SHARETARGET_4	Set Target 4			
UI	lang0.pak	DST_POPUPMENU_SET_SHARETARGET_5	Set Target 5			
UI	lang0.pak	DST_POPUPMENU_STOP_USE	Disable			
UI	lang0.pak	DST_POPUPMENU_UNSET_SHARETARGET_1	Unset Target 1			
UI	lang0.pak	DST_POPUPMENU_UNSET_SHARETARGET_2	Unset Target 2			
UI	lang0.pak	DST_POPUPMENU_UNSET_SHARETARGET_3	Unset Target 3			
UI	lang0.pak	DST_POPUPMENU_UNSET_SHARETARGET_4	Unset Target 4			
UI	lang0.pak	DST_POPUPMENU_UNSET_SHARETARGET_5	Unset Target 5			
UI	lang0.pak	DST_POPUPMENU_USE	Use			
UI	lang0.pak	DST_POPUPMENU_VIEW	View			
UI	lang0.pak	DST_POPUP_CONTENT_ITEM_AUTOMATICENERGY	"[font size = ""9"" color=""269eff""]EV EP Recovery Potion [/font][font size = ""9"" color=""#323232""]The EP will be filled automatically. When EP is more than 30% of the EP will be automatically restored to 100%. The maximum amount is 100000.[/font]"			
UI	lang0.pak	DST_POPUP_CONTENT_ITEM_AUTOMATICLIFE	"[font size = ""9"" color=""269eff""]EV LP Recovery Potion[/font][font size = ""9"" color=""#323232""]The LP will be filled automatically. LP when LP is higher than 30% are automatically restored to 100%. The maximum amount is 100000.[/font]"			
UI	lang0.pak	DST_POPUP_CONTENT_ITEM_CAPSULEKIT	"[font size = ""9"" color=""269eff""]Red capsule box N20[15 Days][/font][font size = ""9"" color=""#323232""]The most advanced type of capsulebox. Expand the storage space to 20 slots.[/font]"			
UI	lang0.pak	DST_POPUP_CONTENT_ITEM_DEFENSEINTENSIFY	"[font size = ""9"" color=""269eff""]+12 Armor Coupon Lv11 [2 Days][/font][font size = ""9"" color=""#323232""]Upgrade with coupon only works on non-upgraded item and can't fail. The effect can only be used for certain time.[/font]"			
UI	lang0.pak	DST_POPUP_CONTENT_ITEM_ENERGY	"[font size = ""9"" color=""269eff""]EV Magic Pill X[/font][font size = ""9"" color=""#323232""]Capsule's proud masterpiece.[/font]"			
UI	lang0.pak	DST_POPUP_CONTENT_ITEM_EXP	"[font size = ""9"" color=""269eff""]EV Lower EXP Boost[2 Hours][/font][font size = ""9"" color=""#323232""]You may acquire additional experience points to 50%, only available at Lv 1 Lv 30. It can be used only for 2 hours. [/font]"			
UI	lang0.pak	DST_POPUP_CONTENT_ITEM_LIFE	"[font size = ""9"" color=""269eff""]EV Life Pill X[/font][font size = ""9"" color=""#323232""]Capsule's proud masterpiece.[/font]"			
UI	lang0.pak	DST_POPUP_CONTENT_ITEM_POPOJEWELRYBOX	"[font size = ""9"" color=""269eff""]Popo Jewelry Box Lv11[/font][font size = ""9"" color=""#323232""]To use need Lv 11 box contains the appropriate accessories. When you right-click on the ring, earrings, necklace comes out.[/font]"			
UI	lang0.pak	DST_POPUP_CONTENT_ITEM_POPOPIECE	"[font size = ""9"" color=""269eff""]EV Popo Pieces[/font][font size = ""9"" color=""#323232""]Is an item that can only revive you in place you died. When a character becomes faint, you can choose whether or not to use.[/font]"			
UI	lang0.pak	DST_POPUP_CONTENT_ITEM_SKYSKILL	"[font size = ""9"" color=""269eff""]EV Fly Scroll[/font][font size = ""9"" color=""#323232""]Press the spacebar twice, you can levitate then. The total duration is 3 minutes more information, please refer to Help (H).[/font]"			
UI	lang0.pak	DST_POPUP_CONTENT_ITEM_SPEEDINCREASE	"[font size = ""9"" color=""269eff""]EV movement speed increase item[/font][font size = ""9"" color=""#323232""]It's an item that give you speed. The speed is increased 20% for 10 minutes.[/font]"			
UI	lang0.pak	DST_POPUP_CONTENT_ITEM_TELEPOPOP	"[font size = ""9"" color=""269eff""]EV Tele Popo [/font][font size = ""9"" color=""#323232""]The item that is able to move you to popo stone.[/font]"			
UI	lang0.pak	DST_POPUP_CONTENT_ITEM_VEHICLE	"[font size = ""9"" color=""269eff""]Flying Jet Squirrel [7 Days][/font][font size = ""9"" color=""#323232""] Pressing the ESC button, you can get off. Note that you can use for 7 days.[/font]"			
UI	lang0.pak	DST_POPUP_CONTENT_ITEM_VEHICLEFUEL	"[font size = ""9"" color=""269eff""]EV Liquid Fuel S2 [7 Days][/font][font size = ""9"" color=""#323232""]Capsule fuel S2,developed by Capsule Corp.[/font]"			
UI	lang0.pak	DST_POPUP_CONTENT_ITEM_WEAPONINTENSIFY	"[font size = ""9"" color=""269eff""]12 Weapon Coupon Lv11[2 Days][/font][font size = ""9"" color=""#323232""]Upgrade with coupon only works on non upgraded item and can't fail. The effect can only be used for certain time.[/font]"			
UI	lang0.pak	DST_POPUP_ITEMBOX_LVTWO	"[font size = ""9"" color=""269eff""]Rating Box[/font][font size = ""9"" color=""#323232""]Gift box item.[br]Open the capsule kit (shortcut I), use the mouse to right-click the ratings box.[/font]"			
UI	lang0.pak	DST_PORTAL_ADD_NOTIFY	Teleportation point added.			
UI	lang0.pak	DST_PORTAL_CONFIRM	"[align = ""center""][font size = ""12"" color=""f4d762""]Teleport[/font][br][br][font size = ""10"" color=""269eff""]You'll be Teleported to the selected Area[/font][br][br][font size = ""10"" color=""f36a7c""]Fee: %s Zeni[br]Area: %s[/font][br][br][font size = ""10"" color=""ffffff""]Teleport?[/font]"			
UI	lang0.pak	DST_PORTAL_DISABLE	Location Not Allowed			
UI	lang0.pak	DST_PORTAL_FEARLAND	Fearland			
UI	lang0.pak	DST_PORTAL_ICON_DISABLE	Registered Points			
UI	lang0.pak	DST_PORTAL_ICON_ENABLE	Available Area			
UI	lang0.pak	DST_PORTAL_ICON_NOT_REGIST	Next Location			
UI	lang0.pak	DST_PORTAL_ICON_START	Current			
UI	lang0.pak	DST_PORTAL_MAINWORLD	World			
UI	lang0.pak	DST_PORTAL_START_POINT	Start Point			
UI	lang0.pak	DST_PORTAL_ZENNY	Zeni			
UI	lang0.pak	DST_PRESENT_ITEM_NAME	Name: %s			
UI	lang0.pak	DST_PRESENT_SENDER	Sender: %s			
UI	lang0.pak	DST_PRESENT_TIME	Time: %s			
UI	lang0.pak	DST_PRIVATESHOP_AWAY	 Away			
UI	lang0.pak	DST_PRIVATESHOP_BUSINESS_BUTTON_CANT_TOOLTIP	You can't Bargain			
UI	lang0.pak	DST_PRIVATESHOP_BUSINESS_BUTTON_TOOLTIP	You can Bargain			
UI	lang0.pak	DST_PRIVATESHOP_BUSINESS_CONSENT	"[align = ""center""]Bargain prices[br][br]%s will be bargained for[br][br]Bargain item : %s[br][br]Do you want to haggle?"			
UI	lang0.pak	DST_PRIVATESHOP_BUSINESS_TRADEBOX_ACCEPT	Accept			
UI	lang0.pak	DST_PRIVATESHOP_BUSINESS_TRADEBOX_CANCEL	Cancel			
UI	lang0.pak	DST_PRIVATESHOP_BUSINESS_TRADEBOX_FLUCTUATIONS	Price Adjustment			
UI	lang0.pak	DST_PRIVATESHOP_BUSINESS_TRADEBOX_NEXTPRICE	Next Price			
UI	lang0.pak	DST_PRIVATESHOP_BUSINESS_TRADEBOX_PREVPRICE	Prev Price			
UI	lang0.pak	DST_PRIVATESHOP_BUSINESS_TRADEBOX_TITLE	Tradebox			
UI	lang0.pak	DST_PRIVATESHOP_BUSINESS_TRADE_APPLYNOTIFY	"[align = ""center""]Adjusting Prices[br][br]Prices Subject to[br]Change."			
UI	lang0.pak	DST_PRIVATESHOP_BUSINESS_TRADE_APPLYPRICE	"[align = ""center""]Apply Price[br][br]Prices Subject to[br]Change."			
UI	lang0.pak	DST_PRIVATESHOP_BUSINESS_TRADE_CHAT	Trade Chat			
UI	lang0.pak	DST_PRIVATESHOP_BUSINESS_TRADE_FLUCTUATIONS	Price Adjustment			
UI	lang0.pak	DST_PRIVATESHOP_BUSINESS_TRADE_IMMEDIATE	Immediately Available			
UI	lang0.pak	DST_PRIVATESHOP_BUSINESS_TRADE_ITEMPRICE	Price			
UI	lang0.pak	DST_PRIVATESHOP_BUSINESS_TRADE_ITEMTITLE	Item			
UI	lang0.pak	DST_PRIVATESHOP_BUSINESS_TRADE_REALLYBUY	"[align = ""center""][font size=""12""color=""f4d762""]Confirm Trade[/font][br][br][font size=""10""color=""ffffff""]Accept Trade?[/font]"			
UI	lang0.pak	DST_PRIVATESHOP_BUSINESS_TRADE_TITLE	Item price dealing			
UI	lang0.pak	DST_PRIVATESHOP_BUSINESS_WAITREQUEST	"[align = ""center""]Store info queued[br][br]Please wait."			
UI	lang0.pak	DST_PRIVATESHOP_CART_BUY	Buy			
UI	lang0.pak	DST_PRIVATESHOP_CART_PRICE	Total			
UI	lang0.pak	DST_PRIVATESHOP_EMPTY_SLOT	Empty Slot			
UI	lang0.pak	DST_PRIVATESHOP_ITEM_NOT_IDENTIFICATION	Mystery Item			
UI	lang0.pak	DST_PRIVATESHOP_MSG_BUY_PROCESS	Right-Click to Add to Cart			
UI	lang0.pak	DST_PRIVATESHOP_MSG_ITEM_NOT_REG	You can't sell Personal Items			
UI	lang0.pak	DST_PRIVATESHOP_MSG_NOTICE_BUFFEROVER	Store can have maximum of 64 signs			
UI	lang0.pak	DST_PRIVATESHOP_MSG_NOTICE_SLANGDER	"[align = ""center""][font size = ""12"" color=""f4d762""]Shop Name[/font][br][br]font size = ""10"" color=""ffffff""]Click to Input personal Shop Explanation Again. [/font] "			
UI	lang0.pak	DST_PRIVATESHOP_MSG_SALE_CLOSE	"[align = ""center""][font size=""12""color=""f4d762""]Close Personal Store[/font][br][br][font size=""10""color=""ffffff""]Close the shop on sale?[/font]"			
UI	lang0.pak	DST_PRIVATESHOP_MSG_SALE_ITEM	"[align = ""center""]Insert at least one item."			
UI	lang0.pak	DST_PRIVATESHOP_MSG_SALE_OPEN	"[align = ""center""][font size=""12""color=""f4d762""]Personal Store[/font][br][br][font size=""10""color=""ffffff""]Open store?[/font]"			
UI	lang0.pak	DST_PRIVATESHOP_MSG_SHOPNAME_SLANGDER	"[align = ""center""][font size = ""12"" color=""f4d762""]Shop Name[/font][br][br][font size = ""10"" color=""269eff""]Private Shop[/font][br][font size = ""10"" color=""f36a7c""]Shop name[br][br]Contains Prohibited words[/fony][br][br][font size = ""10"" color=""ffffff""]Please Re-Enter.[/font]"			
UI	lang0.pak	DST_PRIVATESHOP_NAMETAG_AWAY	 - Away			
UI	lang0.pak	DST_PRIVATESHOP_NAMETAG_READY	Personal Shop Closed			
UI	lang0.pak	DST_PRIVATESHOP_NOTICE	Ready			
UI	lang0.pak	DST_PRIVATESHOP_NOTICE_FOOT	Signed: %s			
UI	lang0.pak	DST_PRIVATESHOP_SALE_START	Start			
UI	lang0.pak	DST_PRIVATESHOP_SALE_STOP	Close			
UI	lang0.pak	DST_PRIVATESHOP_SHOPNAME	Name			
UI	lang0.pak	DST_PRIVATESHOP_SHOPNAME_EMPTY	's Shop			
UI	lang0.pak	DST_PRIVATESHOP_TAB_BUY_1	Buy			
UI	lang0.pak	DST_PRIVATESHOP_TAB_BUY_2	Info			
UI	lang0.pak	DST_PRIVATESHOP_TAB_SELL_1	Sale			
UI	lang0.pak	DST_PRIVATESHOP_TAB_SELL_2	Info			
UI	lang0.pak	DST_PRIVATESHOP_ZENNY	Zeni			
UI	lang0.pak	DST_PURE_MARGIN_CAN_NOT_USE_SOCIAL	Can't use while transformed.			
UI	lang0.pak	DST_QUESTFLINKFLOWCHART	Quest Link			
UI	lang0.pak	DST_QUESTINDICATOR_ALLEXTEND_OFF	Show all quest information.			
UI	lang0.pak	DST_QUESTINDICATOR_ALLEXTEND_ON	Hide all quest information.			
UI	lang0.pak	DST_QUESTINDICATOR_EXTEND	Hide quest information.			
UI	lang0.pak	DST_QUESTINDICATOR_QUESTLIST_BTN	Turn on OR off the quest list window.			
UI	lang0.pak	DST_QUESTINDICATOR_QUESTLIST_OPEN	Open Questlist			
UI	lang0.pak	DST_QUESTINDICATOR_TIP_QUESTTYPE	[%s Quest]			
UI	lang0.pak	DST_QUESTINDICATOR_TRANSFORM_MINI	Minimize quest window			
UI	lang0.pak	DST_QUESTINDICATOR_TRANSFORM_NORMAL	View quest window			
UI	lang0.pak	DST_QUESTINFOMATION	Quest Info			
UI	lang0.pak	DST_QUESTLIST_INVENTITLE	Quest Items			
UI	lang0.pak	DST_QUESTLIST_NOQUEST	No Quests			
UI	lang0.pak	DST_QUESTLIST_TIP_CLEARD_QUEST	Complete			
UI	lang0.pak	DST_QUESTLIST_TIP_ERROR_BLOCK	Error			
UI	lang0.pak	DST_QUESTLIST_TIP_FAILD_QUEST	Failed			
UI	lang0.pak	DST_QUESTLIST_TIP_NEW_QUEST	New Quest			
UI	lang0.pak	DST_QUESTLIST_TIP_PROGRESS_QUEST	In-progress			
UI	lang0.pak	DST_QUESTLIST_TITLE	Quests			
UI	lang0.pak	DST_QUESTMESSAGE_TEXT_SKIP	Skip			
UI	lang0.pak	DST_QUESTREWARD_CHANGE_ADULT	Grow Up			
UI	lang0.pak	DST_QUESTREWARD_CONVERT_CLASS_RIGHT	Master Class			
UI	lang0.pak	DST_QUESTREWARD_INFO_CLASS	Class Change: %s			
UI	lang0.pak	DST_QUESTREWARD_INFO_EXP	%d EXP			
UI	lang0.pak	DST_QUESTREWARD_INFO_REPUTATION	%d Rep			
UI	lang0.pak	DST_QUESTREWARD_INFO_ZENNY	%s Zeni			
UI	lang0.pak	DST_QUESTREWARD_PROB_REWARD	Reward			
UI	lang0.pak	DST_QUESTREWARD_TEXT_BASIC	Reward			
UI	lang0.pak	DST_QUESTREWARD_TEXT_GET_EXP	Exp:			
UI	lang0.pak	DST_QUESTREWARD_TEXT_GET_ZENNY	Zeni:			
UI	lang0.pak	DST_QUESTREWARD_TEXT_SELECT	Select			
UI	lang0.pak	DST_QUESTREWARD_TEXT_SEL_CNT	Choose			
UI	lang0.pak	DST_QUEST_ACCEPT_BTN	Accept			
UI	lang0.pak	DST_QUEST_CANCEL_BTN	Cancel			
UI	lang0.pak	DST_QUEST_CAT_DRAGONBALL	Dragon Ball			
UI	lang0.pak	DST_QUEST_CAT_ELITE	Elite Quest			
UI	lang0.pak	DST_QUEST_CAT_EVENT	Event Quest			
UI	lang0.pak	DST_QUEST_CAT_JOBCHANGE	Class Change			
UI	lang0.pak	DST_QUEST_CAT_SCENARIO	Scenario Quest			
UI	lang0.pak	DST_QUEST_CAT_SYSTEM	System Quest			
UI	lang0.pak	DST_QUEST_CAT_TASK	General Quest			
UI	lang0.pak	DST_QUEST_CAT_TIMEMACHINE	Time-Machine			
UI	lang0.pak	DST_QUEST_CAT_TLQ	Time Line			
UI	lang0.pak	DST_QUEST_CLEAR	Cleared: %s			
UI	lang0.pak	DST_QUEST_CLOSE_BTN	Close			
UI	lang0.pak	DST_QUEST_COMPLETE	Completed: %s			
UI	lang0.pak	DST_QUEST_FAILED	Failed: %s			
UI	lang0.pak	DST_QUEST_GAVEUP_MESSAGE	Abandoned: %s			
UI	lang0.pak	DST_QUEST_GIVEUP_BTN	Abandon			
UI	lang0.pak	DST_QUEST_GIVEUP_MESSAGE	"[align = ""center""][font size = ""12"" color=""f4d762""]Abandon the Quest[/font][br][br][font size = ""10"" color=""269eff""]Caution[/font][br][br]You can speak to the NPC to receive the Quest again.[br][br][font size = ""10"" color=""f36a7c""]Quests with Special Conditions may be lost.[/font][br][br][font size = ""10"" color=""ffffff""]Are you sure you want to abandon?[/font]"			
UI	lang0.pak	DST_QUEST_GUID_TOGGLE_OFF	Quest Guide Off.			
UI	lang0.pak	DST_QUEST_GUID_TOGGLE_ON	Quest Guide On.			
UI	lang0.pak	DST_QUEST_HIDE_QUEST_CATALOG	Hide			
UI	lang0.pak	DST_QUEST_INDICATOR	Track Quest			
UI	lang0.pak	DST_QUEST_INDICATOR_CANNOT_ADD_INDICATE_ITEM	Quest Log Full			
UI	lang0.pak	DST_QUEST_LIMIT_TIME	Timeout			
UI	lang0.pak	DST_QUEST_LINK_ACTION_ERROR	Try Again			
UI	lang0.pak	DST_QUEST_NEXT_INVENTORY	Next			
UI	lang0.pak	DST_QUEST_PREV_INVENTORY	Previous			
UI	lang0.pak	DST_QUEST_PROGRESS_INFO	Progress			
UI	lang0.pak	DST_QUEST_PROGRESS_WINDOW_TITLE	Quest Info			
UI	lang0.pak	DST_QUEST_PROPOSAL_WINDOW_TITLE	Quest Offers			
UI	lang0.pak	DST_QUEST_RECIEVER	Receiver			
UI	lang0.pak	DST_QUEST_REJECT_BTN	Reject			
UI	lang0.pak	DST_QUEST_REMAIN_TIME	Time Left %02d:%02d			
UI	lang0.pak	DST_QUEST_REWARD_BTN	Reward			
UI	lang0.pak	DST_QUEST_REWARD_WINDOW_TITLE	Reward			
UI	lang0.pak	DST_QUEST_SENDER	Sender			
UI	lang0.pak	DST_QUEST_SHARE	Share			
UI	lang0.pak	DST_QUEST_SHARE_ALREADY_PROGRESS	In-Progress: %s			
UI	lang0.pak	DST_QUEST_SHARE_COND_COMPLETE	%s can't share (Chain)			
UI	lang0.pak	DST_QUEST_SHARE_COND_EQUIP_ITEM	Can't share, %s miss an item			
UI	lang0.pak	DST_QUEST_SHARE_COND_IN_WORLD	%s can't share, wrong area			
UI	lang0.pak	DST_QUEST_SHARE_COND_ITEM	%s Quest: Certain Item			
UI	lang0.pak	DST_QUEST_SHARE_COND_LEVEL	Can't share, %s level too low			
UI	lang0.pak	DST_QUEST_SHARE_COND_NPC_REGION	%s need to be near the NPC			
UI	lang0.pak	DST_QUEST_SHARE_COND_PC_CLASS	Can't share, wrong Class: %s			
UI	lang0.pak	DST_QUEST_SHARE_COND_PC_RACE	Can't share, wrong Race: %s			
UI	lang0.pak	DST_QUEST_SHARE_COND_QITEM	%s Quest Item			
UI	lang0.pak	DST_QUEST_SHARE_HAS_BEEN	Shared: %s			
UI	lang0.pak	DST_QUEST_SHARE_MAX_OVERFLOW	Log Full			
UI	lang0.pak	DST_QUEST_SHARE_OTHER_QUEST_PROGRESS	%s Quest in progress try again			
UI	lang0.pak	DST_QUEST_SHARE_TRY	Shared: %s			
UI	lang0.pak	DST_QUEST_SHOW_QUEST_CATALOG	Show			
UI	lang0.pak	DST_QUEST_SUCCESS_COLLECTION	Collection Completed: %s			
UI	lang0.pak	DST_QUEST_SUCCESS_CUSTOM	Mission Success: %s			
UI	lang0.pak	DST_QUEST_SUCCESS_DELIVERY	Delivery Completed: %s			
UI	lang0.pak	DST_QUEST_SUCCESS_MOBHUNT	Mob Hunt Complete: %s			
UI	lang0.pak	DST_QUEST_SUCCESS_VISIT	Visited: %s			
UI	lang0.pak	DST_QUEST_TEXT_AIM	Target			
UI	lang0.pak	DST_QUEST_TEXT_CONVERSATION	Information			
UI	lang0.pak	DST_QUICKSLOT_IS_LOCK	Bar Locked			
UI	lang0.pak	DST_QUICK_TELEPORT	Teleport			
UI	lang0.pak	DST_QUICK_TELEPORT_ERROR_POS_MOVE	Can't teleport.			
UI	lang0.pak	DST_QUICK_TELEPORT_ERROR_POS_SAVE	Can't teleport.			
UI	lang0.pak	DST_QUICK_TELEPORT_ERROR_SLOT_FAINT	Can't teleport.			
UI	lang0.pak	DST_QUICK_TELEPORT_INFO	Info			
UI	lang0.pak	DST_QUICK_TELEPORT_SAVE_POS	Save: %s			
UI	lang0.pak	DST_QUICK_TELEPORT_SAVE_TIME	Save Time: %2dYear %2dMonth %2dDay %2dMinute %2dSecond			
UI	lang0.pak	DST_QUICK_TELEPORT_TO_FAINT_POS	Teleport to where you died			
UI	lang0.pak	DST_RACE	Race			
UI	lang0.pak	DST_RACE_CHANNEL_BUFF_SIDEICON_EFFECT	Apply effect			
UI	lang0.pak	DST_RACE_CHANNEL_BUFF_SIDEICON_INCREASE_ALLSTAT	All state increased by %d%%			
UI	lang0.pak	DST_RACE_CHANNEL_BUFF_SIDEICON_INCREASE_MOVE_SPEED	Movement speed increased by %d%%			
UI	lang0.pak	DST_RACE_CHANNEL_BUFF_SIDEICON_INCREASE_VEHICLE_SPEED	Vehicle speed increased by %d%%			
UI	lang0.pak	DST_RACE_CHANNEL_BUFF_SIDEICON_TARGET	Apply to: %d ~ %d Lv(%s)			
UI	lang0.pak	DST_RACE_CHANNEL_BUFF_SIDEICON_TITLE	Race (%s)BUFF			
UI	lang0.pak	DST_RANKBATTLE_CANCELED	Rank Cancelled			
UI	lang0.pak	DST_RANKBATTLE_DIRECT_REGISTER	Sign in			
UI	lang0.pak	DST_RANKBATTLE_MATCH_READY	Get ready to battle			
UI	lang0.pak	DST_RANKBATTLE_MEMBER_FAINT	%s Fainted.			
UI	lang0.pak	DST_RANKBATTLE_MEMBER_GIVEUP	%s Fled			
UI	lang0.pak	DST_RANKBATTLE_MEMBER_OUTOFAREA	%s Out of Area			
UI	lang0.pak	DST_RANKBATTLE_MUST_SELECT_ROOMID	Choose Battle Room Challenge.			
UI	lang0.pak	DST_RANKBATTLE_NOTIFY_COUNT	Waiting for the end of the Ranked Battle.			
UI	lang0.pak	DST_RANKBATTLE_SIDEVIEW_MESSAGE_JOIN	For %s you must apply.			
UI	lang0.pak	DST_RANKBATTLE_SIDEVIEW_MESSAGE_MATCHFAIL	Player Not Found			
UI	lang0.pak	DST_RANKBATTLE_SIDEVIEW_MESSAGE_NEED_PARTYMEMBER	Party member required.			
UI	lang0.pak	DST_RANKBOARD_BOARD_DATALOADING	Loading			
UI	lang0.pak	DST_RANKBOARD_BOARD_MSGBOX_INPUTSEARCH	"[align = ""center""][font size=""12""color=""f4d762""]View Rank Board[/font][br][br][font size=""12""color=""ffffff""]Please enter a Name.[/font]"			
UI	lang0.pak	DST_RANKBOARD_BOARD_MSGBOX_NODATA	"[align = ""center""][font size=""12""color=""f4d762""]View Rank Board[/font][br][br][font size=""12""color=""ffffff""]No more data.[/font]"			
UI	lang0.pak	DST_RANKBOARD_BOARD_MSGBOX_NONESCENARIO	"[align = ""center""][font size=""12""color=""f4d762""]View Rank Board[/font][br][br][font size=""12""color=""ffffff""]Quests not Displayed.[/font]"			
UI	lang0.pak	DST_RANKBOARD_BOARD_MSGBOX_NOTMEMBER	"[align = ""center""][font size=""12""color=""f4d762""]View Rank Board[/font][br][br][font size=""10""color=""ffffff""]Party members can't display more Info.[/font]"			
UI	lang0.pak	DST_RANKBOARD_BOARD_MSGBOX_NOTPAGE	"[align = ""center""][font size=""12""color=""f4d762""]View Rank Board[/font][br][br][font size=""10""color=""ffffff""]Last Page of rank board.[/font]"			
UI	lang0.pak	DST_RANKBOARD_BOARD_MSGBOX_TOPPAGE	"[align = ""center""][font size=""12""color=""f4d762""]View Rank Board[/font][br][br][font size=""12""color=""ffffff""]First Page of rank board.[/font]"			
UI	lang0.pak	DST_RANKBOARD_BOARD_NEXT	Next			
UI	lang0.pak	DST_RANKBOARD_BOARD_PREV	Previous			
UI	lang0.pak	DST_RANKBOARD_BOARD_TITLE_PVP	Resets			
UI	lang0.pak	DST_RANKBOARD_BOARD_TITLE_TMQ	TMQ			
UI	lang0.pak	DST_RANKBOARD_RANKBATTLE_SUBJECT_CLASS	Class			
UI	lang0.pak	DST_RANKBOARD_RANKBATTLE_SUBJECT_COMPARE	Change			
UI	lang0.pak	DST_RANKBOARD_RANKBATTLE_SUBJECT_COMPARE_1	1 Day			
UI	lang0.pak	DST_RANKBOARD_RANKBATTLE_SUBJECT_COMPARE_2	2 Days			
UI	lang0.pak	DST_RANKBOARD_RANKBATTLE_SUBJECT_COMPARE_3	3 Days			
UI	lang0.pak	DST_RANKBOARD_RANKBATTLE_SUBJECT_COMPARE_4	4 Days			
UI	lang0.pak	DST_RANKBOARD_RANKBATTLE_SUBJECT_COMPARE_5	5 Days			
UI	lang0.pak	DST_RANKBOARD_RANKBATTLE_SUBJECT_COMPARE_6	6 Days			
UI	lang0.pak	DST_RANKBOARD_RANKBATTLE_SUBJECT_GUILD	Guild			
UI	lang0.pak	DST_RANKBOARD_RANKBATTLE_SUBJECT_LEVEL	Lv.			
UI	lang0.pak	DST_RANKBOARD_RANKBATTLE_SUBJECT_NAME	Name			
UI	lang0.pak	DST_RANKBOARD_RANKBATTLE_SUBJECT_POINT	Resets			
UI	lang0.pak	DST_RANKBOARD_RANKBATTLE_SUBJECT_RANK	Rank			
UI	lang0.pak	DST_RANKBOARD_RANKBATTLE_SUBJECT_STRAIGHTWIN	Reputation			
UI	lang0.pak	DST_RANKBOARD_TITLE	View Rankings			
UI	lang0.pak	DST_RANKBOARD_TMQ_OVER_TIME	Overtime			
UI	lang0.pak	DST_RANKBOARD_TMQ_SUBJECT_CLASS	Job			
UI	lang0.pak	DST_RANKBOARD_TMQ_SUBJECT_CLEARTIME	Clear Time			
UI	lang0.pak	DST_RANKBOARD_TMQ_SUBJECT_LEVEL	Lv.			
UI	lang0.pak	DST_RANKBOARD_TMQ_SUBJECT_PARTYMEMBER	Members			
UI	lang0.pak	DST_RANKBOARD_TMQ_SUBJECT_PARTYMEMBERINFO	Members Info			
UI	lang0.pak	DST_RANKBOARD_TMQ_SUBJECT_PARTYNAME	Party			
UI	lang0.pak	DST_RANKBOARD_TMQ_SUBJECT_RANK	Rank			
UI	lang0.pak	DST_RANKBOARD_TMQ_SUBJECT_SCENARIO	Scenario %d			
UI	lang0.pak	DST_RANK_BATTLE	Rank Battle			
UI	lang0.pak	DST_RB_APPLY_CHALLANGE	Do you want to apply?			
UI	lang0.pak	DST_RB_BLUE_TEAM	Blue			
UI	lang0.pak	DST_RB_BTN_APPLY	Apply			
UI	lang0.pak	DST_RB_BTN_CANCEL	Cancel			
UI	lang0.pak	DST_RB_BTN_INDIVIDUAL	Single			
UI	lang0.pak	DST_RB_BTN_PARTY	Party			
UI	lang0.pak	DST_RB_BTN_RELAY	Relay			
UI	lang0.pak	DST_RB_CAMERA_REVIEW	Return			
UI	lang0.pak	DST_RB_CAMERA_VIEW	Spectators:			
UI	lang0.pak	DST_RB_CANCEL	Cancel			
UI	lang0.pak	DST_RB_CHALLENGER_COUNT	Challengers			
UI	lang0.pak	DST_RB_COUNT_INFO	Ranked Battle Number: %d			
UI	lang0.pak	DST_RB_COUNT_INFO_NOTIFY	Battle Rank Nr. %d left to join			
UI	lang0.pak	DST_RB_ENEMY_MEMBER	Opponent			
UI	lang0.pak	DST_RB_FIELD	Stadium			
UI	lang0.pak	DST_RB_INFO_1	%s until next battle begin.			
UI	lang0.pak	DST_RB_INFO_2	Type: %s\nStadium: %s\nTime: %s 			
UI	lang0.pak	DST_RB_LEVEL	Lv.%d			
UI	lang0.pak	DST_RB_LEVEL_LIMIT	Lv.%u - Lv.%u			
UI	lang0.pak	DST_RB_NOT_ACTION	Can't be used during other actions.			
UI	lang0.pak	DST_RB_NOT_USE	Can't be used during battle.			
UI	lang0.pak	DST_RB_PAGE	%u / %u			
UI	lang0.pak	DST_RB_PERFECT_WIN	Perfect			
UI	lang0.pak	DST_RB_RED_TEAM	Red			
UI	lang0.pak	DST_RB_RELAY_INFO	<%s Team 「%s」 ,「%s」 move first.			
UI	lang0.pak	DST_RB_RELAY_INFO_ONEPLAY	<%s Team>, 「%s」 move first.			
UI	lang0.pak	DST_RB_RELAY_INFO_OUT	<%s Team 「%s」 to ringout 「%s」 enter.			
UI	lang0.pak	DST_RB_RELAY_INFO_OUT_ALONG	<%s Team 「%s」 to ringout.			
UI	lang0.pak	DST_RB_RESULT_EACH_LEVEL_REWARD	Depends On Level			
UI	lang0.pak	DST_RB_RESULT_MESSAGE	"[font size=""14""color=""000000""]The Ranked Battle is over.[br][br]Exiting Soon![/font]"			
UI	lang0.pak	DST_RB_RESULT_POINT_RESULT	Results			
UI	lang0.pak	DST_RB_RESULT_POINT_TEXT	Score			
UI	lang0.pak	DST_RB_RESULT_RECORD_INFO_1	Total: %u I, %u W, %u L			
UI	lang0.pak	DST_RB_RESULT_RECORD_INFO_2	%u Win Streak (Victory: %u Times)			
UI	lang0.pak	DST_RB_RESULT_WAIT_TEXT	Please Wait			
UI	lang0.pak	DST_RB_RESULT_WAIT_TIME	(Timeout: %dSec)			
UI	lang0.pak	DST_RB_SIDECIEWMSG	In the waiting room, you can only watch.			
UI	lang0.pak	DST_RB_SIDE_CHECK_FOR_ENTER	Check Rank (Lv.%u-Lv.%u)			
UI	lang0.pak	DST_RB_SIDE_DOING_RANKBATTLE	Rank Battle			
UI	lang0.pak	DST_RB_SIDE_DO_ENTER_RANKBATTLE	Enter Ranked Battle?			
UI	lang0.pak	DST_RB_SIDE_ENTER_FAIL	Failed			
UI	lang0.pak	DST_RB_SIDE_ENTER_MUST_HAVE_NEED_ITEM	(No items)			
UI	lang0.pak	DST_RB_SIDE_ENTER_MUST_HAVE_NEED_ZENNY	(Not enough Zeni)			
UI	lang0.pak	DST_RB_SIDE_ENTER_STATE_ERROR	(Status)			
UI	lang0.pak	DST_RB_SIDE_ENTER_SUCESS	Entered			
UI	lang0.pak	DST_RB_SIDE_ENTER_TOO_HIGHTLEVEL	(Level too High)			
UI	lang0.pak	DST_RB_SIDE_ENTER_TOO_LOW_LEVEL	(Level too Low)			
UI	lang0.pak	DST_RB_SIDE_ON_ENTER	Position			
UI	lang0.pak	DST_RB_SIDE_ON_ENTER_SECOND	%d sec after position			
UI	lang0.pak	DST_RB_SIDE_RANKBATTLE_CANCELED	Battle Cancelled			
UI	lang0.pak	DST_RB_SIDE_WAIT_FOR_ENTER	Ranked Battle (Lv.%u-Lv.%u)			
UI	lang0.pak	DST_RB_START_BATTLE	Start Battle			
UI	lang0.pak	DST_RB_START_BATTLE_READY	Buff and prepare please.			
UI	lang0.pak	DST_RB_STRAIGHT_WIN	Win Streak			
UI	lang0.pak	DST_RB_TITLE	Registration			
UI	lang0.pak	DST_RECALL	Summon			
UI	lang0.pak	DST_RECALL_START_MASCOT_MB_CONFIRM	"[align = ""center""][font size = ""12"" color=""f4d762""]Summon Pet[/font][br][br][font size = ""10"" color=""ffffff""]Summon your Pet?[/font]"			
UI	lang0.pak	DST_RECALL_STOP_MASCOT_MB_CONFIRM	"[align = ""center""][font size = ""12"" color=""f4d762""]Dismiss Pet[/font][br][br][font size = ""10"" color=""ffffff""]Dismiss your Pet?[/font]"			
UI	lang0.pak	DST_RECORD	Record			
UI	lang0.pak	DST_REFUND_POLICY	Refund Policy			
UI	lang0.pak	DST_REFUND_POLICY_URL	https://opendbo.org/donate			
UI	lang0.pak	DST_REGEN_MB_DOJO_RETRY_BTN	Retry			
UI	lang0.pak	DST_REGEN_MB_MAINWORLD_MOVE_TO_POPOSTONE_BTN	Respawn			
UI	lang0.pak	DST_REGEN_MB_MAINWORLD_USE_POPOSTONE_CHUNK_BTN	Revive			
UI	lang0.pak	DST_REGEN_MB_PARTYDUNGEON_RETRY_BTN	Retry			
UI	lang0.pak	DST_REGEN_MB_TLQ_MOVE_TO_MAINWORLD_BTN	Respawn			
UI	lang0.pak	DST_REGEN_MB_TLQ_RETRY_BTN	Retry			
UI	lang0.pak	DST_REGEN_MB_TMQ_MOVE_TO_MAINWORLD_BTN	Leave			
UI	lang0.pak	DST_REGEN_PLAYER_CCBD	"[align = ""center""][font size = ""12"" color=""f4d762""]Waiting for Revive[/font][br][br][font size = ""10"" color=""eb436b""]If you click OK you'll leave the dungeon and party.[/font][br][font size = ""10"" color=""ffffff""]Leave dungeon and party?[/font]"			
UI	lang0.pak	DST_REGEN_PLAYER_DOJO	"[align = ""center""][font size = ""12"" color=""f4d762""]You Fainted[/font][br][br][font size = ""10"" color=""269eff""]Can't do anything while dead[br]Please wait[br]until you get resurrected.[/font][br][br][font size = ""10"" color=""f4d762""]Retry: Stay in this world[/font][br][br][font size = ""10"" color=""ffffff""]Retry?[/font]"			
UI	lang0.pak	DST_REGEN_PLAYER_MAINWORLD	"[align = ""center""][font size = ""12"" color=""f4d762""]You Fainted[/font][br][br][font size = ""10"" color=""269eff""]Can't do anything while dead[/font][br][font size = ""10"" color=""f4d762""]Wait for a friend[br]To bring you back[br]or go to Popo Stone.[/font][br][br][font size = ""10"" color=""ef1f1f""]Go to: Popostone location[/font][br][br][font size = ""10"" color=""ffffff""]Select an action?[/font]"			
UI	lang0.pak	DST_REGEN_PLAYER_MAINWORLD_WITH_POPO	"[align = ""center""][font size = ""12"" color=""f4d762""]You Fainted[/font][br][br][font size = ""10"" color=""269eff""]You have lost all of your Life Points.[/font][br][br][font size = ""10"" color=""f4d762""]You can Respawn in Town or[br][br]Revive yourself using a Popo Stone[/font][br][br][font size = ""10"" color=""ffffff""]Select an action?[/font]"			
UI	lang0.pak	DST_REGEN_PLAYER_PARTY_DUNGEON	"[align = ""center""][font size = ""12"" color=""f4d762""]You Fainted[/font][br][br][font size = ""10"" color=""269eff""]You've Fainted[br]Please wait[br]until you are resurrected[/font][br][br][font size = ""10"" color=""ffffff""]Select an action?[/font]"			
UI	lang0.pak	DST_REGEN_PLAYER_PARTY_DUNGEON_NO	"[align = ""center""][font size = ""12"" color=""f4d762""]You Fainted[/font][br][br][font size = ""10"" color=""269eff""]Can't do anything while dead[br]Please wait[br]for the timer[br]you can't respawn[br]until the timer[br]runs out[br]please wait.[/font][br][br][font size = ""10"" color=""f4d762""]Land : Stay in this world[/font][br][br][font size = ""10"" color=""ffffff""]Select an action?[/font][br]"			
UI	lang0.pak	DST_REGEN_PLAYER_TLQ	"[align = ""center""][font size = ""12"" color=""f4d762""]You Fainted[/font][br][br][font size = ""10"" color=""269eff""]Can't do anything while dead[/font][br][font size = ""10"" color=""f4d762""]Teleport back[br]To your own world.[br][br]Return: Back to your world[br]Land: Stay in this world[/font][br][br][font size = ""10"" color=""ffffff""]Select an action?[/font]"			
UI	lang0.pak	DST_REGEN_PLAYER_TMQ	"[align = ""center""][font size = ""12"" color=""f4d762""]You Fainted[/font][br][br][font size = ""10"" color=""269eff""]Can't do anything while dead[/font][br][font size = ""10"" color=""f4d762""]Releasing will bring you[br]Back to your world[/font][br][br][font size = ""10"" color=""ffffff""]Select an action?[/font]"			
UI	lang0.pak	DST_REGISTER	Register			
UI	lang0.pak	DST_REGISTER_MASCOT_MB_CONFIRM	"[align = ""center""][font size = ""12"" color=""f4d762""]Pet Registration[/font][br][br][font size = ""10"" color=""269eff""]To avoid losing your Pet it's[br]recommended to register it.[/font][br][br][font size = ""10"" color=""ffffff""]Register your Pet now?[/font]"			
UI	lang0.pak	DST_REJECT_PARTY_RECALL	%s Reject recall.			
UI	lang0.pak	DST_RELEASE	Dismiss			
UI	lang0.pak	DST_RENAME_MB_CHARAC_RENAME	"[align = ""center""][font size=""12""color=""f4d762""]Character Rename[/font][br][br][font size=""10""color=""269eff""]Enter new name.[/font]"			
UI	lang0.pak	DST_RENAME_MB_ENTER_LOBBY	"[align = ""center""][font size=""12""color=""f4d762""]Character Selection[/font][br][br][font size=""10""color=""269eff""]Will enter lobby in 10 seconds.[br][/font]"			
UI	lang0.pak	DST_REPAIR_ALL_ITEM	All Items repaired! Cost: %s Zeni			
UI	lang0.pak	DST_REPAIR_ITEM	%s Repaired %s			
UI	lang0.pak	DST_RESET	Reset			
UI	lang0.pak	DST_RESTRICTION_CCBD	CCBD disabled			
UI	lang0.pak	DST_RESTRICTION_DOJO	Dojo Disabled			
UI	lang0.pak	DST_RESTRICTION_HUNT	Scramble Disabled			
UI	lang0.pak	DST_RESTRICTION_NORMAL	General Disabled			
UI	lang0.pak	DST_RESTRICTION_RAID	Raid Disabled			
UI	lang0.pak	DST_RESTRICTION_RANKBATTLE	Ranked Disabled			
UI	lang0.pak	DST_RESTRICTION_TEINKAICHIBUDOKAI	Budokai Disabled			
UI	lang0.pak	DST_RESTRICTION_TIMEQUEST	TMQ Disabled			
UI	lang0.pak	DST_RESTRICTION_TLQ	TLQ Disabled			
UI	lang0.pak	DST_RESTRICTION_TUTORIAL	Tutorial Disabled			
UI	lang0.pak	DST_RESTRUCTURE_ITEM_EMPTY_TOOLTIP	Place item for restructuring.			
UI	lang0.pak	DST_REVERTED_BATTLE_DRAGONBALL	Battle Dragon Ball			
UI	lang0.pak	DST_REVERTED_DRAGONBALL	Dragon Ball			
UI	lang0.pak	DST_REVERTED_INVENTORY	Inventory Bound			
UI	lang0.pak	DST_REVERTED_ITEM	Sealing			
UI	lang0.pak	DST_REVERTED_MB_CONFIRM_ACTIVATE	"[align = ""center""][font size = ""12"" color=""f4d762""]Check Item Attribute[/font][br][br][font size = ""10"" color=""f36a7c""]Attribute: %s.[/font][br][br][font size = ""10"" color=""f36a7c""]Change the status of the item? (can't be undone)[/font]"			
UI	lang0.pak	DST_REVERTED_QUEST	Quest Bound			
UI	lang0.pak	DST_REWARDLIST	List			
UI	lang0.pak	DST_REWARD_ACCOUNT	All characters available			
UI	lang0.pak	DST_REWARD_CHAR	Other roles			
UI	lang0.pak	DST_REWARD_CLOSE	Close			
UI	lang0.pak	DST_REWARD_EVENT_AD	Manager			
UI	lang0.pak	DST_REWARD_INDEX_ERROR	Index Error			
UI	lang0.pak	DST_REWARD_INFO	Reward info			
UI	lang0.pak	DST_REWARD_NOT_ACCOUNT_CHARID	"[align = ""center""][font size = ""12"" color=""f4d762""]Information system problem[/font][br][br][font size = ""10"" color=""ffffff""]Compensation of receiving[br]data error occurred (02).[/font]"			
UI	lang0.pak	DST_REWARD_NOT_CHARID	"[align = ""center""][font size = ""12"" color=""f4d762""]Error[/font[br][br][font size = ""10"" color=""ffffff""]An error occurred.[/font]"			
UI	lang0.pak	DST_REWARD_NOT_CHAR_CHARID	"[align = ""center""][font size = ""12"" color=""f4d762""]Information system problem[/font][br][br][font size = ""10"" color=""ffffff""]Compensation of receiving[br]data error occurred (02).[/font]"			
UI	lang0.pak	DST_REWARD_NOT_REWARD	Reward not available			
UI	lang0.pak	DST_REWARD_NOT_TABLE	"[align = ""center""][font size = ""12"" color=""f4d762""]Information system problem[/font][br][br][font size = ""10"" color=""ffffff""]Compensation of receiving[br]data error occurred (01).[/font]"			
UI	lang0.pak	DST_REWARD_SENDCHAR	From			
UI	lang0.pak	DST_REWARD_SENT	Reward Accepted			
UI	lang0.pak	DST_REWARD_SENT_CHARACTER	"[align = ""center""][font size = ""12"" color=""f4d762""]Reward[/font][br][br][size = ""10"" color=""FFFFFF""]Only the current character will receive the reward.[/font][br][br][font size = ""10"" color=""eb436b""]Do you want to continue?[/font]"			
UI	lang0.pak	DST_REWARD_TABLE_ERROR	Table error			
UI	lang0.pak	DST_RING	Ring			
UI	lang0.pak	DST_RPBALL_TOOLTIP	Use RP to boost skills or to use HTB skills			
UI	lang0.pak	DST_SATURDAY	Saturday			
UI	lang0.pak	DST_SAVE	Save			
UI	lang0.pak	DST_SCOUTERPARTS_BEST_START	Best Start			
UI	lang0.pak	DST_SCOUTERPARTS_FIND_MOB_TO_GET_DRAGONBALL	Finds Dragon Balls			
UI	lang0.pak	DST_SCOUTERPARTS_FIND_OBJECT	Find hidden objects			
UI	lang0.pak	DST_SCOUTERPARTS_INFO_LUMINOSITY	Item Drop			
UI	lang0.pak	DST_SCOUTERPARTS_INFO_METERIAL_DECOMPOSITION	Material Degradation			
UI	lang0.pak	DST_SCOUTERPARTS_INFO_REMOTE_BANK	Remote Warehouse			
UI	lang0.pak	DST_SCOUTERPARTS_INFO_REMOTE_SHOP	Remote Store			
UI	lang0.pak	DST_SCOUTERPARTS_INFO_REMOTE_SHOP_BUY	Remote Buy			
UI	lang0.pak	DST_SCOUTERPARTS_INFO_REMOTE_SHOP_IDENTIFY	Remote Identify			
UI	lang0.pak	DST_SCOUTERPARTS_INFO_REMOTE_SHOP_REPAIR	Remote Repair			
UI	lang0.pak	DST_SCOUTERPARTS_INFO_REMOTE_SHOP_SELL	Remote Sell			
UI	lang0.pak	DST_SCOUTERPARTS_INFO_REMOTE_TMP	Remote Auction			
UI	lang0.pak	DST_SCOUTERPARTS_ITEM_IDENTIFICATION	Identify Item			
UI	lang0.pak	DST_SCOUTERPARTS_MAIL_CONNECTOR	Mailbox Access			
UI	lang0.pak	DST_SCOUTERPARTS_MAIL_TRANSMITTER	Mailbox Access + Item transfer			
UI	lang0.pak	DST_SCOUTERPARTS_PC_INFO_JAMMING	Avoid Inspect			
UI	lang0.pak	DST_SCOUTERPARTS_PC_INFO_VIEWER	Inspect Others			
UI	lang0.pak	DST_SCOUTERPARTS_QUEST_SEARCH	Quest Search			
UI	lang0.pak	DST_SCOUTERPARTS_SPECIAL_START	Predicts:%d%% Accuracy			
UI	lang0.pak	DST_SCOUTER_BA	Passive			
UI	lang0.pak	DST_SCOUTER_BACK	Runs			
UI	lang0.pak	DST_SCOUTER_BALL	May Drop a Dragon Ball			
UI	lang0.pak	DST_SCOUTER_BUTTON_EXPLANATION_NON	Scouter On/Off Button.			
UI	lang0.pak	DST_SCOUTER_BUTTON_EXPLANATION_OFF	Scouter: Off. Click on the T key to turn on.			
UI	lang0.pak	DST_SCOUTER_BUTTON_EXPLANATION_ON	Scouter: On. Click on the T key to turn off.			
UI	lang0.pak	DST_SCOUTER_CAN_NOT_MOVE_PARTS_ON_MENU	Can't Move Part Error			
UI	lang0.pak	DST_SCOUTER_CHECK_ABILITY_ATTACK	Aggression Scan			
UI	lang0.pak	DST_SCOUTER_CHECK_DRAGONBALL	Dragon Ball Radar			
UI	lang0.pak	DST_SCOUTER_CHECK_EQUIPMENT	Equipment Scan			
UI	lang0.pak	DST_SCOUTER_CHECK_MONSTER	AI/Skill/Prop.			
UI	lang0.pak	DST_SCOUTER_COME	Calls for Help			
UI	lang0.pak	DST_SCOUTER_DB	Buffs			
UI	lang0.pak	DST_SCOUTER_DC	Curse			
UI	lang0.pak	DST_SCOUTER_DD	Damage			
UI	lang0.pak	DST_SCOUTER_DH	Heals			
UI	lang0.pak	DST_SCOUTER_ENDURANCE	Durability			
UI	lang0.pak	DST_SCOUTER_ENERGE	%d%% Agro			
UI	lang0.pak	DST_SCOUTER_EQUIPMENT_ALLOFF	Scouter: Off. Click on the T key to turn on			
UI	lang0.pak	DST_SCOUTER_EQUIPMENT_NONE	No Equipment scan function			
UI	lang0.pak	DST_SCOUTER_EQUIPMENT_OFF	Scan function is disabled			
UI	lang0.pak	DST_SCOUTER_EXPLAIN_SLOT	Open Scouter %s			
UI	lang0.pak	DST_SCOUTER_FA	Aggressive			
UI	lang0.pak	DST_SCOUTER_FULL	Scouter Full			
UI	lang0.pak	DST_SCOUTER_MUST_CLEAR_SCOUTER	Remove All Parts First			
UI	lang0.pak	DST_SCOUTER_NEED_SCOUTER	Equip Scouter to Use			
UI	lang0.pak	DST_SCOUTER_NOT_EXIST_HIDDEN_OBJECT	No Hidden Object Found			
UI	lang0.pak	DST_SCOUTER_OUT_OF_ORDER_SCOUTER	Scouter Needs Repair			
UI	lang0.pak	DST_SCOUTER_PARTS_NAME	Part			
UI	lang0.pak	DST_SCOUTER_PARTS_OPTION	Part Options			
UI	lang0.pak	DST_SCOUTER_PARTS_POWER_CUNSUMPTION	Power Consumption %d			
UI	lang0.pak	DST_SCOUTER_PC_VIEWER_ACCESARY	Accessories			
UI	lang0.pak	DST_SCOUTER_PC_VIEWER_COSTUME	Costume			
UI	lang0.pak	DST_SCOUTER_PC_VIEWER_DEFENCE	Defense			
UI	lang0.pak	DST_SCOUTER_PC_VIEWER_SPECIAL	Special			
UI	lang0.pak	DST_SCOUTER_PC_VIEWER_WEAPON	Weapon			
UI	lang0.pak	DST_SCOUTER_PHYSICAL	Physical %d%%			
UI	lang0.pak	DST_SCOUTER_POSSIBLE_QUEST	Quest Search			
UI	lang0.pak	DST_SCOUTER_POWER	Power			
UI	lang0.pak	DST_SCOUTER_POWER_CURRENT_INFO	Power Capacity %d/%d			
UI	lang0.pak	DST_SCOUTER_POWER_MAX_INFO	Maximum Power: %d			
UI	lang0.pak	DST_SCOUTER_QUEST_SEARCH_NOT_QUEST	Scan found no NPC's with Quests.			
UI	lang0.pak	DST_SCOUTER_REMOVER_ALL_PARTS	Remove All Parts			
UI	lang0.pak	DST_SCOUTER_REPAIR_TWENTY	Scouter durability below 10% Please repair.			
UI	lang0.pak	DST_SCOUTER_REPAIR_ZERO	Scouter durability 0 No scan possible.			
UI	lang0.pak	DST_SCOUTER_SCOUTER_ABILITY	Scouter Stats			
UI	lang0.pak	DST_SCOUTER_SCOUTER_NAME	Scouter			
UI	lang0.pak	DST_SCOUTER_SMART_FA	Smart			
UI	lang0.pak	DST_SCOUTER_SUCCESS_FIND_HIDDEN_OBJECT	%d Hidden Object Found			
UI	lang0.pak	DST_SCOUTER_TIMID	Coward			
UI	lang0.pak	DST_SCOUTER_WORKING	Scouter in Use			
UI	lang0.pak	DST_SEALING_CONFIRM_BOX	"[font size = ""9"" color = ""000000""]After sealing, the item stays un-bound[br]till the capsule gets opened.[br]The Gold coins get consumed.[br][br]Seal the Item now ?[/font]"			
UI	lang0.pak	DST_SEALING_EMPTY_ITEM	Insert Item to sealing.			
UI	lang0.pak	DST_SEALING_EXTRACT_CONFIRM_BOX	"[align = ""center""][font size = ""12"" color=""f4d762""]Open Capsule[/font][br][br][font size = ""9"" color = ""ffffff""]After opening the capsule, the item return to bound.[br]Are you sure to open it?[/font]"			
UI	lang0.pak	DST_SEALING_MODE	(Seal)			
UI	lang0.pak	DST_SEALING_NEED_GOLD_COIN	Need Seal coin.			
UI	lang0.pak	DST_SEALING_NEED_MORE_COIN	Need more coin.			
UI	lang0.pak	DST_SEALING_NEED_RESTRICT_EQUIP	Item not possible.			
UI	lang0.pak	DST_SEALING_NOT_EXTRACT	A sealing capsule can't be discarded or sold to NPC.			
UI	lang0.pak	DST_SEALING_REVERTED	Sealing			
UI	lang0.pak	DST_SEALING_RULE_NOTICE	Based on the Quality different amount\nof Seal coins are required.			
UI	lang0.pak	DST_SEALING_SUCCESS	Success!			
UI	lang0.pak	DST_SEALING_TITLE	Item seal			
UI	lang0.pak	DST_SEARCH_EMPTY	No results.			
UI	lang0.pak	DST_SERVER_CONNECTING	"[align = ""center""][font size = ""12"" color=""f4d762""]Server[/font][br][br][font size = ""10"" color=""269eff""]Receiving Server Information[br][br]Please wait...[br][/font]"			
UI	lang0.pak	DST_SERVER_DISCONNECT	"[align = ""center""][font size=""12""color=""f4d762""]Server[/font][br][br][font size=""10""color=""ffffff""]You have disconnected.[/font]"			
UI	lang0.pak	DST_SET_COIN	Please Insert Coin			
UI	lang0.pak	DST_SET_REVERTED_ITEM	Insert Item to seal.			
UI	lang0.pak	DST_SEWING_KIT_BTN_BUY	Buy			
UI	lang0.pak	DST_SEWING_KIT_BTN_CLOSE	Close			
UI	lang0.pak	DST_SEWING_KIT_DISASSEMBLE_NOT_COSTUME	Not a Dogi			
UI	lang0.pak	DST_SEWING_KIT_DISASSEMBLE_NOT_SEWING_KIT	Not a Disassemble kit			
UI	lang0.pak	DST_SEWING_KIT_DISASSEMBLE_PROGRESS	Ongoing Disassemble			
UI	lang0.pak	DST_SEWING_KIT_SLOT_COSTUME	Dogi			
UI	lang0.pak	DST_SEWING_KIT_SLOT_SEWING_KIT	Disassemble kit			
UI	lang0.pak	DST_SEWING_KIT_TITLE	Dogi disassemble			
UI	lang0.pak	DST_SHENRON	Shenron			
UI	lang0.pak	DST_SHUTDOWN_WARNING	The Server is going to shut down!			
UI	lang0.pak	DST_SHUTDOWN_WARNING_MSG	"[align = ""center""][font size = ""12"" color=""f4d762""]The Server is going to shut down![/font]"			
UI	lang0.pak	DST_SIDEDLG_TITLE_QUESTINDICATOR	Quests			
UI	lang0.pak	DST_SIDEDLG_TITLE_RANKBATTLEINFO	Rank Battle Info			
UI	lang0.pak	DST_SIDEDLG_TITLE_TARGETITEMINFO	Item Info			
UI	lang0.pak	DST_SIDEDLG_TITLE_TMQINFO	TMQ Info			
UI	lang0.pak	DST_SIDEICON_HINT_CLASS_CHANGE_TEXT	Change Master Class			
UI	lang0.pak	DST_SIDEICON_HINT_CLASS_CHANGE_TITLE	Class Change			
UI	lang0.pak	DST_SIDEICON_HINT_FRIEND_TITLE	Friend Login			
UI	lang0.pak	DST_SIDEICON_HINT_GIFT_TEXT	Cash Shop Item received.			
UI	lang0.pak	DST_SIDEICON_HINT_GIFT_TITLE	Gift Received			
UI	lang0.pak	DST_SIDEICON_HINT_HELP_MORE	Shortcuts			
UI	lang0.pak	DST_SIDEICON_HINT_NEWMAIL_TEXT	You have Mail			
UI	lang0.pak	DST_SIDEICON_HINT_NEWMAIL_TITLE	New Mail			
UI	lang0.pak	DST_SIDEICON_HINT_SKILL_UPGRADE_TEXT	%s to upgrade skills, check skills			
UI	lang0.pak	DST_SIDEICON_HINT_SKILL_UPGRADE_TITLE	Upgrade Notice			
UI	lang0.pak	DST_SKILL_ABILITY_ACCEPT	Abilities Applied			
UI	lang0.pak	DST_SKILL_ALREADY_LEARNED	Already Learned			
UI	lang0.pak	DST_SKILL_APPLY_INSTANCE_ENEMY	Hits Enemy Instantly			
UI	lang0.pak	DST_SKILL_CANCEL	Skill Cast Cancelled			
UI	lang0.pak	DST_SKILL_CANT_LEARN	Can't Learn Skill			
UI	lang0.pak	DST_SKILL_CANT_LEARN_FOREVER	Unable to learn skill			
UI	lang0.pak	DST_SKILL_CONSUME_TEXT	Use			
UI	lang0.pak	DST_SKILL_EP_CONSUMPTION	Cost: %5d EP			
UI	lang0.pak	DST_SKILL_EXP	Rating: %41f %%			
UI	lang0.pak	DST_SKILL_FILTER_ACTION	Action			
UI	lang0.pak	DST_SKILL_FILTER_ALL	All			
UI	lang0.pak	DST_SKILL_FILTER_ETC	Etc			
UI	lang0.pak	DST_SKILL_FILTER_HTB	HTB			
UI	lang0.pak	DST_SKILL_FILTER_PASSIVE	Passive			
UI	lang0.pak	DST_SKILL_FILTER_SOCIAL	Social			
UI	lang0.pak	DST_SKILL_FILTER_SUB	Assistive			
UI	lang0.pak	DST_SKILL_GRADE	Level %d			
UI	lang0.pak	DST_SKILL_GRADE_MASTERED	Master			
UI	lang0.pak	DST_SKILL_HAVE_MORE_EFFECT	 Outside of %d			
UI	lang0.pak	DST_SKILL_LEARN_LEVEL	Lv.%d			
UI	lang0.pak	DST_SKILL_LP_CONSUMPTION	Cost: %5d LP 			
UI	lang0.pak	DST_SKILL_MASTERED	Mastered Skill			
UI	lang0.pak	DST_SKILL_MASTER_LEARN	Click to learn Skill			
UI	lang0.pak	DST_SKILL_MASTER_UPGRADE	Click to Upgrade Skill			
UI	lang0.pak	DST_SKILL_MASTER_WINDOW_TITLE	Skill Master			
UI	lang0.pak	DST_SKILL_MUST_EQUIP_ITEM	Item: %s			
UI	lang0.pak	DST_SKILL_NEED_LEVEL	Lv.%3d			
UI	lang0.pak	DST_SKILL_NEED_MASTERSKILL	Mastered: %s			
UI	lang0.pak	DST_SKILL_NEED_SKILL	Requires: %s Lv.%d			
UI	lang0.pak	DST_SKILL_NEED_TEXT	Requirements			
UI	lang0.pak	DST_SKILL_NOTYFY_LEARN_MASTER_SKILL_ALARM	New Skills!			
UI	lang0.pak	DST_SKILL_NOTYFY_LEARN_MASTER_SKILL_TITLE	Master Skills			
UI	lang0.pak	DST_SKILL_NOTYFY_LEARN_SELF_SKILL_ALARM	You can learn a new Skill.			
UI	lang0.pak	DST_SKILL_NOTYFY_LEARN_SELF_SKILL_TITLE	Skills			
UI	lang0.pak	DST_SKILL_NOTYFY_UPGRADE_ALARM	Upgrades Available			
UI	lang0.pak	DST_SKILL_NOTYFY_UPGRADE_TITLE	Upgrade Alerts			
UI	lang0.pak	DST_SKILL_NOT_LEARN	Skill isn't learned.			
UI	lang0.pak	DST_SKILL_OCCLUSION_CHECK	Target not in sight.			
UI	lang0.pak	DST_SKILL_PLEASE_SELECT_TARGET	Select target.			
UI	lang0.pak	DST_SKILL_READY_LEARN	Learn Skill			
UI	lang0.pak	DST_SKILL_READY_UPGRADE	Change Skill			
UI	lang0.pak	DST_SKILL_RPBONUS_TEXT_DISABLE	Disabled			
UI	lang0.pak	DST_SKILL_RPBONUS_TEXT_MANUAL	Manual			
UI	lang0.pak	DST_SKILL_RPBONUS_TEXT_TITLE	Skill Set Ability			
UI	lang0.pak	DST_SKILL_RPBONUS_TOOLTIP_CASTING_TIME_MINUS	Reduces cast time by %s seconds.			
UI	lang0.pak	DST_SKILL_RPBONUS_TOOLTIP_CASTING_TIME_MINUS_NEXT	Reduces cast time. Unlocks at skill level %d.			
UI	lang0.pak	DST_SKILL_RPBONUS_TOOLTIP_COOLTIME_MINUS	Reduces cooldown by %s seconds.			
UI	lang0.pak	DST_SKILL_RPBONUS_TOOLTIP_COOLTIME_MINUS_NEXT	Reduces cooldown. Unlocks at skill level %d.			
UI	lang0.pak	DST_SKILL_RPBONUS_TOOLTIP_EP_MINUS	Reduces EP cost by %s%%.			
UI	lang0.pak	DST_SKILL_RPBONUS_TOOLTIP_EP_MINUS_NEXT	Reduces EP cost. Unlocks at skill level %d.			
UI	lang0.pak	DST_SKILL_RPBONUS_TOOLTIP_GUARD_CRASH	Break the Guard from opponent. Damage increased by additional %s%% on success.			
UI	lang0.pak	DST_SKILL_RPBONUS_TOOLTIP_GUARD_CRASH_NEXT	Break your opponent's guard. Unlocks at skill level %d.			
UI	lang0.pak	DST_SKILL_RPBONUS_TOOLTIP_INVALID	Disabled			
UI	lang0.pak	DST_SKILL_RPBONUS_TOOLTIP_KEEPTIME_PLUS	Increases skill effect duration %s seconds.			
UI	lang0.pak	DST_SKILL_RPBONUS_TOOLTIP_KEEPTIME_PLUS_NEXT	Increases skill effect duration. Unlocks at skill level %d.			
UI	lang0.pak	DST_SKILL_RPBONUS_TOOLTIP_KNOCKDOWN	Provides a chance to knockdown your target			
UI	lang0.pak	DST_SKILL_RPBONUS_TOOLTIP_KNOCKDOWN_NEXT	Provides a chance to knockdown your target. Unlocks at skill level %d.			
UI	lang0.pak	DST_SKILL_RPBONUS_TOOLTIP_MANUAL	Set Custom Ability			
UI	lang0.pak	DST_SKILL_RPBONUS_TOOLTIP_RESULT_ABSOLUTE	Increases skill power by %s.			
UI	lang0.pak	DST_SKILL_RPBONUS_TOOLTIP_RESULT_ABSOLUTE_NEXT	Increase skill power. Unlocks at skill level %d.			
UI	lang0.pak	DST_SKILL_RPBONUS_TOOLTIP_RESULT_PERCENT	Increases skill power by %d%%.			
UI	lang0.pak	DST_SKILL_RPMODE	Set RP Ability			
UI	lang0.pak	DST_SKILL_RP_CONSUMPTION	Cost: %5d RP			
UI	lang0.pak	DST_SKILL_RQ_LEARNED	Skill Learned!			
UI	lang0.pak	DST_SKILL_RQ_LEARN_CLASS	Your skill must be in your class.			
UI	lang0.pak	DST_SKILL_RQ_LEARN_LEVEL	level too low to learn this.			
UI	lang0.pak	DST_SKILL_RQ_LEARN_SKILL	Check Requirements			
UI	lang0.pak	DST_SKILL_RQ_MASTERED	Skill fully mastered.			
UI	lang0.pak	DST_SKILL_RQ_NOT_LEARN_CHANGECLASSRIGHT	Class changed! You can learn the Skills!			
UI	lang0.pak	DST_SKILL_RQ_READY_LEARN_BY_SELF	You can now learn a skill. Press the button to learn.			
UI	lang0.pak	DST_SKILL_RQ_READY_LEARN_BY_SKILLMASTER	To learn this skill, go to your Class Master.			
UI	lang0.pak	DST_SKILL_RQ_READY_UPGRADE	To upgrade this skill, see your class master.			
UI	lang0.pak	DST_SKILL_RQ_UPGRADE_LEVEL	Level too low to Upgrade.			
UI	lang0.pak	DST_SKILL_RQ_UPGRADE_SKILLEXP	Need more skill points.			
UI	lang0.pak	DST_SKILL_SP	SP: %u 			
UI	lang0.pak	DST_SKILL_SP_INFO_AVATAR_LEVEL	Required Level: 			
UI	lang0.pak	DST_SKILL_SP_INFO_CANT_LEARN	Can't learn this Skill.			
UI	lang0.pak	DST_SKILL_SP_INFO_CANT_LEARN_BY_CLASS	Your class can't learn this Skill.			
UI	lang0.pak	DST_SKILL_SP_INFO_CANT_SELFTRAIN	Can't learn this skill yet.			
UI	lang0.pak	DST_SKILL_SP_INFO_CURRENT_GRADE	Level: %u			
UI	lang0.pak	DST_SKILL_SP_INFO_MASTER	Skill Rank: %u (Master) 			
UI	lang0.pak	DST_SKILL_SP_INFO_NEED_LEARN	Need to learn this Skill			
UI	lang0.pak	DST_SKILL_SP_INFO_NEED_SKILL	Requires: 			
UI	lang0.pak	DST_SKILL_SP_INFO_NEED_SKILLGRADE	%s Lv.%d			
UI	lang0.pak	DST_SKILL_SP_INFO_NEED_SP	SP Cost: 			
UI	lang0.pak	DST_SKILL_SP_INFO_NEED_SP_LEARN	SP Cost: 			
UI	lang0.pak	DST_SKILL_SP_INFO_SELFTRAIN	Skill can't be self trained.			
UI	lang0.pak	DST_SKILL_SP_INFO_UPGRADE	Skill is upgradable			
UI	lang0.pak	DST_SKILL_TAB_BATTLE_SKILL	Battle Skills			
UI	lang0.pak	DST_SKILL_TAB_SUB_SKILL	Sub Skills			
UI	lang0.pak	DST_SKILL_TEXT_ACTION	Action			
UI	lang0.pak	DST_SKILL_TEXT_EMOTION	Emotion			
UI	lang0.pak	DST_SKILL_TOTAL_DAMAGE	Total Dmg: %d			
UI	lang0.pak	DST_SKILL_TYPE_ACTIVE	Active			
UI	lang0.pak	DST_SKILL_TYPE_HTB	HTB			
UI	lang0.pak	DST_SKILL_TYPE_PASSIVE	Passive			
UI	lang0.pak	DST_SKILL_USERANGE	Range: %dM			
UI	lang0.pak	DST_SKILL_USING_TRINER_DIALOG	Can't open Character Skills.			
UI	lang0.pak	DST_SKY_DUNGEON_ENTER_LIMIT	%d sec left to Enter.			
UI	lang0.pak	DST_SOCIAL_SKILL_BOAST_LIMITED_CONDITION	Skill usage conditions (before transfer):[br]Primary, secondary weapon and Gears[br]upgraded +7 or more, all while wearing.			
UI	lang0.pak	DST_SOCIAL_SKILL_BOAST_LIMITED_CONDITION_GRADE_2	Skill usage conditions (after transfer):[br]Primary, secondary weapon and Gears[br]upgraded +7 or more, all while wearing.			
UI	lang0.pak	DST_SPARKLE_CANT_IT	Capsule Kit Spark can't do this			
UI	lang0.pak	DST_SPARKLE_CAPSULEKIT_TITLE	Capsule Kit Spark			
UI	lang0.pak	DST_SPARKLE_NOTIFY_GET_ITEM	%s item obtained (Overflowing)			
UI	lang0.pak	DST_SPARKLE_NOTIFY_GET_UNIDENTIFIED_ITEM	Mystery Item Obtained (Shining)			
UI	lang0.pak	DST_SP_GAGE	VP  %d/%d			
UI	lang0.pak	DST_STACKITEM_CONFIRM_DROP	"[align = ""center""][font size = ""12"" color=""f4d762""]Stack Item Discard[/font][br][br][font size = ""10"" color=""269eff""]You are Discarding this Item.[/font][br][br][font size = ""10"" color=""f36a7c""]Item: %s[br]Amount: %d[/font][br][br][font size = ""10"" color=""ffffff""]You won't get this Item back.[br][br]Discard Item(s)?[/font]"			
UI	lang0.pak	DST_STACKITEM_CONFIRM_DROP_ON_REMOTE_SELL	"[align = ""center""][font size=""12""color=""f4d762""]Items sold[/font][br][br][font size=""10""color=""f36a7c""]Can't be sold.[/font]"			
UI	lang0.pak	DST_STACKITEM_REMOTE_SELL	"[align = ""center""][font size = ""12"" color=""f4d762""]Sell items[/font][br][br]With special scout part[br]not losing 50%% of the price[br]8 can be[br][br]Selling items: %s[br]Sales: %d[br]Sale price(50%%): %s Zeni[br][br]item will be gone[br][br]sell this item"			
UI	lang0.pak	DST_STATUS_CURRENT_EXP	Have			
UI	lang0.pak	DST_STATUS_GOAL_EXP	Goal			
UI	lang0.pak	DST_STATUS_HONOR_GUIDE_HONOR	Dragon Balls can be obtained through Special Quests			
UI	lang0.pak	DST_STATUS_HONOR_HONOR_SCORE	Honor: %d			
UI	lang0.pak	DST_STATUS_HONOR_HTMLTAG_HONOR	%s[br][br]%s			
UI	lang0.pak	DST_STATUS_HONOR_HTMLTAG_RANKBATTLE	%s[br][br]%s[br]%s			
UI	lang0.pak	DST_STATUS_HONOR_MUDOSA_SCORE	Mudosa: %d			
UI	lang0.pak	DST_STATUS_HONOR_PRIVATE_SCORE	Ranked Battles: %d Wins: %d Losses: %d			
UI	lang0.pak	DST_STATUS_HONOR_RANK_SCORE	Score: %d			
UI	lang0.pak	DST_STATUS_HONOR_TITLE_HONOR	Honor			
UI	lang0.pak	DST_STATUS_HONOR_TITLE_RANKBATTLE	Arena			
UI	lang0.pak	DST_STATUS_HONOR_TMQ_LIMITED_COUNT	TMQ Count			
UI	lang0.pak	DST_STATUS_HONOR_TMQ_LIMITED_PLUS_COUNT	(+%d)			
UI	lang0.pak	DST_DIALOG_RESET	For now, you can only have 10 Resets.			
UI	lang0.pak	DST_STATUS_TECHNIC_HOIPOIMIX_DISASSEMBLE_GUIDE	Disassemble items			
UI	lang0.pak	DST_STATUS_TECHNIC_HOIPOIMIX_DISASSEMBLE_GUIDE_HTML	"[align = ""center""][font size = ""8"" color = ""ffffff""]Items can be disassembled[br]at the NPC to get materials[br]for crafting."			
UI	lang0.pak	DST_STATUS_TECHNIC_HOIPOIMIX_INFO	Crafting			
UI	lang0.pak	DST_STATUS_TECHNIC_HOIPOIMIX_INFO_GUIDE	Learned from recipe			
UI	lang0.pak	DST_STATUS_TECHNIC_HOIPOIMIX_INFO_GUIDE_HTML	"[align = ""center""][font size = ""8"" color = ""ffffff""]Buy and register a recipe to[br]craft more and better items."			
UI	lang0.pak	DST_STATUS_TECHNIC_HOIPOIMIX_MIXEXPDATA	Craft Exp			
UI	lang0.pak	DST_STATUS_TECHNIC_HOIPOIMIX_MIXLEVEL	Craft Lv.			
UI	lang0.pak	DST_STATUS_TECHNIC_HOIPOIMIX_NORMAL_SKILL	General			
UI	lang0.pak	DST_STATUS_TECHNIC_HOIPOIMIX_NORMAL_SKILL_GUIDE	Above Lv.10			
UI	lang0.pak	DST_STATUS_TECHNIC_HOIPOIMIX_NORMAL_SKILL_GUIDE_HTML	"[align = ""center""]The basic technology to drink, and craft food items[br]You can Learn Master Mix."			
UI	lang0.pak	DST_STATUS_TECHNIC_HOIPOIMIX_SKILL_ACCESSORY_HTML	"[align = ""center""]Accessory Crafting[br]You can create Accessories[br]in HoiPoi Mix Machines."			
UI	lang0.pak	DST_STATUS_TECHNIC_HOIPOIMIX_SKILL_CLOTH_ARMOR_HTML	"[align = ""center""]Armor Crafting[br]You can create Armor[br]in HoiPoi Mix Machines."			
UI	lang0.pak	DST_STATUS_TECHNIC_HOIPOIMIX_SKILL_FOOD_HTML	"[align = ""center""]General Crafting[br]You can create Food and Drink[br]in HoiPoi Mix Machines."			
UI	lang0.pak	DST_STATUS_TECHNIC_HOIPOIMIX_SKILL_MAIN_HTML	"[align = ""center""]Weapon Crafting[br]You can create Weapons[br]in HoiPoi Mix Machines."			
UI	lang0.pak	DST_STATUS_TECHNIC_HOIPOIMIX_SKILL_SUB_WEAPON_HTML	"[align = ""center""]Sub-Weapon Crafting[br]You can create Sub-Weapons[br]in HoiPoi Mix Machines."			
UI	lang0.pak	DST_STATUS_TECHNIC_HOIPOIMIX_SKILL_TECH_ARMOR_HTML	"[align = ""center""]Tech Armor Crafting[br]You can create Tech Armor[br]in HoiPoi Mix Machines."			
UI	lang0.pak	DST_STATUS_TECHNIC_HOIPOIMIX_SPECIAL_SKILL	Special Skill			
UI	lang0.pak	DST_STATUS_TECHNIC_HOIPOIMIX_SPECIAL_SKILL_GUIDE	Above Level 15			
UI	lang0.pak	DST_STATUS_TECHNIC_HOIPOIMIX_SPECIAL_SKILL_GUIDE_HTML	"[align = ""center""][font size=""10""color=""ffff68""]With special crafting you can[br]create different items.[/font][br][font size=""10""color=""ffffff""]Above Lv.30 Accessories & Sub-Weapons, above Lv.50 you can craft Scouters[/font]"			
UI	lang0.pak	DST_STATUS_TECHNIC_HOIPOIMIX_TITLE	HoiPoi Mix			
UI	lang0.pak	DST_STATUS_TOOLTIP_ATTR	Attributes			
UI	lang0.pak	DST_STATUS_TOOLTIP_CON	Increases LP\nLP regeneration			
UI	lang0.pak	DST_STATUS_TOOLTIP_DEX	Increases Dodge\nIncreases Phy.Attack\nIncreases Phy.Crit.			
UI	lang0.pak	DST_STATUS_TOOLTIP_ENG	Increases EP\nEP regeneration			
UI	lang0.pak	DST_STATUS_TOOLTIP_FOC	Increases Hit Rate\nIncreases En.Crit.			
UI	lang0.pak	DST_STATUS_TOOLTIP_SOL	Increases Energy Attack			
UI	lang0.pak	DST_STATUS_TOOLTIP_STR	Increases Physical Attack			
UI	lang0.pak	DST_STATUS_UNIDENTIFIED_NAME	Unidentified			
UI	lang0.pak	DST_STOMACHACHE_DEFENCE	Abdominal Pain Defense			
UI	lang0.pak	DST_SUMMER_VACATION_EVENT_SIDEVIEW_CONTENT_01	When Icon marked red (90%),			
UI	lang0.pak	DST_SUMMER_VACATION_EVENT_SIDEVIEW_CONTENT_02	Click on the icon and accept the mission!			
UI	lang0.pak	DST_SUMMER_VACATION_EVENT_SIDEVIEW_PERCENTAGE	%s%%			
UI	lang0.pak	DST_SUMMER_VACATION_EVENT_SIDEVIEW_TITLE	Summer Event progress			
UI	lang0.pak	DST_SUNDAY	Sunday			
UI	lang0.pak	DST_SUPERIOR_WARRIOR	Warrior			
UI	lang0.pak	DST_SUPERIOR_WARRIOR_ADD_EFFECT	Add Warrior Effects			
UI	lang0.pak	DST_SUPERIOR_WARRIOR_CAN_MAKING_SUPERIOR_SLOT	Greater champion can be made : %d			
UI	lang0.pak	DST_SUPERIOR_WARRIOR_DISABLE	Disable Warrior			
UI	lang0.pak	DST_SUPERIOR_WARRIOR_ENABLE	Enable Warrior			
UI	lang0.pak	DST_SUPERIOR_WARRIOR_LIMIT	Warrior Limit			
UI	lang0.pak	DST_SUPERIOR_WARRIOR_LIMIT_CONDITION	Expire : old class			
UI	lang0.pak	DST_SUPERIOR_WARRIOR_NEED_ITEM	status skill lost. need item			
UI	lang0.pak	DST_SYSTEMEFFECT_ENERGY	Energy 			
UI	lang0.pak	DST_SYSTEMEFFECT_METER	Meter			
UI	lang0.pak	DST_SYSTEMEFFECT_PHYSICAL	Physical 			
UI	lang0.pak	DST_SYSTEMEFFECT_STATE	State 			
UI	lang0.pak	DST_SYSTEMMSG_ABSORBED	Absorbed %d damage.			
UI	lang0.pak	DST_SYSTEMMSG_ABSORBED_DEFENDER	%s absorbed %d damage.			
UI	lang0.pak	DST_SYSTEMMSG_ATTACKDAMAGE	 does %d damage.			
UI	lang0.pak	DST_SYSTEMMSG_AVATAR	%s - %s %s			
UI	lang0.pak	DST_SYSTEMMSG_BB_SKILL	%s affected.			
UI	lang0.pak	DST_SYSTEMMSG_BLOCK_ATTACK_ATTACKER	%s blocked.			
UI	lang0.pak	DST_SYSTEMMSG_BLOCK_ATTACK_DEFENDER	%s was blocked.			
UI	lang0.pak	DST_SYSTEMMSG_BUFF_DROPITEM_ATTACKER	Item Buff expired: %s			
UI	lang0.pak	DST_SYSTEMMSG_BUFF_DROPITEM_DEFENDER	%s lost Item Buff: %s			
UI	lang0.pak	DST_SYSTEMMSG_BUFF_DROPSKILL_ATTACKER	Buff expired: %s			
UI	lang0.pak	DST_SYSTEMMSG_BUFF_DROPSKILL_DEFENDER	%s Buff expired: %s			
UI	lang0.pak	DST_SYSTEMMSG_BUFF_DROPSKILL_MULTI	BUFF %d disappeared.			
UI	lang0.pak	DST_SYSTEMMSG_CAN_NOT_DO_WITH_FAINTING	Can't while fainted.			
UI	lang0.pak	DST_SYSTEMMSG_CASTING_ATTACKER	Charge: %s.			
UI	lang0.pak	DST_SYSTEMMSG_CASTING_DEFENDER	%s charges %s.			
UI	lang0.pak	DST_SYSTEMMSG_CHANGE_GREAT_NAMEK_ATTACKER	You are no longer a Great Namek!			
UI	lang0.pak	DST_SYSTEMMSG_CHANGE_GREAT_NAMEK_DEFENDER	%s is no longer a Great Namek!			
UI	lang0.pak	DST_SYSTEMMSG_CHANGE_EVIL_NAMEK_ATTACKER	You are no longer a Evil Namek!			
UI	lang0.pak	DST_SYSTEMMSG_CHANGE_EVIL_NAMEK_DEFENDER	%s is no longer a Evil Namek!			
UI	lang0.pak	DST_SYSTEMMSG_CHANGE_KING_NAMEK_ATTACKER	You are no longer a Orange Namek!			
UI	lang0.pak	DST_SYSTEMMSG_CHANGE_KING_NAMEK_DEFENDER	%s is no longer a Orange Namek!			
UI	lang0.pak	DST_SYSTEMMSG_CHANGE_KAIOKEN_ATTACKER	Kaio-Ken ended!			
UI	lang0.pak	DST_SYSTEMMSG_CHANGE_KAIOKEN_DEFENDER	%s: Kaio-Ken stopped!			
UI	lang0.pak	DST_SYSTEMMSG_CHANGE_PURE_MAJIN_ATTACKER	You are no longer a Pure Majin!			
UI	lang0.pak	DST_SYSTEMMSG_CHANGE_PURE_MAJIN_DEFENDER	%s is no longer a Pure Majin!			
UI	lang0.pak	DST_SYSTEMMSG_CHANGE_EVIL_BOO_ATTACKER	You are no longer a Super Boo!			
UI	lang0.pak	DST_SYSTEMMSG_CHANGE_EVIL_BOO_DEFENDER	%s is no longer a Super Boo!			
UI	lang0.pak	DST_SYSTEMMSG_CHANGE_SUPER_BOO_ATTACKER	You are no longer a Buuhan!			
UI	lang0.pak	DST_SYSTEMMSG_CHANGE_SUPER_BOO_DEFENDER	%s is no longer a Buuhan!			
UI	lang0.pak	DST_SYSTEMMSG_CHANGE_SUPER_SAIYAN_ATTACKER	You are no longer a Super Saiyan!			
UI	lang0.pak	DST_SYSTEMMSG_CHANGE_SUPER_SAIYAN_DEFENDER	%s is no longer a Super Saiyan!			
UI	lang0.pak	DST_SYSTEMMSG_CHANGE_SUPER_SAIYAN2_ATTACKER	You are no longer a Super Saiyan 2!			
UI	lang0.pak	DST_SYSTEMMSG_CHANGE_SUPER_SAIYAN2_DEFENDER	%s is no longer a Super Saiyan 2!			
UI	lang0.pak	DST_SYSTEMMSG_CHANGE_SUPER_SAIYAN3_ATTACKER	You are no longer a Super Saiyan 3!			
UI	lang0.pak	DST_SYSTEMMSG_CHANGE_SUPER_SAIYAN3_DEFENDER	%s is no longer a Super Saiyan 3!			
UI	lang0.pak	DST_SYSTEMMSG_CHANGE_SUPER_SAIYANBLUE_ATTACKER	You are no longer a Super Saiyan Blue!			
UI	lang0.pak	DST_SYSTEMMSG_CHANGE_SUPER_SAIYANBLUE_DEFENDER	%s is no longer a Super Saiyan Blue!			
UI	lang0.pak	DST_SYSTEMMSG_CHANGE_SUPER_SAIYAN4_ATTACKER	You are no longer a Super Saiyan 4!			
UI	lang0.pak	DST_SYSTEMMSG_CHANGE_SUPER_SAIYAN4_DEFENDER	%s is no longer a Super Saiyan 4!			
UI	lang0.pak	DST_SYSTEMMSG_CHANGE_BIG_MONKEY_ATTACKER	You are no longer a Oozaru!			
UI	lang0.pak	DST_SYSTEMMSG_CHANGE_BIG_MONKEY_DEFENDER	%s is no longer a Oozaru!			
UI	lang0.pak	DST_SYSTEMMSG_CRITICAL_SKILLATTACK	%s (Crit)			
UI	lang0.pak	DST_SYSTEMMSG_DC_SKILL_ATTACKER	%s was attacked by %s			
UI	lang0.pak	DST_SYSTEMMSG_DC_SKILL_DAMAGE_ATTACKER	%s get %d damage from %s.			
UI	lang0.pak	DST_SYSTEMMSG_DC_SKILL_DAMAGE_DEFENDER	%s does %d damage with %s.			
UI	lang0.pak	DST_SYSTEMMSG_DC_SKILL_DEFENDER	Affected by %s			
UI	lang0.pak	DST_SYSTEMMSG_DH_SKILL	%s increases the LP by %d.			
UI	lang0.pak	DST_SYSTEMMSG_DODGE_ATTACK_ATTACKER	%s dodged.			
UI	lang0.pak	DST_SYSTEMMSG_DODGE_ATTACK_DEFENDER	%s missed.			
UI	lang0.pak	DST_SYSTEMMSG_DOT_SKILL	Produced %s state.			
UI	lang0.pak	DST_SYSTEMMSG_ENEMY	%s received %s from %s, 			
UI	lang0.pak	DST_SYSTEMMSG_GUILDINVITE_BLACKLIST	Can't invite Blacklisted user			
UI	lang0.pak	DST_SYSTEMMSG_HOT_SKILL	Status %s occurred.			
UI	lang0.pak	DST_SYSTEMMSG_ITEM_ALL	%s restored %d%%LP and %d%%EP			
UI	lang0.pak	DST_SYSTEMMSG_ITEM_EP	%s restored %d EP.			
UI	lang0.pak	DST_SYSTEMMSG_ITEM_LP	%s restored %d LP.			
UI	lang0.pak	DST_SYSTEMMSG_ITME_EP	Item: %s +%d EP.			
UI	lang0.pak	DST_SYSTEMMSG_ITME_LP	Item: %s +%d LP.			
UI	lang0.pak	DST_SYSTEMMSG_KNOCKDOWN_ATTACKER	%s knocked down.			
UI	lang0.pak	DST_SYSTEMMSG_KNOCKDOWN_DEFENDER	%s knocked down by %s.			
UI	lang0.pak	DST_SYSTEMMSG_MAIL_BLACKLIST	Can't Mail Blacklisted User.			
UI	lang0.pak	DST_SYSTEMMSG_MONSTER_QUEST	%s : %s			
UI	lang0.pak	DST_SYSTEMMSG_NOATTACKE	%s on %s has no effect.			
UI	lang0.pak	DST_SYSTEMMSG_NORMAL_ATTACK_ATTACKER	%s took %d damage.			
UI	lang0.pak	DST_SYSTEMMSG_NORMAL_ATTACK_DEFENDER	%s dealt %d damage.			
UI	lang0.pak	DST_SYSTEMMSG_PARTY_BLACKLIST	Can't Party with Blacklisted User.			
UI	lang0.pak	DST_SYSTEMMSG_PARTY_CREATE	Party: %s created.			
UI	lang0.pak	DST_SYSTEMMSG_PARTY_DELETE	Party disbanded.			
UI	lang0.pak	DST_SYSTEMMSG_RECOVERY_EP	%d EP recovered.			
UI	lang0.pak	DST_SYSTEMMSG_RECOVERY_EP_DEFENDER	%s recover %d EP.			
UI	lang0.pak	DST_SYSTEMMSG_RECOVERY_LP	%d LP recovered.			
UI	lang0.pak	DST_SYSTEMMSG_RECOVERY_LP_DEFENDER	%s recover %d LP.			
UI	lang0.pak	DST_SYSTEMMSG_REFLECTED_ATTACKER	%s received %d reflected damage.			
UI	lang0.pak	DST_SYSTEMMSG_REFLECTED_DEFENDER	%s dealt %d reflected damage.			
UI	lang0.pak	DST_SYSTEMMSG_RESISTED_ATTACK_ATTACKER	%s resisted.			
UI	lang0.pak	DST_SYSTEMMSG_RESISTED_ATTACK_DEFENDER	Resisted %s.			
UI	lang0.pak	DST_SYSTEMMSG_SKILL_ABSORBED	%s skill %s absorbed %d.			
UI	lang0.pak	DST_SYSTEMMSG_SKILL_ACTION_DEFENDER	%s casted %s.			
UI	lang0.pak	DST_SYSTEMMSG_SKILL_ATTACK_ATTACKER	%s use %s, does %d damage.			
UI	lang0.pak	DST_SYSTEMMSG_SKILL_ATTACK_DEFENDER	%s used %s, did %d damage.			
UI	lang0.pak	DST_SYSTEMMSG_SKILL_EFFECT_ATTACKER	%s use %s and become %s.			
UI	lang0.pak	DST_SYSTEMMSG_SKILL_EFFECT_DEFENDER	Because %s you become %s.			
UI	lang0.pak	DST_SYSTEMMSG_SKILL_EP	%s: %s +%d EP.			
UI	lang0.pak	DST_SYSTEMMSG_SKILL_EP_ABSORBED_ATTACKER	%s use %s, absorb %d EP.			
UI	lang0.pak	DST_SYSTEMMSG_SKILL_EP_ABSORBED_DEFENDER	%s from %s absorbs %d EP.			
UI	lang0.pak	DST_SYSTEMMSG_SKILL_LP	%s: %s +%d LP.			
UI	lang0.pak	DST_SYSTEMMSG_SKILL_LP_ABSORBED_ATTACKER	%s use %s, absorb %d LP.			
UI	lang0.pak	DST_SYSTEMMSG_SKILL_LP_ABSORBED_DEFENDER	%s from %s absorbs %d LP.			
UI	lang0.pak	DST_SYSTEMMSG_SKILL_REFLECTED_ATTACKER	%s use %s, did %d damage, %d blocked.			
UI	lang0.pak	DST_SYSTEMMSG_SKILL_REFLECTED_DEFENDER	%s used %s, %d blocked, %d damage.			
UI	lang0.pak	DST_SYSTEMMSG_SLIDING_ATTACKER	%s slipped.			
UI	lang0.pak	DST_SYSTEMMSG_SLIDING_DEFENDER	%s slipped due to %s.			
UI	lang0.pak	DST_SYSTEMMSG_STEAL_EP	%s use %s to steal %d EP.			
UI	lang0.pak	DST_SYSTEMMSG_STEAL_LP	%s use %s to steal %d LP.			
UI	lang0.pak	DST_SYSTEMMSG_TRADE_BLACKLIST	Can't trade with Blacklisted User.			
UI	lang0.pak	DST_SYSTEMMSG_WHISPER_BLACKLIST	Can't whisper Blacklisted User.			
UI	lang0.pak	DST_SYS_EFFECT_CONFIRM_USE_BOOSTER_MSG	"[align = ""center""][font size = ""12"" color=""f4d762""]Consume[/font][br][br][font size = ""10"" color=""269eff""]Use %s?[/font][br][br][font size = ""10"" color=""f4d762""]Can't be undone.[/font]"			
UI	lang0.pak	DST_TAB_PARTY	Party			
UI	lang0.pak	DST_TAB_RAID	Raid			
UI	lang0.pak	DST_TARGET_CANNOT_TARGETING_FOR_SCOUTER	Power Level Unknown			
UI	lang0.pak	DST_TARGET_MENU	Actions			
UI	lang0.pak	DST_TARGET_NONE	No Target			
UI	lang0.pak	DST_TARGET_OF_TARGET	Target of Target.			
UI	lang0.pak	DST_TARGET_SHARED_TARGET	Shared Target			
UI	lang0.pak	DST_TELEPORT_FINAL_CONFIRM_MSG	"[align = ""center""][font size = ""12"" color=""f4d762""]Cancel Teleport[/font][br][br][font size = ""10"" color=""f4d762""]%s[/font][br][br][font size = ""10"" color=""ffffff""]Yes: Teleportation canceled.[br]No: Teleport to the location.[/font][br][br][font size = ""10"" color=""ffffff""]Are you sure you want to cancel?[br][/font]"			
UI	lang0.pak	DST_TELEPORT_FINAL_CONFIRM_YES_BTN	Yes			
UI	lang0.pak	DST_TELEPORT_TYPE_BUDOKAI	Tenkaichi Budokai			
UI	lang0.pak	DST_TELEPORT_TYPE_COMMAND	COMMAND			
UI	lang0.pak	DST_TELEPORT_TYPE_DOJO	Dojo			
UI	lang0.pak	DST_TELEPORT_TYPE_DUNGEON	Dungeon			
UI	lang0.pak	DST_TELEPORT_TYPE_FINALMATCH	Budokai Finals			
UI	lang0.pak	DST_TELEPORT_TYPE_GAME_IN	Teleport into game			
UI	lang0.pak	DST_TELEPORT_TYPE_GAME_OUT	Teleport out of game			
UI	lang0.pak	DST_TELEPORT_TYPE_MAJORMATCH	Budokai Qualifiers			
UI	lang0.pak	DST_TELEPORT_TYPE_MATCH	Budokai Match			
UI	lang0.pak	DST_TELEPORT_TYPE_MINORMATCH	Budokai Preliminaries			
UI	lang0.pak	DST_TELEPORT_TYPE_NPC_PORTAL	NPC Teleport			
UI	lang0.pak	DST_TELEPORT_TYPE_POPOSTONE	Popo Stone			
UI	lang0.pak	DST_TELEPORT_TYPE_RANKBATTLE	Ranked Battle			
UI	lang0.pak	DST_TELEPORT_TYPE_SKILL	Skills			
UI	lang0.pak	DST_TELEPORT_TYPE_TIMEQUEST	Time Quest			
UI	lang0.pak	DST_TELEPORT_TYPE_TMQ_PORTAL	TMQ Teleport			
UI	lang0.pak	DST_TELEPORT_TYPE_TMQ_WORLD_MOVE	TMQ World Teleport			
UI	lang0.pak	DST_TELEPORT_TYPE_TUTORIAL	Tutorial			
UI	lang0.pak	DST_TELEPORT_TYPE_WORLD_MOVE	World Teleport			
UI	lang0.pak	DST_TERM	Term			
UI	lang0.pak	DST_THURSDAY	Thursday			
UI	lang0.pak	DST_TIME	 Time left			
UI	lang0.pak	DST_TIME_AN_HOUR	 Hour			
UI	lang0.pak	DST_TIME_DAY	 Day			
UI	lang0.pak	DST_TIME_HOUR	 Hour			
UI	lang0.pak	DST_TIME_MINUTE	 Min			
UI	lang0.pak	DST_TIME_MONTH	 Month			
UI	lang0.pak	DST_TIPS_BATTLECOMBATING	Battle			
UI	lang0.pak	DST_TMQBOARD_COUNTTEXT	Unlimited			
UI	lang0.pak	DST_TMQBOARD_LIMITEDLEVEL	Lv %d and above			
UI	lang0.pak	DST_TMQ_BALLOON_LEAVE_MEMVER	%s leave.			
UI	lang0.pak	DST_TMQ_BALLOON_REMAIN_TIME	Time Left: 			
UI	lang0.pak	DST_TMQ_BOARD_LIMITE_LEVEL	Limit			
UI	lang0.pak	DST_TMQ_BOARD_LIMITE_TIME	Time			
UI	lang0.pak	DST_TMQ_BOARD_TMQ_LIMITED_POINT	Time Exhaustion			
UI	lang0.pak	DST_TMQ_DEGREE_OF_DIFFICULTY_1	Easy			
UI	lang0.pak	DST_TMQ_DEGREE_OF_DIFFICULTY_2	Normal			
UI	lang0.pak	DST_TMQ_DEGREE_OF_DIFFICULTY_3	Hard			
UI	lang0.pak	DST_TMQ_INDICATE_DROPRATE	Drop Rate: 			
UI	lang0.pak	DST_TMQ_LIMIT_COUNT_PLUS	TMQ Limit increased			
UI	lang0.pak	DST_TMQ_RESULT_NARRATION	"[font size=""13""color=""000000""]Completed - Time Machine - Quest[/font]"			
UI	lang0.pak	DST_TMQ_STATUS_CAN_SEE_SENARIO	TMQ			
UI	lang0.pak	DST_TMQ_STATUS_CAN_SEE_STAGE_INFO	TMQ Stage			
UI	lang0.pak	DST_TMQ_STATUS_EXPLAIN_COUPON	TMQ Coupon 'GBT-Hope'			
UI	lang0.pak	DST_TMQ_STATUS_EXPLAIN_INDICATOR	TMQ			
UI	lang0.pak	DST_TMQ_STATUS_EXPLAIN_POINT	Maxium Coupons			
UI	lang0.pak	DST_TMQ_STATUS_INFO	Info			
UI	lang0.pak	DST_TMQ_STATUS_LASTEST_RECORD	Last Record			
UI	lang0.pak	DST_TMQ_STATUS_MUST_SELECT_ADDITION_REWARD	Select Another Reward			
UI	lang0.pak	DST_TMQ_STATUS_POINT	Point			
UI	lang0.pak	DST_TMQ_STATUS_QUEST	Quest			
UI	lang0.pak	DST_TMQ_STATUS_REMAIN_TIME	Time Left			
UI	lang0.pak	DST_TMQ_STATUS_SENARIO	Scenario			
UI	lang0.pak	DST_TMQ_STATUS_STATUS_INFO	Status Info			
UI	lang0.pak	DST_TMQ_STATUS_TITLE	Quests			
UI	lang0.pak	DST_TRADECART_BUY	Buy			
UI	lang0.pak	DST_TRADECART_CANNOT_SELL_ITEM	Can't Sell			
UI	lang0.pak	DST_TRADECART_CHANGE	Wait for Change			
UI	lang0.pak	DST_TRADECART_CLOSE	Ready?			
UI	lang0.pak	DST_TRADECART_NO_MORE_SLOT	Cart is full			
UI	lang0.pak	DST_TRADECART_SELL	Sell			
UI	lang0.pak	DST_TRADECART_TOTAL	Total			
UI	lang0.pak	DST_TRADE_CANCEL	Trade was cancelled.			
UI	lang0.pak	DST_TRADE_OTHER_CANCLE_TRADE	Trade Cancelled			
UI	lang0.pak	DST_TRADE_REQUEST_START	Trade request sent to %s			
UI	lang0.pak	DST_TRADE_THE_OTHERS_BAG_NOT_ENOUGH	No Empty Slots			
UI	lang0.pak	DST_TRADE_YOUR_BAG_NOT_ENOUGH	No Slots			
UI	lang0.pak	DST_TRANSPORT_MATERIAL	Sent Item			
UI	lang0.pak	DST_TREASUREBOXTITLE	%s Open			
UI	lang0.pak	DST_TREASURECANCEL	Cancel			
UI	lang0.pak	DST_TREASURECOMMENT	"[align = ""center""]Open Treasure[br][br]Click to open the treasure box[br][br]"			
UI	lang0.pak	DST_TREASUREMSGCOMMENT	"[align = ""center""]Obtain Items[br][br]Item acquired.[br]"			
UI	lang0.pak	DST_TREASURENEEDBOX_ERROR	Unregistered Treasure box.			
UI	lang0.pak	DST_TREASURENEEDKEY	You need the key			
UI	lang0.pak	DST_TREASURENEEDKEY_ERROR	Unregistered Key.			
UI	lang0.pak	DST_TREASURENOMATCHKEY	Key doesn't match.			
UI	lang0.pak	DST_TREASUREUITITLE	Open			
UI	lang0.pak	DST_TUESDAY	Tuesday			
UI	lang0.pak	DST_TUTORIAL_ASK_BEGIN	"[align = ""center""][font size = ""12"" color=""f4d762""]Start Tutorial[/font][br][br][font size = ""10"" color=""ffffff""]Do you wish to start with a tutorial?[/font]"			
UI	lang0.pak	DST_TUTORIAL_ASK_END	"[align = ""center""]Exit[br][br]Do you want to leave?[br][br]"			
UI	lang0.pak	DST_TUTORIAL_CAN_NOT_WORK	Wait.			
UI	lang0.pak	DST_TUTORIAL_GUIDE_TITLE	Tutorial			
UI	lang0.pak	DST_TUTORIAL_MESSAGE_002000	Can't Use			
UI	lang0.pak	DST_TUTORIAL_MESSAGE_002100	Can't Use			
UI	lang0.pak	DST_TUTORIAL_MESSAGE_002200	Can't Use			
UI	lang0.pak	DST_TUTORIAL_MESSAGE_002300	Can't Use			
UI	lang0.pak	DST_TUTORIAL_MESSAGE_002400	Can't Use			
UI	lang0.pak	DST_TUTORIAL_MESSAGE_002500	Can't Use			
UI	lang0.pak	DST_TUTORIAL_MESSAGE_002600	Can't Use			
UI	lang0.pak	DST_TUTORIAL_MESSAGE_002700	Can't Use			
UI	lang0.pak	DST_TUTORIAL_MESSAGE_002800	Can't Use			
UI	lang0.pak	DST_TUTORIAL_MESSAGE_002900	Can't Use			
UI	lang0.pak	DST_TUTORIAL_MESSAGE_003000	Can't Use			
UI	lang0.pak	DST_TUTORIAL_MESSAGE_003100	Can't Use			
UI	lang0.pak	DST_TUTORIAL_MESSAGE_003200	Can't Use			
UI	lang0.pak	DST_TUTORIAL_MESSAGE_003300	Can't Use			
UI	lang0.pak	DST_TUTORIAL_MESSAGE_003400	Can't Use			
UI	lang0.pak	DST_TUTORIAL_MESSAGE_003500	Can't Use			
UI	lang0.pak	DST_TUTORIAL_MESSAGE_003600	Can't Use			
UI	lang0.pak	DST_TUTORIAL_MESSAGE_003700	Can't Use			
UI	lang0.pak	DST_TUTORIAL_MESSAGE_003800	Can't Use			
UI	lang0.pak	DST_TUTORIAL_MESSAGE_003900	Can't Use			
UI	lang0.pak	DST_TUTORIAL_MESSAGE_004000	Can't Use			
UI	lang0.pak	DST_TUTORIAL_MESSAGE_004100	Can't Use			
UI	lang0.pak	DST_TUTORIAL_MESSAGE_004200	Can't Use			
UI	lang0.pak	DST_TUTORIAL_MESSAGE_004300	Can't Use			
UI	lang0.pak	DST_TUTORIAL_MESSAGE_004400	Can't Use			
UI	lang0.pak	DST_TUTORIAL_MESSAGE_004500	Can't Use			
UI	lang0.pak	DST_TUTORIAL_MESSAGE_004600	Can't Use			
UI	lang0.pak	DST_TUTORIAL_MESSAGE_004700	Can't Use			
UI	lang0.pak	DST_TUTORIAL_MESSAGE_004800	Can't Use			
UI	lang0.pak	DST_TUTORIAL_MESSAGE_004900	Can't Use			
UI	lang0.pak	DST_TUTORIAL_MESSAGE_005000	Can't Use			
UI	lang0.pak	DST_TUTORIAL_MESSAGE_005100	Can't Use			
UI	lang0.pak	DST_TUTORIAL_MESSAGE_005200	Can't Use			
UI	lang0.pak	DST_TUTORIAL_MESSAGE_005300	Can't Use			
UI	lang0.pak	DST_TUTORIAL_MESSAGE_005400	Can't Use			
UI	lang0.pak	DST_TUTORIAL_MESSAGE_005500	Can't Use			
UI	lang0.pak	DST_TUTORIAL_MESSAGE_005600	Can't Use			
UI	lang0.pak	DST_TUTORIAL_MESSAGE_005700	Can't Use			
UI	lang0.pak	DST_TUTORIAL_MESSAGE_005800	Can't Use			
UI	lang0.pak	DST_TUTORIAL_MESSAGE_005900	Can't Use			
UI	lang0.pak	DST_TUTORIAL_MESSAGE_006000	Can't Use			
UI	lang0.pak	DST_TUTORIAL_MESSAGE_006100	Can't Use			
UI	lang0.pak	DST_TUTORIAL_MESSAGE_006200	Hit Esc to Exit			
UI	lang0.pak	DST_TUTORIAL_MESSAGE_006300	Used the Recycle Bin			
UI	lang0.pak	DST_TUTORIAL_MESSAGE_006400	Right Click to Move Items			
UI	lang0.pak	DST_TUTORIAL_MESSAGE_006500	Help: Click the Menu, or hit F1			
UI	lang0.pak	DST_TUTORIAL_MESSAGE_006600	Need Help? Try the Tutorial			
UI	lang0.pak	DST_TUTORIAL_MESSAGE_006700	Help helps!			
UI	lang0.pak	DST_TUTORIAL_MESSAGE_006800	Enter the world of Dragon Ball!			
UI	lang0.pak	DST_TUTORIAL_MESSAGE_006900	To minimize the Minimap			
UI	lang0.pak	DST_TUTORIAL_MESSAGE_START	Start Tutorial			
UI	lang0.pak	DST_TUTORIAL_WAITING_NUMBER	"[align = ""center""]Wait[br][br]%d People remaining[br][br]Start the Tutorial?"			
UI	lang0.pak	DST_ULTIMATE_DUNGEON_DIFFICULTY_0	Normal			
UI	lang0.pak	DST_ULTIMATE_DUNGEON_DIFFICULTY_1	Hard			
UI	lang0.pak	DST_ULTIMATE_DUNGEON_TITLE	Ultimate Dungeon			
UI	lang0.pak	DST_UNCOVER_NAMEKAN_SIGN	Area revealed			
UI	lang0.pak	DST_UNSTUCK_CONFIRM	"[align = ""center""][font size=""12""color=""f4d762""]Unstuck[/font][br][br][font size=""10""color=""269eff""]You will be teleported to your bind point.[/font][br][br][font size=""10""color=""ffffff""]Are you sure you want to continue?[/font]"			
UI	lang0.pak	DST_USE	Use			
UI	lang0.pak	DST_USERTRADE_CHANGE_LIST	Please view changes			
UI	lang0.pak	DST_VEHICLE_ASK_GET_OFF	"[align = ""center""][font size=""12""color=""f4d762""]Get off[/font][br][br][font size=""10""color=""269eff""]You can get off anytime while riding.[/font][br][br][font size=""10""color=""ffffff""]Stop the machine and get off?[/font]"			
UI	lang0.pak	DST_VEHICLE_CAN_NOT_DO_THAT_WORKING_ENGINE	Start Engine			
UI	lang0.pak	DST_VEHICLE_ENGINE_START	Start Engine			
UI	lang0.pak	DST_VEHICLE_ENGINE_STOP	Stop Engine			
UI	lang0.pak	DST_VEHICLE_GET_OFF	Get Off			
UI	lang0.pak	DST_VEHICLE_NEED_FUEL	Insert Fuel in Slot			
UI	lang0.pak	DST_VEHICLE_ONLY_REG_FUEL	Insert Fuel			
UI	lang0.pak	DST_VIRTUALKEYALLDELETE	Delete All			
UI	lang0.pak	DST_VIRTUALKEYBACKSPACE	Backspace			
UI	lang0.pak	DST_VIRTUALKEYCAPSLOCK	Caps Lock			
UI	lang0.pak	DST_VIRTUALKEYCLOSE	Close			
UI	lang0.pak	DST_WAGUWAGU_INFODEGREE	%d: %s			
UI	lang0.pak	DST_WAGUWAGU_INFOMATION	Info			
UI	lang0.pak	DST_WAGUWAGU_INFOTRY	%d try to win			
UI	lang0.pak	DST_WAGUWAGU_INIT_GOODS	item configuring			
UI	lang0.pak	DST_WAGUWAGU_ITEMRANK	Rank %d: %s			
UI	lang0.pak	DST_WAGUWAGU_MACHINE	Wagu Machine			
UI	lang0.pak	DST_WAGUWAGU_NUMBER	%d No.			
UI	lang0.pak	DST_WAGUWAGU_TITLEMACHINE	Machine			
UI	lang0.pak	DST_WAGUWAGU_TITLENAME	Wagu			
UI	lang0.pak	DST_WAGUWAGU_WINNER	Winners			
UI	lang0.pak	DST_WAGU_EXCUTE_RESULT	"[align = ""center""][font size = ""10"" color=""f4d762""]You won Rank %u Item:[/font][font size = ""10"" color=""ffffff""] %s[br][/font]"			
UI	lang0.pak	DST_WAGU_EXCUTE_RESULT_MORE_SET	"[align = ""center""][font size = ""10"" color=""f4d762""]You won Rank %u Item:[/font][font size = ""10"" color=""ffffff""] %s (Set: %u).[/font]"			
UI	lang0.pak	DST_WAGU_ITEM_ASK_EXCUTE	"[align = ""center""][font size = ""10"" color=""ffffff""]%u Coins will be consumed.[br]Are you sure?[/font]"			
UI	lang0.pak	DST_WAGU_ITEM_ASK_EXCUTE_BUNCH	"[align = ""center""][font size = ""10"" color=""ffffff""]%u Coins will be consumed.[br]Are you sure?[/font]"			
UI	lang0.pak	DST_WAGU_ITEM_ASK_EXCUTE_BUNCH_WP	"[align = ""center""][font size = ""10"" color=""ffffff""]%u Coins will be consumed.[br]Each spin will reward you a few Wagu Points.[br]After reaching the maximum of 2000 WP's you[br]will no longer receive any.[br][br]Do you want to continue?[/font]"			
UI	lang0.pak	DST_WAGU_ITEM_ASK_EXCUTE_WP	"[align = ""center""][font size = ""10"" color=""ffffff""]%u Coins will be consumed.[br]Each spin will reward you a few Wagu Points.[br]After reaching the maximum of 2000 WP's you[br]will no longer receive any.[br][br]Do you want to continue?[/font]"			
UI	lang0.pak	DST_WAGU_ITEM_BUNCH	Continuous Draw (%d times)			
UI	lang0.pak	DST_WAGU_ITEM_CHAMPION_ITEM	Rank %d item			
UI	lang0.pak	DST_WAGU_ITEM_EXCUTE_BUTTON	Draw			
UI	lang0.pak	DST_WAGU_ITEM_INFO_BUTTON	Info			
UI	lang0.pak	DST_WAGU_ITEM_LEFT_CAPSULE	Left			
UI	lang0.pak	DST_WAGU_ITEM_NEED_WAGU_COIN	Need			
UI	lang0.pak	DST_WAGU_ITEM_RESULT_EXTRA_EXCUTE	%d winnings allowed in 1 week.\nExcess coins will be refunded			
UI	lang0.pak	DST_WAGU_MACHINE_NAME	Wagu Machine %d			
UI	lang0.pak	DST_WAREHOUSE_ALL	All Banks			
UI	lang0.pak	DST_WAREHOUSE_ALREADY_OPEN	Bank Already Open			
UI	lang0.pak	DST_WAREHOUSE_FULL	Bank Full			
UI	lang0.pak	DST_WAREHOUSE_NAME	Bank			
UI	lang0.pak	DST_WAREHOUSE_NAME_1	Bank 1			
UI	lang0.pak	DST_WAREHOUSE_NAME_2	Bank 2			
UI	lang0.pak	DST_WAREHOUSE_NAME_3	Bank 3			
UI	lang0.pak	DST_WAREHOUSE_NAME_COMMON	Shared Bank			
UI	lang0.pak	DST_WAREHOUSE_SUCCESS_BUY	Bank Slot Bought			
UI	lang0.pak	DST_WAREHOUSE_WANT_YOU_BUY	"[align = ""center""][font size = ""12"" color=""f4d762""]Buy Bank[/font][br][br][font size = ""10"" color=""269eff""]You are buying another Bank.[br]More Items can be Stored.[/font][br][br][font size = ""10"" color=""f36a7c""]Bank Cost: %s Zeni[/font][br][br][font size = ""10"" color=""ffffff""]Buy a Bank now?[/font]"			
UI	lang0.pak	DST_WAREHOUSE_WANT_YOU_BUY_COMMON	"[align = ""center""][font size = ""12"" color=""f4d762""]Shared Bank[/font][br][br][font size = ""10"" color=""269eff""]You are buying a shared Bank.[br]You can share items with others.[/font][br][br][font size = ""10"" color=""f36a7c""]Cost: %s Zeni[/font][br][br][font size = ""10"" color=""ffffff""]Do you want to buy it now?[/font]"			
UI	lang0.pak	DST_WARN_ALREADY_RECALL_MASCOT	Pet already Summoned			
UI	lang0.pak	DST_WARN_CANT_DEL_RECALLED_MASCOT	Can't delete while active			
UI	lang0.pak	DST_WARN_CANT_DISASSEMBLE_ITEM	Can't be disassembled			
UI	lang0.pak	DST_WARN_CANT_FEED_FULL_SP_MASCOT	Pet is full			
UI	lang0.pak	DST_WARN_CANT_FEED_NOT_RECALLED_MASCOT	Summon to feed			
UI	lang0.pak	DST_WARN_FULL_RINGSLOT_MASCOT	Ring slots full			
UI	lang0.pak	DST_WARN_NOT_EMPTY_MASCOT_RING_SLOT	Pet has no Free Slots			
UI	lang0.pak	DST_WARN_NO_EXIST_RECALLED_MASCOT	Pet is Dismissed			
UI	lang0.pak	DST_WARN_REGISTER_LIMIT_MASCOT	Pet already Registered			
UI	lang0.pak	DST_WEDNESDAY	Wednesday			
UI	lang0.pak	DST_WINTEREVENT_SIDEVIEW_IDLE_TIME	%d:%d:%d			
UI	lang0.pak	DST_WINTEREVENT_SIDEVIEW_IDLE_TOOLTIP_COMMENT	Click the button below to join\nthe event and to be teleported.			
UI	lang0.pak	DST_WINTEREVENT_SIDEVIEW_IDLE_TOOLTIP_TITLE	The Return of the Child			
UI	lang0.pak	DST_WINTEREVENT_SIDEVIEW_START_TIME	%d Minutes			
UI	lang0.pak	DST_WINTEREVENT_SIDEVIEW_START_TIME_LIMITED	Less than 1 minute			
UI	lang0.pak	DST_WINTEREVENT_SIDEVIEW_START_TOOLTIP_COMMENT	Teleport you to the Demon Lord and save the kid!			
UI	lang0.pak	DST_WINTEREVENT_SIDEVIEW_START_TOOLTIP_TITLE	The Demon Lord has appeared.			
UI	lang0.pak	DST_WORLDMAP_BIND_POPOICON_TOOLTIP	Current Home Teleport Area			
UI	lang0.pak	DST_WORLDMAP_BOSSMARK	Boss Mark			
UI	lang0.pak	DST_WORLDMAP_BUS_ROUTE_PAINT	Bus Routes			
UI	lang0.pak	DST_WORLDMAP_CAN_OPEN_AREA	Can't open Worldmap			
UI	lang0.pak	DST_WORLDMAP_CHECK_BOX_TOOLTIP	Turn On/Off			
UI	lang0.pak	DST_WORLDMAP_CITY_INDEX_ERROR	Wrong Nr.			
UI	lang0.pak	DST_WORLDMAP_CITY_INFO	Click to View Second Map			
UI	lang0.pak	DST_WORLDMAP_FRANGFRANG	Fran Fran Desert North			
UI	lang0.pak	DST_WORLDMAP_KARIN	Korin			
UI	lang0.pak	DST_WORLDMAP_MUSH_NORTH	Mushroom Rocks North			
UI	lang0.pak	DST_WORLDMAP_MUSH_SOUTH	Mushroom Rocks South			
UI	lang0.pak	DST_WORLDMAP_PORTAL	Portals			
UI	lang0.pak	DST_NAMEK_SIGN	Revealer			
UI	lang0.pak	DST_WORLDMAP_PORTAL_NOT_REG	This Portal isn't registered.			
UI	lang0.pak	DST_WORLDMAP_PORUNGAROCKS	Porunga Rocks			
UI	lang0.pak	DST_WORLDMAP_QUEST_SEARCH_TOOLTIP	Turn ON/OFF for Quest search			
UI	lang0.pak	DST_WORLDMAP_RECOMMENDED_LEVEL	Lv. %d ~ %d			
UI	lang0.pak	DST_WORLDMAP_SEARCH_NOT_QUEST	No NPC with Quest found.			
UI	lang0.pak	DST_WORLDMAP_SEARCH_NPC_DOJO	Dojo			
UI	lang0.pak	DST_WORLDMAP_SEARCH_NPC_ITEMBIND	Vending Machine			
UI	lang0.pak	DST_WORLDMAP_SEARCH_NPC_MAILBOX	Mail Box			
UI	lang0.pak	DST_WORLDMAP_SEARCH_NPC_NONE	No Search			
UI	lang0.pak	DST_WORLDMAP_SEARCH_NPC_RANKBATTLE	Ranking Battle			
UI	lang0.pak	DST_WORLDMAP_SEARCH_NPC_RECEPTION	Tenkaichi Budokai			
UI	lang0.pak	DST_WORLDMAP_SEARCH_NPC_SKILLMASTER	Skill Master			
UI	lang0.pak	DST_WORLDMAP_SEARCH_NPC_SKYDGN	Sky Dungeon			
UI	lang0.pak	DST_WORLDMAP_SEARCH_NPC_TITLE	NPC Information			
UI	lang0.pak	DST_WORLDMAP_SHOW_OTHER_GUILD	Show Other Guild			
UI	lang0.pak	DST_WORLDMAP_SHOW_OTHER_GUILD_IN_MINIMAP	Other Guild shows on Minimap			
UI	lang0.pak	DST_WORLDMAP_SHOW_OTHER_GUILD_MEMBER	Show Other Guild Member			
UI	lang0.pak	DST_WORLDMAP_SHOW_OUR_GUILD	Show Guild			
UI	lang0.pak	DST_WORLDMAP_SHOW_OUR_GUILD_IN_MINIMAP	Guild shows on Minimap			
UI	lang0.pak	DST_WORLDMAP_SHOW_OUR_GUILD_MEMBER	Show Guild Member			
UI	lang0.pak	DST_WORLDMAP_TITLE	Worldmap			
UI	lang0.pak	DST_WORLDMAP_TRANSPARENCY	Transparency			
UI	lang0.pak	DST_WORLDMAP_WESTLAND	Westland			
UI	lang0.pak	DST_WORLDMAP_WORLD_INDEX_ERROR	Wrong Nr.			
UI	lang0.pak	DST_WORLDMAP_YAHOI_EAST	Yahoi East			
UI	lang0.pak	DST_WORLDMAP_YAHOI_WEST	Yahoi West			
UI	lang0.pak	DST_WORLDMAP_ZONE_INDEX_ERROR	Wrong Nr.			
UI	lang0.pak	DST_WORLD_CONCEPT_BUDOKAI	Budokai is in progress.			
UI	lang0.pak	DST_WORLD_CONCEPT_CAN_NOT_CHANGE_CHANNEL_IN_THIS_PLACE	Can't move channel			
UI	lang0.pak	DST_WORLD_CONCEPT_CCBD	Can't use during Dungeon			
UI	lang0.pak	DST_WORLD_CONCEPT_DOJO_SCRAMBLE	Dojo Scramble			
UI	lang0.pak	DST_WORLD_CONCEPT_DRAGONBALL_SCRAMBLE	Dragon Ball Scramble started			
UI	lang0.pak	DST_WORLD_CONCEPT_FREEBATTLE	You can't leave during battle			
UI	lang0.pak	DST_WORLD_CONCEPT_FREE_PVP_ZONE	PvP Zone			
UI	lang0.pak	DST_WORLD_CONCEPT_NPC_COMMUNICATION	Can't use during NPC.			
UI	lang0.pak	DST_WORLD_CONCEPT_PARTY_DUNGEON	Dungeon Progress			
UI	lang0.pak	DST_WORLD_CONCEPT_PLAY_DIRECT	Can't proceed during this event.			
UI	lang0.pak	DST_WORLD_CONCEPT_PLAY_DRAGONBALL	Wait till Shenron leaves.			
UI	lang0.pak	DST_WORLD_CONCEPT_PLAY_PRIVATESHOP	Can't open the shop			
UI	lang0.pak	DST_WORLD_CONCEPT_PLAY_PRIVATESHOP_VISITOR	Some people may not Use.			
UI	lang0.pak	DST_WORLD_CONCEPT_RANK_BATTLE	Ranked Battle in Progress			
UI	lang0.pak	DST_WORLD_CONCEPT_TLQ	Can't do this in world			
UI	lang0.pak	DST_WORLD_CONCEPT_TMQ	TMQ in Progress			
UI	lang0.pak	DST_WORLD_CONCEPT_TRADE	Can't do while trading			
UI	lang0.pak	DST_WORLD_CONCEPT_TUTORIAL	During tutorial you can't proceed.			
UI	lang0.pak	DST_WORLD_CONCPET_DWC	Disabled for DWC			
UI	lang0.pak	DST_WORLD_CONCPET_MASCOTEX_SKILL	Not during Pet Skill.			
UI	lang0.pak	DST_WORLD_CONCPET_REMOTE_BEHAVIOR	Can't use in this Moment.			
UI	lang0.pak	DST_WP_ADD_POINT	Earned %d WP Points.			
UI	lang0.pak	DST_WP_REFRESH_RESULT	"[align = ""center""][font size = ""10"" color=""f4d762""]Notification[/font][br][br][font size = ""10"" color=""ffffff""]The maximum value of the WP is 2000.[br]You will not be able to obtain more.[br]Beyond points they will be destroyed.[/font]"			
UI	lang0.pak	DST_YADRAT_MB_GET_ITEM	"[align = ""center""][font size = ""12"" color=""f4d762""]Import Items[/font][br][br][font size = ""10"" color=""269eff""]Move the item to your inventory.[/font][br][br][font size = ""10"" color=""f36a7c""]Can't be undone, are you sure?[/font]"			
UI	lang0.pak	DST_YADRAT_MB_ITEM_USE_HLS_ITEM_TYPE_ACCOUNT_SHARED_STORE_USE	"[align = ""center""][font size = ""12"" color=""f4d762""]Enable Shared Warehouse[/font][br][br][font size = ""10"" color=""269eff""]%s[br]to activate.[/font][br][br][font size = ""10"" color=""f36a7c""]If you activate you won't be able to disable.[/font][br][br][font size = ""10"" color=""ef001f""]WARNING:[br]This item will be removed and the bank slot will be made available after clicking [Ok].[/font][br][br][font size = ""10"" color=""ffffff""]Are you sure you want to activate the item?[/font]"			
UI	lang0.pak	DST_YADRAT_MB_ITEM_USE_HLS_ITEM_TYPE_DEFAULT	"[align = ""center""]Import Items[br][br]Importing %s.[br][br]You won't be able to move the item back"			
UI	lang0.pak	DST_YADRAT_MB_ITEM_USE_HLS_ITEM_TYPE_GMT	"[align = ""center""]Add 1 Week[br][br]MSG 001 %s"			
UI	lang0.pak	DST_YADRAT_MB_ITEM_USE_HLS_ITEM_TYPE_PACKAGE	Push package to the guild bank?			
UI	lang0.pak	DST_YADRAT_MB_ITEM_USE_HLS_ITEM_TYPE_WAGUCOIN	"[align = ""center""][font size = ""12"" color=""f4d762""] Receive Cash Coins[/font][br][br][font size = ""10"" color=""269eff""]Use to charge your credit.[/font][br][br][font size = ""10"" color=""f36a7c""]After you import it to your[br]inventory you must use it to[br]charge your credit for first.[br]After this you can use in shop.[/font][br][br][font size = ""10"" color=""ffffff""]Are you sure you want to import it?[/font]"			
UI	lang0.pak	DST_YARDRAT	Storage			
UI	lang0.pak	DST_YARDRAT_MOVE_SUCCESS	The Item had been moved.			
UI	lang0.pak	DST_YARDRAT_TAB_EQUIPMENT	Equipment			
UI	lang0.pak	DST_YARDRAT_TAB_FUNCTIONAL	Craft			
UI	lang0.pak	DST_YARDRAT_TAB_WAITING	Consumables			
UI	lang0.pak	DST_YARDRAT_USE_SUCCESS	Normally Used.			
UI	lang0.pak	DST_ZENNY	Zeni			
UI	lang0.pak	DST_ZENNY_BTN	Zeni			
UI	lang0.pak	DST_ZENNY_CAN_NOT_MOVE_TO_TRADECART_NOT_VALID	Trade not open.			
UI	lang0.pak	DST_SCOUTER_TYPE_ERROR	Invalid Scouter Type			
UI	lang0.pak	DST_TABITEMUPGRADENORMALSTONE_ERR	Please insert a normal upgrade stone.			
UI	lang0.pak	DST_TABITEMUPGRADEUPPERSTONE_ERR	Please insert an upper upgrade stone.			
UI	lang0.pak	DST_TABITEMUPGRADE_DUR_ERR	Item durability is too low.			
UI	lang0.pak	DST_TABITEMUPGRADE_RESULT_FAIL	Upgrade failed.			
UI	lang0.pak	DST_TABITEMUPGRADE_SAFE_UPGRADE_ERR	Safe upgrade not available.			
UI	lang0.pak	DST_TABITEMUPGRADE_SPECIAL_UPGRADE_ERR	Special upgrade not available.			
UI	lang0.pak	DST_TABITEMUPGRADE_SPECIAL_UPGRADE_NONE_DOWN	No downgrade on special upgrade.			
UI	lang0.pak	DST_TABITEMUPGRADE_RESULT_BROKEN	Item broke during upgrade.			
UI	lang0.pak	DST_TABITEMUPGRADE_NEEDZENNY_ERR	Not enough Zeni for upgrade.			
UI	lang0.pak	DST_TABITEMUPGRADE_STONE_MAX	Maximum stones reached.			
UI	lang0.pak	DST_TABITEMUPGRADE_NEED_STONE_DOWN	Need downgrade protection stone.			
UI	lang0.pak	DST_ITEM_OPTION_RESTRUCTURE_CANNOT_GRADE_ERR	Cannot restructure this grade.			
UI	lang0.pak	DST_MASCOTEX_MASCOTSEAL_SUMMON_MASCOT	Cannot seal summoned pet.			
UI	lang0.pak	DST_BUDOKAI_MAJORMATCH_INFO_TITLE_FINAL_WAIT	Waiting for Final Match			
UI	lang0.pak	DST_BUDOKAI_NOTICE_GUIDE_DOJO_TITLE	Dojo Tournament			
UI	lang0.pak	DST_BUDOKAI_NOTICE_GUIDE_MINOR_TITLE	Minor Match			
UI	lang0.pak	DST_BUDOKAI_NOTICE_GUIDE_TIME	Time			
UI	lang0.pak	DST_BUDOKAI_NOTICE_GUIDE_TIME_FULL	%d:%02d			
UI	lang0.pak	DST_BUDOKAI_NOTICE_INDI_REGISTER	Individual Registration			
UI	lang0.pak	DST_BUDOKAI_NOTICE_INDI_STATE	Individual State			
UI	lang0.pak	DST_BUDOKAI_NOTICE_INDI_WINNER	Individual Winner			
UI	lang0.pak	DST_BUDOKAI_NOTICE_NOT_PRIZE	No Prize			
UI	lang0.pak	DST_BUDOKAI_NOTICE_PRIZE_SECOND_WINNER	Second Place Prize			
UI	lang0.pak	DST_BUDOKAI_NOTICE_PRIZE_TEAM_SECOND_WINNER	Team Second Place Prize			
UI	lang0.pak	DST_BUDOKAI_NOTICE_PRIZE_TEAM_WINNER	Team Winner Prize			
UI	lang0.pak	DST_BUDOKAI_NOTICE_PRIZE_WINNER	Winner Prize			
UI	lang0.pak	DST_BUDOKAI_NOTICE_TEAM_REGISTER	Team Registration			
UI	lang0.pak	DST_BUDOKAI_NOTICE_TEAM_STATE	Team State			
UI	lang0.pak	DST_BUDOKAI_NOTICE_TEAM_WINNER	Team Winner			
UI	lang0.pak	DST_BUDOKAI_NOTICE_WAIT_GUIDE	Please Wait			
UI	lang0.pak	DST_CHANGESEX_MSG	Are you sure you want to change gender?			
UI	lang0.pak	DST_EXP_LOCK	Lock EXP			
UI	lang0.pak	DST_EXP_UNLOCK	Unlock EXP			
UI	lang0.pak	DST_GAME_MASTER	Game Master			
UI	lang0.pak	DST_GAME_MASTER_TBLIDX	GM Table Index			
UI	lang0.pak	DST_HOIPOIMIX_RECIPE_FILTER_EVENT	Event			
UI	lang0.pak	DST_ITEM_EQUIP_HOLD_WATT	Hold Watt: %d			
UI	lang0.pak	DST_ITEM_EQUIP_NEED_WATT	Required Watt: %d			
UI	lang0.pak	DST_ITEMUPGRADE_RESTLT_HEIGHT	Height			
UI	lang0.pak	DST_LOBBY_SERVER_INDEX	Server %d			
UI	lang0.pak	DST_OBSERVER_DBOTABLETOOLS	DBO Table Tools			
UI	lang0.pak	DST_PAY_REGISTER	Register Payment			
UI	lang0.pak	DST_PAY_WEB	Web Payment			
UI	lang0.pak	DST_RECIPE_INVALID	Invalid Recipe			
UI	lang0.pak	DST_RECIPE_LOGIN	Recipe Login			
UI	lang0.pak	DST_REMOVE_ALL_PART	Remove All Parts			
UI	lang0.pak	DST_RESETEXP_MSG	Are you sure you want to reset your EXP?			
UI	lang0.pak	DST_SCOUTER_NONE	No Scouter			
UI	lang0.pak	DST_SCOUTER_OFF_MENU	Turn Scouter Off			
UI	lang0.pak	DST_SCOUTER_ON_MENU	Turn Scouter On			
UI	lang0.pak	DST_SCOUTER_PART_TOO_LOW_LEVEL	Scouter part level too low			
UI	lang0.pak	DST_SCOUTER_WATT_FULL	Watt Full			
UI	lang0.pak	DST_SEWING_KIT_TOOLTIP	Sewing Kit			
UI	lang0.pak	DST_SKILL_SKILL_NOT_RESET	Skill cannot be reset			
UI	lang0.pak	DST_ULTIMATE_DUNGEON_DIFFICULTY_2	Ultimate Difficulty 2			
UI	lang0.pak	DST_UNEXP	Reset EXP			
UI	lang0.pak	DST_WAGUWAGU_BROADINFO	WaguWagu Broadcast Info			
UI	lang0.pak	DST_WORLD_CONCEPT_WAIT_TRADE	Please wait, trade in progress			
UI	lang0.pak	AIR_CANNOT_FLY_JUMP_NOT_ENOUGH_AP	Flight requires at least 10AP.			
UI	lang0.pak	AIR_CANNOT_USE_ITEM_NO_HAVE_AIR_SKILL	You need the flight ability to use that.			
UI	lang0.pak	AUTH_AUTHKEY_FAIL	"[align = ""center""][font size = ""12"" color=""f4d762""]Authentication Confirmation[/font][br][br][font size = ""10"" color=""f36a7c""]Authentication failed.[/font]"			
UI	lang0.pak	AUTH_COMMON_CANT_DO_THAT_FOR_SOME_REASON	Not able to process at the moment.			
UI	lang0.pak	AUTH_DB_FAIL	"[align = ""center""][font size = ""12"" color=""f4d762""]DB Connection[/font][br][br][font size = ""10"" color=""f36a7c""]Failed to load data, please try again later.[/font]"			
UI	lang0.pak	AUTH_FAIL	"[align = ""center""][font size = ""12"" color=""f4d762""]System Description[/font][br][br][font size = ""10"" color=""f36a7c""]If the error persists, please contact customer service.(#A)[/font]"			
UI	lang0.pak	AUTH_INVALID_CJI_KOR_COOKIE	"[align = ""center""][font size = ""12"" color=""f4d762""]Game Connection Description[/font][br][br][font size = ""10"" color=""f36a7c""]Invalid Cookie was input.[/font]"			
UI	lang0.pak	AUTH_IP_BLOCK	"[align = ""center""][font size = ""12"" color=""f4d762""]Connection Blocked[/font][br][br][font size = ""10"" color=""f36a7c""]Your IP is blocked[/font]"			
UI	lang0.pak	AUTH_NO_AVAILABLE_CHARACTER_SERVER	"[align = ""center""][font size = ""12"" color=""f4d762""]Server Connection[/font][br][br][font size = ""10"" color=""f36a7c""]There is no connection to the server currently,[br]please wait and retry later.[/font]"			
UI	lang0.pak	AUTH_SERVER_LOCKED	"[align = ""center""][font size = ""12"" color=""f4d762""]Server Connection[/font][br][br][font size = ""10"" color=""f36a7c""]Connection to the server has been locked, please try again later.[/font]"			
UI	lang0.pak	AUTH_TOO_LONG_ACCOUNT	"[align = ""center""][font size = ""12"" color=""f4d762""]Enter a Nickname[/font][br][br][font size = ""10"" color=""f36a7c""]Please input a 2~8 worded Chinese/Hangul name.[/font]"			
UI	lang0.pak	AUTH_TOO_LONG_PASSWORD	"[align = ""center""][font size = ""12"" color=""f4d762""]Enter Password[/font][br][br][font size = ""10"" color=""f36a7c""]Enter a 4-6 letter password containing English letters and numbers.[/font]"			
UI	lang0.pak	AUTH_USER_BLOCK	"[align = ""center""][font size = ""12"" color=""f4d762""]Account Notification[/font][br][br][font size = ""10"" color=""f36a7c""]This account has been blocked.[/font]"			
UI	lang0.pak	AUTH_USER_EXIST	"[align = ""center""][font size = ""12"" color=""f4d762""]Username Confirmation[/font][br][br][font size = ""10"" color=""f36a7c""]This account is already connected, please verify that your username is correct.[/font]"			
UI	lang0.pak	AUTH_USER_EXIST_IN_CHARACTER_SERVER	"[align = ""center""][font size = ""12"" color=""f4d762""]Character Connection Confirmation[/font][br][br][font size = ""10"" color=""f36a7c""]This character is currently connected,[br]please try again later.[/font]"			
UI	lang0.pak	AUTH_USER_KICKOUT_WAIT_PLZ	"[align = ""center""][font size = ""12"" color=""f4d762""]Game Connection Description[/font][br][br][font size = ""10"" color=""f36a7c""]Player has been disconnected, please try again.[/font]"			
UI	lang0.pak	AUTH_USER_NOT_FOUND	"[align = ""center""][font size = ""12"" color=""f4d762""]Username Confirmation[/font][br][br][font size = ""10"" color=""f36a7c""]This account doesn't exist.[br]Please verify that your username is correct.[/font]"			
UI	lang0.pak	AUTH_USER_SAMENAME_EXIST	"[align = ""center""][font size = ""12"" color=""f4d762""]Account Confirmation[/font][br][br][font size = ""10"" color=""f36a7c""]The account is currently connected to the server, please try again later. [/font]"			
UI	lang0.pak	AUTH_USER_TEMPORARY_BLOCK	"[align = ""center""][font size = ""12"" color=""f4d762""]Connection Description[/font][br][br][font size = ""10"" color=""f36a7c""]This account is currently restricted, please try again later.[/font]"			
UI	lang0.pak	AUTH_VERSION_FAIL	"[align = ""center""][font size = ""12"" color=""f4d762""]Game Version Confirmation[/font][br][br][font size = ""10"" color=""f36a7c""]The game isn't updated to the latest version, please re-run to update.[/font]"			
UI	lang0.pak	AUTH_WEB_CHECK_AUTH_FAIL	"[align = ""center""][font size = ""12"" color=""f4d762""]User Authentication Problem[/font][br][br][font size = ""10"" color=""f36a7c""]For User Authentication, please refer to the website.[/font]"			
UI	lang0.pak	AUTH_WRONG_PASSWORD	"[align = ""center""][font size = ""12"" color=""f4d762""]Password Confirmation[/font][br][br][font size = ""10"" color=""f36a7c""]Incorrect password[br]Please check to see if you have Caps Lock on.[/font]"			
UI	lang0.pak	CANT_MOVE_ITEM_TO_MASCOT_BAG	Items can't be moved to the Pet backpack			
UI	lang0.pak	CASHITEM_FAIL	Black Stone HoiPoi isn't available.			
UI	lang0.pak	CASHITEM_FAIL_BANK_ALREADY_EXIST	Shared Warehouse already exists.			
UI	lang0.pak	CASHITEM_FAIL_CANT_BUY_CURRENT_SERVER	This item can't be bought on this server.			
UI	lang0.pak	CASHITEM_FAIL_CANT_FIND_CHARNAME	Can't find name.			
UI	lang0.pak	CASHITEM_FAIL_CANT_GIFT_MYSELF	Can't be gifted to yourself.			
UI	lang0.pak	CASHITEM_FAIL_CANT_RENEWAL	You can't renew the expiration date on this item.			
UI	lang0.pak	CASHITEM_FAIL_CONFIRM_ERROR	Purchase system failed to confirm, please try again.			
UI	lang0.pak	CASHITEM_FAIL_NEED_MORE_CASH	"[align = ""center""][font size = ""12"" color=""f4d762""]Cash Balance[/font][br][br][font size = ""10"" color=""f36a7c""]Do you wish to refill your cash balance?[/font]"			
UI	lang0.pak	CASHITEM_FAIL_NETWORK_ERROR	There is a problem in the network. Please try again in a few minutes.			
UI	lang0.pak	CASHITEM_FAIL_NOT_DEFINED_SYSTEM	This server can't use this cash service.			
UI	lang0.pak	CASHITEM_FAIL_NOT_EXIST_ITEM	This item doesn't exist.			
UI	lang0.pak	CASHITEM_FAIL_NOT_ON_SALE_ITEM	This item can't be sold.			
UI	lang0.pak	CASHITEM_FAIL_NOT_READY_SERVICE	A server maintenance has occurred, please try again later.			
UI	lang0.pak	CASHITEM_FAIL_UNKNOWN_ERROR	A system error has occurred. Please try again in a few minutes.			
UI	lang0.pak	CHARACTER_AUTHKEY_CREATE_FAIL	"[align = ""center""][font size = ""12"" color=""f4d762""]Character Authentication Confirmation[/font][br][br][font size = ""10"" color=""f36a7c""]Character authentication check failed.[/font]"			
UI	lang0.pak	CHARACTER_AUTHKEY_FAIL	"[align = ""center""][font size = ""12"" color=""f4d762""]Authentication Confirmation[/font][br][br][font size = ""10"" color=""f36a7c""]Character authentication failed, please try again[/font]"			
UI	lang0.pak	CHARACTER_AUTHKEY_MISMATCH	"[align = ""center""][font size = ""12"" color=""f4d762""]Authentication Confirmation[/font][br][br][font size = ""10"" color=""f36a7c""]Character confirmation error, please try again later.[/font]"			
UI	lang0.pak	CHARACTER_AUTHKEY_NOT_FOUND	"[align = ""center""][font size = ""12"" color=""f4d762""]Character Confirmation[/font][br][br][font size = ""10"" color=""f36a7c""]Unable to confirm character, please try again.[/font]"			
UI	lang0.pak	CHARACTER_BLOCK_STRING_INCLUDED	"[align = ""center""][font size = ""12"" color=""f4d762""]Taboo Word[/font][br][br][font size = ""10"" color=""f36a7c""]Player has said a Taboo word, please try again.[/font]"			
UI	lang0.pak	CHARACTER_COMMON_CANT_DO_THAT_FOR_SOME_REASON	"[align = ""center""][font size = ""12"" color=""f4d762""]System Confirmation[/font][br][br][font size = ""10"" color=""f36a7c""]Due to a system problem, this action can't be processed.[/font]"			
UI	lang0.pak	CHARACTER_COUNT_OVER	"[align = ""center""][font size = ""12"" color=""f4d762""]Character Creation[/font][br][br][font size = ""10"" color=""f36a7c""]You already reached the max amount of Characters[/font]"			
UI	lang0.pak	CHARACTER_COUNT_OVER_AND_DELETE_NFY	Your character count exceeds the limit.  Please login after deleting a character.			
UI	lang0.pak	CHARACTER_CREATE_VALUE_FAIL	"[align = ""center""][font size = ""12"" color=""f4d762""]Character Build Instructions[/font][br][br][font size = ""10"" color=""f36a7c""]Character Build Failed. Please try again later.[/font]"			
UI	lang0.pak	CHARACTER_DB_QUERY_FAIL	"[align = ""center""][font size = ""12"" color=""f4d762""]Character Server[/font][br][br][font size = ""10"" color=""f36a7c""]A Database error appeared.[br]Please report to an Administrator.[/font]"			
UI	lang0.pak	CHARACTER_DELETE_BUDOKAI_REGISTER_FAIL	"[align = ""center""][font size = ""12"" color=""f4d762""]Character Removal Instructions[/font][br][br][font size = ""10"" color=""f36a7c""]You are currently registered for the Budokai.[br]Can't delete Character.[/font]"			
UI	lang0.pak	CHARACTER_DELETE_CHAR_FAIL	"[align = ""center""] [font size = ""12"" color = ""f4d762""] Character Deletion [/font][br][br][font size = ""10"" color = ""f36a7c""] Failed to delete the character. [/font]"			
UI	lang0.pak	CHARACTER_DELETE_CHAR_FAIL_NOT_MATCH_CODE	"[align = ""center""][font size = ""12"" color=""f4d762""]Character Deletion[/font][br][br]font size = ""10"" color=""f36a7c""]The password you entered was incorrect.[/font]"			
UI	lang0.pak	CHARACTER_DELETE_CHAR_TMP_FAIL	Characters with cash-shop goods can't be deleted.			
UI	lang0.pak	CHARACTER_DELETE_GUILD_LEADER_FAIL	"[align = ""center""][font size = ""12"" color=""f4d762""]Character Deletion[/font][br][br][font size = ""10"" color=""f36a7c""]Unable to delete character[br]Please leave your guild.[/font]"			
UI	lang0.pak	CHARACTER_DISCONNECTED_FORCEDLY	"[align = ""center""][font size = ""12"" color=""f4d762""]Character Server[/font][br][br][font size = ""10"" color=""f36a7c""]Your connection has been disconnected.[/font]"			
UI	lang0.pak	CHARACTER_DISCONNECTED_TEMPORARILY	"[align = ""center""][font size = ""12"" color=""f4d762""]Character Server[/font][br][br][font size = ""10"" color=""f36a7c""]Your connection has been disconnected.[/font]"			
UI	lang0.pak	CHARACTER_FAIL	"[align = ""center""][font size = ""12"" color=""f4d762""]Character Server[/font][br][br][font size = ""10"" color=""f36a7c""]An unknown error appeared.[br]Please contact one Administrator.[/font]"			
UI	lang0.pak	CHARACTER_NAME_NOT_EXIST	"[align = ""center""][font size = ""12"" color=""f4d762""]Character Check[/font][br][br][font size = ""10"" color=""f36a7c""]Character doesn't exist[/font]"			
UI	lang0.pak	CHARACTER_NO_PREMIUM_SLOT	"[align = ""center""][font size = ""12"" color=""f4d762""]Character Creation Announcement[/font][br][br][font size = ""10"" color=""f36a7c""]Can't create a premium character because[br]you have no premium slots available.[/font]"			
UI	lang0.pak	CHARACTER_RACE_NOT_ALLOWED	"[align = ""center""][font size = ""12"" color=""f4d762""]Character Creation[/font][br][br][font size = ""10"" color=""f36a7c""]The race has been blocked.[/font]"			
UI	lang0.pak	CHARACTER_SAMENAME_EXIST	"[align = ""center""][Font size = ""12"" color=""f4d762""]Character Name[/font][br][br][font size = ""10"" color=""f36a7c""]Character Name already exists.[/font]"			
UI	lang0.pak	CHARACTER_SERVER_IS_UNDER_CONSTRUCTION	"[align = ""center""][font size = ""12"" color=""f4d762""]Character Server[/font][br][br][font size = ""10"" color=""f36a7c""]Server under construction.[br]Please try again later.[/font]"			
UI	lang0.pak	CHARACTER_SERVER_LOCKED	"[align = ""center""][font size = ""12"" color=""f4d762""]Character Server[/font][br][br][font size = ""10"" color=""f36a7c""]This Channel is for Verified Players, Try other Channel.[/font]"			
UI	lang0.pak	CHARACTER_TEMPORARY_BLOCK	"[align = ""center""][font size = ""12"" color=""f4d762""]Character Server[/font][br][br][font size = ""10"" color=""f36a7c""]This Channel is for Verified Players.[br] Try other Channel.[/font]"			
UI	lang0.pak	CHARACTER_TOO_LONG_NAME	"[align = ""center""][font size = ""12"" color=""f4d762""]Character Creation[/font][br][br][font size = ""10"" color=""f36a7c""]Character Name is too long[/font]"			
UI	lang0.pak	CHARACTER_TOO_SHORT_NAME	"[align = ""center""][font size = ""12"" color=""f4d762""]Character Creation[/font][br][br][font size = ""10"" color=""f36a7c""]Character Name is too short[/font]"			
UI	lang0.pak	CHARACTER_USER_BLOCK	"[align = ""center""][font size = ""12"" color=""f4d762""]Account Blocked[/font][br][br][font size = ""10"" color=""f36a7c""]The account has been blocked[/font]"			
UI	lang0.pak	CHARACTER_USER_EXIST	"[align = ""center""][font size = ""12"" color=""f4d762""]Game Connection[/font][br][br][font size = ""10"" color=""f36a7c""]The character is currently online.[br]Please try again later[/font]"			
UI	lang0.pak	CHARACTER_USER_EXIST_IN_GAME_SERVER	"[align = ""center""][font size = ""12"" color=""f4d762""]Game Connection[/font][br][br][font size = ""10"" color=""f36a7c""]Character already online.[/font]"			
UI	lang0.pak	CHARACTER_USER_ITEM_CREATE_FAIL	"[align = ""center""][font size = ""12"" color=""f4d762""]Item confirmation[/font][br][br][font size = ""10"" color=""f36a7c""]Character items generation failed.[/font]"			
UI	lang0.pak	CHARACTER_USER_QUICK_SLOT_CREATE_FAIL	"[align = ""center""][font size = ""12"" color=""f4d762""]Quick Slot Check[/font][br][br][font size = ""10"" color=""f36a7c""]Could not initialize the user's character quick slot.[/font]"			
UI	lang0.pak	CHARACTER_USER_SHOULD_WAIT_FOR_CONNECT	"[align = ""center""][font size = ""12"" color=""f4d762""]Connecting[/font][br][br][font size = ""10"" color=""f36a7c""]Waiting to connect.[/font]"			
UI	lang0.pak	CHARACTER_USER_SKILL_CREATE_FAIL	"[align = ""center""][font size = ""12"" color=""f4d762""]Skill Check[/font][br][br][font size = ""10"" color=""f36a7c""]Failed to create the character skill.[/font]"			
UI	lang0.pak	CHARACTER_WRONG_SERVER_FARM_SELECTED	"[align = ""center""][font size = ""12"" color=""f4d762""]Server Selection Notice[/font][br][br][font size = ""10"" color=""f36a7c""]You've selected the wrong server.[br]Please select a different server.[/font]"			
UI	lang0.pak	CHARTITLE_NO_HAVE	No char with this title.			
UI	lang0.pak	CHARTITLE_TITLE_IS_ON_PROGRESS	Processing Title.			
UI	lang0.pak	CHARTITLE_YOU_ALREADY_HAVE_THE_TITLE	You already have that title.			
UI	lang0.pak	CHAT_SUCCESS	"[align = ""center""][font size = ""12"" color=""f4d762""]Chat Server[/font][br][br][font size = ""10"" color=""269eff ""]Connection with Chat Server was successful.[/font]"			
UI	lang0.pak	COMMUNITY_ALREADY_IN_SERVER	"[align = ""center""][font size = ""12"" color=""f4d762""]Server Connection Check[/font][br][br][font size = ""10"" color=""f36a7c""]Already connected to the community server[/font]"			
UI	lang0.pak	COMMUNITY_COMMON_NEED_MORE_TIME_TO_DO_IT	Service temporarily unavailable, Please try again in a few minutes.			
UI	lang0.pak	COMMUNITY_COMMON_NOT_VALID_TARGET	Invalid Target			
UI	lang0.pak	COMMUNITY_COMMON_NO_SUCH_A_GUILD	Guild Name doesn't exist.			
UI	lang0.pak	COMMUNITY_COMMON_NO_SUCH_A_TARGET	Target doesn't exist			
UI	lang0.pak	COMMUNITY_COMMON_SYSTEM_ERROR	"[align = ""center""][font size = ""12"" color=""f4d762""]Community Server Maintenance Notice[/font][br][br][font size = ""10"" color=""f36a7c""]The community server is temporarily unavailable.[/font]"			
UI	lang0.pak	COMMUNITY_COMMON_TARGET_IS_NOT_YOUR_GUILD_MEMBER	The target ID isn't in the guild.			
UI	lang0.pak	COMMUNITY_DISCONNECTED_FORCEDLY	"[align = ""center""][font size = ""12"" color=""f4d762""]Character Server[/font][br][br][font size = ""10"" color=""f36a7c""]You have been disconnected[br]by the server[/font]"			
UI	lang0.pak	COMMUNITY_DISCONNECTED_TEMPORARILY	"[align = ""center""][font size = ""12"" color=""f4d762""]Character Server[/font][br][br][font size = ""10"" color=""f36a7c""]You have been disconnected[/font]"			
UI	lang0.pak	COMMUNITY_DOJO_BANK_ZENNY_NOT_ENOUGH	Zeni warehouse is insufficient.			
UI	lang0.pak	COMMUNITY_DOJO_DEL_FAIL	Deleting dojo failed			
UI	lang0.pak	COMMUNITY_DOJO_FIND_FAIL	Couldn't find the dojo			
UI	lang0.pak	COMMUNITY_DOJO_MAKE_FAIL	"[align = ""center""][font size = ""12"" color=""f4d762""]Dojo Creation[/font][br][br][font size = ""10"" color=""f36a7c""]Creating a dojo failed[/font]"			
UI	lang0.pak	COMMUNITY_DOJO_NON_EXISTING_FUNCTION	You don't have appropriate permissions.			
UI	lang0.pak	COMMUNITY_DOJO_SCRAMBLE_ARLEADY_HAVE	Already a Dojo scramble applicant			
UI	lang0.pak	COMMUNITY_DOJO_SCRAMBLE_FAIL_FOR_BEING_DISBANDED	The guild can't scramble because it has already been disbanded or is standing by for disband.			
UI	lang0.pak	COMMUNITY_DOJO_SCRAMBLE_REJECT_FAIL_FOR_BANK_USE	Can't open bank in Dojo scramble			
UI	lang0.pak	COMMUNITY_DOJO_SCRAMBLE_REJECT_FAIL_SECOND	Guild scramble can only be rejected once.			
UI	lang0.pak	COMMUNITY_DOJO_SCRAMBLE_WAIT	Please wait to re-apply Dojo battle.			
UI	lang0.pak	COMMUNITY_DOJO_SEED_ALREADY_SETTING	"[align = ""center""][font size = ""12"" color=""f4d762""]World Martial Arts Tournament Seed Notice[/font][br][br][font size = ""10"" color=""f36a7c""]The dojo's World Martial Arts Tournament seed has already been registered.[br][br]Please try registering again after deleting.[/font]"			
UI	lang0.pak	COMMUNITY_DOJO_SEED_NAME_FAIL	No applicable character exists or something went wrong.			
UI	lang0.pak	COMMUNITY_DOJO_SEED_NOT_SET	"[align = ""center""][font size = ""12"" color=""f4d762""]World Martial Arts Tournament Seed Notice[/font][br][br][font size = ""10"" color=""f36a7c""]The World Martial Arts Tournament seed wasn't registered.[/font]"			
UI	lang0.pak	COMMUNITY_DOJO_YOU_ARE_NOT_OWNNER	You are not the dojo owner			
UI	lang0.pak	COMMUNITY_FAIL	"[align = ""center""][font size = ""12"" color=""f4d762""]System Error Notice[/font][br][br][font size = ""10"" color=""f36a7c""]There is an error in the system.[br]Please contact the game management team.(#T)[/font]"			
UI	lang0.pak	COMMUNITY_FRIEND_BLACK_CHAR_EXIST	Player already blocked			
UI	lang0.pak	COMMUNITY_FRIEND_CHAR_ARLEADY_ADDED	The player is already your friend.			
UI	lang0.pak	COMMUNITY_FRIEND_CHAR_EXIST	Player already registered as friend			
UI	lang0.pak	COMMUNITY_FRIEND_CHAR_NOT_FOUND	Player not found			
UI	lang0.pak	COMMUNITY_FRIEND_MAX_COUNT_OVER	Friend List is full.			
UI	lang0.pak	COMMUNITY_FRIEND_SELF_FAIL	You can't add yourself to your friends list.			
UI	lang0.pak	COMMUNITY_GUILD_BANK_CLOSED	The guild warehouse is closed			
UI	lang0.pak	COMMUNITY_GUILD_BANK_QUERY	The guild bank is currently processing a transaction.  Please try again later.			
UI	lang0.pak	COMMUNITY_GUILD_BANK_USING_NOW	The guild warehouse is in use			
UI	lang0.pak	COMMUNITY_GUILD_CANT_KICK_YOURSELF_OUT	You can't kick yourself from the guild.			
UI	lang0.pak	COMMUNITY_GUILD_CREATOR_NOT_FOUND	Could not find the guild manager			
UI	lang0.pak	COMMUNITY_GUILD_DISBANDE_FAIL_FOR_DOJO	Unable to disband the dojo's guild.			
UI	lang0.pak	COMMUNITY_GUILD_DISBANDE_FAIL_FOR_DOJO_SCRAMBLE	Unable to disband guild during dojo scramble.			
UI	lang0.pak	COMMUNITY_GUILD_FIND_FAIL	Could not find the guild			
UI	lang0.pak	COMMUNITY_GUILD_FUNCTION_NOT_FOUND	Guild function not found			
UI	lang0.pak	COMMUNITY_GUILD_GUILD_IS_BEING_DISBANDED	Guild is being disbanded.			
UI	lang0.pak	COMMUNITY_GUILD_GUILD_IS_NOT_BEING_DISBANDED	Guild is no longer being disbanded.			
UI	lang0.pak	COMMUNITY_GUILD_GUILD_MEMBER_CANT_HAVE_MORE_GUILD	You can't be a member of more then one guild.			
UI	lang0.pak	COMMUNITY_GUILD_INVITE_FAIL_FOR_BEING_SCRAMBLE	Unable to join the guild while its dojo is in scramble.			
UI	lang0.pak	COMMUNITY_GUILD_KICKOUT	You've been kicked from the guild.			
UI	lang0.pak	COMMUNITY_GUILD_LEADER_CANT_LEAVE	"[align = ""center""][font size = ""12"" color=""f4d762""]Guild System[/font][br][br][font size = ""10"" color=""f36a7c""]Guild leaders can't leave the guild[/font]"			
UI	lang0.pak	COMMUNITY_GUILD_LEAVE	You've left the guild.			
UI	lang0.pak	COMMUNITY_GUILD_MAX_NUMBER_OF_MEMBERS	Guild already has maximum members.			
UI	lang0.pak	COMMUNITY_GUILD_MAX_NUMBER_OF_SECOND_MASTERS	"[align = ""center""][font size = ""12"" color=""f4d762""]Guild System[/font][br][br][font size = ""10"" color=""f36a7c""]Second guild master limit reached[/font]"			
UI	lang0.pak	COMMUNITY_GUILD_NEED_MORE_PARTY_MEMBER_FOR_NEW_GUILD	More party members required			
UI	lang0.pak	COMMUNITY_GUILD_TARGET_ALREADY_HAS_INVITATION	Target already has a guild invitation			
UI	lang0.pak	COMMUNITY_GUILD_TARGET_IS_ALREADY_IN_A_GUILD	Target already inside a guild			
UI	lang0.pak	COMMUNITY_GUILD_TARGET_IS_ALREADY_SECOND_MASTER	Player is already a second master			
UI	lang0.pak	COMMUNITY_GUILD_TARGET_IS_NOT_SECOND_MASTER	Player isn't a second master			
UI	lang0.pak	COMMUNITY_GUILD_TRIED_TO_APPOINT_YOURSELF	Can't appoint yourself			
UI	lang0.pak	COMMUNITY_GUILD_YOU_ARE_ALREADY_IN_A_GUILD	You are already inside a guild			
UI	lang0.pak	COMMUNITY_GUILD_YOU_ARE_NOT_GUILD_MASTER	"[align = ""center""][font size = ""12"" color=""f4d762""]Genre Permission Description[/font][br][br][font size = ""10"" color=""f36a7c""]You are not a Guild Master[/font]"			
UI	lang0.pak	COMMUNITY_GUILD_YOU_DONT_BELONG_TO_GUILD	"[align = ""center""][font size = ""12"" color=""f4d762""]Guild Error[/font][br][br][font size = ""10"" color=""f36a7c""]You are not inside a guild[/font]"			
UI	lang0.pak	COMMUNITY_GUILD_YOU_DONT_HAVE_RIGHT_TO_INVITE	You are not allowed to invite			
UI	lang0.pak	COMMUNITY_GUILD_YOU_DONT_HAVE_RIGHT_TO_KICK_OUT	You are not allowed to kick			
UI	lang0.pak	COMMUNITY_GUILD_YOU_HAVE_NO_INVITATION	Invitation not found			
UI	lang0.pak	COMMUNITY_INVALID_AUTH_KEY	"[align = ""center""][font size = ""12"" color=""f4d762""]Community Server[/font][br][br][font size = ""10"" color=""f36a7c""]Community Server authentication failed[/font]"			
UI	lang0.pak	COMMUNITY_PARTY_LEADER_DOESNT_EXIST	Party leader doesn't exist			
UI	lang0.pak	COMMUNITY_PARTY_MEMBER_ALREADY_EXIST	Party member already exist			
UI	lang0.pak	COMMUNITY_PARTY_NO_SUCH_A_MEMBER	Party member not found			
UI	lang0.pak	COMMUNITY_PARTY_NO_SUCH_A_PARTY	Party not found			
UI	lang0.pak	COMMUNITY_PARTY_SAME_PARTYID_ALREADY_EXIST	"[align = ""center""][font size = ""12"" color=""f4d762""]Party ID Announcement[/font][br][br][font size = ""10"" color=""f36a7c""]A party with that ID already exists.[/font]"			
UI	lang0.pak	COMMUNITY_RANK_BATTLE_COUNT_ALREADY_FLUSHED	Rank battle counter already flushed			
UI	lang0.pak	COMMUNITY_RANK_BATTLE_LIST_NOT_FOUND	"[align = ""center""][font size = ""12"" color=""f4d762""]Ranked Battle Standings Search Notice[/font][br][br][font size = ""10"" color=""f36a7c""]That name could not be found in the Ranked Battle standings.[/font]"			
UI	lang0.pak	COMMUNITY_RANK_BATTLE_NO_REMAIN_COUNT	No remaining rank battle found			
UI	lang0.pak	COMMUNITY_TMQ_CHAR_NOT_FOUND	Character not found			
UI	lang0.pak	COMMUNITY_TMQ_COUNT_ALREADY_FLUSHED	Counter already flushed			
UI	lang0.pak	COMMUNITY_TMQ_DATA_NOT_FOUND	Data not found			
UI	lang0.pak	EVENT_NO_MORE_NEW_CHARACTER_ALLOWED	"[align = ""center""][font size = ""12"" color=""f4d762""]Character Creation Notice[/font][br][br][font size = ""10"" color=""f36a7c""]No new characters can be created on the server.[/font]"			
UI	lang0.pak	EVENT_OFF_CONTENTS_USED	Content Unavailable.			
UI	lang0.pak	EVENT_YOU_ALREADY_HAVE_CHARACTER	"[align = ""center""][font size = ""12"" color=""f4d762""]Character Creation Notice[/font][br][br][font size = ""10"" color=""f36a7c""]You can't create any additional characters because you have too many.[/font]"			
UI	lang0.pak	GAME_ANOTHER_SKILL_CANT_CAST_NOW	You are already casting another skill.			
UI	lang0.pak	GAME_BANK_ALREADY_EXIST	Bank already exists.			
UI	lang0.pak	GAME_BANK_NOT_READY	Wrong State			
UI	lang0.pak	GAME_BATTLE_DUNGEON_FAIL	CC Battle failed.			
UI	lang0.pak	GAME_BATTLE_DUNGEON_FAIL_STATE	CC Battled failed.			
UI	lang0.pak	GAME_BATTLE_DUNGEON_NOT_EXIST_MESSAGE	Message has expired.			
UI	lang0.pak	GAME_BATTLE_DUNGEON_NOT_IN_RANGE	Player are not in range.			
UI	lang0.pak	GAME_BATTLE_DUNGEON_NOT_READY_ALL	Not all players are ready.			
UI	lang0.pak	GAME_BATTLE_DUNGEON_NOT_SAME_MEMBER	Not the same party member.			
UI	lang0.pak	GAME_BATTLE_DUNGEON_SUCCESS	CC Battle Dungeon Success			
UI	lang0.pak	GAME_BLOCK_ATTACK_NOW	Can't block attack now.			
UI	lang0.pak	GAME_BUDOKAI_CAN_NOT_TELEPORT_JUNIOR	Unable to participate in Junior Competition.			
UI	lang0.pak	GAME_BUDOKAI_CHARACTER_ALREADY_JOIN	Player already joined			
UI	lang0.pak	GAME_BUDOKAI_CHARACTER_NOT_JOINED	Not Applying for Competition.			
UI	lang0.pak	GAME_BUDOKAI_INVALID_TEAM_NAME	Invalid Team Name.			
UI	lang0.pak	GAME_BUDOKAI_MEMBER_ALREADY_JOINED	Player already joined.			
UI	lang0.pak	GAME_BUDOKAI_NEED_MORE_MEMBER	Not enough Team Members.			
UI	lang0.pak	GAME_BUDOKAI_NOT_MATCH_PLAYING	No opponents found.			
UI	lang0.pak	GAME_BUDOKAI_NOT_MATCH_WORLD	Not a Battle area.			
UI	lang0.pak	GAME_BUDOKAI_NOT_OPENED	Budokai isn't open.			
UI	lang0.pak	GAME_BUDOKAI_NOT_REGISTER_PERIOD	The registration period isn't active.			
UI	lang0.pak	GAME_BUDOKAI_OVER_COUNT	The number of participants is full.			
UI	lang0.pak	GAME_BUDOKAI_QUERY_FAIL_EXIST_MATCH_INDEX	Data already exists.			
UI	lang0.pak	GAME_BUDOKAI_QUERY_FAIL_INSERT_FAIL	Query Insert Fail.			
UI	lang0.pak	GAME_BUDOKAI_TOO_LONG_TEAM_NAME	Team Name is too long.			
UI	lang0.pak	GAME_BUDOKAI_TOO_SHORT_TEAM_NAME	Team Name is too short.			
UI	lang0.pak	GAME_BUDOKAI_YOU_ARE_NOT_A_TEAM_LEADER	Only for Party Leader.			
UI	lang0.pak	GAME_BUILDING_VERSION_IS_NOT_CJI_KOR	Wrong Game Version.			
UI	lang0.pak	GAME_CANNOT_CONNECT_DUE_TO_INVAlID_CHARACTER	"[align = ""center""][font size = ""12"" color=""f4d762""]Channel[/font][br][br][font size = ""10"" color=""f36a7c""]Change the Channel please.[/font]"			
UI	lang0.pak	GAME_CANNOT_CONNECT_DUE_TO_TIMEOUT	Connection timeout.			
UI	lang0.pak	GAME_CANNOT_CONNECT_TARGET_CHANNEL_FULL	"[align = ""center""][font size = ""12"" color=""f4d762""]Channel[/font][br][br][font size = ""10"" color=""f36a7c""]Channel is full, please try it later.[/font]"			
UI	lang0.pak	GAME_CANNOT_TRADE_NO_BAGSLOT	Can't trade, not enough space.			
UI	lang0.pak	GAME_CANNOT_VISIT_INVALID_AREA	Area error.			
UI	lang0.pak	GAME_CANNOT_VISIT_SELF	Unable to teleport to yourself.			
UI	lang0.pak	GAME_CANT_DO_THAT_TO_FREE_PVP_ZONE_TARGET	Can't use during a battle.			
UI	lang0.pak	GAME_CAN_BE_CAST_ONLY_ON_PLAYER	Can only be cast on a player.			
UI	lang0.pak	GAME_CAN_NOT_TELEPORT	Unable to teleport.			
UI	lang0.pak	GAME_CAN_NOT_TELEPORT_THIS_STATE	Unable to teleport in current state			
UI	lang0.pak	GAME_CASHITEM_CANT_MOVE	Can't move cash item.			
UI	lang0.pak	GAME_CASHITEM_NOT_FOUND	Can't find cash item.			
UI	lang0.pak	GAME_CASHITEM_NOT_LOADED	Loading items not completed.			
UI	lang0.pak	GAME_CHARACTER_FAIL_BY_BUDOKAI	Check the Zenni or Requirements			
UI	lang0.pak	GAME_CHARACTER_FAIL_BY_GUILD	Participation failed (Guild).			
UI	lang0.pak	GAME_CHARACTER_FAIL_BY_LIMITED	Current penalty time.			
UI	lang0.pak	GAME_CHARACTER_FAIL_BY_PARTY	Participation failed (Party).			
UI	lang0.pak	GAME_CHARACTER_NAME_HAS_INVALID_CHARACTER	"[align = ""center""][font size = ""12"" color=""f4d762""]Name[/font][br][br][font size = ""10"" color=""f36a7c""]The name contains invalid characters.[/font]"			
UI	lang0.pak	GAME_CHARACTER_TOO_LONG_NAME	Character name is too long.			
UI	lang0.pak	GAME_CHARACTER_TOO_SHORT_NAME	Character name is too short.			
UI	lang0.pak	GAME_CHARM_POINT_IS_LOCKED	Calculation hasn't been completed.			
UI	lang0.pak	GAME_CHAR_CLASS_FAIL	Your class can't do that.			
UI	lang0.pak	GAME_CHAR_IS_WRONG_STATE	Wrong state			
UI	lang0.pak	GAME_CHAR_LEVEL_FAIL	You can't do that at your level.			
UI	lang0.pak	GAME_CHAR_NO_AUTHORITY_FOR_CHANGING_CLASS	Unable to change class			
UI	lang0.pak	GAME_CHAR_ONLY_ADULT_CAN_CHANGE_CLASS	Already Applied			
UI	lang0.pak	GAME_CHAR_RACE_FAIL	Your race can't do that.			
UI	lang0.pak	GAME_CHAR_WRONG_REVIVAL_METHOD	Invalid revival method selected			
UI	lang0.pak	GAME_CLOSED_BOX_FAIL	Failed			
UI	lang0.pak	GAME_CLOSED_BOX_KEY_MISMATCH	Requires a different kind of key.			
UI	lang0.pak	GAME_CLOSED_BOX_KEY_NOT_ENOUGH	Not enough keys.			
UI	lang0.pak	GAME_CLOSED_BOX_KEY_NOT_FOUND	Can't find key to treasure chest.			
UI	lang0.pak	GAME_CLOSED_BOX_SUCCESS	Success			
UI	lang0.pak	GAME_COMMON_ALREADY_EXIST	Already Exists.			
UI	lang0.pak	GAME_COMMON_ALREADY_REGISTERED	Already Registered.			
UI	lang0.pak	GAME_COMMON_CANT_DO_THAT_FOR_SOME_REASON	You can't do that at the moment.			
UI	lang0.pak	GAME_COMMON_CANT_DO_THAT_IN_AFFECTING_STATE	Can't do that while cast.			
UI	lang0.pak	GAME_COMMON_CANT_DO_THAT_IN_AFTEREFFECT_CONDITION	Can't do that right now.			
UI	lang0.pak	GAME_COMMON_CANT_DO_THAT_IN_AIR_MODE_STATE	Can't do that while flying.			
UI	lang0.pak	GAME_COMMON_CANT_DO_THAT_IN_BATTLE_STATE	Can't to that while battle.			
UI	lang0.pak	GAME_COMMON_CANT_DO_THAT_IN_BLOCKING_STATE	Can't do that while blocking.			
UI	lang0.pak	GAME_COMMON_CANT_DO_THAT_IN_CAMPING_STATE	Can't do that while champing.			
UI	lang0.pak	GAME_COMMON_CANT_DO_THAT_IN_CASTING_ITEM_STATE	Can't do that while using an item.			
UI	lang0.pak	GAME_COMMON_CANT_DO_THAT_IN_CASTING_STATE	Can't do that while casting.			
UI	lang0.pak	GAME_COMMON_CANT_DO_THAT_IN_CHARGING_BLOCKED_CONDITION	Can't do that while blocking.			
UI	lang0.pak	GAME_COMMON_CANT_DO_THAT_IN_CHARGING_STATE	Can't do that while charging.			
UI	lang0.pak	GAME_COMMON_CANT_DO_THAT_IN_CONFUSE_CONDITION	Can't do that while confused.			
UI	lang0.pak	GAME_COMMON_CANT_DO_THAT_IN_DASH_STATE	Can't do that while dashing.			
UI	lang0.pak	GAME_COMMON_CANT_DO_THAT_IN_DESPAWNING_STATE	Can't do that while despawning.			
UI	lang0.pak	GAME_COMMON_CANT_DO_THAT_IN_DESTMOVING_STATE	Can't do that while destination move state.			
UI	lang0.pak	GAME_COMMON_CANT_DO_THAT_IN_DIRECT_PLAY_STATE	Can't do that while direct play state.			
UI	lang0.pak	GAME_COMMON_CANT_DO_THAT_IN_FAINTING_STATE	Can't do that while fainting state.			
UI	lang0.pak	GAME_COMMON_CANT_DO_THAT_IN_FALLING_STATE	Can't do that while falling.			
UI	lang0.pak	GAME_COMMON_CANT_DO_THAT_IN_FOCUSING_STATE	Can't do that while focusing.			
UI	lang0.pak	GAME_COMMON_CANT_DO_THAT_IN_FOLLOWING_STATE	Can't do that while following.			
UI	lang0.pak	GAME_COMMON_CANT_DO_THAT_IN_HIDING_KI_CONDITION	Can't do that while hiding ki condition.			
UI	lang0.pak	GAME_COMMON_CANT_DO_THAT_IN_HTB_STATE	Can't do that while HTB.			
UI	lang0.pak	GAME_COMMON_CANT_DO_THAT_IN_INVISIBLE_CONDITION	Can't do that while invisible.			
UI	lang0.pak	GAME_COMMON_CANT_DO_THAT_IN_JUMPING_STATE	Can't do that while jumping.			
UI	lang0.pak	GAME_COMMON_CANT_DO_THAT_IN_KEEPING_EFFECT_STATE	Can't do that while keeping effect state			
UI	lang0.pak	GAME_COMMON_CANT_DO_THAT_IN_KNOCKDOWN_STATE	You can't do that while knocked down.			
UI	lang0.pak	GAME_COMMON_CANT_DO_THAT_IN_LEAVING_STATE	Can't do that while leaving			
UI	lang0.pak	GAME_COMMON_CANT_DO_THAT_IN_MOVING_JUMPING_STATE	Can't do that while jumping			
UI	lang0.pak	GAME_COMMON_CANT_DO_THAT_IN_MOVING_STATE	Can't do that while moving			
UI	lang0.pak	GAME_COMMON_CANT_DO_THAT_IN_NON_JUMPING_STATE	Can only do while jumping.			
UI	lang0.pak	GAME_COMMON_CANT_DO_THAT_IN_OPERATING_STATE	Can't do that while operating			
UI	lang0.pak	GAME_COMMON_CANT_DO_THAT_IN_PARALYZED_STATE	Can't do that while paralyzed.			
UI	lang0.pak	GAME_COMMON_CANT_DO_THAT_IN_PRIVATESHOP_STATE	Can't do that while private shop.			
UI	lang0.pak	GAME_COMMON_CANT_DO_THAT_IN_RIDEON_STATE	Can't do that while riding			
UI	lang0.pak	GAME_COMMON_CANT_DO_THAT_IN_SANDBAG_STATE	Can't do that while sand bag state			
UI	lang0.pak	GAME_COMMON_CANT_DO_THAT_IN_SITTING_STATE	Can't do that while sitting.			
UI	lang0.pak	GAME_COMMON_CANT_DO_THAT_IN_SLEEPING_STATE	Can't do that while sleeping state			
UI	lang0.pak	GAME_COMMON_CANT_DO_THAT_IN_SLIDING_STATE	Can't do that while sliding state			
UI	lang0.pak	GAME_COMMON_CANT_DO_THAT_IN_SPAWNING_STATE	Can't do that while spawning			
UI	lang0.pak	GAME_COMMON_CANT_DO_THAT_IN_STANDING_JUMPING_STATE	Can't do that while jump.			
UI	lang0.pak	GAME_COMMON_CANT_DO_THAT_IN_STANDING_STATE	Can't do that while standing			
UI	lang0.pak	GAME_COMMON_CANT_DO_THAT_IN_STUNNED_STATE	Can't do that while stunned.			
UI	lang0.pak	GAME_COMMON_CANT_DO_THAT_IN_TELEPORTING_STATE	Can't do that while teleporting.			
UI	lang0.pak	GAME_COMMON_CANT_DO_THAT_IN_TERROR_CONDITION	Can't do that while terror condition.			
UI	lang0.pak	GAME_COMMON_CANT_DO_THAT_IN_TRANSPARENT_CONDITION	Can't do that while transparent condition.			
UI	lang0.pak	GAME_COMMON_CANT_DO_THAT_IN_TURNING_STATE	Can't do that while turning state.			
UI	lang0.pak	GAME_COMMON_CANT_DO_THAT_NOT_ALLOWED_TARGET	Not allowed target.			
UI	lang0.pak	GAME_COMMON_CANT_FIND_OBJECT	Can't find the object			
UI	lang0.pak	GAME_COMMON_CANT_INVENTORY_SORT_OUT_OF_DATE_BAG	Bag durability expired.			
UI	lang0.pak	GAME_COMMON_CANT_INVENTORY_SORT_WHEN_ITEM_NOT_FOUND	Can't sort bag when you have no items.			
UI	lang0.pak	GAME_COMMON_CANT_INVENTORY_SORT_WHEN_USING_ITEM	Can't sort bag while you are using items.			
UI	lang0.pak	GAME_COMMON_CAN_FIND_MEMBER	Can't find companion			
UI	lang0.pak	GAME_COMMON_CAN_NOT_DO_HERE	You can't do that here.			
UI	lang0.pak	GAME_COMMON_CAN_NOT_FIND_TABLE_DATA	Can't find table data.			
UI	lang0.pak	GAME_COMMON_EXIST_USER_WHO_DO_NOT_AGREE	Player didn't agree.			
UI	lang0.pak	GAME_COMMON_EXIST_USER_WHO_OVER_LIMIT_COUNT	User limit is exceeded.			
UI	lang0.pak	GAME_COMMON_HAVE_NOT_THE_REQUIRED_ACHIEVEMENT	Not met the conditions.			
UI	lang0.pak	GAME_COMMON_HOIPOIMIX_EXP_EXCEEDED	Unable to gain experience due to low character level.			
UI	lang0.pak	GAME_COMMON_HOIPOIMIX_LEVEL_MAXIMUM	Reached the maximum fusion level.			
UI	lang0.pak	GAME_COMMON_LACK_OF_SPACE_REWARD_HAS_BEEN_DELIVERED_BY_MAIL	Not enough free space.\nReward sented by mail.			
UI	lang0.pak	GAME_COMMON_MESSAGE_02	Party Message			
UI	lang0.pak	GAME_COMMON_NON_EXISTING_PET_SPECIFIED	Pet wasn't found.			
UI	lang0.pak	GAME_COMMON_NOT_REGISTERED	Player isn't logged in			
UI	lang0.pak	GAME_COMMON_TOO_FEW_PLAYER	Not enough players.			
UI	lang0.pak	GAME_COMMON_TOO_MANY_PLAYER	There are too many players.			
UI	lang0.pak	GAME_COMMON_YOU_ARE_NOT_A_PARTY_LEADER	You are not a party leader			
UI	lang0.pak	GAME_COMMON_YOU_ARE_NOT_IN_A_PARTY	You're not in a party.			
UI	lang0.pak	GAME_COMMON_ZENNY_CANT_BE_USED_RIGHT_NOW	Zeni can't be used right now			
UI	lang0.pak	GAME_CONTENTS_CAN_NOT_PLAY_IN_BUDOKAI_REGISTER_STATE	No registration time!			
UI	lang0.pak	GAME_CONTENTS_LOCK	Game content locked			
UI	lang0.pak	GAME_COSTUMESHOP_CLOSE	Costume shop selling time has ended			
UI	lang0.pak	GAME_COSTUMESHOP_IS_NULL	There is no information about the costume shop			
UI	lang0.pak	GAME_COSTUMESHOP_MISSMATCHING	Mismatch in costume shop information			
UI	lang0.pak	GAME_DB_CHAR_DATA_LOAD_FAIL	"[align = ""center""][font size = ""12"" color=""f4d762""]Character check[/font][br][br][font size = ""10"" color=""f36a7c""]Failed to load character.[/font]"			
UI	lang0.pak	GAME_DB_CHAR_NOT_FOUND	"[align = ""center""][font size = ""12"" color=""f4d762""]Character[/font][br][br][font size = ""10"" color=""f36a7c""]Couldn't find character data[/font]"			
UI	lang0.pak	GAME_DISCONNECTED_FORCEDLY	Forcedly disconnected			
UI	lang0.pak	GAME_DISCONNECTED_TEMPORARILY	Disconnected			
UI	lang0.pak	GAME_DRAGONBALL_NOT_FOUND	Couldn't find all dragon balls			
UI	lang0.pak	GAME_DRAGONBALL_NOT_SAME_EXIST	Couldn't find all dragon balls			
UI	lang0.pak	GAME_DRAGONBALL_OBJECT_ARLEADY_USED	Object already used			
UI	lang0.pak	GAME_DRAGONBALL_REWARD_NOT_FOUND	Couldn't find the reward			
UI	lang0.pak	GAME_DRAGONBALL_SAME_EXIST	That Dragon Ball already exists.			
UI	lang0.pak	GAME_DRAGONBALL_TIME_OVER	Time over			
UI	lang0.pak	GAME_EMPTY_ITEM_SLOT_NOT_ENOUGH	Not enough empty item slots.			
UI	lang0.pak	GAME_EQUIP_SLOT_NOT_EMPTY	Item already equipped to that slot.			
UI	lang0.pak	GAME_FAIL	A system problem has occurred. (#G)			
UI	lang0.pak	GAME_FREEBATTLE_ALREADY_HAS_MATCH	Already in a duel.			
UI	lang0.pak	GAME_FREEBATTLE_CHALLENGE_ACCEPT_DENIED	Duel offer declined.			
UI	lang0.pak	GAME_FREEBATTLE_CHALLENGE_ACCEPT_TIME_DENIED	Challenge request time over.			
UI	lang0.pak	GAME_FREEBATTLE_CHALLENGE_TIME_REMAIN	Standby for accept.			
UI	lang0.pak	GAME_FREEBATTLE_CHALLENGE_WAIT_TIME_DENIED	Challenge time run out.			
UI	lang0.pak	GAME_FREEBATTLE_ERROR_HAS_NO_MATCH	Impossible to practice.			
UI	lang0.pak	GAME_FREEBATTLE_ERROR_TARGET_HAS_NO_MATCH	Can't fight against each other.			
UI	lang0.pak	GAME_FREEBATTLE_ERROR_TARGET_WRONG_PEER	Wrong target.			
UI	lang0.pak	GAME_FREEBATTLE_ERROR_WRONG_PEER	Wrong object.			
UI	lang0.pak	GAME_FREEBATTLE_TARGET_ALREADY_HAS_MATCH	Target already inside a free battle match			
UI	lang0.pak	GAME_FREEBATTLE_TARGET_HAS_NO_MATCH	Target isn't available.			
UI	lang0.pak	GAME_FREEBATTLE_WRONG_PLACE	Invalid free battle place			
UI	lang0.pak	GAME_GAMERULE_REG_ALREADY_JOINED_BUDOKAI	Already joined Budokai.			
UI	lang0.pak	GAME_GAMERULE_REG_ALREADY_JOINED_DOJO_SCRAMBLE	Already joined Scramble.			
UI	lang0.pak	GAME_GAMERULE_REG_ALREADY_JOINED_IN_FREEBATTLE	Already joined a Battle.			
UI	lang0.pak	GAME_GAMERULE_REG_ALREADY_JOINED_IN_RANKBATTLE	Already joined a Battle.			
UI	lang0.pak	GAME_GAMERULE_REG_ALREADY_JOINED_IN_TMQ	Already joined TMQ.			
UI	lang0.pak	GAME_GAMERULE_REG_ALREADY_OPENED_PRIVATE_SHOP	Already opened a shop.			
UI	lang0.pak	GAME_GAMERULE_REG_ALREADY_SUMMON_DRAGONBALL	Shenron has already been summoned.			
UI	lang0.pak	GAME_GAMERULE_REG_CANT_PLAY_IN_BUDOKAI	Unable while in Budokai.			
UI	lang0.pak	GAME_GAMERULE_REG_CANT_PLAY_IN_DOJO_SCRAMBLE	Unable while in Scramble.			
UI	lang0.pak	GAME_GAMERULE_REG_CANT_PLAY_IN_FREEBATTLE	Unable while in Battle.			
UI	lang0.pak	GAME_GAMERULE_REG_CANT_PLAY_IN_PRIVATE_SHOP	Unable during Shop.			
UI	lang0.pak	GAME_GAMERULE_REG_CANT_PLAY_IN_RANKBATTLE	Unable while in Battle.			
UI	lang0.pak	GAME_GAMERULE_REG_CANT_PLAY_IN_SUMMON_DRAGONBALL	Unable while Shenron is summoned.			
UI	lang0.pak	GAME_GAMERULE_REG_CANT_PLAY_IN_TMQ	Unable while in TMQ.			
UI	lang0.pak	GAME_GAMERULE_REG_CANT_PLAY_IN_TUTORIAL	Unable while in Tutorial.			
UI	lang0.pak	GAME_GMT_NOT_ENOUGH_RESET_POINT	Not enough points to reset			
UI	lang0.pak	GAME_GM_CANT_DO_THAT_WHEN_YOU_ARE_HIDING	Not during Hidden state.			
UI	lang0.pak	GAME_GM_LEVEL_NOT_FOUND	Wrong Level to Apply.			
UI	lang0.pak	GAME_GM_PUNISH_NOT_FOUND	Not found.			
UI	lang0.pak	GAME_GM_TOOL_ACCOUNT_EXIST	Account already exists.			
UI	lang0.pak	GAME_GM_TOOL_ACCOUNT_NOT_EXIST	No such an account.			
UI	lang0.pak	GAME_GM_TOOL_AGENTSERVER_NORUN	AGENT-Server not running.			
UI	lang0.pak	GAME_GM_TOOL_CHARACTER_EXIST	Character already exists.			
UI	lang0.pak	GAME_GM_TOOL_CHARACTER_IS_NOT_KICK	Character kick failed.			
UI	lang0.pak	GAME_GM_TOOL_CHARACTER_NOT_EXIST	Character doesn't exists.			
UI	lang0.pak	GAME_GM_TOOL_FAIL	GMTool failure.			
UI	lang0.pak	GAME_GM_TOOL_GROUP_ALREADY_EXIST	Party already exists.			
UI	lang0.pak	GAME_GM_TOOL_GROUP_NEED_ADMIN	Party need a Leader.			
UI	lang0.pak	GAME_GM_TOOL_GROUP_NOT_FOUND	Party not found.			
UI	lang0.pak	GAME_GM_TOOL_GUILD_NOT_FOUND	Guild not found.			
UI	lang0.pak	GAME_GM_TOOL_INVALID_GM_TOOL_LOCALIZE_TYPE	GM Tool can't connect\nto the server.			
UI	lang0.pak	GAME_GM_TOOL_INVALID_IP_ADDRESS	Invalid IP-address.			
UI	lang0.pak	GAME_GM_TOOL_INVALID_TOOL_VERSION	Wrong GMTool version.			
UI	lang0.pak	GAME_GM_TOOL_LOGIN_DUPLICATE	Duplicate Login.			
UI	lang0.pak	GAME_GM_TOOL_LOGIN_PASS_FAIL	Wrong Pass for GMTool.			
UI	lang0.pak	GAME_GM_TOOL_NOTICE_OVER	Notice from GMTool have exceeded\nthe max. number that can be used.			
UI	lang0.pak	GAME_GM_TOOL_PASS_NULL	Haven't set a Password.			
UI	lang0.pak	GAME_GM_TOOL_RANK_BATTLE_POINT_NOT_FOUND	No Ranke Battle Points found.			
UI	lang0.pak	GAME_GM_TOOL_SERVERFARMID_INVALID	Server FarmID invalid.			
UI	lang0.pak	GAME_GM_TOOL_SERVER_CANT_BE_TURNED_OFF_BY_GM_TOOL	Server can't turned OFF by GMTool.			
UI	lang0.pak	GAME_GM_TOOL_SERVER_CANT_BE_TURNED_ON_BY_GM_TOOL	Server can't turned ON by GMTool.			
UI	lang0.pak	GAME_GM_TOOL_USER_NOT_FOUND	User not found.			
UI	lang0.pak	GAME_GM_TOOL_WRONG_SERVER_TO_TURN_OFF	Wrong Server to turn OFF.			
UI	lang0.pak	GAME_GM_TOOL_WRONG_SERVER_TO_TURN_ON	Wrong Server to turn ON.			
UI	lang0.pak	GAME_GUILD_ALREADY_HAS_DOJO_FUNCTION	Guild already possess the dojo function			
UI	lang0.pak	GAME_GUILD_ALREADY_HAS_GUILD_FUNCTION	Guild already posses the guild function			
UI	lang0.pak	GAME_GUILD_DOGI_ARLEADY_CREATED	"[align = ""center""][font size = ""12"" color=""f4d762""]Guild System[/font][br][br][font size = ""10"" color=""f36a7c""]Dogi already created[/font]"			
UI	lang0.pak	GAME_GUILD_DOGI_CHANGE_FUNCTION_NEED	Impossible to change the dogi			
UI	lang0.pak	GAME_GUILD_DOGI_NOT_CREATED	"[align = ""center""][font size = ""12"" color=""f4d762""]Dogi[/font][br][br][font size = ""10"" color=""f36a7c""]Dogi hasn't been created.[/font]"			
UI	lang0.pak	GAME_GUILD_DOJO_ALREADY_HAVE	"[align = ""center""][font size = ""12"" color=""f4d762""]Dojo[/font][br][br][font size = ""10"" color=""f36a7c""]Already have a Dojo.[/font]"			
UI	lang0.pak	GAME_GUILD_DOJO_DOGI_CHANGE_FUNCTION_NEED	"[align = ""center""][font size = ""12"" color=""f4d762""]Dojo-Dogi[/font][br][br][font size = ""10"" color=""f36a7c""]Requires a Dojo to make that.[/font]"			
UI	lang0.pak	GAME_GUILD_DOJO_FUNCTION_ADD_FIRST	Please add function first.			
UI	lang0.pak	GAME_GUILD_DOJO_MANAGER_IS_TOO_FAR	Dojo manager is too far			
UI	lang0.pak	GAME_GUILD_DOJO_NEED_FUNCTION	Function not available			
UI	lang0.pak	GAME_GUILD_DOJO_NOT_FOUND	Dojo not found			
UI	lang0.pak	GAME_GUILD_DOJO_NOT_FOUND_TABLE	Can't find Dojo Table.			
UI	lang0.pak	GAME_GUILD_DOJO_SCRAMBLE_CHALLENGER_CANT_DO	Can't be challenged.			
UI	lang0.pak	GAME_GUILD_DOJO_SCRAMBLE_CHALLENGE_HAVE	Already Challenged.			
UI	lang0.pak	GAME_GUILD_DOJO_SCRAMBLE_CHALLENGE_HAVE_DOJO	You already own a Dojo.			
UI	lang0.pak	GAME_GUILD_DOJO_SCRAMBLE_CHALLENGE_ONLY_ONETIME	You already challenged one.			
UI	lang0.pak	GAME_GUILD_DOJO_SCRAMBLE_CHALLENGE_STATUS_FAIL	You can't challenge.			
UI	lang0.pak	GAME_GUILD_DOJO_SCRAMBLE_MAX_COUNT_OVER	No more Member can't enter.			
UI	lang0.pak	GAME_GUILD_DOJO_SCRAMBLE_NOT_A_PARTY_LEADER	You aren't the leader.			
UI	lang0.pak	GAME_GUILD_DOJO_SCRAMBLE_REJECT_STATUS_FAIL	Can't refuse the Challenge.			
UI	lang0.pak	GAME_GUILD_DOJO_SCRAMBLE_SEAL_INVEN_NOT_FOUND	Not enough free space,\nyou can't enter.			
UI	lang0.pak	GAME_GUILD_DOJO_SEAL_CANT_BE_ATTACKED	Seal can't be attacked.			
UI	lang0.pak	GAME_GUILD_DOJO_SELF_SCRAMBLE_FAIL	Can't do that to yourselves.			
UI	lang0.pak	GAME_GUILD_DOJO_TOO_MANY_ATTACKER_ON_SEAL	Too many attackers.			
UI	lang0.pak	GAME_GUILD_DOJO_YOU_ARE_ARLREADY_REJECT	Already rejected a challenge.			
UI	lang0.pak	GAME_GUILD_DOJO_YOU_ARE_ARLREADY_REJECT_ONE_TIME	The battle can be\nrejected only once.			
UI	lang0.pak	GAME_GUILD_DOJO_YOU_ARE_NOT_A_PARTY_LEADER	"[align = ""center""][font size = ""12"" color=""f4d762""]Dojo[/font][br][br][font size = ""10"" color=""f36a7c""]You aren't the leader.[/font]"			
UI	lang0.pak	GAME_GUILD_DOJO_YOU_ARE_NOT_ENOUGH_REPUTATION	Not enough Reputation points.			
UI	lang0.pak	GAME_GUILD_DOJO_YOU_ARE_NOT_ENOUGH_ZENNY	Not enough Zeni.			
UI	lang0.pak	GAME_GUILD_DOJO_YOU_ARE_NOT_OWNNER	"[align = ""center""][font size = ""12"" color = ""f4d762""]Guild[/font][br][br][font size = ""10"" color = ""f36a7c""]You aren't the owner![/font]"			
UI	lang0.pak	GAME_GUILD_DOJO_YOU_CANT_ATTACK_YOUR_TEAM_SEAL	Can't attack you own Seal.			
UI	lang0.pak	GAME_GUILD_DOJO_YOU_DONT_BELONG_TO_ANY_DOJO	You don't belong to any Dojo.			
UI	lang0.pak	GAME_GUILD_DOJO_YOU_DONT_BELONG_TO_THAT_DOJO	You don't belong to this Dojo.			
UI	lang0.pak	GAME_GUILD_GIVE_ZENNY_NOT_MATCHED	Spend more than 10,000 Zeni to receive points.			
UI	lang0.pak	GAME_GUILD_GUILD_MANAGER_IS_TOO_FAR	Guild manager is too far			
UI	lang0.pak	GAME_GUILD_GUILD_NAME_HAS_INVALID_CHARACTER	"[align = ""center""][font size = ""12"" color=""f4d762""]Guild System[/font][br][br][font size = ""10"" color=""f36a7c""]Guild Name has an invalid character[/font]"			
UI	lang0.pak	GAME_GUILD_HOIPOIROCK_ITEM_COUNT_FAIL	Not enough HoiPoi Stones.			
UI	lang0.pak	GAME_GUILD_HOIPOIROCK_ITEM_NOT_FOUND	Couldn't find HoiPoi Stone.			
UI	lang0.pak	GAME_GUILD_HOIPOIROCK_ITEM_NOT_MATCHED	Wrong type of HoiPoi Stone.			
UI	lang0.pak	GAME_GUILD_MAKE_DOJO_ALREADY_TAKEN	"[align = ""center""][font size = ""12"" color=""f4d762""]Dojo[/font][br][br][font size = ""10"" color=""f36a7c""]Dojo has been adopted.[/font]"			
UI	lang0.pak	GAME_GUILD_MAKE_DOJO_NOT_TAKEN	Dojo hasn't an owner.			
UI	lang0.pak	GAME_GUILD_MARK_ARLEADY_CREATED	Symbol already created			
UI	lang0.pak	GAME_GUILD_MARK_NOT_CREATED	No emblem available.			
UI	lang0.pak	GAME_GUILD_NEED_DOJO_NOT_FOUND	You need a dojo			
UI	lang0.pak	GAME_GUILD_NEED_GUILD_FUNCTION	"[align = ""center""][font size = ""12"" color=""f4d762""]Guild[/font][br][br][font size = ""10"" color=""f36a7c""]Please obtain the feature first.[/font]"			
UI	lang0.pak	GAME_GUILD_NEED_LEVEL_MORE	Guild need a higher level			
UI	lang0.pak	GAME_GUILD_NEED_MORE_GUILD_POINT	Not enough Guild Points.			
UI	lang0.pak	GAME_GUILD_NEED_MORE_ZENNY	Not enough Zeni.			
UI	lang0.pak	GAME_GUILD_NEED_MORE_ZENNY_FOR_NEW_GUILD	"[align = ""center""][font size = ""12"" color=""f4d762""]Guild Creation[/font][br][br][font size = ""10"" color=""f36a7c""]More Zeni needed to create a guild[/font]"			
UI	lang0.pak	GAME_GUILD_NEED_PREREQUISITE_DOJO_FUNCTION	Guild function missing\nto obtain this function.			
UI	lang0.pak	GAME_GUILD_NEED_PREREQUISITE_GUILD_FUNCTION	Guild function missing\nto obtain this function.			
UI	lang0.pak	GAME_GUILD_NON_EXISTING_DOJO_FUNCTION	Unknown Dojo function			
UI	lang0.pak	GAME_GUILD_NON_EXISTING_GUILD_FUNCTION	"[align = ""center""][font size = ""12"" color=""f4d762""]Guild[/font][br][br][font size = ""10"" color=""f36a7c""]Guild not acquire the rights,[br]you must first obtain permission.[/font]"			
UI	lang0.pak	GAME_GUILD_NOT_DOJO_MANAGER_NPC	Not a Dojo Manager.			
UI	lang0.pak	GAME_GUILD_NOT_EXIST	That Guild doesn't exist.			
UI	lang0.pak	GAME_GUILD_NOT_GUILD_MANAGER_NPC	Not a Guild Manager.			
UI	lang0.pak	GAME_GUILD_NOT_PROPER_GUILD_NAME	Unsuitable Guild name.			
UI	lang0.pak	GAME_GUILD_NOT_PROPER_GUILD_NAME_CHALLENGE_DOJO	Can't be used because the\nwaiting period and scramble.			
UI	lang0.pak	GAME_GUILD_NOT_PROPER_GUILD_NAME_DOJO	Can't be used because the\nwaiting period and scramble.			
UI	lang0.pak	GAME_GUILD_NOT_PROPER_GUILD_NAME_LENGTH	"[align = ""center""][font size = ""12"" color=""f4d762""]Guild[/font][br][br][font size = ""10"" color=""f36a7c""]Name must be 2-16 characters.[/font]"			
UI	lang0.pak	GAME_GUILD_NO_DOJO_MANAGER_NPC_FOUND	Couldn't find Dojo Manager.			
UI	lang0.pak	GAME_GUILD_NO_GUILD_FOUND	"[align = ""center""][font size = ""12"" color=""f4d762""]Guild[/font][br][br][font size = ""10"" color=""f36a7c""]Please join a Guild first.[/font]"			
UI	lang0.pak	GAME_GUILD_NO_GUILD_MANAGER_NPC_FOUND	Couldn't find Guild Manager.			
UI	lang0.pak	GAME_GUILD_SAME_GUILD_NAME_EXIST	Guild name already exists.			
UI	lang0.pak	GAME_GUILD_YOUR_GUILD_CANT_DO_DOJO_TELEPORT	Can't use the dojo teleport.			
UI	lang0.pak	GAME_HAVE_NEED_ZENNY_MEMBER	Member need more Zeni.			
UI	lang0.pak	GAME_HTB_CANT_FORWARD_ANYMORE	HTB not possible right now.			
UI	lang0.pak	GAME_HTB_NOT_ENOUGH_RP_BALL	Not enough RP Balls.			
UI	lang0.pak	GAME_HTB_NO_HTB_RESULT	HTB not used.			
UI	lang0.pak	GAME_HTB_YOU_ALREADY_USED_RP_BALL	RP already used.			
UI	lang0.pak	GAME_HTB_YOU_HAVE_NO_RELATION_WITH_HTB	State and HTB irrelevant.			
UI	lang0.pak	GAME_INPUT_PARAMETER_WRONG	Not a valid entry.			
UI	lang0.pak	GAME_INVALID_AUTH_KEY	"[align = ""center""][font size = ""12"" color=""f4d762""]Game Server[/font][br][br][font size = ""10"" color=""f36a7c""]Game Server authentication failed[/font]"			
UI	lang0.pak	GAME_ITEM_ALREADY_EXIST	Item already exist			
UI	lang0.pak	GAME_ITEM_ALREADY_SEAL	Item already sealed			
UI	lang0.pak	GAME_ITEM_BAG_IS_NOT_EMPTY	Item bag isn't empty			
UI	lang0.pak	GAME_ITEM_CANNOT_BUY_NOW	The item can't be purchased.			
UI	lang0.pak	GAME_ITEM_CANNOT_DELETE	Can't delete item			
UI	lang0.pak	GAME_ITEM_CANNOT_EXTRACT_SEAL_INVALID_ITEM	Not a sealing Item.			
UI	lang0.pak	GAME_ITEM_CANNOT_INSERT_BEAD_BY_NO_MATCH_ITEM	Wrong Item.			
UI	lang0.pak	GAME_ITEM_CANNOT_SEAL_BY_INVALID_RESTRICT	Item can't be sealing.			
UI	lang0.pak	GAME_ITEM_CANNOT_SEAL_MORE_SEALITEM	Not enough Seal Coins.			
UI	lang0.pak	GAME_ITEM_CANNOT_USE_INVALID_TARGET	Can't use item on that target.			
UI	lang0.pak	GAME_ITEM_CANT_BE_USED_ON_YOURSELF	Can't use that item on yourself. 			
UI	lang0.pak	GAME_ITEM_CANT_RENEWRAL	Item can't be renewed			
UI	lang0.pak	GAME_ITEM_CANT_USE_ADD_CHARACTER_PLUS	Unable to use right now.			
UI	lang0.pak	GAME_ITEM_CANT_USE_CAUSE_CAPSULE_ITEM_ALREADY_IN_USE	Already in use.			
UI	lang0.pak	GAME_ITEM_CANT_USE_FOR_SOME_REASON	Can't use item now.			
UI	lang0.pak	GAME_ITEM_CANT_USE_INVALID_PLAYER	Cannot be used on a non-existent player			
UI	lang0.pak	GAME_ITEM_CANT_USE_INVALID_WORLD	Cannot be used on a player in a non-existent area			
UI	lang0.pak	GAME_ITEM_CANT_USE_NOW	Can't use item now.			
UI	lang0.pak	GAME_ITEM_CASTING_CANCELED	Item casting canceled			
UI	lang0.pak	GAME_ITEM_CHANGE_BATTLE_ATTRIBUTE_NO_SUBJECT_ITEM	No Item available for that.			
UI	lang0.pak	GAME_ITEM_CHANGE_BATTLE_ATTRIBUTE_WRONG_ITEM_TYPE	Wrong item type.			
UI	lang0.pak	GAME_ITEM_CHANGE_BATTLE_ATTRIBUTE_WRONG_LV	Same or higher Lv. needed.			
UI	lang0.pak	GAME_ITEM_CHANGE_BATTLE_ATTRIBUTE_WRONG_RANK	Same or higher Grade needed.			
UI	lang0.pak	GAME_ITEM_CHANGE_BATTLE_ATTRIBUTE_WRONG_SUB_ITEM_TYPE	Wrong item type.			
UI	lang0.pak	GAME_ITEM_CLASS_FAIL	Invalid Class			
UI	lang0.pak	GAME_ITEM_CREATE_COUNT_OVER	Can't create more at once.			
UI	lang0.pak	GAME_ITEM_DELETE_COUNT_OVER	Can't delete more at once.			
UI	lang0.pak	GAME_ITEM_DURATIONTIME_ZERO	Item duration time is 0			
UI	lang0.pak	GAME_ITEM_DUR_ZERO	Item durability is zero.			
UI	lang0.pak	GAME_ITEM_EXCHANGE_FAIL	Failed to exchange items			
UI	lang0.pak	GAME_ITEM_EXCHANGE_NOT_STACKED	Item not stackable,\nplease continue.			
UI	lang0.pak	GAME_ITEM_EXCHANGE_SUCCESS	Successfully exchanged.			
UI	lang0.pak	GAME_ITEM_GENDER_DOESNT_MATCH	Gender doesn't match.			
UI	lang0.pak	GAME_ITEM_HOIPOIMIX_FARE_CAN_NOT_SET	Fee set not available.			
UI	lang0.pak	GAME_ITEM_HOIPOIMIX_FARE_NOT_SET	Fee isn't set.			
UI	lang0.pak	GAME_ITEM_HOIPOIMIX_FARE_RATE_FAIL	Fee has been exceeded.			
UI	lang0.pak	GAME_ITEM_HOIPOI_CANNOT_MAKE_INVEN_FULL	Inventory full			
UI	lang0.pak	GAME_ITEM_INSERT_BEAD_FAIL_AND_DEL	Dogi stats appliance failed.			
UI	lang0.pak	GAME_ITEM_INVALID_BEAD_OPTION	Value from the bead item isn't correct.			
UI	lang0.pak	GAME_ITEM_INVALID_DESTROY_BEAD	First apply a dogiball effect.			
UI	lang0.pak	GAME_ITEM_INVALID_DURATION_BEAD	Duration time's up.			
UI	lang0.pak	GAME_ITEM_INVEN_FULL	Inventory is full			
UI	lang0.pak	GAME_ITEM_IS_LOCK	Item is locked			
UI	lang0.pak	GAME_ITEM_LOOTING	Pickup Item			
UI	lang0.pak	GAME_ITEM_LOOTING_FAIL_FOR_DICELOOT	Dice in progress can't be obtained.			
UI	lang0.pak	GAME_ITEM_MAX_COUNT_OVER	Item count is over the limit			
UI	lang0.pak	GAME_ITEM_MAX_WATT_OVER	Scouter is overloaded.			
UI	lang0.pak	GAME_ITEM_NEED_LESS_LEVEL	Need less level			
UI	lang0.pak	GAME_ITEM_NEED_MORE_LEVEL	Need more level			
UI	lang0.pak	GAME_ITEM_NEED_LESS_RESETS	Need less Resets			
UI	lang0.pak	GAME_ITEM_NEED_MORE_PARAMETER	Need more parameter			
UI	lang0.pak	GAME_ITEM_NOT_BATTLE_AVAILABLE_LOCATION	Can't use it in this battle area.			
UI	lang0.pak	GAME_ITEM_NOT_BEAD	It isn't a bead item.			
UI	lang0.pak	GAME_ITEM_NOT_DESTROY_BEAD	Failed to remove the effect.			
UI	lang0.pak	GAME_ITEM_NOT_ENOUGH	Not enough items.			
UI	lang0.pak	GAME_ITEM_NOT_ENOUGH_EP	Not enough EP.			
UI	lang0.pak	GAME_ITEM_NOT_ENOUGH_LP	Not enough LP.			
UI	lang0.pak	GAME_ITEM_NOT_ENOUGH_RP_BALL	Not enough RP Balls.			
UI	lang0.pak	GAME_ITEM_NOT_FOR_USE	Item can't be used like that.			
UI	lang0.pak	GAME_ITEM_NOT_FOUND	Couldn't find item.			
UI	lang0.pak	GAME_ITEM_NOT_GO_THERE	Couldn't move item.			
UI	lang0.pak	GAME_ITEM_NOT_INSERT_BEAD_FOR_DURATION	Not possible because duration.			
UI	lang0.pak	GAME_ITEM_NOT_INSERT_BEAD_INVALID_LEVEL	Not possible because the level.			
UI	lang0.pak	GAME_ITEM_NOT_PROPER_PLACE_TO_USE	Wrong place to use that item.			
UI	lang0.pak	GAME_ITEM_NOT_READY_TO_BE_USED	Item is still on cooldown.			
UI	lang0.pak	GAME_ITEM_NOT_SAME	Items are not the same.			
UI	lang0.pak	GAME_ITEM_NOT_SEALITEM	Item isn't sealed.			
UI	lang0.pak	GAME_ITEM_NOT_SOCKET	Item don't have a free socket			
UI	lang0.pak	GAME_ITEM_NOT_USE_THIS_PLACE	Item can't be used here.			
UI	lang0.pak	GAME_ITEM_NUM_NULL	Item is null			
UI	lang0.pak	GAME_ITEM_OWNER_NOT_SAME	You are not the owner			
UI	lang0.pak	GAME_ITEM_OWNER_NULL	No item owner set			
UI	lang0.pak	GAME_ITEM_POSITION_FAIL	Item position fail			
UI	lang0.pak	GAME_ITEM_RECIPE_ALREADY_EXIST	Recipe already exists.			
UI	lang0.pak	GAME_ITEM_RECIPE_CANNOT_RESET_CAUSE_NOT_STARTED_YET	Can't reset			
UI	lang0.pak	GAME_ITEM_RECIPE_CANNOT_RESET_NORMAL_TYPE	Can't reset normal recipe			
UI	lang0.pak	GAME_ITEM_RECIPE_CANNOT_SET_YOU_NEED_HIGHER_LEVEL	Higher level required			
UI	lang0.pak	GAME_ITEM_RECIPE_CANNOT_SET_YOU_NEED_MORE_ZENNY	More Zeni required			
UI	lang0.pak	GAME_ITEM_RECIPE_LEVEL_MISMATCHED	Recipe level mismatched			
UI	lang0.pak	GAME_ITEM_RECIPE_NORMAL_RECIPE_ALREADY_STARTED	Recipe already registered			
UI	lang0.pak	GAME_ITEM_RECIPE_NOT_FOUND	Recipe not found			
UI	lang0.pak	GAME_ITEM_RECIPE_REGISTER_FAIL	Failed registering recipe			
UI	lang0.pak	GAME_ITEM_RECIPE_REGISTER_PROFESSION	You haven't learn the mix skill.			
UI	lang0.pak	GAME_ITEM_RECIPE_REGISTER_PROFESSION_FAIL	Register recipe failed.			
UI	lang0.pak	GAME_ITEM_RECIPE_SPECIAL_RECIPE_ALREADY_STARTED	Special recipe already registered			
UI	lang0.pak	GAME_ITEM_RECIPE_TYPE_MISMATCHED	Recipe type mismatched			
UI	lang0.pak	GAME_ITEM_SEAL_SEALCOIN	Insert Seal Coin.			
UI	lang0.pak	GAME_ITEM_STACK_FAIL	Failed stacking item			
UI	lang0.pak	GAME_ITEM_STACK_FAIL_ITEMTYPE_DURATION	Failed stacking item (duration).			
UI	lang0.pak	GAME_ITEM_STACK_FULL	Item stack is full.			
UI	lang0.pak	GAME_ITEM_TOO_HIGH_LEVEL_TO_USE_ITEM	Your level is too high.			
UI	lang0.pak	GAME_ITEM_TOO_LOW_LEVEL_TO_USE_ITEM	Your level is too low.			
UI	lang0.pak	GAME_ITEM_TYPE_NOT_MISMATCHED	Item type doesn't match.			
UI	lang0.pak	GAME_ITEM_UNIDENTIFY	Item is unidentified.			
UI	lang0.pak	GAME_ITEM_UNIDENTIFY_FAIL	Identify item failed.			
UI	lang0.pak	GAME_ITEM_UPGRADED_EXCHANGE_ITEM_FAIL	Only for the same type.			
UI	lang0.pak	GAME_ITEM_UPGRADED_EXCHANGE_LEVEL_FAIL	Item level doesn't match.			
UI	lang0.pak	GAME_ITEM_UPGRADED_EXCHANGE_NEW_ITEM_GRADE_FAIL	Item grade doesn't match.			
UI	lang0.pak	GAME_ITEM_UPGRADED_EXCHANGE_OLD_ITEM_GRADE_FAIL	Wrong Item.			
UI	lang0.pak	GAME_ITEM_UPGRADED_EXCHANGE_POWDER_NEED_MORE	Not enough mysterious powder.			
UI	lang0.pak	GAME_ITEM_UPGRADED_EXCHANGE_POWDER_NOT_FOUND	Insert mysterious powder.			
UI	lang0.pak	GAME_ITEM_UPGRADED_EXCHANGE_SUCCESS	Success			
UI	lang0.pak	GAME_ITEM_UPGRADE_ALREADY_HIGHEST_GRADE	Item already highest grade			
UI	lang0.pak	GAME_ITEM_UPGRADE_ALREADY_LOWEST_GRADE	Item already lowest grade			
UI	lang0.pak	GAME_ITEM_UPGRADE_ALREADY_MAX_GRADE	Item already highest grade			
UI	lang0.pak	GAME_ITEM_UPGRADE_CANT_USE_STONE_CORE_WITH_BLACK_STONE	You can't use this core.			
UI	lang0.pak	GAME_ITEM_UPGRADE_CANT_USE_STONE_CORE_WITH_SAFE	Already 100% success rate.			
UI	lang0.pak	GAME_ITEM_UPGRADE_COUPON_GRADE_FAIL	Only for non-upgraded items.			
UI	lang0.pak	GAME_ITEM_UPGRADE_COUPON_NOT_FOUND	Invalid Item. Read Description			
UI	lang0.pak	GAME_ITEM_UPGRADE_FAIL	Upgrading item failed.			
UI	lang0.pak	GAME_ITEM_UPGRADE_FAIL_AND_DEL	Failed and Item got destroyed.			
UI	lang0.pak	GAME_ITEM_UPGRADE_FAIL_AND_NODEL_BY_CORE	Failed but Item was protected.			
UI	lang0.pak	GAME_ITEM_UPGRADE_FAIL_FOR_DURATION_ITEM	Not upgradeable (duration).			
UI	lang0.pak	GAME_ITEM_UPGRADE_FAIL_FOR_GRADE_DATA	Incorrect grade.			
UI	lang0.pak	GAME_ITEM_UPGRADE_ITEM_AND_HOIPOI_STONE_DONT_MATCH	Wrong HoiPoi Stone to upgrade item.			
UI	lang0.pak	GAME_ITEM_UPGRADE_ITEM_IS_ZERO_GRADE	Item is already +0.			
UI	lang0.pak	GAME_ITEM_UPGRADE_MUST_USE_PROPER_LEVEL_CORE_STONE	Wrong stone Level.			
UI	lang0.pak	GAME_ITEM_UPGRADE_MUST_USE_PROPER_LEVEL_STONE	Wrong stone Level.			
UI	lang0.pak	GAME_ITEM_UPGRADE_MUST_USE_STONE_ARMOR	Please use armor stone.			
UI	lang0.pak	GAME_ITEM_UPGRADE_MUST_USE_STONE_WEAPON	Please use weapon stone.			
UI	lang0.pak	GAME_ITEM_UPGRADE_NO_HOIPOI_STONE	Insert upgrade Stone.			
UI	lang0.pak	GAME_ITEM_UPGRADE_NO_HOIPOI_STONE_CORE	Insert protect stone.			
UI	lang0.pak	GAME_ITEM_UPGRADE_NO_SUBJECT_ITEM	Insert item for upgrade.			
UI	lang0.pak	GAME_ITEM_UPGRADE_WRONG_ITEM_TYPE	Only weapons and armor.			
UI	lang0.pak	GAME_ITEM_USEFUL_ONLY_WHEN_FAINTING	Only when fainting state.			
UI	lang0.pak	GAME_ITEM_USE_NEED_FISRT_ADULT_QUEST	Adult quest required to use item			
UI	lang0.pak	GAME_ITEM_USE_ONLY_CHARACTER	Item can't be used on players			
UI	lang0.pak	GAME_ITEM_USE_ONLY_PLYAER	Item can only be used on players			
UI	lang0.pak	GAME_ITEM_YOU_ARE_USING_AN_ITEM	You are already using an item.			
UI	lang0.pak	GAME_ITEM_YOU_HAVE_NO_RELATED_QUEST_TO_USE	No quest found for this item.			
UI	lang0.pak	GAME_LOOTING_FAIL	Not your Loot.			
UI	lang0.pak	GAME_MAIL_INVALID_ACCEPT	Can't be accepted.			
UI	lang0.pak	GAME_MAIL_INVALID_CHAR_DEL	Sender doesn't exist.			
UI	lang0.pak	GAME_MAIL_INVALID_DEL	Can't be deleted.			
UI	lang0.pak	GAME_MAIL_INVALID_ZENNY	Not enough Zeni			
UI	lang0.pak	GAME_MAIL_NOT_EXISTING_PLAYER	Player doesn't exist.			
UI	lang0.pak	GAME_MAIL_SCOUTER_FAIL	Scouter can't use function.			
UI	lang0.pak	GAME_MAIL_TARGET_AWAY_STATE	Target is in away state			
UI	lang0.pak	GAME_MATCH_CAN_NOT_USE_SKILL_IN_OUTOFAREA	Can't be used here.			
UI	lang0.pak	GAME_MATCH_CAN_NOT_USE_SKILL_IN_THIS_WORLD	Can't be used here.			
UI	lang0.pak	GAME_MINORMATCH_CANNOT_TELEPORT_THIS_STATE	Time has expired, unable to enter.			
UI	lang0.pak	GAME_MOVE_CANT_ALLOWED_ENTER	You're not allowed to enter.			
UI	lang0.pak	GAME_MOVE_CANT_GO_THERE	Can't go there			
UI	lang0.pak	GAME_MUDOSA_NOT_OPEND	Mudosa currently unavailable.			
UI	lang0.pak	GAME_MUDOSA_POINT_CANT_BE_USED_RIGHT_NOW	Can't use mudosa points right now			
UI	lang0.pak	GAME_MUDOSA_POINT_MAX_OVER	Mudosa Points already maxed out.			
UI	lang0.pak	GAME_MUDOSA_POINT_NOT_ENOUGH	Not enough Mudosa Points.			
UI	lang0.pak	GAME_NEEDITEM_NOT_FOUND	Required item not found			
UI	lang0.pak	GAME_NEEDITEM_NOT_FOUND_INVANTORY	Required item not found in inventory			
UI	lang0.pak	GAME_NETMARBLEMEMBER_IS_NOT	You aren't a wasabii member.			
UI	lang0.pak	GAME_NETPY_IS_LOCK	NetPY is Locked.			
UI	lang0.pak	GAME_NETPY_NOT_ENOUGH	Not enough Tokken.			
UI	lang0.pak	GAME_NETP_POINT_CANT_BE_USED_RIGHT_NOW	Netpy point can't be used right now			
UI	lang0.pak	GAME_NETP_POINT_MAX_OVER	Net Points already maxed out.			
UI	lang0.pak	GAME_NETP_POINT_NOT_ENOUGH	Not enough Net Points.			
UI	lang0.pak	GAME_NO_REVIVAL_AFTEREFFECT_TO_REMOVE	No resurrection sickness to remove.			
UI	lang0.pak	GAME_NPC_SERVER_IS_DOWN	NPC Server is down, you can't progress at this time.			
UI	lang0.pak	GAME_PARTYMATCHING_ALREADY_REGISTERED	Already registered			
UI	lang0.pak	GAME_PARTYMATCHING_ANY_MEMBER_IN_DYNAMIC_WORLD	There are still members inside.			
UI	lang0.pak	GAME_PARTYMATCHING_ENTER_DUNGEON_AGREE_FAIL	Not all Player ready.			
UI	lang0.pak	GAME_PARTYMATCHING_PARTY_IS_NOT_REGISTER	Party isn't registered.			
UI	lang0.pak	GAME_PARTYMATCHING_PARTY_IS_REGISTER_ALREADY	Party is already registered.			
UI	lang0.pak	GAME_PARTYMATCHING_ROLEPLAY_HAVE_NO_CHOICE	The role has already been selected.			
UI	lang0.pak	GAME_PARTYMATCHING_ROLEPLAY_NOT_SELECTED	Player hasn't select a role.			
UI	lang0.pak	GAME_PARTY_ALREADY_IN_PARTY	Already in a party.			
UI	lang0.pak	GAME_PARTY_ANOTHER_PARTY_IS_INVITING_YOU	"[align = ""center""][font size = ""12"" color=""f4d762""]Party Invitation[/font][br][br][font size = ""10""Color=""f36a7c""]You've been invited to another party.[/font]"			
UI	lang0.pak	GAME_PARTY_ANOTHER_PLAYER_IS_INVITING_YOU	A Players invites you.			
UI	lang0.pak	GAME_PARTY_APPOINTING_A_LEADER_IS_NOT_ALLOWED	Unable to appoint a leader.			
UI	lang0.pak	GAME_PARTY_CANT_CHANGE_LOOTING_METHOD_YET	Looting method can't be changed now.			
UI	lang0.pak	GAME_PARTY_CANT_INVITE_FOR_SOME_REASON	Failed to invite			
UI	lang0.pak	GAME_PARTY_CANT_INVITE_IN_WORLD	Can't invite in this world			
UI	lang0.pak	GAME_PARTY_CANT_INVITE_TARGET_SANDBAG	Not possible during HTB.			
UI	lang0.pak	GAME_PARTY_CANT_INVITE_YOURSELF	Can't invite yourself to a party.			
UI	lang0.pak	GAME_PARTY_CANT_JOIN_TARGET_SANDBAG	Not during HTB.			
UI	lang0.pak	GAME_PARTY_CANT_KICK_OUT_HIMSELF	Can't kick yourself from a party.			
UI	lang0.pak	GAME_PARTY_CANT_UNREGISTER_CHARM_DUE_TO_VITIM	Unable to call the party.			
UI	lang0.pak	GAME_PARTY_CHARM_BUFF_REGISTERED_ALREADY	Buff already exists.			
UI	lang0.pak	GAME_PARTY_CHARM_INVENTORY_IS_CLOSED	Close Inventory.			
UI	lang0.pak	GAME_PARTY_CHARM_INVENTORY_IS_OPEN	Open Inventory.			
UI	lang0.pak	GAME_PARTY_CHARM_INVENTORY_SLOT_IS_EMPTY	Inventory slot is empty.			
UI	lang0.pak	GAME_PARTY_CHARM_INVENTORY_SLOT_IS_NOT_EMPTY	Inventory slot isn't empty.			
UI	lang0.pak	GAME_PARTY_CHARM_ITEM_HASNT_BEEN_REGISTERED	Item isn't notified.			
UI	lang0.pak	GAME_PARTY_CHARM_SLOT_HAS_AN_ITEM_OF_IMPROPER_TYPE	Wrong Item.			
UI	lang0.pak	GAME_PARTY_CHARM_SLOT_HAS_UNKNOWN_CHARM_ITEM	Unknown Item.			
UI	lang0.pak	GAME_PARTY_COULDNT_ASSIGN_A_LEADER_FOR_SOME_REASON	Could not assign a leader			
UI	lang0.pak	GAME_PARTY_COULDNT_BE_DONE_FOR_SOME_REASON	Couldn't join, please try it again later.			
UI	lang0.pak	GAME_PARTY_COULDNT_JOIN_FOR_SOME_REASON	Couldn't join party for some reason			
UI	lang0.pak	GAME_PARTY_COULDNT_KICK_OUT_FOR_SOME_REASON	Couldn't kick for some reason			
UI	lang0.pak	GAME_PARTY_DICE_FAIL	Using dice failed			
UI	lang0.pak	GAME_PARTY_DUNGEON_BEING_INITIALIZED	Dungeon is being initialized			
UI	lang0.pak	GAME_PARTY_DUNGEON_DIFF_NOT_USE	No difficult is set.			
UI	lang0.pak	GAME_PARTY_DUNGEON_ENTER_PARTY_FAIL	Requires a Party.			
UI	lang0.pak	GAME_PARTY_DUNGEON_ENTER_USING_NPC	Use NPC to enter.			
UI	lang0.pak	GAME_PARTY_DUNGEON_IN_CHANGE_DIFF_NOW	Can't change the difficult now.			
UI	lang0.pak	GAME_PARTY_DUNGEON_IN_PLAYER_FOUND	Players still in the dungeon.			
UI	lang0.pak	GAME_PARTY_DUNGEON_IS_NOT_CREATED	Dungeon isn't created			
UI	lang0.pak	GAME_PARTY_DUNGEON_MIN_PLAYER_FAIL	More players required to enter the dungeon			
UI	lang0.pak	GAME_PARTY_DUNGEON_OUT_RESERVED	Wait 30 seconds before exit dungeon.			
UI	lang0.pak	GAME_PARTY_IDENTIFIED_ITEM_NEEDED_FOR_CHARM_POINT	Not enough points.			
UI	lang0.pak	GAME_PARTY_INVALID_INVENTORY_SLOT_INDEX	Party inventory error.			
UI	lang0.pak	GAME_PARTY_INVEN_DISTRIBUTE_METHOD_NOT_MATCH	Team allocation error.			
UI	lang0.pak	GAME_PARTY_INVEN_INVEST_ZENNY_NOT_ENOUGH	Team hasn't enough Zeni.			
UI	lang0.pak	GAME_PARTY_INVEN_ITEM_EXIST	Item already allocated.			
UI	lang0.pak	GAME_PARTY_INVEN_ITEM_NON_EXIST	Backpack is empty.			
UI	lang0.pak	GAME_PARTY_INVEN_LOCKED	Team backpack is locked.			
UI	lang0.pak	GAME_PARTY_INVEN_LOCK_FIRST	Close the team backpack.			
UI	lang0.pak	GAME_PARTY_INVEN_UNDER_INVEST	The bid must be higher.			
UI	lang0.pak	GAME_PARTY_INVITING_IS_NOT_ALLOWED	Inviting isn't allowed			
UI	lang0.pak	GAME_PARTY_INVITOR_PLAYER_IS_IN_A_PARTY	Can't find player who has invited.			
UI	lang0.pak	GAME_PARTY_ITEMS_DONT_SATISFY_THE_CONDITION	Item doesn't meet the conditions.			
UI	lang0.pak	GAME_PARTY_ITEM_DICE_NOT_USING_NOW	Not using dice.			
UI	lang0.pak	GAME_PARTY_ITEM_DICE_USING_NOW	Using dice.			
UI	lang0.pak	GAME_PARTY_KICKING_OUT_IS_NOT_ALLOWED	Can't kick player from party.			
UI	lang0.pak	GAME_PARTY_LEAVING_IS_NOT_ALLOWED	Can't leave party.			
UI	lang0.pak	GAME_PARTY_MEMBER_CHARM_POINT_IS_IN_TRANSACTION	Can't use points right now.			
UI	lang0.pak	GAME_PARTY_MEMBER_DOESNT_HAVE_ENOUGH_CHARM_POINT	Not enough Charm Points.			
UI	lang0.pak	GAME_PARTY_MEMBER_DOESNT_HAVE_ENOUGH_ZENNY	Not enough Zeni.			
UI	lang0.pak	GAME_PARTY_MEMBER_DOESNT_SATISFY_THE_CONDITION	Doesn't meet requirements.			
UI	lang0.pak	GAME_PARTY_MEMBER_IS_ALREADY_REGISTERED_TIMEQUEST	Party member is already registered.			
UI	lang0.pak	GAME_PARTY_MEMBER_IS_TOO_FAR	Party member is too far away to share quest.			
UI	lang0.pak	GAME_PARTY_MEMBER_NOT_SAME	Party member aren't the same.			
UI	lang0.pak	GAME_PARTY_MEMBER_ZENNY_IS_IN_TRANSACTION	Zeni are in transaction.			
UI	lang0.pak	GAME_PARTY_MEMBER_ZENNY_IS_LOCK	Party member Zeni locked			
UI	lang0.pak	GAME_PARTY_NOBODY_CANT_RECEIVE_ITEM_RIGHT_NOW	No party member can receive an item now			
UI	lang0.pak	GAME_PARTY_NOT_AVAILABLE_OPERATION_RIGHT_NOW	Need other class to do the next step.			
UI	lang0.pak	GAME_PARTY_NOT_CREATED_FOR_SOME_REASON	Couldn't create party for some reason			
UI	lang0.pak	GAME_PARTY_NOT_PROPER_PARTY_NAME_LENGTH	Not a proper party name			
UI	lang0.pak	GAME_PARTY_NO_CHARM_BUFF_REGISTERED	No Charm buff registered.			
UI	lang0.pak	GAME_PARTY_NO_EMPTY_SPACE_IN_INVENTORY	No empty slots in Capsule Case.			
UI	lang0.pak	GAME_PARTY_NO_EMPTY_SPACE_IN_PARTY_INVENTORY	No empty space in Party Inventory.			
UI	lang0.pak	GAME_PARTY_NO_ROOM_FOR_NEW_MEMBER	Party is already full.			
UI	lang0.pak	GAME_PARTY_NO_SUCH_A_PARTY	Party doesn't exist.			
UI	lang0.pak	GAME_PARTY_NO_SUCH_A_PLAYER	Couldn't invite this player.			
UI	lang0.pak	GAME_PARTY_NO_SUCH_A_PLAYER_IN_THE_PARTY	Player isn't in party.			
UI	lang0.pak	GAME_PARTY_NO_SUCH_A_VICTIM_ITEM	Item is missing.			
UI	lang0.pak	GAME_PARTY_ONLY_ALLOWED_TO_PARTY_LEADER	Only party leader allowed			
UI	lang0.pak	GAME_PARTY_ONLY_CHARM_ITEM_AVAILABLE_IN_THAT_SLOT	Only for Charm-Item.			
UI	lang0.pak	GAME_PARTY_ONLY_EQUIP_ITEM_ALLOWED_FOR_CHARM_POINT	Only for equipment.			
UI	lang0.pak	GAME_PARTY_ONLY_EQUIP_ITEM_AVAILABLE_IN_THAT_SLOT	Only for equipment.			
UI	lang0.pak	GAME_PARTY_ONLY_LEADER_CAN_REGISTER_CHARM	Only possible as leader.			
UI	lang0.pak	GAME_PARTY_PARTY_NAME_HAS_INVALID_CHARACTER	Party name has an invalid character			
UI	lang0.pak	GAME_PARTY_SAME_CHARM_ALREADY_HAS_BEEN_REGISTERED	Already voted.			
UI	lang0.pak	GAME_PARTY_SHARETARGET_NOTFINDOBJECT	Couldn't find the object.			
UI	lang0.pak	GAME_PARTY_SHARETARGET_SLOTID_FAIL	Sharing target failed			
UI	lang0.pak	GAME_PARTY_TARGET_ALREADY_HAS_INVITATION	Target already has an invitation			
UI	lang0.pak	GAME_PARTY_TARGET_ALREADY_IN_PARTY	Already belong to an party.			
UI	lang0.pak	GAME_PARTY_THE_ITEM_IS_LOCKED	Unable to move.			
UI	lang0.pak	GAME_PARTY_TOO_MANY_CONTRIBUTION_POINTS_TO_INVEST	Points limit exceeded.			
UI	lang0.pak	GAME_PARTY_TOO_MUCH_VICTIM_ZENNY_TO_UNREGISTER	Zeni limit exceeded.			
UI	lang0.pak	GAME_PARTY_UNIDENTIFIED_VICTIM_ITEM	Item isn't identified.			
UI	lang0.pak	GAME_PARTY_UNKNOWN_ITEM_LOOTING_METHOD	Unknown party Item looting method			
UI	lang0.pak	GAME_PARTY_UNKNOWN_ZENNY_LOOTING_METHOD	Unknown party Zeni looting method			
UI	lang0.pak	GAME_PARTY_VICTIM_ITEM_IS_NOT_YOURS	Not your item.			
UI	lang0.pak	GAME_PARTY_VICTIM_ZENNY_HASNT_CHANGED	Zeni amount hasn't changed.			
UI	lang0.pak	GAME_PARTY_WRONG_CHARM_INVENTORY_SPECIFIED	Backpack error.			
UI	lang0.pak	GAME_PARTY_YOU_ARE_ALREADY_A_LEADER	You're already the Party Leader.			
UI	lang0.pak	GAME_PARTY_YOU_ARE_NOT_IN_PARTY	You're not a member of the party.			
UI	lang0.pak	GAME_PARTY_YOU_DONT_BELONG_TO_THE_PARTY	You don't belong to the party.			
UI	lang0.pak	GAME_PARTY_YOU_DONT_HAVE_THAT_MUCH_ZENNY	Not enough Zeni.			
UI	lang0.pak	GAME_PARTY_YOU_HAVENT_REGISTERED_VICTIM_ZENNY	Please arrange Zeni collection.			
UI	lang0.pak	GAME_PARTY_YOU_HAVE_NO_INVITATION	You have no party invitation			
UI	lang0.pak	GAME_PARTY_ZENNY_DOESNT_SATISFY_THE_CONDITION	Team Zeni insufficient.			
UI	lang0.pak	GAME_PARTY_ZENNY_IS_LOCKED_RIGHT_NOW	Zeni can't be used.			
UI	lang0.pak	GAME_PETITION_ACCOUNTNOTPETITION	No consultation on that account.			
UI	lang0.pak	GAME_PETITION_ALREADYFINISH	Already finished.			
UI	lang0.pak	GAME_PETITION_ALREADYSTARTED	Already started.			
UI	lang0.pak	GAME_PETITION_ALREADY_INSERT	Already insert.			
UI	lang0.pak	GAME_PETITION_CATEGORY_1_FAIL	Category 1 failed.			
UI	lang0.pak	GAME_PETITION_CATEGORY_2_FAIL	Category 2 failed.			
UI	lang0.pak	GAME_PETITION_CREATE_PETITION_FAILE	Consultation generation failed.			
UI	lang0.pak	GAME_PETITION_CREATE_PETITION_ID_FAILE	ID generation failed.			
UI	lang0.pak	GAME_PETITION_DELETE_FAILE_STARTED	Can't be deleted.			
UI	lang0.pak	GAME_PETITION_INSERT_ALLREADY_ID	ID is already logged in.			
UI	lang0.pak	GAME_PETITION_INSERT_ERROR_ZERO_ID	Data storage failure - ID=0.			
UI	lang0.pak	GAME_PETITION_INSERT_FAILE	Data storage failure - STD:MAP.			
UI	lang0.pak	GAME_PETITION_ISNOT_STARTED	Not started yet.			
UI	lang0.pak	GAME_PETITION_LOCK	Locked			
UI	lang0.pak	GAME_PETITION_NOTAUTH	No such authority.			
UI	lang0.pak	GAME_PETITION_NOTRUNSTATE	No trust state.			
UI	lang0.pak	GAME_PETITION_PETITIONID_INVALID	Account is incorrect.			
UI	lang0.pak	GAME_PETITION_TOO_LONG_NAME	Name to long, maximum 8 characters.			
UI	lang0.pak	GAME_PETITION_TOO_LONG_QUESTION_CONTENT	To long, maximum 128 characters.			
UI	lang0.pak	GAME_PETITION_TOO_SHORT_NAME	Name to short, minimum 2 characters.			
UI	lang0.pak	GAME_PETITION_TOO_SHORT_QUESTION_CONTENT	Enter at least 2 characters.			
UI	lang0.pak	GAME_PET_CANT_MAKE_MORE_ITEM_PET	Can't do this anymore.			
UI	lang0.pak	GAME_PET_CANT_MAKE_MORE_SUMMON_PET	Unable to summon another pet.			
UI	lang0.pak	GAME_PET_COULDNT_BE_DONE_FOR_SOME_REASON	Temporary error, please try again later.			
UI	lang0.pak	GAME_PET_TARGET_IS_NOT_SPAWNED	Pet hasn't spawned yet.			
UI	lang0.pak	GAME_PORTAL_ARLEADY_ADDED	Teleport location already registered.			
UI	lang0.pak	GAME_PORTAL_NOT_EXIST	Teleport location hasn't been registered.			
UI	lang0.pak	GAME_PRIVATESHOP_INVENTORY_NOTINVENTTORY	Invalid Capsule Case.			
UI	lang0.pak	GAME_PRIVATESHOP_INVENTORY_SAVEITEM_OVER	No empty slot in Capsule Case.			
UI	lang0.pak	GAME_PRIVATESHOP_ITEM_NOTVALID	Can't sell Item.			
UI	lang0.pak	GAME_PRIVATESHOP_ITEM_NULL	Item doesn't exist.			
UI	lang0.pak	GAME_PRIVATESHOP_ITEM_SELECTITEM_NOTBUSINESS	Item already selected.			
UI	lang0.pak	GAME_PRIVATESHOP_ITEM_TABLE_ITEMID_DIFFERENT	Non-identical item			
UI	lang0.pak	GAME_PRIVATESHOP_NOTAUTH	You don't have permission.			
UI	lang0.pak	GAME_PRIVATESHOP_NOTRUNSTATE	Unable to open shop			
UI	lang0.pak	GAME_PRIVATESHOP_NOT_PROGRESS_COMPLETE	Shop progress has been changed. Please try again			
UI	lang0.pak	GAME_PRIVATESHOP_OWNER_BARGAINS	Shop owner is bargaining with others. Please try again later.			
UI	lang0.pak	GAME_PRIVATESHOP_OWNER_BUSINESS_NOT_CONSENT	Shop owner refused to bargain.			
UI	lang0.pak	GAME_PRIVATESHOP_OWNER_BUSINESS_REFUSED	Shop owner refused to bargain.			
UI	lang0.pak	GAME_PRIVATESHOP_OWNER_MONEY_FULL	Seller has too much Zeni			
UI	lang0.pak	GAME_PRIVATESHOP_OWNER_THEREISNO	No shop owner found			
UI	lang0.pak	GAME_PRIVATESHOP_PRIVATESHOP_ANOTHER_NPC	Can't open shop near NPC			
UI	lang0.pak	GAME_PRIVATESHOP_PRIVATESHOP_ANOTHER_PRIVATESHOP	Can't open shop near other shops			
UI	lang0.pak	GAME_PRIVATESHOP_PRIVATESHOP_INVENTORY_SAVEITEM_OVER	Storage space is full			
UI	lang0.pak	GAME_PRIVATESHOP_PRIVATESHOP_INVENTORY_SLOT_ALREADY_ITEM	Slot is already in use.			
UI	lang0.pak	GAME_PRIVATESHOP_PRIVATESHOP_NOT_CREATE_PLACE	Unable to open personal shop here.			
UI	lang0.pak	GAME_PRIVATESHOP_PRIVATESHOP_NULL	Could not find the shop			
UI	lang0.pak	GAME_PRIVATESHOP_SAMENOT_PRICEFLUCTUATIONSCOUNTER	Please try again because change in bargaining.			
UI	lang0.pak	GAME_PRIVATESHOP_STOP_PROGRESS	Shop closed			
UI	lang0.pak	GAME_PRIVATESHOP_VISITOR_ALREADYENTER	Visitor already in the store.			
UI	lang0.pak	GAME_PRIVATESHOP_VISITOR_FULL	Too much visitors right now.			
UI	lang0.pak	GAME_PRIVATESHOP_VISITOR_NOT_INVENTORY_EMPTY	Visitor hasn't enough free space.			
UI	lang0.pak	GAME_PRIVATESHOP_VISITOR_NOT_MONEY	Visitor hasn't enough Zeni.			
UI	lang0.pak	GAME_PRIVATESHOP_VISITOR_NULL	No visitor.			
UI	lang0.pak	GAME_PRIVATESHOP_VISITOR_SELECTITEM_ALLSELL	Can't buy the selected item.			
UI	lang0.pak	GAME_PRIVATESHOP_VISITOR_SELECTITEM_ALREADY	Item is already reserved.			
UI	lang0.pak	GAME_PRIVATESHOP_VISITOR_SELECTITEM_ALREADYBUYANDBUSINESSITEM	Item is already sold.			
UI	lang0.pak	GAME_PRIVATESHOP_VISITOR_SELECTITEM_INVENSOLT_SHORTOF	Not enough free space.			
UI	lang0.pak	GAME_PRIVATESHOP_VISITOR_SELECTITEM_NULL	Visitor don't specify item.			
UI	lang0.pak	GAME_PRIVATESHOP_VISITOR_SELECTITEM_OVER	Unable to specify items.			
UI	lang0.pak	GAME_PRIVATESHOP_ZENNY_LOCK	Zeni is locked during transaction.			
UI	lang0.pak	GAME_PROCESSING_DB	Please wait database being processed.			
UI	lang0.pak	GAME_QUEST_ALREADY_EXIST	You already have that quest.			
UI	lang0.pak	GAME_QUEST_COUNT_OVER	You can't get any more quests.			
UI	lang0.pak	GAME_QUEST_NOT_EXIST	Quest doesn't exist.			
UI	lang0.pak	GAME_QUICK_TELEPORT_INFO_NOT_FOUND	No data stored in that slot.			
UI	lang0.pak	GAME_QUICK_TELEPORT_INFO_NOT_VALID	Data stored in that slot are invalid.			
UI	lang0.pak	GAME_QUICK_TELEPORT_ITEM_LOCK	Item is locked.			
UI	lang0.pak	GAME_QUICK_TELEPORT_ITEM_NOT_FOUND	Teleport Item not found.			
UI	lang0.pak	GAME_QUSET_ITEM_CREATE_COUNT_OVER	You can produce the same item again.			
UI	lang0.pak	GAME_RANKBATTLE_ARENA_IS_FULL	Arena is currently full.			
UI	lang0.pak	GAME_RANKBATTLE_CANNOT_FIND_ARENA	Can't find the arena.			
UI	lang0.pak	GAME_RANKBATTLE_CANNOT_FIND_OPPONENT	Can't find an opponent.			
UI	lang0.pak	GAME_RANKBATTLE_CANNOT_LEAVE_IN_MATCH	Can't leave during fight.			
UI	lang0.pak	GAME_RANKBATTLE_CANNOT_LEAVE_NOW	Can't leave now.			
UI	lang0.pak	GAME_RANKBATTLE_MEMBER_ALREADY_JOINED_RANKBATTLE	A member is already registered.			
UI	lang0.pak	GAME_RANKBATTLE_NOR_REGISTERED	Not Registered.			
UI	lang0.pak	GAME_RANKBATTLE_NO_REMAIN_COUNT	Limit exhausted.			
UI	lang0.pak	GAME_RANKBATTLE_OBJECT_IS_TOO_FAR	Too far away.			
UI	lang0.pak	GAME_RANKBATTLE_IP_ACCOUNT_CONFLICT	You cannot join ranked battle. Another player from the same network or account is already in the queue.			
UI	lang0.pak	GAME_REPAIR_NOT_FOUND	Nothing need repaired.			
UI	lang0.pak	GAME_REPAIR_VALUE_FAIL	Item can't be repaired.			
UI	lang0.pak	GAME_REVIVAL_AFTEREFFECT_IS_TOO_STRONG_TO_BE_CURED	Death punishment is too strong.			
UI	lang0.pak	GAME_RIDE_ON_STATE	You are already on Vehicle.			
UI	lang0.pak	GAME_ROOM_CAN_NOT_FIND_PARTY_MEMBER	Can't find Party members.			
UI	lang0.pak	GAME_ROOM_ENTER_EXCEED_MAX_MEMBER_COUNT	Max member currently reached.			
UI	lang0.pak	GAME_ROOM_ENTER_EXCEED_MAX_ROOM_COUNT	Max rooms currently reached.			
UI	lang0.pak	GAME_ROOM_ENTER_FAIL	Room failure.			
UI	lang0.pak	GAME_ROOM_ENTER_MUST_HAVE_NEED_ITEM	Don't have the necessary Item.			
UI	lang0.pak	GAME_ROOM_ENTER_MUST_HAVE_NEED_ZENNY	More Zeni needed.			
UI	lang0.pak	GAME_ROOM_ENTER_NEED_MORE_MEMBER	More members needed.			
UI	lang0.pak	GAME_ROOM_ENTER_NEED_MORE_PARTY_MEMEBER	More Party members needed.			
UI	lang0.pak	GAME_ROOM_ENTER_NOT_MATCH_MEMBER	No match found.			
UI	lang0.pak	GAME_ROOM_ENTER_NOT_WAIT_STATE	No standby found.			
UI	lang0.pak	GAME_ROOM_ENTER_ROOMMANAGER_NOT_EXIST	Message board doesn't exist.			
UI	lang0.pak	GAME_ROOM_ENTER_ROOM_NOT_EXIST	Room doesn't exist.			
UI	lang0.pak	GAME_ROOM_ENTER_TOO_HIGHTLEVEL	Your level is too high.			
UI	lang0.pak	GAME_ROOM_ENTER_TOO_LOW_LEVEL	Your level is too low.			
UI	lang0.pak	GAME_ROOM_LEAVE_FAIL	You can't leave now.			
UI	lang0.pak	GAME_ROOM_LEAVE_LIMIT_TIME_ELAPSED	Standby, can't leave till now.			
UI	lang0.pak	GAME_ROOM_NOT_OWNER	You are not the owner.			
UI	lang0.pak	GAME_SAMENAME_EXIST	"[align = ""center""][font size = ""12"" color=""f4d762""]Character Name[/font][br][br][font size = ""10"" color=""f36a7c""]That character name has been taken already.[/font]"			
UI	lang0.pak	GAME_SCOUTER_BODY_IS_NOT_EMPTY	All Scouter Slots are full.			
UI	lang0.pak	GAME_SCOUTER_CANNOT_WEARING	Cannot equip the Scouter.			
UI	lang0.pak	GAME_SCOUTER_CANNOT_WEARTING	Cannot equip the Scouter.			
UI	lang0.pak	GAME_SCOUTER_CHIP_NOT_EXIST	Can't find Scouter Chip.			
UI	lang0.pak	GAME_SCOUTER_JAMMING	Equipment scan is jammed.			
UI	lang0.pak	GAME_SCOUTER_MAIN_PARTS_NOT_FOUND	Scouter main parts not found.			
UI	lang0.pak	GAME_SCOUTER_MAX_OVER	Scouter got broken due to the high Power Level.			
UI	lang0.pak	GAME_SCOUTER_PARTS_LEVEL_FAIL	Wrong Scouter chip Lv.			
UI	lang0.pak	GAME_SCOUTER_PARTS_NOT_FOUND	Can't find the necessary chip.			
UI	lang0.pak	GAME_SCOUTER_PC_INFO_JAMMING	Scan jammed.			
UI	lang0.pak	GAME_SCOUTER_TARGET_FAIL	Not a valid target.			
UI	lang0.pak	GAME_SCOUTER_TARGET_FAIL_FOR_NPC	Can't investigate NPC's Equipment.			
UI	lang0.pak	GAME_SCOUTER_TARGET_SELF_FAIL	Your Scouter can't target yourself.			
UI	lang0.pak	GAME_SERVER_LOCKED	"[align = ""center""][font size = ""12"" color=""f4d762""]Server connection[/font][br][br][font size = ""10"" color=""f36a7c""]You can't connect to the server.[br]Please try again later.[/font]"			
UI	lang0.pak	GAME_SHOP_ITEM_INVALID	Invalid Item.			
UI	lang0.pak	GAME_SHOP_NOT_CLOSED	The shop is open.			
UI	lang0.pak	GAME_SHOP_SO_FAR	Shop is too far away.			
UI	lang0.pak	GAME_SHORTCUT_KEY_ARLEADY_FOUND	Key has already been assigned.			
UI	lang0.pak	GAME_SHORTCUT_KEY_DEL_NOT_FOUND	Couldn't find shortcut key			
UI	lang0.pak	GAME_SHORTCUT_KEY_MODIFY_NOT_FOUND	Couldn't find shortcut key to modify			
UI	lang0.pak	GAME_SKILL_ALREADY_EXIST_SAME_KIND_BUFF	Same kind of buff already registered			
UI	lang0.pak	GAME_SKILL_ALREADY_MASTERED_SKILL	Already mastered that skill.			
UI	lang0.pak	GAME_SKILL_ALREADY_TRANSFORMED	You are already transformed			
UI	lang0.pak	GAME_SKILL_BUFF_IS_FULL	Buff list is full			
UI	lang0.pak	GAME_SKILL_CANNOT_USE_NO_DOT_BLEED	You are not bleeding			
UI	lang0.pak	GAME_SKILL_CANNOT_USE_NO_DOT_BUFF	No DOT buff found			
UI	lang0.pak	GAME_SKILL_CANNOT_USE_NO_DOT_BURN	You are not burning			
UI	lang0.pak	GAME_SKILL_CANNOT_USE_NO_DOT_POISON	You are not poisoned			
UI	lang0.pak	GAME_SKILL_CANNOT_USE_NO_DOT_STOMACHACHE	You don't have Abdominal Pain			
UI	lang0.pak	GAME_SKILL_CANT_BE_CAST_ON_YOURSELF	Skill can't be casted on yourself			
UI	lang0.pak	GAME_SKILL_CANT_BE_GAINED_BY_YOURSELF	Can't learn skill by yourself.			
UI	lang0.pak	GAME_SKILL_CANT_CANCEL_TRANSFORM_WHEN_USING_SKILL	Can't be used to cancel transformation.			
UI	lang0.pak	GAME_SKILL_CANT_CAST_NOW	Can't cast skill now			
UI	lang0.pak	GAME_SKILL_CANT_SET_THAT_RP_BONUS_IN_SKILL	Can't set that RP bonus			
UI	lang0.pak	GAME_SKILL_CANT_USE_FOR_SOME_REASON	Can't use skill for some reason			
UI	lang0.pak	GAME_SKILL_CANT_USE_HTB_WHEN_TRANSFORMED	Can't use HTB while transformation			
UI	lang0.pak	GAME_SKILL_CANT_USE_ON_THIS_TARGET	Skill can't be cast on this target.			
UI	lang0.pak	GAME_SKILL_CANT_USE_SKILL_BOAST_NOW	Can't use Boast now.			
UI	lang0.pak	GAME_SKILL_CANT_USE_SKILL_WHEN_GREAT_NAMEK	Can't use skill while great namek.			
UI	lang0.pak	GAME_SKILL_CANT_USE_SKILL_WHEN_EVIL_NAMEK	Can't use skill while evil namek.			
UI	lang0.pak	GAME_SKILL_CANT_USE_SKILL_WHEN_KING_NAMEK	Can't use skill while king namek.			
UI	lang0.pak	GAME_SKILL_CANT_USE_SKILL_WHEN_KAIOKEN	Can't use skill while Kaio-Ken.			
UI	lang0.pak	GAME_SKILL_CANT_USE_SKILL_WHEN_NOT_TRANSFORMED	Can't use skill when not transformed.			
UI	lang0.pak	GAME_SKILL_CANT_USE_SKILL_WHEN_PURE_MAJIN	Can't use skill while pure majin.			
UI	lang0.pak	GAME_SKILL_CANT_USE_SKILL_WHEN_EVIL_BOO	Can't use skill while evil boo.			
UI	lang0.pak	GAME_SKILL_CANT_USE_SKILL_WHEN_SUPER_BOO	Can't use skill while super boo.			
UI	lang0.pak	GAME_SKILL_CANT_USE_SKILL_WHEN_RABIES	Can't use skill while rabies.			
UI	lang0.pak	GAME_SKILL_CANT_USE_SKILL_WHEN_ROLLING_ATTACK	Can't use skill during rolling attack.			
UI	lang0.pak	GAME_SKILL_CANT_USE_SKILL_WHEN_SPINNING_ATTACK	Can't use skill during spinning attack.			
UI	lang0.pak	GAME_SKILL_CANT_USE_SKILL_WHEN_SUPER_SAIYAN	Can't use skill while super saiyan.			
UI	lang0.pak	GAME_SKILL_CANT_USE_SKILL_WHEN_SUPER_SAIYAN2	Can't use skill while super saiyan 2.			
UI	lang0.pak	GAME_SKILL_CANT_USE_SKILL_WHEN_SUPER_SAIYAN3	Can't use skill while super saiyan God.			
UI	lang0.pak	GAME_SKILL_CANT_USE_SKILL_WHEN_SUPER_SAIYANBLUE	Can't use skill while super saiyan blue.			
UI	lang0.pak	GAME_SKILL_CANT_USE_SKILL_WHEN_SUPER_SAIYANROSE	Can't use skill while super saiyan rose.			
UI	lang0.pak	GAME_SKILL_CANT_USE_SKILL_WHEN_SUPER_SAIYAN33	Can't use skill while super saiyan god super saiyan.			
UI	lang0.pak	GAME_SKILL_CANT_USE_SKILL_WHEN_SUPER_SAIYAN4	Can't use skill while super saiyan 4.			
UI	lang0.pak	GAME_SKILL_CANT_USE_SKILL_WHEN_SUPER_BOO2	Can't use skill while super boo 2.			
UI	lang0.pak	GAME_SKILL_CANT_USE_SKILL_WHEN_BUUHAN_SKIN	Can't use skill while buuhan.			
UI	lang0.pak	GAME_SKILL_CANT_USE_SKILL_WHEN_BUUHAN_SKIN2	Can't use skill while buuhan 2.			
UI	lang0.pak	GAME_SKILL_CANT_USE_SKILL_WHEN_GOTENKS_BOO_FIS	Can't use skill while gotenks boo.			
UI	lang0.pak	GAME_SKILL_CANT_USE_SKILL_WHEN_GOTENKS_BOO_MAG	Can't use skill while gotenks boo magic.			
UI	lang0.pak	GAME_SKILL_CANT_USE_SKILL_WHEN_BIG_MONKEY	Can't use skill while great ape.			
UI	lang0.pak	GAME_SKILL_CANT_USE_SKILL_WHEN_DARK_NAMEK	Can't use skill while dark namek.			
UI	lang0.pak	GAME_SKILL_CANT_USE_SKILL_WHEN_MYSTIC_MAJIN	Can't use skill while mystic majin.			
UI	lang0.pak	GAME_SKILL_CANT_USE_SKILL_WHEN_SUPER_SAIYANL	Can't use skill while legendary super saiyan.			
UI	lang0.pak	GAME_SKILL_CANT_USE_SKILL_WHEN_SUPER_SAIYANMAJIN	Can't use skill while majin super saiyan.			
UI	lang0.pak	GAME_SKILL_CANT_USE_SKILL_WHEN_SUPER_SAIYANNAMEK	Can't use skill while namek super saiyan.			
UI	lang0.pak	GAME_SKILL_CANT_USE_SKILL_WHEN_GREAT_ORANGE	Can't use skill while great orange.			
UI	lang0.pak	GAME_SKILL_CANT_USE_SKILL_WHEN_VEHICLE	Can't use skill while on vehicle.			
UI	lang0.pak	GAME_SKILL_CANT_USE_THAT_RP_BONUS_IN_SKILL	RP can't be used.			
UI	lang0.pak	GAME_SKILL_CANT_USE_VEHICLE_WHEN_TRANSFORMED	Can't use while transformed.			
UI	lang0.pak	GAME_SKILL_CANT_USE_WHEN_TRANSFORMED	Can't use while transformation.			
UI	lang0.pak	GAME_SKILL_CAN_BE_CAST_ONLY_ON_PLAYER	Skill can be casted only on players.			
UI	lang0.pak	GAME_SKILL_CASTING_CANCELED_BY_DAMAGE	Casting canceled by damage			
UI	lang0.pak	GAME_SKILL_CASTING_CANCELED_BY_TARGET_NEW_STATE	Skill interrupted, target state changed.			
UI	lang0.pak	GAME_SKILL_CASTING_CANCELED_OBJECT_OCCLUSION	Skill interrupted, out of sight.			
UI	lang0.pak	GAME_SKILL_CURRENT_BUFF_IS_STRONGER_THEN_NEW	Current buff is stronger then new buff.			
UI	lang0.pak	GAME_SKILL_DEBUFF_IS_FULL	Debuff list is full			
UI	lang0.pak	GAME_SKILL_ERASE_FAIL	Failed to erase skill			
UI	lang0.pak	GAME_SKILL_GM_BUF_SUCCESS	Received a buff from GM.			
UI	lang0.pak	GAME_SKILL_HAVE_UPGRADED_SKILL	Upgrade the Skill first.			
UI	lang0.pak	GAME_SKILL_ID_NULL	Skill ID Not found.			
UI	lang0.pak	GAME_SKILL_INVALID_TARGET_APPOINTED	Invalid target appointed.			
UI	lang0.pak	GAME_SKILL_NOT_ACTIVE_TYPE	Not an active Skill.			
UI	lang0.pak	GAME_SKILL_NOT_BATTLE_AVAILABLE_LOCATION	Can't use skill in this location.			
UI	lang0.pak	GAME_SKILL_NOT_ENOUGH_EP	Not enough EP.			
UI	lang0.pak	GAME_SKILL_NOT_ENOUGH_LP	Not enough LP.			
UI	lang0.pak	GAME_SKILL_NOT_ENOUGH_RP_BALL	Not enough RP Balls.			
UI	lang0.pak	GAME_SKILL_NOT_ENOUGH_SP_POINT	Not enough Skill Points.			
UI	lang0.pak	GAME_SKILL_NOT_ENOUGH_ZENNY	Not enough Zeni.			
UI	lang0.pak	GAME_SKILL_NOT_EXISTING_SKILL	Skill doesn't exist.			
UI	lang0.pak	GAME_SKILL_NOT_FOUND	Skill not found.			
UI	lang0.pak	GAME_SKILL_NOT_READY_TO_BE_CAST	Skill is still on cooldown.			
UI	lang0.pak	GAME_SKILL_NOT_TRANSFORMED	Only when transformed.			
UI	lang0.pak	GAME_SKILL_NO_BUFF_TO_DROP_FOUND	No buff to drop found.			
UI	lang0.pak	GAME_SKILL_NO_EMPTY_SKILL_SLOT	No empty skill slot found.			
UI	lang0.pak	GAME_SKILL_NO_PREREQUISITE_SKILLS_YOU_HAVE	Requirement to learn missing.			
UI	lang0.pak	GAME_SKILL_NO_REQUIRED_ITEM	Required item not found.			
UI	lang0.pak	GAME_SKILL_NO_SKILL_TO_INIT	No skills found to be initialized.			
UI	lang0.pak	GAME_SKILL_NO_TARGET_APPOINTED	No target has been appointed.			
UI	lang0.pak	GAME_SKILL_ONE_RESET_FAIL	Failed to reset skill.			
UI	lang0.pak	GAME_SKILL_OWNER_NULL	Skill owner is null.			
UI	lang0.pak	GAME_SKILL_RESISTED	Skill is blocked.			
UI	lang0.pak	GAME_SKILL_REVIVAL_AFTEREFFECT_BUFF_IS_FULL	Revival after effect already exists.			
UI	lang0.pak	GAME_SKILL_SAME_EXIST	Skill already exist.			
UI	lang0.pak	GAME_SKILL_SHOULD_BE_GAINED_BY_YOURSELF	Skill should be gained by yourself.			
UI	lang0.pak	GAME_SKILL_SLOT_FAIL	Skill slot fail.			
UI	lang0.pak	GAME_SKILL_SUB_BUFF_IS_FULL	Buff list is full.			
UI	lang0.pak	GAME_SKILL_TARGET_IS_IN_FAINT	Target is dead.			
UI	lang0.pak	GAME_SKILL_TARGET_IS_NOT_FAINTING	Target isn't dead.			
UI	lang0.pak	GAME_SKILL_TARGET_IS_NOT_IN_FRONT_SIDE	Target isn't in front.			
UI	lang0.pak	GAME_SKILL_TARGET_IS_NOT_KNOCKED_DOWN	Target isn't knocked down.			
UI	lang0.pak	GAME_SKILL_TOO_HIGH_LEVEL_FOR_SKILL_INIT	Level too high to reset skills			
UI	lang0.pak	GAME_SKILL_TOO_HIGH_LEVEL_TO_TRAIN	Too high level to train the skill			
UI	lang0.pak	GAME_SKILL_TOO_MANY_LP_TO_USE_SKILL	Skills required LP less than 50%.			
UI	lang0.pak	GAME_SKILL_TRIED_TO_LEARN_AN_EXISTING_SKILL	You already learn this skill.			
UI	lang0.pak	GAME_SKILL_TRIED_TO_LEARN_WRONG_CLASS_SKILL	Wrong class to learn that skill.			
UI	lang0.pak	GAME_SKILL_UPGRADE_ONLY_SKILL	First learn this skill.			
UI	lang0.pak	GAME_SKILL_YOU_ARE_NOT_IN_BACKSIDE_OF_TARGET	Not behind the target.			
UI	lang0.pak	GAME_SKILL_YOU_DONT_HAVE_THE_SKILL	You haven't learned that skill.			
UI	lang0.pak	GAME_SKILL_YOU_HAVE_NO_LOWER_LEVEL_SKILL	First learn the skill of the previous stage.			
UI	lang0.pak	GAME_SKY_DUNGEON_CAN_NOT_EXIST_PARTY	You need to be in a party to enter Dungeon.			
UI	lang0.pak	GAME_SKY_DUNGEON_PLAYER_LIMIT_COUNT_IS_OVER	Sky Dungeon Limit has been reach.			
UI	lang0.pak	GAME_SKY_DUNGEON_WORLD_CAN_NOT_CREATE_DYNAMIC_WOLRD	Sky Dungeon Limit has been reach.			
UI	lang0.pak	GAME_TARGET_HAS_DIFFERENT_JOB	The class of the target isn't valid.			
UI	lang0.pak	GAME_TARGET_HAS_NOT_FUNCTION	This isn't supported.			
UI	lang0.pak	GAME_TARGET_IS_WRONG_STATE	Target is in wrong state			
UI	lang0.pak	GAME_TARGET_NOT_FOUND	Couldn't find target.			
UI	lang0.pak	GAME_TARGET_TOO_CLOSE	You're too close to the target.			
UI	lang0.pak	GAME_TARGET_TOO_FAR	You're too far away from the target.			
UI	lang0.pak	GAME_TIMEQUEST_ALREADY_JOINED	Already joined TMQ.			
UI	lang0.pak	GAME_TIMEQUEST_CANNOT_LEAVE_IN_PARTY_WHEN_PLAYING_RANKBATTLE	Can't leave the Party now.			
UI	lang0.pak	GAME_TIMEQUEST_CANNOT_LEAVE_IN_PARTY_WHEN_PLAYING_TMQ	You cannot leave the team while the TMQ is in progress.			
UI	lang0.pak	GAME_TIMEQUEST_CANT_MAKE_PARTY	Unable to join during TMQ.			
UI	lang0.pak	GAME_TIMEQUEST_DAYRECORD_IS_ALREADY_RESET	Records has been reset.			
UI	lang0.pak	GAME_TIMEQUEST_ERROR	Time Machine error.			
UI	lang0.pak	GAME_TIMEQUEST_EXCEED_MAX_MEMBER_COUNT	Max Member for TMQ exceeded.			
UI	lang0.pak	GAME_TIMEQUEST_HAVE_NO_JOIN_ROOM	No search results found.			
UI	lang0.pak	GAME_TIMEQUEST_MEMBER_LIMIT_COUNT_IS_OVER	Too many members right now.			
UI	lang0.pak	GAME_TIMEQUEST_MEMBER_LIMIT_PLUS_COUNT_IS_OVER	Number of possible resets exceeded.			
UI	lang0.pak	GAME_TIMEQUEST_MUST_HAVE_NEED_ITEM	No fuel to start the machine.			
UI	lang0.pak	GAME_TIMEQUEST_MUST_HAVE_NEED_ZENNY	Need more Zeni to enter.			
UI	lang0.pak	GAME_TIMEQUEST_NEED_MORE_MEMBER	Need more Player to enter.			
UI	lang0.pak	GAME_TIMEQUEST_NOT_ALLOWED_MEMBER	Player(s) don't meet the conditions.			
UI	lang0.pak	GAME_TIMEQUEST_ROOM_CANNOT_TELEPORT_NOW	Unable to teleport you now.			
UI	lang0.pak	GAME_TIMEQUEST_ROOM_NOT_FOUND	Can't find the waiting room.			
UI	lang0.pak	GAME_TIMEQUEST_ROOM_NOT_WAIT_STATE	Can't enter the waiting room.			
UI	lang0.pak	GAME_TIMEQUEST_ROOM_OUT_OF_ENTER_RANGE	Out of reach.			
UI	lang0.pak	GAME_TIMEQUEST_ROOM_PARTY_ALREADY_JOINED	Party already registered.			
UI	lang0.pak	GAME_TIMEQUEST_ROOM_PARTY_JOIN_FAIL	Register party failed.			
UI	lang0.pak	GAME_TIMEQUEST_TOO_HIGH_LEVEL	Your level is too high.			
UI	lang0.pak	GAME_TIMEQUEST_TOO_LOW_LEVEL	Your level is too low.			
UI	lang0.pak	GAME_TIMEQUEST_WORLD_ENTER_FAIL	Time machine failure.			
UI	lang0.pak	GAME_TIMEQUEST_WORLD_NOT_FOUND	TMQ world not found.			
UI	lang0.pak	GAME_TOO_HIGHT_MEMBER_LEVEL	A party member's level is too high.			
UI	lang0.pak	GAME_TOO_LOW_MEMBER_LEVEL	A party member's level is too low.			
UI	lang0.pak	GAME_TRADE_ALREADY_CLOSE	Trade already closed			
UI	lang0.pak	GAME_TRADE_ALREADY_OPEN	Trade already open			
UI	lang0.pak	GAME_TRADE_ALREADY_USE	You are already trading			
UI	lang0.pak	GAME_TRADE_BLACKLIST	You have been blacklisted			
UI	lang0.pak	GAME_TRADE_CHANGED_STATE	Trade state changed. Try again			
UI	lang0.pak	GAME_TRADE_DENY	Trade rejected			
UI	lang0.pak	GAME_TRADE_DENY_USE	Deal has been rejected			
UI	lang0.pak	GAME_TRADE_ITEM_INVALID	Item in trade not found			
UI	lang0.pak	GAME_TRADE_ONLY_PARTY	Can only trade within party			
UI	lang0.pak	GAME_TRADE_REPLY_WAIT_OVER	Trade request timed out			
UI	lang0.pak	GAME_TRADE_TARGET_WRONG_STATE	Target wrong state			
UI	lang0.pak	GAME_TRADE_WRONG_STATE	Trade wrong state			
UI	lang0.pak	GAME_TS_ERROR_BEGIN	Trigger Error START.			
UI	lang0.pak	GAME_TS_ERROR_CANNOT_ADD_QUEST_EVENT_DATA	Can't register event.			
UI	lang0.pak	GAME_TS_ERROR_CANNOT_CREATE_TS_OBJECT	Can't create object			
UI	lang0.pak	GAME_TS_ERROR_CANNOT_FIND_ITEM_TBLIDX	Can't find item tblidx			
UI	lang0.pak	GAME_TS_ERROR_CANNOT_FIND_PC	Can't find player			
UI	lang0.pak	GAME_TS_ERROR_CANNOT_FIND_QUEST_ITEM	Can't find quest item			
UI	lang0.pak	GAME_TS_ERROR_CANNOT_FIND_SKILL_TBLIDX	Can't find skill tblidx			
UI	lang0.pak	GAME_TS_ERROR_CANNOT_FIND_TCID	Can't find container id			
UI	lang0.pak	GAME_TS_ERROR_CANNOT_FIND_TID	Can't find trigger id			
UI	lang0.pak	GAME_TS_ERROR_CANNOT_LEARN_SKILL	Can't learn skill			
UI	lang0.pak	GAME_TS_ERROR_CANNOT_PROGRESS_REPEAT_QUEST	Quest work only once.			
UI	lang0.pak	GAME_TS_ERROR_CREATE_ITEM_COUNT_OVER	Can't create more at once.			
UI	lang0.pak	GAME_TS_ERROR_CS_SCRIPT_MISSMATCH	Container-type error.			
UI	lang0.pak	GAME_TS_ERROR_DELETE_ITEM_COUNT_OVER	Can't delete more at once.			
UI	lang0.pak	GAME_TS_ERROR_END	Trigger Error END.			
UI	lang0.pak	GAME_TS_ERROR_NO_IMP_CONT_TYPE	Wrong container type has been used.			
UI	lang0.pak	GAME_TS_ERROR_QUERY_SERVER	Query Server Error.			
UI	lang0.pak	GAME_TS_ERROR_RUN_ERROR	Trigger error in progress.			
UI	lang0.pak	GAME_TS_ERROR_SYSTEM	System error occurred.			
UI	lang0.pak	GAME_TS_ERROR_TRIGGER_OBJECT_INVALID_FUNCFLAG	Trigger object isn't capability.			
UI	lang0.pak	GAME_TS_ERROR_TRIGGER_OBJECT_NOT_EXIST	Select the appropriate destination.			
UI	lang0.pak	GAME_TS_ERROR_TRIGGER_SYSTEM	Trigger system error occurred.			
UI	lang0.pak	GAME_TS_WARNING_ALREADY_VISITED	Quest already completed.			
UI	lang0.pak	GAME_TS_WARNING_BEGIN	Trigger warning messages start.			
UI	lang0.pak	GAME_TS_WARNING_CANNOT_FIND_QUEST_ITEM	Can't find the quest item or Inventory is Full.			
UI	lang0.pak	GAME_TS_WARNING_CAN_NOT_FIND_VISIT_EVT	No related events visited or Inventory is Full.			
UI	lang0.pak	GAME_TS_WARNING_CLASS_CHANGE_CLASS_FAIL	Class change error occurred.			
UI	lang0.pak	GAME_TS_WARNING_CLASS_CHANGE_LEVEL_FAIL	Level too low for Class change.			
UI	lang0.pak	GAME_TS_WARNING_DEL_FORBIDDENDEL_QUEST_ITEM	Can't delete quest items.			
UI	lang0.pak	GAME_TS_WARNING_END	Trigger warning ended.			
UI	lang0.pak	GAME_TS_WARNING_EQUIP_SLOT_LOCK	Equipment Slot is locked.			
UI	lang0.pak	GAME_TS_WARNING_EQUIP_SLOT_NOT_EMPTY	Equipment Slot isn't empty.			
UI	lang0.pak	GAME_TS_WARNING_ESCORT_ALREADY_EXIST	Already in use.			
UI	lang0.pak	GAME_TS_WARNING_ESCORT_EXCEED_MEMBER	Too many players right now.			
UI	lang0.pak	GAME_TS_WARNING_ESCORT_NOT_SHARED	Quest can't be shared.			
UI	lang0.pak	GAME_TS_WARNING_ESCORT_PARTY_WRONG	Different Party.			
UI	lang0.pak	GAME_TS_WARNING_ESCORT_TRIGGER_ID_WRONG	Wrong Trigger ID.			
UI	lang0.pak	GAME_TS_WARNING_ESCORT_TRIGGER_TYPE_WRONG	Wrong Trigger Type.			
UI	lang0.pak	GAME_TS_WARNING_IMPROPER_NUMBER_OF_SEL_REWARD	Select a proper number.			
UI	lang0.pak	GAME_TS_WARNING_INVALID_QUEST_ITEM_DELETE_COUNT	Select a proper number.			
UI	lang0.pak	GAME_TS_WARNING_INVENTORY_IS_FULL	Inventory is full.			
UI	lang0.pak	GAME_TS_WARNING_INVENTORY_IS_LOCK	Inventory is locked.			
UI	lang0.pak	GAME_TS_WARNING_MUST_SELECT_ONE_SEL_REWARD	Please choose your reward.			
UI	lang0.pak	GAME_TS_WARNING_NOT_SATISFY_REWARD_CONDITIONS	Doesn't meet the conditions.			
UI	lang0.pak	GAME_TS_WARNING_NOT_YET_PROCESSED	Processing, please wait.			
UI	lang0.pak	GAME_TS_WARNING_NOW_TIME_WAIT	Processing, please wait.			
UI	lang0.pak	GAME_TS_WARNING_OVERFLOW_MAX_TS_NUM	Questlist is full.			
UI	lang0.pak	GAME_TS_WARNING_PROCESSING_PRE_CONFIRM_REQ	Processing, please wait.			
UI	lang0.pak	GAME_TS_WARNING_QUEST_INVENTORY_IS_FULL	Quest inventory is full.			
UI	lang0.pak	GAME_TS_WARNING_REWARD_FAIL	Didn't get a reward (Error).			
UI	lang0.pak	GAME_TS_WARNING_ROLLBACK	ROLLBACK trigger normal.			
UI	lang0.pak	GAME_TS_WARNING_ROLLBACK_FAIL	ROLLBACK trigger failed.			
UI	lang0.pak	GAME_TS_WARNING_SYSTEM_WAIT	Temporary Quest error, please try later.			
UI	lang0.pak	GAME_TS_WARNING_TMQ_COUPON_NOT_ENOUGH	Not enough TMQ Coupons.			
UI	lang0.pak	GAME_TS_WARNING_WPS_ALREDY_USED_BY_OTHER_PLAYER	Already used by other player.			
UI	lang0.pak	GAME_TS_WARNING_WPS_CAN_NOT_JOIN_NOW	Just not possible.			
UI	lang0.pak	GAME_TS_WARNING_WRONG_CONDITION	Doesn't meet the conditions.			
UI	lang0.pak	GAME_TUTORIAL_CANT_ENTER_TUTORIAL_WAIT_ROOM	"[align = ""center""][font size = ""12"" color = ""f4d762""]Tutorial[/font][br][br][font size = ""10"" color = ""f36a7c""]Can't enter Tutorial waiting room.[/font]"			
UI	lang0.pak	GAME_TUTORIAL_CANT_FIND_TUTORIAL_WAIT_ROOM	"[align = ""center""][font size = ""12"" color = ""f4d762""]Tutorial[/font][br][br][font size = ""10"" color = ""f36a7c""]Can't find Tutorial waiting room.[/font]"			
UI	lang0.pak	GAME_TUTORIAL_CHAR_ALREADY_TUTORIAL_ACCOMPLISHED	"[align = ""center""][font size = ""12"" color = ""f4d762""]Tutorial finished[/font][br][br][font size = ""10"" color = ""f36a7c""]You already completed the tutorial.[/font]"			
UI	lang0.pak	GAME_TUTORIAL_YOU_HAVE_NO_JOIN_ROOM	"[align = ""center""][font size = ""12"" color = ""f4d762""]Tutorial[/font][br][br][font size = ""10"" color = ""f36a7c""]Don't wait for a tutorial.[/font]"			
UI	lang0.pak	GAME_USER_EXIST	"[align = ""center""][font size = ""12"" color=""f4d762""]Connection[/font][br][br][font size = ""10"" color=""f36a7c""]The character is already connected.[br]Please try again later.[/font]"			
UI	lang0.pak	GAME_VEHICLE_CANNOT_WHILE_DRIVING	Can't do that while driving			
UI	lang0.pak	GAME_VEHICLE_END_BY_CONVERTCLASS	Vehicle end by class convertation			
UI	lang0.pak	GAME_VEHICLE_END_BY_FORBIDDEN_ZONE	Vehicle end by forbidden zone			
UI	lang0.pak	GAME_VEHICLE_END_BY_FORCED	Forced dismount.			
UI	lang0.pak	GAME_VEHICLE_END_BY_HIT	Dismounted by attack!			
UI	lang0.pak	GAME_VEHICLE_END_BY_TELEPORT	Dismounted by teleportation.			
UI	lang0.pak	GAME_VEHICLE_END_BY_TMQ	Vehicle end by TMQ			
UI	lang0.pak	GAME_VEHICLE_END_BY_USER	Vehicle end by player			
UI	lang0.pak	GAME_VEHICLE_ENGINE_ALREADY_STARTED	Vehicle engine already started			
UI	lang0.pak	GAME_VEHICLE_ENGINE_ALREADY_STOPED	Vehicle engine already stopped.			
UI	lang0.pak	GAME_VEHICLE_FAIL_TO_USE_FUEL_ITEM	Auto-Attack ON!			
UI	lang0.pak	GAME_VEHICLE_INVALID_FUEL_ITEM	Invalid fuel item			
UI	lang0.pak	GAME_VEHICLE_NOT_ON_VEHICLE	You are not on a vehicle			
UI	lang0.pak	GAME_VEHICLE_NO_FUEL_ITEM_REMAINING	Auto-Attack OFF!			
UI	lang0.pak	GAME_WARFOG_ARLEADY_ADDED	Warfog already lifted			
UI	lang0.pak	GAME_WORLD_ALREADY_WORLD_AREA_ENTERED	Already entered world area			
UI	lang0.pak	GAME_WORLD_ALREADY_WORLD_ENTERED	World already entered			
UI	lang0.pak	GAME_WORLD_CANT_ENTER_WORLD	Can't enter the world			
UI	lang0.pak	GAME_WORLD_CANT_ENTER_WORLD_AREA	Can't enter world area			
UI	lang0.pak	GAME_WORLD_CANT_FIND_WORLD_AREA	Can't find world area			
UI	lang0.pak	GAME_WORLD_CANT_MOVE_AGAIN	Can't move in this world			
UI	lang0.pak	GAME_WORLD_CAN_NOT_CREATE_DYNAMIC_WORLD	Can't create dynamic world			
UI	lang0.pak	GAME_WORLD_ENTER_DISAPPROVAL	Can't enter this area.			
UI	lang0.pak	GAME_WORLD_ENTER_NEED_HIGH_LEVEL	Need higher level to enter this world			
UI	lang0.pak	GAME_WORLD_ENTER_NEED_ITEM	Item required to enter			
UI	lang0.pak	GAME_WORLD_ENTER_NEED_LOW_LEVEL	Lower level required			
UI	lang0.pak	GAME_WORLD_ENTER_NEED_REPUTATION	Reputation required to enter			
UI	lang0.pak	GAME_WORLD_NOT_EXIST	World doesn't exist			
UI	lang0.pak	GAME_WORLD_NOT_FOUND	World not found			
UI	lang0.pak	GAME_WORLD_NOW_CREATING	Creating world now			
UI	lang0.pak	GAME_WRONG_SERVER_CHANNEL_HAS_BEEN_SPECIFIED	Wrong server channel has been selected			
UI	lang0.pak	GAME_ZENNY_IS_LOCK	Zeni are locked			
UI	lang0.pak	GAME_ZENNY_LOOTING	Zeni pickup			
UI	lang0.pak	GAME_ZENNY_LOOTING_FAIL	Looting Zeni failed			
UI	lang0.pak	GAME_ZENNY_NOT_ENOUGH	Not enough Zeni.			
UI	lang0.pak	GAME_ZENNY_OVER	Can't hold any more Zeni.			
UI	lang0.pak	DST_CLIENT_VERSION	Ver.			
UI	lang0.pak	GIFTSHOP_NOT_OPEN	Gift Shop is currently disabled.\nPlease wait until opened.			
UI	lang0.pak	GIFTSHOP_WP_NOT_ENOUGH	Not enough WP.			
UI	lang0.pak	MASCOT_ALREADY_EXIST	Mascot already exists.			
UI	lang0.pak	MASCOT_BODY_ITEM_IS_INVALID	Invalid Mascot item.			
UI	lang0.pak	MASCOT_CANNOT_FUSION_EXP_IS_NOT_FULL	Unable to Fuse. Not enough EXP.			
UI	lang0.pak	MASCOT_CANNOT_USE_CURMASCOT_GRADE	Fusion, pet level error.			
UI	lang0.pak	MASCOT_CANNOT_USE_SCAPEMASCOT_GRADE	Pet grade material error.			
UI	lang0.pak	MASCOT_DB_USING	Already in use.			
UI	lang0.pak	MASCOT_EXCEED_HAVE_COUNT	You can't register more than 40 Pets			
UI	lang0.pak	MASCOT_FAIL	Pet System failure			
UI	lang0.pak	MASCOT_FAIL_ACTIVATE_FUSION	Pet fusion in progress.			
UI	lang0.pak	MASCOT_FAIL_ACTIVATE_RING	Fail to activate.			
UI	lang0.pak	MASCOT_FAIL_EXIST_ACTIVE_RING	Ring already active.			
UI	lang0.pak	MASCOT_FAIL_INACTIVE_RING_CONTENT	Inactive ring.			
UI	lang0.pak	MASCOT_FAIL_NOT_ACTIVATE_RING	Unable to active ring.			
UI	lang0.pak	MASCOT_FAIL_NOT_DISASSEMBLE_ITEM	This item can't be broken down.			
UI	lang0.pak	MASCOT_FUSION_FAIL	Pet fusion failure.			
UI	lang0.pak	MASCOT_IS_SAME_CUR_MASCOT	This Pet is already summoned.			
UI	lang0.pak	MASCOT_ITEM_INVALID	Invalid Pet.			
UI	lang0.pak	MASCOT_NOT_ENOUGH_SP	Pet satisfaction isn't enough.			
UI	lang0.pak	MASCOT_NOT_ENOUGH_VP	Not enough VP.			
UI	lang0.pak	MASCOT_NOT_EXIST	Mascot doesn't exist.			
UI	lang0.pak	MASCOT_NPC_TELEPORT_SKILL_CANT_USE	NPC can't be used for teleportation.			
UI	lang0.pak	MASCOT_RING_ITEM_ABILITY_NOT_EXIST	Ring ability doesn't exist.			
UI	lang0.pak	MASCOT_RING_ITEM_NOT_EXIST	Ring item doesn't exist.			
UI	lang0.pak	MASCOT_SCAPE_NOT_EXIST	Pet doesn't exist.			
UI	lang0.pak	MASCOT_SEAL_FULL_INVENTORY	Inventory is full.			
UI	lang0.pak	MASCOT_SEAL_FULL_MASCOTINVENTORY	Pet-Inventory is full.			
UI	lang0.pak	MASCOT_SEAL_NOT_ENOUGH_SEALITEM	Not enough seal-kits.			
UI	lang0.pak	MASCOT_SEAL_NOT_SEALITEM	Place pet into the seal-kit.			
UI	lang0.pak	MASCOT_SEAL_SUMMON_MASCOT	Pet is summoned.			
UI	lang0.pak	MASCOT_SKILL_UPDATE_FAIL	Skill upgrade failed.			
UI	lang0.pak	MASCOT_SKILL_UPDATE_FAIL_NOT_ITEM	Item missed for upgrade.			
UI	lang0.pak	MASCOT_SKILL_UPDATE_SHUFFLE_FAIL	Upgrade system failure.			
UI	lang0.pak	MASCOT_SP_IS_FULL	SP is full			
UI	lang0.pak	MASCOT_SP_IS_HUNGRY	Pet is hungry.			
UI	lang0.pak	MASCOT_TBLDAT_FINDING_FAILED	Couldn't find mascot data			
UI	lang0.pak	MASCOT_WAS_NOT_SUMMONED	Mascot isn't summoned.			
UI	lang0.pak	PETITION_AREADY_GM_CHATTING	Players are talking to GM.			
UI	lang0.pak	PETITION_DIFFERENT_CHAATING_GM_ID	Player talking to another GM.			
UI	lang0.pak	PETITION_FAIL	Petition failed.			
UI	lang0.pak	PETITION_NOT_STARTED_CLEINT_GM_CHAT	Client GM chatting hasn't started.			
UI	lang0.pak	PETITION_NOT_YET_ENTER_WORLD	Players have not yet entered the World.			
UI	lang0.pak	PETITION_SUCCESS	Petition success			
UI	lang0.pak	QUERY_CANNOT_FIND_SQLUNIT	"[align = ""center""][font size = ""12"" color=""f4d762""]Information system[/font][br][br][font size = ""10"" color=""f36a7c""]A system problem has occurred.[br]Please contact the Operations Team. (# Q)[/font]"			
UI	lang0.pak	QUERY_EXECUTE_FAIL	"[align = ""center""][font size = ""12"" color=""f4d762""]Information system[/font][br][br][font size = ""10"" color=""f36a7c""]A system problem has occurred.[br]Please contact the Operations Team. (# Q)[/font]"			
UI	lang0.pak	QUERY_FAIL	"[align = ""center""][font size = ""12"" color=""f4d762""]Query fail.[/font][br][br][font size = ""10"" color=""f36a7c""](#Q)[/font]"			
UI	lang0.pak	REPORT_FAIL	Report failed.			
UI	lang0.pak	REPORT_SUCCESS	Report Successful.			
UI	lang0.pak	RESULT_FAIL	"[align = ""center""][font size = ""12"" color=""f4d762""]Result fail[/font][br][br][font size = ""10"" color=""f36a7c""]Execution Failed[/font]"			
UI	lang0.pak	SAME_RING_EXIST_IN_MASCOT_RING_CONTAINER	Mascot ring already exist.			
UI	lang0.pak	SCRAMBLE_CANNOT_DO_ALREADY_REWARDED	Player has already been awarded.			
UI	lang0.pak	SCRAMBLE_CANNOT_DO_TARGET_IS_NOT_JOINED	Unable to add player.			
UI	lang0.pak	SCRAMBLE_CANNOT_DO_WHILE_JOINED	Can't do this while in Scramble Event.			
UI	lang0.pak	SCRAMBLE_CANNOT_DO_WHILE_NOT_JOINED	Can't pick up since you haven't signed up for scramble.			
UI	lang0.pak	SCRAMBLE_CANNOT_INVITE_TARGET_IS_JOINED	Can't invite player.			
UI	lang0.pak	SCRAMBLE_CANNOT_INVITE_TARGET_IS_NOT_JOINED	Can't invite player, that isn't participating in the event.			
UI	lang0.pak	SCRAMBLE_CANNOT_JOIN_LEVEL_IS_TOO_LOW	Level is too low.			
UI	lang0.pak	SCRAMBLE_CANNOT_JOIN_WHILE_DOJO	Can't join while in Dojo.			
UI	lang0.pak	SCRAMBLE_CANNOT_JOIN_WHILE_FREEBATTLE	Can't join while in Free Battle.			
UI	lang0.pak	SCRAMBLE_CANNOT_JOIN_WHILE_RANKBATTLE	Unable to attend Scramble event during Rank Battle.			
UI	lang0.pak	SCRAMBLE_CANNOT_JOIN_WHILE_TENKAICHIBUDOKAI	Unable to join Budokai during Scramble event.			
UI	lang0.pak	SCRAMBLE_CANNOT_JOIN_WHILE_TMQ	Unable to join Time Machine Quest during Scramble event.			
UI	lang0.pak	SCRAMBLE_CANNOT_NO_SEASON	Scramble Event hasn't started yet.			
UI	lang0.pak	SCRAMBLE_CANNOT_PICK_ALREADY_REWARDED	Already received reward.			
UI	lang0.pak	SCRAMBLE_CANNOT_PICK_LIMIT_COUNT_OVER	Can't pickup any more.			
UI	lang0.pak	SCRAMBLE_CANNOT_PICK_WHILE_COOLTIME	Dragon Ball can't be picked up.			
UI	lang0.pak	SCRAMBLE_CANNOT_PICK_WHILE_NOT_JOINED	Can't pick up Dragon Ball without being in the event.			
UI	lang0.pak	SCRAMBLE_CANNOT_REWARD_LIMIT_COUNT_OVER	Rewards reached max already.			
UI	lang0.pak	SCRAMBLE_CANNOT_REWARD_SEASON_IS_END	Dragon Ball Event is over can't get rewards.			
UI	lang0.pak	SCRAMBLE_CANNOT_REWARD_WHILE_COOLTIME	Dragon Ball is still petrified.			
UI	lang0.pak	SCRAMBLE_CANNOT_REWARD_WHILE_FAINT	Can't do that in fainting state.			
UI	lang0.pak	SCRAMBLE_CANNOT_REWARD_WHILE_SANDBAG	Can't to that during HTB.			
UI	lang0.pak	SCRAMBLE_CANNOT_RIDE_BUS_WHILE_JOINED	Not during registered Scramble.			
UI	lang0.pak	SCRAMBLE_CANNOT_TRADE_TARGET_IS_ALREADY_REWARED	Target has already been rewarded.			
UI	lang0.pak	SCRAMBLE_CANNOT_TRADE_TARGET_IS_NOT_PARTY_MEMBER	Can't trade, no Party member.			
UI	lang0.pak	SCRAMBLE_INVALID_BATTLE_DRAGONBALL	Unusual Dragon Ball.			
UI	lang0.pak	SHUTDOWN_SELECT_WARNING_1HOUR	The Server is going to shut down in 1 hour!			
UI	lang0.pak	SHUTDOWN_SELECT_WARNING_30MINUTE	The Server is going to shut down in 30 minutes!			
UI	lang0.pak	SHUTDOWN_SELECT_WARNING_MSG	"[align = ""center""][font size = ""12"" color=""f4d762""]Optional Shutdown[/font][br][br][font size = ""10"" color=""ffffff""]You are limited to use the game according to the game time set for your child's love, and you can only use the game for the time allowed for the game.[/font][br][br][font size = ""10"" color=""ffffff""][/font]"			
UI	lang0.pak	SUMMONING_MASCOT_CANT_DELETE	Can't delete a summoned Pet.			
UI	lang0.pak	TENKAICHIDAISIJYOU_CANNOT_BUY_MYITEM	You can't buy your own Items.			
UI	lang0.pak	TENKAICHIDAISIJYOU_CANNOT_BUY_NOT_MATCH_ITEM	Item doesn't match.			
UI	lang0.pak	TENKAICHIDAISIJYOU_CANNOT_BUY_NO_MONEY	You don't have enough Zeni			
UI	lang0.pak	TENKAICHIDAISIJYOU_CANNOT_CANCEL_OTHER_ITEM	Can't cancel the other item.			
UI	lang0.pak	TENKAICHIDAISIJYOU_CANNOT_FIND_INVALID_LEVEL	Invalid Level			
UI	lang0.pak	TENKAICHIDAISIJYOU_CANNOT_INVALID_ITEM	Invalid Item			
UI	lang0.pak	TENKAICHIDAISIJYOU_CANNOT_LACK_OF_ITEM_STACK	Not enough items.			
UI	lang0.pak	TENKAICHIDAISIJYOU_CANNOT_LIST_COMPLETE	Can't complete list.			
UI	lang0.pak	TENKAICHIDAISIJYOU_CANNOT_LIST_INVALID_ITEMNAME	Invalid item name.			
UI	lang0.pak	TENKAICHIDAISIJYOU_CANNOT_LIST_IS_NOT	No matches.			
UI	lang0.pak	TENKAICHIDAISIJYOU_CANNOT_NOT_EXIST	Item doesn't exist.			
UI	lang0.pak	TENKAICHIDAISIJYOU_CANNOT_NOT_SELL_INVALID_TAB_TYPE	Invalid tab type.			
UI	lang0.pak	TENKAICHIDAISIJYOU_CANNOT_NOT_SELL_NOT_TAB_TYPE	This item doesn't exist.			
UI	lang0.pak	TENKAICHIDAISIJYOU_CANNOT_NOT_SELL_RESTRICT	You can't sell this item.			
UI	lang0.pak	TENKAICHIDAISIJYOU_CANNOT_NO_SELL_LIST	Item doesn't exist.			
UI	lang0.pak	TENKAICHIDAISIJYOU_CANNOT_SELL_INVALID_DUR	Item invalid durability.			
UI	lang0.pak	TENKAICHIDAISIJYOU_CANNOT_SELL_INVALID_PRICE	Invalid sell price.			
UI	lang0.pak	TENKAICHIDAISIJYOU_CANNOT_SELL_INVALID_TIME	Invalid sell time.			
UI	lang0.pak	TENKAICHIDAISIJYOU_CANNOT_SELL_NO_MONEY	Not enough Zeni.			
UI	lang0.pak	TENKAICHIDAISIJYOU_CANNOT_SYSTEM_DATA_ERROR	System data error.			
UI	lang0.pak	WAGUWAGUMACHINE_FAIL	Wagu machine failed			
UI	lang0.pak	WAGUWAGUMACHINE_INVALID_CHARID	Invalid character id			
UI	lang0.pak	WAGUWAGUMACHINE_NOT_ENOUGH_COIN	Not Enough Coins			
UI	lang0.pak	WAGUWAGUMACHINE_NOT_ENOUGH_ITEMS	Insufficient capsules for consecutive selection.			
UI	lang0.pak	WAGUWAGUMACHINE_NOT_EXIST_MACHINE	Machine doesn't exist.			
UI	lang0.pak	WAGUWAGUMACHINE_NOT_EXIST_QNTT	There is an error with the capsule you selected.			
UI	lang0.pak	WAGUWAGUMACHINE_NOT_LIST_WINNERS	There is no winners.			
UI	lang0.pak	WAGUWAGUMACHINE_NO_HAVE_ITEMS	No items found.			
UI	lang0.pak	WAGUWAGUMACHINE_OVER_MAX_COIN	Number of coins that can hold a maximum of 999.			
UI	lang0.pak	WAGUWAGUMACHINE_OVER_MAX_EVENTCOIN	Can only hold 500 event coins.			
UI	lang0.pak	WAGUWAGUMACHINE_SOME_FAILED_TO_EXTRACT	Failed to extract capsules.			
UI	lang0.pak	WAGUWAGUMACHINE_STOP_MACHINE	This machine has stopped			
UI	lang0.pak	WAGUWAGUMACHINE_WINNER_REST	After a 1st place win, the machine resets.			
UI	lang0.pak	GAME_KAIOKEN_BOOST_NOT_AVAILABLE	Kaioken Boost is not available in this form.			
UI	lang0.pak	GAME_KAIOKEN_BOOST_REQUIRES_AURA	Kaioken Boost requires aura to be active.			
UI	lang0.pak	GAME_CANNOT_TOGGLE_AURA_WITH_KAIOKEN	Cannot toggle aura while Kaioken Boost is active.			
UI	lang0.pak	GAME_ULTRA_SAIYAN_NOT_IN_SSJ	Ultra Saiyan Boost requires Super Saiyan 1 transformation.			
UI	lang0.pak	GAME_COMMON_CASHITEM_REFRESH_COOLDOWN	You must wait 1 minute to refresh or relog for instant reload.			
UI	lang0.pak	MASCOT_FAIL_GUARD_ITEM_USE_FAIL	Failed to use guard item on mascot.			
UI	lang0.pak	AIR_FAIL	Air mode failed.			
UI	lang0.pak	DWC_FAIL	Dragon World Championship failed.			
UI	lang0.pak	GAME_COMMON_TEMPORARY_	Temporary error.			
UI	lang0.pak	GAME_ITEM_DICE_FAIL_INVALID_DICE	Invalid dice roll.			
UI	lang0.pak	GAME_ITEM_DICE_FAIL_INVALID_PARTY	Invalid party for dice.			
UI	lang0.pak	GAME_ITEM_DICE_FAIL_LIMITED_STATE	Cannot roll dice in current state.			
UI	lang0.pak	GAME_ITEM_DICE_FAIL_NOT_EQUIPED	Item not equipped for dice.			
UI	lang0.pak	GAME_ITEM_DICE_FAIL_NOT_FIND	Dice item not found.			
UI	lang0.pak	GAME_ITEM_DICE_FAIL_OVERFLOW_PARTYINVEN	Party inventory overflow.			
UI	lang0.pak	GAME_PARTYMATCHING_INVITE_FAIL	Party matching invite failed.			
UI	lang0.pak	GAME_PARTYMATCHING_REGISTER_WRONG_STATE	Cannot register in current state.			
UI	lang0.pak	GAME_PARTYMATCHING_ROLEPLAY_CANCEL	Roleplay cancelled.			
UI	lang0.pak	GAME_PARTYMATCHING_ROLEPLAY_INVALD	Invalid roleplay.			
UI	lang0.pak	GAME_RESKILL_TIME_NON	Skill reset time not available.			
UI	lang0.pak	GAME_SHOP_NOT_FOUND	Shop not found.			
UI	lang0.pak	GAME_VEHICLE_WILL_GET_OFF_SOON	You will get off the vehicle soon.			
